split,observation_horizon_sec,release_time_sec,method,method_label,station_count,station_mae_mw,station_rmse_mw,station_bias_mw,station_pearson_r,station_within_0_15_count,station_within_0_15_fraction,station_within_0_30_count,station_within_0_30_fraction,event_count,event_mae_mw,event_rmse_mw,event_bias_mw,event_pearson_r,event_within_0_15_count,event_within_0_15_fraction,event_within_0_30_count,event_within_0_30_fraction
external_development_validation,20,26.0,phase73,Phase73 有状态模型,158,0.5457140433637403,0.6297198667850559,-0.274936214278016,0.13402432856658097,19,0.12025316455696203,37,0.23417721518987342,8,0.5036445617675782,0.5916860793224841,-0.324632716178894,0.4116286645537678,0,0.0,3,0.375
external_development_validation,20,26.0,phase39,Phase39 原始提案,158,1.2778971647914452,1.3260404315116257,1.2778971647914452,0.1860140490389652,0,0.0,0,0.0,8,1.490074920654297,1.54674751697703,1.490074920654297,-0.014978047107875515,0,0.0,0,0.0
external_development_validation,20,26.0,crowell,Crowell PGD,158,0.5495040169245081,0.6346922347988085,-0.2755095868171017,0.1376386547142117,20,0.12658227848101267,37,0.23417721518987342,8,0.5115071296691895,0.6001977120834707,-0.3292967796325683,0.4139975229193474,0,0.0,2,0.25
external_development_validation,20,26.0,melgar,Melgar PGD,158,0.9143405407289917,1.047578115227337,-0.8828230024893075,0.05919883853870321,14,0.08860759493670886,22,0.13924050632911392,8,0.8642448902130127,0.9679758705075634,-0.8642448902130127,0.4230375942536245,0,0.0,0,0.0
external_development_validation,20,26.0,ruhl,Ruhl PGD,158,1.1185867448396318,1.253457282886117,-1.1005954229379002,0.05754185791958254,8,0.05063291139240506,15,0.0949367088607595,8,1.103914749622345,1.1952294114464301,-1.103914749622345,0.4234406042950674,0,0.0,0,0.0
external_development_validation,21,27.0,phase73,Phase73 有状态模型,158,0.5403434656843357,0.6233735256753757,-0.26530454128603403,0.13252426471823964,21,0.13291139240506328,37,0.23417721518987342,8,0.49135366678237924,0.5693936121408505,-0.3088163256645202,0.4380178479609499,0,0.0,3,0.375
external_development_validation,21,27.0,phase39,Phase39 原始提案,158,1.2751182544080517,1.3239184219284965,1.2751182544080517,0.18110086310506235,0,0.0,0,0.0,8,1.4827832460403443,1.5405415309292578,1.4827832460403443,-0.009731446502080927,0,0.0,0,0.0
external_development_validation,21,27.0,crowell,Crowell PGD,158,0.5451221037514603,0.6298935757008265,-0.26580479477025293,0.13304594653339846,21,0.13291139240506328,38,0.24050632911392406,8,0.49597606658935556,0.5729474483314866,-0.3097042560577392,0.4435068390702444,0,0.0,2,0.25
external_development_validation,21,27.0,melgar,Melgar PGD,158,0.9051075911220118,1.0373047236234991,-0.869461675233479,0.05123328274370119,12,0.0759493670886076,23,0.14556962025316456,8,0.8290189027786254,0.922161729049125,-0.8290189027786254,0.47734979586274534,0,0.0,0,0.0
external_development_validation,21,27.0,ruhl,Ruhl PGD,158,1.1077754002583178,1.2415992055388803,-1.0861116029039215,0.04975076762827727,7,0.04430379746835443,15,0.0949367088607595,8,1.0659170866012573,1.1468659466666724,-1.0659170866012573,0.47632137793261053,0,0.0,0,0.0
external_development_validation,22,28.0,phase73,Phase73 有状态模型,158,0.532308277902724,0.6145840495531624,-0.2520189587073991,0.12727458886323184,20,0.12658227848101267,39,0.2468354430379747,8,0.46870646476745614,0.5402865456873358,-0.28187937736511226,0.44954522693270377,0,0.0,3,0.375
external_development_validation,22,28.0,phase39,Phase39 原始提案,158,1.2286146139796776,1.281084374346768,1.2286146139796776,0.17358289121868278,0,0.0,0,0.0,8,1.4393147706985474,1.5007434747725996,1.4393147706985474,-0.012746640647679958,0,0.0,0,0.0
external_development_validation,22,28.0,crowell,Crowell PGD,158,0.5415274457086492,0.6251590879733447,-0.2509004888655265,0.1212985454275515,21,0.13291139240506328,41,0.25949367088607594,8,0.44933358430862436,0.5147863525235697,-0.2603900551795959,0.47270162131328836,0,0.0,3,0.375
external_development_validation,22,28.0,melgar,Melgar PGD,158,0.8878082915197446,1.0236108498844196,-0.8489562650270102,0.03256136921510629,13,0.08227848101265822,26,0.16455696202531644,8,0.8009361147880554,0.8923158035305981,-0.8009361147880554,0.47238699038322196,0,0.0,1,0.125
external_development_validation,22,28.0,ruhl,Ruhl PGD,158,1.0871289180803905,1.2253154230111378,-1.0638662229610396,0.03142511437283978,8,0.05063291139240506,15,0.0949367088607595,8,1.0353720307350158,1.1134013268454477,-1.0353720307350158,0.47254455707200094,0,0.0,0,0.0
external_development_validation,23,29.0,phase73,Phase73 有状态模型,158,0.5275604676596727,0.609165261064005,-0.24124556251719037,0.1274203492394755,20,0.12658227848101267,39,0.2468354430379747,8,0.4598197102546693,0.5264641991807949,-0.26817382574081416,0.4644347384296138,0,0.0,3,0.375
external_development_validation,23,29.0,phase39,Phase39 原始提案,158,1.1953140331220022,1.2517029337106937,1.1953140331220022,0.16225436594510176,0,0.0,0,0.0,8,1.4115840673446656,1.4749755169355847,1.4115840673446656,0.007659277054040048,0,0.0,0,0.0
external_development_validation,23,29.0,crowell,Crowell PGD,158,0.5437105812603915,0.625180709992973,-0.24097838281076175,0.1112368709524925,22,0.13924050632911392,38,0.24050632911392406,8,0.44562671184539804,0.5051952128053558,-0.2457292795181274,0.48521056517494865,0,0.0,3,0.375
external_development_validation,23,29.0,melgar,Melgar PGD,158,0.8744910228101515,1.0157078397208552,-0.8353717779811426,0.018214431935738414,16,0.10126582278481013,29,0.18354430379746836,8,0.7742568373680114,0.8773299123151639,-0.7742568373680114,0.450162397960969,0,0.0,2,0.25
external_development_validation,23,29.0,ruhl,Ruhl PGD,158,1.0722573328621783,1.2156386172032398,-1.0490497878835172,0.017111364132516384,9,0.056962025316455694,18,0.11392405063291139,8,1.0064907789230346,1.095177772762535,-1.0064907789230346,0.45046280156896207,0,0.0,0,0.0
external_development_validation,24,30.0,phase73,Phase73 有状态模型,158,0.5215925427931775,0.6026337318852135,-0.22881174992911432,0.1249802442390706,19,0.12025316455696203,40,0.25316455696202533,8,0.42758188247680673,0.49018289294393436,-0.23077745437622066,0.4807697292453574,0,0.0,3,0.375
external_development_validation,24,30.0,phase39,Phase39 原始提案,158,1.1614419538763505,1.2233111798124454,1.1614419538763505,0.141350275118262,0,0.0,0,0.0,8,1.3753982067108155,1.4409561785181801,1.3753982067108155,0.050931958731352985,0,0.0,0,0.0
external_development_validation,24,30.0,crowell,Crowell PGD,158,0.5410521718520154,0.6223446444285831,-0.2365121931969366,0.11059030386148845,22,0.13924050632911392,40,0.25316455696202533,8,0.4490043282508851,0.5083298600052722,-0.24041451215744014,0.47464618680902504,0,0.0,3,0.375
external_development_validation,24,30.0,melgar,Melgar PGD,158,0.8685760872273507,1.010262298104961,-0.8292235965970198,0.01667488985501822,16,0.10126582278481013,30,0.189873417721519,8,0.7714790821075439,0.8746753363322299,-0.7714790821075439,0.4472379658430921,0,0.0,2,0.25
external_development_validation,24,30.0,ruhl,Ruhl PGD,158,1.0658759871615642,1.2094656908438732,-1.0423841627338266,0.015632168688523802,9,0.056962025316455694,19,0.12025316455696203,8,1.0036412000656127,1.0923321425801769,-1.0036412000656127,0.4471948685676111,0,0.0,0,0.0
external_development_validation,25,31.0,phase73,Phase73 有状态模型,158,0.5170532129987887,0.597941361789279,-0.21783053724071658,0.12269819440089919,20,0.12658227848101267,40,0.25316455696202533,8,0.4042072057724,0.47468710853148505,-0.2022107362747192,0.47081150013601425,1,0.125,3,0.375
external_development_validation,25,31.0,phase39,Phase39 原始提案,158,0.9957586934294882,1.0868158012860918,0.9957586934294882,0.07588321503381419,3,0.0189873417721519,6,0.0379746835443038,8,1.2261826276779175,1.308014619621301,1.2261826276779175,0.0706151272887595,0,0.0,0,0.0
external_development_validation,25,31.0,crowell,Crowell PGD,158,0.5351335272004334,0.6170225824532134,-0.22705252562897124,0.1109397520308661,23,0.14556962025316456,39,0.2468354430379747,8,0.42093477249145517,0.48839594688466004,-0.2115866661071777,0.47361276944794073,2,0.25,3,0.375
external_development_validation,25,31.0,melgar,Melgar PGD,158,0.8560807837715633,0.9986608441860904,-0.8162315193610857,0.016396814371681324,17,0.10759493670886076,32,0.20253164556962025,8,0.7433063507080078,0.8614425106620077,-0.7433063507080078,0.387551592581044,0,0.0,3,0.375
external_development_validation,25,31.0,ruhl,Ruhl PGD,158,1.0523348621175261,1.1963431420826498,-1.028262781191476,0.015465566843721457,8,0.05063291139240506,20,0.12658227848101267,8,0.9729507684707641,1.0739944516751672,-0.9729507684707641,0.3896105728019661,0,0.0,0,0.0
external_development_validation,26,32.0,phase73,Phase73 有状态模型,158,0.5118247448643553,0.5918553465093125,-0.20593458187731015,0.12229608680307219,20,0.12658227848101267,41,0.25949367088607594,8,0.3997354269027711,0.46948303664673624,-0.19241089820861812,0.4747259666686568,2,0.25,3,0.375
external_development_validation,26,32.0,phase39,Phase39 原始提案,158,1.0062475204467773,1.096345329195405,1.0062475204467773,0.0745108400685851,2,0.012658227848101266,6,0.0379746835443038,8,1.2265092611312867,1.30254285006373,1.2265092611312867,0.1356220484812155,0,0.0,0,0.0
external_development_validation,26,32.0,crowell,Crowell PGD,158,0.5283974713917021,0.6087694565058,-0.21771149997469755,0.1164554249964882,23,0.14556962025316456,39,0.2468354430379747,8,0.4182963728904725,0.4833502688804458,-0.20787407159805293,0.4816937108775331,2,0.25,3,0.375
external_development_validation,26,32.0,melgar,Melgar PGD,158,0.8441332937795906,0.9840856705209756,-0.8034011563168298,0.023183414300873166,17,0.10759493670886076,32,0.20253164556962025,8,0.7161477327346801,0.8319600785317621,-0.7161477327346801,0.4067134922074524,0,0.0,3,0.375
external_development_validation,26,32.0,ruhl,Ruhl PGD,158,1.0394045534013197,1.180395700650016,-1.0143186502818822,0.0222706583723541,8,0.05063291139240506,19,0.12025316455696203,8,0.94409019947052,1.0420559755316348,-0.94409019947052,0.4096300939839082,0,0.0,0,0.0
external_development_validation,27,33.0,phase73,Phase73 有状态模型,158,0.508363281322431,0.5878808042882621,-0.19591663155374656,0.1233782560450584,21,0.13291139240506328,41,0.25949367088607594,8,0.39694437980651864,0.46760255451772575,-0.1843809604644775,0.4737517954006604,2,0.25,3,0.375
external_development_validation,27,33.0,phase39,Phase39 原始提案,158,0.9239298621310464,1.0276551662614872,0.9211712758752364,0.05647987048572294,5,0.03164556962025317,7,0.04430379746835443,8,1.1371169567108155,1.2236394174155294,1.1371169567108155,0.11233366251147094,0,0.0,0,0.0
external_development_validation,27,33.0,crowell,Crowell PGD,158,0.5254558961602707,0.6053546414859299,-0.21463617493834686,0.119489138309957,23,0.14556962025316456,39,0.2468354430379747,8,0.41820416450500497,0.4825275191576972,-0.20676941871643062,0.48317152953029274,1,0.125,3,0.375
external_development_validation,27,33.0,melgar,Melgar PGD,158,0.8398168702668782,0.9788838622244013,-0.7991672195965732,0.02706532777748298,17,0.10759493670886076,33,0.2088607594936709,8,0.7145837068557739,0.8301847974237989,-0.7145837068557739,0.4096594307108201,0,0.0,3,0.375
external_development_validation,27,33.0,ruhl,Ruhl PGD,158,1.0347590458543998,1.1747776901308316,-1.009728932682472,0.02614189413706548,8,0.05063291139240506,19,0.12025316455696203,8,0.9419466972351074,1.0398435644349837,-0.9419466972351074,0.4123317389759182,0,0.0,0,0.0
external_development_validation,28,34.0,phase73,Phase73 有状态模型,158,0.5039300266700456,0.583259061762043,-0.18487950819957114,0.12381542884515886,22,0.13924050632911392,41,0.25949367088607594,8,0.3833315134048463,0.4529240896282467,-0.16551191806793208,0.4860507241595594,2,0.25,3,0.375
external_development_validation,28,34.0,phase39,Phase39 原始提案,158,0.9098769749267194,1.0140724782788544,0.9065046340604371,0.0655484387584345,5,0.03164556962025317,6,0.0379746835443038,8,1.1361411094665528,1.2098328531501314,1.1361411094665528,0.22641308757210782,0,0.0,0,0.0
external_development_validation,28,34.0,crowell,Crowell PGD,158,0.5228526429284978,0.6028588502921861,-0.2108199868021133,0.1189297144459734,23,0.14556962025316456,40,0.25316455696202533,8,0.4077372312545777,0.4717060268748292,-0.1949322938919067,0.4890310245733048,1,0.125,3,0.375
external_development_validation,28,34.0,melgar,Melgar PGD,158,0.8357492440863502,0.9746678760930516,-0.7938959176027324,0.025548225414663946,18,0.11392405063291139,32,0.20253164556962025,8,0.6857791066169738,0.807866023415678,-0.6857791066169738,0.39990697603544384,0,0.0,3,0.375
external_development_validation,28,34.0,ruhl,Ruhl PGD,158,1.0304116490521011,1.1699351838639678,-1.0040353099002115,0.024695732915001118,7,0.04430379746835443,19,0.12025316455696203,8,0.9111181020736694,1.013704794595419,-0.9111181020736694,0.4036383177156256,0,0.0,0,0.0
external_development_validation,29,35.0,phase73,Phase73 有状态模型,158,0.5009892964664895,0.5802953858878398,-0.17545382885993288,0.12576299924156548,23,0.14556962025316456,40,0.25316455696202533,8,0.3802451252937318,0.4508750005942808,-0.15726770162582393,0.48592797955031347,2,0.25,3,0.375
external_development_validation,29,35.0,phase39,Phase39 原始提案,158,0.8487783516509625,0.9612343292216776,0.8405088352251656,0.058921821607945034,5,0.03164556962025317,19,0.12025316455696203,8,1.072697687149048,1.1513046670168117,1.072697687149048,0.21883358181899432,0,0.0,0,0.0
external_development_validation,29,35.0,crowell,Crowell PGD,158,0.5209793157215361,0.6000534977681817,-0.20857650720620466,0.1223774958273134,23,0.14556962025316456,40,0.25316455696202533,8,0.40766689777374276,0.47197187477018554,-0.19334597587585445,0.488460324374349,1,0.125,3,0.375
external_development_validation,29,35.0,melgar,Melgar PGD,158,0.8326003080681911,0.9703593595076587,-0.7908147829997391,0.03026242069604604,18,0.11392405063291139,32,0.20253164556962025,8,0.6824849367141723,0.8036456719098178,-0.6824849367141723,0.4055319364920482,0,0.0,3,0.375
external_development_validation,29,35.0,ruhl,Ruhl PGD,158,1.027008106135115,1.1653424093172096,-1.0006863195684894,0.029360374958627044,7,0.04430379746835443,19,0.12025316455696203,8,0.9074849009513855,1.0091155384086186,-0.9074849009513855,0.40934495372434154,0,0.0,0,0.0
external_development_validation,30,36.0,phase73,Phase73 有状态模型,158,0.49717213654819936,0.5760455266229253,-0.16496185411380823,0.12885183068375247,23,0.14556962025316456,43,0.2721518987341772,8,0.3773224711418153,0.4494224881203663,-0.14913333654403682,0.4850218280719872,3,0.375,3,0.375
external_development_validation,30,36.0,phase39,Phase39 原始提案,158,0.8544356901434405,0.9673243085661255,0.8510318768175342,0.07581493467471202,6,0.0379746835443038,19,0.12025316455696203,8,1.0959554195404053,1.1693189189547533,1.0959554195404053,0.24721223262328523,0,0.0,0,0.0
external_development_validation,30,36.0,crowell,Crowell PGD,158,0.5163845370087443,0.5936377663652332,-0.20257295837885225,0.13056642212702166,23,0.14556962025316456,40,0.25316455696202533,8,0.40162853002548227,0.46184485123634234,-0.18536533117294307,0.505903977892079,2,0.25,3,0.375
external_development_validation,30,36.0,melgar,Melgar PGD,158,0.8246497456031511,0.9602276292315756,-0.7825630284562898,0.041621784197941526,18,0.11392405063291139,32,0.20253164556962025,8,0.6795857071876525,0.8002023523531256,-0.6795857071876525,0.41160770683860864,0,0.0,3,0.375
external_development_validation,30,36.0,ruhl,Ruhl PGD,158,1.01840392668036,1.154415102789944,-0.9917248985435391,0.04058730359048752,7,0.04430379746835443,19,0.12025316455696203,8,0.9044441103935241,1.005699543383768,-0.9044441103935241,0.4145995117301679,0,0.0,0,0.0
external_development_validation,31,37.0,phase73,Phase73 有状态模型,158,0.4913452317443076,0.5696033345071491,-0.15217592746396616,0.13160562794131644,23,0.14556962025316456,42,0.26582278481012656,8,0.36859307289123544,0.4375432084409509,-0.13524360656738277,0.5008084467178917,3,0.375,3,0.375
external_development_validation,31,37.0,phase39,Phase39 原始提案,158,0.8330691464339632,0.9477779261826162,0.8281632284574871,0.09289094404965513,5,0.03164556962025317,20,0.12658227848101267,8,1.1023375272750855,1.175993988657446,1.1023375272750855,0.2533369976246516,0,0.0,0,0.0
external_development_validation,31,37.0,crowell,Crowell PGD,158,0.5099357369579847,0.5870264674469485,-0.19553183000299001,0.13528140196780575,23,0.14556962025316456,42,0.26582278481012656,8,0.3951480150222779,0.44973081177941243,-0.17755551338195796,0.5251079388161335,1,0.125,3,0.375
external_development_validation,31,37.0,melgar,Melgar PGD,158,0.8148570042622242,0.9507006794438202,-0.7728350343583508,0.047071516281365695,18,0.11392405063291139,33,0.2088607594936709,8,0.6673777222633361,0.7856417555152467,-0.6673777222633361,0.4316583559145934,0,0.0,3,0.375
external_development_validation,31,37.0,ruhl,Ruhl PGD,158,1.0078471654578103,1.1437895062838341,-0.9812200522120996,0.046050636206828116,7,0.04430379746835443,20,0.12658227848101267,8,0.8911929249763488,0.9898736756451212,-0.8911929249763488,0.4356159759995239,0,0.0,0,0.0
external_development_validation,32,38.0,phase73,Phase73 有状态模型,158,0.4858079614518565,0.5627832277491612,-0.13957019093670428,0.13394341303682533,24,0.1518987341772152,43,0.2721518987341772,8,0.3591567635536195,0.4314054854401219,-0.12063492536544795,0.49574210345023906,3,0.375,3,0.375
external_development_validation,32,38.0,phase39,Phase39 原始提案,158,0.8393373157404648,0.9521806166759541,0.8353496895560736,0.11534077669000561,6,0.0379746835443038,20,0.12658227848101267,8,1.1661468029022217,1.2236506101182185,1.1661468029022217,0.4201293909607718,0,0.0,0,0.0
external_development_validation,32,38.0,crowell,Crowell PGD,158,0.5054729733286026,0.5807802719538846,-0.18884736978555033,0.1375928829088748,24,0.1518987341772152,42,0.26582278481012656,8,0.3905365824699403,0.4477797244095177,-0.17203093767166133,0.511126549119674,1,0.125,3,0.375
external_development_validation,32,38.0,melgar,Melgar PGD,158,0.8055763830112507,0.9408424960315126,-0.7636155025868478,0.048976105994229246,18,0.11392405063291139,34,0.21518987341772153,8,0.6528924822807312,0.7676677011704354,-0.6528924822807312,0.43284456837226487,0,0.0,3,0.375
external_development_validation,32,38.0,ruhl,Ruhl PGD,158,0.9978230011614067,1.1329121677104652,-0.9712457445603384,0.04794466147048223,7,0.04430379746835443,20,0.12658227848101267,8,0.8759770512580871,0.9708076888260139,-0.8759770512580871,0.4356076104393622,0,0.0,0,0.0
external_development_validation,33,39.0,phase73,Phase73 有状态模型,158,0.48054735811450827,0.5556077054187193,-0.12737851203242442,0.14002680028523334,23,0.14556962025316456,43,0.2721518987341772,8,0.35680404901504525,0.4302691281545424,-0.11319733858108516,0.4964387766427758,3,0.375,3,0.375
external_development_validation,33,39.0,phase39,Phase39 原始提案,158,0.7669948982287058,0.8909499451602982,0.7626574582691436,0.12482070117297159,12,0.0759493670886076,31,0.1962025316455696,8,1.0752057909965516,1.1245167335900397,1.0752057909965516,0.582534125517887,0,0.0,0,0.0
external_development_validation,33,39.0,crowell,Crowell PGD,158,0.4995416140254541,0.5715715043916784,-0.18258488630946684,0.14612244903610663,24,0.1518987341772152,42,0.26582278481012656,8,0.38947651386260995,0.44486214739639535,-0.17018671035766597,0.5148851977399508,1,0.125,3,0.375
external_development_validation,33,39.0,melgar,Melgar PGD,158,0.7968567244614227,0.9287818756086502,-0.7549626797060425,0.059632480109023334,18,0.11392405063291139,34,0.21518987341772153,8,0.6396559596061706,0.7467486771827146,-0.6396559596061706,0.47661232114038354,0,0.0,3,0.375
external_development_validation,33,39.0,ruhl,Ruhl PGD,158,0.9884268796896636,1.1200426414704794,-0.9619027994856052,0.058422785956294035,7,0.04430379746835443,20,0.12658227848101267,8,0.8617433428764343,0.9495098730912271,-0.8617433428764343,0.47854442335275854,0,0.0,0,0.0
external_development_validation,34,40.0,phase73,Phase73 有状态模型,158,0.4758876486669615,0.5499210023974507,-0.1155632175976718,0.145017465007732,24,0.1518987341772152,44,0.27848101265822783,8,0.35128859281539926,0.4236180899341441,-0.10247792005538936,0.5065348828101405,3,0.375,3,0.375
external_development_validation,34,40.0,phase39,Phase39 原始提案,158,0.8295016536229775,0.937499747157004,0.827536447138726,0.16147939949269405,5,0.03164556962025317,16,0.10126582278481013,8,1.1347049951553345,1.1770384362565278,1.1347049951553345,0.6295294493121245,0,0.0,0,0.0
external_development_validation,34,40.0,crowell,Crowell PGD,158,0.4957774735704254,0.5659813438955208,-0.17764408678948132,0.15028046949421564,24,0.1518987341772152,42,0.26582278481012656,8,0.38257691860198983,0.432801314489563,-0.1627529382705688,0.5345804340070373,1,0.125,3,0.375
external_development_validation,34,40.0,melgar,Melgar PGD,158,0.7899666870696637,0.9208881178711626,-0.7481392063672031,0.0644828085977201,19,0.12025316455696203,34,0.21518987341772153,8,0.6297114014625549,0.7309341190059253,-0.6297114014625549,0.5116511763771505,0,0.0,3,0.375
external_development_validation,34,40.0,ruhl,Ruhl PGD,158,0.9810003159921383,1.1114313562085278,-0.9545312772823287,0.0631690806553919,7,0.04430379746835443,21,0.13291139240506328,8,0.8507650017738342,0.9330187957315953,-0.8507650017738342,0.5139561775031648,0,0.0,0,0.0
external_development_validation,35,41.0,phase73,Phase73 有状态模型,158,0.4714201522778863,0.5449081308288202,-0.10392832152451155,0.14977967272485032,25,0.15822784810126583,47,0.2974683544303797,8,0.34407023191452035,0.41429093805896533,-0.09013868570327754,0.521631269783422,3,0.375,3,0.375
external_development_validation,35,41.0,phase39,Phase39 原始提案,158,0.8120988809609716,0.9204191004037289,0.8112000875835177,0.16575134488305615,4,0.02531645569620253,20,0.12658227848101267,8,1.1152732849121094,1.1573817766526444,1.1152732849121094,0.6395730936649375,0,0.0,0,0.0
external_development_validation,35,41.0,crowell,Crowell PGD,158,0.4928801415841792,0.561990283914321,-0.17290183562266684,0.15237602798314479,23,0.14556962025316456,42,0.26582278481012656,8,0.3727822661399842,0.41881828555228784,-0.15092540979385372,0.557966588410948,2,0.25,3,0.375
external_development_validation,35,41.0,melgar,Melgar PGD,158,0.7833402349979064,0.9147109469816113,-0.7415911849541001,0.06652118951553145,20,0.12658227848101267,35,0.22151898734177214,8,0.625824224948883,0.7269920899305959,-0.625824224948883,0.5155252867889237,0,0.0,3,0.375
external_development_validation,35,41.0,ruhl,Ruhl PGD,158,0.973864873451523,1.104501013246854,-0.9474557894694656,0.06513131041411013,7,0.04430379746835443,21,0.13291139240506328,8,0.8472744941711425,0.9297969781007708,-0.8472744941711425,0.5154292366596555,0,0.0,0,0.0
external_development_validation,36,42.0,phase73,Phase73 有状态模型,158,0.466759618928161,0.5400626212000287,-0.09213912336132207,0.15592702181668971,24,0.1518987341772152,49,0.310126582278481,8,0.3285683751106263,0.39257828393213307,-0.06961561441421504,0.5591980696183058,3,0.375,3,0.375
external_development_validation,36,42.0,phase39,Phase39 原始提案,158,0.7632137401194513,0.8820769912907428,0.7632137401194513,0.16090377536273387,7,0.04430379746835443,31,0.1962025316455696,8,1.0672185301780701,1.1140904114015817,1.0672185301780701,0.6153433645606059,0,0.0,0,0.0
external_development_validation,36,42.0,crowell,Crowell PGD,158,0.48705136866509174,0.5567722786182746,-0.16696322718753098,0.1610231728478832,24,0.1518987341772152,42,0.26582278481012656,8,0.3655152678489686,0.40810784476193296,-0.14302231073379512,0.5763279154748133,2,0.25,3,0.375
external_development_validation,36,42.0,melgar,Melgar PGD,158,0.7753903515731233,0.9063460055525266,-0.7334179184104824,0.07854521314258095,20,0.12658227848101267,35,0.22151898734177214,8,0.6191436767578125,0.7176609308152826,-0.6191436767578125,0.5341166138882976,0,0.0,3,0.375
external_development_validation,36,42.0,ruhl,Ruhl PGD,158,0.9652817683883863,1.0953088183672444,-0.9385925455938413,0.07705211230402671,7,0.04430379746835443,21,0.13291139240506328,8,0.8397256255149841,0.9196819058870458,-0.8397256255149841,0.5349678243876589,0,0.0,0,0.0
external_development_validation,37,43.0,phase73,Phase73 有状态模型,158,0.4597386354132545,0.5320259096637422,-0.07812942734247535,0.1585017485383949,25,0.15822784810126583,49,0.310126582278481,8,0.3239515781402589,0.3887342109107804,-0.06009895801544185,0.5661986418891014,3,0.375,3,0.375
external_development_validation,37,43.0,phase39,Phase39 原始提案,158,0.703555593611319,0.8359685665481466,0.7028824951075301,0.13667435104368766,14,0.08860759493670886,41,0.25949367088607594,8,1.0166132926940918,1.0710899307117385,1.0166132926940918,0.5760777684406783,0,0.0,1,0.125
external_development_validation,37,43.0,crowell,Crowell PGD,158,0.4820457862902293,0.5515153134181692,-0.1589946052696132,0.15644530368440826,25,0.15822784810126583,42,0.26582278481012656,8,0.3552819848060609,0.39387861309000055,-0.1321222901344299,0.6002019025316028,2,0.25,3,0.375
external_development_validation,37,43.0,melgar,Melgar PGD,158,0.7650208292128167,0.8964429305088569,-0.7224230404141585,0.06963586300611685,20,0.12658227848101267,35,0.22151898734177214,8,0.5902714252471923,0.6799450425642274,-0.5902714252471923,0.6022225031094707,0,0.0,3,0.375
external_development_validation,37,43.0,ruhl,Ruhl PGD,158,0.9533521899694132,1.08399008354524,-0.9267024842998651,0.0682957243934828,8,0.05063291139240506,21,0.13291139240506328,8,0.8083717942237854,0.8801197260347702,-0.8083717942237854,0.6036419836137749,0,0.0,0,0.0
external_development_validation,38,44.0,phase73,Phase73 有状态模型,158,0.4562852461126788,0.5299394704738962,-0.06772318972816964,0.15693626000690436,25,0.15822784810126583,48,0.3037974683544304,8,0.3187111973762513,0.38431729748729393,-0.0500246405601501,0.5747300622675208,3,0.375,3,0.375
external_development_validation,38,44.0,phase39,Phase39 原始提案,158,0.6673426652256448,0.8076962843780449,0.6656021649324442,0.1269648598563544,18,0.11392405063291139,49,0.310126582278481,8,0.9878564357757569,1.0479868229179137,0.9878564357757569,0.5533990851330506,0,0.0,1,0.125
external_development_validation,38,44.0,crowell,Crowell PGD,158,0.47961130323289336,0.5495682507782399,-0.15378442897072328,0.14963879585209242,26,0.16455696202531644,43,0.2721518987341772,8,0.3432635426521302,0.38475352170698307,-0.12138582468032832,0.6008618332669484,3,0.375,3,0.375
external_development_validation,38,44.0,melgar,Melgar PGD,158,0.7578198819220823,0.8911712231103122,-0.7152393799793872,0.05825374505301378,20,0.12658227848101267,36,0.22784810126582278,8,0.5647867441177368,0.651555804202204,-0.5647867441177368,0.6198222399833437,0,0.0,3,0.375
external_development_validation,38,44.0,ruhl,Ruhl PGD,158,0.9455227924298639,1.0776612466511855,-0.9189277479920208,0.05713551723129795,8,0.05063291139240506,21,0.13291139240506328,8,0.7812214016914367,0.8490916937947341,-0.7812214016914367,0.6212946932436574,0,0.0,0,0.0
external_development_validation,39,45.0,phase73,Phase73 有状态模型,158,0.4545122206965581,0.5291621968522707,-0.05914329577095914,0.15899072325472047,26,0.16455696202531644,50,0.31645569620253167,8,0.3152109146118165,0.38247808111156273,-0.04182226657867427,0.5789747552204895,3,0.375,3,0.375
external_development_validation,39,45.0,phase39,Phase39 原始提案,158,0.6053670545167563,0.7604957839263491,0.5944884758961353,0.098734493743858,38,0.24050632911392406,62,0.3924050632911392,8,0.9317778825759888,1.0047129466479856,0.9317778825759888,0.5146908874112132,1,0.125,1,0.125
external_development_validation,39,45.0,crowell,Crowell PGD,158,0.4789449957352652,0.5491890523702505,-0.15179579167426394,0.15064667332426623,26,0.16455696202531644,44,0.27848101265822783,8,0.3428288459777833,0.3850527521992809,-0.1201501607894897,0.6008410196997216,3,0.375,3,0.375
external_development_validation,39,45.0,melgar,Melgar PGD,158,0.7557484765596029,0.8895770125235672,-0.7125079933601092,0.05980642924594547,20,0.12658227848101267,36,0.22784810126582278,8,0.5634509444236755,0.6491912453276257,-0.5634509444236755,0.626752196990694,0,0.0,3,0.375
external_development_validation,39,45.0,ruhl,Ruhl PGD,158,0.9425075337856633,1.0757268406924707,-0.9159591228147098,0.05866305018461171,9,0.056962025316455694,21,0.13291139240506328,8,0.780044686794281,0.8471524675650948,-0.780044686794281,0.6275586090480221,0,0.0,0,0.0
external_development_validation,40,46.0,phase73,Phase73 有状态模型,158,0.4522001006935218,0.5277197681740394,-0.0501642136634152,0.15929266106643802,25,0.15822784810126583,51,0.3227848101265823,8,0.31361589431762704,0.3832356162637597,-0.03560729026794429,0.5786792469079236,3,0.375,3,0.375
external_development_validation,40,46.0,phase39,Phase39 原始提案,158,0.5621287032018735,0.7247530155370275,0.5370048752313927,0.07845869631766328,45,0.2848101265822785,70,0.4430379746835443,8,0.8852917432785035,0.9712379642698973,0.8852917432785035,0.47641686296287045,1,0.125,1,0.125
external_development_validation,40,46.0,crowell,Crowell PGD,158,0.47645381130749687,0.5460167117606901,-0.14879015427601494,0.15284323103244393,25,0.15822784810126583,43,0.2721518987341772,8,0.3388243079185487,0.3803460451662733,-0.11740304231643672,0.6108768320770388,3,0.375,3,0.375
external_development_validation,40,46.0,melgar,Melgar PGD,158,0.7515833070006553,0.8847412147823576,-0.708362512950656,0.0621397838011996,20,0.12658227848101267,35,0.22151898734177214,8,0.5618622422218322,0.6461250897861761,-0.5618622422218322,0.6349145099316245,0,0.0,3,0.375
external_development_validation,40,46.0,ruhl,Ruhl PGD,158,0.9379752931715569,1.0704337473067813,-0.9114741916897933,0.0610325547542064,9,0.056962025316455694,21,0.13291139240506328,8,0.7780434012413024,0.8437289966534403,-0.7780434012413024,0.636679402510993,0,0.0,0,0.0
external_development_validation,41,47.0,phase73,Phase73 有状态模型,158,0.45016702398469194,0.5270591220588224,-0.041678274734110905,0.15947817783766516,25,0.15822784810126583,51,0.3227848101265823,8,0.311858630180359,0.3837980260470174,-0.029359054565429643,0.5790504789713313,3,0.375,3,0.375
external_development_validation,41,47.0,phase39,Phase39 原始提案,158,0.5253479516958888,0.6859879794357008,0.45756873903395234,0.04707338469917901,47,0.2974683544303797,69,0.43670886075949367,8,0.8234159588813783,0.922204021718967,0.8188077092170716,0.4369360949779107,1,0.125,1,0.125
external_development_validation,41,47.0,crowell,Crowell PGD,158,0.4762679172467584,0.5457221865600892,-0.1460392927821679,0.15099465025361647,23,0.14556962025316456,44,0.27848101265822783,8,0.3385142445564271,0.38079204438853986,-0.1169945120811462,0.6105208091379274,3,0.375,3,0.375
external_development_validation,41,47.0,melgar,Melgar PGD,158,0.7478694396682933,0.8830696821366325,-0.7045680420308176,0.05906405392106836,20,0.12658227848101267,36,0.22784810126582278,8,0.5614173531532287,0.645477372680158,-0.5614173531532287,0.6367433813975536,1,0.125,3,0.375
external_development_validation,41,47.0,ruhl,Ruhl PGD,158,0.9338274738456632,1.0682216946866494,-0.9073695110369334,0.05802667060024805,9,0.056962025316455694,23,0.14556962025316456,8,0.7773313641548156,0.8428725389096567,-0.7773313641548156,0.6387592135262441,0,0.0,0,0.0
external_development_validation,42,48.0,phase73,Phase73 有状态模型,158,0.44778377738180053,0.5256867313409035,-0.03281335891047624,0.16041700034245548,25,0.15822784810126583,50,0.31645569620253167,8,0.30599132776260385,0.3794806125736813,-0.018976819515228227,0.5892018537106041,3,0.375,3,0.375
external_development_validation,42,48.0,phase39,Phase39 原始提案,158,0.5249298669114898,0.6849283987290266,0.45215680629392196,0.04038306114297443,49,0.310126582278481,68,0.43037974683544306,8,0.8157062768936159,0.9137404271201124,0.8081297159194947,0.42000899519829193,1,0.125,1,0.125
external_development_validation,42,48.0,crowell,Crowell PGD,158,0.4733656599551818,0.5428605424511178,-0.14186550997480568,0.15374591745536034,24,0.1518987341772152,44,0.27848101265822783,8,0.33756223917007455,0.38060141970075506,-0.11663247346878047,0.6112830588819942,3,0.375,3,0.375
external_development_validation,42,48.0,melgar,Melgar PGD,158,0.7429015926167937,0.8777660757657574,-0.6988218072094496,0.0624193356029793,20,0.12658227848101267,36,0.22784810126582278,8,0.5541743755340576,0.6371305936428315,-0.5541743755340576,0.6498057682405937,0,0.0,3,0.375
external_development_validation,42,48.0,ruhl,Ruhl PGD,158,0.9275604453267934,1.0622549614220944,-0.9011403940900974,0.06139245219747044,10,0.06329113924050633,23,0.14556962025316456,8,0.7696983933448791,0.8343610005097007,-0.7696983933448791,0.6515138420185668,0,0.0,0,0.0
external_development_validation,43,49.0,phase73,Phase73 有状态模型,158,0.4451815393906607,0.5246943090623184,-0.023431624038310124,0.16205132409306014,25,0.15822784810126583,54,0.34177215189873417,8,0.30196158885955815,0.3772549740586206,-0.00996465682983394,0.5958758906188247,3,0.375,3,0.375
external_development_validation,43,49.0,phase39,Phase39 原始提案,158,0.5236107530473154,0.6821427496371255,0.44051978256128993,0.03297367253589851,47,0.2974683544303797,66,0.4177215189873418,8,0.7999459743499757,0.8966508200331148,0.7883047342300415,0.41186846384939324,1,0.125,1,0.125
external_development_validation,43,49.0,crowell,Crowell PGD,158,0.4692413474940048,0.5395565693606177,-0.13594738441177567,0.15776771600665718,24,0.1518987341772152,46,0.2911392405063291,8,0.331588363647461,0.3785592685191994,-0.1117200374603271,0.617516894259246,3,0.375,3,0.375
external_development_validation,43,49.0,melgar,Melgar PGD,158,0.7348462798927405,0.8707636551928051,-0.6906849311876903,0.06768710440829144,21,0.13291139240506328,37,0.23417721518987342,8,0.5359298110008239,0.6168728054654085,-0.5359298110008239,0.6773044584183086,1,0.125,3,0.375
external_development_validation,43,49.0,ruhl,Ruhl PGD,158,0.9186842513989801,1.0542590465091857,-0.8923067895671991,0.06665470710594122,10,0.06329113924050633,23,0.14556962025316456,8,0.7498803257942199,0.81264997597188,-0.7498803257942199,0.680351684696993,0,0.0,0,0.0
external_development_validation,44,50.0,phase73,Phase73 有状态模型,158,0.44426004735729374,0.5250940229620363,-0.01464016528069232,0.16128773372696226,24,0.1518987341772152,55,0.34810126582278483,8,0.3027164220809937,0.3788040749284277,-0.004173350334167436,0.5952977756741259,3,0.375,3,0.375
external_development_validation,44,50.0,phase39,Phase39 原始提案,158,0.5267368630517887,0.6824518607332755,0.4322975858857358,0.02367948210632386,45,0.2848101265822785,68,0.43037974683544306,8,0.7843547701835634,0.8777031798489253,0.7715191721916199,0.4319964472705858,1,0.125,1,0.125
external_development_validation,44,50.0,crowell,Crowell PGD,158,0.4672442834588547,0.5380564648738833,-0.1320627429817297,0.15763328409807553,23,0.14556962025316456,47,0.2974683544303797,8,0.33054605722427377,0.3778530577448675,-0.11136783361434932,0.6192296229554994,3,0.375,3,0.375
external_development_validation,44,50.0,melgar,Melgar PGD,158,0.7294683202912537,0.8667159007349278,-0.6853428430195098,0.06699759759736507,21,0.13291139240506328,39,0.2468354430379747,8,0.5274709582328796,0.6081177116829528,-0.5274709582328796,0.6875692500614251,1,0.125,3,0.375
external_development_validation,44,50.0,ruhl,Ruhl PGD,158,0.9128339332870293,1.0494815940548166,-0.8865085855315005,0.0660419682992047,10,0.06329113924050633,23,0.14556962025316456,8,0.7407174229621887,0.8032806916370373,-0.7407174229621887,0.6907953383454486,0,0.0,0,0.0
external_development_validation,45,51.0,phase73,Phase73 有状态模型,158,0.4420050904720645,0.5246436796148893,-0.005202296413952926,0.16031601544975216,24,0.1518987341772152,56,0.35443037974683544,8,0.3035568475723267,0.38047979000258797,0.0014383077621460405,0.5946841009539231,3,0.375,3,0.375
external_development_validation,45,51.0,phase39,Phase39 原始提案,158,0.5255840247190452,0.6746817034004721,0.40601186209087115,0.013587015687937002,39,0.2468354430379747,65,0.41139240506329117,8,0.7573918938636781,0.8459495932667863,0.7351547360420227,0.4424936763255735,1,0.125,1,0.125
external_development_validation,45,51.0,crowell,Crowell PGD,158,0.4652774750431883,0.5364517071119224,-0.12482907500448114,0.15059570607799402,24,0.1518987341772152,48,0.3037974683544304,8,0.33134541511535653,0.3787521196077997,-0.11022384166717525,0.6172799433713504,3,0.375,3,0.375
external_development_validation,45,51.0,melgar,Melgar PGD,158,0.7224196132225328,0.8594140840495841,-0.6754050677335717,0.05580823400604826,21,0.13291139240506328,40,0.25316455696202533,8,0.5163021206855773,0.6033908215325291,-0.5163021206855773,0.6677210327074939,1,0.125,3,0.375
external_development_validation,45,51.0,ruhl,Ruhl PGD,158,0.9029308699354343,1.0407308827566688,-0.8757105024555063,0.05500135326340608,11,0.06962025316455696,23,0.14556962025316456,8,0.7288686752319335,0.7964674461144049,-0.7288686752319335,0.6711773498345959,0,0.0,0,0.0
external_development_validation,46,52.0,phase73,Phase73 有状态模型,158,0.43998769506623475,0.5242603287139223,0.003719550144823157,0.16249380361040247,25,0.15822784810126583,57,0.36075949367088606,8,0.30449430942535405,0.38229750264825973,0.006969022750854537,0.5940665367407031,3,0.375,3,0.375
external_development_validation,46,52.0,phase39,Phase39 原始提案,158,0.5302571483805211,0.6785655731275466,0.4064994612826575,0.012254621500889766,37,0.23417721518987342,62,0.3924050632911392,8,0.7469424843788148,0.8300269400676638,0.7211381077766419,0.46048826571528995,1,0.125,1,0.125
external_development_validation,46,52.0,crowell,Crowell PGD,158,0.4639810725103452,0.5357138515583988,-0.1211702401124979,0.14852093493653198,25,0.15822784810126583,48,0.3037974683544304,8,0.3316729426383973,0.37899283186525484,-0.11032534837722774,0.616730823314589,3,0.375,3,0.375
external_development_validation,46,52.0,melgar,Melgar PGD,158,0.717345782171322,0.8567265628739447,-0.6703596597985378,0.05229518229094316,23,0.14556962025316456,42,0.26582278481012656,8,0.5182717561721801,0.6044677344531122,-0.5182717561721801,0.6697401521363554,1,0.125,3,0.375
external_development_validation,46,52.0,ruhl,Ruhl PGD,158,0.8974034309387209,1.0372831382529515,-0.8702508165866516,0.0515099299570262,11,0.06962025316455696,26,0.16455696202531644,8,0.7310226082801818,0.797874024121051,-0.7310226082801818,0.6732830225528953,0,0.0,0,0.0
external_development_validation,47,53.0,phase73,Phase73 有状态模型,158,0.43768482510047624,0.5241081448371094,0.01288285738305187,0.162721121794418,27,0.17088607594936708,58,0.3670886075949367,8,0.3051912665367127,0.3841933535873466,0.012679207324981734,0.5929225767395642,3,0.375,3,0.375
external_development_validation,47,53.0,phase39,Phase39 原始提案,158,0.5293902053108699,0.6742469928637171,0.38825013064130937,0.01486903929198544,36,0.22784810126582278,61,0.3860759493670886,8,0.7215462565422059,0.7980863375062297,0.6892301917076111,0.4910195066971198,1,0.125,1,0.125
external_development_validation,47,53.0,crowell,Crowell PGD,158,0.46218380022652555,0.5347935645320948,-0.11854337740548058,0.14579500830642922,27,0.17088607594936708,48,0.3037974683544304,8,0.3316567301750184,0.37932627447272543,-0.10953618288040157,0.6150530675803227,3,0.375,3,0.375
external_development_validation,47,53.0,melgar,Melgar PGD,158,0.7137396438212337,0.8553067833653638,-0.6667094713524929,0.047413720897199675,23,0.14556962025316456,43,0.2721518987341772,8,0.5090888857841491,0.5992511368308899,-0.5090888857841491,0.6636487454607692,1,0.125,3,0.375
external_development_validation,47,53.0,ruhl,Ruhl PGD,158,0.8934292467334604,1.03525127171172,-0.8663340399536907,0.04673853708427448,11,0.06962025316455696,27,0.17088607594936708,8,0.7208630561828613,0.7911170709065135,-0.7208630561828613,0.666941258072323,0,0.0,0,0.0
external_development_validation,48,54.0,phase73,Phase73 有状态模型,158,0.4368217709698255,0.5242129319766526,0.022421782529806655,0.162581509677514,27,0.17088607594936708,58,0.3670886075949367,8,0.30630158185958867,0.38621552387290853,0.017933118343353316,0.5923970808774879,3,0.375,3,0.375
external_development_validation,48,54.0,phase39,Phase39 原始提案,158,0.5297504376761522,0.6735586044411238,0.3766587172882465,0.015064371065426197,28,0.17721518987341772,58,0.3670886075949367,8,0.6975318431854249,0.76760567254771,0.6588273525238038,0.5185759332973516,0,0.0,1,0.125
external_development_validation,48,54.0,crowell,Crowell PGD,158,0.4598834810377678,0.5330234811238526,-0.11534144003180018,0.1441336896169762,27,0.17088607594936708,48,0.3037974683544304,8,0.332205092906952,0.3800261115502052,-0.10914660692214961,0.6136407340212964,3,0.375,3,0.375
external_development_validation,48,54.0,melgar,Melgar PGD,158,0.7093430845043329,0.8521465002376868,-0.6622797809069672,0.044011395131373,25,0.15822784810126583,43,0.2721518987341772,8,0.5054929971694946,0.5950372305789068,-0.5054929971694946,0.6690685655312949,1,0.125,3,0.375
external_development_validation,48,54.0,ruhl,Ruhl PGD,158,0.8885907951789568,1.0314395289854428,-0.8615576375888875,0.04343442616538475,11,0.06962025316455696,29,0.18354430379746836,8,0.7172846913337707,0.7869537509922927,-0.7172846913337707,0.672234025168206,0,0.0,1,0.125
external_development_validation,49,55.0,phase73,Phase73 有状态模型,158,0.4345161444024196,0.5237216811663409,0.03183118301101864,0.16235946107236973,29,0.18354430379746836,56,0.35443037974683544,8,0.3074899792671204,0.388295605604619,0.022945153713226363,0.5919703899904915,3,0.375,3,0.375
external_development_validation,49,55.0,phase39,Phase39 原始提案,158,0.5226122270656539,0.6577879377773425,0.3237813605537896,0.0061053787318897795,23,0.14556962025316456,55,0.34810126582278483,8,0.6497599124908449,0.7178932534036145,0.5965559959411622,0.530540802532439,0,0.0,1,0.125
external_development_validation,49,55.0,crowell,Crowell PGD,158,0.4581100089640559,0.5317669931854409,-0.11082316652128978,0.1370932715098537,28,0.17721518987341772,51,0.3227848101265823,8,0.3330859303474427,0.38067935178345225,-0.10937155485153194,0.612071986749327,3,0.375,3,0.375
external_development_validation,49,55.0,melgar,Melgar PGD,158,0.7057174435144741,0.8489623732763524,-0.6560224732266199,0.03245121307426456,25,0.15822784810126583,45,0.2848101265822785,8,0.5055500388145446,0.5954498161381194,-0.5055500388145446,0.6675600564659251,1,0.125,3,0.375
external_development_validation,49,55.0,ruhl,Ruhl PGD,158,0.8817919362949421,1.0272128901692312,-0.8548183833496482,0.03205673073244181,13,0.08227848101265822,29,0.18354430379746836,8,0.7173484683036804,0.7873069748949739,-0.7173484683036804,0.6707319588330619,0,0.0,1,0.125
external_development_validation,50,56.0,phase73,Phase73 有状态模型,158,0.4325830719139004,0.5230121774662482,0.04115794278398331,0.16619551703291569,28,0.17721518987341772,58,0.3670886075949367,8,0.30877141952514653,0.3905593925044428,0.02796726226806645,0.5914584261940478,3,0.375,3,0.375
external_development_validation,50,56.0,phase39,Phase39 原始提案,158,0.5357455030272279,0.6815373750421332,0.36048963703686665,-0.01041351630727005,27,0.17088607594936708,55,0.34810126582278483,8,0.6664836049079896,0.7326444024078023,0.6230217099189759,0.5530058651257498,0,0.0,1,0.125
external_development_validation,50,56.0,crowell,Crowell PGD,158,0.45697699860681484,0.5303898613788246,-0.10729327081125002,0.13677590423200756,28,0.17721518987341772,52,0.3291139240506329,8,0.33226547241210946,0.3794203466796766,-0.10332126617431636,0.6159007330056462,3,0.375,3,0.375
external_development_validation,50,56.0,melgar,Melgar PGD,158,0.7023703925217256,0.8448238893762592,-0.6511765854268137,0.03158914497922233,25,0.15822784810126583,45,0.2848101265822785,8,0.4997968196868896,0.5921016825385742,-0.4997968196868896,0.6630405009642124,1,0.125,3,0.375
external_development_validation,50,56.0,ruhl,Ruhl PGD,158,0.876465141924122,1.0224112821231615,-0.8495487442499476,0.03123258056454624,14,0.08860759493670886,30,0.189873417721519,8,0.7129712224006652,0.7845435101306477,-0.7129712224006652,0.6667409873830341,0,0.0,1,0.125
external_development_validation,51,57.0,phase73,Phase73 有状态模型,158,0.43234903661510626,0.5239164183554297,0.049068266832375695,0.16527086001410346,28,0.17721518987341772,58,0.3670886075949367,8,0.3104219675064088,0.39294461046588824,0.03290812969207768,0.5909155055505925,3,0.375,3,0.375
external_development_validation,51,57.0,phase39,Phase39 原始提案,158,0.5449574856818478,0.6985924149044852,0.368151610410666,-0.030612286862317893,30,0.189873417721519,55,0.34810126582278483,8,0.6619953751564027,0.7294358916817985,0.6199257254600525,0.5576336999496093,0,0.0,1,0.125
external_development_validation,51,57.0,crowell,Crowell PGD,158,0.4562594884558571,0.528713186211622,-0.10557467424416857,0.13451070399800694,27,0.17088607594936708,52,0.3291139240506329,8,0.33190337419509897,0.379782354654898,-0.10219956636428829,0.61333020823588,3,0.375,3,0.375
external_development_validation,51,57.0,melgar,Melgar PGD,158,0.6999412633195711,0.8422380574368813,-0.6487952787664873,0.02728538500993549,25,0.15822784810126583,46,0.2911392405063291,8,0.49877871274948116,0.5910389165074809,-0.49877871274948116,0.6621730887468945,1,0.125,3,0.375
external_development_validation,51,57.0,ruhl,Ruhl PGD,158,0.8739906317071072,1.0194615623234196,-0.8469855423215071,0.02701738033146282,14,0.08860759493670886,30,0.189873417721519,8,0.7119144320487976,0.7833407641743698,-0.7119144320487976,0.6657608376391938,0,0.0,1,0.125
external_development_validation,52,58.0,phase73,Phase73 有状态模型,158,0.43095931765399415,0.5240297000389043,0.05787190304526786,0.1635006328571146,31,0.1962025316455696,60,0.379746835443038,8,0.3188560843467714,0.39589482044596125,0.04382811784744267,0.5789394246176306,3,0.375,3,0.375
external_development_validation,52,58.0,phase39,Phase39 原始提案,158,0.5508564611024496,0.7089823589030064,0.37135852741289727,-0.04066699892276432,28,0.17721518987341772,55,0.34810126582278483,8,0.658811116218567,0.7307177507726005,0.6166221380233765,0.5605947962548798,0,0.0,1,0.125
external_development_validation,52,58.0,crowell,Crowell PGD,158,0.45147813664207,0.5251832866880692,-0.10054018225850951,0.13076541200766037,28,0.17721518987341772,54,0.34177215189873417,8,0.32507357597351083,0.3776621064117587,-0.0928146362304687,0.6027112403408875,3,0.375,3,0.375
external_development_validation,52,58.0,melgar,Melgar PGD,158,0.6929227997985069,0.8349679387585428,-0.6418603945382035,0.01985723500285014,25,0.15822784810126583,46,0.2911392405063291,8,0.48449529409408565,0.5773329187405654,-0.48449529409408565,0.6504127186940448,1,0.125,3,0.375
external_development_validation,52,58.0,ruhl,Ruhl PGD,158,0.8665451242953919,1.0111943754785562,-0.8394722697101064,0.01986690995826304,14,0.08860759493670886,30,0.189873417721519,8,0.6964807629585266,0.7666702134438267,-0.6964807629585266,0.6542261921437992,0,0.0,1,0.125
external_development_validation,53,59.0,phase73,Phase73 有状态模型,158,0.4299904117101357,0.5242010643461915,0.0675245508362974,0.16435809918796,32,0.20253164556962025,59,0.37341772151898733,8,0.32614698410034193,0.3994835294825771,0.053491401672363326,0.5683229140258446,3,0.375,3,0.375
external_development_validation,53,59.0,phase39,Phase39 原始提案,158,0.5521984414209294,0.7048490186775422,0.35174584690528565,-0.050266986931035526,25,0.15822784810126583,54,0.34177215189873417,8,0.6464178800582887,0.7199684740650086,0.5953969240188599,0.5531544930760203,0,0.0,1,0.125
external_development_validation,53,59.0,crowell,Crowell PGD,158,0.4498040084597433,0.5220120651863476,-0.09650428687469882,0.12563867012627908,27,0.17088607594936708,54,0.34177215189873417,8,0.31365994215011606,0.3693943945293276,-0.08148337602615352,0.6050081998814181,3,0.375,3,0.375
external_development_validation,53,59.0,melgar,Melgar PGD,158,0.6872568275355088,0.8294191613723523,-0.6362786715543725,0.010195813536417457,26,0.16455696202531644,47,0.2974683544303797,8,0.4823020219802856,0.5734421129399929,-0.4823020219802856,0.6591347905743945,1,0.125,3,0.375
external_development_validation,53,59.0,ruhl,Ruhl PGD,158,0.8605592516404166,1.0047777116887782,-0.8334517026249368,0.010456605763620317,14,0.08860759493670886,30,0.189873417721519,8,0.6933874607086181,0.7616392227446515,-0.6933874607086181,0.6656959349482209,0,0.0,1,0.125
external_development_validation,54,60.0,phase73,Phase73 有状态模型,158,0.4284180110013939,0.5240295508193956,0.07543622391133355,0.16845792388609715,31,0.1962025316455696,61,0.3860759493670886,8,0.3291849732398988,0.40234666622443677,0.05883644819259648,0.5661599008827002,3,0.375,3,0.375
external_development_validation,54,60.0,phase39,Phase39 原始提案,158,0.552842335761348,0.6921445904787585,0.30898449088953706,-0.05160714164675987,19,0.12025316455696203,55,0.34810126582278483,8,0.6164026498794557,0.6908627748851502,0.5501574754714966,0.5404926575458227,0,0.0,2,0.25
external_development_validation,54,60.0,crowell,Crowell PGD,158,0.44599784657925007,0.5171220476146889,-0.09209934065613579,0.13205016955964322,26,0.16455696202531644,54,0.34177215189873417,8,0.303503966331482,0.35685752315403996,-0.07017583847045894,0.628460440414312,3,0.375,3,0.375
external_development_validation,54,60.0,melgar,Melgar PGD,158,0.6810710756084589,0.8217202781342411,-0.6302138551881044,0.018087141504491193,26,0.16455696202531644,47,0.2974683544303797,8,0.4781920433044433,0.56612068069916,-0.4781920433044433,0.6754386026559625,1,0.125,3,0.375
external_development_validation,54,60.0,ruhl,Ruhl PGD,158,0.8540383978735044,0.9964135786724824,-0.8268777388560623,0.01829259909320262,14,0.08860759493670886,30,0.189873417721519,8,0.6887545704841613,0.7544498222355869,-0.6887545704841613,0.681087537493606,0,0.0,1,0.125
external_development_validation,55,61.0,phase73,Phase73 有状态模型,158,0.42735680447349084,0.524968822711335,0.08236178265342216,0.17078822998964074,33,0.2088607594936709,64,0.4050632911392405,8,0.33104231357574476,0.40492975484389965,0.06288533210754399,0.5663407941243703,3,0.375,4,0.5
external_development_validation,55,61.0,phase39,Phase39 原始提案,158,0.5479313995264755,0.6793091187185485,0.27022863943365544,-0.040782646085679,17,0.10759493670886076,49,0.310126582278481,8,0.5858772039413453,0.6640853135507362,0.5071292400360108,0.532077035870552,0,0.0,1,0.125
external_development_validation,55,61.0,crowell,Crowell PGD,158,0.4438425577139554,0.515593432392892,-0.09000759788706346,0.13477162175310234,27,0.17088607594936708,54,0.34177215189873417,8,0.3037179470062257,0.35726504461709524,-0.06894297599792476,0.6277972106028218,3,0.375,3,0.375
external_development_validation,55,61.0,melgar,Melgar PGD,158,0.6780528955821752,0.8185024791574738,-0.6273455891428116,0.021750630041801066,26,0.16455696202531644,47,0.2974683544303797,8,0.4779504060745239,0.5659924177703749,-0.4779504060745239,0.6752462980521363,1,0.125,3,0.375
external_development_validation,55,61.0,ruhl,Ruhl PGD,158,0.8509484840344781,0.992868292791268,-0.8237546878524975,0.021963604874695248,14,0.08860759493670886,30,0.189873417721519,8,0.6876566529273986,0.7536865533038168,-0.6876566529273986,0.6801493911178284,0,0.0,1,0.125
external_development_validation,56,62.0,phase73,Phase73 有状态模型,158,0.4251294498202169,0.5246707106528796,0.0907092577294457,0.17416133177661963,32,0.20253164556962025,64,0.4050632911392405,8,0.3261269569396974,0.4018298504070901,0.07351176738739018,0.5743616314439567,3,0.375,4,0.5
external_development_validation,56,62.0,phase39,Phase39 原始提案,158,0.5447650794741475,0.6731044381454504,0.24326549904255915,-0.02926771722330807,19,0.12025316455696203,44,0.27848101265822783,8,0.5625417470932008,0.6468403546532561,0.47517840862274174,0.5189996874099545,1,0.125,1,0.125
external_development_validation,56,62.0,crowell,Crowell PGD,158,0.43813137525244616,0.5100216879854924,-0.08373601225358035,0.1384239240215391,26,0.16455696202531644,55,0.34810126582278483,8,0.27714732885360727,0.3314393795988898,-0.040932190418243364,0.6612465842415448,3,0.375,4,0.5
external_development_validation,56,62.0,melgar,Melgar PGD,158,0.6692702130426337,0.8087850930575787,-0.6187063319773616,0.024933718338464,26,0.16455696202531644,47,0.2974683544303797,8,0.47627009153366084,0.5636887385308046,-0.47627009153366084,0.6790066818484503,1,0.125,3,0.375
external_development_validation,56,62.0,ruhl,Ruhl PGD,158,0.8416228801389286,0.9820630844618428,-0.8143953371651567,0.025154449848903908,14,0.08860759493670886,29,0.18354430379746836,8,0.6858810305595398,0.7515051847782357,-0.6858810305595398,0.6831404149366684,0,0.0,1,0.125
external_development_validation,57,63.0,phase73,Phase73 有状态模型,158,0.4215803538696677,0.5242083160719005,0.10027241103256791,0.18136281518875616,33,0.2088607594936709,69,0.43670886075949367,8,0.31553646326065077,0.395173515711744,0.08972035646438603,0.5933809152646897,3,0.375,6,0.75
external_development_validation,57,63.0,phase39,Phase39 原始提案,158,0.5424227237701418,0.669978722384131,0.22941281825681262,-0.017552725806426764,19,0.12025316455696203,46,0.2911392405063291,8,0.5530089378356935,0.636760874222101,0.4608318090438843,0.5240568036712213,1,0.125,1,0.125
external_development_validation,57,63.0,crowell,Crowell PGD,158,0.4344847570491744,0.5065776871476353,-0.07885424698455437,0.1404790482012055,26,0.16455696202531644,57,0.36075949367088606,8,0.26122829914093026,0.32120565765933023,-0.0240805864334106,0.6744372226215548,4,0.5,4,0.5
external_development_validation,57,63.0,melgar,Melgar PGD,158,0.6625640688063226,0.8018524300424844,-0.6119900292988066,0.02661262055226617,26,0.16455696202531644,46,0.2911392405063291,8,0.45324285030364986,0.5459356789275503,-0.45324285030364986,0.6733460139727958,1,0.125,3,0.375
external_development_validation,57,63.0,ruhl,Ruhl PGD,158,0.8343628472919707,0.9742406971624663,-0.807109144669545,0.026851530976593905,14,0.08860759493670886,30,0.189873417721519,8,0.6599894285202026,0.729165672130779,-0.6599894285202026,0.6777164335744135,0,0.0,1,0.125
external_development_validation,58,64.0,phase73,Phase73 有状态模型,158,0.42033612094348,0.5248633123198246,0.10853412483311893,0.18568764962316076,33,0.2088607594936709,71,0.44936708860759494,8,0.3103082418441774,0.3931574829918552,0.100552248954773,0.6053407906668978,3,0.375,6,0.75
external_development_validation,58,64.0,phase39,Phase39 原始提案,158,0.5386773212046564,0.6679797251450568,0.23627796354173092,-0.0030315287042196075,23,0.14556962025316456,46,0.2911392405063291,8,0.5611998081207277,0.6476856253684019,0.46801035404205327,0.5235805061014115,1,0.125,1,0.125
external_development_validation,58,64.0,crowell,Crowell PGD,158,0.4335144954391674,0.5046841378289881,-0.07501544529878654,0.13795336324511548,25,0.15822784810126583,58,0.3670886075949367,8,0.26095995903015146,0.3207509773882073,-0.02308709621429439,0.675525551952437,4,0.5,4,0.5
external_development_validation,58,64.0,melgar,Melgar PGD,158,0.657841063149368,0.7972372348267522,-0.6067014042335223,0.021697699983075663,27,0.17088607594936708,47,0.2974683544303797,8,0.4417817115783691,0.5401594986890281,-0.4417817115783691,0.6610360262577363,2,0.25,4,0.5
external_development_validation,58,64.0,ruhl,Ruhl PGD,158,0.8286301932757416,0.9688347703227114,-0.8013804019251958,0.02199574262794257,14,0.08860759493670886,30,0.189873417721519,8,0.6475857615470886,0.7210203941304376,-0.6475857615470886,0.6659634498578592,0,0.0,1,0.125
external_development_validation,59,65.0,phase73,Phase73 有状态模型,158,0.41992311658738546,0.5260288646072331,0.1146720361106002,0.1879648926432719,35,0.22151898734177214,71,0.44936708860759494,8,0.31205382347106947,0.39553684094370417,0.10343508720397954,0.6053676488661437,3,0.375,6,0.75
external_development_validation,59,65.0,phase39,Phase39 原始提案,158,0.5345677967312971,0.6618964667810783,0.23821928531308703,0.013557576608004916,21,0.13291139240506328,48,0.3037974683544304,8,0.5526582241058351,0.643995803872292,0.4591168642044068,0.5189516210351555,1,0.125,1,0.125
external_development_validation,59,65.0,crowell,Crowell PGD,158,0.4314508679546889,0.5020040188919505,-0.07140739054619524,0.14194538288637396,25,0.15822784810126583,59,0.37341772151898733,8,0.26057848930358896,0.3206124745320665,-0.022508573532104448,0.6760232787047918,4,0.5,4,0.5
external_development_validation,59,65.0,melgar,Melgar PGD,158,0.6541009697733048,0.7916604804733437,-0.6017488045028495,0.026846049125454543,26,0.16455696202531644,48,0.3037974683544304,8,0.4408424019813537,0.5391438433290724,-0.4408424019813537,0.6620476640597923,2,0.25,4,0.5
external_development_validation,59,65.0,ruhl,Ruhl PGD,158,0.8232765125322946,0.9626738250084755,-0.7959939980808695,0.027102442231775912,14,0.08860759493670886,30,0.189873417721519,8,0.6465864896774292,0.7199571631086633,-0.6465864896774292,0.6668298240150187,0,0.0,1,0.125
external_development_validation,60,66.0,phase73,Phase73 有状态模型,158,0.4196810975859438,0.5268806346997369,0.12264551693880092,0.1923020198579344,35,0.22151898734177214,72,0.45569620253164556,8,0.3183776974678041,0.3996743138129882,0.11100076436996464,0.6092505248608054,2,0.25,6,0.75
external_development_validation,60,66.0,phase39,Phase39 原始提案,158,0.5363898114313054,0.6548340550122724,0.2340669239623636,0.027537292093083674,15,0.0949367088607595,43,0.2721518987341772,8,0.5396400332450868,0.6361619001798143,0.44632087945938115,0.5193107911059947,1,0.125,1,0.125
external_development_validation,60,66.0,crowell,Crowell PGD,158,0.42845326737512535,0.4988200594456348,-0.06602932229826736,0.14591285503237392,25,0.15822784810126583,59,0.37341772151898733,8,0.2599298119544984,0.320173521529764,-0.021704089641571,0.6771960895625245,4,0.5,4,0.5
external_development_validation,60,66.0,melgar,Melgar PGD,158,0.6494269624541079,0.784009048397617,-0.5943682586090476,0.03179176639579951,26,0.16455696202531644,48,0.3037974683544304,8,0.4393087744712829,0.5375296823812052,-0.4393087744712829,0.6635512451850434,2,0.25,4,0.5
external_development_validation,60,66.0,ruhl,Ruhl PGD,158,0.8163922714281687,0.9541042484041781,-0.7879650230649153,0.03200645806941437,15,0.0949367088607595,30,0.189873417721519,8,0.6445692896842956,0.718223067143,-0.6445692896842956,0.666697852868581,0,0.0,1,0.125
external_development_validation,61,67.0,phase73,Phase73 有状态模型,158,0.41920353611813327,0.5279772990247955,0.12904889070534994,0.19480968491988251,36,0.22784810126582278,73,0.4620253164556962,8,0.3200798273086549,0.40183809176337404,0.11509637832641606,0.6088726143117804,2,0.25,6,0.75
external_development_validation,61,67.0,phase39,Phase39 原始提案,158,0.5402643064909344,0.6517028856689552,0.21942207179492018,0.03489286708271184,14,0.08860759493670886,41,0.25949367088607594,8,0.5375881314277651,0.6328178358832827,0.4325917840003968,0.5108140129786027,1,0.125,1,0.125
external_development_validation,61,67.0,crowell,Crowell PGD,158,0.42584470857547824,0.49595544544473263,-0.06240478044823769,0.1508040728468463,26,0.16455696202531644,59,0.37341772151898733,8,0.2594848632812501,0.31995879931868143,-0.02144212722778316,0.6777748520980392,4,0.5,4,0.5
external_development_validation,61,67.0,melgar,Melgar PGD,158,0.6449679163437857,0.7781856589388597,-0.5893938058539284,0.03827697693435324,26,0.16455696202531644,48,0.3037974683544304,8,0.43838084936141963,0.5358074586077436,-0.43838084936141963,0.6672909741086523,2,0.25,4,0.5
external_development_validation,61,67.0,ruhl,Ruhl PGD,158,0.8115640628186964,0.9477144762933334,-0.7825539806221107,0.03844208636989845,15,0.0949367088607595,30,0.189873417721519,8,0.6435688853263855,0.7165582785136487,-0.6435688853263855,0.6703495669632481,0,0.0,1,0.125
external_development_validation,62,68.0,phase73,Phase73 有状态模型,158,0.4192430604862263,0.5296014739818012,0.13459530359582042,0.1952787659011616,35,0.22151898734177214,75,0.47468354430379744,8,0.32381769418716444,0.4046338362025819,0.12178169488906865,0.6043622895368544,2,0.25,6,0.75
external_development_validation,62,68.0,phase39,Phase39 原始提案,158,0.5440788432012631,0.6545096751156405,0.21608372277851332,0.03957484127503134,12,0.0759493670886076,40,0.25316455696202533,8,0.5133929967880251,0.6084723684130294,0.40222518444061284,0.5196915882672554,1,0.125,1,0.125
external_development_validation,62,68.0,crowell,Crowell PGD,158,0.42386793788475347,0.4945096274105711,-0.06031068970885471,0.1501259473710425,26,0.16455696202531644,59,0.37341772151898733,8,0.2559675097465517,0.3184302958854535,-0.014277946949005083,0.6715334674634619,4,0.5,4,0.5
external_development_validation,62,68.0,melgar,Melgar PGD,158,0.6419701920279975,0.7752310216798122,-0.5865075588226321,0.03636753308034065,26,0.16455696202531644,48,0.3037974683544304,8,0.43752945661544795,0.5350794628506699,-0.43752945661544795,0.6664351201273141,2,0.25,4,0.5
external_development_validation,62,68.0,ruhl,Ruhl PGD,158,0.8083307115337518,0.9443417935834417,-0.77942905244948,0.03660922253074372,15,0.0949367088607595,30,0.189873417721519,8,0.6426121711730957,0.7155840491640497,-0.6426121711730957,0.6694815568877371,0,0.0,1,0.125
external_development_validation,63,69.0,phase73,Phase73 有状态模型,158,0.41778616603416746,0.5301018115200596,0.14182264593583105,0.1970114991753347,35,0.22151898734177214,76,0.4810126582278481,8,0.32849117517471327,0.40738932339721157,0.12946318387985234,0.5974443047073429,1,0.125,6,0.75
external_development_validation,63,69.0,phase39,Phase39 原始提案,158,0.5464126840422426,0.6570922424070527,0.20925853222231308,0.04107387681253343,12,0.0759493670886076,38,0.24050632911392406,8,0.5086646199226381,0.6004400972211132,0.38866614103317265,0.5150653473345038,1,0.125,1,0.125
external_development_validation,63,69.0,crowell,Crowell PGD,158,0.4234118117561825,0.4928714030480752,-0.056827143777774994,0.14264134123932917,25,0.15822784810126583,59,0.37341772151898733,8,0.26881797313690203,0.3210337127085174,-0.0011556863784789595,0.649254821989706,4,0.5,4,0.5
external_development_validation,63,69.0,melgar,Melgar PGD,158,0.6370675213729281,0.771262805853506,-0.581691038759449,0.02312296907928617,27,0.17088607594936708,49,0.310126582278481,8,0.4194229364395141,0.520531369986742,-0.4194229364395141,0.6491500050904133,2,0.25,4,0.5
external_development_validation,63,69.0,ruhl,Ruhl PGD,158,0.8030456627471539,0.9395052632186354,-0.7742323513272444,0.023662317771610097,15,0.0949367088607595,30,0.189873417721519,8,0.6231693148612976,0.6965870799499189,-0.6231693148612976,0.6525591381863284,0,0.0,1,0.125
external_development_validation,64,70.0,phase73,Phase73 有状态模型,158,0.4162126426455342,0.531358074470933,0.14837661272362804,0.1992368821863637,37,0.23417721518987342,75,0.47468354430379744,8,0.3290433526039125,0.40828963463889195,0.13368891477584843,0.5985643057837798,1,0.125,6,0.75
external_development_validation,64,70.0,phase39,Phase39 原始提案,158,0.5471113645577733,0.6577456402655435,0.20548325852502736,0.04069121467949878,12,0.0759493670886076,39,0.2468354430379747,8,0.5055946826934816,0.5955305016510798,0.37495307922363286,0.5061562632391409,1,0.125,1,0.125
external_development_validation,64,70.0,crowell,Crowell PGD,158,0.42183488713035117,0.49175620208579224,-0.05432166630708732,0.1416611155110977,25,0.15822784810126583,58,0.3670886075949367,8,0.26826090812683123,0.3207231684715003,-0.0009178638458251509,0.6501154554544517,4,0.5,4,0.5
external_development_validation,64,70.0,melgar,Melgar PGD,158,0.6334265799462043,0.7688276554228475,-0.5782300098032893,0.02081201697908052,27,0.17088607594936708,49,0.310126582278481,8,0.416893196105957,0.5182169986782166,-0.416893196105957,0.6512049356903634,2,0.25,4,0.5
external_development_validation,64,70.0,ruhl,Ruhl PGD,158,0.7991761171365087,0.9365170623834962,-0.7704943584490428,0.02143466400509768,15,0.0949367088607595,31,0.1962025316455696,8,0.6195988178253173,0.6932273973129518,-0.6195988178253173,0.6552797954619051,0,0.0,1,0.125
external_development_validation,65,71.0,phase73,Phase73 有状态模型,158,0.4151986423927019,0.5328684105170155,0.1541581817820101,0.20201154776758362,37,0.23417721518987342,77,0.4873417721518987,8,0.3244237542152406,0.40652268436778133,0.1410778641700745,0.6111456530911729,1,0.125,6,0.75
external_development_validation,65,71.0,phase39,Phase39 原始提案,158,0.5601791381835939,0.6751600881937507,0.23146156117885913,0.03107994084017351,14,0.08860759493670886,40,0.25316455696202533,8,0.5032434582710268,0.601931684393741,0.3893519520759583,0.5239594461412588,1,0.125,2,0.25
external_development_validation,65,71.0,crowell,Crowell PGD,158,0.416468833368036,0.4860311483804828,-0.04914471771143673,0.15452438384380565,26,0.16455696202531644,58,0.3670886075949367,8,0.2671494603157045,0.31963758559818717,-1.813173294062942e-05,0.652858668621946,4,0.5,4,0.5
external_development_validation,65,71.0,melgar,Melgar PGD,158,0.6262233691879466,0.7583485315969867,-0.5711392481115801,0.038607106593608,27,0.17088607594936708,49,0.310126582278481,8,0.4090062499046325,0.5095161359430053,-0.4090062499046325,0.6633431144021302,2,0.25,4,0.5
external_development_validation,65,71.0,ruhl,Ruhl PGD,158,0.7913493995425068,0.9253553062239688,-0.7627641430383998,0.03914012356563058,15,0.0949367088607595,31,0.1962025316455696,8,0.6129852652549743,0.6849710399619336,-0.6129852652549743,0.669340496675196,0,0.0,1,0.125
external_development_validation,66,72.0,phase73,Phase73 有状态模型,158,0.41541358851179305,0.5356265879347223,0.15940194793894308,0.20061571407731,39,0.2468354430379747,77,0.4873417721518987,8,0.32390316724777235,0.4070801665333176,0.14435504674911503,0.6143526196215126,1,0.125,6,0.75
external_development_validation,66,72.0,phase39,Phase39 原始提案,158,0.564047576204131,0.682140798832601,0.24279210839090454,0.0276723674758739,16,0.10126582278481013,40,0.25316455696202533,8,0.5092107176780702,0.6086908685368669,0.39829443693161015,0.5238496981786641,1,0.125,2,0.25
external_development_validation,66,72.0,crowell,Crowell PGD,158,0.41539849993548833,0.48481721819466583,-0.04536825493921221,0.1584009753958021,26,0.16455696202531644,59,0.37341772151898733,8,0.2657660365104677,0.31805750885929035,0.0015662789344788042,0.6568739281212129,4,0.5,4,0.5
external_development_validation,66,72.0,melgar,Melgar PGD,158,0.6211880804617195,0.7534493634892269,-0.5659738069848171,0.044450502304397024,27,0.17088607594936708,49,0.310126582278481,8,0.4045664191246032,0.5007830096880259,-0.4045664191246032,0.6842193281914054,2,0.25,4,0.5
external_development_validation,66,72.0,ruhl,Ruhl PGD,158,0.785893775843367,0.9198106986040484,-0.7571243455138389,0.04498506903126015,15,0.0949367088607595,32,0.20253164556962025,8,0.60858656167984,0.6770005171601878,-0.60858656167984,0.6894140632381197,0,0.0,1,0.125
external_development_validation,67,73.0,phase73,Phase73 有状态模型,158,0.4139040035537528,0.5374074812159915,0.16603808161578587,0.20363292594186405,41,0.25949367088607594,76,0.4810126582278481,8,0.3217770099639894,0.40693115809330455,0.14937298297882085,0.6216767594747918,1,0.125,6,0.75
external_development_validation,67,73.0,phase39,Phase39 原始提案,158,0.5657942246787157,0.6851300616769997,0.24558268015897713,0.027497343291195162,16,0.10126582278481013,41,0.25949367088607594,8,0.5068627119064333,0.606751011209295,0.39550714492797856,0.5244143174551301,1,0.125,2,0.25
external_development_validation,67,73.0,crowell,Crowell PGD,158,0.4138334419153915,0.48327189010926874,-0.04295334031310276,0.1602765484396811,26,0.16455696202531644,60,0.379746835443038,8,0.2641466379165651,0.31602187304007007,0.003351974487304732,0.6618876104539604,4,0.5,4,0.5
external_development_validation,67,73.0,melgar,Melgar PGD,158,0.6177658292311657,0.7499519086967534,-0.5626558503018152,0.04665141123988296,27,0.17088607594936708,49,0.310126582278481,8,0.4027710080146789,0.49744024637134376,-0.4027710080146789,0.6918344919947457,2,0.25,4,0.5
external_development_validation,67,73.0,ruhl,Ruhl PGD,158,0.7822152910353264,0.9158743529957157,-0.7535195652442644,0.047182962886318465,15,0.0949367088607595,32,0.20253164556962025,8,0.6066742062568664,0.6738314890205239,-0.6066742062568664,0.6967263659111435,0,0.0,1,0.125
external_development_validation,68,74.0,phase73,Phase73 有状态模型,158,0.41499067137512985,0.54041296708752,0.1711242832714997,0.20255018632156485,41,0.25949367088607594,76,0.4810126582278481,8,0.3217646121978761,0.40783606084260415,0.15246789455413823,0.6242268400687384,1,0.125,6,0.75
external_development_validation,68,74.0,phase39,Phase39 原始提案,158,0.5631800138497655,0.6822410804701176,0.24262767200228522,0.02952470640017828,17,0.10759493670886076,41,0.25949367088607594,8,0.51295382976532,0.6097962024690422,0.3948678255081177,0.5156985900911769,1,0.125,2,0.25
external_development_validation,68,74.0,crowell,Crowell PGD,158,0.41278919570053696,0.48217545342599727,-0.04153356371046635,0.1628218191256485,26,0.16455696202531644,60,0.379746835443038,8,0.26385153532028216,0.31614831681105604,0.0038658261299133745,0.6619099853226623,4,0.5,4,0.5
external_development_validation,68,74.0,melgar,Melgar PGD,158,0.6164877758750433,0.7475151585196296,-0.5607111906703516,0.05026842622789693,27,0.17088607594936708,49,0.310126582278481,8,0.40207744836807247,0.4964059288211915,-0.40207744836807247,0.6937802845212437,2,0.25,4,0.5
external_development_validation,68,74.0,ruhl,Ruhl PGD,158,0.7808712470380568,0.9132377909254868,-0.7513995442209366,0.05075695887002353,15,0.0949367088607595,31,0.1962025316455696,8,0.6059491753578186,0.6728544543452853,-0.6059491753578186,0.6984579056854309,0,0.0,1,0.125
external_development_validation,69,75.0,phase73,Phase73 有状态模型,158,0.41420711625980433,0.5426669987101834,0.17718017252185664,0.20547012070957554,43,0.2721518987341772,78,0.4936708860759494,8,0.31675668954849256,0.4066366157824642,0.16049085855484013,0.6365984420153086,2,0.25,6,0.75
external_development_validation,69,75.0,phase39,Phase39 原始提案,158,0.5648709369611138,0.6809814048027207,0.23127097117749937,0.02768840217966869,15,0.0949367088607595,40,0.25316455696202533,8,0.5193441629409792,0.6132587330606977,0.39145987033844,0.5012617088891341,1,0.125,2,0.25
external_development_validation,69,75.0,crowell,Crowell PGD,158,0.4119940214519261,0.48115201060708424,-0.040706212007546864,0.16464973117000523,26,0.16455696202531644,60,0.379746835443038,8,0.2642123818397524,0.3162734079387984,0.004474151134491011,0.6611194675606163,4,0.5,4,0.5
external_development_validation,69,75.0,melgar,Melgar PGD,158,0.6152320161650453,0.7458939024424894,-0.5595727691167519,0.05265427327482996,27,0.17088607594936708,49,0.310126582278481,8,0.39870889186859126,0.49406291785417217,-0.39870889186859126,0.6921090131513513,2,0.25,4,0.5
external_development_validation,69,75.0,ruhl,Ruhl PGD,158,0.7795425312428537,0.9114976070116487,-0.750164711022679,0.05313171393651118,15,0.0949367088607595,31,0.1962025316455696,8,0.6025056958198547,0.6700906073222198,-0.6025056958198547,0.6964696495630798,0,0.0,1,0.125
external_development_validation,70,76.0,phase73,Phase73 有状态模型,158,0.41320543832416784,0.5441666606007045,0.18308177477196788,0.2090856737713077,46,0.2911392405063291,79,0.5,8,0.30882700681686415,0.40435961526059006,0.1711580634117127,0.6470553088140704,3,0.375,6,0.75
external_development_validation,70,76.0,phase39,Phase39 原始提案,158,0.5609606441063218,0.6755916269709833,0.2106504379948482,0.029618382817073456,14,0.08860759493670886,41,0.25949367088607594,8,0.5112863302230837,0.6028282768171477,0.3683795213699341,0.4910035715194243,1,0.125,2,0.25
external_development_validation,70,76.0,crowell,Crowell PGD,158,0.40943812056432816,0.4777644420324917,-0.03744067119646689,0.1719181635519865,26,0.16455696202531644,61,0.3860759493670886,8,0.2640063881874086,0.3164174320463408,0.004909741878509566,0.6610598062559858,4,0.5,4,0.5
external_development_validation,70,76.0,melgar,Melgar PGD,158,0.6105655126933811,0.7397181709746707,-0.5550921959213065,0.06268146735780275,28,0.17721518987341772,49,0.310126582278481,8,0.39059902429580684,0.4884816015687317,-0.39059902429580684,0.6892716998825142,2,0.25,4,0.5
external_development_validation,70,76.0,ruhl,Ruhl PGD,158,0.7745038503332985,0.9048611931947027,-0.7452895067915134,0.06310980490773335,15,0.0949367088607595,31,0.1962025316455696,8,0.5954249620437622,0.6641223953694905,-0.5954249620437622,0.6956038648034465,0,0.0,1,0.125
external_development_validation,71,77.0,phase73,Phase73 有状态模型,158,0.4141847978664351,0.5472820353283808,0.18840525120119492,0.20608881888269684,47,0.2974683544303797,79,0.5,8,0.3118948578834535,0.41085391726191245,0.17741881608963017,0.6428739586862335,3,0.375,6,0.75
external_development_validation,71,77.0,phase39,Phase39 原始提案,158,0.5590363876729074,0.669119457998156,0.1616404992115647,0.03050410555469253,15,0.0949367088607595,42,0.26582278481012656,8,0.49111164808273333,0.5824190470118468,0.3252054333686829,0.47990229295685405,0,0.0,2,0.25
external_development_validation,71,77.0,crowell,Crowell PGD,158,0.4075734307494347,0.47558118436094976,-0.03473631943328485,0.17302313062408492,27,0.17088607594936708,61,0.3860759493670886,8,0.26797236204147357,0.3179940505553313,0.010511386394500777,0.6532862840380661,3,0.375,4,0.5
external_development_validation,71,77.0,melgar,Melgar PGD,158,0.6067066325417049,0.7351720477845447,-0.5513739706594735,0.06323857002308243,28,0.17721518987341772,49,0.310126582278481,8,0.3840885281562805,0.4842896994887691,-0.3840885281562805,0.6822124272946224,2,0.25,5,0.625
external_development_validation,71,77.0,ruhl,Ruhl PGD,158,0.77036307190038,0.8998102206972761,-0.7412528780442251,0.06373883243596633,15,0.0949367088607595,31,0.1962025316455696,8,0.5884981274604797,0.6582270220676181,-0.5884981274604797,0.6885344225440853,0,0.0,1,0.125
external_development_validation,72,78.0,phase73,Phase73 有状态模型,158,0.41529565943947333,0.549490064960297,0.19161793250071837,0.20551521618433707,48,0.3037974683544304,80,0.5063291139240507,8,0.31112309694290174,0.41115898822761415,0.1799962401390076,0.6462149323234065,3,0.375,6,0.75
external_development_validation,72,78.0,phase39,Phase39 原始提案,158,0.5491449555264246,0.6590018408968117,0.1196345226674139,0.03788934073340926,19,0.12025316455696203,44,0.27848101265822783,8,0.46815026998519915,0.5612823683360485,0.28644441366195683,0.4768016090243995,0,0.0,3,0.375
external_development_validation,72,78.0,crowell,Crowell PGD,158,0.4059929328628735,0.47456480396940304,-0.03324307067484809,0.17500782482891172,28,0.17721518987341772,61,0.3860759493670886,8,0.2674820542335512,0.3173308376776775,0.011271226406097457,0.6550304168892012,3,0.375,4,0.5
external_development_validation,72,78.0,melgar,Melgar PGD,158,0.604530227033398,0.732841038103631,-0.5493254480482659,0.0659458759829707,28,0.17721518987341772,49,0.310126582278481,8,0.3825424432754516,0.480879902635046,-0.3825424432754516,0.6909747121483499,2,0.25,5,0.625
external_development_validation,72,78.0,ruhl,Ruhl PGD,158,0.7680427189114729,0.8972299653497164,-0.7390235405934009,0.06643614432656657,15,0.0949367088607595,31,0.1962025316455696,8,0.5868228197097778,0.654998280630593,-0.5868228197097778,0.6972362537403428,0,0.0,1,0.125
external_development_validation,73,79.0,phase73,Phase73 有状态模型,158,0.4156550558307504,0.5514128484553552,0.19558204276652263,0.20496525916584774,48,0.3037974683544304,80,0.5063291139240507,8,0.3102701544761659,0.41161129497830795,0.1825812935829163,0.6495836791293115,3,0.375,6,0.75
external_development_validation,73,79.0,phase39,Phase39 原始提案,158,0.5400353727461418,0.6519789879681446,0.09894883179966393,0.048858581701436504,26,0.16455696202531644,44,0.27848101265822783,8,0.44590688943862933,0.5414840095799212,0.2638682007789612,0.4859778639422258,1,0.125,3,0.375
external_development_validation,73,79.0,crowell,Crowell PGD,158,0.4027284996419015,0.4727430992669058,-0.02880316746385805,0.17802010506968574,28,0.17721518987341772,62,0.3924050632911392,8,0.2682513117790224,0.31713451425634603,0.014299738407135054,0.6542412660047657,3,0.375,4,0.5
external_development_validation,73,79.0,melgar,Melgar PGD,158,0.5990282384655145,0.7265818744517063,-0.5432446636731113,0.07005443066094882,28,0.17721518987341772,49,0.310126582278481,8,0.3802536249160766,0.4797558739461447,-0.3802536249160766,0.6874052338931123,2,0.25,5,0.625
external_development_validation,73,79.0,ruhl,Ruhl PGD,158,0.7620949630495869,0.8901809952207227,-0.732393823092497,0.07059298366229902,15,0.0949367088607595,31,0.1962025316455696,8,0.5843591213226318,0.653109592809426,-0.5843591213226318,0.6938836642682998,0,0.0,1,0.125
external_development_validation,74,80.0,phase73,Phase73 有状态模型,158,0.41607733316059364,0.5527836904873972,0.19966723949094348,0.20734435890271638,47,0.2974683544303797,81,0.5126582278481012,8,0.31140061616897596,0.41490029141094265,0.1863257765769959,0.6489935361601439,3,0.375,6,0.75
external_development_validation,74,80.0,phase39,Phase39 原始提案,158,0.5357305013680761,0.6473089423863908,0.11163209661652757,0.06180211169919596,23,0.14556962025316456,43,0.2721518987341772,8,0.43338466882705706,0.5285764362270841,0.26950930356979375,0.5081934775962303,0,0.0,3,0.375
external_development_validation,74,80.0,crowell,Crowell PGD,158,0.3993186884288548,0.46842889470161525,-0.024493649036069595,0.18782713187169708,28,0.17721518987341772,62,0.3924050632911392,8,0.2668269515037538,0.3153403307536786,0.01647053956985478,0.6593621406427803,3,0.375,4,0.5
external_development_validation,74,80.0,melgar,Melgar PGD,158,0.5939392482178122,0.7179193927642935,-0.5373437344273436,0.08414579348131405,27,0.17088607594936708,49,0.310126582278481,8,0.3793729662895202,0.4779870092982971,-0.3793729662895202,0.6917815995492582,2,0.25,5,0.625
external_development_validation,74,80.0,ruhl,Ruhl PGD,158,0.7559759248661091,0.8809387290595696,-0.7259586611880534,0.08459882163685041,15,0.0949367088607595,31,0.1962025316455696,8,0.5832507729530334,0.6511294162901986,-0.5832507729530334,0.6989689992388219,0,0.0,1,0.125
external_development_validation,75,81.0,phase73,Phase73 有状态模型,158,0.41613993765432633,0.5543770307621803,0.20340918589241883,0.20864530615294619,48,0.3037974683544304,83,0.5253164556962026,8,0.30608263015747084,0.4144889193340054,0.19366436004638676,0.6563768682100849,3,0.375,6,0.75
external_development_validation,75,81.0,phase39,Phase39 原始提案,158,0.5331340343137332,0.6458352952659538,0.14102780668041362,0.07798337967048864,23,0.14556962025316456,46,0.2911392405063291,8,0.43792988061904925,0.5284362312133324,0.29192982912063603,0.5204399968726335,1,0.125,3,0.375
external_development_validation,75,81.0,crowell,Crowell PGD,158,0.39749911103067537,0.4661705341011114,-0.022407097152516948,0.19298307905038561,27,0.17088607594936708,63,0.3987341772151899,8,0.2666411042213441,0.31535185727008325,0.016284692287445113,0.6591994424502543,3,0.375,4,0.5
external_development_validation,75,81.0,melgar,Melgar PGD,158,0.5909041284005855,0.713738583248858,-0.5344823945926717,0.09150241038349687,27,0.17088607594936708,49,0.310126582278481,8,0.3785120368003845,0.47683586164928726,-0.3785120368003845,0.6937256128841645,2,0.25,5,0.625
external_development_validation,75,81.0,ruhl,Ruhl PGD,158,0.7527074868165995,0.8764778827108622,-0.7228434025486815,0.09192082948564448,15,0.0949367088607595,32,0.20253164556962025,8,0.5826542496681213,0.6503819279375894,-0.5826542496681213,0.7001333496829,0,0.0,1,0.125
external_development_validation,76,82.0,phase73,Phase73 有状态模型,158,0.4173924168453942,0.5564932536685586,0.20662540725514844,0.20899363728764184,47,0.2974683544303797,81,0.5126582278481012,8,0.3065223336219789,0.4155815660795849,0.1953371644020081,0.6570745799940307,3,0.375,6,0.75
external_development_validation,76,82.0,phase39,Phase39 原始提案,158,0.5297520239141924,0.6451157940819012,0.15970356856720344,0.09296616284869505,23,0.14556962025316456,47,0.2974683544303797,8,0.43871999979019183,0.5262359720917428,0.29942165613174443,0.5227403234938456,1,0.125,2,0.25
external_development_validation,76,82.0,crowell,Crowell PGD,158,0.39708385527888446,0.4658686759424453,-0.02103678486015237,0.19423788828763924,26,0.16455696202531644,63,0.3987341772151899,8,0.2665146827697755,0.31534634311848614,0.01615827083587651,0.6591171615190956,3,0.375,4,0.5
external_development_validation,76,82.0,melgar,Melgar PGD,158,0.5903293525116354,0.7120349675570127,-0.5326079416878617,0.09350571763061205,27,0.17088607594936708,49,0.310126582278481,8,0.3784216165542602,0.4766344059603331,-0.3784216165542602,0.6942522010388958,2,0.25,5,0.625
external_development_validation,76,82.0,ruhl,Ruhl PGD,158,0.7505949322181413,0.8745358061928474,-0.7207969653455518,0.09389351837267071,16,0.10126582278481013,32,0.20253164556962025,8,0.5825550079345703,0.6501895477988152,-0.5825550079345703,0.7006617044576428,0,0.0,1,0.125
external_development_validation,77,83.0,phase73,Phase73 有状态模型,158,0.41689561288568044,0.5579204877454058,0.21079674853554242,0.21163154414521024,48,0.3037974683544304,82,0.5189873417721519,8,0.3056297540664674,0.416806485290444,0.19823400974273686,0.6596408121955493,3,0.375,6,0.75
external_development_validation,77,83.0,phase39,Phase39 原始提案,158,0.5283329438559617,0.6434511000829639,0.17134320283237878,0.10841340540518751,24,0.1518987341772152,46,0.2911392405063291,8,0.439814877510071,0.5262205483053524,0.3036193132400513,0.5233449589101167,1,0.125,2,0.25
external_development_validation,77,83.0,crowell,Crowell PGD,158,0.39480703933329536,0.4635216322483713,-0.01893196830266652,0.19987000235123492,26,0.16455696202531644,63,0.3987341772151899,8,0.2648256063461305,0.31333245679946653,0.017741608619689986,0.6642255651622814,3,0.375,4,0.5
external_development_validation,77,83.0,melgar,Melgar PGD,158,0.587304125556463,0.707738545344413,-0.5297217761413963,0.10164270059316355,27,0.17088607594936708,49,0.310126582278481,8,0.3784427762031555,0.4766444629157774,-0.3784427762031555,0.6942782853847302,2,0.25,5,0.625
external_development_validation,77,83.0,ruhl,Ruhl PGD,158,0.7473386867136896,0.8699760438666179,-0.7176544183417214,0.10197971266207685,16,0.10126582278481013,32,0.20253164556962025,8,0.5825782537460327,0.6502037273490724,-0.5825782537460327,0.7006916324198871,0,0.0,1,0.125
external_development_validation,78,84.0,phase73,Phase73 有状态模型,158,0.41601204751413084,0.5587706800404317,0.2151432490047019,0.21426779938856494,49,0.310126582278481,82,0.5189873417721519,8,0.30605843067169203,0.4184114841714998,0.1998249769210816,0.659265872435508,4,0.5,6,0.75
external_development_validation,78,84.0,phase39,Phase39 原始提案,158,0.5234575525114809,0.6390973430248487,0.17571278463436066,0.1266056046274971,23,0.14556962025316456,49,0.310126582278481,8,0.4374620437622072,0.5238065030254834,0.3026011466979981,0.5271224752168961,1,0.125,2,0.25
external_development_validation,78,84.0,crowell,Crowell PGD,158,0.39024112134040173,0.45928212766861004,-0.011315397069424148,0.21016533668025728,27,0.17088607594936708,63,0.3987341772151899,8,0.264141094684601,0.3122696332359893,0.018428790569305464,0.6668041327212203,3,0.375,4,0.5
external_development_validation,78,84.0,melgar,Melgar PGD,158,0.5783600420891486,0.6951301751389857,-0.5193032252637647,0.11740284085778022,27,0.17088607594936708,50,0.31645569620253167,8,0.37439103126525874,0.4680834642286172,-0.37439103126525874,0.715820503778897,2,0.25,5,0.625
external_development_validation,78,84.0,ruhl,Ruhl PGD,158,0.7360008119027827,0.8561893042159097,-0.7062798512132864,0.11759754586788713,17,0.10759493670886076,32,0.20253164556962025,8,0.5784880638122558,0.642646717007292,-0.5784880638122558,0.7205270006565515,0,0.0,1,0.125
external_development_validation,79,85.0,phase73,Phase73 有状态模型,158,0.4168388698674456,0.5607536838089862,0.21891116794151583,0.21492880485012353,49,0.310126582278481,82,0.5189873417721519,8,0.3064866900444032,0.4200376297671423,0.20141516923904423,0.6588410789252614,4,0.5,6,0.75
external_development_validation,79,85.0,phase39,Phase39 原始提案,158,0.5183967554116552,0.6345338699043674,0.18054465402530706,0.14629071889709747,23,0.14556962025316456,50,0.31645569620253167,8,0.43115736246109027,0.5165769388841355,0.29654394388198857,0.5343258349742823,1,0.125,2,0.25
external_development_validation,79,85.0,crowell,Crowell PGD,158,0.3886748072467274,0.45807564329722505,-0.00903342645379575,0.21344429832005116,28,0.17721518987341772,63,0.3987341772151899,8,0.26398451328277606,0.3119219617204635,0.018517065048217818,0.6675551138779177,3,0.375,4,0.5
external_development_validation,79,85.0,melgar,Melgar PGD,158,0.5751087913030312,0.6921037191966372,-0.5161686305758321,0.12198009600676452,27,0.17088607594936708,52,0.3291139240506329,8,0.3744374632835388,0.46809426036641033,-0.3744374632835388,0.7159257207667941,2,0.25,5,0.625
external_development_validation,79,85.0,ruhl,Ruhl PGD,158,0.7325332502775556,0.8527573789991738,-0.7028734140758275,0.1221750767610014,17,0.10759493670886076,32,0.20253164556962025,8,0.5785390257835388,0.6426684157409756,-0.5785390257835388,0.7206424074647604,0,0.0,1,0.125
external_development_validation,80,86.0,phase73,Phase73 有状态模型,158,0.4171047289160234,0.5625488503644367,0.2235941917081421,0.21591551495104683,49,0.310126582278481,82,0.5189873417721519,8,0.30714585781097425,0.421668588684628,0.20270650386810307,0.6582394405812051,4,0.5,6,0.75
external_development_validation,80,86.0,phase39,Phase39 原始提案,158,0.5119020637077623,0.6277125836660253,0.1740519396866423,0.17044908569547274,23,0.14556962025316456,50,0.31645569620253167,8,0.4159869074821474,0.49900935915354194,0.27480720281600957,0.5436317566760791,0,0.0,3,0.375
external_development_validation,80,86.0,crowell,Crowell PGD,158,0.38658410869067245,0.4550316415485677,-0.005495231362837914,0.2182738255230127,28,0.17721518987341772,64,0.4050632911392405,8,0.2681788325309755,0.31389059932508173,0.02286075353622441,0.6597244631575647,3,0.375,4,0.5
external_development_validation,80,86.0,melgar,Melgar PGD,158,0.5702465099624442,0.6857753246418997,-0.5113082565838779,0.12847110722177738,27,0.17088607594936708,53,0.33544303797468356,8,0.36853451728820796,0.46499214734288435,-0.36853451728820796,0.7097537431606652,2,0.25,5,0.625
external_development_validation,80,86.0,ruhl,Ruhl PGD,158,0.727300984346414,0.845853448452316,-0.6975917212570771,0.12865692398716003,17,0.10759493670886076,32,0.20253164556962025,8,0.5721707463264465,0.6376980727728664,-0.5721707463264465,0.7148611179968244,0,0.0,1,0.125
external_development_validation,81,87.0,phase73,Phase73 有状态模型,158,0.4162181498129157,0.5631758618609436,0.22822636290441572,0.21772372195604456,50,0.31645569620253167,83,0.5253164556962026,8,0.30808612108230604,0.42334268933651464,0.2036766886711121,0.6574098930237247,4,0.5,6,0.75
external_development_validation,81,87.0,phase39,Phase39 原始提案,158,0.504045642176761,0.621654080969829,0.16896779024148276,0.1956966260145618,25,0.15822784810126583,52,0.3291139240506329,8,0.3992262601852419,0.47578617326839423,0.2572480916976929,0.565916600067751,0,0.0,3,0.375
external_development_validation,81,87.0,crowell,Crowell PGD,158,0.3822822528549389,0.4507990294358094,2.173230617847713e-05,0.22414207397638153,28,0.17721518987341772,65,0.41139240506329117,8,0.2687034726142885,0.3140017591200233,0.02388631105422978,0.6589688372308462,3,0.375,4,0.5
external_development_validation,81,87.0,melgar,Melgar PGD,158,0.5626234289966053,0.6767899686864569,-0.5037200028383281,0.1357020718436183,28,0.17721518987341772,53,0.33544303797468356,8,0.3587108969688415,0.45891708247843943,-0.3587108969688415,0.7053716288025143,2,0.25,5,0.625
external_development_validation,81,87.0,ruhl,Ruhl PGD,158,0.7190997866135611,0.8358949287635059,-0.6893572958209848,0.1359354539144854,17,0.10759493670886076,32,0.20253164556962025,8,0.5616907596588134,0.6290648256203107,-0.5616907596588134,0.710378100122294,0,0.0,1,0.125
external_development_validation,82,88.0,phase73,Phase73 有状态模型,158,0.41724921902523765,0.5645403798125384,0.2323924106887623,0.2201644288688162,48,0.3037974683544304,83,0.5253164556962026,8,0.30760123729705824,0.42407254311897685,0.20544569492340092,0.6597150845407782,4,0.5,6,0.75
external_development_validation,82,88.0,phase39,Phase39 原始提案,158,0.4920836780644671,0.6128056367383168,0.1610851861253568,0.22081716151458416,29,0.18354430379746836,56,0.35443037974683544,8,0.38400412797927874,0.4544129117854666,0.2412654042243958,0.5865390725197244,1,0.125,4,0.5
external_development_validation,82,88.0,crowell,Crowell PGD,158,0.3799445617048048,0.4483016967480227,0.0024192393580568148,0.2267591186812524,29,0.18354430379746836,65,0.41139240506329117,8,0.26850302219390887,0.3137789688295515,0.02400116920471196,0.6595153750004313,3,0.375,4,0.5
external_development_validation,82,88.0,melgar,Melgar PGD,158,0.5593815821635574,0.672395440102625,-0.5004138192044031,0.13851956279241642,28,0.17721518987341772,53,0.33544303797468356,8,0.3562756299972534,0.45365204216810556,-0.3562756299972534,0.7201598378156974,2,0.25,5,0.625
external_development_validation,82,88.0,ruhl,Ruhl PGD,158,0.7156037191801434,0.831092676545394,-0.6857797314849082,0.13876448756144977,17,0.10759493670886076,32,0.20253164556962025,8,0.5588631153106689,0.62373249859643,-0.5588631153106689,0.7260267135210995,0,0.0,1,0.125
external_development_validation,83,89.0,phase73,Phase73 有状态模型,158,0.4178657465343234,0.5663886728658784,0.23613594453546052,0.22180763051344868,49,0.310126582278481,84,0.5316455696202531,8,0.30776467323303236,0.424639828045432,0.20610051155090336,0.6603596101988942,4,0.5,6,0.75
external_development_validation,83,89.0,phase39,Phase39 原始提案,158,0.49056844952740253,0.6070293415575265,0.16103310524662826,0.2442006293264955,29,0.18354430379746836,58,0.3670886075949367,8,0.37353564500808734,0.4376835281883286,0.22486971616745,0.596599177103996,1,0.125,4,0.5
external_development_validation,83,89.0,crowell,Crowell PGD,158,0.37654671367210696,0.4455706992483947,0.006462543825559843,0.23435594609058805,29,0.18354430379746836,68,0.43037974683544306,8,0.2688475966453554,0.3145685766146076,0.027347314357757613,0.6601886743031208,3,0.375,4,0.5
external_development_validation,83,89.0,melgar,Melgar PGD,158,0.5538590805440011,0.6653497084160559,-0.4948777186719679,0.15021915293791305,28,0.17721518987341772,53,0.33544303797468356,8,0.3493347287178039,0.4410207650999488,-0.3493347287178039,0.7505798714207756,2,0.25,5,0.625
external_development_validation,83,89.0,ruhl,Ruhl PGD,158,0.7096252133574669,0.8234443771552528,-0.6797420676750474,0.15039856122802217,17,0.10759493670886076,32,0.20253164556962025,8,0.5516411781311035,0.611865376285653,-0.5516411781311035,0.7553797785170149,0,0.0,1,0.125
external_development_validation,84,90.0,phase73,Phase73 有状态模型,158,0.417224570769298,0.5673864289253453,0.2397199974784367,0.22484287252470242,49,0.310126582278481,87,0.5506329113924051,8,0.30776515007019056,0.42475086510684273,0.20608990192413335,0.660638684519179,4,0.5,6,0.75
external_development_validation,84,90.0,phase39,Phase39 原始提案,158,0.48968476223040236,0.6012482409581242,0.15356301959556856,0.260408801927452,29,0.18354430379746836,57,0.36075949367088606,8,0.36763865947723406,0.42848192179532024,0.2094460010528565,0.5965121200085115,1,0.125,5,0.625
external_development_validation,84,90.0,crowell,Crowell PGD,158,0.37234508116034026,0.4415992540159887,0.010689678071420268,0.246215256146917,30,0.189873417721519,69,0.43670886075949367,8,0.2679407715797426,0.3133196489006831,0.028174626827240035,0.6633705022287811,3,0.375,4,0.5
external_development_validation,84,90.0,melgar,Melgar PGD,158,0.5481334161154833,0.6570779671272201,-0.48908695691748527,0.16844816026603388,28,0.17721518987341772,54,0.34177215189873417,8,0.3490358710289001,0.4404055378717891,-0.3490358710289001,0.7521678583075657,2,0.25,5,0.625
external_development_validation,84,90.0,ruhl,Ruhl PGD,158,0.7034009462670436,0.8146492600814129,-0.6734302315530899,0.16848906218196558,17,0.10759493670886076,32,0.20253164556962025,8,0.5514893651008606,0.6115927250521256,-0.5514893651008606,0.7561132451369861,0,0.0,1,0.125
external_development_validation,85,91.0,phase73,Phase73 有状态模型,158,0.4173149241676814,0.5684498032670745,0.24273535571520827,0.22730978022646564,50,0.31645569620253167,87,0.5506329113924051,8,0.30757483243942274,0.42455300676792845,0.20585333108901982,0.6610486803644094,4,0.5,6,0.75
external_development_validation,85,91.0,phase39,Phase39 原始提案,158,0.4886590003967286,0.5977843248954748,0.15113762964176214,0.26960110589987324,31,0.1962025316455696,58,0.3670886075949367,8,0.35654218196868914,0.4137549651813736,0.1995742797851563,0.6099479790515067,1,0.125,5,0.625
external_development_validation,85,91.0,crowell,Crowell PGD,158,0.3695564348486407,0.43933981825039353,0.013463512251648586,0.2537733046129703,30,0.189873417721519,69,0.43670886075949367,8,0.2680539011955263,0.3128315907907001,0.028009760379791304,0.6642427784392188,3,0.375,4,0.5
external_development_validation,85,91.0,melgar,Melgar PGD,158,0.5444025003457372,0.6520938113080721,-0.48528647724586216,0.1800526823746575,28,0.17721518987341772,55,0.34810126582278483,8,0.3488561034202575,0.4400358368153285,-0.3488561034202575,0.7531195837132575,2,0.25,5,0.625
external_development_validation,85,91.0,ruhl,Ruhl PGD,158,0.699343970455701,0.8093044699404389,-0.6692884934099417,0.18001253940492098,17,0.10759493670886076,32,0.20253164556962025,8,0.5508191704750061,0.6103912320426683,-0.5508191704750061,0.759331655642704,0,0.0,1,0.125
external_development_validation,86,92.0,phase73,Phase73 有状态模型,158,0.4191626627233964,0.5709726687990228,0.245796224738978,0.22676446207142595,50,0.31645569620253167,87,0.5506329113924051,8,0.30706717967987074,0.424003500778163,0.20527904033660893,0.6614249893816909,4,0.5,6,0.75
external_development_validation,86,92.0,phase39,Phase39 原始提案,158,0.49040012299260016,0.596281873810824,0.1565389361562607,0.27729921155130094,30,0.189873417721519,56,0.35443037974683544,8,0.35508747100830096,0.41170935343263343,0.20392923355102544,0.6069614137469229,1,0.125,5,0.625
external_development_validation,86,92.0,crowell,Crowell PGD,158,0.36886420672452913,0.4386182747304756,0.015269442449641998,0.256742812582426,30,0.189873417721519,70,0.4430379746835443,8,0.26926656961441053,0.31288467581022145,0.03384970426559453,0.66881534078273,3,0.375,4,0.5
external_development_validation,86,92.0,melgar,Melgar PGD,158,0.5420456542244442,0.6490076706908575,-0.4828232481509826,0.1852697242465553,28,0.17721518987341772,55,0.34810126582278483,8,0.3433101892471313,0.4318011792381268,-0.3433101892471313,0.7682135386117884,2,0.25,5,0.625
external_development_validation,86,92.0,ruhl,Ruhl PGD,158,0.6967722669432436,0.8059512315110084,-0.6665907479539704,0.1851836108947671,18,0.11392405063291139,32,0.20253164556962025,8,0.5447064161300659,0.6022763813934423,-0.5447064161300659,0.7726066761413597,0,0.0,1,0.125
external_development_validation,87,93.0,phase73,Phase73 有状态模型,158,0.41946154908288885,0.5723405951033156,0.25010636788380286,0.23029146941745282,49,0.310126582278481,88,0.5569620253164557,8,0.3080339074134828,0.4259168670882135,0.20618866682052617,0.6590605388810497,4,0.5,6,0.75
external_development_validation,87,93.0,phase39,Phase39 原始提案,158,0.49437688332569757,0.5993143648453944,0.17253177075446394,0.28217496771135614,31,0.1962025316455696,57,0.36075949367088606,8,0.35861737728118914,0.4148935782988405,0.22023241519927983,0.6133835950545077,1,0.125,4,0.5
external_development_validation,87,93.0,crowell,Crowell PGD,158,0.36659668004965495,0.43780328779150846,0.019364136683789855,0.2614640890126942,31,0.1962025316455696,71,0.44936708860759494,8,0.26873543262481703,0.3122273830012202,0.03446571826934819,0.6706290418174328,3,0.375,4,0.5
external_development_validation,87,93.0,melgar,Melgar PGD,158,0.5379938783524914,0.643404498925276,-0.47722721401649204,0.19335988960422626,27,0.17088607594936708,55,0.34810126582278483,8,0.33879615068435665,0.42563038010324467,-0.33879615068435665,0.7776562147426993,2,0.25,5,0.625
external_development_validation,87,93.0,ruhl,Ruhl PGD,158,0.6921244349660753,0.7996557677703068,-0.6604751906817474,0.19315873043900408,18,0.11392405063291139,32,0.20253164556962025,8,0.5398525118827819,0.5958154597889879,-0.5398525118827819,0.7828334258699828,0,0.0,1,0.125
external_development_validation,88,94.0,phase73,Phase73 有状态模型,158,0.41857866395877885,0.573330406130096,0.253933094724824,0.23410498575821936,50,0.31645569620253167,88,0.5569620253164557,8,0.3071629643440248,0.4251447522617933,0.20599972009658818,0.6603215409452654,4,0.5,6,0.75
external_development_validation,88,94.0,phase39,Phase39 原始提案,158,0.5017286747316771,0.6061449068705886,0.1949753097341029,0.2845039369523359,29,0.18354430379746836,54,0.34177215189873417,8,0.3646125316619875,0.4229818850550386,0.23924546241760258,0.6173430312571248,1,0.125,5,0.625
external_development_validation,88,94.0,crowell,Crowell PGD,158,0.3637569258484661,0.43686225329419964,0.023740744288963472,0.2680497967730514,32,0.20253164556962025,73,0.4620253164556962,8,0.26609148979187025,0.309676584021688,0.036860632896423384,0.677634034029359,3,0.375,4,0.5
external_development_validation,88,94.0,melgar,Melgar PGD,158,0.5340028056615517,0.6378137979917814,-0.4712398414370382,0.20388682427304064,27,0.17088607594936708,54,0.34177215189873417,8,0.3324718594551086,0.41380004545464716,-0.3324718594551086,0.803574713106507,2,0.25,5,0.625
external_development_validation,88,94.0,ruhl,Ruhl PGD,158,0.6872830258140081,0.7933388531840672,-0.6539392531672612,0.20356385753691397,16,0.10126582278481013,32,0.20253164556962025,8,0.5320509195327758,0.5832752356489906,-0.5320509195327758,0.8099678612590975,0,0.0,1,0.125
external_development_validation,89,95.0,phase73,Phase73 有状态模型,158,0.418756231476989,0.5752382712582871,0.2572104417825046,0.23507515021907058,51,0.3227848101265823,88,0.5569620253164557,8,0.3056586027145387,0.4242132412485621,0.20655469894409184,0.6630440559322731,4,0.5,6,0.75
external_development_validation,89,95.0,phase39,Phase39 原始提案,158,0.509780573543114,0.613010297853959,0.21220662322225436,0.2871403073385435,28,0.17721518987341772,50,0.31645569620253167,8,0.3718850731849672,0.43329787710350237,0.2538602232933045,0.6131806510706371,1,0.125,5,0.625
external_development_validation,89,95.0,crowell,Crowell PGD,158,0.3608229166344753,0.4351301377227004,0.02667848369743237,0.27517719487769277,33,0.2088607594936709,74,0.46835443037974683,8,0.26362296342849745,0.307479576375418,0.03894244432449345,0.6836805112557227,3,0.375,5,0.625
external_development_validation,89,95.0,melgar,Melgar PGD,158,0.5300442574899409,0.6328913468176551,-0.46722069873085526,0.21515997588962538,27,0.17088607594936708,54,0.34177215189873417,8,0.33149100542068477,0.41175206872224046,-0.33149100542068477,0.8083476895922318,2,0.25,5,0.625
external_development_validation,89,95.0,ruhl,Ruhl PGD,158,0.6829676223706597,0.7880137268683038,-0.6495521249650402,0.21476426308557517,16,0.10126582278481013,32,0.20253164556962025,8,0.5306140899658203,0.5807001050382254,-0.5306140899658203,0.8162085118084802,0,0.0,1,0.125
external_development_validation,90,96.0,phase73,Phase73 有状态模型,158,0.4204506662827504,0.5803658546907338,0.26276404646378515,0.23222621996330797,52,0.3291139240506329,87,0.5506329113924051,8,0.3036173820495607,0.4231783462289382,0.20774679183959965,0.6669702091249614,4,0.5,6,0.75
external_development_validation,90,96.0,phase39,Phase39 原始提案,158,0.5125971733769284,0.6168183989815353,0.22217998021765586,0.2937904522598176,29,0.18354430379746836,51,0.3227848101265823,8,0.3687655448913576,0.4342223094685669,0.2611413478851319,0.625730214662117,1,0.125,5,0.625
external_development_validation,90,96.0,crowell,Crowell PGD,158,0.35953290915187414,0.43600218091777376,0.03161505204212803,0.2763193108062762,37,0.23417721518987342,74,0.46835443037974683,8,0.2629664778709413,0.30702841782338186,0.03914510011672978,0.6847367771876388,3,0.375,5,0.625
external_development_validation,90,96.0,melgar,Melgar PGD,158,0.5267616978174524,0.6280679868408711,-0.4604720435565033,0.2175935273127422,26,0.16455696202531644,54,0.34177215189873417,8,0.32775290012359615,0.4097419483556871,-0.32775290012359615,0.8031692986957913,2,0.25,5,0.625
external_development_validation,90,96.0,ruhl,Ruhl PGD,158,0.678124169458317,0.7821759632591658,-0.6421794408484353,0.2171429530196978,17,0.10759493670886076,32,0.20253164556962025,8,0.526963186264038,0.5787570614825783,-0.526963186264038,0.808349355790748,0,0.0,1,0.125
external_development_validation,91,97.0,phase73,Phase73 有状态模型,158,0.4205599054505554,0.582086160842917,0.26588317714159987,0.23355924626436556,51,0.3227848101265823,87,0.5506329113924051,8,0.30444266796112074,0.4282248735190376,0.21164863109588627,0.6648544562720939,4,0.5,6,0.75
external_development_validation,91,97.0,phase39,Phase39 原始提案,158,0.5174357402173779,0.6178275561205187,0.2301940736891347,0.3059926340613166,25,0.15822784810126583,49,0.310126582278481,8,0.36926366090774554,0.43482310782837585,0.2601712822914124,0.6230428682271147,1,0.125,5,0.625
external_development_validation,91,97.0,crowell,Crowell PGD,158,0.3567328881613817,0.4347061439717826,0.03441186796260772,0.2830601427567477,37,0.23417721518987342,74,0.46835443037974683,8,0.2629737496376039,0.30700732115480617,0.03915237188339238,0.6847857704624336,3,0.375,5,0.625
external_development_validation,91,97.0,melgar,Melgar PGD,158,0.5229493032527877,0.6238922187517985,-0.4566442393049411,0.2280032945042232,26,0.16455696202531644,54,0.34177215189873417,8,0.32774711847305293,0.4097299150407379,-0.32774711847305293,0.8031968772025937,2,0.25,5,0.625
external_development_validation,91,97.0,ruhl,Ruhl PGD,158,0.6739577383934698,0.7776011659931501,-0.6380028996286514,0.2274904636906527,17,0.10759493670886076,32,0.20253164556962025,8,0.5269249200820922,0.5786886180830106,-0.5269249200820922,0.8085128470598021,0,0.0,1,0.125
external_development_validation,92,98.0,phase73,Phase73 有状态模型,158,0.42137861312190195,0.5851483677728274,0.27038226851934105,0.23379127808802982,51,0.3227848101265823,87,0.5506329113924051,8,0.3027086496353151,0.42975041077866,0.2150558710098267,0.6681040855085358,4,0.5,6,0.75
external_development_validation,92,98.0,phase39,Phase39 原始提案,158,0.5184449382975133,0.6178406515248913,0.23958654946918714,0.3216784462560158,26,0.16455696202531644,47,0.2974683544303797,8,0.3702301502227785,0.4365266647099394,0.2625303745269776,0.6212216391243162,1,0.125,5,0.625
external_development_validation,92,98.0,crowell,Crowell PGD,158,0.3546653536301626,0.432957783181556,0.037841522240940395,0.2894599060395966,38,0.24050632911392406,74,0.46835443037974683,8,0.26291718482971205,0.3069651404853101,0.03909580707550053,0.684824037844544,3,0.375,5,0.625
external_development_validation,92,98.0,melgar,Melgar PGD,158,0.5184227816666229,0.6182439689247569,-0.45195017887067207,0.23821871443195852,26,0.16455696202531644,55,0.34810126582278483,8,0.3268948912620544,0.4079594670376257,-0.3268948912620544,0.8072310509938404,2,0.25,5,0.625
external_development_validation,92,98.0,ruhl,Ruhl PGD,158,0.6690097470826741,0.7714228156889353,-0.6328813939154905,0.2376370289842523,17,0.10759493670886076,32,0.20253164556962025,8,0.5262610435485839,0.5775031372570315,-0.5262610435485839,0.8113321809060444,0,0.0,1,0.125
external_development_validation,93,99.0,phase73,Phase73 有状态模型,158,0.42064056396484373,0.5860179912289593,0.2728445137603372,0.23512451679531104,50,0.31645569620253167,88,0.5569620253164557,8,0.30018856525421156,0.42883291146799607,0.2169094562530518,0.6728889270259538,4,0.5,6,0.75
external_development_validation,93,99.0,phase39,Phase39 原始提案,158,0.5248878352249726,0.6237144064701224,0.25676483745816375,0.3321378201029272,25,0.15822784810126583,48,0.3037974683544304,8,0.3762065291404726,0.44746523889438816,0.2770547747612,0.6171908989513913,1,0.125,5,0.625
external_development_validation,93,99.0,crowell,Crowell PGD,158,0.35417489643338373,0.4329363232103733,0.040513756908947776,0.29120282422110727,39,0.2468354430379747,74,0.46835443037974683,8,0.26446994543075575,0.30920781894156407,0.040648567676544234,0.6809133740021646,3,0.375,5,0.625
external_development_validation,93,99.0,melgar,Melgar PGD,158,0.5149470057668566,0.6153192925602462,-0.44829198680346544,0.2409561035126282,27,0.17088607594936708,56,0.35443037974683544,8,0.32365627288818355,0.4049246767401532,-0.32365627288818355,0.8088987962933989,2,0.25,5,0.625
external_development_validation,93,99.0,ruhl,Ruhl PGD,158,0.6650380798532994,0.7679554399702001,-0.6288910153545912,0.24035138808404102,17,0.10759493670886076,33,0.2088607594936709,8,0.5228083848953247,0.5741497826197575,-0.5228083848953247,0.8123275941178515,0,0.0,1,0.125
external_development_validation,94,100.0,phase73,Phase73 有状态模型,158,0.42051868981952906,0.587379615660674,0.27595871611486494,0.23747355093728523,51,0.3227848101265823,87,0.5506329113924051,8,0.3005006551742555,0.4324430209155483,0.21987419128417973,0.6716780423924174,4,0.5,6,0.75
external_development_validation,94,100.0,phase39,Phase39 原始提案,158,0.5326414705831793,0.6328839898949596,0.2776385409922538,0.3369311117919926,26,0.16455696202531644,48,0.3037974683544304,8,0.3672927737236025,0.4455959637067919,0.28154896497726445,0.6357179337044297,2,0.25,5,0.625
external_development_validation,94,100.0,crowell,Crowell PGD,158,0.35290657598761077,0.43214176316492975,0.042695715457578116,0.29577202156009524,41,0.25949367088607594,74,0.46835443037974683,8,0.26446994543075575,0.30920781894156407,0.040648567676544234,0.6809133740021646,3,0.375,5,0.625
external_development_validation,94,100.0,melgar,Melgar PGD,158,0.5123908688750449,0.6123724761182131,-0.4453030085261866,0.2477711874542171,28,0.17721518987341772,56,0.35443037974683544,8,0.32365627288818355,0.4049246767401532,-0.32365627288818355,0.8088987962933989,2,0.25,5,0.625
external_development_validation,94,100.0,ruhl,Ruhl PGD,158,0.6622411401965951,0.7646630242597247,-0.6256329802018179,0.24712764230804182,16,0.10126582278481013,34,0.21518987341772153,8,0.5228083848953247,0.5741497826197575,-0.5228083848953247,0.8123275941178515,0,0.0,1,0.125
external_development_validation,95,101.0,phase73,Phase73 有状态模型,158,0.4206000231489351,0.5883913776355956,0.2790557885471777,0.2410855363343471,52,0.3291139240506329,88,0.5569620253164557,8,0.2990559577941896,0.43127762778889306,0.22025518417358403,0.6741776064517844,4,0.5,6,0.75
external_development_validation,95,101.0,phase39,Phase39 原始提案,158,0.5402885020533695,0.6397900085566005,0.2951292659662946,0.34096530190505775,22,0.13924050632911392,49,0.310126582278481,8,0.35502476692199725,0.4454057358078237,0.29182319641113286,0.6643816576485265,2,0.25,5,0.625
external_development_validation,95,101.0,crowell,Crowell PGD,158,0.3515408238278161,0.43133605704554867,0.04500699345069582,0.30027933370140675,41,0.25949367088607594,75,0.47468354430379744,8,0.2629400730133058,0.3078346721722124,0.042178440093994185,0.6849231283733404,3,0.375,5,0.625
external_development_validation,95,101.0,melgar,Melgar PGD,158,0.5092624791060822,0.6091812601645291,-0.44213790229604233,0.2545783056238983,28,0.17721518987341772,56,0.35443037974683544,8,0.3228176951408386,0.4031948420345582,-0.3228176951408386,0.8127515972040484,2,0.25,5,0.625
external_development_validation,95,101.0,ruhl,Ruhl PGD,158,0.658823092979721,0.7610993721096998,-0.6221817173535312,0.2538936286799853,16,0.10126582278481013,34,0.21518987341772153,8,0.5221511840820312,0.5729835934942789,-0.5221511840820312,0.8150489030854761,0,0.0,1,0.125
external_development_validation,96,102.0,phase73,Phase73 有状态模型,158,0.4201891132547886,0.5893091805472352,0.2810007680820512,0.24206235072055993,52,0.3291139240506329,88,0.5569620253164557,8,0.29649963378906263,0.4299313665525237,0.2216607809066773,0.6789080461383757,4,0.5,6,0.75
external_development_validation,96,102.0,phase39,Phase39 原始提案,158,0.5429964880400067,0.6413723754453589,0.3046313267719895,0.34690352146558306,20,0.12658227848101267,45,0.2848101265822785,8,0.3569003105163575,0.44713188469121,0.2945358037948609,0.6678729797601214,3,0.375,4,0.5
external_development_validation,96,102.0,crowell,Crowell PGD,158,0.35105449036706865,0.4319455914566529,0.04704602458808982,0.3012931854448331,41,0.25949367088607594,75,0.47468354430379744,8,0.2626392483711244,0.3075711060874751,0.04247926473617558,0.6856992451147831,3,0.375,5,0.625
external_development_validation,96,102.0,melgar,Melgar PGD,158,0.5083140499984162,0.6075773568868987,-0.439350131191785,0.25616437629071986,28,0.17721518987341772,56,0.35443037974683544,8,0.3228176951408386,0.4031948420345582,-0.3228176951408386,0.8127515972040484,2,0.25,5,0.625
external_development_validation,96,102.0,ruhl,Ruhl PGD,158,0.657796299608448,0.7590700753721245,-0.6191364903993246,0.25544856968529966,16,0.10126582278481013,33,0.2088607594936709,8,0.5221511840820312,0.5729835934942789,-0.5221511840820312,0.8150489030854761,0,0.0,1,0.125
external_development_validation,97,103.0,phase73,Phase73 有状态模型,158,0.41877717851083496,0.5896553170821297,0.28336077098604984,0.24466783502863787,56,0.35443037974683544,88,0.5569620253164557,8,0.29554995298385633,0.4286937638658112,0.22141097784042363,0.6803988996225749,4,0.5,6,0.75
external_development_validation,97,103.0,phase39,Phase39 原始提案,158,0.5427516466454615,0.6402198755398009,0.3075345558456226,0.3554354014195265,18,0.11392405063291139,41,0.25949367088607594,8,0.36188665628433236,0.444026508185148,0.29945813417434697,0.6940292452528286,3,0.375,4,0.5
external_development_validation,97,103.0,crowell,Crowell PGD,158,0.3487056599387641,0.43006517466802924,0.04989241346528245,0.3081994070099136,41,0.25949367088607594,76,0.4810126582278481,8,0.2626392483711244,0.3075711060874751,0.04247926473617558,0.6856992451147831,3,0.375,5,0.625
external_development_validation,97,103.0,melgar,Melgar PGD,158,0.5047191897525064,0.6019544922555335,-0.43546174447747743,0.2677150146840555,28,0.17721518987341772,56,0.35443037974683544,8,0.3228176951408386,0.4031948420345582,-0.3228176951408386,0.8127515972040484,2,0.25,5,0.625
external_development_validation,97,103.0,ruhl,Ruhl PGD,158,0.6535482871381544,0.753092859669067,-0.6148851400689236,0.2669085861839496,16,0.10126582278481013,33,0.2088607594936709,8,0.5221511840820312,0.5729835934942789,-0.5221511840820312,0.8150489030854761,0,0.0,1,0.125
external_development_validation,98,104.0,phase73,Phase73 有状态模型,158,0.41938689388806305,0.5909566794993228,0.28584030610096595,0.2465203744640962,56,0.35443037974683544,88,0.5569620253164557,8,0.29459544420242323,0.42744965746876895,0.22113023996353154,0.681904252315382,4,0.5,6,0.75
external_development_validation,98,104.0,phase39,Phase39 原始提案,158,0.5340356651740737,0.6300047284493959,0.29122252705730955,0.36370356895567874,17,0.10759493670886076,46,0.2911392405063291,8,0.36116657257080087,0.43348793262530066,0.2974068403244019,0.725310981243142,2,0.25,4,0.5
external_development_validation,98,104.0,crowell,Crowell PGD,158,0.34786478477188315,0.4296229527394398,0.05084756054455707,0.31032066123006063,41,0.25949367088607594,77,0.4873417721518987,8,0.26140030622482313,0.3065081204672577,0.04371820688247685,0.6888530291901602,3,0.375,5,0.625
external_development_validation,98,104.0,melgar,Melgar PGD,158,0.5035823677159563,0.6003268264937107,-0.4341566170318219,0.2711917448056377,28,0.17721518987341772,56,0.35443037974683544,8,0.3213130950927734,0.4001076222681534,-0.3213130950927734,0.8195112854353488,2,0.25,5,0.625
external_development_validation,98,104.0,ruhl,Ruhl PGD,158,0.6523095637937136,0.7513352969767703,-0.613458560991891,0.2703570801681463,15,0.0949367088607595,33,0.2088607594936709,8,0.5205329179763794,0.5701276806989958,-0.5205329179763794,0.8216125512114942,0,0.0,1,0.125
external_development_validation,99,105.0,phase73,Phase73 有状态模型,158,0.4198996036867552,0.5920157898698485,0.28797721259201614,0.2485977090466194,56,0.35443037974683544,88,0.5569620253164557,8,0.2936489820480348,0.4262191365558399,0.22083477973937993,0.68340285153407,4,0.5,6,0.75
external_development_validation,99,105.0,phase39,Phase39 原始提案,158,0.531437317329117,0.6280582226091462,0.28290340568445893,0.3707120394867773,19,0.12025316455696203,44,0.27848101265822783,8,0.33787564039230356,0.41511753803252605,0.2712416529655457,0.7236283408401776,3,0.375,4,0.5
external_development_validation,99,105.0,crowell,Crowell PGD,158,0.3473004087617127,0.42966453337774996,0.051794178878204596,0.31151442237328214,41,0.25949367088607594,78,0.4936708860759494,8,0.26140030622482313,0.3065081204672577,0.04371820688247685,0.6888530291901602,3,0.375,5,0.625
external_development_validation,99,105.0,melgar,Melgar PGD,158,0.502823472324806,0.5991742944651886,-0.4328649496730372,0.27326413625162266,28,0.17721518987341772,56,0.35443037974683544,8,0.3213130950927734,0.4001076222681534,-0.3213130950927734,0.8195112854353488,2,0.25,5,0.625
external_development_validation,99,105.0,ruhl,Ruhl PGD,158,0.6514778088919725,0.7500241683419178,-0.6120445577404169,0.2723981321523989,15,0.0949367088607595,32,0.20253164556962025,8,0.5205329179763794,0.5701276806989958,-0.5205329179763794,0.8216125512114942,0,0.0,1,0.125
external_development_validation,100,106.0,phase73,Phase73 有状态模型,158,0.42012103116964994,0.5935970911291805,0.28989683827267404,0.24800687182742945,57,0.36075949367088606,88,0.5569620253164557,8,0.29240831136703505,0.4249962914224014,0.22085069417953496,0.6854932258680786,4,0.5,6,0.75
external_development_validation,100,106.0,phase39,Phase39 原始提案,158,0.5282964857318734,0.6262184192864055,0.28133988984023456,0.371697914318733,22,0.13924050632911392,47,0.2974683544303797,8,0.32948867082595834,0.408842345049886,0.26007138490676884,0.713130035876059,3,0.375,4,0.5
external_development_validation,100,106.0,crowell,Crowell PGD,158,0.3490418856657005,0.4337401403859141,0.05519485473632799,0.3059404248779098,41,0.25949367088607594,78,0.4936708860759494,8,0.2657559156417848,0.3141621327391759,0.04807381629943852,0.6774244754892444,3,0.375,5,0.625
external_development_validation,100,106.0,melgar,Melgar PGD,158,0.50229145665712,0.5984142504620348,-0.4282403203505504,0.2663419764099826,28,0.17721518987341772,56,0.35443037974683544,8,0.31961388587951656,0.3978127499947269,-0.31961388587951656,0.8224613766830517,2,0.25,5,0.625
external_development_validation,100,106.0,ruhl,Ruhl PGD,158,0.6490504602842694,0.7483676678778425,-0.6069630007200605,0.2653619392978623,17,0.10759493670886076,33,0.2088607594936709,8,0.517939281463623,0.5675184571549964,-0.517939281463623,0.8222451102263028,0,0.0,1,0.125
external_development_validation,101,107.0,phase73,Phase73 有状态模型,158,0.42059668830678437,0.5945953293880925,0.29235308985166897,0.25000684840370974,58,0.3670886075949367,87,0.5506329113924051,8,0.29058959484100355,0.42378359345493816,0.2214783906936646,0.6887223694504118,4,0.5,6,0.75
external_development_validation,101,107.0,phase39,Phase39 原始提案,158,0.5309368767315829,0.6300474188112178,0.2822903349429745,0.3684623415572557,23,0.14556962025316456,46,0.2911392405063291,8,0.32353798151016244,0.40676016597756715,0.2494385123252869,0.6997170496992181,3,0.375,4,0.5
external_development_validation,101,107.0,crowell,Crowell PGD,158,0.3496009923234772,0.4348354641590882,0.05782037445261495,0.3049691587343227,41,0.25949367088607594,80,0.5063291139240507,8,0.2655301332473756,0.31397696426535404,0.0482995986938477,0.6779982492932851,3,0.375,5,0.625
external_development_validation,101,107.0,melgar,Melgar PGD,158,0.5006618022918703,0.5959832966530115,-0.42465801178654544,0.2657756040384971,27,0.17088607594936708,57,0.36075949367088606,8,0.31953425407409664,0.3975185955875801,-0.31953425407409664,0.8233104874269636,2,0.25,5,0.625
external_development_validation,101,107.0,ruhl,Ruhl PGD,158,0.6462862497643581,0.745340317229675,-0.6030410694170604,0.2647371383204321,17,0.10759493670886076,33,0.2088607594936709,8,0.518017840385437,0.5675501450929731,-0.518017840385437,0.8224596320402332,0,0.0,1,0.125
external_development_validation,102,108.0,phase73,Phase73 有状态模型,158,0.42020550679556934,0.5949099441163983,0.29341007486174364,0.2506554843125846,57,0.36075949367088606,87,0.5506329113924051,8,0.28972061872482313,0.4226568095506366,0.22119950056076054,0.6900977119024231,4,0.5,6,0.75
external_development_validation,102,108.0,phase39,Phase39 原始提案,158,0.5311913586870024,0.6303435867757858,0.27868164038356336,0.3626944574064006,24,0.1518987341772152,43,0.2721518987341772,8,0.3242157459259034,0.4078279082631215,0.24422626495361333,0.6878714707930953,3,0.375,3,0.375
external_development_validation,102,108.0,crowell,Crowell PGD,158,0.349795013741602,0.4349059124307677,0.058985791628873664,0.3060000619911926,42,0.26582278481012656,80,0.5063291139240507,8,0.2697089552879335,0.3145276271778281,0.05247842073440556,0.6809156460346703,3,0.375,5,0.625
external_development_validation,102,108.0,melgar,Melgar PGD,158,0.49907512664794934,0.5943787205585083,-0.423070134995859,0.267927289133206,27,0.17088607594936708,57,0.36075949367088606,8,0.3196244955062866,0.3975351670536024,-0.3196244955062866,0.8235574350761494,2,0.25,5,0.625
external_development_validation,102,108.0,ruhl,Ruhl PGD,158,0.644551866265792,0.7435263589933868,-0.601299925695492,0.2668577843881009,17,0.10759493670886076,33,0.2088607594936709,8,0.5181172013282775,0.5675903458940906,-0.5181172013282775,0.8227305833765048,0,0.0,1,0.125
external_development_validation,103,109.0,phase73,Phase73 有状态模型,158,0.4194592988943752,0.5951148399228928,0.294607738905315,0.25165861702548176,58,0.3670886075949367,87,0.5506329113924051,8,0.28889104127883924,0.4215681240484082,0.22092925310134892,0.6914097966560765,4,0.5,6,0.75
external_development_validation,103,109.0,phase39,Phase39 原始提案,158,0.5297341708895527,0.6292054054116443,0.26749800428559495,0.3574842330956698,23,0.14556962025316456,44,0.27848101265822783,8,0.3103740334510805,0.39892955999358215,0.2238088726997376,0.6723639321104292,3,0.375,3,0.375
external_development_validation,103,109.0,crowell,Crowell PGD,158,0.3485700884951822,0.4341534210531604,0.06021392798121958,0.3091084586739988,42,0.26582278481012656,81,0.5126582278481012,8,0.2694661855697633,0.31433020169990317,0.05272119045257573,0.6815305846717846,3,0.375,5,0.625
external_development_validation,103,109.0,melgar,Melgar PGD,158,0.4974000882498827,0.5924273254252361,-0.4213852640948719,0.27247899052704205,27,0.17088607594936708,57,0.36075949367088606,8,0.31880838871002193,0.39576424247924535,-0.31880838871002193,0.8274895549849597,2,0.25,5,0.625
external_development_validation,103,109.0,ruhl,Ruhl PGD,158,0.6427313593369497,0.7413976408348176,-0.5994664113732835,0.2713783712512896,17,0.10759493670886076,33,0.2088607594936709,8,0.5171342611312866,0.5657833785981632,-0.5171342611312866,0.8269909817106306,0,0.0,1,0.125
external_development_validation,104,110.0,phase73,Phase73 有状态模型,158,0.4193461031853398,0.5965419907201062,0.2972481824174711,0.2525972723256749,60,0.379746835443038,87,0.5506329113924051,8,0.2875192999839784,0.4206124739716362,0.2213923811912537,0.6938014132556487,4,0.5,6,0.75
external_development_validation,104,110.0,phase39,Phase39 原始提案,158,0.5193594461754908,0.6179426098199557,0.24006113221373726,0.3609291788057048,24,0.1518987341772152,46,0.2911392405063291,8,0.3050943136215212,0.3829382560191473,0.19397239685058598,0.6652434303792407,3,0.375,4,0.5
external_development_validation,104,110.0,crowell,Crowell PGD,158,0.34634932626651826,0.43376171114486783,0.0636485799958433,0.31517201961590074,43,0.2721518987341772,81,0.5126582278481012,8,0.27052208185195936,0.31662774907891883,0.054566371440887496,0.67879007988484,3,0.375,5,0.625
external_development_validation,104,110.0,melgar,Melgar PGD,158,0.4930634679673594,0.5881345430010925,-0.4166902831838102,0.28191392247737346,27,0.17088607594936708,57,0.36075949367088606,8,0.31884176731109615,0.39577048297194944,-0.31884176731109615,0.8275805275724952,2,0.25,5,0.625
external_development_validation,104,110.0,ruhl,Ruhl PGD,158,0.6376244514803344,0.7365377147021434,-0.5943367541590825,0.28074578897579366,18,0.11392405063291139,33,0.2088607594936709,8,0.517171037197113,0.5657983758228312,-0.517171037197113,0.8270908954594017,0,0.0,1,0.125
external_development_validation,105,111.0,phase73,Phase73 有状态模型,158,0.41794179361077805,0.5961219286320727,0.29936937742595415,0.25612360987574323,60,0.379746835443038,88,0.5569620253164557,8,0.28703942298889173,0.41997320319877784,0.22134571075439458,0.6945223304616713,4,0.5,6,0.75
external_development_validation,105,111.0,phase39,Phase39 原始提案,158,0.5050004838388179,0.6047031441248136,0.20905763891678808,0.3658682643765064,26,0.16455696202531644,49,0.310126582278481,8,0.29417861700058,0.3688839828114537,0.16645728349685673,0.6640652272184179,3,0.375,4,0.5
external_development_validation,105,111.0,crowell,Crowell PGD,158,0.3442347538622121,0.4321344996778971,0.06751880766470207,0.3236373154157017,42,0.26582278481012656,82,0.5189873417721519,8,0.26940139532089247,0.31571862233476816,0.055623519420623824,0.6815910624665574,3,0.375,5,0.625
external_development_validation,105,111.0,melgar,Melgar PGD,158,0.4877400911307034,0.5821784096903271,-0.41139181656173524,0.2948543047197789,27,0.17088607594936708,58,0.3670886075949367,8,0.313013744354248,0.38613437050827626,-0.313013744354248,0.8435641940593851,2,0.25,5,0.625
external_development_validation,105,111.0,ruhl,Ruhl PGD,158,0.6318219438383852,0.7300014854882163,-0.5885574606400503,0.2935907589144929,18,0.11392405063291139,33,0.2088607594936709,8,0.5103773593902587,0.5557117714570723,-0.5103773593902587,0.8441207222041535,0,0.0,1,0.125
external_development_validation,106,112.0,phase73,Phase73 有状态模型,158,0.4166584256329114,0.5958406089651418,0.30139305018171464,0.2596199757453246,61,0.3860759493670886,88,0.5569620253164557,8,0.2866994380950929,0.4193623376933293,0.221188235282898,0.6949850829045146,4,0.5,6,0.75
external_development_validation,106,112.0,phase39,Phase39 原始提案,158,0.4946064007433155,0.5954335797906197,0.19560452352596222,0.3717556794886378,28,0.17721518987341772,51,0.3227848101265823,8,0.2903493762016298,0.3642334382272873,0.1600823283195496,0.6671766509798125,3,0.375,4,0.5
external_development_validation,106,112.0,crowell,Crowell PGD,158,0.34235143540780766,0.43122240819864177,0.07027412366263461,0.3299711861577281,45,0.2848101265822785,83,0.5253164556962026,8,0.2681721687316896,0.3147335580049761,0.05674688816070561,0.6846091069239088,3,0.375,5,0.625
external_development_validation,106,112.0,melgar,Melgar PGD,158,0.4838956850993483,0.5785285101264123,-0.407616757139375,0.30392383085709374,27,0.17088607594936708,58,0.3670886075949367,8,0.31261540651321407,0.38525688906527644,-0.31261540651321407,0.8454257504606697,2,0.25,5,0.625
external_development_validation,106,112.0,ruhl,Ruhl PGD,158,0.627635162691527,0.725921691858767,-0.5844433699982078,0.3026243539344136,18,0.11392405063291139,33,0.2088607594936709,8,0.5096575140953064,0.5544148742051719,-0.5096575140953064,0.8469642332439304,0,0.0,1,0.125
external_development_validation,107,113.0,phase73,Phase73 有状态模型,158,0.41554895050918,0.5954334173726376,0.3035832869855662,0.2635159288854185,61,0.3860759493670886,89,0.5632911392405063,8,0.2862096667289735,0.418781120139552,0.22122226953506474,0.6957434388395795,4,0.5,6,0.75
external_development_validation,107,113.0,phase39,Phase39 原始提案,158,0.48630495252488537,0.5893662426736799,0.19377777546266953,0.3752532043849926,30,0.189873417721519,50,0.31645569620253167,8,0.2784322619438173,0.35672795455839246,0.16532980203628544,0.6921758773670951,3,0.375,4,0.5
external_development_validation,107,113.0,crowell,Crowell PGD,158,0.3389179211628589,0.42983497422385253,0.07475134994410247,0.33888166330960295,47,0.2974683544303797,84,0.5316455696202531,8,0.2711778521537782,0.3216081809803341,0.062038528919220015,0.6766795881117148,3,0.375,5,0.625
external_development_validation,107,113.0,melgar,Melgar PGD,158,0.47776645648328575,0.5716961908011106,-0.4014950190918356,0.3180013373648321,28,0.17721518987341772,58,0.3670886075949367,8,0.31019003391265865,0.3802548084301712,-0.31019003391265865,0.8553272661574057,2,0.25,5,0.625
external_development_validation,107,113.0,ruhl,Ruhl PGD,158,0.6209452490263349,0.7184078995378745,-0.5777568243726902,0.3165856017292186,18,0.11392405063291139,34,0.21518987341772153,8,0.5071622848510742,0.5500497926673669,-0.5071622848510742,0.8560619289591241,0,0.0,1,0.125
external_development_validation,108,114.0,phase73,Phase73 有状态模型,158,0.41413587075245534,0.5952055712206774,0.3052442315258556,0.26624396844571296,63,0.3987341772151899,90,0.569620253164557,8,0.2851190805435182,0.41822374230221127,0.22189335823059086,0.697652670928224,4,0.5,6,0.75
external_development_validation,108,114.0,phase39,Phase39 原始提案,158,0.4764072798475435,0.5809157622307888,0.1906960131246831,0.38011640451731143,30,0.189873417721519,58,0.3670886075949367,8,0.270137643814087,0.3516526740995839,0.1779298067092896,0.7224509851363684,3,0.375,4,0.5
external_development_validation,108,114.0,crowell,Crowell PGD,158,0.33735011318061936,0.4291293658594491,0.0774742410152772,0.34464100451963303,49,0.310126582278481,85,0.5379746835443038,8,0.2711778521537782,0.3216081809803341,0.062038528919220015,0.6766795881117148,3,0.375,5,0.625
external_development_validation,108,114.0,melgar,Melgar PGD,158,0.47419348849525944,0.5681389614856024,-0.3977663124663921,0.3262649608468804,28,0.17721518987341772,59,0.37341772151898733,8,0.31019003391265865,0.3802548084301712,-0.31019003391265865,0.8553272661574057,2,0.25,5,0.625
external_development_validation,108,114.0,ruhl,Ruhl PGD,158,0.6168859101548981,0.7144133476019685,-0.5736909304993064,0.3248154284598276,18,0.11392405063291139,34,0.21518987341772153,8,0.5071622848510742,0.5500497926673669,-0.5071622848510742,0.8560619289591241,0,0.0,1,0.125
external_development_validation,109,115.0,phase73,Phase73 有状态模型,158,0.4137548941600172,0.5954186785103572,0.3062767620328105,0.26743568685638325,62,0.3924050632911392,90,0.569620253164557,8,0.2851096630096437,0.4180179055900243,0.22179536819458012,0.6974717536920754,4,0.5,6,0.75
external_development_validation,109,115.0,phase39,Phase39 原始提案,158,0.46600106758407406,0.5693641207835188,0.1814430635186689,0.3847846584186374,31,0.1962025316455696,59,0.37341772151898733,8,0.26932010650634775,0.3440572927599908,0.17880766391754155,0.7404986813169708,3,0.375,4,0.5
external_development_validation,109,115.0,crowell,Crowell PGD,158,0.3372953010510796,0.4289936787231303,0.07918373240700237,0.3478588656812497,49,0.310126582278481,85,0.5379746835443038,8,0.2711778521537782,0.3216081809803341,0.062038528919220015,0.6766795881117148,3,0.375,5,0.625
external_development_validation,109,115.0,melgar,Melgar PGD,158,0.4718716597255273,0.5659383179077996,-0.3954313918005063,0.3312452627805597,28,0.17721518987341772,61,0.3860759493670886,8,0.31019003391265865,0.3802548084301712,-0.31019003391265865,0.8553272661574057,2,0.25,5,0.625
external_development_validation,109,115.0,ruhl,Ruhl PGD,158,0.614353889755056,0.7119443570447989,-0.5711375731456131,0.3297614583748794,18,0.11392405063291139,34,0.21518987341772153,8,0.5071622848510742,0.5500497926673669,-0.5071622848510742,0.8560619289591241,0,0.0,1,0.125
external_development_validation,110,116.0,phase73,Phase73 有状态模型,158,0.4132566367523579,0.5954597788464996,0.30807931513725945,0.2701862764823888,61,0.3860759493670886,91,0.5759493670886076,8,0.28510080575943,0.4184798013956158,0.22260092496871953,0.6977979372570043,4,0.5,6,0.75
external_development_validation,110,116.0,phase39,Phase39 原始提案,158,0.45206599054457264,0.554625971101081,0.16749563700036144,0.38889096360417214,29,0.18354430379746836,59,0.37341772151898733,8,0.25956515073776254,0.3301552162601197,0.17012809514999394,0.7569373010323316,3,0.375,4,0.5
external_development_validation,110,116.0,crowell,Crowell PGD,158,0.33376074380512494,0.42657215281138194,0.08298501183715035,0.35721235542721264,49,0.310126582278481,87,0.5506329113924051,8,0.26983460187912,0.3206924650511068,0.06338177919387822,0.6798750471352855,3,0.375,5,0.625
external_development_validation,110,116.0,melgar,Melgar PGD,158,0.46665922297707096,0.558208321695696,-0.39023609101017825,0.34686530237078483,28,0.17721518987341772,61,0.3860759493670886,8,0.30850358009338374,0.3769049677533134,-0.30850358009338374,0.8615664192480378,2,0.25,5,0.625
external_development_validation,110,116.0,ruhl,Ruhl PGD,158,0.6086615496043919,0.7037512606991375,-0.5654603046706962,0.3452520963490157,18,0.11392405063291139,34,0.21518987341772153,8,0.5057624101638794,0.5476842884982265,-0.5057624101638794,0.8606831635928227,0,0.0,1,0.125
external_development_validation,111,117.0,phase73,Phase73 有状态模型,158,0.4117259725739684,0.5953435092283083,0.3103225442427622,0.27366432051516065,61,0.3860759493670886,91,0.5759493670886076,8,0.2862068295478821,0.41892490419107714,0.22385894060134892,0.6990420207988117,4,0.5,6,0.75
external_development_validation,111,117.0,phase39,Phase39 原始提案,158,0.4351174885713602,0.5371928846409058,0.14521470250962643,0.39121603492579354,35,0.22151898734177214,61,0.3860759493670886,8,0.2365875124931336,0.3054625557021868,0.14721881151199345,0.7733609309485957,3,0.375,4,0.5
external_development_validation,111,117.0,crowell,Crowell PGD,158,0.3296311499197273,0.42427522265719264,0.08818954757497267,0.3684466536138947,52,0.3291139240506329,89,0.5632911392405063,8,0.26418098211288465,0.3173083435779507,0.06903539896011357,0.6925494662047387,3,0.375,5,0.625
external_development_validation,111,117.0,melgar,Melgar PGD,158,0.45951231823691846,0.5495494249541099,-0.38311185112482393,0.3642528648941757,28,0.17721518987341772,62,0.3924050632911392,8,0.29969609975814815,0.3599314221566109,-0.29969609975814815,0.8899907449194135,2,0.25,5,0.625
external_development_validation,111,117.0,ruhl,Ruhl PGD,158,0.6008704710610306,0.6943274761708532,-0.5576884384396712,0.3625336713413011,18,0.11392405063291139,34,0.21518987341772153,8,0.49593527317047115,0.5316125358326077,-0.49593527317047115,0.8889518308403378,0,0.0,1,0.125
external_development_validation,112,118.0,phase73,Phase73 有状态模型,158,0.41134902072858204,0.595443195546543,0.3117561370511597,0.27591881078465896,60,0.379746835443038,90,0.569620253164557,8,0.28665171861648564,0.4193009951985893,0.22440813779830937,0.6990979658023262,4,0.5,6,0.75
external_development_validation,112,118.0,phase39,Phase39 原始提案,158,0.4169080728217017,0.5182320161099992,0.11672862873801695,0.394061370375699,39,0.2468354430379747,67,0.4240506329113924,8,0.21959486007690443,0.28488806476795386,0.12826960086822514,0.7892707441949943,4,0.5,4,0.5
external_development_validation,112,118.0,crowell,Crowell PGD,158,0.3274811183349997,0.4230189988393894,0.09158149248437022,0.37602384022492263,54,0.34177215189873417,91,0.5759493670886076,8,0.26150705814361586,0.3159771707669331,0.07170932292938237,0.6981133425322991,4,0.5,5,0.625
external_development_validation,112,118.0,melgar,Melgar PGD,158,0.45506087134156054,0.5439746431568522,-0.37847371946407277,0.37612266792357524,29,0.18354430379746836,62,0.3924050632911392,8,0.2982977151870727,0.3573220953802022,-0.2982977151870727,0.8938684500308975,2,0.25,5,0.625
external_development_validation,112,118.0,ruhl,Ruhl PGD,158,0.5957878668097003,0.6882750840659512,-0.5526227287099333,0.37433100505969846,18,0.11392405063291139,35,0.22151898734177214,8,0.49461717605590816,0.5295307329915013,-0.49461717605590816,0.8921956315994662,0,0.0,1,0.125
external_development_validation,113,119.0,phase73,Phase73 有状态模型,158,0.41099185762526114,0.5955046547064838,0.31236665761923477,0.27672010112113943,60,0.379746835443038,90,0.569620253164557,8,0.2869087338447571,0.41955084608554094,0.22472010850906377,0.6989685556727393,4,0.5,6,0.75
external_development_validation,113,119.0,phase39,Phase39 原始提案,158,0.40534416029724896,0.503611978193637,0.07729815833176232,0.3927804320848585,42,0.26582278481012656,68,0.43037974683544306,8,0.22051908969879164,0.27629786826602704,0.11194770336151127,0.7876770188906135,4,0.5,5,0.625
external_development_validation,113,119.0,crowell,Crowell PGD,158,0.32717147718502004,0.42297716034090077,0.0931038102017172,0.3789101276159703,53,0.33544303797468356,91,0.5759493670886076,8,0.26150705814361586,0.3159771707669331,0.07170932292938237,0.6981133425322991,4,0.5,5,0.625
external_development_validation,113,119.0,melgar,Melgar PGD,158,0.45294650596908387,0.5424794520239733,-0.37638826008084464,0.37974129415189767,30,0.189873417721519,62,0.3924050632911392,8,0.2982977151870727,0.3573220953802022,-0.2982977151870727,0.8938684500308975,2,0.25,5,0.625
external_development_validation,113,119.0,ruhl,Ruhl PGD,158,0.5934913828403137,0.6865045319286278,-0.550349676156346,0.37795873602802665,18,0.11392405063291139,37,0.23417721518987342,8,0.49461717605590816,0.5295307329915013,-0.49461717605590816,0.8921956315994662,0,0.0,1,0.125
external_development_validation,114,120.0,phase73,Phase73 有状态模型,158,0.4111910041374497,0.5964294933147563,0.31348831140542316,0.2767018354897083,61,0.3860759493670886,90,0.569620253164557,8,0.2870207309722901,0.419710374313758,0.2248358011245728,0.6986499838939949,4,0.5,6,0.75
external_development_validation,114,120.0,phase39,Phase39 原始提案,158,0.39782602515401716,0.49485205908870633,0.05153261558919007,0.3875088004742275,41,0.25949367088607594,72,0.45569620253164556,8,0.2271131515502931,0.2762404994360421,0.10346560478210454,0.7766451066587228,3,0.375,5,0.625
external_development_validation,114,120.0,crowell,Crowell PGD,158,0.32694727318196365,0.4228855906340096,0.094607573521288,0.3815836608536307,53,0.33544303797468356,91,0.5759493670886076,8,0.2608577847480775,0.3156804337480976,0.0723585963249207,0.6994232351238311,4,0.5,5,0.625
external_development_validation,114,120.0,melgar,Melgar PGD,158,0.4510585537439661,0.5408110400260848,-0.37432923196237305,0.38330449025352625,30,0.189873417721519,63,0.3987341772151899,8,0.2982624292373657,0.35725657317704423,-0.2982624292373657,0.8939640836566866,2,0.25,5,0.625
external_development_validation,114,120.0,ruhl,Ruhl PGD,158,0.591227631629268,0.6845671340781352,-0.5481041654755799,0.38152047688165214,18,0.11392405063291139,37,0.23417721518987342,8,0.49461717605590816,0.5295307329915013,-0.49461717605590816,0.8921956315994662,0,0.0,1,0.125
external_development_validation,115,121.0,phase73,Phase73 有状态模型,158,0.4116222091867954,0.5980239022244384,0.31555734706830363,0.2751663274807751,61,0.3860759493670886,90,0.569620253164557,8,0.28730075359344487,0.41979045696833606,0.22507374286651616,0.6987101560651644,4,0.5,6,0.75
external_development_validation,115,121.0,phase39,Phase39 原始提案,158,0.39488194682930094,0.4901578718718164,0.029971029185041523,0.3799664967339171,38,0.24050632911392406,72,0.45569620253164556,8,0.23374965190887464,0.28167642022755307,0.09139482975006108,0.7533494547245305,3,0.375,5,0.625
external_development_validation,115,121.0,crowell,Crowell PGD,158,0.32521939338008066,0.4230750862940944,0.09920976735368546,0.3850827510273668,54,0.34177215189873417,93,0.5886075949367089,8,0.2596773743629457,0.3151676481188987,0.07353900671005253,0.701763890242005,4,0.5,5,0.625
external_development_validation,115,121.0,melgar,Melgar PGD,158,0.4469587621809562,0.5354434729276395,-0.3680284989031056,0.3886661135944025,29,0.18354430379746836,63,0.3987341772151899,8,0.29657990932464595,0.3541508899877232,-0.29657990932464595,0.898398564926015,2,0.25,5,0.625
external_development_validation,115,121.0,ruhl,Ruhl PGD,158,0.5851831979389434,0.6782416735423339,-0.5412318676332886,0.3868425057930575,19,0.12025316455696203,37,0.23417721518987342,8,0.4928063869476318,0.5267003846500242,-0.4928063869476318,0.8964456565677141,0,0.0,1,0.125
external_development_validation,116,122.0,phase73,Phase73 有状态模型,158,0.41200117702725564,0.5979021032621893,0.3164248315593863,0.2770429044892978,62,0.3924050632911392,90,0.569620253164557,8,0.2873936176300049,0.4198281440451835,0.22509150505065922,0.6983766605905266,4,0.5,6,0.75
external_development_validation,116,122.0,phase39,Phase39 原始提案,158,0.39929757601098176,0.49094999100310843,0.021304719055755157,0.3717839773765872,38,0.24050632911392406,69,0.43670886075949367,8,0.23966612815856947,0.2951816929444097,0.10014157295227055,0.7289524730029483,3,0.375,5,0.625
external_development_validation,116,122.0,crowell,Crowell PGD,158,0.32280837131451967,0.4220007696713237,0.10248816466029673,0.3924540854472657,56,0.35443037974683544,94,0.5949367088607594,8,0.2587879538536073,0.3148041130018656,0.07442842721939091,0.7034929617003687,4,0.5,5,0.625
external_development_validation,116,122.0,melgar,Melgar PGD,158,0.4424635307698311,0.5301374522948004,-0.36354611191568503,0.40003773958173905,29,0.18354430379746836,63,0.3987341772151899,8,0.29654015302658077,0.3540779498141701,-0.29654015302658077,0.8985003859397301,2,0.25,5,0.625
external_development_validation,116,122.0,ruhl,Ruhl PGD,158,0.5802675742137283,0.6724724323799168,-0.5363357157646857,0.3981521454810325,19,0.12025316455696203,37,0.23417721518987342,8,0.4924997806549072,0.5262245724217505,-0.4924997806549072,0.8971418439369871,0,0.0,1,0.125
external_development_validation,117,123.0,phase73,Phase73 有状态模型,158,0.41216512450689,0.5978272912745176,0.3170842068104803,0.2782090694443026,61,0.3860759493670886,90,0.569620253164557,8,0.28741781711578374,0.41987814436422594,0.22502284049987797,0.6977255060044741,4,0.5,6,0.75
external_development_validation,117,123.0,phase39,Phase39 原始提案,158,0.40442322236073175,0.49601698104583475,0.025602835643140504,0.36030727985990285,34,0.21518987341772153,66,0.4177215189873418,8,0.25535997152328505,0.31384835526465843,0.10124968290328984,0.684321413514707,3,0.375,4,0.5
external_development_validation,117,123.0,crowell,Crowell PGD,158,0.3215836374065545,0.42157398497057286,0.10474041142041157,0.39685062542719673,57,0.36075949367088606,94,0.5949367088607594,8,0.2587879538536073,0.3148041130018656,0.07442842721939091,0.7034929617003687,4,0.5,5,0.625
external_development_validation,117,123.0,melgar,Melgar PGD,158,0.4393795472157153,0.526827092643982,-0.3604672649238684,0.4067643172649164,29,0.18354430379746836,63,0.3987341772151899,8,0.29654015302658077,0.3540779498141701,-0.29654015302658077,0.8985003859397301,2,0.25,5,0.625
external_development_validation,117,123.0,ruhl,Ruhl PGD,158,0.5768918357317963,0.6688117348316223,-0.5329720189299766,0.40484607697857405,19,0.12025316455696203,37,0.23417721518987342,8,0.4924997806549072,0.5262245724217505,-0.4924997806549072,0.8971418439369871,0,0.0,1,0.125
external_development_validation,118,124.0,phase73,Phase73 有状态模型,158,0.4121342417560046,0.5978557395212704,0.31739808939680253,0.27866226682736384,60,0.379746835443038,90,0.569620253164557,8,0.2875671267509461,0.4199840304142162,0.22507177591323857,0.6970520104954628,4,0.5,6,0.75
external_development_validation,118,124.0,phase39,Phase39 原始提案,158,0.40992513729047175,0.5030597675283563,0.038006166868571924,0.35144646307683447,35,0.22151898734177214,66,0.4177215189873418,8,0.2557303547859193,0.31304224371658507,0.10100315809249882,0.6867363086657624,3,0.375,4,0.5
external_development_validation,118,124.0,crowell,Crowell PGD,158,0.3225139014328583,0.42264025158321916,0.10665053355542906,0.3969602398901885,56,0.35443037974683544,94,0.5949367088607594,8,0.25856699943542494,0.3147168548948995,0.07464938163757329,0.7039179214478037,4,0.5,5,0.625
external_development_validation,118,124.0,melgar,Melgar PGD,158,0.4371387469617627,0.5250736350497751,-0.35786576814289345,0.4078090428182136,29,0.18354430379746836,64,0.4050632911392405,8,0.28934897184371944,0.3531294160699191,-0.28934897184371944,0.8795497886165795,2,0.25,5,0.625
external_development_validation,118,124.0,ruhl,Ruhl PGD,158,0.5740277706822264,0.6666316772303871,-0.530118196825438,0.4058196793816254,20,0.12658227848101267,38,0.24050632911392406,8,0.489549708366394,0.5249870596062985,-0.489549708366394,0.8897934946398033,0,0.0,1,0.125
external_development_validation,119,125.0,phase73,Phase73 有状态模型,158,0.41219489182098,0.5983090831476162,0.31855836095689205,0.2795793944485555,60,0.379746835443038,90,0.569620253164557,8,0.2877809882164002,0.42013234085759865,0.22517811059951787,0.6963261158938446,4,0.5,6,0.75
external_development_validation,119,125.0,phase39,Phase39 原始提案,158,0.41425525689426856,0.5087171010853667,0.04914128629467148,0.34663854781267583,34,0.21518987341772153,65,0.41139240506329117,8,0.2576620221138002,0.3104985886531043,0.10013817548751835,0.6918450130773847,3,0.375,4,0.5
external_development_validation,119,125.0,crowell,Crowell PGD,158,0.3235463238969635,0.4234640124938604,0.10997188543971567,0.3993011767329191,55,0.34810126582278483,94,0.5949367088607594,8,0.26071342229843153,0.31694497297988145,0.07679580450057988,0.7013346478041791,4,0.5,5,0.625
external_development_validation,119,125.0,melgar,Melgar PGD,158,0.43331769327574143,0.5213973942627832,-0.3533313515820082,0.41207684351576107,30,0.189873417721519,65,0.41139240506329117,8,0.28415971994400024,0.34784393488819026,-0.28106273412704463,0.8725881259039757,2,0.25,5,0.625
external_development_validation,119,125.0,ruhl,Ruhl PGD,158,0.5690529135209097,0.662271016189518,-0.5251571498339691,0.4100079265818625,21,0.13291139240506328,38,0.24050632911392406,8,0.47552628517150874,0.5157251344371778,-0.47552628517150874,0.8714212178902654,1,0.125,2,0.25
external_development_validation,120,126.0,phase73,Phase73 有状态模型,158,0.4119494534746001,0.5994459406960562,0.3202818254881266,0.2803761390405733,61,0.3860759493670886,90,0.569620253164557,8,0.2880040884017945,0.42027043073391096,0.225279974937439,0.6956151132495604,4,0.5,6,0.75
external_development_validation,120,126.0,phase39,Phase39 原始提案,158,0.41507599444328996,0.50908583302641,0.04523238954664778,0.34643086465286166,34,0.21518987341772153,67,0.4240506329113924,8,0.25379141569137587,0.3002490262050801,0.08479486703872685,0.7039938863410712,3,0.375,4,0.5
external_development_validation,120,126.0,crowell,Crowell PGD,158,0.3202785709236242,0.4214699052880959,0.11372223986855022,0.40840764399908397,57,0.36075949367088606,96,0.6075949367088608,8,0.2586121797561647,0.3161815433453796,0.07889704704284672,0.705318363243548,4,0.5,5,0.625
external_development_validation,120,126.0,melgar,Melgar PGD,158,0.4281920107105111,0.5140595321120073,-0.3482018241399452,0.426839973665325,30,0.189873417721519,65,0.41139240506329117,8,0.28122150897979736,0.34258737603000383,-0.27812452316284175,0.8798121679553231,2,0.25,5,0.625
external_development_validation,120,126.0,ruhl,Ruhl PGD,158,0.5634551108637944,0.6544725819280894,-0.5195563292201563,0.4246499694332189,21,0.13291139240506328,38,0.24050632911392406,8,0.47223980426788326,0.5107556240159894,-0.47223980426788326,0.878442149766639,1,0.125,2,0.25
external_development_validation,121,127.0,phase73,Phase73 有状态模型,158,0.4116780757904053,0.5994881263557876,0.3215718239168576,0.28264577922764905,62,0.3924050632911392,90,0.569620253164557,8,0.28939806222915654,0.4203843237893191,0.22652243375778203,0.6972206969110261,4,0.5,6,0.75
external_development_validation,121,127.0,phase39,Phase39 原始提案,158,0.4140863116783432,0.5055381178397496,0.02823874316638022,0.34597592079088063,33,0.2088607594936709,70,0.4430379746835443,8,0.24648716449737562,0.28460012606522844,0.067174243927002,0.7284450272501033,3,0.375,5,0.625
external_development_validation,121,127.0,crowell,Crowell PGD,158,0.31740543510340447,0.4214299560632874,0.11863974076283115,0.41602112092381277,59,0.37341772151898733,96,0.6075949367088608,8,0.2568852543830873,0.31563651949781163,0.08062397241592412,0.7084716656011804,4,0.5,5,0.625
external_development_validation,121,127.0,melgar,Melgar PGD,158,0.4229762421378607,0.5078704131509909,-0.34147745748109465,0.4380279018982596,29,0.18354430379746836,66,0.4177215189873418,8,0.27793335914611816,0.33685064466954057,-0.27483637332916255,0.8871111832823567,2,0.25,5,0.625
external_development_validation,121,127.0,ruhl,Ruhl PGD,158,0.5572275264353693,0.6474130405062035,-0.5122123337999177,0.4357434714977059,21,0.13291139240506328,38,0.24050632911392406,8,0.46919364929199214,0.5062583764433944,-0.46919364929199214,0.8843386397706792,1,0.125,2,0.25
external_development_validation,122,128.0,phase73,Phase73 有状态模型,158,0.4112724382666093,0.5992391657905417,0.3228787198851379,0.2855859501870326,63,0.3987341772151899,90,0.569620253164557,8,0.2907382726669312,0.42040481172247973,0.22765355110168461,0.6989196599761275,3,0.375,6,0.75
external_development_validation,122,128.0,phase39,Phase39 原始提案,158,0.40572571513019035,0.4956467045775227,-0.002100953572913129,0.35417390341143784,32,0.20253164556962025,70,0.4430379746835443,8,0.23838856220245375,0.2676260809162884,0.04017131328582768,0.7533298801855673,3,0.375,5,0.625
external_development_validation,122,128.0,crowell,Crowell PGD,158,0.31574788093566897,0.42091233410553175,0.12378528751904438,0.4259770255504433,60,0.379746835443038,96,0.6075949367088608,8,0.25380285978317274,0.3148497486935847,0.08370636701583867,0.7138338723338544,4,0.5,5,0.625
external_development_validation,122,128.0,melgar,Melgar PGD,158,0.4159178450137755,0.5014840171491097,-0.334433021424692,0.4513494441459393,29,0.18354430379746836,68,0.43037974683544306,8,0.2742599844932556,0.3308966271232717,-0.2711629986763,0.8941241873501364,2,0.25,5,0.625
external_development_validation,122,128.0,ruhl,Ruhl PGD,158,0.5495306624641902,0.6401464455478508,-0.5045286462276799,0.4490439013262544,21,0.13291139240506328,38,0.24050632911392406,8,0.4647356986999511,0.499990841311502,-0.4647356986999511,0.8917452852078391,1,0.125,2,0.25
external_development_validation,123,129.0,phase73,Phase73 有状态模型,158,0.411067832270755,0.5990012451882638,0.3236484829383559,0.28760902554725454,63,0.3987341772151899,91,0.5759493670886076,8,0.2911121726036072,0.4202701401181157,0.22775398492813115,0.699025247252995,3,0.375,6,0.75
external_development_validation,123,129.0,phase39,Phase39 原始提案,158,0.3945656082298183,0.4841278098342457,-0.023460837859141742,0.3651590299217747,37,0.23417721518987342,73,0.4620253164556962,8,0.2283696770668031,0.25387845127351716,0.019968616962432906,0.778812442626847,3,0.375,5,0.625
external_development_validation,123,129.0,crowell,Crowell PGD,158,0.31444167245792437,0.42063795046959246,0.12733254855192147,0.4328828676066905,61,0.3860759493670886,96,0.6075949367088608,8,0.25195994377136244,0.3144938794164818,0.08554928302764897,0.7168798117041929,4,0.5,5,0.625
external_development_validation,123,129.0,melgar,Melgar PGD,158,0.41104561950587026,0.4970739946704316,-0.3295784932148608,0.4606236948887344,29,0.18354430379746836,68,0.43037974683544306,8,0.272927463054657,0.32862807318502735,-0.26983047723770137,0.8967104572658999,2,0.25,5,0.625
external_development_validation,123,129.0,ruhl,Ruhl PGD,158,0.5442171784895886,0.6351375212409688,-0.49923144714741785,0.45830008614830153,21,0.13291139240506328,38,0.24050632911392406,8,0.4626913189888,0.49707014021478435,-0.4626913189888,0.8951258132361444,1,0.125,2,0.25
external_development_validation,124,130.0,phase73,Phase73 有状态模型,158,0.4108544524711898,0.5987086810108482,0.3243380287025547,0.28954591074030905,63,0.3987341772151899,90,0.569620253164557,8,0.29146378040313725,0.4200375285024317,0.22778766155242924,0.6992741864763817,3,0.375,6,0.75
external_development_validation,124,130.0,phase39,Phase39 原始提案,158,0.38610735482807407,0.47454132744581556,-0.027292942698997853,0.37639750616902234,38,0.24050632911392406,73,0.4620253164556962,8,0.21139266490936293,0.2361320678653646,0.020823764801025435,0.8155729563870987,4,0.5,7,0.875
external_development_validation,124,130.0,crowell,Crowell PGD,158,0.3135951585407498,0.4200762980430239,0.13052047657061214,0.4394435800015331,62,0.3924050632911392,96,0.6075949367088608,8,0.25103881359100355,0.31434825650865766,0.08647041320800786,0.718358101918723,4,0.5,5,0.625
external_development_validation,124,130.0,melgar,Melgar PGD,158,0.4066754341125489,0.4923990365548307,-0.32521817050402685,0.4701213918765935,29,0.18354430379746836,68,0.43037974683544306,8,0.2728751301765442,0.3285395416606352,-0.2697781443595886,0.8968094108932808,2,0.25,5,0.625
external_development_validation,124,130.0,ruhl,Ruhl PGD,158,0.5394450616232958,0.6299744466275257,-0.4944705691518665,0.46775162636203826,21,0.13291139240506328,38,0.24050632911392406,8,0.4626913189888,0.49707014021478435,-0.4626913189888,0.8951258132361444,1,0.125,2,0.25
external_development_validation,125,131.0,phase73,Phase73 有状态模型,158,0.4123501669002484,0.6004056026960186,0.32620891136459146,0.2897175619707452,62,0.3924050632911392,90,0.569620253164557,8,0.29268227815628056,0.42032459751352574,0.22867308855056767,0.7001070424949893,3,0.375,6,0.75
external_development_validation,125,131.0,phase39,Phase39 原始提案,158,0.38170771297020256,0.46929050050054666,-0.017166053192525038,0.3817599826469037,36,0.22784810126582278,76,0.4810126582278481,8,0.20824148654937757,0.23572305337107413,0.026335406303405806,0.8183638445196694,4,0.5,7,0.875
external_development_validation,125,131.0,crowell,Crowell PGD,158,0.3160369987729229,0.42086374221271544,0.13417909416971313,0.4436602767309651,61,0.3860759493670886,96,0.6075949367088608,8,0.2544622063636781,0.31518998536778076,0.08989380598068242,0.7207635325965491,4,0.5,5,0.625
external_development_validation,125,131.0,melgar,Melgar PGD,158,0.4026825210716152,0.4893891791618071,-0.32020727893974216,0.47464228724979113,31,0.1962025316455696,69,0.43670886075949367,8,0.2695170044898987,0.32294972063890376,-0.26642001867294307,0.9027533755473532,2,0.25,5,0.625
external_development_validation,125,131.0,ruhl,Ruhl PGD,158,0.5339694982842556,0.6261349262220449,-0.4890075122253806,0.47233166922863523,22,0.13924050632911392,41,0.25949367088607594,8,0.4595276236534118,0.4926499892625448,-0.4595276236534118,0.8998779181286466,1,0.125,2,0.25
external_development_validation,126,132.0,phase73,Phase73 有状态模型,158,0.41224999488154535,0.5998949226050556,0.3268211340602439,0.29188383250012817,62,0.3924050632911392,91,0.5759493670886076,8,0.2928088784217835,0.4199955515882669,0.22847067117691044,0.7001315004378988,3,0.375,6,0.75
external_development_validation,126,132.0,phase39,Phase39 原始提案,158,0.3798850820034366,0.46574354684892516,-0.008890109726145365,0.3839116857291258,35,0.22151898734177214,75,0.47468354430379744,8,0.2095396161079408,0.2377613058989007,0.033434379100799605,0.815886459587315,4,0.5,7,0.875
external_development_validation,126,132.0,crowell,Crowell PGD,158,0.315847697439073,0.42060823575665246,0.13737841497493683,0.4492489562597471,63,0.3987341772151899,97,0.6139240506329114,8,0.25474789142608656,0.31768703193120107,0.0932360172271729,0.7194906135732666,4,0.5,5,0.625
external_development_validation,126,132.0,melgar,Melgar PGD,158,0.39830372242987916,0.48460701883166685,-0.315836393380467,0.48336465688455826,31,0.1962025316455696,70,0.4430379746835443,8,0.26794105768203735,0.32038991620565016,-0.26484407186508174,0.9052733453187649,2,0.25,5,0.625
external_development_validation,126,132.0,ruhl,Ruhl PGD,158,0.5291810150387922,0.6208366614915141,-0.48422905463206634,0.48099179337068343,22,0.13924050632911392,41,0.25949367088607594,8,0.45850397348403926,0.4912461849375379,-0.45850397348403926,0.9012941077313094,1,0.125,2,0.25
external_development_validation,127,133.0,phase73,Phase73 有状态模型,158,0.41195622033710716,0.599712648430125,0.32767951639392695,0.2938779964552124,62,0.3924050632911392,91,0.5759493670886076,8,0.2930747747421265,0.41974790066762097,0.22841446399688725,0.7002918493029486,3,0.375,6,0.75
external_development_validation,127,133.0,phase39,Phase39 原始提案,158,0.3775663677650163,0.46214382496176853,-0.010571485833276743,0.3815557277740277,33,0.2088607594936709,77,0.4873417721518987,8,0.21930434703826918,0.24745948033538534,0.02852122783660893,0.7964262775382436,4,0.5,7,0.875
external_development_validation,127,133.0,crowell,Crowell PGD,158,0.31707815278934526,0.42086213005484135,0.14111135881158357,0.4551761935761955,61,0.3860759493670886,98,0.620253164556962,8,0.2565524816513063,0.3204228716149237,0.09504060745239262,0.7157469043637749,4,0.5,5,0.625
external_development_validation,127,133.0,melgar,Melgar PGD,158,0.39319771090640304,0.48024100790934793,-0.31073172786567793,0.4914305090481503,31,0.1962025316455696,73,0.4620253164556962,8,0.26350927352905273,0.31649299408534065,-0.2604122877120971,0.9051563050782836,2,0.25,5,0.625
external_development_validation,127,133.0,ruhl,Ruhl PGD,158,0.5236046278024022,0.615777083209712,-0.4786541461944582,0.4890385950602971,22,0.13924050632911392,42,0.26582278481012656,8,0.4532379627227783,0.48618475977354625,-0.4532379627227783,0.9013842630128984,1,0.125,2,0.25
external_development_validation,128,134.0,phase73,Phase73 有状态模型,158,0.4126721351961546,0.5998952570720232,0.32878845854650557,0.2948430087547138,62,0.3924050632911392,91,0.5759493670886076,8,0.2943320751190186,0.41991846949861467,0.22934799194335942,0.7015564711154122,3,0.375,6,0.75
external_development_validation,128,134.0,phase39,Phase39 原始提案,158,0.37284370192998584,0.45747674717708564,-0.026114364213581393,0.3784399447193543,38,0.24050632911392406,74,0.46835443037974683,8,0.2208447098731996,0.2517657085469544,0.01598809957504277,0.78753151389426,4,0.5,6,0.75
external_development_validation,128,134.0,crowell,Crowell PGD,158,0.3204012037832526,0.42336559550247876,0.14599168149730815,0.45655364070152615,59,0.37341772151898733,98,0.620253164556962,8,0.2591789603233339,0.32687036349406057,0.10080443620681767,0.7092485460656577,4,0.5,5,0.625
external_development_validation,128,134.0,melgar,Melgar PGD,158,0.3898210929918894,0.47748268243607594,-0.30405301987370364,0.49193683065959803,33,0.2088607594936709,75,0.47468354430379744,8,0.2563191056251526,0.3121253259078024,-0.253222119808197,0.9012178444762329,2,0.25,5,0.625
external_development_validation,128,134.0,ruhl,Ruhl PGD,158,0.5175746929796438,0.6116818381209327,-0.4713662183737455,0.4896109184805809,24,0.1518987341772152,46,0.2911392405063291,8,0.4455224990844726,0.4803477068775637,-0.4455224990844726,0.8965592191689009,1,0.125,2,0.25
external_development_validation,129,135.0,phase73,Phase73 有状态模型,158,0.41247225894203665,0.5995430460982706,0.32972358751900577,0.2973489323717134,62,0.3924050632911392,91,0.5759493670886076,8,0.2950565099716187,0.4199167767691926,0.22972767353057866,0.702133076730959,3,0.375,6,0.75
external_development_validation,129,135.0,phase39,Phase39 原始提案,158,0.37221195788323136,0.4558051914596767,-0.055268067347852556,0.3719177954405186,33,0.2088607594936709,76,0.4810126582278481,8,0.216298544406891,0.2534790874537853,-0.00541986227035518,0.7879680417488558,4,0.5,5,0.625
external_development_validation,129,135.0,crowell,Crowell PGD,158,0.3221723803991004,0.42402313254696505,0.15040210832523382,0.4633566098805779,57,0.36075949367088606,98,0.620253164556962,8,0.26412000656127943,0.3289590234700376,0.10805838108062749,0.7150395480987929,4,0.5,5,0.625
external_development_validation,129,135.0,melgar,Melgar PGD,158,0.3837841414198092,0.47303464902779074,-0.2980200942558579,0.5004982123540974,37,0.23417721518987342,76,0.4810126582278481,8,0.2479427456855774,0.2990031006163926,-0.24484575986862178,0.9138755454320738,2,0.25,5,0.625
external_development_validation,129,135.0,ruhl,Ruhl PGD,158,0.5109837592402592,0.6063550221510889,-0.46477973913844645,0.4981727256404475,24,0.1518987341772152,47,0.2974683544303797,8,0.43568147420883174,0.46715516131994245,-0.43568147420883174,0.909278646435623,1,0.125,2,0.25
external_development_validation,130,136.0,phase73,Phase73 有状态模型,158,0.4121103980873205,0.599058645741627,0.33004327061810057,0.2989584806146285,62,0.3924050632911392,91,0.5759493670886076,8,0.2959719777107239,0.41960887655093204,0.2302727580070496,0.7037067441078954,3,0.375,6,0.75
external_development_validation,130,136.0,phase39,Phase39 原始提案,158,0.3725888288473782,0.4551684669726155,-0.07896478266655652,0.36754871715100845,32,0.20253164556962025,76,0.4810126582278481,8,0.20221670866012587,0.2482573383833101,-0.0211240172386169,0.8097191438247879,4,0.5,6,0.75
external_development_validation,130,136.0,crowell,Crowell PGD,158,0.32205571645422826,0.4239300240464633,0.15336444106283054,0.46891819456708606,57,0.36075949367088606,98,0.620253164556962,8,0.2630248904228212,0.3289336711168589,0.10915349721908574,0.7167272332295174,4,0.5,5,0.625
external_development_validation,130,136.0,melgar,Melgar PGD,158,0.3797295286685607,0.4691483387427111,-0.29396886765202396,0.5081561265132911,38,0.24050632911392406,77,0.4873417721518987,8,0.2479427456855774,0.2990031006163926,-0.24484575986862178,0.9138755454320738,2,0.25,5,0.625
external_development_validation,130,136.0,ruhl,Ruhl PGD,158,0.5065560063229333,0.6019586704522095,-0.4603557164155986,0.505806834674457,24,0.1518987341772152,48,0.3037974683544304,8,0.43568147420883174,0.46715516131994245,-0.43568147420883174,0.909278646435623,1,0.125,2,0.25
external_development_validation,131,137.0,phase73,Phase73 有状态模型,158,0.41158055715923064,0.5985404072040198,0.33014684085604495,0.300171952508102,62,0.3924050632911392,91,0.5759493670886076,8,0.2961967468261719,0.4192416216080844,0.23011772632598881,0.704030512660776,3,0.375,6,0.75
external_development_validation,131,137.0,phase39,Phase39 原始提案,158,0.37094368210321754,0.4545869055126492,-0.08609997773472274,0.36747174549901396,34,0.21518987341772153,74,0.46835443037974683,8,0.19512035846710218,0.2445343107764982,-0.022581768035888627,0.822078969623244,4,0.5,6,0.75
external_development_validation,131,137.0,crowell,Crowell PGD,158,0.32283377104167693,0.4240044233217892,0.1553966546360449,0.47256089023094366,56,0.35443037974683544,99,0.6265822784810127,8,0.26307301521301274,0.3289341725443431,0.11001031398773198,0.7180214054392802,4,0.5,5,0.625
external_development_validation,131,137.0,melgar,Melgar PGD,158,0.37694825824302974,0.46676262252234535,-0.2911887500859515,0.5129075316656134,38,0.24050632911392406,77,0.4873417721518987,8,0.24773907661437988,0.29868293424433917,-0.24464209079742427,0.914143214307002,2,0.25,5,0.625
external_development_validation,131,137.0,ruhl,Ruhl PGD,158,0.5035198422926892,0.5992016156971729,-0.45732081992716744,0.5105497335330533,24,0.1518987341772152,50,0.31645569620253167,8,0.4355899810791015,0.4670348434852447,-0.4355899810791015,0.9093813259740111,1,0.125,2,0.25
external_development_validation,132,138.0,phase73,Phase73 有状态模型,158,0.41107999282547186,0.5982294450831972,0.3306529461583003,0.3017050425214549,62,0.3924050632911392,91,0.5759493670886076,8,0.2964584112167359,0.4188938389207491,0.23000650405883794,0.7043964084601199,3,0.375,6,0.75
external_development_validation,132,138.0,phase39,Phase39 原始提案,158,0.3684068052074578,0.4531574118922782,-0.07609993898415875,0.36960885817237804,36,0.22784810126582278,76,0.4810126582278481,8,0.19421484470367445,0.24489094846122966,-0.016497802734374956,0.8201369154575466,4,0.5,6,0.75
external_development_validation,132,138.0,crowell,Crowell PGD,158,0.32299344931976703,0.42407976938022435,0.15863817251181286,0.47762890627864946,56,0.35443037974683544,98,0.620253164556962,8,0.2644823074340821,0.32899072463846313,0.11141960620880131,0.7200616402772236,4,0.5,5,0.625
external_development_validation,132,138.0,melgar,Melgar PGD,158,0.37311172002478504,0.46217292005997024,-0.28676046299029007,0.5207150535820108,39,0.2468354430379747,79,0.5,8,0.24602800607681274,0.29602374008424515,-0.24293102025985713,0.9162908425329667,2,0.25,5,0.625
external_development_validation,132,138.0,ruhl,Ruhl PGD,158,0.49932769220086604,0.5940417965173312,-0.45247935645187976,0.5182909801012626,24,0.1518987341772152,50,0.31645569620253167,8,0.4340469360351562,0.465022671090589,-0.4340469360351562,0.911049834679633,1,0.125,2,0.25
external_development_validation,133,139.0,phase73,Phase73 有状态模型,158,0.4108603501621681,0.5977281668739665,0.33081029336663725,0.30291832367516786,62,0.3924050632911392,92,0.5822784810126582,8,0.2967886805534363,0.4185714947169903,0.2299814105033875,0.7048624357713176,3,0.375,6,0.75
external_development_validation,133,139.0,phase39,Phase39 原始提案,158,0.36723121087762384,0.452000229669974,-0.06215907953962502,0.3727008966621405,40,0.25316455696202533,73,0.4620253164556962,8,0.191174352169037,0.2396976754732612,-0.004622113704681352,0.826600472912527,4,0.5,6,0.75
external_development_validation,133,139.0,crowell,Crowell PGD,158,0.32303701473187796,0.42431828643015973,0.16106538531146458,0.48122055236256145,56,0.35443037974683544,98,0.620253164556962,8,0.26625483036041264,0.3291072381690034,0.11319212913513188,0.7225925597594023,4,0.5,5,0.625
external_development_validation,133,139.0,melgar,Melgar PGD,158,0.3701265232472481,0.45910450745981346,-0.28344358069987247,0.5259433979013711,39,0.2468354430379747,80,0.5063291139240507,8,0.24114805459976196,0.2886204685741137,-0.23805106878280635,0.9221119843188644,2,0.25,5,0.625
external_development_validation,133,139.0,ruhl,Ruhl PGD,158,0.4960664942294738,0.5905177235323313,-0.448854217046424,0.5234818965761253,23,0.14556962025316456,50,0.31645569620253167,8,0.4291568517684936,0.45872661486389266,-0.4291568517684936,0.9161184517966806,1,0.125,2,0.25
external_development_validation,134,140.0,phase73,Phase73 有状态模型,158,0.411240028429635,0.5979002669832598,0.33121608782418155,0.30360450667062727,62,0.3924050632911392,92,0.5822784810126582,8,0.29730181694030766,0.4182833345979098,0.23015539646148686,0.7056354445872707,3,0.375,6,0.75
external_development_validation,134,140.0,phase39,Phase39 原始提案,158,0.3653311862221248,0.45063828594989264,-0.055151372016230785,0.3758788917669072,41,0.25949367088607594,71,0.44936708860759494,8,0.1828384637832643,0.23518141664740635,-0.0008660078048705611,0.8339545014001178,5,0.625,6,0.75
external_development_validation,134,140.0,crowell,Crowell PGD,158,0.32280012746400466,0.42419456298783687,0.16324991214124449,0.48538308686597476,57,0.36075949367088606,98,0.620253164556962,8,0.26653914451599126,0.329133030284139,0.1134764432907105,0.7229896384893245,4,0.5,5,0.625
external_development_validation,134,140.0,melgar,Melgar PGD,158,0.367140490495706,0.45572787628255523,-0.2804603184325786,0.5322929704246588,39,0.2468354430379747,80,0.5063291139240507,8,0.23979586362838745,0.28663734658848544,-0.23669887781143184,0.9234224180845085,2,0.25,5,0.625
external_development_validation,134,140.0,ruhl,Ruhl PGD,158,0.49280053090445614,0.5868063547334325,-0.4455913078935842,0.5297852466002855,23,0.14556962025316456,50,0.31645569620253167,8,0.42677105665206905,0.45577906231479964,-0.42677105665206905,0.918112565809913,1,0.125,2,0.25
external_development_validation,135,141.0,phase73,Phase73 有状态模型,158,0.4115069636815711,0.5974592722255334,0.33141957959042306,0.304672539683415,62,0.3924050632911392,92,0.5822784810126582,8,0.2978198409080506,0.418006632525657,0.23034678697586064,0.7064001045860555,3,0.375,6,0.75
external_development_validation,135,141.0,phase39,Phase39 原始提案,158,0.3638388416435146,0.4497352023902945,-0.05489153801640385,0.37773990833331234,44,0.27848101265822783,74,0.46835443037974683,8,0.17599149942398085,0.2347050077869919,-0.0007866740226745161,0.8338450007422357,6,0.75,6,0.75
external_development_validation,135,141.0,crowell,Crowell PGD,158,0.32311945263343517,0.424129290808145,0.1651401851750626,0.4885076465158294,55,0.34810126582278483,98,0.620253164556962,8,0.26755760908126835,0.32924152598804085,0.1144949078559876,0.7243920942779789,4,0.5,5,0.625
external_development_validation,135,141.0,melgar,Melgar PGD,158,0.3645549315440505,0.4531386914038398,-0.27787369716016563,0.5366711151036839,39,0.2468354430379747,81,0.5126582278481012,8,0.2365085482597351,0.28193862513732315,-0.2334115624427795,0.926316881012674,2,0.25,5,0.625
external_development_validation,135,141.0,ruhl,Ruhl PGD,158,0.48997889229013963,0.5838709705578902,-0.44276849831206905,0.5341405712115662,23,0.14556962025316456,51,0.3227848101265823,8,0.4236806154251098,0.4520486307187859,-0.4236806154251098,0.9204340734070411,1,0.125,2,0.25
external_development_validation,136,142.0,phase73,Phase73 有状态模型,158,0.41149198254452474,0.5970517892548362,0.3314219456684739,0.305415806585361,62,0.3924050632911392,92,0.5822784810126582,8,0.2984798431396485,0.41775509924773563,0.2306886196136475,0.7073916991523089,3,0.375,6,0.75
external_development_validation,136,142.0,phase39,Phase39 原始提案,158,0.36244116915932195,0.4485364664838285,-0.058892835544634536,0.3776752915216891,44,0.27848101265822783,75,0.47468354430379744,8,0.17899283170700087,0.24163254568417705,-0.00467516183853145,0.8229363797733044,5,0.625,6,0.75
external_development_validation,136,142.0,crowell,Crowell PGD,158,0.3231877731371529,0.4241593926306625,0.16645475882518126,0.4906517701555198,55,0.34810126582278483,98,0.620253164556962,8,0.26755760908126835,0.32924152598804085,0.1144949078559876,0.7243920942779789,4,0.5,5,0.625
external_development_validation,136,142.0,melgar,Melgar PGD,158,0.36275839624525635,0.45127669704774775,-0.2760774636570412,0.5398868287820987,39,0.2468354430379747,82,0.5189873417721519,8,0.23569554090499878,0.2808162991393526,-0.23259855508804317,0.9269221745819917,2,0.25,5,0.625
external_development_validation,136,142.0,ruhl,Ruhl PGD,158,0.4880151742621314,0.5817813264767743,-0.440805118295211,0.5373302972302753,23,0.14556962025316456,52,0.3291139240506329,8,0.42279208898544307,0.4510080557209936,-0.42279208898544307,0.921001510027977,1,0.125,2,0.25
external_development_validation,137,143.0,phase73,Phase73 有状态模型,158,0.4115486525282075,0.5967006543379982,0.3315276767634137,0.3061001139433086,62,0.3924050632911392,92,0.5822784810126582,8,0.2986653327941895,0.41746414433670526,0.23056321144104008,0.7074967860006179,3,0.375,6,0.75
external_development_validation,137,143.0,phase39,Phase39 原始提案,158,0.3590631931642943,0.4458516273794062,-0.06349590760243097,0.37838628884820785,44,0.27848101265822783,76,0.4810126582278481,8,0.18172312974929827,0.25050478350347527,-0.005378139019012407,0.8072940420680237,5,0.625,6,0.75
external_development_validation,137,143.0,crowell,Crowell PGD,158,0.32407063109965256,0.42483158537366256,0.16815905631343006,0.4921366352203746,55,0.34810126582278483,98,0.620253164556962,8,0.26755760908126835,0.32924152598804085,0.1144949078559876,0.7243920942779789,4,0.5,5,0.625
external_development_validation,137,143.0,melgar,Melgar PGD,158,0.3610838890075685,0.4499073832551454,-0.2737476010865804,0.5416872265513907,41,0.25949367088607594,82,0.5189873417721519,8,0.23454302549362183,0.27925001495141377,-0.23144603967666622,0.9277219764716014,2,0.25,5,0.625
external_development_validation,137,143.0,ruhl,Ruhl PGD,158,0.4856114284901681,0.5800051725726981,-0.4382597675806361,0.5391199760242044,23,0.14556962025316456,54,0.34177215189873417,8,0.42107732295989986,0.44903280088110775,-0.42107732295989986,0.9220036954503446,1,0.125,2,0.25
external_development_validation,138,144.0,phase73,Phase73 有状态模型,158,0.41164928327632855,0.5962758531958979,0.3317285459252851,0.30711329650623326,60,0.379746835443038,91,0.5759493670886076,8,0.29893015623092656,0.41720057941385,0.2305232167243958,0.7076711915483229,3,0.375,6,0.75
external_development_validation,138,144.0,phase39,Phase39 原始提案,158,0.35745754060865964,0.44395508313044457,-0.07068948806086679,0.37856534151563337,44,0.27848101265822783,79,0.5,8,0.18708677291870135,0.26398850904058146,-0.005892348289489702,0.7778597066526224,5,0.625,6,0.75
external_development_validation,138,144.0,crowell,Crowell PGD,158,0.32383505302139476,0.42479951544769984,0.17024774792828123,0.4953101578035413,55,0.34810126582278483,98,0.620253164556962,8,0.2678629636764527,0.3292789586247826,0.11480026245117192,0.7248065306852819,4,0.5,5,0.625
external_development_validation,138,144.0,melgar,Melgar PGD,158,0.3582299703284156,0.4469803817983272,-0.2708898978897289,0.5462940981408336,41,0.25949367088607594,83,0.5253164556962026,8,0.22467964887619019,0.26467676903391363,-0.22158266305923457,0.9383842120519497,2,0.25,5,0.625
external_development_validation,138,144.0,ruhl,Ruhl PGD,158,0.48249645353872583,0.5766787051048974,-0.4351406097412111,0.5437054781683489,23,0.14556962025316456,54,0.34177215189873417,8,0.41071708202362056,0.43604118806863695,-0.41071708202362056,0.9314546121695053,1,0.125,2,0.25
external_development_validation,139,145.0,phase73,Phase73 有状态模型,158,0.4113435582269596,0.5957735489996971,0.3314591570745539,0.30745009102020576,60,0.379746835443038,91,0.5759493670886076,8,0.29910897016525273,0.4169516547391447,0.23040615320205693,0.7076012081775561,3,0.375,6,0.75
external_development_validation,139,145.0,phase39,Phase39 原始提案,158,0.3554489171957669,0.44265758551095313,-0.07919717740408988,0.3776434424821536,43,0.2721518987341772,80,0.5063291139240507,8,0.19235087633132952,0.283581396825609,-0.0051548600196837935,0.7242099384375061,5,0.625,6,0.75
external_development_validation,139,145.0,crowell,Crowell PGD,158,0.3241471610491789,0.42498626258694117,0.17080569870864276,0.49608554220624324,55,0.34810126582278483,98,0.620253164556962,8,0.2678629636764527,0.3292789586247826,0.11480026245117192,0.7248065306852819,4,0.5,5,0.625
external_development_validation,139,145.0,melgar,Melgar PGD,158,0.35746837990193436,0.4465469137984077,-0.27012709424465525,0.5471690402628473,41,0.25949367088607594,83,0.5253164556962026,8,0.22439825534820557,0.2642740158698738,-0.22130126953124996,0.9386560190003923,2,0.25,5,0.625
external_development_validation,139,145.0,ruhl,Ruhl PGD,158,0.48166450850571274,0.5761239370630765,-0.43430731869951095,0.5445817840948919,23,0.14556962025316456,54,0.34177215189873417,8,0.41041071414947505,0.4356644952447608,-0.41041071414947505,0.9317068452666593,1,0.125,2,0.25
external_development_validation,140,146.0,phase73,Phase73 有状态模型,158,0.41142317614977875,0.5967090434924153,0.33205914799171143,0.30685911582947323,61,0.3860759493670886,91,0.5759493670886076,8,0.2992254972457886,0.41670931002677025,0.23023288249969487,0.7073441322668211,3,0.375,6,0.75
external_development_validation,140,146.0,phase39,Phase39 原始提案,158,0.3564029403879674,0.4430466531873234,-0.08803417712827279,0.3748909865948987,45,0.2848101265822785,78,0.4936708860759494,8,0.20890338420867938,0.31346341674282824,-0.003050756454467729,0.6299247457428396,5,0.625,6,0.75
external_development_validation,140,146.0,crowell,Crowell PGD,158,0.3238939816438699,0.4251203176745232,0.1724520272846462,0.4989398683631088,54,0.34177215189873417,97,0.6139240506329114,8,0.2678629636764527,0.3292789586247826,0.11480026245117192,0.7248065306852819,4,0.5,5,0.625
external_development_validation,140,146.0,melgar,Melgar PGD,158,0.3552204910712907,0.4444101140471568,-0.2678779076926317,0.5512007417148235,41,0.25949367088607594,83,0.5253164556962026,8,0.22439825534820557,0.2642740158698738,-0.22130126953124996,0.9386560190003923,2,0.25,5,0.625
external_development_validation,140,146.0,ruhl,Ruhl PGD,158,0.47920701654651515,0.5736984487505243,-0.43184839622883875,0.5485920536804691,24,0.1518987341772152,54,0.34177215189873417,8,0.41041071414947505,0.4356644952447608,-0.41041071414947505,0.9317068452666593,1,0.125,2,0.25
external_development_validation,141,147.0,phase73,Phase73 有状态模型,158,0.41080214403852633,0.5959399971480989,0.33245563808875733,0.30818997331952985,60,0.379746835443038,91,0.5759493670886076,8,0.2991710186004639,0.41635848125386743,0.22989718914031987,0.7068858360901001,3,0.375,6,0.75
external_development_validation,141,147.0,phase39,Phase39 原始提案,158,0.3581333534627022,0.4440521174960361,-0.09564201137687593,0.36711224982059026,42,0.26582278481012656,78,0.4936708860759494,8,0.22693426609039324,0.34721218081167304,0.0028611898422241655,0.5089319564951222,5,0.625,6,0.75
external_development_validation,141,147.0,crowell,Crowell PGD,158,0.3228891076920908,0.4243743594186452,0.17517472822454896,0.5031972847785866,55,0.34810126582278483,97,0.6139240506329114,8,0.263205099105835,0.3244830952123274,0.11995117664337163,0.7370141097239352,4,0.5,5,0.625
external_development_validation,141,147.0,melgar,Melgar PGD,158,0.3523536205291749,0.43982502836182635,-0.26414251629310326,0.5574370411460622,41,0.25949367088607594,83,0.5253164556962026,8,0.22364747524261475,0.2632081999217175,-0.22055048942565914,0.9393588121103162,2,0.25,5,0.625
external_development_validation,141,147.0,ruhl,Ruhl PGD,158,0.47561887729017055,0.5686012593907225,-0.4277835344966456,0.554771670444178,23,0.14556962025316456,54,0.34177215189873417,8,0.40907211303710933,0.4340350845059158,-0.40907211303710933,0.9327571426588392,1,0.125,2,0.25
external_development_validation,142,148.0,phase73,Phase73 有状态模型,158,0.41032127790813205,0.5956114652562943,0.3328604698181151,0.3090463576745246,61,0.3860759493670886,91,0.5759493670886076,8,0.29913579225540166,0.416022778409143,0.22958933115005498,0.7063566135600566,3,0.375,6,0.75
external_development_validation,142,148.0,phase39,Phase39 原始提案,158,0.35731074659130246,0.44345697532977274,-0.09692635717271256,0.3609265873443484,35,0.22151898734177214,79,0.5,8,0.23298218250274672,0.3600669249739683,0.013247895240783736,0.46337671028016797,5,0.625,6,0.75
external_development_validation,142,148.0,crowell,Crowell PGD,158,0.322671100761317,0.42536663824691634,0.17808526075339,0.5049762888680753,55,0.34810126582278483,98,0.620253164556962,8,0.2644403457641602,0.32474649917749465,0.12118642330169682,0.7384253724755392,4,0.5,5,0.625
external_development_validation,142,148.0,melgar,Melgar PGD,158,0.35006721049924455,0.4363666125244361,-0.260169527198695,0.5610887293840702,41,0.25949367088607594,83,0.5253164556962026,8,0.22364747524261475,0.2632081999217175,-0.22055048942565914,0.9393588121103162,2,0.25,5,0.625
external_development_validation,142,148.0,ruhl,Ruhl PGD,158,0.4731285258184507,0.5644761929964847,-0.4234360531915594,0.5583227678858463,23,0.14556962025316456,54,0.34177215189873417,8,0.40907211303710933,0.4340350845059158,-0.40907211303710933,0.9327571426588392,1,0.125,2,0.25
external_development_validation,143,149.0,phase73,Phase73 有状态模型,158,0.40954597388641745,0.5947583445115224,0.3332705045048193,0.3108991418539851,60,0.379746835443038,91,0.5759493670886076,8,0.29927991628646855,0.4157209468351532,0.22947238683700566,0.7060546943070348,3,0.375,6,0.75
external_development_validation,143,149.0,phase39,Phase39 原始提案,158,0.3549935811682593,0.4428925577000834,-0.09234770038459882,0.35819214603624333,36,0.22784810126582278,82,0.5189873417721519,8,0.23238047361373915,0.3599752521201737,0.018751132488250777,0.4659321049006836,5,0.625,6,0.75
external_development_validation,143,149.0,crowell,Crowell PGD,158,0.32099208167836635,0.42437079694385355,0.18097220493268348,0.5110368587107955,56,0.35443037974683544,100,0.6329113924050633,8,0.2582908153533936,0.3188635420232971,0.12994425296783452,0.7563606007419073,3,0.375,6,0.75
external_development_validation,143,149.0,melgar,Melgar PGD,158,0.3461176135871985,0.4305364873144178,-0.256219930286649,0.5708109538790677,41,0.25949367088607594,83,0.5253164556962026,8,0.2223970890045166,0.26151897230905025,-0.219300103187561,0.940123787716489,2,0.25,5,0.625
external_development_validation,143,149.0,ruhl,Ruhl PGD,158,0.4688172328321241,0.5582535520639802,-0.4191247602052328,0.5679669091443353,23,0.14556962025316456,54,0.34177215189873417,8,0.40770508050918575,0.43249534883283236,-0.40770508050918575,0.933455824496473,1,0.125,2,0.25
external_development_validation,144,150.0,phase73,Phase73 有状态模型,158,0.40905213959609404,0.594053101303579,0.3336730456050437,0.3126694778296005,60,0.379746835443038,92,0.5822784810126582,8,0.29927502870559697,0.41541927471414597,0.22921763658523564,0.7054087459292933,3,0.375,6,0.75
external_development_validation,144,150.0,phase39,Phase39 原始提案,158,0.35157694937307626,0.44224865672343355,-0.08495767508881008,0.3602956332476598,41,0.25949367088607594,87,0.5506329113924051,8,0.2234001994132997,0.35564483997493257,0.0277116179466248,0.4880019094904887,6,0.75,6,0.75
external_development_validation,144,150.0,crowell,Crowell PGD,158,0.3197025220605391,0.4241082923688717,0.18401413627817648,0.5166028853456741,56,0.35443037974683544,100,0.6329113924050633,8,0.26132498979568486,0.31990344111514385,0.13297842741012578,0.759048539903107,3,0.375,6,0.75
external_development_validation,144,150.0,melgar,Melgar PGD,158,0.3422620924213266,0.4253318327222131,-0.2520643759377396,0.5796810349200081,41,0.25949367088607594,83,0.5253164556962026,8,0.21935570240020752,0.25756667942508643,-0.2162587165832519,0.9416778067808212,2,0.25,5,0.625
external_development_validation,144,150.0,ruhl,Ruhl PGD,158,0.46427382577823706,0.5525840083291074,-0.41458135315134576,0.5767577387068893,23,0.14556962025316456,54,0.34177215189873417,8,0.4049517631530761,0.4294831054492861,-0.4049517631530761,0.934648131556444,1,0.125,2,0.25
external_development_validation,145,151.0,phase73,Phase73 有状态模型,158,0.40859218247329127,0.5932788259119843,0.33404217188871344,0.3138594516769507,60,0.379746835443038,92,0.5822784810126582,8,0.2980680942535401,0.41464993461549404,0.23019461631774907,0.7053606204163326,3,0.375,6,0.75
external_development_validation,145,151.0,phase39,Phase39 原始提案,158,0.34843889308881165,0.4415062246734899,-0.08259994168824794,0.3640721085873305,43,0.2721518987341772,83,0.5253164556962026,8,0.21148611307144183,0.3482265415146634,0.03426860570907597,0.5200499800472771,6,0.75,6,0.75
external_development_validation,145,151.0,crowell,Crowell PGD,158,0.3200587465793271,0.423975733053852,0.1866886102700534,0.5204017482292658,56,0.35443037974683544,100,0.6329113924050633,8,0.2652854204177857,0.321411600507455,0.1369388580322266,0.7624312054685195,3,0.375,6,0.75
external_development_validation,145,151.0,melgar,Melgar PGD,158,0.3385979519614692,0.4214240456232321,-0.24840023547788218,0.5851227753997577,42,0.26582278481012656,83,0.5253164556962026,8,0.21750491857528687,0.2549868261825877,-0.21440793275833125,0.9432053453362228,2,0.25,5,0.625
external_development_validation,145,151.0,ruhl,Ruhl PGD,158,0.46028039304516,0.5481414258866498,-0.4105879204182687,0.5821754491219367,23,0.14556962025316456,54,0.34177215189873417,8,0.4040970921516418,0.42844596442222077,-0.4040970921516418,0.9353075979956872,1,0.125,2,0.25
external_development_validation,146,152.0,phase73,Phase73 有状态模型,158,0.408054000516481,0.5930046168834201,0.33497515207604506,0.31536561145519115,60,0.379746835443038,92,0.5822784810126582,8,0.29788165092468266,0.41426734578177066,0.23029618263244633,0.7049144329158515,3,0.375,5,0.625
external_development_validation,146,152.0,phase39,Phase39 原始提案,158,0.3462605832498285,0.4400715594603693,-0.09039524235302895,0.3697268525841412,45,0.2848101265822785,83,0.5253164556962026,8,0.2075092434883119,0.3413071506816379,0.030581104755401656,0.5433547281110054,6,0.75,6,0.75
external_development_validation,146,152.0,crowell,Crowell PGD,158,0.32115765100792987,0.425025907839867,0.19169104250171504,0.5249847004499231,56,0.35443037974683544,101,0.6392405063291139,8,0.267424750328064,0.322109078910597,0.13907818794250493,0.7646499067416828,3,0.375,6,0.75
external_development_validation,146,152.0,melgar,Melgar PGD,158,0.3330012840560721,0.41408845441714714,-0.2415723498863511,0.5943063155298386,42,0.26582278481012656,86,0.5443037974683544,8,0.2113053798675537,0.24672590447768714,-0.2082083940505981,0.9473780762464511,2,0.25,5,0.625
external_development_validation,146,152.0,ruhl,Ruhl PGD,158,0.4531929987895339,0.5397654452433123,-0.4031156920179537,0.5911920989335393,23,0.14556962025316456,55,0.34810126582278483,8,0.39779390096664424,0.4211988516473846,-0.39779390096664424,0.9390507296328439,1,0.125,2,0.25
external_development_validation,147,153.0,phase73,Phase73 有状态模型,158,0.4078345238407956,0.5923495599013577,0.33573446394521966,0.31802233431988314,60,0.379746835443038,92,0.5822784810126582,8,0.2984497427940369,0.4140053391678839,0.2307988286018372,0.7054088736217922,3,0.375,5,0.625
external_development_validation,147,153.0,phase39,Phase39 原始提案,158,0.34596860861476475,0.4388078879262428,-0.11167257646971118,0.375468859178351,45,0.2848101265822785,84,0.5316455696202531,8,0.2161156773567201,0.3429385851457389,0.01618229150772099,0.5327714240327779,6,0.75,6,0.75
external_development_validation,147,153.0,crowell,Crowell PGD,158,0.32337658375124384,0.42559580328937396,0.1961070948009248,0.5322064922249318,55,0.34810126582278483,102,0.6455696202531646,8,0.271367359161377,0.3234261433859458,0.14302079677581792,0.7690059951912073,3,0.375,6,0.75
external_development_validation,147,153.0,melgar,Melgar PGD,158,0.3269697648060474,0.40805622905905126,-0.23554083063632636,0.6048570331652688,42,0.26582278481012656,90,0.569620253164557,8,0.20661580562591553,0.24115948516571684,-0.20351881980895992,0.9488716385321933,2,0.25,6,0.75
external_development_validation,147,153.0,ruhl,Ruhl PGD,158,0.4465971065472954,0.532944623822283,-0.3965197997757153,0.6016650587066108,23,0.14556962025316456,55,0.34810126582278483,8,0.39162380695343013,0.4149214726419086,-0.39162380695343013,0.9408191260575647,1,0.125,2,0.25
external_development_validation,148,154.0,phase73,Phase73 有状态模型,158,0.40799814357033254,0.5934009342312585,0.336754928661298,0.3177001335757745,60,0.379746835443038,92,0.5822784810126582,8,0.29899023771286015,0.41373676179679564,0.23126517534255986,0.7058435233941865,3,0.375,5,0.625
external_development_validation,148,154.0,phase39,Phase39 原始提案,158,0.3477947180784202,0.4389392922742234,-0.13791829423059399,0.3842164821430145,48,0.3037974683544304,85,0.5379746835443038,8,0.22301539182662977,0.3417935068941953,-0.0006071448326110396,0.5343793713244039,6,0.75,6,0.75
external_development_validation,148,154.0,crowell,Crowell PGD,158,0.32449816510647156,0.4267324447992823,0.19968588442742058,0.5359382447327857,53,0.33544303797468356,102,0.6455696202531646,8,0.2718217849731446,0.32360230340199925,0.1434752225875855,0.7694805710936325,3,0.375,6,0.75
external_development_validation,148,154.0,melgar,Melgar PGD,158,0.32223915691617183,0.40373840516711157,-0.23065590254868143,0.6109423550942374,43,0.2721518987341772,91,0.5759493670886076,8,0.20441925525665283,0.23876109597568004,-0.20132226943969722,0.9492719435286976,2,0.25,6,0.75
external_development_validation,148,154.0,ruhl,Ruhl PGD,158,0.4414207917225513,0.5278550781278109,-0.3911740991133679,0.6076643816126382,23,0.14556962025316456,57,0.36075949367088606,8,0.38959480524063106,0.4129974919154004,-0.38959480524063106,0.9411317543387615,1,0.125,2,0.25
external_development_validation,149,155.0,phase73,Phase73 有状态模型,158,0.40761517995520474,0.5926571169198812,0.3369169295588625,0.31901842499363564,60,0.379746835443038,91,0.5759493670886076,8,0.2990073442459107,0.41345926408374006,0.23119931221008305,0.7052139925016109,3,0.375,5,0.625
external_development_validation,149,155.0,phase39,Phase39 原始提案,158,0.3488585906692699,0.43893882333644163,-0.15161870401116873,0.3934503913020259,46,0.2911392405063291,86,0.5443037974683544,8,0.21419570446014413,0.32009705925813303,-0.013621520996093706,0.6072383891205512,6,0.75,6,0.75
external_development_validation,149,155.0,crowell,Crowell PGD,158,0.32653786562666104,0.4282905032459988,0.20266685908353768,0.5378771322144685,51,0.3227848101265823,102,0.6455696202531646,8,0.2730674028396607,0.32424878270606305,0.1447208404541016,0.770300704665214,3,0.375,6,0.75
external_development_validation,149,155.0,melgar,Melgar PGD,158,0.31926711541187924,0.4013182143973127,-0.22658551795573184,0.6136681154618153,44,0.27848101265822783,93,0.5886075949367089,8,0.20368802547454834,0.23799329603646907,-0.20059103965759273,0.949365235562571,2,0.25,6,0.75
external_development_validation,149,155.0,ruhl,Ruhl PGD,158,0.43817734235449696,0.5246600844308668,-0.3867215235022051,0.6103376486346103,23,0.14556962025316456,59,0.37341772151898733,8,0.3879928112030029,0.41145816547392466,-0.3879928112030029,0.941446478717172,1,0.125,2,0.25
external_development_validation,150,156.0,phase73,Phase73 有状态模型,158,0.4072085356410545,0.5917165824988234,0.33704886255384986,0.32081351879521847,61,0.3860759493670886,91,0.5759493670886076,8,0.30083994865417485,0.4142481680219125,0.2329527616500855,0.706018421199463,3,0.375,5,0.625
external_development_validation,150,156.0,phase39,Phase39 原始提案,158,0.34521754482124434,0.43521259364890963,-0.14797023881839808,0.40384665953824017,48,0.3037974683544304,83,0.5253164556962026,8,0.2110079288482667,0.30843383533634317,-0.01364500522613521,0.6430366997871978,5,0.625,6,0.75
external_development_validation,150,156.0,crowell,Crowell PGD,158,0.3276026158393183,0.428885882078938,0.2052477220945719,0.5413854493215071,50,0.31645569620253167,101,0.6392405063291139,8,0.2746494293212891,0.32520265996743536,0.14630286693573002,0.7710173680342858,3,0.375,6,0.75
external_development_validation,150,156.0,melgar,Melgar PGD,158,0.31581974331336693,0.39820617674731457,-0.22305923473985897,0.6186419625850752,45,0.2848101265822785,93,0.5886075949367089,8,0.20179343223571777,0.23607663745776916,-0.19869644641876216,0.949517514600811,2,0.25,6,0.75
external_development_validation,150,156.0,ruhl,Ruhl PGD,158,0.4343226601805869,0.5210050122485064,-0.3828668413282951,0.6152840099078875,24,0.1518987341772152,61,0.3860759493670886,8,0.3868352890014648,0.4104181698142981,-0.3868352890014648,0.9415273819568387,1,0.125,2,0.25
external_development_validation,151,157.0,phase73,Phase73 有状态模型,158,0.40715884196607366,0.5909368812981554,0.3373489078087141,0.3221389782942297,61,0.3860759493670886,91,0.5759493670886076,8,0.3014894008636475,0.41403093447129635,0.23354654312133794,0.7065763826598991,3,0.375,5,0.625
external_development_validation,151,157.0,phase39,Phase39 原始提案,158,0.33876983968517455,0.4278344856931875,-0.1289757625966133,0.4151890138641336,50,0.31645569620253167,83,0.5253164556962026,8,0.2084446907043458,0.30015945041056197,-0.002626132965087846,0.6659354958471143,5,0.625,6,0.75
external_development_validation,151,157.0,crowell,Crowell PGD,158,0.32965896521942517,0.43004384249633937,0.2082818399501751,0.5437307272474347,50,0.31645569620253167,100,0.6329113924050633,8,0.27534978389739995,0.32549070719708145,0.14700322151184086,0.7717373510926278,3,0.375,6,0.75
external_development_validation,151,157.0,melgar,Melgar PGD,158,0.3120155575909193,0.3947835442630816,-0.21891630752177188,0.6226974885492692,46,0.2911392405063291,93,0.5886075949367089,8,0.2011427879333496,0.23544295241053273,-0.198045802116394,0.9495408058336177,2,0.25,6,0.75
external_development_validation,151,157.0,ruhl,Ruhl PGD,158,0.43016310703905336,0.5168457267035823,-0.37833492061759866,0.6192792727951444,24,0.1518987341772152,61,0.3860759493670886,8,0.3859117150306701,0.4096052450738805,-0.3859117150306701,0.9415644821533706,1,0.125,2,0.25
external_development_validation,152,158.0,phase73,Phase73 有状态模型,158,0.40661942626856545,0.5899877012699686,0.3371183932582033,0.3231263271207968,62,0.3924050632911392,91,0.5759493670886076,8,0.30263470411300664,0.413910870245335,0.23466621637344365,0.7079938975143488,3,0.375,5,0.625
external_development_validation,152,158.0,phase39,Phase39 原始提案,158,0.3323172671885431,0.42136820727763086,-0.1042266224004046,0.42727239896434527,54,0.34177215189873417,87,0.5506329113924051,8,0.20529518127441415,0.2898222300224177,0.007340240478515669,0.6938832394832787,5,0.625,6,0.75
external_development_validation,152,158.0,crowell,Crowell PGD,158,0.33052321747888486,0.43080771749310715,0.20955320249629913,0.5446041462776239,49,0.310126582278481,100,0.6329113924050633,8,0.27534978389739995,0.32549070719708145,0.14700322151184086,0.7717373510926278,3,0.375,6,0.75
external_development_validation,152,158.0,melgar,Melgar PGD,158,0.3109207756911653,0.39389485410611247,-0.21718153168883514,0.6238451096957723,46,0.2911392405063291,94,0.5949367088607594,8,0.20087623596191406,0.23518701327676642,-0.19777925014495845,0.9495461620255539,2,0.25,6,0.75
external_development_validation,152,158.0,ruhl,Ruhl PGD,158,0.42896649324441266,0.5156218734292459,-0.37643582307839707,0.620406892516936,24,0.1518987341772152,61,0.3860759493670886,8,0.38496608734130855,0.4087885297873758,-0.38496608734130855,0.9415777834640479,1,0.125,2,0.25
external_development_validation,153,159.0,phase73,Phase73 有状态模型,158,0.40667793056632895,0.5893289137846858,0.3374264330803592,0.3240970618030321,63,0.3987341772151899,90,0.569620253164557,8,0.30487989187240605,0.41678058059055034,0.23691140413284306,0.704156809243792,3,0.375,5,0.625
external_development_validation,153,159.0,phase39,Phase39 原始提案,158,0.32696660198742833,0.41719614087232004,-0.07944831365271467,0.44207600639752925,54,0.34177215189873417,86,0.5443037974683544,8,0.2040678024291993,0.2794614063193892,0.017755675315856978,0.7207591342272491,5,0.625,6,0.75
external_development_validation,153,159.0,crowell,Crowell PGD,158,0.3321179583102841,0.4321769118875455,0.21223184730433198,0.5451742125146573,48,0.3037974683544304,100,0.6329113924050633,8,0.27726243734359746,0.32821331584245583,0.14891587495803837,0.7691119425942186,3,0.375,6,0.75
external_development_validation,153,159.0,melgar,Melgar PGD,158,0.30810968061036714,0.39130433395966785,-0.21352265756341485,0.625518396080647,46,0.2911392405063291,95,0.6012658227848101,8,0.19678691625595102,0.23309424353354527,-0.18636347055435176,0.9378401337517275,2,0.25,6,0.75
external_development_validation,153,159.0,ruhl,Ruhl PGD,158,0.42585590941996526,0.5122486136613227,-0.37243496617184424,0.6220355440473732,23,0.14556962025316456,62,0.3924050632911392,8,0.3726918816566467,0.4023271531791259,-0.3726918816566467,0.929378488255932,2,0.25,2,0.25
external_development_validation,154,160.0,phase73,Phase73 有状态模型,158,0.4071429071547109,0.5887693900725628,0.3381347414813463,0.3258656470693699,61,0.3860759493670886,89,0.5632911392405063,8,0.3054656267166138,0.4173343723218802,0.23752634525299077,0.7031590771591996,3,0.375,5,0.625
external_development_validation,154,160.0,phase39,Phase39 原始提案,158,0.3245477066764349,0.4148236938340642,-0.059421415570416095,0.45897057054397034,53,0.33544303797468356,89,0.5632911392405063,8,0.19907156229019174,0.2641128915977021,0.028482782840728804,0.7577513431929818,4,0.5,6,0.75
external_development_validation,154,160.0,crowell,Crowell PGD,158,0.33403542313394663,0.43318442193714735,0.21543481078328952,0.5481541691843789,47,0.2974683544303797,98,0.620253164556962,8,0.27726243734359746,0.32821331584245583,0.14891587495803837,0.7691119425942186,3,0.375,6,0.75
external_development_validation,154,160.0,melgar,Melgar PGD,158,0.30482814523238183,0.38735824802584234,-0.20914829230006746,0.6305700190265165,46,0.2911392405063291,94,0.5949367088607594,8,0.19678691625595102,0.23309424353354527,-0.18636347055435176,0.9378401337517275,2,0.25,6,0.75
external_development_validation,154,160.0,ruhl,Ruhl PGD,158,0.4214460560038121,0.5075318965349362,-0.3676509223406829,0.6270417309378175,24,0.1518987341772152,62,0.3924050632911392,8,0.3726918816566467,0.4023271531791259,-0.3726918816566467,0.929378488255932,2,0.25,2,0.25
external_development_validation,155,161.0,phase73,Phase73 有状态模型,158,0.4066957425467575,0.5877180153355984,0.3379641001737569,0.3271710351071364,61,0.3860759493670886,89,0.5632911392405063,8,0.3053086876869202,0.41689861825197305,0.23742555379867558,0.7026405685581184,3,0.375,5,0.625
external_development_validation,155,161.0,phase39,Phase39 原始提案,158,0.326741361618042,0.4125383731621118,-0.045957326889038155,0.47410969478332743,51,0.3227848101265823,87,0.5506329113924051,8,0.1985518693923951,0.25817373363968954,0.042320537567138716,0.7756377042527497,4,0.5,7,0.875
external_development_validation,155,161.0,crowell,Crowell PGD,158,0.334694475463674,0.4335328533575498,0.2164098492151573,0.5494948043697732,47,0.2974683544303797,98,0.620253164556962,8,0.27758191823959355,0.3283499951046747,0.14923535585403447,0.7694384081086594,3,0.375,6,0.75
external_development_validation,155,161.0,melgar,Melgar PGD,158,0.3037740707397462,0.386386509682074,-0.20781693881071076,0.6323200942655498,46,0.2911392405063291,94,0.5949367088607594,8,0.19612244367599496,0.2325024808425905,-0.1856989979743957,0.9378705417761162,2,0.25,6,0.75
external_development_validation,155,161.0,ruhl,Ruhl PGD,158,0.41998967762234857,0.5063464537526828,-0.36619454395921935,0.6287807465623158,24,0.1518987341772152,62,0.3924050632911392,8,0.3724006533622741,0.40208564195945534,-0.3724006533622741,0.9293913352610426,2,0.25,2,0.25
external_development_validation,156,162.0,phase73,Phase73 有状态模型,158,0.4060460217391388,0.5866758832919007,0.33819390852240055,0.32916240991563295,61,0.3860759493670886,89,0.5632911392405063,8,0.30517296791076665,0.4164758370856358,0.237364935874939,0.7021722376430477,3,0.375,5,0.625
external_development_validation,156,162.0,phase39,Phase39 原始提案,158,0.324579216558722,0.4088327168457595,-0.03820281390902369,0.490997274049496,51,0.3227848101265823,87,0.5506329113924051,8,0.19640181064605722,0.2564096968050936,0.06012659072875981,0.7917644298475257,4,0.5,6,0.75
external_development_validation,156,162.0,crowell,Crowell PGD,158,0.3353606833687311,0.43383806685800064,0.2183652437185938,0.5525049079958408,45,0.2848101265822785,98,0.620253164556962,8,0.2800065159797669,0.3294662164838322,0.1516599535942078,0.7718291634662768,2,0.25,6,0.75
external_development_validation,156,162.0,melgar,Melgar PGD,158,0.3011037464383284,0.38355736761443,-0.2051466145092929,0.6369466025160626,46,0.2911392405063291,96,0.6075949367088608,8,0.19559875726699838,0.23204576149689132,-0.18517531156539913,0.9378842487540594,2,0.25,6,0.75
external_development_validation,156,162.0,ruhl,Ruhl PGD,158,0.41706901381287403,0.5031497850278096,-0.3632738801497449,0.6333596910896698,24,0.1518987341772152,64,0.4050632911392405,8,0.3719940304756164,0.4017510181422795,-0.3719940304756164,0.9294054553537433,2,0.25,2,0.25
external_development_validation,157,163.0,phase73,Phase73 有状态模型,158,0.40542646842666813,0.5856146062817934,0.33816508401798284,0.3308276112728583,61,0.3860759493670886,90,0.569620253164557,8,0.30520133972167973,0.4161349963435945,0.2374686479568482,0.7018885795228169,3,0.375,5,0.625
external_development_validation,157,163.0,phase39,Phase39 原始提案,158,0.32290854997272733,0.40542014590912406,-0.03619405891321889,0.5069647994741856,50,0.31645569620253167,88,0.5569620253164557,8,0.19604781866073617,0.25202231705852834,0.05188046693801884,0.7958727707769693,4,0.5,6,0.75
external_development_validation,157,163.0,crowell,Crowell PGD,158,0.3358494414558893,0.4340894432782787,0.21959938882272442,0.5544733288285583,44,0.27848101265822783,98,0.620253164556962,8,0.28134166002273564,0.33005533969550593,0.1537656664848328,0.7742595792680382,2,0.25,6,0.75
external_development_validation,157,163.0,melgar,Melgar PGD,158,0.29971446025220666,0.3817492262526236,-0.2034633069098751,0.6400607833945348,47,0.2974683544303797,96,0.6075949367088608,8,0.19550267457962045,0.23196289474943976,-0.1850792288780212,0.9378857920913083,2,0.25,6,0.75
external_development_validation,157,163.0,ruhl,Ruhl PGD,158,0.4152254074434692,0.501127230588255,-0.36143027378034004,0.6364371866147202,24,0.1518987341772152,65,0.41139240506329117,8,0.37153638601303096,0.40137801496748066,-0.37153638601303096,0.9294160719255298,2,0.25,2,0.25
external_development_validation,158,164.0,phase73,Phase73 有状态模型,158,0.40497940461846843,0.5847193089877594,0.3383318774307829,0.3324362481320332,61,0.3860759493670886,90,0.569620253164557,8,0.3055007934570313,0.41581087679569545,0.23781709671020512,0.7021203899901137,3,0.375,5,0.625
external_development_validation,158,164.0,phase39,Phase39 原始提案,158,0.32032668500006956,0.4039153823551805,-0.04201775261118449,0.5176095686664696,53,0.33544303797468356,91,0.5759493670886076,8,0.18886200189590463,0.2403665578553225,0.04455386400222783,0.8126479613772964,4,0.5,6,0.75
external_development_validation,158,164.0,crowell,Crowell PGD,158,0.33606934004192107,0.43467610383089317,0.22148807742927634,0.5563641230604425,45,0.2848101265822785,98,0.620253164556962,8,0.28134166002273564,0.33005533969550593,0.1537656664848328,0.7742595792680382,2,0.25,6,0.75
external_development_validation,158,164.0,melgar,Melgar PGD,158,0.29808215008506306,0.379110934818642,-0.20088688934905627,0.6436257686053782,47,0.2974683544303797,97,0.6139240506329114,8,0.19517586231231698,0.23168319900796158,-0.18475241661071773,0.9378888041257659,2,0.25,6,0.75
external_development_validation,158,164.0,ruhl,Ruhl PGD,158,0.4129092844226694,0.49807907383211814,-0.3586089460155633,0.63994015498135,24,0.1518987341772152,66,0.4177215189873418,8,0.3713061332702636,0.40119179550723433,-0.3713061332702636,0.929419318132192,2,0.25,2,0.25
external_development_validation,159,165.0,phase73,Phase73 有状态模型,158,0.40477284479744824,0.5838037627306598,0.33869111085239834,0.33456406261257393,61,0.3860759493670886,89,0.5632911392405063,8,0.3057762265205384,0.4154404895509177,0.2380908608436585,0.7023986376072442,3,0.375,5,0.625
external_development_validation,159,165.0,phase39,Phase39 原始提案,158,0.3160069640678696,0.40156012280161296,-0.055525529233715266,0.5256854123096499,54,0.34177215189873417,91,0.5759493670886076,8,0.18789163827896127,0.23438667338003535,0.029042828083038374,0.8170151328720844,4,0.5,7,0.875
external_development_validation,159,165.0,crowell,Crowell PGD,158,0.33449820385703555,0.43469812306018163,0.22408915773222704,0.560352107716112,46,0.2911392405063291,98,0.620253164556962,8,0.28134166002273564,0.33005533969550593,0.1537656664848328,0.7742595792680382,2,0.25,6,0.75
external_development_validation,159,165.0,melgar,Melgar PGD,158,0.295420197595524,0.3737192223889221,-0.19734037978739685,0.6515954393597965,48,0.3037974683544304,97,0.6139240506329114,8,0.19517586231231698,0.23168319900796158,-0.18475241661071773,0.9378888041257659,2,0.25,6,0.75
external_development_validation,159,165.0,ruhl,Ruhl PGD,158,0.4099900843221932,0.49230144580983115,-0.3547232513186299,0.6477928687594959,24,0.1518987341772152,66,0.4177215189873418,8,0.3713061332702636,0.40119179550723433,-0.3713061332702636,0.929419318132192,2,0.25,2,0.25
external_development_validation,160,166.0,phase73,Phase73 有状态模型,158,0.403968725325186,0.5825647211713774,0.3385671120655686,0.3363755247508634,61,0.3860759493670886,89,0.5632911392405063,8,0.3060181021690369,0.41502528681682216,0.23827360868453984,0.7026695950280876,3,0.375,5,0.625
external_development_validation,160,166.0,phase39,Phase39 原始提案,158,0.3121777649167218,0.39714343621188475,-0.07036661498154273,0.5341078437014223,55,0.34810126582278483,93,0.5886075949367089,8,0.18945441246032724,0.23313993803437433,0.012847948074340865,0.8157524420154769,3,0.375,7,0.875
external_development_validation,160,166.0,crowell,Crowell PGD,158,0.33377905495559107,0.43459666177886325,0.22518108464494524,0.5624375138675887,46,0.2911392405063291,98,0.620253164556962,8,0.27859960794448857,0.32811015362486157,0.15650771856307988,0.780022861605407,2,0.25,6,0.75
external_development_validation,160,166.0,melgar,Melgar PGD,158,0.2939281348940694,0.3715931973836831,-0.1958483170859422,0.6550160964825478,48,0.3037974683544304,97,0.6139240506329114,8,0.19517586231231698,0.23168319900796158,-0.18475241661071773,0.9378888041257659,2,0.25,6,0.75
external_development_validation,160,166.0,ruhl,Ruhl PGD,158,0.40835924088200454,0.4900188445934882,-0.35309240787844126,0.6511774872982449,24,0.1518987341772152,66,0.4177215189873418,8,0.3713061332702636,0.40119179550723433,-0.3713061332702636,0.929419318132192,2,0.25,2,0.25
external_development_validation,161,167.0,phase73,Phase73 有状态模型,158,0.40340228201467776,0.581380748999409,0.3388106340094456,0.3390368241696746,59,0.37341772151898733,89,0.5632911392405063,8,0.30693678855896,0.414713475457926,0.23909633159637456,0.7040464249520478,3,0.375,5,0.625
external_development_validation,161,167.0,phase39,Phase39 原始提案,158,0.3080188890046711,0.3912819094322599,-0.07660590244244932,0.5421253131583056,48,0.3037974683544304,96,0.6075949367088608,8,0.1894516110420228,0.2326590148496271,0.006317722797393843,0.8160001724701287,3,0.375,7,0.875
external_development_validation,161,167.0,crowell,Crowell PGD,158,0.3336233730557598,0.43444481778414457,0.22770607622363886,0.5674305366285567,47,0.2974683544303797,98,0.620253164556962,8,0.27859960794448857,0.32811015362486157,0.15650771856307988,0.780022861605407,2,0.25,6,0.75
external_development_validation,161,167.0,melgar,Melgar PGD,158,0.2904844863505305,0.3662902500576007,-0.1924046685424033,0.6637993163805056,48,0.3037974683544304,97,0.6139240506329114,8,0.19517586231231698,0.23168319900796158,-0.18475241661071773,0.9378888041257659,2,0.25,6,0.75
external_development_validation,161,167.0,ruhl,Ruhl PGD,158,0.4045872899550428,0.48442830335359593,-0.3493204569514795,0.6598462235348947,24,0.1518987341772152,67,0.4240506329113924,8,0.3713061332702636,0.40119179550723433,-0.3713061332702636,0.929419318132192,2,0.25,2,0.25
external_development_validation,162,168.0,phase73,Phase73 有状态模型,158,0.4030083300192145,0.5802160759067797,0.3388095656527747,0.34116558520528867,57,0.36075949367088606,89,0.5632911392405063,8,0.3075696110725403,0.41437599697141236,0.23962079286575322,0.7048271643300299,3,0.375,5,0.625
external_development_validation,162,168.0,phase39,Phase39 原始提案,158,0.3039462626734866,0.38567507576242893,-0.07291910014575048,0.5489679816841663,47,0.2974683544303797,99,0.6265822784810127,8,0.18974236249923715,0.2337789390171814,0.006418335437774703,0.8140668115279915,3,0.375,7,0.875
external_development_validation,162,168.0,crowell,Crowell PGD,158,0.334423540211931,0.4345523449078707,0.22916640209246272,0.5700567060922841,47,0.2974683544303797,98,0.620253164556962,8,0.27859960794448857,0.32811015362486157,0.15650771856307988,0.780022861605407,2,0.25,6,0.75
external_development_validation,162,168.0,melgar,Melgar PGD,158,0.28849263191223157,0.3636456169318281,-0.1904128141041044,0.668202753067119,48,0.3037974683544304,97,0.6139240506329114,8,0.19517586231231698,0.23168319900796158,-0.18475241661071773,0.9378888041257659,2,0.25,6,0.75
external_development_validation,162,168.0,ruhl,Ruhl PGD,158,0.40240582635131084,0.4815789646575628,-0.34713899334774756,0.6641937847531172,24,0.1518987341772152,67,0.4240506329113924,8,0.3713061332702636,0.40119179550723433,-0.3713061332702636,0.929419318132192,2,0.25,2,0.25
external_development_validation,163,169.0,phase73,Phase73 有状态模型,158,0.40255709961999814,0.5790211280054725,0.33876583546022815,0.34320551887872175,57,0.36075949367088606,89,0.5632911392405063,8,0.3083236694335938,0.41408637429190903,0.24026958942413335,0.7057384203788124,3,0.375,5,0.625
external_development_validation,163,169.0,phase39,Phase39 原始提案,158,0.30284529637686813,0.3827683732392831,-0.059311205827737225,0.5543592711632366,46,0.2911392405063291,93,0.5886075949367089,8,0.19541618824005136,0.23958318553389424,0.011842536926269576,0.8040361340083125,3,0.375,7,0.875
external_development_validation,163,169.0,crowell,Crowell PGD,158,0.3352947579154485,0.43482847545767356,0.23051499415047547,0.5722426459050527,45,0.2848101265822785,98,0.620253164556962,8,0.2787703156471253,0.3282014832733111,0.1566784262657166,0.7801767659139422,2,0.25,6,0.75
external_development_validation,163,169.0,melgar,Melgar PGD,158,0.2866533291490774,0.3615659533928896,-0.18857351134095018,0.6716968586181291,48,0.3037974683544304,98,0.620253164556962,8,0.19517586231231698,0.23168319900796158,-0.18475241661071773,0.9378888041257659,2,0.25,6,0.75
external_development_validation,163,169.0,ruhl,Ruhl PGD,158,0.40039124368112317,0.47927701051021876,-0.3451244106775599,0.6676430394735225,24,0.1518987341772152,67,0.4240506329113924,8,0.3713061332702636,0.40119179550723433,-0.3713061332702636,0.929419318132192,2,0.25,2,0.25
external_development_validation,164,170.0,phase73,Phase73 有状态模型,158,0.40214421718935417,0.5778492119748863,0.33876376815989034,0.34525862364676535,57,0.36075949367088606,89,0.5632911392405063,8,0.3090708732604981,0.41385873491003466,0.24090998172760014,0.7065238994255172,3,0.375,5,0.625
external_development_validation,164,170.0,phase39,Phase39 原始提案,158,0.3063888423050506,0.3842558800091387,-0.041979563387134475,0.5569033112214693,43,0.2721518987341772,93,0.5886075949367089,8,0.21047995090484628,0.25655098336560345,0.027585196495056197,0.7797392417408763,3,0.375,6,0.75
external_development_validation,164,170.0,crowell,Crowell PGD,158,0.33573152083384833,0.43502093779679424,0.2316620198986197,0.5741482297018269,45,0.2848101265822785,98,0.620253164556962,8,0.2791527390480042,0.32840856635050697,0.1570608496665955,0.7805188897791088,2,0.25,6,0.75
external_development_validation,164,170.0,melgar,Melgar PGD,158,0.28513516112218945,0.3596747871512207,-0.18700925911529162,0.6748328564423556,48,0.3037974683544304,99,0.6265822784810127,8,0.19517586231231698,0.23168319900796158,-0.18475241661071773,0.9378888041257659,2,0.25,6,0.75
external_development_validation,164,170.0,ruhl,Ruhl PGD,158,0.39867774746086043,0.47720740267298106,-0.34341091445729716,0.6707378561549293,24,0.1518987341772152,67,0.4240506329113924,8,0.3713061332702636,0.40119179550723433,-0.3713061332702636,0.929419318132192,2,0.25,2,0.25
external_development_validation,165,171.0,phase73,Phase73 有状态模型,158,0.4025148295149018,0.5769660369374845,0.3395350854608076,0.3483386590817886,56,0.35443037974683544,88,0.5569620253164557,8,0.31238548755645756,0.41553665629279635,0.2441139698028565,0.7086909045938831,3,0.375,5,0.625
external_development_validation,165,171.0,phase39,Phase39 原始提案,158,0.30895739869226385,0.3885688901494676,-0.026334789734852534,0.5573303172860504,46,0.2911392405063291,92,0.5822784810126582,8,0.212803339958191,0.26488752962254264,0.042685198783874556,0.7753925657264442,3,0.375,6,0.75
external_development_validation,165,171.0,crowell,Crowell PGD,158,0.33819166255902633,0.4363210576167517,0.23466504978228206,0.5776330038502329,42,0.26582278481012656,98,0.620253164556962,8,0.2794734120368958,0.32858485552691896,0.1573815226554871,0.7808029498213189,2,0.25,6,0.75
external_development_validation,165,171.0,melgar,Melgar PGD,158,0.28276809016360527,0.3566186253422394,-0.18291091918945318,0.6796619041844244,49,0.310126582278481,102,0.6455696202531646,8,0.19387701749801645,0.23048285213097106,-0.1834535717964172,0.9380626376768927,2,0.25,6,0.75
external_development_validation,165,171.0,ruhl,Ruhl PGD,158,0.39462259509895437,0.4734475444873722,-0.33892517451998566,0.675521877062813,24,0.1518987341772152,68,0.43037974683544306,8,0.36984510421752925,0.39997746095432224,-0.36984510421752925,0.9295171769808386,2,0.25,2,0.25
external_development_validation,166,172.0,phase73,Phase73 有状态模型,158,0.402409747280652,0.5760201798249842,0.33984932416602015,0.3504314593977829,56,0.35443037974683544,89,0.5632911392405063,8,0.31347738504409794,0.41566977809768685,0.24509524106979375,0.7094743934390092,3,0.375,4,0.5
external_development_validation,166,172.0,phase39,Phase39 原始提案,158,0.313134827794908,0.3949381505447108,-0.012853299515156874,0.5559058715049662,47,0.2974683544303797,92,0.5822784810126582,8,0.21741983890533456,0.27489152440954406,0.0527164220809937,0.7673338782757329,3,0.375,6,0.75
external_development_validation,166,172.0,crowell,Crowell PGD,158,0.3392026128648202,0.4370801170590842,0.23627153831192196,0.5790302022673832,42,0.26582278481012656,98,0.620253164556962,8,0.2797448515892029,0.32873596051534415,0.15765296220779423,0.7810413953374008,2,0.25,6,0.75
external_development_validation,166,172.0,melgar,Melgar PGD,158,0.281438737579539,0.3548299677564872,-0.18071981321407277,0.6820534001286161,48,0.3037974683544304,103,0.6518987341772152,8,0.19170806407928476,0.22751387397876505,-0.1812846183776855,0.9399080714412715,2,0.25,6,0.75
external_development_validation,166,172.0,ruhl,Ruhl PGD,158,0.393165326420265,0.47126671940797843,-0.33652536174919045,0.6778698974241999,24,0.1518987341772152,68,0.43037974683544306,8,0.367265772819519,0.3969769504620962,-0.367265772819519,0.9313791457468822,2,0.25,2,0.25
external_development_validation,167,173.0,phase73,Phase73 有状态模型,158,0.40288696832294696,0.57505379568611,0.3408468493932409,0.35349196264123256,56,0.35443037974683544,89,0.5632911392405063,8,0.3138540863990784,0.41528380413426014,0.245369303226471,0.7098250474476651,3,0.375,4,0.5
external_development_validation,167,173.0,phase39,Phase39 原始提案,158,0.31789203474793254,0.40240021129059333,0.0010141541686238447,0.5545172754222456,49,0.310126582278481,92,0.5822784810126582,8,0.21440563201904306,0.28185609736040707,0.07040588855743413,0.7717472582244256,4,0.5,6,0.75
external_development_validation,167,173.0,crowell,Crowell PGD,158,0.3400181951402108,0.4375702610550999,0.23899964441226995,0.5824353712784068,43,0.2721518987341772,97,0.6139240506329114,8,0.28186266422271733,0.3299988750293392,0.15977077484130864,0.782521113658213,2,0.25,6,0.75
external_development_validation,167,173.0,melgar,Melgar PGD,158,0.2781456760213346,0.3502228829877379,-0.17699563654163222,0.6883845671519068,48,0.3037974683544304,103,0.6518987341772152,8,0.19170806407928476,0.22751387397876505,-0.1812846183776855,0.9399080714412715,2,0.25,6,0.75
external_development_validation,167,173.0,ruhl,Ruhl PGD,158,0.389561409286306,0.4661293441574753,-0.3324503958979741,0.6841070999357316,24,0.1518987341772152,68,0.43037974683544306,8,0.3672499775886535,0.39695891920513965,-0.3672499775886535,0.9313897573895681,2,0.25,2,0.25
external_development_validation,168,174.0,phase73,Phase73 有状态模型,158,0.40306610638582246,0.5740876151933235,0.34163531774206995,0.35668614322265224,56,0.35443037974683544,89,0.5632911392405063,8,0.31434832811355595,0.4150878670971315,0.24577413797378544,0.710029485821257,3,0.375,4,0.5
external_development_validation,168,174.0,phase39,Phase39 原始提案,158,0.3225977227657656,0.4104196444250671,0.015402694291706254,0.5552230171543253,47,0.2974683544303797,90,0.569620253164557,8,0.2103631854057313,0.286501194735613,0.08505760431289677,0.7783250496423071,4,0.5,6,0.75
external_development_validation,168,174.0,crowell,Crowell PGD,158,0.34050966154170936,0.43827636635646505,0.24197776106339453,0.5866828762548812,42,0.26582278481012656,97,0.6139240506329114,8,0.2843859672546387,0.3316325584249366,0.16229407787323002,0.7838083905713966,2,0.25,6,0.75
external_development_validation,168,174.0,melgar,Melgar PGD,158,0.2743888450574273,0.34543556989525875,-0.17293424545964114,0.6957232730902875,48,0.3037974683544304,103,0.6518987341772152,8,0.19054142236709604,0.22656995080278458,-0.18011797666549678,0.939878909496625,2,0.25,6,0.75
external_development_validation,168,174.0,ruhl,Ruhl PGD,158,0.38544530868530286,0.4608164673126539,-0.3280015233196791,0.6913369165258529,23,0.14556962025316456,69,0.43670886075949367,8,0.36596114635467525,0.39595806421851737,-0.36596114635467525,0.9313693091011435,2,0.25,2,0.25
external_development_validation,169,175.0,phase73,Phase73 有状态模型,158,0.40334827205802815,0.5730836634654427,0.3423434088501748,0.3596175237390037,56,0.35443037974683544,88,0.5569620253164557,8,0.3153811573982239,0.4150136527757595,0.2467348456382752,0.7111782786692876,3,0.375,4,0.5
external_development_validation,169,175.0,phase39,Phase39 原始提案,158,0.32695215623590007,0.41594527549191423,0.025834020180038185,0.5589928974454097,46,0.2911392405063291,88,0.5569620253164557,8,0.21366029977798462,0.28681345728884633,0.09218226671218877,0.7855790601421153,4,0.5,6,0.75
external_development_validation,169,175.0,crowell,Crowell PGD,158,0.3418271113045607,0.4387905749945336,0.2439059486872032,0.5891623202086143,42,0.26582278481012656,97,0.6139240506329114,8,0.2843859672546387,0.3316325584249366,0.16229407787323002,0.7838083905713966,2,0.25,6,0.75
external_development_validation,169,175.0,melgar,Melgar PGD,158,0.27200742673270323,0.34242210378049937,-0.1703040026411226,0.7001091958359399,48,0.3037974683544304,103,0.6518987341772152,8,0.1900915265083314,0.22621775033811123,-0.17966808080673213,0.9398564376532103,2,0.25,6,0.75
external_development_validation,169,175.0,ruhl,Ruhl PGD,158,0.3828385666955877,0.45743379825956515,-0.32512117941168306,0.6956519770329731,23,0.14556962025316456,70,0.4430379746835443,8,0.3653947830200195,0.39552807408703516,-0.3653947830200195,0.9313471211261453,2,0.25,3,0.375
external_development_validation,170,176.0,phase73,Phase73 有状态模型,158,0.4034357801268372,0.5721778734254499,0.34284926969793766,0.3621285694640926,56,0.35443037974683544,88,0.5569620253164557,8,0.31586377620697026,0.4148105066215516,0.2471507072448731,0.7114726573533382,3,0.375,4,0.5
external_development_validation,170,176.0,phase39,Phase39 原始提案,158,0.32801416554028473,0.41687319649585153,0.029010154023955067,0.5659931908534171,43,0.2721518987341772,90,0.569620253164557,8,0.21489614248275757,0.2830496892871175,0.09323321580886845,0.7939705711055608,4,0.5,6,0.75
external_development_validation,170,176.0,crowell,Crowell PGD,158,0.3435127529916883,0.44004439012706736,0.2457371210750144,0.5901145620250973,42,0.26582278481012656,96,0.6075949367088608,8,0.2843859672546387,0.3316325584249366,0.16229407787323002,0.7838083905713966,2,0.25,6,0.75
external_development_validation,170,176.0,melgar,Melgar PGD,158,0.27035708729224883,0.34102813774433427,-0.16780793515941772,0.701720431857731,50,0.31645569620253167,102,0.6455696202531646,8,0.18970218896865854,0.22591829995476104,-0.17927874326705928,0.9398320305406684,2,0.25,6,0.75
external_development_validation,170,176.0,ruhl,Ruhl PGD,158,0.38103289905982696,0.4555133044479815,-0.3223855585991583,0.6972070678184403,22,0.13924050632911392,71,0.44936708860759494,8,0.3649960279464721,0.39522894854673846,-0.3649960279464721,0.9313267460093583,2,0.25,3,0.375
external_development_validation,171,177.0,phase73,Phase73 有状态模型,158,0.40327881438822677,0.5710393648322962,0.3431237015543103,0.36479429221084,55,0.34810126582278483,89,0.5632911392405063,8,0.31625758409500127,0.4145354314236595,0.2474670290946961,0.7118250497253542,3,0.375,4,0.5
external_development_validation,171,177.0,phase39,Phase39 原始提案,158,0.3282653428331206,0.4138030844077003,0.02285785614689687,0.5736199301474442,43,0.2721518987341772,88,0.5569620253164557,8,0.2073703408241272,0.2678774542735269,0.08062599897384648,0.807870684432959,4,0.5,6,0.75
external_development_validation,171,177.0,crowell,Crowell PGD,158,0.3445296897163873,0.44055721224722605,0.24691977983788585,0.5916165862703917,40,0.25316455696202533,95,0.6012658227848101,8,0.2848664999008179,0.3319225862192178,0.16277461051940922,0.7842124040046831,2,0.25,6,0.75
external_development_validation,171,177.0,melgar,Melgar PGD,158,0.26874371480338194,0.33975689933830894,-0.16619456267055083,0.7038227256919625,51,0.3227848101265823,103,0.6518987341772152,8,0.18970218896865854,0.22591829995476104,-0.17927874326705928,0.9398320305406684,2,0.25,6,0.75
external_development_validation,171,177.0,ruhl,Ruhl PGD,158,0.37926625360416477,0.4539793985761211,-0.3206189131434961,0.6992807197614443,22,0.13924050632911392,71,0.44936708860759494,8,0.3649960279464721,0.39522894854673846,-0.3649960279464721,0.9313267460093583,2,0.25,3,0.375
external_development_validation,172,178.0,phase73,Phase73 有状态模型,158,0.40364199107206317,0.5702252849418404,0.3437844801552687,0.3670721365554008,55,0.34810126582278483,88,0.5569620253164557,8,0.31655846834182744,0.4141172607437155,0.24765716791152959,0.7124366256445462,3,0.375,4,0.5
external_development_validation,172,178.0,phase39,Phase39 原始提案,158,0.3235969012296652,0.4071163928576203,0.006724212743058916,0.5796062425902568,44,0.27848101265822783,87,0.5506329113924051,8,0.18926221132278442,0.23789121399838858,0.05573915243148808,0.8343682274720442,4,0.5,6,0.75
external_development_validation,172,178.0,crowell,Crowell PGD,158,0.34526894424535043,0.4418384224300876,0.24928625022308723,0.5924849570580244,41,0.25949367088607594,94,0.5949367088607594,8,0.28487710952758794,0.33192904964582787,0.16278522014617924,0.784221261371913,2,0.25,6,0.75
external_development_validation,172,178.0,melgar,Melgar PGD,158,0.2663240982007378,0.3369255434476586,-0.16296714167051685,0.706524435688227,52,0.3291139240506329,103,0.6518987341772152,8,0.18970218896865854,0.22591829995476104,-0.17927874326705928,0.9398320305406684,2,0.25,6,0.75
external_development_validation,172,178.0,ruhl,Ruhl PGD,158,0.37662059506283546,0.45048429240144217,-0.31708376618880274,0.7018813841975292,24,0.1518987341772152,71,0.44936708860759494,8,0.3649960279464721,0.39522894854673846,-0.3649960279464721,0.9313267460093583,2,0.25,3,0.375
external_development_validation,173,179.0,phase73,Phase73 有状态模型,158,0.40391047272501107,0.569517645129281,0.34428630297697027,0.36838158319652886,55,0.34810126582278483,88,0.5569620253164557,8,0.31774060726165776,0.41540603087920713,0.24868493080139165,0.7116546892645392,3,0.375,4,0.5
external_development_validation,173,179.0,phase39,Phase39 原始提案,158,0.31495980492121056,0.3995707897876716,-0.011769910401935892,0.5835061719714713,50,0.31645569620253167,89,0.5632911392405063,8,0.17173045873641968,0.20950189882562203,0.030511248111724898,0.8622304473339345,4,0.5,7,0.875
external_development_validation,173,179.0,crowell,Crowell PGD,158,0.3468975030923191,0.4434121405179383,0.25142461438722236,0.5913936952478412,41,0.25949367088607594,94,0.5949367088607594,8,0.2852126836776734,0.33213481691823615,0.1631207942962647,0.7845000178701571,2,0.25,6,0.75
external_development_validation,173,179.0,melgar,Melgar PGD,158,0.2638058457193497,0.33530023836827033,-0.1600459436827069,0.7062045345631016,53,0.33544303797468356,104,0.6582278481012658,8,0.18839958906173715,0.22506069235785756,-0.1779761433601379,0.9396186412209286,3,0.375,6,0.75
external_development_validation,173,179.0,ruhl,Ruhl PGD,158,0.37386702344387407,0.448015896796055,-0.31388992297498497,0.7015140321812622,24,0.1518987341772152,75,0.47468354430379744,8,0.3634448170661926,0.39377893060870434,-0.3634448170661926,0.9310245834620461,2,0.25,3,0.375
external_development_validation,174,180.0,phase73,Phase73 有状态模型,158,0.40379583081112624,0.5682898191654575,0.3442952753622319,0.3711515003648198,55,0.34810126582278483,88,0.5569620253164557,8,0.3180684924125672,0.4147348501554276,0.24882923364639287,0.713274074285989,3,0.375,4,0.5
external_development_validation,174,180.0,phase39,Phase39 原始提案,158,0.3077226699153079,0.3933332435764677,-0.018285159823260802,0.5890927079320711,53,0.33544303797468356,91,0.5759493670886076,8,0.1646776795387268,0.1979609984929005,0.024049866199493453,0.8748730137740754,4,0.5,7,0.875
external_development_validation,174,180.0,crowell,Crowell PGD,158,0.34679925351203233,0.44370918271082127,0.2527403318429294,0.593464885444741,41,0.25949367088607594,92,0.5822784810126582,8,0.2852126836776734,0.33213481691823615,0.1631207942962647,0.7845000178701571,2,0.25,6,0.75
external_development_validation,174,180.0,melgar,Melgar PGD,158,0.26201339975188065,0.3329441357584617,-0.15825349771523783,0.7099328588318372,54,0.34177215189873417,104,0.6582278481012658,8,0.18810389041900644,0.22483641939884125,-0.17768044471740718,0.9395920121917918,3,0.375,6,0.75
external_development_validation,174,180.0,ruhl,Ruhl PGD,158,0.37190133167218575,0.4454630801475646,-0.31192423120329665,0.705179284148161,24,0.1518987341772152,76,0.4810126582278481,8,0.36335701942443843,0.3937139347111255,-0.36335701942443843,0.9310177592070483,2,0.25,3,0.375
external_development_validation,175,181.0,phase73,Phase73 有状态模型,158,0.4039459198336057,0.5674732745773761,0.3445558638512332,0.3734486697415858,54,0.34177215189873417,88,0.5569620253164557,8,0.3188701152801514,0.41554755879761884,0.2494494199752808,0.7130038611951037,3,0.375,4,0.5
external_development_validation,175,181.0,phase39,Phase39 原始提案,158,0.3017661553394945,0.38737702958340225,-0.007567659209046256,0.6007066911015603,51,0.3227848101265823,93,0.5886075949367089,8,0.16291624307632446,0.19651955368755517,0.024461138248443648,0.8760753241086553,4,0.5,7,0.875
external_development_validation,175,181.0,crowell,Crowell PGD,158,0.34824740433994716,0.44510594104734774,0.2545960975598684,0.5935256349211097,41,0.25949367088607594,91,0.5759493670886076,8,0.2852284193038941,0.3321455650286225,0.1631365299224854,0.7845063935537013,2,0.25,6,0.75
external_development_validation,175,181.0,melgar,Melgar PGD,158,0.2602344289610659,0.33138500207542887,-0.15572493287581438,0.7110232581370315,56,0.35443037974683544,104,0.6582278481012658,8,0.18810389041900644,0.22483641939884125,-0.17768044471740718,0.9395920121917918,3,0.375,6,0.75
external_development_validation,175,181.0,ruhl,Ruhl PGD,158,0.3699542516394508,0.44330105536380227,-0.30915176415745227,0.7061874757058724,24,0.1518987341772152,77,0.4873417721518987,8,0.36335701942443843,0.3937139347111255,-0.36335701942443843,0.9310177592070483,2,0.25,3,0.375
external_development_validation,176,182.0,phase73,Phase73 有状态模型,158,0.40450362314151805,0.5665282779362646,0.3452388063261779,0.3768543809759134,53,0.33544303797468356,88,0.5569620253164557,8,0.31902651786804204,0.414769117147813,0.24944250583648686,0.7147324166249859,3,0.375,4,0.5
external_development_validation,176,182.0,phase39,Phase39 原始提案,158,0.297511305386507,0.3814751643015892,0.010955034932003673,0.6167772604924338,50,0.31645569620253167,93,0.5886075949367089,8,0.16643255949020386,0.19833901729404418,0.03409885168075566,0.8760262672290483,4,0.5,7,0.875
external_development_validation,176,182.0,crowell,Crowell PGD,158,0.3502002728136279,0.4457523398599992,0.2565489660335491,0.5955610063706206,40,0.25316455696202533,91,0.5759493670886076,8,0.28582118749618535,0.3325545367964911,0.16372929811477666,0.7847422367053762,2,0.25,6,0.75
external_development_validation,176,182.0,melgar,Melgar PGD,158,0.25756801593152795,0.32865173503977,-0.15305851984627647,0.7146281999371915,56,0.35443037974683544,105,0.6645569620253164,8,0.17832711935043344,0.2129703921385363,-0.16790367364883418,0.9455000285865273,3,0.375,7,0.875
external_development_validation,176,182.0,ruhl,Ruhl PGD,158,0.367037311988541,0.4400965469371055,-0.3062348245065425,0.7097390300330715,24,0.1518987341772152,78,0.4936708860759494,8,0.35301495790481563,0.38274578259082237,-0.35301495790481563,0.9362613867296813,2,0.25,3,0.375
external_development_validation,177,183.0,phase73,Phase73 有状态模型,158,0.4046035537236853,0.5657051569276845,0.34547572799875753,0.3791606103785152,52,0.3291139240506329,89,0.5632911392405063,8,0.31896762847900395,0.4139015270063057,0.24923925399780278,0.7162918553735877,3,0.375,4,0.5
external_development_validation,177,183.0,phase39,Phase39 原始提案,158,0.2948001903823659,0.37798300051705114,0.024015447761438997,0.6285379100679619,52,0.3291139240506329,95,0.6012658227848101,8,0.1668969988822937,0.19796380207679737,0.039556372165679976,0.8782267529706129,4,0.5,7,0.875
external_development_validation,177,183.0,crowell,Crowell PGD,158,0.3510792164862909,0.44691032905957506,0.25742790970621215,0.5945244045687124,40,0.25316455696202533,91,0.5759493670886076,8,0.2858396649360657,0.33256741279697416,0.16374777555465703,0.7847494529397556,2,0.25,6,0.75
external_development_validation,177,183.0,melgar,Melgar PGD,158,0.25835702751256256,0.329274304510724,-0.15185834184477606,0.7127953657723816,56,0.35443037974683544,105,0.6645569620253164,8,0.1783017873764039,0.21294345228909456,-0.16787834167480464,0.9455098470462486,3,0.375,7,0.875
external_development_validation,177,183.0,ruhl,Ruhl PGD,158,0.367900224275227,0.4402356899536591,-0.30492198919948155,0.7079216686600397,23,0.14556962025316456,78,0.4936708860759494,8,0.35298730134963985,0.3827190277531634,-0.35298730134963985,0.9362702744443355,2,0.25,3,0.375
external_development_validation,178,184.0,phase73,Phase73 有状态模型,158,0.40447044674354254,0.5644730363214392,0.34549226941941646,0.3822841081733466,49,0.310126582278481,89,0.5632911392405063,8,0.3194185376167298,0.41311014929511997,0.249550211429596,0.7189396217343809,3,0.375,4,0.5
external_development_validation,178,184.0,phase39,Phase39 原始提案,158,0.2903384009494057,0.3747214443478519,0.026226614094987628,0.6364029952490469,57,0.36075949367088606,100,0.6329113924050633,8,0.16123735904693604,0.19168404113244036,0.03647820949554448,0.8853729271345891,4,0.5,7,0.875
external_development_validation,178,184.0,crowell,Crowell PGD,158,0.3520201338997369,0.4472174584256366,0.25836882711965814,0.5958983164816145,38,0.24050632911392406,91,0.5759493670886076,8,0.28617041110992436,0.33292093312631105,0.16407852172851567,0.7847154194001508,2,0.25,6,0.75
external_development_validation,178,184.0,melgar,Melgar PGD,158,0.2571039386942418,0.327767870914746,-0.15057689630532572,0.715215322136812,56,0.35443037974683544,106,0.6708860759493671,8,0.1783017873764039,0.21294345228909456,-0.16787834167480464,0.9455098470462486,3,0.375,7,0.875
external_development_validation,178,184.0,ruhl,Ruhl PGD,158,0.3664944359018834,0.43856926053369594,-0.303516200826138,0.7102976539038036,23,0.14556962025316456,78,0.4936708860759494,8,0.35298730134963985,0.3827190277531634,-0.35298730134963985,0.9362702744443355,2,0.25,3,0.375
external_development_validation,179,185.0,phase73,Phase73 有状态模型,158,0.40434157274946375,0.5632064655613773,0.34549405001386796,0.3855691011353199,48,0.3037974683544304,89,0.5632911392405063,8,0.31911079883575444,0.41200317761209104,0.24907152652740483,0.7207051729213737,3,0.375,4,0.5
external_development_validation,179,185.0,phase39,Phase39 原始提案,158,0.28784960372538504,0.37280548203475955,0.01938175853294655,0.6407190579176474,60,0.379746835443038,100,0.6329113924050633,8,0.15374153852462769,0.18079628339637552,0.026880252361297652,0.8967279679482115,5,0.625,7,0.875
external_development_validation,179,185.0,crowell,Crowell PGD,158,0.3519587607323368,0.4472639787517384,0.2594140119190456,0.5978091635156859,39,0.2468354430379747,91,0.5759493670886076,8,0.28737728595733647,0.3337317712845887,0.16528539657592778,0.7853974465451053,2,0.25,6,0.75
external_development_validation,179,185.0,melgar,Melgar PGD,158,0.2556801029398473,0.3253689780971924,-0.1491530605509312,0.7189048547401916,57,0.36075949367088606,107,0.6772151898734177,8,0.17739526033401498,0.2119930723849788,-0.16697181463241573,0.9458432426551824,3,0.375,7,0.875
external_development_validation,179,185.0,ruhl,Ruhl PGD,158,0.3649329209629495,0.4360616565852458,-0.3019546858872041,0.71392635948844,23,0.14556962025316456,78,0.4936708860759494,8,0.35191602706909175,0.38169357553920236,-0.35191602706909175,0.9365942723861111,2,0.25,3,0.375
external_development_validation,180,186.0,phase73,Phase73 有状态模型,158,0.40464215821857685,0.5620926775930419,0.3459020807773251,0.3893939782919861,47,0.2974683544303797,87,0.5506329113924051,8,0.32063935995101933,0.4119548883610296,0.2503594040870667,0.7243030670871801,3,0.375,4,0.5
external_development_validation,180,186.0,phase39,Phase39 原始提案,158,0.28736255802685695,0.3750972765092794,0.011297591124908761,0.6403552469033935,61,0.3860759493670886,96,0.6075949367088608,8,0.14639556407928467,0.1728463389271896,0.017915773391723677,0.9046004638794507,4,0.5,7,0.875
external_development_validation,180,186.0,crowell,Crowell PGD,158,0.352011132542091,0.44772744296044115,0.2619337552710423,0.6012604157077776,38,0.24050632911392406,90,0.569620253164557,8,0.2879940748214722,0.3341252531060015,0.16590218544006352,0.785897887888885,2,0.25,6,0.75
external_development_validation,180,186.0,melgar,Melgar PGD,158,0.25224577988250363,0.32028917555576053,-0.14571873749358752,0.7260520418016948,57,0.36075949367088606,107,0.6772151898734177,8,0.17695716619491586,0.21164627529960614,-0.1665337204933166,0.9458546606108712,3,0.375,7,0.875
external_development_validation,180,186.0,ruhl,Ruhl PGD,158,0.3611685873586922,0.43057908703786696,-0.29819035228294677,0.7209365393844541,23,0.14556962025316456,79,0.5,8,0.35160721540451045,0.38141668672773377,-0.35160721540451045,0.9366609386986877,2,0.25,3,0.375
external_development_validation,181,187.0,phase73,Phase73 有状态模型,158,0.40447073224224617,0.5608760502690757,0.34582757346237747,0.39239627201273236,48,0.3037974683544304,86,0.5443037974683544,8,0.32061271667480473,0.41114454725318683,0.2500323534011841,0.7260892011157087,3,0.375,4,0.5
external_development_validation,181,187.0,phase39,Phase39 原始提案,158,0.2882580793356594,0.3787890641607171,0.011636909050277445,0.6395906253385965,57,0.36075949367088606,97,0.6139240506329114,8,0.14532190561294556,0.17203438229144763,0.011811602115631148,0.904831079977593,4,0.5,7,0.875
external_development_validation,181,187.0,crowell,Crowell PGD,158,0.35324963074696203,0.4483034866911679,0.263200741779955,0.602051539645446,38,0.24050632911392406,90,0.569620253164557,8,0.2879940748214722,0.3341252531060015,0.16590218544006352,0.785897887888885,2,0.25,6,0.75
external_development_validation,181,187.0,melgar,Melgar PGD,158,0.25051753792581694,0.3185274244743216,-0.14399049553690085,0.7280198081957807,58,0.3670886075949367,108,0.6835443037974683,8,0.17695716619491586,0.21164627529960614,-0.1665337204933166,0.9458546606108712,3,0.375,7,0.875
external_development_validation,181,187.0,ruhl,Ruhl PGD,158,0.35927593919295314,0.4284801882374942,-0.29629770411720774,0.7228501920037999,23,0.14556962025316456,79,0.5,8,0.35160721540451045,0.38141668672773377,-0.35160721540451045,0.9366609386986877,2,0.25,3,0.375
external_development_validation,182,188.0,phase73,Phase73 有状态模型,158,0.40448220470283597,0.5598954370101318,0.34588622745079317,0.39510600213880037,47,0.2974683544303797,86,0.5443037974683544,8,0.32075940370559697,0.4104227811459877,0.2498572945594788,0.7280549366306611,3,0.375,4,0.5
external_development_validation,182,188.0,phase39,Phase39 原始提案,158,0.29082786282406575,0.38284648444046143,0.022039205213136237,0.6390334272606166,58,0.3670886075949367,97,0.6139240506329114,8,0.1508268117904663,0.17747457177251036,0.018473672866821333,0.8996497728949472,4,0.5,7,0.875
external_development_validation,182,188.0,crowell,Crowell PGD,158,0.35480267428144613,0.4495485783985013,0.2647537853144391,0.6016204351557521,38,0.24050632911392406,89,0.5632911392405063,8,0.2879940748214722,0.3341252531060015,0.16590218544006352,0.785897887888885,2,0.25,6,0.75
external_development_validation,182,188.0,melgar,Melgar PGD,158,0.24901815607577954,0.31733271875136065,-0.14187322085416776,0.7283981713676959,58,0.3670886075949367,108,0.6835443037974683,8,0.17883083820343026,0.2118222200517419,-0.1646600484848022,0.94361772089568,3,0.375,7,0.875
external_development_validation,182,188.0,ruhl,Ruhl PGD,158,0.3572546355332002,0.4267038673006778,-0.29397761067257666,0.7231640593311259,25,0.15822784810126583,79,0.5,8,0.3498622298240661,0.38080593811293434,-0.3498622298240661,0.9346397528725956,2,0.25,3,0.375
external_development_validation,183,189.0,phase73,Phase73 有状态模型,158,0.4044639943521233,0.5588892709468372,0.34592072873175883,0.39806231615107757,46,0.2911392405063291,85,0.5379746835443038,8,0.3207096934318543,0.4094578830985108,0.24949191808700566,0.7300890963627977,3,0.375,4,0.5
external_development_validation,183,189.0,phase39,Phase39 原始提案,158,0.29313586331620994,0.3856611333073079,0.03513151180895062,0.6385069824553076,59,0.37341772151898733,95,0.6012658227848101,8,0.15920286178588872,0.1868066182905185,0.030607867240905806,0.8911991929036909,3,0.375,7,0.875
external_development_validation,183,189.0,crowell,Crowell PGD,158,0.3559558958946903,0.4510062759334691,0.26615791381159903,0.6011605757004681,38,0.24050632911392406,89,0.5632911392405063,8,0.2879940748214722,0.3341252531060015,0.16590218544006352,0.785897887888885,2,0.25,6,0.75
external_development_validation,183,189.0,melgar,Melgar PGD,158,0.2481855332096922,0.31692156659586024,-0.13996252228942105,0.7282145779735983,59,0.37341772151898733,108,0.6835443037974683,8,0.17883083820343026,0.2118222200517419,-0.1646600484848022,0.94361772089568,3,0.375,7,0.875
external_development_validation,183,189.0,ruhl,Ruhl PGD,158,0.3561888501613956,0.4257521515944049,-0.291879605643357,0.7229113276369707,25,0.15822784810126583,79,0.5,8,0.3498622298240661,0.38080593811293434,-0.3498622298240661,0.9346397528725956,2,0.25,3,0.375
external_development_validation,184,190.0,phase73,Phase73 有状态模型,158,0.4042857749552666,0.5576764840427066,0.3458118438720702,0.4011964903059126,49,0.310126582278481,87,0.5506329113924051,8,0.32053415775299077,0.4084756443583711,0.24901669025421147,0.7318826327243042,3,0.375,4,0.5
external_development_validation,184,190.0,phase39,Phase39 原始提案,158,0.29391918967041786,0.3854491335226705,0.043761274482630404,0.6391068640139907,57,0.36075949367088606,94,0.5949367088607594,8,0.1692455887794495,0.1963742145561423,0.04199193716049199,0.8827510480951068,3,0.375,7,0.875
external_development_validation,184,190.0,crowell,Crowell PGD,158,0.35671253989014434,0.4514885751191358,0.26691455780705303,0.6015789866758636,38,0.24050632911392406,89,0.5632911392405063,8,0.2879940748214722,0.3341252531060015,0.16590218544006352,0.785897887888885,2,0.25,6,0.75
external_development_validation,184,190.0,melgar,Melgar PGD,158,0.2471530660798279,0.31634000648656524,-0.13893005515955678,0.7288763811997687,59,0.37341772151898733,108,0.6835443037974683,8,0.17725799083709726,0.21023595883648505,-0.1630872011184692,0.944155520496505,3,0.375,7,0.875
external_development_validation,184,190.0,ruhl,Ruhl PGD,158,0.3550585801088359,0.4249247165442599,-0.29074933559079724,0.7235602134532103,26,0.16455696202531644,79,0.5,8,0.34855569601058956,0.37958759895425265,-0.34855569601058956,0.9349945866754336,2,0.25,3,0.375
external_development_validation,185,191.0,phase73,Phase73 有状态模型,158,0.4042316056505033,0.556430245445725,0.34582651415957666,0.4048374723668315,48,0.3037974683544304,87,0.5506329113924051,8,0.3204588174819947,0.40754404994568527,0.24865584373474126,0.733816860669304,3,0.375,4,0.5
external_development_validation,185,191.0,phase39,Phase39 原始提案,158,0.29171309290052966,0.3818131489153878,0.04409473757200596,0.6402588035365894,56,0.35443037974683544,95,0.6012658227848101,8,0.17318611145019536,0.19900030376767974,0.04697351455688481,0.881070344017922,3,0.375,7,0.875
external_development_validation,185,191.0,crowell,Crowell PGD,158,0.3578988111471827,0.4519646433723798,0.26810082906409144,0.6032258021160486,37,0.23417721518987342,89,0.5632911392405063,8,0.28808598518371586,0.3341846275133295,0.16599409580230717,0.7859716933294718,2,0.25,6,0.75
external_development_validation,185,191.0,melgar,Melgar PGD,158,0.2455379129965095,0.3145721175802222,-0.1373149020762384,0.7317341444311137,59,0.37341772151898733,109,0.689873417721519,8,0.17725799083709726,0.21023595883648505,-0.1630872011184692,0.944155520496505,3,0.375,7,0.875
external_development_validation,185,191.0,ruhl,Ruhl PGD,158,0.35328618242770826,0.4229399051019721,-0.28897693790966966,0.726361338849578,26,0.16455696202531644,79,0.5,8,0.34855569601058956,0.37958759895425265,-0.34855569601058956,0.9349945866754336,2,0.25,3,0.375
external_development_validation,186,192.0,phase73,Phase73 有状态模型,158,0.4041081452671485,0.5552870022896843,0.3456735490243645,0.4072284511853946,48,0.3037974683544304,86,0.5443037974683544,8,0.32031451463699345,0.40658114901398745,0.24821017980575566,0.7356798441083809,3,0.375,4,0.5
external_development_validation,186,192.0,phase39,Phase39 原始提案,158,0.2860553481910802,0.37541360790231154,0.03232808958126013,0.6397689051296653,56,0.35443037974683544,98,0.620253164556962,8,0.1719614148139954,0.19772292370518807,0.04423426389694218,0.8817286575206414,3,0.375,7,0.875
external_development_validation,186,192.0,crowell,Crowell PGD,158,0.35832863155799566,0.4526313198062339,0.26912209052073793,0.602614203804258,36,0.22784810126582278,89,0.5632911392405063,8,0.28808598518371586,0.3341846275133295,0.16599409580230717,0.7859716933294718,2,0.25,6,0.75
external_development_validation,186,192.0,melgar,Melgar PGD,158,0.2449331959591637,0.3135388102486253,-0.13591843013521998,0.731773587454559,59,0.37341772151898733,109,0.689873417721519,8,0.17725799083709726,0.21023595883648505,-0.1630872011184692,0.944155520496505,3,0.375,7,0.875
external_development_validation,186,192.0,ruhl,Ruhl PGD,158,0.35263338028630137,0.42150646414652043,-0.2874517169179797,0.7263308752062377,25,0.15822784810126583,79,0.5,8,0.34855569601058956,0.37958759895425265,-0.34855569601058956,0.9349945866754336,2,0.25,3,0.375
external_development_validation,187,193.0,phase73,Phase73 有状态模型,158,0.403895454768893,0.5542354540077087,0.34537263158001463,0.40961772012884734,46,0.2911392405063291,87,0.5506329113924051,8,0.3202652215957642,0.4066214595904594,0.2477639198303223,0.7356018450332662,3,0.375,4,0.5
external_development_validation,187,193.0,phase39,Phase39 原始提案,158,0.2765665452691573,0.3683253026884927,0.00892781607712364,0.6379378437874551,63,0.3987341772151899,100,0.6329113924050633,8,0.15523784160614018,0.19106964129433668,0.020579147338867232,0.8821348360810647,4,0.5,7,0.875
external_development_validation,187,193.0,crowell,Crowell PGD,158,0.3594572447523285,0.45397263981456243,0.2705671364748024,0.602145441161552,36,0.22784810126582278,89,0.5632911392405063,8,0.28833817243576054,0.33444431649593764,0.16624628305435185,0.7859727502287177,2,0.25,6,0.75
external_development_validation,187,193.0,melgar,Melgar PGD,158,0.2441814495038384,0.31269313615660327,-0.13395127767249004,0.731981049436022,59,0.37341772151898733,110,0.6962025316455697,8,0.17936805486679086,0.2105951403596291,-0.1609771370887756,0.9415018482554361,3,0.375,7,0.875
external_development_validation,187,193.0,ruhl,Ruhl PGD,158,0.3511054039001466,0.4201082476260137,-0.2852926556068132,0.7264686786188151,26,0.16455696202531644,79,0.5,8,0.3461129188537597,0.378836245013971,-0.3461129188537597,0.9320280244486344,2,0.25,3,0.375
external_development_validation,188,194.0,phase73,Phase73 有状态模型,158,0.403338596488856,0.552929797722489,0.34466337855858126,0.4116520342934703,47,0.2974683544303797,87,0.5506329113924051,8,0.3208673477172852,0.40701554455578765,0.24781029224395756,0.7350761657156861,3,0.375,4,0.5
external_development_validation,188,194.0,phase39,Phase39 原始提案,158,0.27101894451093067,0.3629412920289557,-0.018220503118973816,0.635983089610397,63,0.3987341772151899,97,0.6139240506329114,8,0.1453699231147767,0.18936871686168094,-0.004568588733673051,0.8824668225421566,4,0.5,7,0.875
external_development_validation,188,194.0,crowell,Crowell PGD,158,0.3602090479452398,0.4546386095372831,0.27131893966771364,0.6017069650650966,36,0.22784810126582278,88,0.5569620253164557,8,0.29122130870819096,0.3391420152687467,0.16912941932678227,0.7808918493819202,2,0.25,6,0.75
external_development_validation,188,194.0,melgar,Melgar PGD,158,0.2439549729793888,0.3124214347745959,-0.13292458389378808,0.7316089303935621,61,0.3860759493670886,110,0.6962025316455697,8,0.18191293478012094,0.21037099157822065,-0.15561987161636348,0.936466791244029,3,0.375,7,0.875
external_development_validation,188,194.0,ruhl,Ruhl PGD,158,0.3499824765362318,0.41949134667648386,-0.28416972824289843,0.7260859093682941,27,0.17088607594936708,81,0.5126582278481012,8,0.33989138603210445,0.37589879604284704,-0.33989138603210445,0.9268708693368393,2,0.25,3,0.375
external_development_validation,189,195.0,phase73,Phase73 有状态模型,158,0.40260262006445763,0.5514714207229204,0.34371000905580146,0.4138657673355124,48,0.3037974683544304,88,0.5569620253164557,8,0.31994884014129643,0.4054254942978257,0.24620680809021,0.7361013608751386,3,0.375,4,0.5
external_development_validation,189,195.0,phase39,Phase39 原始提案,158,0.269157863568656,0.35852523986235146,-0.03883853139756609,0.6363777066416814,65,0.41139240506329117,100,0.6329113924050633,8,0.15322681665420546,0.190589647117859,-0.02142621278762813,0.8830784122516815,4,0.5,7,0.875
external_development_validation,189,195.0,crowell,Crowell PGD,158,0.3611474966701072,0.45520113595845757,0.27225738839258107,0.6024784810294143,36,0.22784810126582278,88,0.5569620253164557,8,0.29164450168609624,0.3394403652685698,0.16955261230468754,0.7810621532122016,2,0.25,6,0.75
external_development_validation,189,195.0,melgar,Melgar PGD,158,0.24267561284801642,0.31156503299418103,-0.1316452237624157,0.7328391045992787,61,0.3860759493670886,111,0.7025316455696202,8,0.17668805122375497,0.2057087291335174,-0.15039498805999751,0.9379350827278368,3,0.375,7,0.875
external_development_validation,189,195.0,ruhl,Ruhl PGD,158,0.3485805239858508,0.41836634373378423,-0.2827677756925174,0.7272881004399486,27,0.17088607594936708,81,0.5126582278481012,8,0.33435459136962886,0.3710486209954066,-0.33435459136962886,0.9281764715133421,2,0.25,3,0.375
external_development_validation,190,196.0,phase73,Phase73 有状态模型,158,0.40155167096777794,0.5498936373924133,0.3424180640450005,0.4156516526562127,48,0.3037974683544304,88,0.5569620253164557,8,0.3190186500549317,0.4037133377740821,0.2445673227310181,0.7372435057554048,3,0.375,4,0.5
external_development_validation,190,196.0,phase39,Phase39 原始提案,158,0.2661821739583076,0.35290528668697335,-0.04884560500519192,0.6397930062941292,67,0.4240506329113924,103,0.6518987341772152,8,0.15721305608749403,0.19248358252512113,-0.027917039394378618,0.8828577872295977,5,0.625,7,0.875
external_development_validation,190,196.0,crowell,Crowell PGD,158,0.36146810024599474,0.4554445865111166,0.27257799196846866,0.6027655332672354,36,0.22784810126582278,87,0.5506329113924051,8,0.29164450168609624,0.3394403652685698,0.16955261230468754,0.7810621532122016,2,0.25,6,0.75
external_development_validation,190,196.0,melgar,Melgar PGD,158,0.24223913180677212,0.3113913231773116,-0.1312087427211714,0.733192288960915,61,0.3860759493670886,111,0.7025316455696202,8,0.17668805122375497,0.2057087291335174,-0.15039498805999751,0.9379350827278368,3,0.375,7,0.875
external_development_validation,190,196.0,ruhl,Ruhl PGD,158,0.3481015048449554,0.4181009312176087,-0.28228875655162194,0.7276324066985518,28,0.17721518987341772,82,0.5189873417721519,8,0.33435459136962886,0.3710486209954066,-0.33435459136962886,0.9281764715133421,2,0.25,3,0.375
external_development_validation,191,197.0,phase73,Phase73 有状态模型,158,0.4006327604945701,0.5484875370229562,0.34128131142145457,0.4172832103606663,47,0.2974683544303797,89,0.5632911392405063,8,0.3177557468414307,0.4019220615517006,0.2426721334457398,0.7377969197269146,3,0.375,4,0.5
external_development_validation,191,197.0,phase39,Phase39 原始提案,158,0.2624967381924014,0.3463233238565338,-0.048841717876965556,0.644008712357233,67,0.4240506329113924,106,0.6708860759493671,8,0.15199991464614881,0.19230952912114876,-0.02110720872879024,0.8826338213861984,5,0.625,7,0.875
external_development_validation,191,197.0,crowell,Crowell PGD,158,0.362484864947162,0.4563269694837977,0.2735947566696359,0.6029836701776172,36,0.22784810126582278,87,0.5506329113924051,8,0.29164450168609624,0.3394403652685698,0.16955261230468754,0.7810621532122016,2,0.25,6,0.75
external_development_validation,191,197.0,melgar,Melgar PGD,158,0.2409061347381979,0.3109068428751509,-0.12982423396050183,0.7336734227787343,62,0.3924050632911392,111,0.7025316455696202,8,0.1759313106536866,0.2051501016547635,-0.14963824748992915,0.9380518908397987,4,0.5,7,0.875
external_development_validation,191,197.0,ruhl,Ruhl PGD,158,0.34658238917966444,0.4172598961560201,-0.28076964088633105,0.728078511890893,28,0.17721518987341772,82,0.5189873417721519,8,0.3334442496299743,0.3703819034920563,-0.3334442496299743,0.9283082763069379,2,0.25,3,0.375
external_development_validation,192,198.0,phase73,Phase73 有状态模型,158,0.4001133520391922,0.5472496307817738,0.3405932112585139,0.4191657255410625,46,0.2911392405063291,86,0.5443037974683544,8,0.3167603492736817,0.4002392448188509,0.2408674240112305,0.738297525503518,3,0.375,4,0.5
external_development_validation,192,198.0,phase39,Phase39 原始提案,158,0.25863505737690984,0.3403791331446527,-0.04039836231666283,0.6473446527280228,68,0.43037974683544306,103,0.6518987341772152,8,0.1456626892089845,0.1932278933890002,-0.0064265251159667525,0.8802077786992176,5,0.625,7,0.875
external_development_validation,192,198.0,crowell,Crowell PGD,158,0.3641652541824533,0.4576564658298072,0.2752751459049272,0.6028783156638211,36,0.22784810126582278,84,0.5316455696202531,8,0.29164450168609624,0.3394403652685698,0.16955261230468754,0.7810621532122016,2,0.25,6,0.75
external_development_validation,192,198.0,melgar,Melgar PGD,158,0.23909568786621102,0.3101301152955775,-0.12753006174594547,0.7337856781788447,62,0.3924050632911392,112,0.7088607594936709,8,0.1759313106536866,0.2051501016547635,-0.14963824748992915,0.9380518908397987,4,0.5,7,0.875
external_development_validation,192,198.0,ruhl,Ruhl PGD,158,0.3440724179714542,0.4157916304051748,-0.2782596696781208,0.728165287535141,30,0.189873417721519,82,0.5189873417721519,8,0.3334442496299743,0.3703819034920563,-0.3334442496299743,0.9283082763069379,2,0.25,3,0.375
external_development_validation,193,199.0,phase73,Phase73 有状态模型,158,0.39916219771662836,0.5457227726600083,0.339527199539957,0.4210458922984541,46,0.2911392405063291,86,0.5443037974683544,8,0.3157161951065064,0.39859148358756413,0.23924534320831303,0.7388070992486323,3,0.375,4,0.5
external_development_validation,193,199.0,phase39,Phase39 原始提案,158,0.2600421839122531,0.3381352367399344,-0.02590500855747665,0.6471794089379996,68,0.43037974683544306,101,0.6392405063291139,8,0.13664528131485,0.19542948299581478,0.01096974611282353,0.8765384135106018,6,0.75,7,0.875
external_development_validation,193,199.0,crowell,Crowell PGD,158,0.364715910561477,0.45811725284351945,0.27582580228395087,0.6033139776279242,36,0.22784810126582278,84,0.5316455696202531,8,0.29164450168609624,0.3394403652685698,0.16955261230468754,0.7810621532122016,2,0.25,6,0.75
external_development_validation,193,199.0,melgar,Melgar PGD,158,0.23915395978130882,0.31014600566478023,-0.12677871124653883,0.7339751588279769,62,0.3924050632911392,112,0.7088607594936709,8,0.1759313106536866,0.2051501016547635,-0.14963824748992915,0.9380518908397987,4,0.5,7,0.875
external_development_validation,193,199.0,ruhl,Ruhl PGD,158,0.34324985274785696,0.4156059784095394,-0.2774371044545235,0.7283619192861174,31,0.1962025316455696,82,0.5189873417721519,8,0.3334442496299743,0.3703819034920563,-0.3334442496299743,0.9283082763069379,2,0.25,3,0.375
external_development_validation,194,200.0,phase73,Phase73 有状态模型,158,0.39862124950070915,0.5444913097885344,0.3388913160637963,0.4227700710767563,47,0.2974683544303797,85,0.5379746835443038,8,0.31469880342483525,0.3969864120154458,0.23782669305801396,0.7394349043167362,3,0.375,4,0.5
external_development_validation,194,200.0,phase39,Phase39 原始提案,158,0.26284780683396736,0.3394117706514266,-0.010784025433697352,0.6438766721848393,67,0.4240506329113924,98,0.620253164556962,8,0.1372883081436158,0.20048119958102276,0.020980763435363814,0.8701210856092493,6,0.75,7,0.875
external_development_validation,194,200.0,crowell,Crowell PGD,158,0.365145211883738,0.4589486111417663,0.2774813597715352,0.6043086391291117,36,0.22784810126582278,84,0.5316455696202531,8,0.2925416707992554,0.3410544015291554,0.17044978141784672,0.7796065240718414,2,0.25,6,0.75
external_development_validation,194,200.0,melgar,Melgar PGD,158,0.2378597549245329,0.30761959103145725,-0.12452420705481428,0.7369527171287469,62,0.3924050632911392,113,0.7151898734177216,8,0.1759313106536866,0.2051501016547635,-0.14963824748992915,0.9380518908397987,4,0.5,7,0.875
external_development_validation,194,200.0,ruhl,Ruhl PGD,158,0.3407763263847256,0.41264343396700165,-0.27496357809139216,0.7312442138196312,32,0.20253164556962025,82,0.5189873417721519,8,0.3334442496299743,0.3703819034920563,-0.3334442496299743,0.9283082763069379,2,0.25,3,0.375
external_development_validation,195,201.0,phase73,Phase73 有状态模型,158,0.3978119602686241,0.5430919197531117,0.3381696984737733,0.4246289254497817,48,0.3037974683544304,85,0.5379746835443038,8,0.31378911733627324,0.3954368493288294,0.23663233518600468,0.7402594534722987,3,0.375,4,0.5
external_development_validation,195,201.0,phase39,Phase39 原始提案,158,0.2635989146896555,0.3418547566065245,0.002693251718448614,0.6404652632758719,66,0.4177215189873418,104,0.6582278481012658,8,0.14012211561203003,0.20251791976318687,0.03184031248092656,0.8682842675310052,6,0.75,7,0.875
external_development_validation,195,201.0,crowell,Crowell PGD,158,0.3658849130702923,0.45962691994858207,0.2787884851045245,0.605331350757707,36,0.22784810126582278,84,0.5316455696202531,8,0.2926928281784058,0.34115109467417587,0.17060093879699711,0.7797330515631279,2,0.25,6,0.75
external_development_validation,195,201.0,melgar,Melgar PGD,158,0.2365507494045211,0.3058304151750149,-0.12274373030360748,0.7392918128176686,62,0.3924050632911392,114,0.7215189873417721,8,0.1759313106536866,0.2051501016547635,-0.14963824748992915,0.9380518908397987,4,0.5,7,0.875
external_development_validation,195,201.0,ruhl,Ruhl PGD,158,0.339343771753432,0.4105358515475415,-0.2730106854740579,0.7334887838276937,32,0.20253164556962025,82,0.5189873417721519,8,0.3334442496299743,0.3703819034920563,-0.3334442496299743,0.9283082763069379,2,0.25,3,0.375
external_development_validation,196,202.0,phase73,Phase73 有状态模型,158,0.3972025382367869,0.5418014590901324,0.33748673487313174,0.42649125145208155,47,0.2974683544303797,84,0.5316455696202531,8,0.3127358436584473,0.3938462520593249,0.23536567687988286,0.7408664181592198,3,0.375,4,0.5
external_development_validation,196,202.0,phase39,Phase39 原始提案,158,0.2658563155162183,0.3450894299238295,0.007783322394648612,0.6348898137226698,58,0.3670886075949367,105,0.6645569620253164,8,0.1399948000907898,0.20362542719719692,0.034566628932952925,0.8675851079087046,5,0.625,7,0.875
external_development_validation,196,202.0,crowell,Crowell PGD,158,0.3672802967361256,0.4605260215053845,0.28038051762158345,0.6067048804112856,35,0.22151898734177214,83,0.5253164556962026,8,0.2927822351455689,0.34120852623557174,0.1706903457641602,0.779807639134229,2,0.25,6,0.75
external_development_validation,196,202.0,melgar,Melgar PGD,158,0.23508478901054303,0.3037001081959897,-0.12057771260225326,0.7423059518684155,62,0.3924050632911392,115,0.7278481012658228,8,0.1759313106536866,0.2051501016547635,-0.14963824748992915,0.9380518908397987,4,0.5,7,0.875
external_development_validation,196,202.0,ruhl,Ruhl PGD,158,0.33696493981759773,0.4080198099957606,-0.2706318535382236,0.7364128480617324,32,0.20253164556962025,83,0.5253164556962026,8,0.3334442496299743,0.3703819034920563,-0.3334442496299743,0.9283082763069379,2,0.25,3,0.375
external_development_validation,197,203.0,phase73,Phase73 有状态模型,158,0.39654628053496144,0.5406488141160031,0.33673868300039544,0.4279750055335236,47,0.2974683544303797,84,0.5316455696202531,8,0.31153510808944707,0.3922127462096264,0.23400090932846074,0.741195946223503,3,0.375,4,0.5
external_development_validation,197,203.0,phase39,Phase39 原始提案,158,0.26484246978276893,0.3469390238240558,0.003283727018138957,0.6289567677706576,61,0.3860759493670886,105,0.6645569620253164,8,0.13707480430603036,0.20251409547809637,0.028877544403076216,0.869045727629163,5,0.625,7,0.875
external_development_validation,197,203.0,crowell,Crowell PGD,158,0.36875685740120795,0.4617836732661413,0.2820065745824499,0.6074123683359759,35,0.22151898734177214,83,0.5253164556962026,8,0.2927822351455689,0.34120852623557174,0.1706903457641602,0.779807639134229,2,0.25,6,0.75
external_development_validation,197,203.0,melgar,Melgar PGD,158,0.23379746449144598,0.30207339682774126,-0.11836778061299391,0.7444183803331271,63,0.3987341772151899,115,0.7278481012658228,8,0.17565611600875863,0.20495211734401708,-0.14936305284500118,0.9380900257375062,4,0.5,7,0.875
external_development_validation,197,203.0,ruhl,Ruhl PGD,158,0.3355532392670838,0.40593409043105044,-0.26820192457754416,0.7384104645994856,32,0.20253164556962025,83,0.5253164556962026,8,0.33332110643386836,0.3702929982799513,-0.33332110643386836,0.9283245263458936,2,0.25,3,0.375
external_development_validation,198,204.0,phase73,Phase73 有状态模型,158,0.39567097953603225,0.5391411709766563,0.3357359819774385,0.4294152999151325,49,0.310126582278481,84,0.5316455696202531,8,0.3107738375663758,0.3907330569655171,0.23308407068252568,0.7420272807918434,3,0.375,4,0.5
external_development_validation,198,204.0,phase39,Phase39 原始提案,158,0.2629265857648246,0.3474558781508599,-0.006021644495710615,0.6254119139791797,62,0.3924050632911392,108,0.6835443037974683,8,0.1383949160575868,0.19956442904146546,0.022376286983490035,0.8728341075415602,5,0.625,7,0.875
external_development_validation,198,204.0,crowell,Crowell PGD,158,0.36949313743205003,0.46215708395586025,0.2832031521616101,0.6085736523663856,35,0.22151898734177214,83,0.5253164556962026,8,0.2927822351455689,0.34120852623557174,0.1706903457641602,0.779807639134229,2,0.25,6,0.75
external_development_validation,198,204.0,melgar,Melgar PGD,158,0.23216817529895653,0.2995982650308612,-0.11673849142050448,0.7475573934490866,64,0.4050632911392405,115,0.7278481012658228,8,0.17565611600875863,0.20495211734401708,-0.14936305284500118,0.9380900257375062,4,0.5,7,0.875
external_development_validation,198,204.0,ruhl,Ruhl PGD,158,0.3337654469888423,0.4032190550162079,-0.2664141322993026,0.7414619197775008,32,0.20253164556962025,84,0.5316455696202531,8,0.33332110643386836,0.3702929982799513,-0.33332110643386836,0.9283245263458936,2,0.25,3,0.375
external_development_validation,199,205.0,phase73,Phase73 有状态模型,158,0.3947327740584747,0.5377030537967175,0.3346352969543842,0.43030498714030063,49,0.310126582278481,84,0.5316455696202531,8,0.30960361957550053,0.38913255776698846,0.23171811103820805,0.7420611457849333,3,0.375,4,0.5
external_development_validation,199,205.0,phase39,Phase39 原始提案,158,0.2611772102645681,0.34711291217541623,-0.012642999238605814,0.6250223452637065,69,0.43670886075949367,105,0.6645569620253164,8,0.1418911457061769,0.19564692813279008,0.011263537406921431,0.8783389703367722,6,0.75,7,0.875
external_development_validation,199,205.0,crowell,Crowell PGD,158,0.37080401408521424,0.4631389710502244,0.2845140288147744,0.6082217930295607,33,0.2088607594936709,83,0.5253164556962026,8,0.29854940176010136,0.35093012539448926,0.17645751237869267,0.7691880671441501,2,0.25,6,0.75
external_development_validation,199,205.0,melgar,Melgar PGD,158,0.23062751625157624,0.2981142012322787,-0.11495339719555053,0.7485203932504317,64,0.4050632911392405,115,0.7278481012658228,8,0.17565611600875863,0.20495211734401708,-0.14936305284500118,0.9380900257375062,4,0.5,7,0.875
external_development_validation,199,205.0,ruhl,Ruhl PGD,158,0.3318069138104404,0.4012480925968657,-0.2644555991209007,0.7423442553150617,32,0.20253164556962025,84,0.5316455696202531,8,0.33332110643386836,0.3702929982799513,-0.33332110643386836,0.9283245263458936,2,0.25,3,0.375
external_development_validation,200,206.0,phase73,Phase73 有状态模型,158,0.3938505227052712,0.5361348862297197,0.33357502237150927,0.4320914183672204,51,0.3227848101265823,84,0.5316455696202531,8,0.3084755420684815,0.3875684725710164,0.23035769462585454,0.7419836254255838,3,0.375,4,0.5
external_development_validation,200,206.0,phase39,Phase39 原始提案,158,0.26082389384885374,0.3464412035093273,-0.013956423047222742,0.6251863981137056,66,0.4177215189873418,104,0.6582278481012658,8,0.14773728847503675,0.19678915042600778,0.0076017856597900835,0.8783161170546879,5,0.625,7,0.875
external_development_validation,200,206.0,crowell,Crowell PGD,158,0.3724178181418889,0.46398234068339816,0.286127832871449,0.6102217228036874,33,0.2088607594936709,82,0.5189873417721519,8,0.2991310238838196,0.3512976125170815,0.17703913450241093,0.7697016745634606,2,0.25,6,0.75
external_development_validation,200,206.0,melgar,Melgar PGD,158,0.22843280079998562,0.295868147448185,-0.11275868174395991,0.7521832765197722,64,0.4050632911392405,116,0.7341772151898734,8,0.17565611600875863,0.20495211734401708,-0.14936305284500118,0.9380900257375062,4,0.5,7,0.875
external_development_validation,200,206.0,ruhl,Ruhl PGD,158,0.32939545172679285,0.3986733957658476,-0.2620441370372532,0.7459149012051949,32,0.20253164556962025,85,0.5379746835443038,8,0.33332110643386836,0.3702929982799513,-0.33332110643386836,0.9283245263458936,2,0.25,3,0.375
