split,observation_horizon_sec,release_time_sec,event,mw_catalog,station_count,phase73_mw_pred_median,phase73_error_mw,phase73_abs_error_mw,phase39_mw_pred_median,phase39_error_mw,phase39_abs_error_mw,crowell_mw_pred_median,crowell_error_mw,crowell_abs_error_mw,melgar_mw_pred_median,melgar_error_mw,melgar_abs_error_mw,ruhl_mw_pred_median,ruhl_error_mw,ruhl_abs_error_mw
external_development_validation,20,26.0,Iquique 2014 M7.7,7.7,11,6.510990142822266,-1.1890098571777346,1.1890098571777346,8.638391494750977,0.9383914947509764,0.9383914947509764,6.4905476570129395,-1.2094523429870607,1.2094523429870607,6.0842132568359375,-1.6157867431640627,1.6157867431640627,5.808056831359863,-1.891943168640137,1.891943168640137
external_development_validation,21,27.0,Iquique 2014 M7.7,7.7,11,6.594150543212891,-1.1058494567871096,1.1058494567871096,8.604232788085938,0.9042327880859373,0.9042327880859373,6.57305908203125,-1.1269409179687502,1.1269409179687502,6.19887638092041,-1.50112361907959,1.50112361907959,5.931084156036377,-1.7689158439636232,1.7689158439636232
external_development_validation,22,28.0,Iquique 2014 M7.7,7.7,11,6.692309379577637,-1.0076906204223635,1.0076906204223635,8.53370475769043,0.8337047576904295,0.8337047576904295,6.677122116088867,-1.022877883911133,1.022877883911133,6.265598297119141,-1.4344017028808596,1.4344017028808596,6.004750728607178,-1.6952492713928224,1.6952492713928224
external_development_validation,23,29.0,Iquique 2014 M7.7,7.7,11,6.742257595062256,-0.9577424049377443,0.9577424049377443,8.491541862487793,0.7915418624877928,0.7915418624877928,6.73073148727417,-0.9692685127258303,0.9692685127258303,6.309657096862793,-1.3903429031372072,1.3903429031372072,6.052303791046143,-1.6476962089538576,1.6476962089538576
external_development_validation,24,30.0,Iquique 2014 M7.7,7.7,11,6.746466636657715,-0.9535333633422853,0.9535333633422853,8.427082061767578,0.727082061767578,0.727082061767578,6.7313151359558105,-0.9686848640441896,0.9686848640441896,6.3122477531433105,-1.3877522468566896,1.3877522468566896,6.055099964141846,-1.6449000358581545,1.6449000358581545
external_development_validation,25,31.0,Iquique 2014 M7.7,7.7,11,6.778815269470215,-0.9211847305297853,0.9211847305297853,8.189983367919922,0.4899833679199217,0.4899833679199217,6.768552303314209,-0.9314476966857912,0.9314476966857912,6.3122477531433105,-1.3877522468566896,1.3877522468566896,6.055099964141846,-1.6449000358581545,1.6449000358581545
external_development_validation,26,32.0,Iquique 2014 M7.7,7.7,11,6.796868801116943,-0.9031311988830568,0.9031311988830568,8.231939315795898,0.5319393157958983,0.5319393157958983,6.785445690155029,-0.9145543098449709,0.9145543098449709,6.3122477531433105,-1.3877522468566896,1.3877522468566896,6.055099964141846,-1.6449000358581545,1.6449000358581545
external_development_validation,27,33.0,Iquique 2014 M7.7,7.7,11,6.802062034606934,-0.8979379653930666,0.8979379653930666,8.133460998535156,0.4334609985351561,0.4334609985351561,6.785445690155029,-0.9145543098449709,0.9145543098449709,6.3122477531433105,-1.3877522468566896,1.3877522468566896,6.055099964141846,-1.6449000358581545,1.6449000358581545
external_development_validation,28,34.0,Iquique 2014 M7.7,7.7,11,6.829798698425293,-0.8702013015747072,0.8702013015747072,8.281156539916992,0.581156539916992,0.581156539916992,6.788943767547607,-0.9110562324523928,0.9110562324523928,6.3122477531433105,-1.3877522468566896,1.3877522468566896,6.055099964141846,-1.6449000358581545,1.6449000358581545
external_development_validation,29,35.0,Iquique 2014 M7.7,7.7,11,6.836734771728516,-0.8632652282714846,0.8632652282714846,8.219499588012695,0.5194995880126951,0.5194995880126951,6.788943767547607,-0.9110562324523928,0.9110562324523928,6.330134868621826,-1.369865131378174,1.369865131378174,6.0754523277282715,-1.6245476722717287,1.6245476722717287
external_development_validation,30,36.0,Iquique 2014 M7.7,7.7,11,6.841317653656006,-0.8586823463439943,0.8586823463439943,8.206404685974121,0.5064046859741209,0.5064046859741209,6.818561553955078,-0.881438446044922,0.881438446044922,6.330134868621826,-1.369865131378174,1.369865131378174,6.0754523277282715,-1.6245476722717287,1.6245476722717287
external_development_validation,31,37.0,Iquique 2014 M7.7,7.7,11,6.889367580413818,-0.8106324195861818,0.8106324195861818,8.223627090454102,0.5236270904541014,0.5236270904541014,6.865270137786865,-0.8347298622131349,0.8347298622131349,6.365797996520996,-1.334202003479004,1.334202003479004,6.114039421081543,-1.5859605789184572,1.5859605789184572
external_development_validation,32,38.0,Iquique 2014 M7.7,7.7,11,6.911647796630859,-0.7883522033691408,0.7883522033691408,8.671131134033203,0.971131134033203,0.971131134033203,6.865270137786865,-0.8347298622131349,0.8347298622131349,6.415721416473389,-1.2842785835266115,1.2842785835266115,6.164698600769043,-1.5353013992309572,1.5353013992309572
external_development_validation,33,39.0,Iquique 2014 M7.7,7.7,11,6.919044494628906,-0.7809555053710939,0.7809555053710939,8.812140464782715,1.1121404647827147,1.1121404647827147,6.882500648498535,-0.817499351501465,0.817499351501465,6.511085510253906,-1.188914489746094,1.188914489746094,6.267209053039551,-1.4327909469604494,1.4327909469604494
external_development_validation,34,40.0,Iquique 2014 M7.7,7.7,11,6.952139854431152,-0.7478601455688478,0.7478601455688478,8.914851188659668,1.2148511886596678,1.2148511886596678,6.935822010040283,-0.764177989959717,0.764177989959717,6.583484172821045,-1.1165158271789553,1.1165158271789553,6.349881172180176,-1.3501188278198244,1.3501188278198244
external_development_validation,35,41.0,Iquique 2014 M7.7,7.7,11,6.999497890472412,-0.7005021095275881,0.7005021095275881,8.94242000579834,1.2424200057983397,1.2424200057983397,7.004085540771484,-0.6959144592285158,0.6959144592285158,6.604953765869141,-1.0950462341308596,1.0950462341308596,6.366781711578369,-1.333218288421631,1.333218288421631
external_development_validation,36,42.0,Iquique 2014 M7.7,7.7,11,7.114156246185303,-0.5858437538146974,0.5858437538146974,8.989405632019043,1.2894056320190428,1.2894056320190428,7.0521931648254395,-0.6478068351745607,0.6478068351745607,6.647911548614502,-1.0520884513854982,1.0520884513854982,6.413631916046143,-1.2863680839538576,1.2863680839538576
external_development_validation,37,43.0,Iquique 2014 M7.7,7.7,11,7.142287254333496,-0.5577127456665041,0.5577127456665041,8.995378494262695,1.2953784942626951,1.2953784942626951,7.130154132843018,-0.5698458671569826,0.5698458671569826,6.866143226623535,-0.833856773376465,0.833856773376465,6.650458335876465,-1.0495416641235353,1.0495416641235353
external_development_validation,38,44.0,Iquique 2014 M7.7,7.7,11,7.175927639007568,-0.5240723609924318,0.5240723609924318,9.009013175964355,1.3090131759643553,1.3090131759643553,7.162020206451416,-0.5379797935485842,0.5379797935485842,6.979896068572998,-0.7201039314270021,0.7201039314270021,6.770377159118652,-0.9296228408813478,0.9296228408813478
external_development_validation,39,45.0,Iquique 2014 M7.7,7.7,11,7.196478843688965,-0.5035211563110353,0.5035211563110353,9.056669235229492,1.356669235229492,1.356669235229492,7.166010856628418,-0.5339891433715822,0.5339891433715822,7.00331974029541,-0.69668025970459,0.69668025970459,6.795538902282715,-0.9044610977172853,0.9044610977172853
external_development_validation,40,46.0,Iquique 2014 M7.7,7.7,11,7.202475547790527,-0.49752445220947283,0.49752445220947283,9.091617584228516,1.3916175842285154,1.3916175842285154,7.166010856628418,-0.5339891433715822,0.5339891433715822,7.00331974029541,-0.69668025970459,0.69668025970459,6.795538902282715,-0.9044610977172853,0.9044610977172853
external_development_validation,41,47.0,Iquique 2014 M7.7,7.7,11,7.2104291915893555,-0.4895708084106447,0.4895708084106447,9.104225158691406,1.404225158691406,1.404225158691406,7.166010856628418,-0.5339891433715822,0.5339891433715822,7.006215572357178,-0.6937844276428224,0.6937844276428224,6.798649787902832,-0.9013502120971681,0.9013502120971681
external_development_validation,42,48.0,Iquique 2014 M7.7,7.7,11,7.2517194747924805,-0.4482805252075197,0.4482805252075197,9.098998069763184,1.3989980697631834,1.3989980697631834,7.166010856628418,-0.5339891433715822,0.5339891433715822,7.0630903244018555,-0.6369096755981447,0.6369096755981447,6.859744548797607,-0.8402554512023928,0.8402554512023928
external_development_validation,43,49.0,Iquique 2014 M7.7,7.7,11,7.282649040222168,-0.4173509597778322,0.4173509597778322,9.083986282348633,1.3839862823486326,1.3839862823486326,7.166010856628418,-0.5339891433715822,0.5339891433715822,7.151920318603516,-0.5480796813964846,0.5480796813964846,6.955165386199951,-0.744834613800049,0.744834613800049
external_development_validation,44,50.0,Iquique 2014 M7.7,7.7,11,7.288415431976318,-0.4115845680236818,0.4115845680236818,9.065235137939453,1.365235137939453,1.365235137939453,7.166010856628418,-0.5339891433715822,0.5339891433715822,7.19541072845459,-0.5045892715454103,0.5045892715454103,7.001882553100586,-0.6981174468994142,0.6981174468994142
external_development_validation,45,51.0,Iquique 2014 M7.7,7.7,11,7.294148921966553,-0.40585107803344744,0.40585107803344744,9.047381401062012,1.3473814010620115,1.3473814010620115,7.166010856628418,-0.5339891433715822,0.5339891433715822,7.19541072845459,-0.5045892715454103,0.5045892715454103,7.001882553100586,-0.6981174468994142,0.6981174468994142
external_development_validation,46,52.0,Iquique 2014 M7.7,7.7,11,7.299859523773193,-0.4001404762268068,0.4001404762268068,9.025012016296387,1.3250120162963865,1.3250120162963865,7.166010856628418,-0.5339891433715822,0.5339891433715822,7.19541072845459,-0.5045892715454103,0.5045892715454103,7.001882553100586,-0.6981174468994142,0.6981174468994142
external_development_validation,47,53.0,Iquique 2014 M7.7,7.7,11,7.305543422698975,-0.39445657730102557,0.39445657730102557,8.997523307800293,1.2975233078002928,1.2975233078002928,7.166010856628418,-0.5339891433715822,0.5339891433715822,7.24589729309082,-0.45410270690917987,0.45410270690917987,7.056114673614502,-0.6438853263854982,0.6438853263854982
external_development_validation,48,54.0,Iquique 2014 M7.7,7.7,11,7.3111982345581055,-0.3888017654418947,0.3888017654418947,8.968389511108398,1.2683895111083983,1.2683895111083983,7.166010856628418,-0.5339891433715822,0.5339891433715822,7.24589729309082,-0.45410270690917987,0.45410270690917987,7.056114673614502,-0.6438853263854982,0.6438853263854982
external_development_validation,49,55.0,Iquique 2014 M7.7,7.7,11,7.316859245300293,-0.3831407546997072,0.3831407546997072,8.956377983093262,1.2563779830932615,1.2563779830932615,7.166010856628418,-0.5339891433715822,0.5339891433715822,7.24589729309082,-0.45410270690917987,0.45410270690917987,7.056114673614502,-0.6438853263854982,0.6438853263854982
external_development_validation,50,56.0,Iquique 2014 M7.7,7.7,11,7.322530269622803,-0.37746973037719744,0.37746973037719744,8.954581260681152,1.2545812606811522,1.2545812606811522,7.166010856628418,-0.5339891433715822,0.5339891433715822,7.24589729309082,-0.45410270690917987,0.45410270690917987,7.056114673614502,-0.6438853263854982,0.6438853263854982
external_development_validation,51,57.0,Iquique 2014 M7.7,7.7,11,7.328210353851318,-0.3717896461486818,0.3717896461486818,8.956802368164062,1.2568023681640623,1.2568023681640623,7.166010856628418,-0.5339891433715822,0.5339891433715822,7.24589729309082,-0.45410270690917987,0.45410270690917987,7.056114673614502,-0.6438853263854982,0.6438853263854982
external_development_validation,52,58.0,Iquique 2014 M7.7,7.7,11,7.333891868591309,-0.3661081314086916,0.3661081314086916,8.998713493347168,1.2987134933471678,1.2987134933471678,7.166010856628418,-0.5339891433715822,0.5339891433715822,7.24589729309082,-0.45410270690917987,0.45410270690917987,7.056114673614502,-0.6438853263854982,0.6438853263854982
external_development_validation,53,59.0,Iquique 2014 M7.7,7.7,11,7.339561462402344,-0.3604385375976564,0.3604385375976564,9.01848030090332,1.3184803009033201,1.3184803009033201,7.206829071044922,-0.4931709289550783,0.4931709289550783,7.24589729309082,-0.45410270690917987,0.45410270690917987,7.056114673614502,-0.6438853263854982,0.6438853263854982
external_development_validation,54,60.0,Iquique 2014 M7.7,7.7,11,7.345198631286621,-0.3548013687133791,0.3548013687133791,9.009245872497559,1.3092458724975584,1.3092458724975584,7.281831741333008,-0.41816825866699237,0.41816825866699237,7.24589729309082,-0.45410270690917987,0.45410270690917987,7.056114673614502,-0.6438853263854982,0.6438853263854982
external_development_validation,55,61.0,Iquique 2014 M7.7,7.7,11,7.350775718688965,-0.34922428131103533,0.34922428131103533,8.992767333984375,1.2927673339843748,1.2927673339843748,7.281831741333008,-0.41816825866699237,0.41816825866699237,7.24589729309082,-0.45410270690917987,0.45410270690917987,7.056114673614502,-0.6438853263854982,0.6438853263854982
external_development_validation,56,62.0,Iquique 2014 M7.7,7.7,11,7.360468864440918,-0.3395311355590822,0.3395311355590822,8.974081993103027,1.2740819931030272,1.2740819931030272,7.336133003234863,-0.3638669967651369,0.3638669967651369,7.24589729309082,-0.45410270690917987,0.45410270690917987,7.056114673614502,-0.6438853263854982,0.6438853263854982
external_development_validation,57,63.0,Iquique 2014 M7.7,7.7,11,7.4002685546875,-0.2997314453125002,0.2997314453125002,8.958365440368652,1.2583654403686522,1.2583654403686522,7.353636741638184,-0.3463632583618166,0.3463632583618166,7.24589729309082,-0.45410270690917987,0.45410270690917987,7.056114673614502,-0.6438853263854982,0.6438853263854982
external_development_validation,58,64.0,Iquique 2014 M7.7,7.7,11,7.437594413757324,-0.26240558624267596,0.26240558624267596,8.993026733398438,1.2930267333984373,1.2930267333984373,7.353636741638184,-0.3463632583618166,0.3463632583618166,7.24589729309082,-0.45410270690917987,0.45410270690917987,7.056114673614502,-0.6438853263854982,0.6438853263854982
external_development_validation,59,65.0,Iquique 2014 M7.7,7.7,11,7.442225456237793,-0.2577745437622072,0.2577745437622072,8.996332168579102,1.2963321685791014,1.2963321685791014,7.353636741638184,-0.3463632583618166,0.3463632583618166,7.24589729309082,-0.45410270690917987,0.45410270690917987,7.056114673614502,-0.6438853263854982,0.6438853263854982
external_development_validation,60,66.0,Iquique 2014 M7.7,7.7,11,7.446758270263672,-0.2532417297363283,0.2532417297363283,8.99559211730957,1.2955921173095701,1.2955921173095701,7.353636741638184,-0.3463632583618166,0.3463632583618166,7.24589729309082,-0.45410270690917987,0.45410270690917987,7.056114673614502,-0.6438853263854982,0.6438853263854982
external_development_validation,61,67.0,Iquique 2014 M7.7,7.7,11,7.451201438903809,-0.24879856109619158,0.24879856109619158,8.98814582824707,1.2881458282470701,1.2881458282470701,7.353636741638184,-0.3463632583618166,0.3463632583618166,7.24589729309082,-0.45410270690917987,0.45410270690917987,7.056114673614502,-0.6438853263854982,0.6438853263854982
external_development_validation,62,68.0,Iquique 2014 M7.7,7.7,11,7.45557165145874,-0.24442834854125994,0.24442834854125994,8.977039337158203,1.277039337158203,1.277039337158203,7.353636741638184,-0.3463632583618166,0.3463632583618166,7.24589729309082,-0.45410270690917987,0.45410270690917987,7.056114673614502,-0.6438853263854982,0.6438853263854982
external_development_validation,63,69.0,Iquique 2014 M7.7,7.7,11,7.459911346435547,-0.2400886535644533,0.2400886535644533,8.968057632446289,1.2680576324462889,1.2680576324462889,7.353636741638184,-0.3463632583618166,0.3463632583618166,7.24589729309082,-0.45410270690917987,0.45410270690917987,7.056114673614502,-0.6438853263854982,0.6438853263854982
external_development_validation,64,70.0,Iquique 2014 M7.7,7.7,11,7.464244842529297,-0.2357551574707033,0.2357551574707033,8.963262557983398,1.2632625579833983,1.2632625579833983,7.353636741638184,-0.3463632583618166,0.3463632583618166,7.264004707336426,-0.4359952926635744,0.4359952926635744,7.08234167098999,-0.6176583290100099,0.6176583290100099
external_development_validation,65,71.0,Iquique 2014 M7.7,7.7,11,7.485625267028809,-0.21437473297119158,0.21437473297119158,8.973453521728516,1.2734535217285154,1.2734535217285154,7.353636741638184,-0.3463632583618166,0.3463632583618166,7.310911655426025,-0.3890883445739748,0.3890883445739748,7.113498687744141,-0.5865013122558596,0.5865013122558596
external_development_validation,66,72.0,Iquique 2014 M7.7,7.7,11,7.49094295501709,-0.20905704498291033,0.20905704498291033,8.980022430419922,1.2800224304199217,1.2800224304199217,7.353636741638184,-0.3463632583618166,0.3463632583618166,7.313217639923096,-0.3867823600769045,0.3867823600769045,7.113498687744141,-0.5865013122558596,0.5865013122558596
external_development_validation,67,73.0,Iquique 2014 M7.7,7.7,11,7.496263027191162,-0.20373697280883807,0.20373697280883807,8.980287551879883,1.2802875518798826,1.2802875518798826,7.353636741638184,-0.3463632583618166,0.3463632583618166,7.313217639923096,-0.3867823600769045,0.3867823600769045,7.113498687744141,-0.5865013122558596,0.5865013122558596
external_development_validation,68,74.0,Iquique 2014 M7.7,7.7,11,7.50155782699585,-0.19844217300415057,0.19844217300415057,8.97519588470459,1.2751958847045897,1.2751958847045897,7.353636741638184,-0.3463632583618166,0.3463632583618166,7.313217639923096,-0.3867823600769045,0.3867823600769045,7.113498687744141,-0.5865013122558596,0.5865013122558596
external_development_validation,69,75.0,Iquique 2014 M7.7,7.7,11,7.5068159103393555,-0.1931840896606447,0.1931840896606447,8.96695327758789,1.2669532775878904,1.2669532775878904,7.353636741638184,-0.3463632583618166,0.3463632583618166,7.313217639923096,-0.3867823600769045,0.3867823600769045,7.113498687744141,-0.5865013122558596,0.5865013122558596
external_development_validation,70,76.0,Iquique 2014 M7.7,7.7,11,7.512011528015137,-0.18798847198486346,0.18798847198486346,8.951377868652344,1.2513778686523436,1.2513778686523436,7.353636741638184,-0.3463632583618166,0.3463632583618166,7.313217639923096,-0.3867823600769045,0.3867823600769045,7.113498687744141,-0.5865013122558596,0.5865013122558596
external_development_validation,71,77.0,Iquique 2014 M7.7,7.7,11,7.517125606536865,-0.18287439346313494,0.18287439346313494,8.92908000946045,1.229080009460449,1.229080009460449,7.353636741638184,-0.3463632583618166,0.3463632583618166,7.313217639923096,-0.3867823600769045,0.3867823600769045,7.113498687744141,-0.5865013122558596,0.5865013122558596
external_development_validation,72,78.0,Iquique 2014 M7.7,7.7,11,7.522124290466309,-0.17787570953369158,0.17787570953369158,8.896659851074219,1.1966598510742186,1.1966598510742186,7.353636741638184,-0.3463632583618166,0.3463632583618166,7.313217639923096,-0.3867823600769045,0.3867823600769045,7.113498687744141,-0.5865013122558596,0.5865013122558596
external_development_validation,73,79.0,Iquique 2014 M7.7,7.7,11,7.527027130126953,-0.17297286987304705,0.17297286987304705,8.866540908813477,1.1665409088134764,1.1665409088134764,7.353636741638184,-0.3463632583618166,0.3463632583618166,7.313217639923096,-0.3867823600769045,0.3867823600769045,7.113498687744141,-0.5865013122558596,0.5865013122558596
external_development_validation,74,80.0,Iquique 2014 M7.7,7.7,11,7.531867027282715,-0.16813297271728533,0.16813297271728533,8.843643188476562,1.1436431884765623,1.1436431884765623,7.353636741638184,-0.3463632583618166,0.3463632583618166,7.313217639923096,-0.3867823600769045,0.3867823600769045,7.113498687744141,-0.5865013122558596,0.5865013122558596
external_development_validation,75,81.0,Iquique 2014 M7.7,7.7,11,7.536640167236328,-0.16335983276367205,0.16335983276367205,8.819181442260742,1.119181442260742,1.119181442260742,7.353636741638184,-0.3463632583618166,0.3463632583618166,7.313217639923096,-0.3867823600769045,0.3867823600769045,7.113498687744141,-0.5865013122558596,0.5865013122558596
external_development_validation,76,82.0,Iquique 2014 M7.7,7.7,11,7.541347503662109,-0.1586524963378908,0.1586524963378908,8.794496536254883,1.0944965362548826,1.0944965362548826,7.353636741638184,-0.3463632583618166,0.3463632583618166,7.313217639923096,-0.3867823600769045,0.3867823600769045,7.113498687744141,-0.5865013122558596,0.5865013122558596
external_development_validation,77,83.0,Iquique 2014 M7.7,7.7,11,7.546065330505371,-0.15393466949462908,0.15393466949462908,8.78799819946289,1.0879981994628904,1.0879981994628904,7.353636741638184,-0.3463632583618166,0.3463632583618166,7.313217639923096,-0.3867823600769045,0.3867823600769045,7.113498687744141,-0.5865013122558596,0.5865013122558596
external_development_validation,78,84.0,Iquique 2014 M7.7,7.7,11,7.550801753997803,-0.14919824600219744,0.14919824600219744,8.78666877746582,1.0866687774658201,1.0866687774658201,7.353636741638184,-0.3463632583618166,0.3463632583618166,7.313217639923096,-0.3867823600769045,0.3867823600769045,7.113498687744141,-0.5865013122558596,0.5865013122558596
external_development_validation,79,85.0,Iquique 2014 M7.7,7.7,11,7.555528163909912,-0.14447183609008807,0.14447183609008807,8.777690887451172,1.0776908874511717,1.0776908874511717,7.353636741638184,-0.3463632583618166,0.3463632583618166,7.313217639923096,-0.3867823600769045,0.3867823600769045,7.113498687744141,-0.5865013122558596,0.5865013122558596
external_development_validation,80,86.0,Iquique 2014 M7.7,7.7,11,7.560170650482178,-0.13982934951782244,0.13982934951782244,8.750632286071777,1.0506322860717772,1.0506322860717772,7.353636741638184,-0.3463632583618166,0.3463632583618166,7.313217639923096,-0.3867823600769045,0.3867823600769045,7.113498687744141,-0.5865013122558596,0.5865013122558596
external_development_validation,81,87.0,Iquique 2014 M7.7,7.7,11,7.564640045166016,-0.13535995483398455,0.13535995483398455,8.702094078063965,1.0020940780639647,1.0020940780639647,7.353636741638184,-0.3463632583618166,0.3463632583618166,7.313217639923096,-0.3867823600769045,0.3867823600769045,7.113498687744141,-0.5865013122558596,0.5865013122558596
external_development_validation,82,88.0,Iquique 2014 M7.7,7.7,11,7.568929195404053,-0.13107080459594744,0.13107080459594744,8.653106689453125,0.9531066894531248,0.9531066894531248,7.353636741638184,-0.3463632583618166,0.3463632583618166,7.313217639923096,-0.3867823600769045,0.3867823600769045,7.113498687744141,-0.5865013122558596,0.5865013122558596
external_development_validation,83,89.0,Iquique 2014 M7.7,7.7,11,7.573040008544922,-0.1269599914550783,0.1269599914550783,8.607165336608887,0.9071653366088865,0.9071653366088865,7.353636741638184,-0.3463632583618166,0.3463632583618166,7.313217639923096,-0.3867823600769045,0.3867823600769045,7.113498687744141,-0.5865013122558596,0.5865013122558596
external_development_validation,84,90.0,Iquique 2014 M7.7,7.7,11,7.576976776123047,-0.1230232238769533,0.1230232238769533,8.580282211303711,0.8802822113037108,0.8802822113037108,7.353636741638184,-0.3463632583618166,0.3463632583618166,7.313217639923096,-0.3867823600769045,0.3867823600769045,7.113498687744141,-0.5865013122558596,0.5865013122558596
external_development_validation,85,91.0,Iquique 2014 M7.7,7.7,11,7.580763816833496,-0.11923618316650408,0.11923618316650408,8.540863037109375,0.8408630371093748,0.8408630371093748,7.353636741638184,-0.3463632583618166,0.3463632583618166,7.313217639923096,-0.3867823600769045,0.3867823600769045,7.113498687744141,-0.5865013122558596,0.5865013122558596
external_development_validation,86,92.0,Iquique 2014 M7.7,7.7,11,7.584449768066406,-0.11555023193359393,0.11555023193359393,8.516807556152344,0.8168075561523436,0.8168075561523436,7.353636741638184,-0.3463632583618166,0.3463632583618166,7.313217639923096,-0.3867823600769045,0.3867823600769045,7.113498687744141,-0.5865013122558596,0.5865013122558596
external_development_validation,87,93.0,Iquique 2014 M7.7,7.7,11,7.588100433349609,-0.1118995666503908,0.1118995666503908,8.50941276550293,0.8094127655029295,0.8094127655029295,7.353636741638184,-0.3463632583618166,0.3463632583618166,7.313217639923096,-0.3867823600769045,0.3867823600769045,7.113498687744141,-0.5865013122558596,0.5865013122558596
external_development_validation,88,94.0,Iquique 2014 M7.7,7.7,11,7.591777801513672,-0.1082221984863283,0.1082221984863283,8.514068603515625,0.8140686035156248,0.8140686035156248,7.353636741638184,-0.3463632583618166,0.3463632583618166,7.313217639923096,-0.3867823600769045,0.3867823600769045,7.113498687744141,-0.5865013122558596,0.5865013122558596
external_development_validation,89,95.0,Iquique 2014 M7.7,7.7,11,7.595510005950928,-0.10448999404907244,0.10448999404907244,8.523942947387695,0.8239429473876951,0.8239429473876951,7.353636741638184,-0.3463632583618166,0.3463632583618166,7.313217639923096,-0.3867823600769045,0.3867823600769045,7.113498687744141,-0.5865013122558596,0.5865013122558596
external_development_validation,90,96.0,Iquique 2014 M7.7,7.7,11,7.599295616149902,-0.10070438385009783,0.10070438385009783,8.531219482421875,0.8312194824218748,0.8312194824218748,7.353636741638184,-0.3463632583618166,0.3463632583618166,7.313217639923096,-0.3867823600769045,0.3867823600769045,7.113498687744141,-0.5865013122558596,0.5865013122558596
external_development_validation,91,97.0,Iquique 2014 M7.7,7.7,11,7.603116512298584,-0.0968834877014162,0.0968834877014162,8.529784202575684,0.8297842025756834,0.8297842025756834,7.353636741638184,-0.3463632583618166,0.3463632583618166,7.313217639923096,-0.3867823600769045,0.3867823600769045,7.113498687744141,-0.5865013122558596,0.5865013122558596
external_development_validation,92,98.0,Iquique 2014 M7.7,7.7,11,7.606952667236328,-0.09304733276367205,0.09304733276367205,8.522500991821289,0.8225009918212889,0.8225009918212889,7.353636741638184,-0.3463632583618166,0.3463632583618166,7.313217639923096,-0.3867823600769045,0.3867823600769045,7.113498687744141,-0.5865013122558596,0.5865013122558596
external_development_validation,93,99.0,Iquique 2014 M7.7,7.7,11,7.610805511474609,-0.0891944885253908,0.0891944885253908,8.516535758972168,0.8165357589721678,0.8165357589721678,7.353636741638184,-0.3463632583618166,0.3463632583618166,7.313217639923096,-0.3867823600769045,0.3867823600769045,7.113498687744141,-0.5865013122558596,0.5865013122558596
external_development_validation,94,100.0,Iquique 2014 M7.7,7.7,11,7.614684104919434,-0.08531589508056658,0.08531589508056658,8.523874282836914,0.8238742828369139,0.8238742828369139,7.353636741638184,-0.3463632583618166,0.3463632583618166,7.313217639923096,-0.3867823600769045,0.3867823600769045,7.113498687744141,-0.5865013122558596,0.5865013122558596
external_development_validation,95,101.0,Iquique 2014 M7.7,7.7,11,7.618588924407959,-0.0814110755920412,0.0814110755920412,8.53702163696289,0.8370216369628904,0.8370216369628904,7.353636741638184,-0.3463632583618166,0.3463632583618166,7.313217639923096,-0.3867823600769045,0.3867823600769045,7.113498687744141,-0.5865013122558596,0.5865013122558596
external_development_validation,96,102.0,Iquique 2014 M7.7,7.7,11,7.622514247894287,-0.07748575210571307,0.07748575210571307,8.541309356689453,0.841309356689453,0.841309356689453,7.353636741638184,-0.3463632583618166,0.3463632583618166,7.313217639923096,-0.3867823600769045,0.3867823600769045,7.113498687744141,-0.5865013122558596,0.5865013122558596
external_development_validation,97,103.0,Iquique 2014 M7.7,7.7,11,7.626405239105225,-0.07359476089477557,0.07359476089477557,8.53205680847168,0.8320568084716795,0.8320568084716795,7.353636741638184,-0.3463632583618166,0.3463632583618166,7.313217639923096,-0.3867823600769045,0.3867823600769045,7.113498687744141,-0.5865013122558596,0.5865013122558596
external_development_validation,98,104.0,Iquique 2014 M7.7,7.7,11,7.630212306976318,-0.06978769302368182,0.06978769302368182,8.509966850280762,0.8099668502807615,0.8099668502807615,7.353636741638184,-0.3463632583618166,0.3463632583618166,7.313217639923096,-0.3867823600769045,0.3867823600769045,7.113498687744141,-0.5865013122558596,0.5865013122558596
external_development_validation,99,105.0,Iquique 2014 M7.7,7.7,11,7.633955955505371,-0.06604404449462908,0.06604404449462908,8.49438762664795,0.794387626647949,0.794387626647949,7.353636741638184,-0.3463632583618166,0.3463632583618166,7.313217639923096,-0.3867823600769045,0.3867823600769045,7.113498687744141,-0.5865013122558596,0.5865013122558596
external_development_validation,100,106.0,Iquique 2014 M7.7,7.7,11,7.637584686279297,-0.0624153137207033,0.0624153137207033,8.468814849853516,0.7688148498535154,0.7688148498535154,7.353636741638184,-0.3463632583618166,0.3463632583618166,7.313217639923096,-0.3867823600769045,0.3867823600769045,7.113498687744141,-0.5865013122558596,0.5865013122558596
external_development_validation,101,107.0,Iquique 2014 M7.7,7.7,11,7.641119956970215,-0.058880043029785334,0.058880043029785334,8.448923110961914,0.7489231109619139,0.7489231109619139,7.353636741638184,-0.3463632583618166,0.3463632583618166,7.313217639923096,-0.3867823600769045,0.3867823600769045,7.113498687744141,-0.5865013122558596,0.5865013122558596
external_development_validation,102,108.0,Iquique 2014 M7.7,7.7,11,7.644542694091797,-0.0554573059082033,0.0554573059082033,8.428316116333008,0.7283161163330076,0.7283161163330076,7.353636741638184,-0.3463632583618166,0.3463632583618166,7.313217639923096,-0.3867823600769045,0.3867823600769045,7.113498687744141,-0.5865013122558596,0.5865013122558596
external_development_validation,103,109.0,Iquique 2014 M7.7,7.7,11,7.647879600524902,-0.052120399475097834,0.052120399475097834,8.407255172729492,0.707255172729492,0.707255172729492,7.353636741638184,-0.3463632583618166,0.3463632583618166,7.313217639923096,-0.3867823600769045,0.3867823600769045,7.113498687744141,-0.5865013122558596,0.5865013122558596
external_development_validation,104,110.0,Iquique 2014 M7.7,7.7,11,7.651129722595215,-0.048870277404785334,0.048870277404785334,8.39051342010498,0.6905134201049803,0.6905134201049803,7.353636741638184,-0.3463632583618166,0.3463632583618166,7.313217639923096,-0.3867823600769045,0.3867823600769045,7.113498687744141,-0.5865013122558596,0.5865013122558596
external_development_validation,105,111.0,Iquique 2014 M7.7,7.7,11,7.6543097496032715,-0.04569025039672869,0.04569025039672869,8.376811981201172,0.6768119812011717,0.6768119812011717,7.353636741638184,-0.3463632583618166,0.3463632583618166,7.313217639923096,-0.3867823600769045,0.3867823600769045,7.113498687744141,-0.5865013122558596,0.5865013122558596
external_development_validation,106,112.0,Iquique 2014 M7.7,7.7,11,7.657427787780762,-0.04257221221923846,0.04257221221923846,8.365886688232422,0.6658866882324217,0.6658866882324217,7.353636741638184,-0.3463632583618166,0.3463632583618166,7.313217639923096,-0.3867823600769045,0.3867823600769045,7.113498687744141,-0.5865013122558596,0.5865013122558596
external_development_validation,107,113.0,Iquique 2014 M7.7,7.7,11,7.660479545593262,-0.03952045440673846,0.03952045440673846,8.35266399383545,0.652663993835449,0.652663993835449,7.353636741638184,-0.3463632583618166,0.3463632583618166,7.313217639923096,-0.3867823600769045,0.3867823600769045,7.113498687744141,-0.5865013122558596,0.5865013122558596
external_development_validation,108,114.0,Iquique 2014 M7.7,7.7,11,7.663453578948975,-0.03654642105102557,0.03654642105102557,8.335647583007812,0.6356475830078123,0.6356475830078123,7.353636741638184,-0.3463632583618166,0.3463632583618166,7.313217639923096,-0.3867823600769045,0.3867823600769045,7.113498687744141,-0.5865013122558596,0.5865013122558596
external_development_validation,109,115.0,Iquique 2014 M7.7,7.7,11,7.666327476501465,-0.033672523498535334,0.033672523498535334,8.313593864440918,0.6135938644409178,0.6135938644409178,7.353636741638184,-0.3463632583618166,0.3463632583618166,7.313217639923096,-0.3867823600769045,0.3867823600769045,7.113498687744141,-0.5865013122558596,0.5865013122558596
external_development_validation,110,116.0,Iquique 2014 M7.7,7.7,11,7.669068813323975,-0.030931186676025568,0.030931186676025568,8.280588150024414,0.5805881500244139,0.5805881500244139,7.353636741638184,-0.3463632583618166,0.3463632583618166,7.313217639923096,-0.3867823600769045,0.3867823600769045,7.113498687744141,-0.5865013122558596,0.5865013122558596
external_development_validation,111,117.0,Iquique 2014 M7.7,7.7,11,7.671645164489746,-0.028354835510254084,0.028354835510254084,8.221881866455078,0.521881866455078,0.521881866455078,7.353636741638184,-0.3463632583618166,0.3463632583618166,7.313217639923096,-0.3867823600769045,0.3867823600769045,7.113498687744141,-0.5865013122558596,0.5865013122558596
external_development_validation,112,118.0,Iquique 2014 M7.7,7.7,11,7.674012660980225,-0.025987339019775568,0.025987339019775568,8.165292739868164,0.4652927398681639,0.4652927398681639,7.353636741638184,-0.3463632583618166,0.3463632583618166,7.313217639923096,-0.3867823600769045,0.3867823600769045,7.113498687744141,-0.5865013122558596,0.5865013122558596
external_development_validation,113,119.0,Iquique 2014 M7.7,7.7,11,7.676161766052246,-0.023838233947754084,0.023838233947754084,8.147567749023438,0.4475677490234373,0.4475677490234373,7.353636741638184,-0.3463632583618166,0.3463632583618166,7.313217639923096,-0.3867823600769045,0.3867823600769045,7.113498687744141,-0.5865013122558596,0.5865013122558596
external_development_validation,114,120.0,Iquique 2014 M7.7,7.7,11,7.6780853271484375,-0.021914672851562678,0.021914672851562678,8.12548828125,0.4254882812499998,0.4254882812499998,7.353636741638184,-0.3463632583618166,0.3463632583618166,7.313217639923096,-0.3867823600769045,0.3867823600769045,7.113498687744141,-0.5865013122558596,0.5865013122558596
external_development_validation,115,121.0,Iquique 2014 M7.7,7.7,11,7.67978572845459,-0.020214271545410334,0.020214271545410334,8.092117309570312,0.3921173095703123,0.3921173095703123,7.353636741638184,-0.3463632583618166,0.3463632583618166,7.313217639923096,-0.3867823600769045,0.3867823600769045,7.113498687744141,-0.5865013122558596,0.5865013122558596
external_development_validation,116,122.0,Iquique 2014 M7.7,7.7,11,7.6813063621521,-0.018693637847900568,0.018693637847900568,8.07198715209961,0.3719871520996092,0.3719871520996092,7.353636741638184,-0.3463632583618166,0.3463632583618166,7.313217639923096,-0.3867823600769045,0.3867823600769045,7.113498687744141,-0.5865013122558596,0.5865013122558596
external_development_validation,117,123.0,Iquique 2014 M7.7,7.7,11,7.6826934814453125,-0.017306518554687678,0.017306518554687678,8.06373405456543,0.3637340545654295,0.3637340545654295,7.353636741638184,-0.3463632583618166,0.3463632583618166,7.313217639923096,-0.3867823600769045,0.3867823600769045,7.113498687744141,-0.5865013122558596,0.5865013122558596
external_development_validation,118,124.0,Iquique 2014 M7.7,7.7,11,7.683985710144043,-0.01601428985595721,0.01601428985595721,8.05993938446045,0.35993938446044904,0.35993938446044904,7.353636741638184,-0.3463632583618166,0.3463632583618166,7.313217639923096,-0.3867823600769045,0.3867823600769045,7.113498687744141,-0.5865013122558596,0.5865013122558596
external_development_validation,119,125.0,Iquique 2014 M7.7,7.7,11,7.685182094573975,-0.014817905426025568,0.014817905426025568,8.05200481414795,0.35200481414794904,0.35200481414794904,7.353636741638184,-0.3463632583618166,0.3463632583618166,7.313217639923096,-0.3867823600769045,0.3867823600769045,7.113498687744141,-0.5865013122558596,0.5865013122558596
external_development_validation,120,126.0,Iquique 2014 M7.7,7.7,11,7.686271667480469,-0.013728332519531428,0.013728332519531428,8.034250259399414,0.3342502593994139,0.3342502593994139,7.353636741638184,-0.3463632583618166,0.3463632583618166,7.313217639923096,-0.3867823600769045,0.3867823600769045,7.113498687744141,-0.5865013122558596,0.5865013122558596
external_development_validation,121,127.0,Iquique 2014 M7.7,7.7,11,7.687197685241699,-0.012802314758300959,0.012802314758300959,7.99957799911499,0.29957799911499006,0.29957799911499006,7.353636741638184,-0.3463632583618166,0.3463632583618166,7.313217639923096,-0.3867823600769045,0.3867823600769045,7.113498687744141,-0.5865013122558596,0.5865013122558596
external_development_validation,122,128.0,Iquique 2014 M7.7,7.7,11,7.687880516052246,-0.012119483947754084,0.012119483947754084,7.941303253173828,0.24130325317382795,0.24130325317382795,7.353636741638184,-0.3463632583618166,0.3463632583618166,7.313217639923096,-0.3867823600769045,0.3867823600769045,7.113498687744141,-0.5865013122558596,0.5865013122558596
external_development_validation,123,129.0,Iquique 2014 M7.7,7.7,11,7.688282012939453,-0.011717987060547053,0.011717987060547053,7.878108024597168,0.1781080245971678,0.1781080245971678,7.353636741638184,-0.3463632583618166,0.3463632583618166,7.313217639923096,-0.3867823600769045,0.3867823600769045,7.113498687744141,-0.5865013122558596,0.5865013122558596
external_development_validation,124,130.0,Iquique 2014 M7.7,7.7,11,7.688457489013672,-0.011542510986328303,0.011542510986328303,7.839556694030762,0.13955669403076154,0.13955669403076154,7.353636741638184,-0.3463632583618166,0.3463632583618166,7.313217639923096,-0.3867823600769045,0.3867823600769045,7.113498687744141,-0.5865013122558596,0.5865013122558596
external_development_validation,125,131.0,Iquique 2014 M7.7,7.7,11,7.688493251800537,-0.011506748199463068,0.011506748199463068,7.8282012939453125,0.12820129394531232,0.12820129394531232,7.353636741638184,-0.3463632583618166,0.3463632583618166,7.313217639923096,-0.3867823600769045,0.3867823600769045,7.113498687744141,-0.5865013122558596,0.5865013122558596
external_development_validation,126,132.0,Iquique 2014 M7.7,7.7,11,7.68845272064209,-0.011547279357910334,0.011547279357910334,7.830080986022949,0.13008098602294904,0.13008098602294904,7.353636741638184,-0.3463632583618166,0.3463632583618166,7.313217639923096,-0.3867823600769045,0.3867823600769045,7.113498687744141,-0.5865013122558596,0.5865013122558596
external_development_validation,127,133.0,Iquique 2014 M7.7,7.7,11,7.688362121582031,-0.011637878417968928,0.011637878417968928,7.829474449157715,0.12947444915771467,0.12947444915771467,7.353636741638184,-0.3463632583618166,0.3463632583618166,7.313217639923096,-0.3867823600769045,0.3867823600769045,7.113498687744141,-0.5865013122558596,0.5865013122558596
external_development_validation,128,134.0,Iquique 2014 M7.7,7.7,11,7.688200950622559,-0.011799049377441584,0.011799049377441584,7.811641693115234,0.1116416931152342,0.1116416931152342,7.353636741638184,-0.3463632583618166,0.3463632583618166,7.313217639923096,-0.3867823600769045,0.3867823600769045,7.113498687744141,-0.5865013122558596,0.5865013122558596
external_development_validation,129,135.0,Iquique 2014 M7.7,7.7,11,7.68792724609375,-0.012072753906250178,0.012072753906250178,7.773629665374756,0.07362966537475568,0.07362966537475568,7.353636741638184,-0.3463632583618166,0.3463632583618166,7.313217639923096,-0.3867823600769045,0.3867823600769045,7.113498687744141,-0.5865013122558596,0.5865013122558596
external_development_validation,130,136.0,Iquique 2014 M7.7,7.7,11,7.687535762786865,-0.012464237213134943,0.012464237213134943,7.73422384262085,0.03422384262084943,0.03422384262084943,7.353636741638184,-0.3463632583618166,0.3463632583618166,7.313217639923096,-0.3867823600769045,0.3867823600769045,7.113498687744141,-0.5865013122558596,0.5865013122558596
external_development_validation,131,137.0,Iquique 2014 M7.7,7.7,11,7.687066555023193,-0.012933444976806818,0.012933444976806818,7.71295690536499,0.012956905364990057,0.012956905364990057,7.353636741638184,-0.3463632583618166,0.3463632583618166,7.313217639923096,-0.3867823600769045,0.3867823600769045,7.113498687744141,-0.5865013122558596,0.5865013122558596
external_development_validation,132,138.0,Iquique 2014 M7.7,7.7,11,7.686575889587402,-0.013424110412597834,0.013424110412597834,7.7109832763671875,0.010983276367187322,0.010983276367187322,7.353636741638184,-0.3463632583618166,0.3463632583618166,7.313217639923096,-0.3867823600769045,0.3867823600769045,7.113498687744141,-0.5865013122558596,0.5865013122558596
external_development_validation,133,139.0,Iquique 2014 M7.7,7.7,11,7.686095237731934,-0.013904762268066584,0.013904762268066584,7.717303276062012,0.01730327606201154,0.01730327606201154,7.353636741638184,-0.3463632583618166,0.3463632583618166,7.313217639923096,-0.3867823600769045,0.3867823600769045,7.113498687744141,-0.5865013122558596,0.5865013122558596
external_development_validation,134,140.0,Iquique 2014 M7.7,7.7,11,7.685629844665527,-0.014370155334472834,0.014370155334472834,7.72189998626709,0.021899986267089666,0.021899986267089666,7.353636741638184,-0.3463632583618166,0.3463632583618166,7.313217639923096,-0.3867823600769045,0.3867823600769045,7.113498687744141,-0.5865013122558596,0.5865013122558596
external_development_validation,135,141.0,Iquique 2014 M7.7,7.7,11,7.685176849365234,-0.014823150634765803,0.014823150634765803,7.72000789642334,0.020007896423339666,0.020007896423339666,7.353636741638184,-0.3463632583618166,0.3463632583618166,7.313217639923096,-0.3867823600769045,0.3867823600769045,7.113498687744141,-0.5865013122558596,0.5865013122558596
external_development_validation,136,142.0,Iquique 2014 M7.7,7.7,11,7.684719085693359,-0.015280914306640803,0.015280914306640803,7.708103179931641,0.008103179931640447,0.008103179931640447,7.353636741638184,-0.3463632583618166,0.3463632583618166,7.313217639923096,-0.3867823600769045,0.3867823600769045,7.113498687744141,-0.5865013122558596,0.5865013122558596
external_development_validation,137,143.0,Iquique 2014 M7.7,7.7,11,7.684243679046631,-0.015756320953369318,0.015756320953369318,7.692587852478027,-0.007412147521972834,0.007412147521972834,7.353636741638184,-0.3463632583618166,0.3463632583618166,7.313217639923096,-0.3867823600769045,0.3867823600769045,7.113498687744141,-0.5865013122558596,0.5865013122558596
external_development_validation,138,144.0,Iquique 2014 M7.7,7.7,11,7.68375301361084,-0.016246986389160334,0.016246986389160334,7.678305625915527,-0.021694374084472834,0.021694374084472834,7.353636741638184,-0.3463632583618166,0.3463632583618166,7.313217639923096,-0.3867823600769045,0.3867823600769045,7.113498687744141,-0.5865013122558596,0.5865013122558596
external_development_validation,139,145.0,Iquique 2014 M7.7,7.7,11,7.6832594871521,-0.016740512847900568,0.016740512847900568,7.670602321624756,-0.029397678375244318,0.029397678375244318,7.353636741638184,-0.3463632583618166,0.3463632583618166,7.313217639923096,-0.3867823600769045,0.3867823600769045,7.113498687744141,-0.5865013122558596,0.5865013122558596
external_development_validation,140,146.0,Iquique 2014 M7.7,7.7,11,7.682758331298828,-0.017241668701172053,0.017241668701172053,7.659881591796875,-0.04011840820312518,0.04011840820312518,7.353636741638184,-0.3463632583618166,0.3463632583618166,7.313217639923096,-0.3867823600769045,0.3867823600769045,7.113498687744141,-0.5865013122558596,0.5865013122558596
external_development_validation,141,147.0,Iquique 2014 M7.7,7.7,11,7.682237148284912,-0.017762851715088068,0.017762851715088068,7.649726867675781,-0.05027313232421893,0.05027313232421893,7.392871856689453,-0.30712814331054705,0.30712814331054705,7.313217639923096,-0.3867823600769045,0.3867823600769045,7.113498687744141,-0.5865013122558596,0.5865013122558596
external_development_validation,142,148.0,Iquique 2014 M7.7,7.7,11,7.681704521179199,-0.01829547882080096,0.01829547882080096,7.6454176902771,-0.05458230972290057,0.05458230972290057,7.392871856689453,-0.30712814331054705,0.30712814331054705,7.313217639923096,-0.3867823600769045,0.3867823600769045,7.113498687744141,-0.5865013122558596,0.5865013122558596
external_development_validation,143,149.0,Iquique 2014 M7.7,7.7,11,7.681171417236328,-0.018828582763672053,0.018828582763672053,7.645286560058594,-0.05471343994140643,0.05471343994140643,7.45250129699707,-0.24749870300292987,0.24749870300292987,7.313217639923096,-0.3867823600769045,0.3867823600769045,7.113498687744141,-0.5865013122558596,0.5865013122558596
external_development_validation,144,150.0,Iquique 2014 M7.7,7.7,11,7.680644989013672,-0.019355010986328303,0.019355010986328303,7.6457366943359375,-0.05426330566406268,0.05426330566406268,7.45250129699707,-0.24749870300292987,0.24749870300292987,7.313217639923096,-0.3867823600769045,0.3867823600769045,7.113498687744141,-0.5865013122558596,0.5865013122558596
external_development_validation,145,151.0,Iquique 2014 M7.7,7.7,11,7.6801252365112305,-0.01987476348876971,0.01987476348876971,7.645648002624512,-0.05435199737548846,0.05435199737548846,7.45250129699707,-0.24749870300292987,0.24749870300292987,7.313217639923096,-0.3867823600769045,0.3867823600769045,7.113498687744141,-0.5865013122558596,0.5865013122558596
external_development_validation,146,152.0,Iquique 2014 M7.7,7.7,11,7.679605007171631,-0.020394992828369318,0.020394992828369318,7.643572807312012,-0.05642719268798846,0.05642719268798846,7.45250129699707,-0.24749870300292987,0.24749870300292987,7.313217639923096,-0.3867823600769045,0.3867823600769045,7.113498687744141,-0.5865013122558596,0.5865013122558596
external_development_validation,147,153.0,Iquique 2014 M7.7,7.7,11,7.679068565368652,-0.020931434631347834,0.020931434631347834,7.638781547546387,-0.06121845245361346,0.06121845245361346,7.45250129699707,-0.24749870300292987,0.24749870300292987,7.313217639923096,-0.3867823600769045,0.3867823600769045,7.113498687744141,-0.5865013122558596,0.5865013122558596
external_development_validation,148,154.0,Iquique 2014 M7.7,7.7,11,7.678501129150391,-0.021498870849609553,0.021498870849609553,7.631369590759277,-0.06863040924072283,0.06863040924072283,7.45250129699707,-0.24749870300292987,0.24749870300292987,7.313217639923096,-0.3867823600769045,0.3867823600769045,7.113498687744141,-0.5865013122558596,0.5865013122558596
external_development_validation,149,155.0,Iquique 2014 M7.7,7.7,11,7.677908897399902,-0.022091102600097834,0.022091102600097834,7.626543998718262,-0.07345600128173846,0.07345600128173846,7.45250129699707,-0.24749870300292987,0.24749870300292987,7.313217639923096,-0.3867823600769045,0.3867823600769045,7.113498687744141,-0.5865013122558596,0.5865013122558596
external_development_validation,150,156.0,Iquique 2014 M7.7,7.7,11,7.677325248718262,-0.02267475128173846,0.02267475128173846,7.627849578857422,-0.0721504211425783,0.0721504211425783,7.45250129699707,-0.24749870300292987,0.24749870300292987,7.313217639923096,-0.3867823600769045,0.3867823600769045,7.113498687744141,-0.5865013122558596,0.5865013122558596
external_development_validation,151,157.0,Iquique 2014 M7.7,7.7,11,7.676779747009277,-0.023220252990722834,0.023220252990722834,7.633490562438965,-0.06650943756103533,0.06650943756103533,7.45250129699707,-0.24749870300292987,0.24749870300292987,7.313217639923096,-0.3867823600769045,0.3867823600769045,7.113498687744141,-0.5865013122558596,0.5865013122558596
external_development_validation,152,158.0,Iquique 2014 M7.7,7.7,11,7.676278591156006,-0.023721408843994318,0.023721408843994318,7.639019012451172,-0.0609809875488283,0.0609809875488283,7.45250129699707,-0.24749870300292987,0.24749870300292987,7.313217639923096,-0.3867823600769045,0.3867823600769045,7.113498687744141,-0.5865013122558596,0.5865013122558596
external_development_validation,153,159.0,Iquique 2014 M7.7,7.7,11,7.675814628601074,-0.02418537139892596,0.02418537139892596,7.642465114593506,-0.05753488540649432,0.05753488540649432,7.45250129699707,-0.24749870300292987,0.24749870300292987,7.313217639923096,-0.3867823600769045,0.3867823600769045,7.113498687744141,-0.5865013122558596,0.5865013122558596
external_development_validation,154,160.0,Iquique 2014 M7.7,7.7,11,7.675383567810059,-0.024616432189941584,0.024616432189941584,7.644892692565918,-0.05510730743408221,0.05510730743408221,7.45250129699707,-0.24749870300292987,0.24749870300292987,7.313217639923096,-0.3867823600769045,0.3867823600769045,7.113498687744141,-0.5865013122558596,0.5865013122558596
external_development_validation,155,161.0,Iquique 2014 M7.7,7.7,11,7.674983978271484,-0.025016021728515803,0.025016021728515803,7.647181510925293,-0.05281848907470721,0.05281848907470721,7.45250129699707,-0.24749870300292987,0.24749870300292987,7.313217639923096,-0.3867823600769045,0.3867823600769045,7.113498687744141,-0.5865013122558596,0.5865013122558596
external_development_validation,156,162.0,Iquique 2014 M7.7,7.7,11,7.674602508544922,-0.025397491455078303,0.025397491455078303,7.6474127769470215,-0.05258722305297869,0.05258722305297869,7.45250129699707,-0.24749870300292987,0.24749870300292987,7.313217639923096,-0.3867823600769045,0.3867823600769045,7.113498687744141,-0.5865013122558596,0.5865013122558596
external_development_validation,157,163.0,Iquique 2014 M7.7,7.7,11,7.674188137054443,-0.025811862945556818,0.025811862945556818,7.641596794128418,-0.05840320587158221,0.05840320587158221,7.455583572387695,-0.24441642761230487,0.24441642761230487,7.313217639923096,-0.3867823600769045,0.3867823600769045,7.113498687744141,-0.5865013122558596,0.5865013122558596
external_development_validation,158,164.0,Iquique 2014 M7.7,7.7,11,7.673670768737793,-0.02632923126220721,0.02632923126220721,7.628549098968506,-0.07145090103149432,0.07145090103149432,7.455583572387695,-0.24441642761230487,0.24441642761230487,7.313217639923096,-0.3867823600769045,0.3867823600769045,7.113498687744141,-0.5865013122558596,0.5865013122558596
external_development_validation,159,165.0,Iquique 2014 M7.7,7.7,11,7.673009395599365,-0.026990604400634943,0.026990604400634943,7.612041473388672,-0.0879585266113283,0.0879585266113283,7.455583572387695,-0.24441642761230487,0.24441642761230487,7.313217639923096,-0.3867823600769045,0.3867823600769045,7.113498687744141,-0.5865013122558596,0.5865013122558596
external_development_validation,160,166.0,Iquique 2014 M7.7,7.7,11,7.672214508056641,-0.027785491943359553,0.027785491943359553,7.5977606773376465,-0.1022393226623537,0.1022393226623537,7.477519989013672,-0.2224800109863283,0.2224800109863283,7.313217639923096,-0.3867823600769045,0.3867823600769045,7.113498687744141,-0.5865013122558596,0.5865013122558596
external_development_validation,161,167.0,Iquique 2014 M7.7,7.7,11,7.671332359313965,-0.028667640686035334,0.028667640686035334,7.589000701904297,-0.1109992980957033,0.1109992980957033,7.477519989013672,-0.2224800109863283,0.2224800109863283,7.313217639923096,-0.3867823600769045,0.3867823600769045,7.113498687744141,-0.5865013122558596,0.5865013122558596
external_development_validation,162,168.0,Iquique 2014 M7.7,7.7,11,7.670409202575684,-0.029590797424316584,0.029590797424316584,7.585643768310547,-0.1143562316894533,0.1143562316894533,7.477519989013672,-0.2224800109863283,0.2224800109863283,7.313217639923096,-0.3867823600769045,0.3867823600769045,7.113498687744141,-0.5865013122558596,0.5865013122558596
external_development_validation,163,169.0,Iquique 2014 M7.7,7.7,11,7.669466972351074,-0.03053302764892596,0.03053302764892596,7.58456563949585,-0.11543436050415057,0.11543436050415057,7.477519989013672,-0.2224800109863283,0.2224800109863283,7.313217639923096,-0.3867823600769045,0.3867823600769045,7.113498687744141,-0.5865013122558596,0.5865013122558596
external_development_validation,164,170.0,Iquique 2014 M7.7,7.7,11,7.668504238128662,-0.03149576187133807,0.03149576187133807,7.582991600036621,-0.11700839996337908,0.11700839996337908,7.477519989013672,-0.2224800109863283,0.2224800109863283,7.313217639923096,-0.3867823600769045,0.3867823600769045,7.113498687744141,-0.5865013122558596,0.5865013122558596
external_development_validation,165,171.0,Iquique 2014 M7.7,7.7,11,7.667508602142334,-0.03249139785766619,0.03249139785766619,7.580218315124512,-0.11978168487548846,0.11978168487548846,7.477519989013672,-0.2224800109863283,0.2224800109863283,7.313217639923096,-0.3867823600769045,0.3867823600769045,7.113498687744141,-0.5865013122558596,0.5865013122558596
external_development_validation,166,172.0,Iquique 2014 M7.7,7.7,11,7.66647481918335,-0.03352518081665057,0.03352518081665057,7.5768866539001465,-0.1231133460998537,0.1231133460998537,7.477519989013672,-0.2224800109863283,0.2224800109863283,7.313217639923096,-0.3867823600769045,0.3867823600769045,7.113498687744141,-0.5865013122558596,0.5865013122558596
external_development_validation,167,173.0,Iquique 2014 M7.7,7.7,11,7.665409088134766,-0.03459091186523455,0.03459091186523455,7.5743231773376465,-0.1256768226623537,0.1256768226623537,7.477519989013672,-0.2224800109863283,0.2224800109863283,7.313217639923096,-0.3867823600769045,0.3867823600769045,7.113498687744141,-0.5865013122558596,0.5865013122558596
external_development_validation,168,174.0,Iquique 2014 M7.7,7.7,11,7.664324760437012,-0.03567523956298846,0.03567523956298846,7.57296895980835,-0.12703104019165057,0.12703104019165057,7.477519989013672,-0.2224800109863283,0.2224800109863283,7.313217639923096,-0.3867823600769045,0.3867823600769045,7.113498687744141,-0.5865013122558596,0.5865013122558596
external_development_validation,169,175.0,Iquique 2014 M7.7,7.7,11,7.663237571716309,-0.036762428283691584,0.036762428283691584,7.573065757751465,-0.12693424224853533,0.12693424224853533,7.477519989013672,-0.2224800109863283,0.2224800109863283,7.313217639923096,-0.3867823600769045,0.3867823600769045,7.113498687744141,-0.5865013122558596,0.5865013122558596
external_development_validation,170,176.0,Iquique 2014 M7.7,7.7,11,7.66214656829834,-0.037853431701660334,0.037853431701660334,7.57288122177124,-0.12711877822875994,0.12711877822875994,7.477519989013672,-0.2224800109863283,0.2224800109863283,7.313217639923096,-0.3867823600769045,0.3867823600769045,7.113498687744141,-0.5865013122558596,0.5865013122558596
external_development_validation,171,177.0,Iquique 2014 M7.7,7.7,11,7.661032676696777,-0.038967323303222834,0.038967323303222834,7.570998191833496,-0.12900180816650408,0.12900180816650408,7.477519989013672,-0.2224800109863283,0.2224800109863283,7.313217639923096,-0.3867823600769045,0.3867823600769045,7.113498687744141,-0.5865013122558596,0.5865013122558596
external_development_validation,172,178.0,Iquique 2014 M7.7,7.7,11,7.659844875335693,-0.04015512466430682,0.04015512466430682,7.565072536468506,-0.13492746353149432,0.13492746353149432,7.477519989013672,-0.2224800109863283,0.2224800109863283,7.313217639923096,-0.3867823600769045,0.3867823600769045,7.113498687744141,-0.5865013122558596,0.5865013122558596
external_development_validation,173,179.0,Iquique 2014 M7.7,7.7,11,7.658559322357178,-0.04144067764282244,0.04144067764282244,7.556919097900391,-0.14308090209960955,0.14308090209960955,7.477519989013672,-0.2224800109863283,0.2224800109863283,7.313217639923096,-0.3867823600769045,0.3867823600769045,7.113498687744141,-0.5865013122558596,0.5865013122558596
external_development_validation,174,180.0,Iquique 2014 M7.7,7.7,11,7.657207489013672,-0.0427925109863283,0.0427925109863283,7.551871299743652,-0.14812870025634783,0.14812870025634783,7.477519989013672,-0.2224800109863283,0.2224800109863283,7.313217639923096,-0.3867823600769045,0.3867823600769045,7.113498687744141,-0.5865013122558596,0.5865013122558596
external_development_validation,175,181.0,Iquique 2014 M7.7,7.7,11,7.655852317810059,-0.044147682189941584,0.044147682189941584,7.552062034606934,-0.14793796539306658,0.14793796539306658,7.477519989013672,-0.2224800109863283,0.2224800109863283,7.313217639923096,-0.3867823600769045,0.3867823600769045,7.113498687744141,-0.5865013122558596,0.5865013122558596
external_development_validation,176,182.0,Iquique 2014 M7.7,7.7,11,7.654527187347412,-0.04547281265258807,0.04547281265258807,7.554749965667725,-0.14525003433227557,0.14525003433227557,7.477519989013672,-0.2224800109863283,0.2224800109863283,7.313217639923096,-0.3867823600769045,0.3867823600769045,7.113498687744141,-0.5865013122558596,0.5865013122558596
external_development_validation,177,183.0,Iquique 2014 M7.7,7.7,11,7.653237819671631,-0.04676218032836932,0.04676218032836932,7.557431697845459,-0.1425683021545412,0.1425683021545412,7.477519989013672,-0.2224800109863283,0.2224800109863283,7.313217639923096,-0.3867823600769045,0.3867823600769045,7.113498687744141,-0.5865013122558596,0.5865013122558596
external_development_validation,178,184.0,Iquique 2014 M7.7,7.7,11,7.651956081390381,-0.04804391860961932,0.04804391860961932,7.558112144470215,-0.14188785552978533,0.14188785552978533,7.477519989013672,-0.2224800109863283,0.2224800109863283,7.313217639923096,-0.3867823600769045,0.3867823600769045,7.113498687744141,-0.5865013122558596,0.5865013122558596
external_development_validation,179,185.0,Iquique 2014 M7.7,7.7,11,7.6506171226501465,-0.04938287734985369,0.04938287734985369,7.553750514984131,-0.14624948501586932,0.14624948501586932,7.477519989013672,-0.2224800109863283,0.2224800109863283,7.313217639923096,-0.3867823600769045,0.3867823600769045,7.113498687744141,-0.5865013122558596,0.5865013122558596
external_development_validation,180,186.0,Iquique 2014 M7.7,7.7,11,7.64914608001709,-0.050853919982910334,0.050853919982910334,7.5441107749938965,-0.1558892250061037,0.1558892250061037,7.477519989013672,-0.2224800109863283,0.2224800109863283,7.313217639923096,-0.3867823600769045,0.3867823600769045,7.113498687744141,-0.5865013122558596,0.5865013122558596
external_development_validation,181,187.0,Iquique 2014 M7.7,7.7,11,7.647547721862793,-0.05245227813720721,0.05245227813720721,7.5351881980896,-0.16481180191040057,0.16481180191040057,7.477519989013672,-0.2224800109863283,0.2224800109863283,7.313217639923096,-0.3867823600769045,0.3867823600769045,7.113498687744141,-0.5865013122558596,0.5865013122558596
external_development_validation,182,188.0,Iquique 2014 M7.7,7.7,11,7.6458868980407715,-0.05411310195922869,0.05411310195922869,7.5308027267456055,-0.1691972732543947,0.1691972732543947,7.477519989013672,-0.2224800109863283,0.2224800109863283,7.313217639923096,-0.3867823600769045,0.3867823600769045,7.113498687744141,-0.5865013122558596,0.5865013122558596
external_development_validation,183,189.0,Iquique 2014 M7.7,7.7,11,7.6442108154296875,-0.05578918457031268,0.05578918457031268,7.530040740966797,-0.1699592590332033,0.1699592590332033,7.477519989013672,-0.2224800109863283,0.2224800109863283,7.313217639923096,-0.3867823600769045,0.3867823600769045,7.113498687744141,-0.5865013122558596,0.5865013122558596
external_development_validation,184,190.0,Iquique 2014 M7.7,7.7,11,7.642564296722412,-0.05743570327758807,0.05743570327758807,7.532121181488037,-0.16787881851196307,0.16787881851196307,7.477519989013672,-0.2224800109863283,0.2224800109863283,7.313217639923096,-0.3867823600769045,0.3867823600769045,7.113498687744141,-0.5865013122558596,0.5865013122558596
external_development_validation,185,191.0,Iquique 2014 M7.7,7.7,11,7.64096736907959,-0.059032630920410334,0.059032630920410334,7.535356044769287,-0.16464395523071307,0.16464395523071307,7.477519989013672,-0.2224800109863283,0.2224800109863283,7.313217639923096,-0.3867823600769045,0.3867823600769045,7.113498687744141,-0.5865013122558596,0.5865013122558596
external_development_validation,186,192.0,Iquique 2014 M7.7,7.7,11,7.63937520980835,-0.06062479019165057,0.06062479019165057,7.535459041595459,-0.1645409584045412,0.1645409584045412,7.477519989013672,-0.2224800109863283,0.2224800109863283,7.313217639923096,-0.3867823600769045,0.3867823600769045,7.113498687744141,-0.5865013122558596,0.5865013122558596
external_development_validation,187,193.0,Iquique 2014 M7.7,7.7,11,7.637625694274902,-0.062374305725097834,0.062374305725097834,7.525201320648193,-0.17479867935180682,0.17479867935180682,7.477519989013672,-0.2224800109863283,0.2224800109863283,7.313217639923096,-0.3867823600769045,0.3867823600769045,7.113498687744141,-0.5865013122558596,0.5865013122558596
external_development_validation,188,194.0,Iquique 2014 M7.7,7.7,11,7.635579586029053,-0.06442041397094744,0.06442041397094744,7.512602806091309,-0.18739719390869158,0.18739719390869158,7.477519989013672,-0.2224800109863283,0.2224800109863283,7.313217639923096,-0.3867823600769045,0.3867823600769045,7.113498687744141,-0.5865013122558596,0.5865013122558596
external_development_validation,189,195.0,Iquique 2014 M7.7,7.7,11,7.633242607116699,-0.06675739288330096,0.06675739288330096,7.503726959228516,-0.19627304077148455,0.19627304077148455,7.477519989013672,-0.2224800109863283,0.2224800109863283,7.313217639923096,-0.3867823600769045,0.3867823600769045,7.113498687744141,-0.5865013122558596,0.5865013122558596
external_development_validation,190,196.0,Iquique 2014 M7.7,7.7,11,7.630740165710449,-0.06925983428955096,0.06925983428955096,7.504042625427246,-0.19595737457275408,0.19595737457275408,7.477519989013672,-0.2224800109863283,0.2224800109863283,7.313217639923096,-0.3867823600769045,0.3867823600769045,7.113498687744141,-0.5865013122558596,0.5865013122558596
external_development_validation,191,197.0,Iquique 2014 M7.7,7.7,11,7.628259181976318,-0.07174081802368182,0.07174081802368182,7.516989707946777,-0.18301029205322283,0.18301029205322283,7.477519989013672,-0.2224800109863283,0.2224800109863283,7.313217639923096,-0.3867823600769045,0.3867823600769045,7.113498687744141,-0.5865013122558596,0.5865013122558596
external_development_validation,192,198.0,Iquique 2014 M7.7,7.7,11,7.625977993011475,-0.07402200698852557,0.07402200698852557,7.537501335144043,-0.1624986648559572,0.1624986648559572,7.477519989013672,-0.2224800109863283,0.2224800109863283,7.313217639923096,-0.3867823600769045,0.3867823600769045,7.113498687744141,-0.5865013122558596,0.5865013122558596
external_development_validation,193,199.0,Iquique 2014 M7.7,7.7,11,7.6240057945251465,-0.0759942054748537,0.0759942054748537,7.555692195892334,-0.1443078041076662,0.1443078041076662,7.477519989013672,-0.2224800109863283,0.2224800109863283,7.313217639923096,-0.3867823600769045,0.3867823600769045,7.113498687744141,-0.5865013122558596,0.5865013122558596
external_development_validation,194,200.0,Iquique 2014 M7.7,7.7,11,7.622323513031006,-0.07767648696899432,0.07767648696899432,7.565682888031006,-0.13431711196899432,0.13431711196899432,7.477519989013672,-0.2224800109863283,0.2224800109863283,7.313217639923096,-0.3867823600769045,0.3867823600769045,7.113498687744141,-0.5865013122558596,0.5865013122558596
external_development_validation,195,201.0,Iquique 2014 M7.7,7.7,11,7.620856285095215,-0.07914371490478533,0.07914371490478533,7.568711757659912,-0.13128824234008807,0.13128824234008807,7.477519989013672,-0.2224800109863283,0.2224800109863283,7.313217639923096,-0.3867823600769045,0.3867823600769045,7.113498687744141,-0.5865013122558596,0.5865013122558596
external_development_validation,196,202.0,Iquique 2014 M7.7,7.7,11,7.619505882263184,-0.08049411773681658,0.08049411773681658,7.569450378417969,-0.13054962158203143,0.13054962158203143,7.477519989013672,-0.2224800109863283,0.2224800109863283,7.313217639923096,-0.3867823600769045,0.3867823600769045,7.113498687744141,-0.5865013122558596,0.5865013122558596
external_development_validation,197,203.0,Iquique 2014 M7.7,7.7,11,7.618171691894531,-0.08182830810546893,0.08182830810546893,7.571445465087891,-0.12855453491210955,0.12855453491210955,7.477519989013672,-0.2224800109863283,0.2224800109863283,7.313217639923096,-0.3867823600769045,0.3867823600769045,7.113498687744141,-0.5865013122558596,0.5865013122558596
external_development_validation,198,204.0,Iquique 2014 M7.7,7.7,11,7.616761684417725,-0.08323831558227557,0.08323831558227557,7.568370819091797,-0.1316291809082033,0.1316291809082033,7.477519989013672,-0.2224800109863283,0.2224800109863283,7.313217639923096,-0.3867823600769045,0.3867823600769045,7.113498687744141,-0.5865013122558596,0.5865013122558596
external_development_validation,199,205.0,Iquique 2014 M7.7,7.7,11,7.615218162536621,-0.08478183746337908,0.08478183746337908,7.558441162109375,-0.14155883789062518,0.14155883789062518,7.477519989013672,-0.2224800109863283,0.2224800109863283,7.313217639923096,-0.3867823600769045,0.3867823600769045,7.113498687744141,-0.5865013122558596,0.5865013122558596
external_development_validation,200,206.0,Iquique 2014 M7.7,7.7,11,7.613622188568115,-0.08637781143188494,0.08637781143188494,7.552300930023193,-0.14769906997680682,0.14769906997680682,7.477519989013672,-0.2224800109863283,0.2224800109863283,7.313217639923096,-0.3867823600769045,0.3867823600769045,7.113498687744141,-0.5865013122558596,0.5865013122558596
external_development_validation,20,26.0,Kodiak 2018 M7.9,7.9,64,7.286099433898926,-0.6139005661010746,0.6139005661010746,8.86103630065918,0.9610363006591793,0.9610363006591793,7.28594970703125,-0.6140502929687504,0.6140502929687504,6.608931541442871,-1.2910684585571293,1.2910684585571293,6.384424686431885,-1.5155753135681156,1.5155753135681156
external_development_validation,21,27.0,Kodiak 2018 M7.9,7.9,64,7.293207168579102,-0.6067928314208988,0.6067928314208988,8.859453201293945,0.959453201293945,0.959453201293945,7.291274070739746,-0.6087259292602543,0.6087259292602543,6.6115403175354,-1.2884596824646,1.2884596824646,6.385408401489258,-1.5145915985107425,1.5145915985107425
external_development_validation,22,28.0,Kodiak 2018 M7.9,7.9,64,7.301885604858398,-0.5981143951416019,0.5981143951416019,8.818565368652344,0.9185653686523434,0.9185653686523434,7.296536922454834,-0.6034630775451664,0.6034630775451664,6.6123857498168945,-1.2876142501831058,1.2876142501831058,6.387526512145996,-1.5124734878540043,1.5124734878540043
external_development_validation,23,29.0,Kodiak 2018 M7.9,7.9,64,7.311667442321777,-0.588332557678223,0.588332557678223,8.79189682006836,0.891896820068359,0.891896820068359,7.297524452209473,-0.6024755477905277,0.6024755477905277,6.612673759460449,-1.2873262405395511,1.2873262405395511,6.388032913208008,-1.5119670867919925,1.5119670867919925
external_development_validation,24,30.0,Kodiak 2018 M7.9,7.9,64,7.322065353393555,-0.5779346466064457,0.5779346466064457,8.762137413024902,0.862137413024902,0.862137413024902,7.296858787536621,-0.6031412124633793,0.6031412124633793,6.616194725036621,-1.2838052749633793,1.2838052749633793,6.390851974487305,-1.5091480255126957,1.5091480255126957
external_development_validation,25,31.0,Kodiak 2018 M7.9,7.9,64,7.332254409790039,-0.5677455902099613,0.5677455902099613,8.576661109924316,0.676661109924316,0.676661109924316,7.312897682189941,-0.587102317810059,0.587102317810059,6.620546340942383,-1.2794536590576175,1.2794536590576175,6.396653652191162,-1.5033463478088382,1.5033463478088382
external_development_validation,26,32.0,Kodiak 2018 M7.9,7.9,64,7.342842102050781,-0.5571578979492191,0.5571578979492191,8.596430778503418,0.6964307785034176,0.6964307785034176,7.322874069213867,-0.5771259307861332,0.5771259307861332,6.645201206207275,-1.254798793792725,1.254798793792725,6.425441265106201,-1.4745587348937992,1.4745587348937992
external_development_validation,27,33.0,Kodiak 2018 M7.9,7.9,64,7.353200435638428,-0.5467995643615726,0.5467995643615726,8.494394302368164,0.5943943023681637,0.5943943023681637,7.332267761230469,-0.5677322387695316,0.5677322387695316,6.653556823730469,-1.2464431762695316,1.2464431762695316,6.435518741607666,-1.4644812583923343,1.4644812583923343
external_development_validation,28,34.0,Kodiak 2018 M7.9,7.9,64,7.363700866699219,-0.5362991333007816,0.5362991333007816,8.48312759399414,0.5831275939941403,0.5831275939941403,7.334863662719727,-0.5651363372802738,0.5651363372802738,6.649733543395996,-1.2502664566040043,1.2502664566040043,6.431328296661377,-1.4686717033386234,1.4686717033386234
external_development_validation,29,35.0,Kodiak 2018 M7.9,7.9,64,7.374026775360107,-0.5259732246398929,0.5259732246398929,8.405559539794922,0.5055595397949215,0.5055595397949215,7.335638046264648,-0.5643619537353519,0.5643619537353519,6.650513648986816,-1.249486351013184,1.249486351013184,6.431629180908203,-1.4683708190917972,1.4683708190917972
external_development_validation,30,36.0,Kodiak 2018 M7.9,7.9,64,7.384531021118164,-0.5154689788818363,0.5154689788818363,8.42172622680664,0.5217262268066403,0.5217262268066403,7.361434459686279,-0.5385655403137211,0.5385655403137211,6.666057586669922,-1.2339424133300785,1.2339424133300785,6.447089195251465,-1.4529108047485355,1.4529108047485355
external_development_validation,31,37.0,Kodiak 2018 M7.9,7.9,64,7.3950114250183105,-0.5049885749816898,0.5049885749816898,8.390499114990234,0.490499114990234,0.490499114990234,7.373613357543945,-0.526386642456055,0.526386642456055,6.683163642883301,-1.2168363571166996,1.2168363571166996,6.46763801574707,-1.43236198425293,1.43236198425293
external_development_validation,32,38.0,Kodiak 2018 M7.9,7.9,64,7.405526161193848,-0.4944738388061527,0.4944738388061527,8.375665664672852,0.4756656646728512,0.4756656646728512,7.371743202209473,-0.5282567977905277,0.5282567977905277,6.681715965270996,-1.2182840347290043,1.2182840347290043,6.466052055358887,-1.4339479446411136,1.4339479446411136
external_development_validation,33,39.0,Kodiak 2018 M7.9,7.9,64,7.415914535522461,-0.4840854644775394,0.4840854644775394,8.278863906860352,0.3788639068603512,0.3788639068603512,7.367295265197754,-0.5327047348022464,0.5327047348022464,6.686370849609375,-1.2136291503906254,1.2136291503906254,6.470699310302734,-1.429300689697266,1.429300689697266
external_development_validation,34,40.0,Kodiak 2018 M7.9,7.9,64,7.426461696624756,-0.4735383033752445,0.4735383033752445,8.349838256835938,0.44983825683593714,0.44983825683593714,7.369070053100586,-0.5309299468994144,0.5309299468994144,6.694326400756836,-1.2056735992431644,1.2056735992431644,6.477017879486084,-1.4229821205139164,1.4229821205139164
external_development_validation,35,41.0,Kodiak 2018 M7.9,7.9,64,7.436866283416748,-0.4631337165832523,0.4631337165832523,8.3385591506958,0.4385591506958004,0.4385591506958004,7.366479873657227,-0.5335201263427738,0.5335201263427738,6.691768646240234,-1.208231353759766,1.208231353759766,6.47441291809082,-1.42558708190918,1.42558708190918
external_development_validation,36,42.0,Kodiak 2018 M7.9,7.9,64,7.446723937988281,-0.4532760620117191,0.4532760620117191,8.269489288330078,0.36948928833007777,0.36948928833007777,7.373354911804199,-0.5266450881958011,0.5266450881958011,6.694300174713135,-1.2056998252868656,1.2056998252868656,6.478869915008545,-1.4211300849914554,1.4211300849914554
external_development_validation,37,43.0,Kodiak 2018 M7.9,7.9,64,7.45634651184082,-0.44365348815918004,0.44365348815918004,8.188333511352539,0.2883335113525387,0.2883335113525387,7.370666980743408,-0.5293330192565922,0.5293330192565922,6.693371295928955,-1.2066287040710453,1.2066287040710453,6.478230953216553,-1.4217690467834476,1.4217690467834476
external_development_validation,38,44.0,Kodiak 2018 M7.9,7.9,64,7.465848445892334,-0.43415155410766637,0.43415155410766637,8.137579917907715,0.2375799179077145,0.2375799179077145,7.368703842163086,-0.5312961578369144,0.5312961578369144,6.691330909729004,-1.2086690902709964,1.2086690902709964,6.476207733154297,-1.4237922668457035,1.4237922668457035
external_development_validation,39,45.0,Kodiak 2018 M7.9,7.9,64,7.475076675415039,-0.4249233245849613,0.4249233245849613,8.04611587524414,0.14611587524414027,0.14611587524414027,7.365775108337402,-0.534224891662598,0.534224891662598,6.689852714538574,-1.2101472854614261,1.2101472854614261,6.473134994506836,-1.4268650054931644,1.4268650054931644
external_development_validation,40,46.0,Kodiak 2018 M7.9,7.9,64,7.484111309051514,-0.4158886909484867,0.4158886909484867,7.98041296005249,0.08041296005248988,0.08041296005248988,7.388751029968262,-0.5112489700317386,0.5112489700317386,6.701343536376953,-1.1986564636230472,1.1986564636230472,6.487395286560059,-1.4126047134399418,1.4126047134399418
external_development_validation,41,47.0,Kodiak 2018 M7.9,7.9,64,7.492856502532959,-0.40714349746704137,0.40714349746704137,7.881567001342773,-0.018432998657226918,0.018432998657226918,7.386312484741211,-0.5136875152587894,0.5136875152587894,6.6989336013793945,-1.2010663986206058,1.2010663986206058,6.484492301940918,-1.4155076980590824,1.4155076980590824
external_development_validation,42,48.0,Kodiak 2018 M7.9,7.9,64,7.501609802246094,-0.3983901977539066,0.3983901977539066,7.869693756103516,-0.03030624389648473,0.03030624389648473,7.384453296661377,-0.5155467033386234,0.5155467033386234,6.699703216552734,-1.200296783447266,1.200296783447266,6.484100341796875,-1.4158996582031254,1.4158996582031254
external_development_validation,43,49.0,Kodiak 2018 M7.9,7.9,64,7.510324001312256,-0.3896759986877445,0.3896759986877445,7.853435039520264,-0.04656496047973668,0.04656496047973668,7.388206481933594,-0.5117935180664066,0.5117935180664066,6.712993144989014,-1.1870068550109867,1.1870068550109867,6.500438690185547,-1.3995613098144535,1.3995613098144535
external_development_validation,44,50.0,Kodiak 2018 M7.9,7.9,64,7.518949031829834,-0.38105096817016637,0.38105096817016637,7.848657608032227,-0.05134239196777379,0.05134239196777379,7.390015125274658,-0.5099848747253422,0.5099848747253422,6.714883804321289,-1.1851161956787113,1.1851161956787113,6.502510070800781,-1.397489929199219,1.397489929199219
external_development_validation,45,51.0,Kodiak 2018 M7.9,7.9,64,7.527167320251465,-0.3728326797485355,0.3728326797485355,7.811051368713379,-0.08894863128662145,0.08894863128662145,7.390384674072266,-0.5096153259277347,0.5096153259277347,6.719193458557129,-1.1808065414428714,1.1808065414428714,6.507232666015625,-1.3927673339843754,1.3927673339843754
external_development_validation,46,52.0,Kodiak 2018 M7.9,7.9,64,7.535300254821777,-0.364699745178223,0.364699745178223,7.796782493591309,-0.10321750640869176,0.10321750640869176,7.389795303344727,-0.5102046966552738,0.5102046966552738,6.720308303833008,-1.1796916961669925,1.1796916961669925,6.508454322814941,-1.391545677185059,1.391545677185059
external_development_validation,47,53.0,Kodiak 2018 M7.9,7.9,64,7.54325008392334,-0.3567499160766605,0.3567499160766605,7.770735740661621,-0.12926425933837926,0.12926425933837926,7.389246940612793,-0.5107530593872074,0.5107530593872074,6.718088150024414,-1.1819118499755863,1.1819118499755863,6.506020545959473,-1.3939794540405277,1.3939794540405277
external_development_validation,48,54.0,Kodiak 2018 M7.9,7.9,64,7.551058769226074,-0.34894123077392614,0.34894123077392614,7.745182037353516,-0.15481796264648473,0.15481796264648473,7.388046741485596,-0.5119532585144047,0.5119532585144047,6.735179901123047,-1.1648200988769535,1.1648200988769535,6.523881912231445,-1.376118087768555,1.376118087768555
external_development_validation,49,55.0,Kodiak 2018 M7.9,7.9,64,7.558557510375977,-0.3414424896240238,0.3414424896240238,7.6871843338012695,-0.21281566619873082,0.21281566619873082,7.386351585388184,-0.5136484146118168,0.5136484146118168,6.734766960144043,-1.1652330398559574,1.1652330398559574,6.523431777954102,-1.3765682220458988,1.3765682220458988
external_development_validation,50,56.0,Kodiak 2018 M7.9,7.9,64,7.566143035888672,-0.3338569641113285,0.3338569641113285,7.726152420043945,-0.17384757995605504,0.17384757995605504,7.4142045974731445,-0.4857954025268558,0.4857954025268558,6.746597766876221,-1.1534022331237797,1.1534022331237797,6.532431125640869,-1.3675688743591312,1.3675688743591312
external_development_validation,51,57.0,Kodiak 2018 M7.9,7.9,64,7.573695182800293,-0.3263048171997074,0.3263048171997074,7.7317214012146,-0.16827859878540075,0.16827859878540075,7.412542343139648,-0.4874576568603519,0.4874576568603519,6.746624946594238,-1.153375053405762,1.153375053405762,6.532188415527344,-1.3678115844726566,1.3678115844726566
external_development_validation,52,58.0,Kodiak 2018 M7.9,7.9,64,7.581151485443115,-0.3188485145568851,0.3188485145568851,7.731244087219238,-0.16875591278076207,0.16875591278076207,7.422560691833496,-0.47743930816650426,0.47743930816650426,6.747145652770996,-1.1528543472290043,1.1528543472290043,6.5329084396362305,-1.3670915603637699,1.3670915603637699
external_development_validation,53,59.0,Kodiak 2018 M7.9,7.9,64,7.588404655456543,-0.3115953445434574,0.3115953445434574,7.695916175842285,-0.2040838241577152,0.2040838241577152,7.4241838455200195,-0.4758161544799808,0.4758161544799808,6.758989334106445,-1.141010665893555,1.141010665893555,6.550834655761719,-1.3491653442382816,1.3491653442382816
external_development_validation,54,60.0,Kodiak 2018 M7.9,7.9,64,7.595666885375977,-0.3043331146240238,0.3043331146240238,7.635019302368164,-0.2649806976318363,0.2649806976318363,7.432785511016846,-0.46721448898315465,0.46721448898315465,6.782960891723633,-1.1170391082763675,1.1170391082763675,6.576489448547363,-1.323510551452637,1.323510551452637
external_development_validation,55,61.0,Kodiak 2018 M7.9,7.9,64,7.602721214294434,-0.29727878570556676,0.29727878570556676,7.585008144378662,-0.31499185562133825,0.31499185562133825,7.435327529907227,-0.4646724700927738,0.4646724700927738,6.780784606933594,-1.1192153930664066,1.1192153930664066,6.575355529785156,-1.324644470214844,1.324644470214844
external_development_validation,56,62.0,Kodiak 2018 M7.9,7.9,64,7.609508037567139,-0.2904919624328617,0.2904919624328617,7.550546646118164,-0.3494533538818363,0.3494533538818363,7.434547424316406,-0.4654525756835941,0.4654525756835941,6.788002967834473,-1.1119970321655277,1.1119970321655277,6.582190036773682,-1.3178099632263187,1.3178099632263187
external_development_validation,57,63.0,Kodiak 2018 M7.9,7.9,64,7.623357772827148,-0.2766422271728519,0.2766422271728519,7.531291484832764,-0.3687085151672367,0.3687085151672367,7.4370856285095215,-0.46291437149047887,0.46291437149047887,6.790177345275879,-1.1098226547241214,1.1098226547241214,6.583084583282471,-1.3169154167175297,1.3169154167175297
external_development_validation,58,64.0,Kodiak 2018 M7.9,7.9,64,7.633090972900391,-0.26690902709960973,0.26690902709960973,7.527242183685303,-0.3727578163146976,0.3727578163146976,7.442334175109863,-0.4576658248901371,0.4576658248901371,6.787904262542725,-1.1120957374572757,1.1120957374572757,6.580799102783203,-1.3192008972167972,1.3192008972167972
external_development_validation,59,65.0,Kodiak 2018 M7.9,7.9,64,7.637025833129883,-0.26297416687011754,0.26297416687011754,7.525834560394287,-0.37416543960571325,0.37416543960571325,7.443659782409668,-0.4563402175903324,0.4563402175903324,6.790257453918457,-1.1097425460815433,1.1097425460815433,6.58314323425293,-1.3168567657470707,1.3168567657470707
external_development_validation,60,66.0,Kodiak 2018 M7.9,7.9,64,7.640620231628418,-0.2593797683715824,0.2593797683715824,7.526723384857178,-0.3732766151428226,0.3732766151428226,7.446549892425537,-0.45345010757446325,0.45345010757446325,6.7939958572387695,-1.1060041427612308,1.1060041427612308,6.586014747619629,-1.3139852523803714,1.3139852523803714
external_development_validation,61,67.0,Kodiak 2018 M7.9,7.9,64,7.647182464599609,-0.252817535400391,0.252817535400391,7.508792400360107,-0.39120759963989293,0.39120759963989293,7.446884632110596,-0.45311536788940465,0.45311536788940465,6.799118995666504,-1.1008810043334964,1.1008810043334964,6.591490745544434,-1.3085092544555668,1.3085092544555668
external_development_validation,62,68.0,Kodiak 2018 M7.9,7.9,64,7.653846740722656,-0.2461532592773441,0.2461532592773441,7.511061668395996,-0.38893833160400426,0.38893833160400426,7.453139781951904,-0.44686021804809606,0.44686021804809606,6.797943115234375,-1.1020568847656254,1.1020568847656254,6.590205192565918,-1.3097948074340824,1.3097948074340824
external_development_validation,63,69.0,Kodiak 2018 M7.9,7.9,64,7.659148693084717,-0.24085130691528356,0.24085130691528356,7.507028102874756,-0.3929718971252445,0.3929718971252445,7.4535393714904785,-0.44646062850952184,0.44646062850952184,6.797943115234375,-1.1020568847656254,1.1020568847656254,6.590205192565918,-1.3097948074340824,1.3097948074340824
external_development_validation,64,70.0,Kodiak 2018 M7.9,7.9,64,7.666219711303711,-0.23378028869628942,0.23378028869628942,7.484731197357178,-0.4152688026428226,0.4152688026428226,7.453930377960205,-0.4460696220397953,0.4460696220397953,6.797943115234375,-1.1020568847656254,1.1020568847656254,6.590205192565918,-1.3097948074340824,1.3097948074340824
external_development_validation,65,71.0,Kodiak 2018 M7.9,7.9,64,7.6893744468688965,-0.21062555313110387,0.21062555313110387,7.493117332458496,-0.40688266754150426,0.40688266754150426,7.459231376647949,-0.44076862335205114,0.44076862335205114,6.810674667358398,-1.089325332641602,1.089325332641602,6.608165264129639,-1.2918347358703617,1.2918347358703617
external_development_validation,66,72.0,Kodiak 2018 M7.9,7.9,64,7.695857524871826,-0.20414247512817418,0.20414247512817418,7.502470016479492,-0.39752998352050817,0.39752998352050817,7.469247817993164,-0.4307521820068363,0.4307521820068363,6.841059684753418,-1.0589403152465824,1.0589403152465824,6.640254497528076,-1.2597455024719242,1.2597455024719242
external_development_validation,67,73.0,Kodiak 2018 M7.9,7.9,64,7.715980529785156,-0.1840194702148441,0.1840194702148441,7.505539894104004,-0.39446010589599645,0.39446010589599645,7.4820780754089355,-0.4179219245910648,0.4179219245910648,6.850924491882324,-1.0490755081176761,1.0490755081176761,6.6506195068359375,-1.2493804931640629,1.2493804931640629
external_development_validation,68,74.0,Kodiak 2018 M7.9,7.9,64,7.720361232757568,-0.179638767242432,0.179638767242432,7.494266510009766,-0.40573348999023473,0.40573348999023473,7.4820780754089355,-0.4179219245910648,0.4179219245910648,6.851544380187988,-1.048455619812012,1.048455619812012,6.651013374328613,-1.248986625671387,1.248986625671387
external_development_validation,69,75.0,Kodiak 2018 M7.9,7.9,64,7.753981590270996,-0.14601840972900426,0.14601840972900426,7.473052978515625,-0.42694702148437536,0.42694702148437536,7.4820780754089355,-0.4179219245910648,0.4179219245910648,6.853524208068848,-1.0464757919311527,1.0464757919311527,6.653093338012695,-1.246906661987305,1.246906661987305
external_development_validation,70,76.0,Kodiak 2018 M7.9,7.9,64,7.761324882507324,-0.13867511749267614,0.13867511749267614,7.444339752197266,-0.45566024780273473,0.45566024780273473,7.4820780754089355,-0.4179219245910648,0.4179219245910648,6.862471580505371,-1.0375284194946293,1.0375284194946293,6.663491725921631,-1.2365082740783695,1.2365082740783695
external_development_validation,71,77.0,Kodiak 2018 M7.9,7.9,64,7.765925407409668,-0.1340745925903324,0.1340745925903324,7.392919063568115,-0.5070809364318851,0.5070809364318851,7.486259460449219,-0.4137405395507816,0.4137405395507816,6.862002372741699,-1.0379976272583011,1.0379976272583011,6.662191390991211,-1.2378086090087894,1.2378086090087894
external_development_validation,72,78.0,Kodiak 2018 M7.9,7.9,64,7.769512176513672,-0.13048782348632848,0.13048782348632848,7.352090835571289,-0.5479091644287113,0.5479091644287113,7.491494178771973,-0.4085058212280277,0.4085058212280277,6.87530517578125,-1.0246948242187504,1.0246948242187504,6.676620006561279,-1.223379993438721,1.223379993438721
external_development_validation,73,79.0,Kodiak 2018 M7.9,7.9,64,7.775028228759766,-0.12497177124023473,0.12497177124023473,7.352085113525391,-0.5479148864746097,0.5479148864746097,7.499274253845215,-0.4007257461547855,0.4007257461547855,6.87530517578125,-1.0246948242187504,1.0246948242187504,6.676620006561279,-1.223379993438721,1.223379993438721
external_development_validation,74,80.0,Kodiak 2018 M7.9,7.9,64,7.777310371398926,-0.12268962860107457,0.12268962860107457,7.4023027420043945,-0.4976972579956058,0.4976972579956058,7.510825157165527,-0.389174842834473,0.389174842834473,6.881296157836914,-1.0187038421630863,1.0187038421630863,6.684327602386475,-1.2156723976135257,1.2156723976135257
external_development_validation,75,81.0,Kodiak 2018 M7.9,7.9,64,7.785918235778809,-0.11408176422119176,0.11408176422119176,7.443161964416504,-0.45683803558349645,0.45683803558349645,7.510825157165527,-0.389174842834473,0.389174842834473,6.881237030029297,-1.0187629699707035,1.0187629699707035,6.684262275695801,-1.2157377243041996,1.2157377243041996
external_development_validation,76,82.0,Kodiak 2018 M7.9,7.9,64,7.78326940536499,-0.11673059463501012,0.11673059463501012,7.455472946166992,-0.44452705383300817,0.44452705383300817,7.510825157165527,-0.389174842834473,0.389174842834473,6.88199520111084,-1.0180047988891605,1.0180047988891605,6.685094356536865,-1.2149056434631351,1.2149056434631351
external_development_validation,77,83.0,Kodiak 2018 M7.9,7.9,64,7.79100227355957,-0.10899772644043004,0.10899772644043004,7.471734046936035,-0.4282659530639652,0.4282659530639652,7.523914813995361,-0.376085186004639,0.376085186004639,6.8819732666015625,-1.0180267333984379,1.0180267333984379,6.685070037841797,-1.2149299621582035,1.2149299621582035
external_development_validation,78,84.0,Kodiak 2018 M7.9,7.9,64,7.788512706756592,-0.11148729324340856,0.11148729324340856,7.486468315124512,-0.41353168487548864,0.41353168487548864,7.531201362609863,-0.3687986373901371,0.3687986373901371,6.914248466491699,-0.9857515335083011,0.9857515335083011,6.717638969421387,-1.1823610305786136,1.1823610305786136
external_development_validation,79,85.0,Kodiak 2018 M7.9,7.9,64,7.785989284515381,-0.1140107154846195,0.1140107154846195,7.502083778381348,-0.3979162216186527,0.3979162216186527,7.533185005187988,-0.3668149948120121,0.3668149948120121,6.914248466491699,-0.9857515335083011,0.9857515335083011,6.717638969421387,-1.1823610305786136,1.1823610305786136
external_development_validation,80,86.0,Kodiak 2018 M7.9,7.9,64,7.783464431762695,-0.11653556823730504,0.11653556823730504,7.499612808227539,-0.4003871917724613,0.4003871917724613,7.537830352783203,-0.36216964721679723,0.36216964721679723,6.914248466491699,-0.9857515335083011,0.9857515335083011,6.717638969421387,-1.1823610305786136,1.1823610305786136
external_development_validation,81,87.0,Kodiak 2018 M7.9,7.9,64,7.780991554260254,-0.11900844573974645,0.11900844573974645,7.523346900939941,-0.37665309906005895,0.37665309906005895,7.540600299835205,-0.3593997001647953,0.3593997001647953,6.924018859863281,-0.9759811401367191,0.9759811401367191,6.727236747741699,-1.1727632522583011,1.1727632522583011
external_development_validation,82,88.0,Kodiak 2018 M7.9,7.9,64,7.787610054016113,-0.11238994598388707,0.11238994598388707,7.537837982177734,-0.362162017822266,0.362162017822266,7.541664123535156,-0.3583358764648441,0.3583358764648441,6.943966865539551,-0.9560331344604496,0.9560331344604496,6.750369548797607,-1.149630451202393,1.149630451202393
external_development_validation,83,89.0,Kodiak 2018 M7.9,7.9,64,7.787343978881836,-0.11265602111816442,0.11265602111816442,7.525157928466797,-0.3748420715332035,0.3748420715332035,7.5581231117248535,-0.34187688827514684,0.34187688827514684,6.991554260253906,-0.9084457397460941,0.9084457397460941,6.800747394561768,-1.0992526054382328,1.0992526054382328
external_development_validation,84,90.0,Kodiak 2018 M7.9,7.9,64,7.78524923324585,-0.11475076675415075,0.11475076675415075,7.494052886962891,-0.40594711303710973,0.40594711303710973,7.566993713378906,-0.3330062866210941,0.3330062866210941,6.993945121765137,-0.9060548782348636,0.9060548782348636,6.801961898803711,-1.0980381011962894,1.0980381011962894
external_development_validation,85,91.0,Kodiak 2018 M7.9,7.9,64,7.783186912536621,-0.11681308746337926,0.11681308746337926,7.504166603088379,-0.39583339691162145,0.39583339691162145,7.570583343505859,-0.329416656494141,0.329416656494141,6.995383262634277,-0.904616737365723,0.904616737365723,6.807323455810547,-1.0926765441894535,1.0926765441894535
external_development_validation,86,92.0,Kodiak 2018 M7.9,7.9,64,7.781169414520264,-0.11883058547973668,0.11883058547973668,7.528247833251953,-0.37175216674804723,0.37175216674804723,7.570583343505859,-0.329416656494141,0.329416656494141,6.9990129470825195,-0.9009870529174808,0.9009870529174808,6.807323455810547,-1.0926765441894535,1.0926765441894535
external_development_validation,87,93.0,Kodiak 2018 M7.9,7.9,64,7.779229640960693,-0.120770359039307,0.120770359039307,7.573605537414551,-0.3263944625854496,0.3263944625854496,7.575171947479248,-0.3248280525207523,0.3248280525207523,6.9990129470825195,-0.9009870529174808,0.9009870529174808,6.81138801574707,-1.08861198425293,1.08861198425293
external_development_validation,88,94.0,Kodiak 2018 M7.9,7.9,64,7.780195236206055,-0.11980476379394567,0.11980476379394567,7.6162004470825195,-0.2837995529174808,0.2837995529174808,7.595327377319336,-0.3046726226806644,0.3046726226806644,7.034219741821289,-0.8657802581787113,0.8657802581787113,6.8511962890625,-1.0488037109375004,1.0488037109375004
external_development_validation,89,95.0,Kodiak 2018 M7.9,7.9,64,7.786593437194824,-0.11340656280517614,0.11340656280517614,7.639407634735107,-0.26059236526489293,0.26059236526489293,7.613528728485107,-0.28647127151489293,0.28647127151489293,7.04206657409668,-0.8579334259033207,0.8579334259033207,6.8626909255981445,-1.0373090744018558,1.0373090744018558
external_development_validation,90,96.0,Kodiak 2018 M7.9,7.9,64,7.797638893127441,-0.10236110687255895,0.10236110687255895,7.685789108276367,-0.21421089172363317,0.21421089172363317,7.616965293884277,-0.283034706115723,0.283034706115723,7.047195911407471,-0.8528040885925297,0.8528040885925297,6.8647356033325195,-1.0352643966674808,1.0352643966674808
external_development_validation,91,97.0,Kodiak 2018 M7.9,7.9,64,7.808024883270264,-0.09197511672973668,0.09197511672973668,7.6904802322387695,-0.20951976776123082,0.20951976776123082,7.616965293884277,-0.283034706115723,0.283034706115723,7.047242164611816,-0.852757835388184,0.852757835388184,6.865041732788086,-1.0349582672119144,1.0349582672119144
external_development_validation,92,98.0,Kodiak 2018 M7.9,7.9,64,7.826636791229248,-0.07336320877075231,0.07336320877075231,7.707052230834961,-0.19294776916503942,0.19294776916503942,7.616965293884277,-0.283034706115723,0.283034706115723,7.054059982299805,-0.8459400177001957,0.8459400177001957,6.870352745056152,-1.029647254943848,1.029647254943848
external_development_validation,93,99.0,Kodiak 2018 M7.9,7.9,64,7.842132568359375,-0.057867431640625355,0.057867431640625355,7.745811462402344,-0.1541885375976566,0.1541885375976566,7.616965293884277,-0.283034706115723,0.283034706115723,7.063143253326416,-0.8368567466735843,0.8368567466735843,6.879589080810547,-1.0204109191894535,1.0204109191894535
external_development_validation,94,100.0,Kodiak 2018 M7.9,7.9,64,7.850701808929443,-0.049298191070556996,0.049298191070556996,7.800091743469238,-0.09990825653076207,0.09990825653076207,7.616965293884277,-0.283034706115723,0.283034706115723,7.063143253326416,-0.8368567466735843,0.8368567466735843,6.879589080810547,-1.0204109191894535,1.0204109191894535
external_development_validation,95,101.0,Kodiak 2018 M7.9,7.9,64,7.855923652648926,-0.044076347351074574,0.044076347351074574,7.892691612243652,-0.0073083877563480115,0.0073083877563480115,7.629204273223877,-0.2707957267761234,0.2707957267761234,7.069851875305176,-0.8301481246948246,0.8301481246948246,6.8848466873168945,-1.0151533126831058,1.0151533126831058
external_development_validation,96,102.0,Kodiak 2018 M7.9,7.9,64,7.869655132293701,-0.030344867706299183,0.030344867706299183,7.905718803405762,0.0057188034057613635,0.0057188034057613635,7.631610870361328,-0.26838912963867223,0.26838912963867223,7.069851875305176,-0.8301481246948246,0.8301481246948246,6.8848466873168945,-1.0151533126831058,1.0151533126831058
external_development_validation,97,103.0,Kodiak 2018 M7.9,7.9,64,7.870375633239746,-0.02962436676025426,0.02962436676025426,7.987716197967529,0.08771619796752894,0.08771619796752894,7.631610870361328,-0.26838912963867223,0.26838912963867223,7.069851875305176,-0.8301481246948246,0.8301481246948246,6.8848466873168945,-1.0151533126831058,1.0151533126831058
external_development_validation,98,104.0,Kodiak 2018 M7.9,7.9,64,7.8711256980896,-0.028874301910400746,0.028874301910400746,8.084541320800781,0.1845413208007809,0.1845413208007809,7.641522407531738,-0.2584775924682621,0.2584775924682621,7.081888675689697,-0.8181113243103031,0.8181113243103031,6.897792816162109,-1.002207183837891,1.002207183837891
external_development_validation,99,105.0,Kodiak 2018 M7.9,7.9,64,7.87190580368042,-0.028094196319580433,0.028094196319580433,8.030010223388672,0.13001022338867152,0.13001022338867152,7.641522407531738,-0.2584775924682621,0.2584775924682621,7.081888675689697,-0.8181113243103031,0.8181113243103031,6.897792816162109,-1.002207183837891,1.002207183837891
external_development_validation,100,106.0,Kodiak 2018 M7.9,7.9,64,7.875224590301514,-0.024775409698486683,0.024775409698486683,7.9847846031188965,0.08478460311889613,0.08478460311889613,7.641522407531738,-0.2584775924682621,0.2584775924682621,7.09042501449585,-0.8095749855041507,0.8095749855041507,6.906977653503418,-0.9930223464965824,0.9930223464965824
external_development_validation,101,107.0,Kodiak 2018 M7.9,7.9,64,7.8834028244018555,-0.016597175598144887,0.016597175598144887,7.9627838134765625,0.06278381347656214,0.06278381347656214,7.643328666687012,-0.25667133331298864,0.25667133331298864,7.091632843017578,-0.8083671569824222,0.8083671569824222,6.906977653503418,-0.9930223464965824,0.9930223464965824
external_development_validation,102,108.0,Kodiak 2018 M7.9,7.9,64,7.884278297424316,-0.01572170257568395,0.01572170257568395,7.960909843444824,0.060909843444823863,0.060909843444823863,7.643328666687012,-0.25667133331298864,0.25667133331298864,7.091632843017578,-0.8083671569824222,0.8083671569824222,6.906977653503418,-0.9930223464965824,0.9930223464965824
external_development_validation,103,109.0,Kodiak 2018 M7.9,7.9,64,7.88513708114624,-0.014862918853760121,0.014862918853760121,7.8939971923828125,-0.006002807617187855,0.006002807617187855,7.645270824432373,-0.2547291755676273,0.2547291755676273,7.098660469055176,-0.8013395309448246,0.8013395309448246,6.9153900146484375,-0.9846099853515629,0.9846099853515629
external_development_validation,104,110.0,Kodiak 2018 M7.9,7.9,64,7.891229152679443,-0.008770847320556996,0.008770847320556996,7.813169002532959,-0.08683099746704137,0.08683099746704137,7.648427963256836,-0.2515720367431644,0.2515720367431644,7.098660469055176,-0.8013395309448246,0.8013395309448246,6.9153900146484375,-0.9846099853515629,0.9846099853515629
external_development_validation,105,111.0,Kodiak 2018 M7.9,7.9,64,7.891831398010254,-0.008168601989746449,0.008168601989746449,7.762648582458496,-0.13735141754150426,0.13735141754150426,7.657139301300049,-0.24286069869995153,0.24286069869995153,7.117792129516602,-0.7822078704833988,0.7822078704833988,6.940225601196289,-0.9597743988037113,0.9597743988037113
external_development_validation,106,112.0,Kodiak 2018 M7.9,7.9,64,7.891513347625732,-0.008486652374267933,0.008486652374267933,7.755119323730469,-0.1448806762695316,0.1448806762695316,7.6665496826171875,-0.23345031738281286,0.23345031738281286,7.121291160583496,-0.7787088394165043,0.7787088394165043,6.946328163146973,-0.9536718368530277,0.9536718368530277
external_development_validation,107,113.0,Kodiak 2018 M7.9,7.9,64,7.892614364624023,-0.007385635375976918,0.007385635375976918,7.8221025466918945,-0.07789745330810582,0.07789745330810582,7.675693511962891,-0.22430648803710973,0.22430648803710973,7.14127254486084,-0.7587274551391605,0.7587274551391605,6.966926574707031,-0.9330734252929691,0.9330734252929691
external_development_validation,108,114.0,Kodiak 2018 M7.9,7.9,64,7.898715496063232,-0.0012845039367679334,0.0012845039367679334,7.924895286560059,0.02489528656005824,0.02489528656005824,7.675693511962891,-0.22430648803710973,0.22430648803710973,7.14127254486084,-0.7587274551391605,0.7587274551391605,6.966926574707031,-0.9330734252929691,0.9330734252929691
external_development_validation,109,115.0,Kodiak 2018 M7.9,7.9,64,7.897494792938232,-0.0025052070617679334,0.0025052070617679334,7.966330528259277,0.06633052825927699,0.06633052825927699,7.675693511962891,-0.22430648803710973,0.22430648803710973,7.14127254486084,-0.7587274551391605,0.7587274551391605,6.966926574707031,-0.9330734252929691,0.9330734252929691
external_development_validation,110,116.0,Kodiak 2018 M7.9,7.9,64,7.901193618774414,0.0011936187744137072,0.0011936187744137072,7.975507736206055,0.07550773620605433,0.07550773620605433,7.686439514160156,-0.2135604858398441,0.2135604858398441,7.154764175415039,-0.7452358245849613,0.7452358245849613,6.97812557220459,-0.9218744277954105,0.9218744277954105
external_development_validation,111,117.0,Kodiak 2018 M7.9,7.9,64,7.908792495727539,0.008792495727538707,0.008792495727538707,7.928867340087891,0.02886734008789027,0.02886734008789027,7.731668472290039,-0.1683315277099613,0.1683315277099613,7.225224018096924,-0.6747759819030765,0.6747759819030765,7.0567426681518555,-0.8432573318481449,0.8432573318481449
external_development_validation,112,118.0,Kodiak 2018 M7.9,7.9,64,7.911202907562256,0.011202907562255504,0.011202907562255504,7.896541595458984,-0.0034584045410159803,0.0034584045410159803,7.7530598640441895,-0.1469401359558109,0.1469401359558109,7.236411094665527,-0.663588905334473,0.663588905334473,7.067287445068359,-0.832712554931641,0.832712554931641
external_development_validation,113,119.0,Kodiak 2018 M7.9,7.9,64,7.912418365478516,0.01241836547851527,0.01241836547851527,7.816656112670898,-0.08334388732910192,0.08334388732910192,7.7530598640441895,-0.1469401359558109,0.1469401359558109,7.236411094665527,-0.663588905334473,0.663588905334473,7.067287445068359,-0.832712554931641,0.832712554931641
external_development_validation,114,120.0,Kodiak 2018 M7.9,7.9,64,7.912575721740723,0.012575721740722301,0.012575721740722301,7.730529308319092,-0.16947069168090856,0.16947069168090856,7.758254051208496,-0.14174594879150426,0.14174594879150426,7.236693382263184,-0.6633066177368168,0.6633066177368168,7.067287445068359,-0.832712554931641,0.832712554931641
external_development_validation,115,121.0,Kodiak 2018 M7.9,7.9,64,7.914107322692871,0.014107322692870738,0.014107322692870738,7.68784236907959,-0.2121576309204105,0.2121576309204105,7.767697334289551,-0.13230266571044957,0.13230266571044957,7.250153541564941,-0.649846458435059,0.649846458435059,7.08177375793457,-0.81822624206543,0.81822624206543
external_development_validation,116,122.0,Kodiak 2018 M7.9,7.9,64,7.913904190063477,0.013904190063476207,0.013904190063476207,7.736371040344238,-0.16362895965576207,0.16362895965576207,7.774812698364258,-0.12518730163574254,0.12518730163574254,7.250471591949463,-0.6495284080505375,0.6495284080505375,7.084226608276367,-0.8157733917236332,0.8157733917236332
external_development_validation,117,123.0,Kodiak 2018 M7.9,7.9,64,7.912593841552734,0.01259384155273402,0.01259384155273402,7.7148261070251465,-0.18517389297485387,0.18517389297485387,7.774812698364258,-0.12518730163574254,0.12518730163574254,7.250471591949463,-0.6495284080505375,0.6495284080505375,7.084226608276367,-0.8157733917236332,0.8157733917236332
external_development_validation,118,124.0,Kodiak 2018 M7.9,7.9,64,7.911603927612305,0.011603927612304332,0.011603927612304332,7.7174882888793945,-0.18251171112060582,0.18251171112060582,7.776580333709717,-0.12341966629028356,0.12341966629028356,7.250471591949463,-0.6495284080505375,0.6495284080505375,7.084226608276367,-0.8157733917236332,0.8157733917236332
external_development_validation,119,125.0,Kodiak 2018 M7.9,7.9,64,7.910656929016113,0.010656929016112926,0.010656929016112926,7.705678939819336,-0.19432106018066442,0.19432106018066442,7.776580333709717,-0.12341966629028356,0.12341966629028356,7.270644664764404,-0.6293553352355961,0.6293553352355961,7.110779762268066,-0.789220237731934,0.789220237731934
external_development_validation,120,126.0,Kodiak 2018 M7.9,7.9,64,7.909699440002441,0.009699440002441051,0.009699440002441051,7.673686504364014,-0.22631349563598668,0.22631349563598668,7.793390274047852,-0.10660972595214879,0.10660972595214879,7.294150352478027,-0.605849647521973,0.605849647521973,7.13707160949707,-0.76292839050293,0.76292839050293
external_development_validation,121,127.0,Kodiak 2018 M7.9,7.9,64,7.91831111907959,0.01831111907958949,0.01831111907958949,7.658605575561523,-0.24139442443847692,0.24139442443847692,7.807205677032471,-0.09279432296752965,0.09279432296752965,7.320455551147461,-0.5795444488525394,0.5795444488525394,7.161440849304199,-0.7385591506958011,0.7385591506958011
external_development_validation,122,128.0,Kodiak 2018 M7.9,7.9,64,7.926909923553467,0.02690992355346644,0.02690992355346644,7.587845802307129,-0.31215419769287145,0.31215419769287145,7.831864833831787,-0.06813516616821325,0.06813516616821325,7.33326530456543,-0.5667346954345707,0.5667346954345707,7.1795973777771,-0.7204026222229007,0.7204026222229007
external_development_validation,123,129.0,Kodiak 2018 M7.9,7.9,64,7.928175926208496,0.02817592620849574,0.02817592620849574,7.587703227996826,-0.3122967720031742,0.3122967720031742,7.8466081619262695,-0.053391838073730824,0.053391838073730824,7.343925476074219,-0.5560745239257816,0.5560745239257816,7.195952415466309,-0.7040475845336918,0.7040475845336918
external_development_validation,124,130.0,Kodiak 2018 M7.9,7.9,64,7.929676055908203,0.02967605590820277,0.02967605590820277,7.645951747894287,-0.25404825210571325,0.25404825210571325,7.853977203369141,-0.04602279663085973,0.04602279663085973,7.344344139099121,-0.5556558609008793,0.5556558609008793,7.195952415466309,-0.7040475845336918,0.7040475845336918
external_development_validation,125,131.0,Kodiak 2018 M7.9,7.9,64,7.928963661193848,0.0289636611938473,0.0289636611938473,7.6628265380859375,-0.23717346191406286,0.23717346191406286,7.853977203369141,-0.04602279663085973,0.04602279663085973,7.371209144592285,-0.5287908554077152,0.5287908554077152,7.221261978149414,-0.6787380218505863,0.6787380218505863
external_development_validation,126,132.0,Kodiak 2018 M7.9,7.9,64,7.928606033325195,0.028606033325194957,0.028606033325194957,7.6773295402526855,-0.2226704597473148,0.2226704597473148,7.866203308105469,-0.033796691894531605,0.033796691894531605,7.383816719055176,-0.5161832809448246,0.5161832809448246,7.2294511795043945,-0.6705488204956058,0.6705488204956058
external_development_validation,127,133.0,Kodiak 2018 M7.9,7.9,64,7.928312301635742,0.028312301635741832,0.028312301635741832,7.632168769836426,-0.2678312301635746,0.2678312301635746,7.866203308105469,-0.033796691894531605,0.033796691894531605,7.399538040161133,-0.5004619598388675,0.5004619598388675,7.250018119812012,-0.6499818801879886,0.6499818801879886
external_development_validation,128,134.0,Kodiak 2018 M7.9,7.9,64,7.930357933044434,0.03035793304443324,0.03035793304443324,7.592979431152344,-0.3070205688476566,0.3070205688476566,7.878752708435059,-0.02124729156494176,0.02124729156494176,7.399538040161133,-0.5004619598388675,0.5004619598388675,7.250018119812012,-0.6499818801879886,0.6499818801879886
external_development_validation,129,135.0,Kodiak 2018 M7.9,7.9,64,7.930062770843506,0.030062770843505504,0.030062770843505504,7.545331954956055,-0.35466804504394567,0.35466804504394567,7.888004302978516,-0.01199569702148473,0.01199569702148473,7.42940616607666,-0.4705938339233402,0.4705938339233402,7.28538179397583,-0.6146182060241703,0.6146182060241703
external_development_validation,130,136.0,Kodiak 2018 M7.9,7.9,64,7.935993194580078,0.03599319458007777,0.03599319458007777,7.505502223968506,-0.3944977760314945,0.3944977760314945,7.896765232086182,-0.0032347679138187146,0.0032347679138187146,7.42940616607666,-0.4705938339233402,0.4705938339233402,7.28538179397583,-0.6146182060241703,0.6146182060241703
external_development_validation,131,137.0,Kodiak 2018 M7.9,7.9,64,7.936429023742676,0.036429023742675426,0.036429023742675426,7.499499797821045,-0.40050020217895543,0.40050020217895543,7.903619766235352,0.0036197662353512072,0.0036197662353512072,7.43103551864624,-0.4689644813537601,0.4689644813537601,7.286113739013672,-0.6138862609863285,0.6138862609863285
external_development_validation,132,138.0,Kodiak 2018 M7.9,7.9,64,7.937132835388184,0.03713283538818324,0.03713283538818324,7.493594646453857,-0.40640535354614293,0.40640535354614293,7.914539337158203,0.01453933715820277,0.01453933715820277,7.444724082946777,-0.455275917053223,0.455275917053223,7.298458099365234,-0.601541900634766,0.601541900634766
external_development_validation,133,139.0,Kodiak 2018 M7.9,7.9,64,7.938370704650879,0.03837070465087855,0.03837070465087855,7.521225929260254,-0.37877407073974645,0.37877407073974645,7.928719520568848,0.0287195205688473,0.0287195205688473,7.472754955291748,-0.4272450447082523,0.4272450447082523,7.325539588928223,-0.5744604110717777,0.5744604110717777
external_development_validation,134,140.0,Kodiak 2018 M7.9,7.9,64,7.941073417663574,0.041073417663573863,0.041073417663573863,7.53370475769043,-0.36629524230957067,0.36629524230957067,7.930994033813477,0.030994033813476207,0.030994033813476207,7.483572483062744,-0.4164275169372562,0.4164275169372562,7.344625949859619,-0.5553740501403812,0.5553740501403812
external_development_validation,135,141.0,Kodiak 2018 M7.9,7.9,64,7.943847179412842,0.04384717941284144,0.04384717941284144,7.534721374511719,-0.3652786254882816,0.3652786254882816,7.939141750335693,0.039141750335693004,0.039141750335693004,7.508316993713379,-0.39168300628662145,0.39168300628662145,7.367650032043457,-0.5323499679565433,0.5323499679565433
external_development_validation,136,142.0,Kodiak 2018 M7.9,7.9,64,7.947783470153809,0.04778347015380824,0.04778347015380824,7.533265113830566,-0.36673488616943395,0.36673488616943395,7.939141750335693,0.039141750335693004,0.039141750335693004,7.5148210525512695,-0.3851789474487308,0.3851789474487308,7.374758243560791,-0.5252417564392093,0.5252417564392093
external_development_validation,137,143.0,Kodiak 2018 M7.9,7.9,64,7.947870254516602,0.04787025451660121,0.04787025451660121,7.532587051391602,-0.3674129486083988,0.3674129486083988,7.939141750335693,0.039141750335693004,0.039141750335693004,7.524041175842285,-0.3759588241577152,0.3759588241577152,7.388476371765137,-0.5115236282348636,0.5115236282348636
external_development_validation,138,144.0,Kodiak 2018 M7.9,7.9,64,7.948431968688965,0.04843196868896449,0.04843196868896449,7.5372538566589355,-0.3627461433410648,0.3627461433410648,7.941584587097168,0.041584587097167613,0.041584587097167613,7.540554523468018,-0.3594454765319828,0.3594454765319828,7.406530380249023,-0.4934696197509769,0.4934696197509769
external_development_validation,139,145.0,Kodiak 2018 M7.9,7.9,64,7.948081016540527,0.04808101654052699,0.04808101654052699,7.541925430297852,-0.3580745697021488,0.3580745697021488,7.941584587097168,0.041584587097167613,0.041584587097167613,7.540554523468018,-0.3594454765319828,0.3594454765319828,7.406530380249023,-0.4934696197509769,0.4934696197509769
external_development_validation,140,146.0,Kodiak 2018 M7.9,7.9,64,7.947159767150879,0.04715976715087855,0.04715976715087855,7.526965618133545,-0.37303438186645543,0.37303438186645543,7.941584587097168,0.041584587097167613,0.041584587097167613,7.540554523468018,-0.3594454765319828,0.3594454765319828,7.406530380249023,-0.4934696197509769,0.4934696197509769
external_development_validation,141,147.0,Kodiak 2018 M7.9,7.9,64,7.946167945861816,0.04616794586181605,0.04616794586181605,7.511584758758545,-0.38841524124145543,0.38841524124145543,7.941584587097168,0.041584587097167613,0.041584587097167613,7.540554523468018,-0.3594454765319828,0.3594454765319828,7.406530380249023,-0.4934696197509769,0.4934696197509769
external_development_validation,142,148.0,Kodiak 2018 M7.9,7.9,64,7.945119857788086,0.04511985778808558,0.04511985778808558,7.530747413635254,-0.36925258636474645,0.36925258636474645,7.949058532714844,0.049058532714843395,0.049058532714843395,7.540554523468018,-0.3594454765319828,0.3594454765319828,7.406530380249023,-0.4934696197509769,0.4934696197509769
external_development_validation,143,149.0,Kodiak 2018 M7.9,7.9,64,7.945309638977051,0.045309638977050426,0.045309638977050426,7.519167900085449,-0.38083209991455114,0.38083209991455114,7.950710773468018,0.05071077346801722,0.05071077346801722,7.550557613372803,-0.3494423866271976,0.3494423866271976,7.417466640472412,-0.48253335952758825,0.48253335952758825
external_development_validation,144,150.0,Kodiak 2018 M7.9,7.9,64,7.944108486175537,0.044108486175536754,0.044108486175536754,7.516368389129639,-0.3836316108703617,0.3836316108703617,7.962530136108398,0.06253013610839808,0.06253013610839808,7.574888706207275,-0.32511129379272496,0.32511129379272496,7.439493179321289,-0.4605068206787113,0.4605068206787113
external_development_validation,145,151.0,Kodiak 2018 M7.9,7.9,64,7.942839622497559,0.04283962249755824,0.04283962249755824,7.519956588745117,-0.38004341125488317,0.38004341125488317,7.978370666503906,0.0783706665039059,0.0783706665039059,7.577803611755371,-0.32219638824462926,0.32219638824462926,7.439493179321289,-0.4605068206787113,0.4605068206787113
external_development_validation,146,152.0,Kodiak 2018 M7.9,7.9,64,7.9420671463012695,0.042067146301269176,0.042067146301269176,7.511993408203125,-0.38800659179687536,0.38800659179687536,7.992053031921387,0.09205303192138636,0.09205303192138636,7.591687202453613,-0.3083127975463871,0.3083127975463871,7.449990272521973,-0.4500097274780277,0.4500097274780277
external_development_validation,147,153.0,Kodiak 2018 M7.9,7.9,64,7.945941925048828,0.04594192504882777,0.04594192504882777,7.447776794433594,-0.4522232055664066,0.4522232055664066,8.02359390258789,0.12359390258789027,0.12359390258789027,7.629203796386719,-0.2707962036132816,0.2707962036132816,7.4993510246276855,-0.4006489753723148,0.4006489753723148
external_development_validation,148,154.0,Kodiak 2018 M7.9,7.9,64,7.949591636657715,0.04959163665771449,0.04959163665771449,7.3934645652771,-0.5065354347229007,0.5065354347229007,8.027229309082031,0.1272293090820309,0.1272293090820309,7.64677619934082,-0.25322380065918004,0.25322380065918004,7.515583038330078,-0.38441696166992223,0.38441696166992223
external_development_validation,149,155.0,Kodiak 2018 M7.9,7.9,64,7.948169708251953,0.04816970825195277,0.04816970825195277,7.394680976867676,-0.5053190231323246,0.5053190231323246,8.030627250671387,0.13062725067138636,0.13062725067138636,7.652626037597656,-0.2473739624023441,0.2473739624023441,7.526155471801758,-0.37384452819824254,0.37384452819824254
external_development_validation,150,156.0,Kodiak 2018 M7.9,7.9,64,7.948089122772217,0.04808912277221644,0.04808912277221644,7.417159080505371,-0.48284091949462926,0.48284091949462926,8.031009674072266,0.13100967407226527,0.13100967407226527,7.667782783508301,-0.23221721649169957,0.23221721649169957,7.5354156494140625,-0.36458435058593786,0.36458435058593786
external_development_validation,151,157.0,Kodiak 2018 M7.9,7.9,64,7.952240943908691,0.05224094390869105,0.05224094390869105,7.464014053344727,-0.4359859466552738,0.4359859466552738,8.036612510681152,0.136612510681152,0.136612510681152,7.672987937927246,-0.22701206207275426,0.22701206207275426,7.54280424118042,-0.35719575881958043,0.35719575881958043
external_development_validation,152,158.0,Kodiak 2018 M7.9,7.9,64,7.960262298583984,0.06026229858398402,0.06026229858398402,7.502562999725342,-0.39743700027465856,0.39743700027465856,8.036612510681152,0.136612510681152,0.136612510681152,7.6751203536987305,-0.2248796463012699,0.2248796463012699,7.5503692626953125,-0.34963073730468786,0.34963073730468786
external_development_validation,153,159.0,Kodiak 2018 M7.9,7.9,64,7.960214138031006,0.060214138031005504,0.060214138031005504,7.531167984008789,-0.3688320159912113,0.3688320159912113,8.039166450500488,0.13916645050048793,0.13916645050048793,7.6900177001953125,-0.20998229980468786,0.20998229980468786,7.565291404724121,-0.33470859527587926,0.33470859527587926
external_development_validation,154,160.0,Kodiak 2018 M7.9,7.9,64,7.95889949798584,0.05889949798583949,0.05889949798583949,7.590837001800537,-0.30916299819946325,0.30916299819946325,8.039166450500488,0.13916645050048793,0.13916645050048793,7.6900177001953125,-0.20998229980468786,0.20998229980468786,7.565291404724121,-0.33470859527587926,0.33470859527587926
external_development_validation,155,161.0,Kodiak 2018 M7.9,7.9,64,7.9575958251953125,0.057595825195312145,0.057595825195312145,7.633437633514404,-0.26656236648559606,0.26656236648559606,8.041722297668457,0.14172229766845668,0.14172229766845668,7.695333480834961,-0.20466651916503942,0.20466651916503942,7.567621231079102,-0.3323787689208988,0.3323787689208988
external_development_validation,156,162.0,Kodiak 2018 M7.9,7.9,64,7.956298828125,0.056298828124999645,0.056298828124999645,7.707496643066406,-0.1925033569335941,0.1925033569335941,8.061119079589844,0.1611190795898434,0.1611190795898434,7.699522972106934,-0.20047702789306676,0.20047702789306676,7.570874214172363,-0.3291257858276371,0.3291257858276371
external_development_validation,157,163.0,Kodiak 2018 M7.9,7.9,64,7.95524787902832,0.05524787902831996,0.05524787902831996,7.691347122192383,-0.20865287780761754,0.20865287780761754,8.074882507324219,0.1748825073242184,0.1748825073242184,7.700291633605957,-0.19970836639404332,0.19970836639404332,7.574535369873047,-0.3254646301269535,0.3254646301269535
external_development_validation,158,164.0,Kodiak 2018 M7.9,7.9,64,7.956406593322754,0.05640659332275355,0.05640659332275355,7.713456153869629,-0.18654384613037145,0.18654384613037145,8.074882507324219,0.1748825073242184,0.1748825073242184,7.702906131744385,-0.1970938682556156,0.1970938682556156,7.5763773918151855,-0.3236226081848148,0.3236226081848148
external_development_validation,159,165.0,Kodiak 2018 M7.9,7.9,64,7.957645416259766,0.05764541625976527,0.05764541625976527,7.690801620483398,-0.20919837951660192,0.20919837951660192,8.074882507324219,0.1748825073242184,0.1748825073242184,7.702906131744385,-0.1970938682556156,0.1970938682556156,7.5763773918151855,-0.3236226081848148,0.3236226081848148
external_development_validation,160,166.0,Kodiak 2018 M7.9,7.9,64,7.958870887756348,0.0588708877563473,0.0588708877563473,7.666668891906738,-0.23333110809326207,0.23333110809326207,8.074882507324219,0.1748825073242184,0.1748825073242184,7.702906131744385,-0.1970938682556156,0.1970938682556156,7.5763773918151855,-0.3236226081848148,0.3236226081848148
external_development_validation,161,167.0,Kodiak 2018 M7.9,7.9,64,7.965400695800781,0.0654006958007809,0.0654006958007809,7.669044017791748,-0.2309559822082523,0.2309559822082523,8.074882507324219,0.1748825073242184,0.1748825073242184,7.702906131744385,-0.1970938682556156,0.1970938682556156,7.5763773918151855,-0.3236226081848148,0.3236226081848148
external_development_validation,162,168.0,Kodiak 2018 M7.9,7.9,64,7.969479560852051,0.06947956085205043,0.06947956085205043,7.672273635864258,-0.22772636413574254,0.22772636413574254,8.074882507324219,0.1748825073242184,0.1748825073242184,7.702906131744385,-0.1970938682556156,0.1970938682556156,7.5763773918151855,-0.3236226081848148,0.3236226081848148
external_development_validation,163,169.0,Kodiak 2018 M7.9,7.9,64,7.974267959594727,0.07426795959472621,0.07426795959472621,7.667906761169434,-0.23209323883056676,0.23209323883056676,8.076248168945312,0.17624816894531214,0.17624816894531214,7.702906131744385,-0.1970938682556156,0.1970938682556156,7.5763773918151855,-0.3236226081848148,0.3236226081848148
external_development_validation,164,170.0,Kodiak 2018 M7.9,7.9,64,7.978036880493164,0.07803688049316371,0.07803688049316371,7.666855812072754,-0.23314418792724645,0.23314418792724645,8.079307556152344,0.1793075561523434,0.1793075561523434,7.702906131744385,-0.1970938682556156,0.1970938682556156,7.5763773918151855,-0.3236226081848148,0.3236226081848148
external_development_validation,165,171.0,Kodiak 2018 M7.9,7.9,64,7.9799628257751465,0.07996282577514613,0.07996282577514613,7.709792137145996,-0.19020786285400426,0.19020786285400426,8.081872940063477,0.1818729400634762,0.1818729400634762,7.711635112762451,-0.18836488723754918,0.18836488723754918,7.586970806121826,-0.3130291938781742,0.3130291938781742
external_development_validation,166,172.0,Kodiak 2018 M7.9,7.9,64,7.982400417327881,0.0824004173278805,0.0824004173278805,7.733640193939209,-0.16635980606079137,0.16635980606079137,8.084044456481934,0.18404445648193324,0.18404445648193324,7.711635112762451,-0.18836488723754918,0.18836488723754918,7.586970806121826,-0.3130291938781742,0.3130291938781742
external_development_validation,167,173.0,Kodiak 2018 M7.9,7.9,64,7.984914302825928,0.08491430282592738,0.08491430282592738,7.810443878173828,-0.08955612182617223,0.08955612182617223,8.09421157836914,0.19421157836914027,0.19421157836914027,7.711635112762451,-0.18836488723754918,0.18836488723754918,7.586970806121826,-0.3130291938781742,0.3130291938781742
external_development_validation,168,174.0,Kodiak 2018 M7.9,7.9,64,7.985972881317139,0.08597288131713832,0.08597288131713832,7.882823467254639,-0.017176532745361683,0.017176532745361683,8.098323822021484,0.19832382202148402,0.19832382202148402,7.720968246459961,-0.17903175354003942,0.17903175354003942,7.597281455993652,-0.302718544006348,0.302718544006348
external_development_validation,169,175.0,Kodiak 2018 M7.9,7.9,64,7.991340637207031,0.0913406372070309,0.0913406372070309,7.927501201629639,0.027501201629638317,0.027501201629638317,8.098323822021484,0.19832382202148402,0.19832382202148402,7.724567413330078,-0.17543258666992223,0.17543258666992223,7.601812362670898,-0.2981876373291019,0.2981876373291019
external_development_validation,170,176.0,Kodiak 2018 M7.9,7.9,64,7.992484092712402,0.09248409271240199,0.09248409271240199,7.946971893310547,0.04697189331054652,0.04697189331054652,8.098323822021484,0.19832382202148402,0.19832382202148402,7.727682113647461,-0.17231788635253942,0.17231788635253942,7.605002403259277,-0.294997596740723,0.294997596740723
external_development_validation,171,177.0,Kodiak 2018 M7.9,7.9,64,7.993497848510742,0.09349784851074183,0.09349784851074183,7.9388275146484375,0.038827514648437145,0.038827514648437145,8.102168083190918,0.2021680831909176,0.2021680831909176,7.727682113647461,-0.17231788635253942,0.17231788635253942,7.605002403259277,-0.294997596740723,0.294997596740723
external_development_validation,172,178.0,Kodiak 2018 M7.9,7.9,64,7.995124340057373,0.09512434005737269,0.09512434005737269,7.926210403442383,0.026210403442382457,0.026210403442382457,8.102252960205078,0.20225296020507777,0.20225296020507777,7.727682113647461,-0.17231788635253942,0.17231788635253942,7.605002403259277,-0.294997596740723,0.294997596740723
external_development_validation,173,179.0,Kodiak 2018 M7.9,7.9,64,7.998082637786865,0.09808263778686488,0.09808263778686488,7.919156074523926,0.019156074523925426,0.019156074523925426,8.104937553405762,0.20493755340576136,0.20493755340576136,7.728204727172852,-0.1717952728271488,0.1717952728271488,7.608161449432373,-0.2918385505676273,0.2918385505676273
external_development_validation,174,180.0,Kodiak 2018 M7.9,7.9,64,8.002519607543945,0.10251960754394496,0.10251960754394496,7.927899360656738,0.027899360656737926,0.027899360656737926,8.104937553405762,0.20493755340576136,0.20493755340576136,7.730570316314697,-0.1694296836853031,0.1694296836853031,7.608863830566406,-0.2911361694335941,0.2911361694335941
external_development_validation,175,181.0,Kodiak 2018 M7.9,7.9,64,8.00495433807373,0.10495433807373011,0.10495433807373011,7.91916036605835,0.019160366058349254,0.019160366058349254,8.104937553405762,0.20493755340576136,0.20493755340576136,7.730570316314697,-0.1694296836853031,0.1694296836853031,7.608863830566406,-0.2911361694335941,0.2911361694335941
external_development_validation,176,182.0,Kodiak 2018 M7.9,7.9,64,8.008828163146973,0.1088281631469723,0.1088281631469723,7.940627098083496,0.04062709808349574,0.04062709808349574,8.104937553405762,0.20493755340576136,0.20493755340576136,7.730570316314697,-0.1694296836853031,0.1694296836853031,7.608863830566406,-0.2911361694335941,0.2911361694335941
external_development_validation,177,183.0,Kodiak 2018 M7.9,7.9,64,8.01144790649414,0.11144790649414027,0.11144790649414027,7.947780609130859,0.04778060913085902,0.04778060913085902,8.104937553405762,0.20493755340576136,0.20493755340576136,7.730570316314697,-0.1694296836853031,0.1694296836853031,7.608863830566406,-0.2911361694335941,0.2911361694335941
external_development_validation,178,184.0,Kodiak 2018 M7.9,7.9,64,8.01900577545166,0.1190057754516598,0.1190057754516598,7.940402984619141,0.04040298461914027,0.04040298461914027,8.106595993041992,0.20659599304199183,0.20659599304199183,7.730570316314697,-0.1694296836853031,0.1694296836853031,7.608863830566406,-0.2911361694335941,0.2911361694335941
external_development_validation,179,185.0,Kodiak 2018 M7.9,7.9,64,8.021695137023926,0.12169513702392543,0.12169513702392543,7.939790725708008,0.03979072570800746,0.03979072570800746,8.110563278198242,0.21056327819824183,0.21056327819824183,7.730570316314697,-0.1694296836853031,0.1694296836853031,7.608863830566406,-0.2911361694335941,0.2911361694335941
external_development_validation,180,186.0,Kodiak 2018 M7.9,7.9,64,8.030497550964355,0.1304975509643551,0.1304975509643551,7.93372917175293,0.03372917175292933,0.03372917175292933,8.115497589111328,0.21549758911132777,0.21549758911132777,7.73407506942749,-0.16592493057251012,0.16592493057251012,7.609519958496094,-0.2904800415039066,0.2904800415039066
external_development_validation,181,187.0,Kodiak 2018 M7.9,7.9,64,8.03121566772461,0.13121566772460902,0.13121566772460902,7.912960052490234,0.01296005249023402,0.01296005249023402,8.115497589111328,0.21549758911132777,0.21549758911132777,7.73407506942749,-0.16592493057251012,0.16592493057251012,7.609519958496094,-0.2904800415039066,0.2904800415039066
external_development_validation,182,188.0,Kodiak 2018 M7.9,7.9,64,8.0328369140625,0.13283691406249964,0.13283691406249964,7.9207916259765625,0.020791625976562145,0.020791625976562145,8.115497589111328,0.21549758911132777,0.21549758911132777,7.73407506942749,-0.16592493057251012,0.16592493057251012,7.609519958496094,-0.2904800415039066,0.2904800415039066
external_development_validation,183,189.0,Kodiak 2018 M7.9,7.9,64,8.03587532043457,0.13587532043456996,0.13587532043456996,7.937384605407715,0.03738460540771449,0.03738460540771449,8.115497589111328,0.21549758911132777,0.21549758911132777,7.73407506942749,-0.16592493057251012,0.16592493057251012,7.609519958496094,-0.2904800415039066,0.2904800415039066
external_development_validation,184,190.0,Kodiak 2018 M7.9,7.9,64,8.037751197814941,0.13775119781494105,0.13775119781494105,7.951852798461914,0.05185279846191371,0.05185279846191371,8.115497589111328,0.21549758911132777,0.21549758911132777,7.73407506942749,-0.16592493057251012,0.16592493057251012,7.609519958496094,-0.2904800415039066,0.2904800415039066
external_development_validation,185,191.0,Kodiak 2018 M7.9,7.9,64,8.0403470993042,0.14034709930419886,0.14034709930419886,7.970547676086426,0.07054767608642543,0.07054767608642543,8.116232872009277,0.216232872009277,0.216232872009277,7.73407506942749,-0.16592493057251012,0.16592493057251012,7.609519958496094,-0.2904800415039066,0.2904800415039066
external_development_validation,186,192.0,Kodiak 2018 M7.9,7.9,64,8.042451858520508,0.14245185852050746,0.14245185852050746,7.980027675628662,0.08002767562866175,0.08002767562866175,8.116232872009277,0.216232872009277,0.216232872009277,7.73407506942749,-0.16592493057251012,0.16592493057251012,7.609519958496094,-0.2904800415039066,0.2904800415039066
external_development_validation,187,193.0,Kodiak 2018 M7.9,7.9,64,8.040487289428711,0.14048728942871058,0.14048728942871058,7.930110931396484,0.03011093139648402,0.03011093139648402,8.117593765258789,0.2175937652587887,0.2175937652587887,7.73407506942749,-0.16592493057251012,0.16592493057251012,7.609519958496094,-0.2904800415039066,0.2904800415039066
external_development_validation,188,194.0,Kodiak 2018 M7.9,7.9,64,8.039103507995605,0.1391035079956051,0.1391035079956051,7.88751220703125,-0.012487792968750355,0.012487792968750355,8.117593765258789,0.2175937652587887,0.2175937652587887,7.745324611663818,-0.154675388336182,0.154675388336182,7.624853610992432,-0.2751463890075687,0.2751463890075687
external_development_validation,189,195.0,Kodiak 2018 M7.9,7.9,64,8.03812313079834,0.1381231307983395,0.1381231307983395,7.856952667236328,-0.04304733276367223,0.04304733276367223,8.117593765258789,0.2175937652587887,0.2175937652587887,7.745324611663818,-0.154675388336182,0.154675388336182,7.624853610992432,-0.2751463890075687,0.2751463890075687
external_development_validation,190,196.0,Kodiak 2018 M7.9,7.9,64,8.038610458374023,0.13861045837402308,0.13861045837402308,7.822873115539551,-0.07712688446044957,0.07712688446044957,8.117593765258789,0.2175937652587887,0.2175937652587887,7.745324611663818,-0.154675388336182,0.154675388336182,7.624853610992432,-0.2751463890075687,0.2751463890075687
external_development_validation,191,197.0,Kodiak 2018 M7.9,7.9,64,8.036256790161133,0.13625679016113246,0.13625679016113246,7.821162223815918,-0.07883777618408239,0.07883777618408239,8.117593765258789,0.2175937652587887,0.2175937652587887,7.751378536224365,-0.14862146377563512,0.14862146377563512,7.632136344909668,-0.2678636550903324,0.2678636550903324
external_development_validation,192,198.0,Kodiak 2018 M7.9,7.9,64,8.034695625305176,0.13469562530517543,0.13469562530517543,7.838595867156982,-0.06140413284301793,0.06140413284301793,8.117593765258789,0.2175937652587887,0.2175937652587887,7.751378536224365,-0.14862146377563512,0.14862146377563512,7.632136344909668,-0.2678636550903324,0.2678636550903324
external_development_validation,193,199.0,Kodiak 2018 M7.9,7.9,64,8.033071517944336,0.13307151794433558,0.13307151794433558,7.876342296600342,-0.02365770339965856,0.02365770339965856,8.117593765258789,0.2175937652587887,0.2175937652587887,7.751378536224365,-0.14862146377563512,0.14862146377563512,7.632136344909668,-0.2678636550903324,0.2678636550903324
external_development_validation,194,200.0,Kodiak 2018 M7.9,7.9,64,8.031959533691406,0.1319595336914059,0.1319595336914059,7.887997627258301,-0.012002372741699574,0.012002372741699574,8.117593765258789,0.2175937652587887,0.2175937652587887,7.751378536224365,-0.14862146377563512,0.14862146377563512,7.632136344909668,-0.2678636550903324,0.2678636550903324
external_development_validation,195,201.0,Kodiak 2018 M7.9,7.9,64,8.031908988952637,0.13190898895263636,0.13190898895263636,7.926848411560059,0.02684841156005824,0.02684841156005824,8.118803024291992,0.21880302429199183,0.21880302429199183,7.751378536224365,-0.14862146377563512,0.14862146377563512,7.632136344909668,-0.2678636550903324,0.2678636550903324
external_development_validation,196,202.0,Kodiak 2018 M7.9,7.9,64,8.030817985534668,0.1308179855346676,0.1308179855346676,7.922524929046631,0.022524929046630504,0.022524929046630504,8.119518280029297,0.21951828002929652,0.21951828002929652,7.751378536224365,-0.14862146377563512,0.14862146377563512,7.632136344909668,-0.2678636550903324,0.2678636550903324
external_development_validation,197,203.0,Kodiak 2018 M7.9,7.9,64,8.028576850891113,0.12857685089111293,0.12857685089111293,7.898598670959473,-0.001401329040527699,0.001401329040527699,8.119518280029297,0.21951828002929652,0.21951828002929652,7.753580093383789,-0.1464199066162113,0.1464199066162113,7.633121490478516,-0.26687850952148473,0.26687850952148473
external_development_validation,198,204.0,Kodiak 2018 M7.9,7.9,64,8.029712677001953,0.12971267700195277,0.12971267700195277,7.897523403167725,-0.002476596832275746,0.002476596832275746,8.119518280029297,0.21951828002929652,0.21951828002929652,7.753580093383789,-0.1464199066162113,0.1464199066162113,7.633121490478516,-0.26687850952148473,0.26687850952148473
external_development_validation,199,205.0,Kodiak 2018 M7.9,7.9,64,8.027223587036133,0.12722358703613246,0.12722358703613246,7.8838605880737305,-0.016139411926269887,0.016139411926269887,8.119518280029297,0.21951828002929652,0.21951828002929652,7.753580093383789,-0.1464199066162113,0.1464199066162113,7.633121490478516,-0.26687850952148473,0.26687850952148473
external_development_validation,200,206.0,Kodiak 2018 M7.9,7.9,64,8.024699211120605,0.12469921112060511,0.12469921112060511,7.859626770019531,-0.040373229980469105,0.040373229980469105,8.124171257019043,0.2241712570190426,0.2241712570190426,7.753580093383789,-0.1464199066162113,0.1464199066162113,7.633121490478516,-0.26687850952148473,0.26687850952148473
external_development_validation,20,26.0,Luding 2022 M6.6,6.6,6,6.309054374694824,-0.2909456253051754,0.2909456253051754,8.709222793579102,2.109222793579102,2.109222793579102,6.280723571777344,-0.3192764282226559,0.3192764282226559,5.71561336517334,-0.8843866348266598,0.8843866348266598,5.412054061889648,-1.1879459381103512,1.1879459381103512
external_development_validation,21,27.0,Luding 2022 M6.6,6.6,6,6.314452171325684,-0.28554782867431605,0.28554782867431605,8.688947677612305,2.088947677612305,2.088947677612305,6.280723571777344,-0.3192764282226559,0.3192764282226559,5.71561336517334,-0.8843866348266598,0.8843866348266598,5.412054061889648,-1.1879459381103512,1.1879459381103512
external_development_validation,22,28.0,Luding 2022 M6.6,6.6,6,6.38531494140625,-0.21468505859374964,0.21468505859374964,8.62027359008789,2.020273590087891,2.020273590087891,6.3497843742370605,-0.2502156257629391,0.2502156257629391,5.811491012573242,-0.7885089874267575,0.7885089874267575,5.515035629272461,-1.0849643707275387,1.0849643707275387
external_development_validation,23,29.0,Luding 2022 M6.6,6.6,6,6.392110824584961,-0.2078891754150387,0.2078891754150387,8.56145191192627,1.9614519119262699,1.9614519119262699,6.3497843742370605,-0.2502156257629391,0.2502156257629391,5.811491012573242,-0.7885089874267575,0.7885089874267575,5.515035629272461,-1.0849643707275387,1.0849643707275387
external_development_validation,24,30.0,Luding 2022 M6.6,6.6,6,6.408522605895996,-0.19147739410400355,0.19147739410400355,8.478503227233887,1.878503227233887,1.878503227233887,6.359336853027344,-0.2406631469726559,0.2406631469726559,5.824751853942871,-0.7752481460571286,0.7752481460571286,5.529279708862305,-1.070720291137695,1.070720291137695
external_development_validation,25,31.0,Luding 2022 M6.6,6.6,6,6.415753364562988,-0.18424663543701136,0.18424663543701136,8.16716194152832,1.5671619415283207,1.5671619415283207,6.359336853027344,-0.2406631469726559,0.2406631469726559,5.824751853942871,-0.7752481460571286,0.7752481460571286,5.529279708862305,-1.070720291137695,1.070720291137695
external_development_validation,26,32.0,Luding 2022 M6.6,6.6,6,6.423352241516113,-0.17664775848388636,0.17664775848388636,8.156917572021484,1.5569175720214847,1.5569175720214847,6.359336853027344,-0.2406631469726559,0.2406631469726559,5.824751853942871,-0.7752481460571286,0.7752481460571286,5.529279708862305,-1.070720291137695,1.070720291137695
external_development_validation,27,33.0,Luding 2022 M6.6,6.6,6,6.430736541748047,-0.16926345825195277,0.16926345825195277,8.052314758300781,1.4523147583007816,1.4523147583007816,6.359336853027344,-0.2406631469726559,0.2406631469726559,5.824751853942871,-0.7752481460571286,0.7752481460571286,5.529279708862305,-1.070720291137695,1.070720291137695
external_development_validation,28,34.0,Luding 2022 M6.6,6.6,6,6.438129425048828,-0.16187057495117152,0.16187057495117152,8.047182083129883,1.4471820831298832,1.4471820831298832,6.359336853027344,-0.2406631469726559,0.2406631469726559,5.824751853942871,-0.7752481460571286,0.7752481460571286,5.529279708862305,-1.070720291137695,1.070720291137695
external_development_validation,29,35.0,Luding 2022 M6.6,6.6,6,6.445235252380371,-0.15476474761962855,0.15476474761962855,7.979340553283691,1.3793405532836918,1.3793405532836918,6.359336853027344,-0.2406631469726559,0.2406631469726559,5.824751853942871,-0.7752481460571286,0.7752481460571286,5.529279708862305,-1.070720291137695,1.070720291137695
external_development_validation,30,36.0,Luding 2022 M6.6,6.6,6,6.45234489440918,-0.14765510559081996,0.14765510559081996,8.000420570373535,1.4004205703735355,1.4004205703735355,6.359336853027344,-0.2406631469726559,0.2406631469726559,5.824751853942871,-0.7752481460571286,0.7752481460571286,5.529279708862305,-1.070720291137695,1.070720291137695
external_development_validation,31,37.0,Luding 2022 M6.6,6.6,6,6.459214687347412,-0.14078531265258754,0.14078531265258754,7.96718692779541,1.3671869277954105,1.3671869277954105,6.359336853027344,-0.2406631469726559,0.2406631469726559,5.824751853942871,-0.7752481460571286,0.7752481460571286,5.529279708862305,-1.070720291137695,1.070720291137695
external_development_validation,32,38.0,Luding 2022 M6.6,6.6,6,6.503929138183594,-0.0960708618164059,0.0960708618164059,7.982622146606445,1.3826221466064457,1.3826221466064457,6.405706882476807,-0.194293117523193,0.194293117523193,5.88896369934082,-0.7110363006591793,0.7110363006591793,5.598443984985352,-1.001556015014648,1.001556015014648
external_development_validation,33,39.0,Luding 2022 M6.6,6.6,6,6.509646415710449,-0.09035358428955043,0.09035358428955043,7.8985209465026855,1.298520946502686,1.298520946502686,6.405706882476807,-0.194293117523193,0.194293117523193,5.88896369934082,-0.7110363006591793,0.7110363006591793,5.598443984985352,-1.001556015014648,1.001556015014648
external_development_validation,34,40.0,Luding 2022 M6.6,6.6,6,6.515756607055664,-0.08424339294433558,0.08424339294433558,8.009469985961914,1.4094699859619144,1.4094699859619144,6.405706882476807,-0.194293117523193,0.194293117523193,5.88896369934082,-0.7110363006591793,0.7110363006591793,5.598443984985352,-1.001556015014648,1.001556015014648
external_development_validation,35,41.0,Luding 2022 M6.6,6.6,6,6.5218048095703125,-0.07819519042968714,0.07819519042968714,8.017475128173828,1.4174751281738285,1.4174751281738285,6.405706882476807,-0.194293117523193,0.194293117523193,5.88896369934082,-0.7110363006591793,0.7110363006591793,5.598443984985352,-1.001556015014648,1.001556015014648
external_development_validation,36,42.0,Luding 2022 M6.6,6.6,6,6.5275726318359375,-0.07242736816406214,0.07242736816406214,7.939439296722412,1.3394392967224125,1.3394392967224125,6.405706882476807,-0.194293117523193,0.194293117523193,5.88896369934082,-0.7110363006591793,0.7110363006591793,5.598443984985352,-1.001556015014648,1.001556015014648
external_development_validation,37,43.0,Luding 2022 M6.6,6.6,6,6.533059597015381,-0.06694040298461879,0.06694040298461879,7.871244430541992,1.2712444305419925,1.2712444305419925,6.405706882476807,-0.194293117523193,0.194293117523193,5.88896369934082,-0.7110363006591793,0.7110363006591793,5.598443984985352,-1.001556015014648,1.001556015014648
external_development_validation,38,44.0,Luding 2022 M6.6,6.6,6,6.538360595703125,-0.061639404296874645,0.061639404296874645,7.827686309814453,1.2276863098144535,1.2276863098144535,6.457084655761719,-0.1429153442382809,0.1429153442382809,5.980222702026367,-0.6197772979736325,0.6197772979736325,5.696380138397217,-0.9036198616027828,0.9036198616027828
external_development_validation,39,45.0,Luding 2022 M6.6,6.6,6,6.54334020614624,-0.05665979385375941,0.05665979385375941,7.762152671813965,1.1621526718139652,1.1621526718139652,6.457084655761719,-0.1429153442382809,0.1429153442382809,5.980222702026367,-0.6197772979736325,0.6197772979736325,5.696380138397217,-0.9036198616027828,0.9036198616027828
external_development_validation,40,46.0,Luding 2022 M6.6,6.6,6,6.548203945159912,-0.051796054840087535,0.051796054840087535,7.746081829071045,1.1460818290710453,1.1460818290710453,6.457084655761719,-0.1429153442382809,0.1429153442382809,5.980222702026367,-0.6197772979736325,0.6197772979736325,5.696380138397217,-0.9036198616027828,0.9036198616027828
external_development_validation,41,47.0,Luding 2022 M6.6,6.6,6,6.5528178215026855,-0.0471821784973141,0.0471821784973141,7.726362228393555,1.126362228393555,1.126362228393555,6.457084655761719,-0.1429153442382809,0.1429153442382809,5.980222702026367,-0.6197772979736325,0.6197772979736325,5.696380138397217,-0.9036198616027828,0.9036198616027828
external_development_validation,42,48.0,Luding 2022 M6.6,6.6,6,6.557645320892334,-0.04235467910766566,0.04235467910766566,7.789039611816406,1.1890396118164066,1.1890396118164066,6.457084655761719,-0.1429153442382809,0.1429153442382809,5.980222702026367,-0.6197772979736325,0.6197772979736325,5.696380138397217,-0.9036198616027828,0.9036198616027828
external_development_validation,43,49.0,Luding 2022 M6.6,6.6,6,6.562564849853516,-0.03743515014648402,0.03743515014648402,7.811421871185303,1.211421871185303,1.211421871185303,6.457084655761719,-0.1429153442382809,0.1429153442382809,5.980222702026367,-0.6197772979736325,0.6197772979736325,5.696380138397217,-0.9036198616027828,0.9036198616027828
external_development_validation,44,50.0,Luding 2022 M6.6,6.6,6,6.567537307739258,-0.03246269226074183,0.03246269226074183,7.811142921447754,1.2111429214477543,1.2111429214477543,6.457084655761719,-0.1429153442382809,0.1429153442382809,5.980222702026367,-0.6197772979736325,0.6197772979736325,5.696380138397217,-0.9036198616027828,0.9036198616027828
external_development_validation,45,51.0,Luding 2022 M6.6,6.6,6,6.572412490844727,-0.027587509155273082,0.027587509155273082,7.765552520751953,1.1655525207519535,1.1655525207519535,6.457084655761719,-0.1429153442382809,0.1429153442382809,5.980222702026367,-0.6197772979736325,0.6197772979736325,5.696380138397217,-0.9036198616027828,0.9036198616027828
external_development_validation,46,52.0,Luding 2022 M6.6,6.6,6,6.577218055725098,-0.02278194427490199,0.02278194427490199,7.747697830200195,1.1476978302001957,1.1476978302001957,6.457084655761719,-0.1429153442382809,0.1429153442382809,5.980222702026367,-0.6197772979736325,0.6197772979736325,5.696380138397217,-0.9036198616027828,0.9036198616027828
external_development_validation,47,53.0,Luding 2022 M6.6,6.6,6,6.584476470947266,-0.01552352905273402,0.01552352905273402,7.686978816986084,1.0869788169860843,1.0869788169860843,6.4603166580200195,-0.1396833419799801,0.1396833419799801,5.984699249267578,-0.6153007507324215,0.6153007507324215,5.701201438903809,-0.898798561096191,0.898798561096191
external_development_validation,48,54.0,Luding 2022 M6.6,6.6,6,6.588930130004883,-0.011069869995116832,0.011069869995116832,7.625707626342773,1.0257076263427738,1.0257076263427738,6.4603166580200195,-0.1396833419799801,0.1396833419799801,5.984699249267578,-0.6153007507324215,0.6153007507324215,5.701201438903809,-0.898798561096191,0.898798561096191
external_development_validation,49,55.0,Luding 2022 M6.6,6.6,6,6.593023300170898,-0.006976699829101207,0.006976699829101207,7.5310492515563965,0.9310492515563968,0.9310492515563968,6.4603166580200195,-0.1396833419799801,0.1396833419799801,5.984699249267578,-0.6153007507324215,0.6153007507324215,5.701201438903809,-0.898798561096191,0.898798561096191
external_development_validation,50,56.0,Luding 2022 M6.6,6.6,6,6.597164154052734,-0.0028358459472652697,0.0028358459472652697,7.543315410614014,0.943315410614014,0.943315410614014,6.4603166580200195,-0.1396833419799801,0.1396833419799801,5.984699249267578,-0.6153007507324215,0.6153007507324215,5.701201438903809,-0.898798561096191,0.898798561096191
external_development_validation,51,57.0,Luding 2022 M6.6,6.6,6,6.601280212402344,0.0012802124023441053,0.0012802124023441053,7.543763160705566,0.9437631607055668,0.9437631607055668,6.4665093421936035,-0.13349065780639613,0.13349065780639613,5.9933061599731445,-0.6066938400268551,0.6066938400268551,5.710434436798096,-0.8895655632019039,0.8895655632019039
external_development_validation,52,58.0,Luding 2022 M6.6,6.6,6,6.6537675857543945,0.053767585754394887,0.053767585754394887,7.52344274520874,0.9234427452087406,0.9234427452087406,6.518345832824707,-0.08165416717529261,0.08165416717529261,6.104010105133057,-0.495989894866943,0.495989894866943,5.829841613769531,-0.7701583862304684,0.7701583862304684
external_development_validation,53,59.0,Luding 2022 M6.6,6.6,6,6.697131156921387,0.09713115692138707,0.09713115692138707,7.4826765060424805,0.8826765060424808,0.8826765060424808,6.564706802368164,-0.03529319763183558,0.03529319763183558,6.104010105133057,-0.495989894866943,0.495989894866943,5.829841613769531,-0.7701583862304684,0.7701583862304684
external_development_validation,54,60.0,Luding 2022 M6.6,6.6,6,6.7070841789245605,0.1070841789245609,0.1070841789245609,7.412309169769287,0.8123091697692875,0.8123091697692875,6.564706802368164,-0.03529319763183558,0.03529319763183558,6.104010105133057,-0.495989894866943,0.495989894866943,5.829841613769531,-0.7701583862304684,0.7701583862304684
external_development_validation,55,61.0,Luding 2022 M6.6,6.6,6,6.70799446105957,0.10799446105957067,0.10799446105957067,7.345556259155273,0.7455562591552738,0.7455562591552738,6.564706802368164,-0.03529319763183558,0.03529319763183558,6.104010105133057,-0.495989894866943,0.495989894866943,5.829841613769531,-0.7701583862304684,0.7701583862304684
external_development_validation,56,62.0,Luding 2022 M6.6,6.6,6,6.708764553070068,0.10876455307006871,0.10876455307006871,7.299921035766602,0.6999210357666019,0.6999210357666019,6.564706802368164,-0.03529319763183558,0.03529319763183558,6.104010105133057,-0.495989894866943,0.495989894866943,5.829841613769531,-0.7701583862304684,0.7701583862304684
external_development_validation,57,63.0,Luding 2022 M6.6,6.6,6,6.709429740905762,0.10942974090576207,0.10942974090576207,7.269820690155029,0.6698206901550297,0.6698206901550297,6.564706802368164,-0.03529319763183558,0.03529319763183558,6.104010105133057,-0.495989894866943,0.495989894866943,5.829841613769531,-0.7701583862304684,0.7701583862304684
external_development_validation,58,64.0,Luding 2022 M6.6,6.6,6,6.710056304931641,0.11005630493164098,0.11005630493164098,7.26243782043457,0.6624378204345707,0.6624378204345707,6.564706802368164,-0.03529319763183558,0.03529319763183558,6.104010105133057,-0.495989894866943,0.495989894866943,5.829841613769531,-0.7701583862304684,0.7701583862304684
external_development_validation,59,65.0,Luding 2022 M6.6,6.6,6,6.710635662078857,0.11063566207885778,0.11063566207885778,7.252117156982422,0.6521171569824222,0.6521171569824222,6.564706802368164,-0.03529319763183558,0.03529319763183558,6.104010105133057,-0.495989894866943,0.495989894866943,5.829841613769531,-0.7701583862304684,0.7701583862304684
external_development_validation,60,66.0,Luding 2022 M6.6,6.6,6,6.711151123046875,0.11115112304687536,0.11115112304687536,7.2393341064453125,0.6393341064453129,0.6393341064453129,6.564706802368164,-0.03529319763183558,0.03529319763183558,6.104010105133057,-0.495989894866943,0.495989894866943,5.829841613769531,-0.7701583862304684,0.7701583862304684
external_development_validation,61,67.0,Luding 2022 M6.6,6.6,6,6.718201637268066,0.11820163726806676,0.11820163726806676,7.217119216918945,0.6171192169189457,0.6171192169189457,6.564706802368164,-0.03529319763183558,0.03529319763183558,6.104010105133057,-0.495989894866943,0.495989894866943,5.829841613769531,-0.7701583862304684,0.7701583862304684
external_development_validation,62,68.0,Luding 2022 M6.6,6.6,6,6.744053840637207,0.1440538406372074,0.1440538406372074,7.207422256469727,0.6074222564697269,0.6074222564697269,6.61582088470459,0.0158208847045902,0.0158208847045902,6.11082124710083,-0.48917875289916957,0.48917875289916957,5.837489128112793,-0.7625108718872067,0.7625108718872067
external_development_validation,63,69.0,Luding 2022 M6.6,6.6,6,6.781288146972656,0.1812881469726566,0.1812881469726566,7.199035167694092,0.5990351676940922,0.5990351676940922,6.720233917236328,0.12023391723632848,0.12023391723632848,6.253132343292236,-0.3468676567077633,0.3468676567077633,5.990810871124268,-0.6091891288757321,0.6091891288757321
external_development_validation,64,70.0,Luding 2022 M6.6,6.6,6,6.789546489715576,0.18954648971557653,0.18954648971557653,7.193425178527832,0.5934251785278324,0.5934251785278324,6.720233917236328,0.12023391723632848,0.12023391723632848,6.253132343292236,-0.3468676567077633,0.3468676567077633,5.990810871124268,-0.6091891288757321,0.6091891288757321
external_development_validation,65,71.0,Luding 2022 M6.6,6.6,6,6.78943395614624,0.1894339561462406,0.1894339561462406,7.193653106689453,0.5936531066894535,0.5936531066894535,6.720233917236328,0.12023391723632848,0.12023391723632848,6.253132343292236,-0.3468676567077633,0.3468676567077633,5.990810871124268,-0.6091891288757321,0.6091891288757321
external_development_validation,66,72.0,Luding 2022 M6.6,6.6,6,6.789329528808594,0.1893295288085941,0.1893295288085941,7.193906307220459,0.5939063072204593,0.5939063072204593,6.720233917236328,0.12023391723632848,0.12023391723632848,6.253132343292236,-0.3468676567077633,0.3468676567077633,5.990810871124268,-0.6091891288757321,0.6091891288757321
external_development_validation,67,73.0,Luding 2022 M6.6,6.6,6,6.789231777191162,0.18923177719116246,0.18923177719116246,7.187272548675537,0.5872725486755375,0.5872725486755375,6.720233917236328,0.12023391723632848,0.12023391723632848,6.253132343292236,-0.3468676567077633,0.3468676567077633,5.990810871124268,-0.6091891288757321,0.6091891288757321
external_development_validation,68,74.0,Luding 2022 M6.6,6.6,6,6.789127349853516,0.18912734985351598,0.18912734985351598,7.183265686035156,0.5832656860351566,0.5832656860351566,6.720233917236328,0.12023391723632848,0.12023391723632848,6.253132343292236,-0.3468676567077633,0.3468676567077633,5.990810871124268,-0.6091891288757321,0.6091891288757321
external_development_validation,69,75.0,Luding 2022 M6.6,6.6,6,6.789031982421875,0.18903198242187536,0.18903198242187536,7.186316967010498,0.5863169670104984,0.5863169670104984,6.724623203277588,0.12462320327758825,0.12462320327758825,6.2592010498046875,-0.34079895019531214,0.34079895019531214,5.997358322143555,-0.602641677856445,0.602641677856445
external_development_validation,70,76.0,Luding 2022 M6.6,6.6,6,6.788211822509766,0.18821182250976598,0.18821182250976598,7.186612129211426,0.5866121292114261,0.5866121292114261,6.724623203277588,0.12462320327758825,0.12462320327758825,6.2592010498046875,-0.34079895019531214,0.34079895019531214,5.997358322143555,-0.602641677856445,0.602641677856445
external_development_validation,71,77.0,Luding 2022 M6.6,6.6,6,6.787375450134277,0.1873754501342777,0.1873754501342777,7.179053783416748,0.5790537834167484,0.5790537834167484,6.761999130249023,0.1619991302490238,0.1619991302490238,6.3108811378479,-0.28911886215209925,0.28911886215209925,6.053114414215088,-0.5468855857849118,0.5468855857849118
external_development_validation,72,78.0,Luding 2022 M6.6,6.6,6,6.786531448364258,0.18653144836425817,0.18653144836425817,7.16776180267334,0.5677618026733402,0.5677618026733402,6.761999130249023,0.1619991302490238,0.1619991302490238,6.3108811378479,-0.28911886215209925,0.28911886215209925,6.053114414215088,-0.5468855857849118,0.5468855857849118
external_development_validation,73,79.0,Luding 2022 M6.6,6.6,6,6.785698890686035,0.1856988906860355,0.1856988906860355,7.166715145111084,0.5667151451110843,0.5667151451110843,6.7768707275390625,0.17687072753906286,0.17687072753906286,6.331445217132568,-0.2685547828674313,0.2685547828674313,6.075300216674805,-0.524699783325195,0.524699783325195
external_development_validation,74,80.0,Luding 2022 M6.6,6.6,6,6.784966468811035,0.1849664688110355,0.1849664688110355,7.183176040649414,0.5831760406494144,0.5831760406494144,6.7768707275390625,0.17687072753906286,0.17687072753906286,6.331445217132568,-0.2685547828674313,0.2685547828674313,6.075300216674805,-0.524699783325195,0.524699783325195
external_development_validation,75,81.0,Luding 2022 M6.6,6.6,6,6.784379959106445,0.18437995910644567,0.18437995910644567,7.209640026092529,0.6096400260925297,0.6096400260925297,6.7768707275390625,0.17687072753906286,0.17687072753906286,6.331445217132568,-0.2685547828674313,0.2685547828674313,6.075300216674805,-0.524699783325195,0.524699783325195
external_development_validation,76,82.0,Luding 2022 M6.6,6.6,6,6.783932685852051,0.18393268585205114,0.18393268585205114,7.227712154388428,0.6277121543884281,0.6277121543884281,6.7768707275390625,0.17687072753906286,0.17687072753906286,6.331445217132568,-0.2685547828674313,0.2685547828674313,6.075300216674805,-0.524699783325195,0.524699783325195
external_development_validation,77,83.0,Luding 2022 M6.6,6.6,6,6.783602714538574,0.18360271453857457,0.18360271453857457,7.240578651428223,0.640578651428223,0.640578651428223,6.7768707275390625,0.17687072753906286,0.17687072753906286,6.331445217132568,-0.2685547828674313,0.2685547828674313,6.075300216674805,-0.524699783325195,0.524699783325195
external_development_validation,78,84.0,Luding 2022 M6.6,6.6,6,6.783355236053467,0.18335523605346715,0.18335523605346715,7.243704795837402,0.6437047958374027,0.6437047958374027,6.7768707275390625,0.17687072753906286,0.17687072753906286,6.331445217132568,-0.2685547828674313,0.2685547828674313,6.075300216674805,-0.524699783325195,0.524699783325195
external_development_validation,79,85.0,Luding 2022 M6.6,6.6,6,6.783170700073242,0.18317070007324254,0.18317070007324254,7.238498210906982,0.6384982109069828,0.6384982109069828,6.7768707275390625,0.17687072753906286,0.17687072753906286,6.331445217132568,-0.2685547828674313,0.2685547828674313,6.075300216674805,-0.524699783325195,0.524699783325195
external_development_validation,80,86.0,Luding 2022 M6.6,6.6,6,6.782997131347656,0.1829971313476566,0.1829971313476566,7.213458061218262,0.6134580612182621,0.6134580612182621,6.811095237731934,0.21109523773193395,0.21109523773193395,6.378767490386963,-0.22123250961303675,0.22123250961303675,6.126355171203613,-0.47364482879638636,0.47364482879638636
external_development_validation,81,87.0,Luding 2022 M6.6,6.6,6,6.782797813415527,0.1827978134155277,0.1827978134155277,7.176563262939453,0.5765632629394535,0.5765632629394535,6.817481517791748,0.2174815177917484,0.2174815177917484,6.44783878326416,-0.1521612167358395,0.1521612167358395,6.200874328613281,-0.3991256713867184,0.3991256713867184
external_development_validation,82,88.0,Luding 2022 M6.6,6.6,6,6.782565116882324,0.18256511688232457,0.18256511688232457,7.143033504486084,0.5430335044860843,0.5430335044860843,6.817481517791748,0.2174815177917484,0.2174815177917484,6.44783878326416,-0.1521612167358395,0.1521612167358395,6.200874328613281,-0.3991256713867184,0.3991256713867184
external_development_validation,83,89.0,Luding 2022 M6.6,6.6,6,6.7823100090026855,0.1823100090026859,0.1823100090026859,7.119756698608398,0.5197566986083988,0.5197566986083988,6.817481517791748,0.2174815177917484,0.2174815177917484,6.44783878326416,-0.1521612167358395,0.1521612167358395,6.200874328613281,-0.3991256713867184,0.3991256713867184
external_development_validation,84,90.0,Luding 2022 M6.6,6.6,6,6.782047271728516,0.18204727172851598,0.18204727172851598,7.097440719604492,0.49744071960449254,0.49744071960449254,6.817481517791748,0.2174815177917484,0.2174815177917484,6.44783878326416,-0.1521612167358395,0.1521612167358395,6.200874328613281,-0.3991256713867184,0.3991256713867184
external_development_validation,85,91.0,Luding 2022 M6.6,6.6,6,6.781856536865234,0.18185653686523473,0.18185653686523473,7.0892558097839355,0.4892558097839359,0.4892558097839359,6.817481517791748,0.2174815177917484,0.2174815177917484,6.44783878326416,-0.1521612167358395,0.1521612167358395,6.200874328613281,-0.3991256713867184,0.3991256713867184
external_development_validation,86,92.0,Luding 2022 M6.6,6.6,6,6.781811714172363,0.18181171417236364,0.18181171417236364,7.136483192443848,0.536483192443848,0.536483192443848,6.817481517791748,0.2174815177917484,0.2174815177917484,6.44783878326416,-0.1521612167358395,0.1521612167358395,6.200874328613281,-0.3991256713867184,0.3991256713867184
external_development_validation,87,93.0,Luding 2022 M6.6,6.6,6,6.7819952964782715,0.18199529647827184,0.18199529647827184,7.170278072357178,0.5702780723571781,0.5702780723571781,6.817481517791748,0.2174815177917484,0.2174815177917484,6.44783878326416,-0.1521612167358395,0.1521612167358395,6.200874328613281,-0.3991256713867184,0.3991256713867184
external_development_validation,88,94.0,Luding 2022 M6.6,6.6,6,6.782478332519531,0.1824783325195316,0.1824783325195316,7.195385932922363,0.5953859329223636,0.5953859329223636,6.817481517791748,0.2174815177917484,0.2174815177917484,6.44783878326416,-0.1521612167358395,0.1521612167358395,6.200874328613281,-0.3991256713867184,0.3991256713867184
external_development_validation,89,95.0,Luding 2022 M6.6,6.6,6,6.78329610824585,0.18329610824584996,0.18329610824584996,7.209619522094727,0.6096195220947269,0.6096195220947269,6.817481517791748,0.2174815177917484,0.2174815177917484,6.44783878326416,-0.1521612167358395,0.1521612167358395,6.200874328613281,-0.3991256713867184,0.3991256713867184
external_development_validation,90,96.0,Luding 2022 M6.6,6.6,6,6.784415245056152,0.1844152450561527,0.1844152450561527,7.212314605712891,0.612314605712891,0.612314605712891,6.817481517791748,0.2174815177917484,0.2174815177917484,6.44783878326416,-0.1521612167358395,0.1521612167358395,6.200874328613281,-0.3991256713867184,0.3991256713867184
external_development_validation,91,97.0,Luding 2022 M6.6,6.6,6,6.785799980163574,0.18579998016357457,0.18579998016357457,7.21273946762085,0.61273946762085,0.61273946762085,6.817481517791748,0.2174815177917484,0.2174815177917484,6.44783878326416,-0.1521612167358395,0.1521612167358395,6.200874328613281,-0.3991256713867184,0.3991256713867184
external_development_validation,92,98.0,Luding 2022 M6.6,6.6,6,6.787408351898193,0.18740835189819371,0.18740835189819371,7.214120864868164,0.6141208648681644,0.6141208648681644,6.817481517791748,0.2174815177917484,0.2174815177917484,6.44783878326416,-0.1521612167358395,0.1521612167358395,6.200874328613281,-0.3991256713867184,0.3991256713867184
external_development_validation,93,99.0,Luding 2022 M6.6,6.6,6,6.789183616638184,0.18918361663818395,0.18918361663818395,7.213655471801758,0.6136554718017582,0.6136554718017582,6.817481517791748,0.2174815177917484,0.2174815177917484,6.44783878326416,-0.1521612167358395,0.1521612167358395,6.200874328613281,-0.3991256713867184,0.3991256713867184
external_development_validation,94,100.0,Luding 2022 M6.6,6.6,6,6.791074275970459,0.19107427597045934,0.19107427597045934,7.211491584777832,0.6114915847778324,0.6114915847778324,6.817481517791748,0.2174815177917484,0.2174815177917484,6.44783878326416,-0.1521612167358395,0.1521612167358395,6.200874328613281,-0.3991256713867184,0.3991256713867184
external_development_validation,95,101.0,Luding 2022 M6.6,6.6,6,6.793030738830566,0.19303073883056676,0.19303073883056676,7.208263397216797,0.6082633972167972,0.6082633972167972,6.817481517791748,0.2174815177917484,0.2174815177917484,6.44783878326416,-0.1521612167358395,0.1521612167358395,6.200874328613281,-0.3991256713867184,0.3991256713867184
external_development_validation,96,102.0,Luding 2022 M6.6,6.6,6,6.794999122619629,0.19499912261962926,0.19499912261962926,7.201493740081787,0.6014937400817875,0.6014937400817875,6.817481517791748,0.2174815177917484,0.2174815177917484,6.44783878326416,-0.1521612167358395,0.1521612167358395,6.200874328613281,-0.3991256713867184,0.3991256713867184
external_development_validation,97,103.0,Luding 2022 M6.6,6.6,6,6.796872138977051,0.19687213897705114,0.19687213897705114,7.192434310913086,0.5924343109130863,0.5924343109130863,6.817481517791748,0.2174815177917484,0.2174815177917484,6.44783878326416,-0.1521612167358395,0.1521612167358395,6.200874328613281,-0.3991256713867184,0.3991256713867184
external_development_validation,98,104.0,Luding 2022 M6.6,6.6,6,6.798625946044922,0.19862594604492223,0.19862594604492223,7.17524528503418,0.57524528503418,0.57524528503418,6.817481517791748,0.2174815177917484,0.2174815177917484,6.44783878326416,-0.1521612167358395,0.1521612167358395,6.200874328613281,-0.3991256713867184,0.3991256713867184
external_development_validation,99,105.0,Luding 2022 M6.6,6.6,6,6.8003082275390625,0.20030822753906286,0.20030822753906286,7.164938926696777,0.5649389266967777,0.5649389266967777,6.817481517791748,0.2174815177917484,0.2174815177917484,6.44783878326416,-0.1521612167358395,0.1521612167358395,6.200874328613281,-0.3991256713867184,0.3991256713867184
external_development_validation,100,106.0,Luding 2022 M6.6,6.6,6,6.801950454711914,0.20195045471191442,0.20195045471191442,7.168641567230225,0.568641567230225,0.568641567230225,6.817481517791748,0.2174815177917484,0.2174815177917484,6.44783878326416,-0.1521612167358395,0.1521612167358395,6.200874328613281,-0.3991256713867184,0.3991256713867184
external_development_validation,101,107.0,Luding 2022 M6.6,6.6,6,6.803590774536133,0.20359077453613317,0.20359077453613317,7.176865577697754,0.5768655776977543,0.5768655776977543,6.817481517791748,0.2174815177917484,0.2174815177917484,6.44783878326416,-0.1521612167358395,0.1521612167358395,6.200874328613281,-0.3991256713867184,0.3991256713867184
external_development_validation,102,108.0,Luding 2022 M6.6,6.6,6,6.805255889892578,0.20525588989257848,0.20525588989257848,7.1853742599487305,0.5853742599487308,0.5853742599487308,6.817481517791748,0.2174815177917484,0.2174815177917484,6.44783878326416,-0.1521612167358395,0.1521612167358395,6.200874328613281,-0.3991256713867184,0.3991256713867184
external_development_validation,103,109.0,Luding 2022 M6.6,6.6,6,6.806987762451172,0.20698776245117223,0.20698776245117223,7.18784236907959,0.5878423690795902,0.5878423690795902,6.817481517791748,0.2174815177917484,0.2174815177917484,6.44783878326416,-0.1521612167358395,0.1521612167358395,6.200874328613281,-0.3991256713867184,0.3991256713867184
external_development_validation,104,110.0,Luding 2022 M6.6,6.6,6,6.808752059936523,0.2087520599365238,0.2087520599365238,7.170317649841309,0.570317649841309,0.570317649841309,6.817481517791748,0.2174815177917484,0.2174815177917484,6.44783878326416,-0.1521612167358395,0.1521612167358395,6.200874328613281,-0.3991256713867184,0.3991256713867184
external_development_validation,105,111.0,Luding 2022 M6.6,6.6,6,6.810544967651367,0.21054496765136754,0.21054496765136754,7.153595924377441,0.5535959243774418,0.5535959243774418,6.817481517791748,0.2174815177917484,0.2174815177917484,6.44783878326416,-0.1521612167358395,0.1521612167358395,6.200874328613281,-0.3991256713867184,0.3991256713867184
external_development_validation,106,112.0,Luding 2022 M6.6,6.6,6,6.8123779296875,0.21237792968750036,0.21237792968750036,7.144412517547607,0.5444125175476078,0.5444125175476078,6.817481517791748,0.2174815177917484,0.2174815177917484,6.44783878326416,-0.1521612167358395,0.1521612167358395,6.200874328613281,-0.3991256713867184,0.3991256713867184
external_development_validation,107,113.0,Luding 2022 M6.6,6.6,6,6.814268112182617,0.21426811218261754,0.21426811218261754,7.14117956161499,0.5411795616149906,0.5411795616149906,6.817481517791748,0.2174815177917484,0.2174815177917484,6.44783878326416,-0.1521612167358395,0.1521612167358395,6.200874328613281,-0.3991256713867184,0.3991256713867184
external_development_validation,108,114.0,Luding 2022 M6.6,6.6,6,6.816203594207764,0.21620359420776403,0.21620359420776403,7.136165618896484,0.5361656188964847,0.5361656188964847,6.817481517791748,0.2174815177917484,0.2174815177917484,6.44783878326416,-0.1521612167358395,0.1521612167358395,6.200874328613281,-0.3991256713867184,0.3991256713867184
external_development_validation,109,115.0,Luding 2022 M6.6,6.6,6,6.818154811859131,0.21815481185913121,0.21815481185913121,7.125028610229492,0.5250286102294925,0.5250286102294925,6.817481517791748,0.2174815177917484,0.2174815177917484,6.44783878326416,-0.1521612167358395,0.1521612167358395,6.200874328613281,-0.3991256713867184,0.3991256713867184
external_development_validation,110,116.0,Luding 2022 M6.6,6.6,6,6.82010555267334,0.2201055526733402,0.2201055526733402,7.109216213226318,0.5092162132263187,0.5092162132263187,6.817481517791748,0.2174815177917484,0.2174815177917484,6.44783878326416,-0.1521612167358395,0.1521612167358395,6.200874328613281,-0.3991256713867184,0.3991256713867184
external_development_validation,111,117.0,Luding 2022 M6.6,6.6,6,6.822024345397949,0.22202434539794957,0.22202434539794957,7.085161209106445,0.48516120910644567,0.48516120910644567,6.817481517791748,0.2174815177917484,0.2174815177917484,6.44783878326416,-0.1521612167358395,0.1521612167358395,6.200874328613281,-0.3991256713867184,0.3991256713867184
external_development_validation,112,118.0,Luding 2022 M6.6,6.6,6,6.823884010314941,0.22388401031494176,0.22388401031494176,7.062313079833984,0.46231307983398473,0.46231307983398473,6.817481517791748,0.2174815177917484,0.2174815177917484,6.44783878326416,-0.1521612167358395,0.1521612167358395,6.200874328613281,-0.3991256713867184,0.3991256713867184
external_development_validation,113,119.0,Luding 2022 M6.6,6.6,6,6.825686454772949,0.22568645477294957,0.22568645477294957,7.0604448318481445,0.4604448318481449,0.4604448318481449,6.817481517791748,0.2174815177917484,0.2174815177917484,6.44783878326416,-0.1521612167358395,0.1521612167358395,6.200874328613281,-0.3991256713867184,0.3991256713867184
external_development_validation,114,120.0,Luding 2022 M6.6,6.6,6,6.827482223510742,0.22748222351074254,0.22748222351074254,7.0769500732421875,0.47695007324218786,0.47695007324218786,6.817481517791748,0.2174815177917484,0.2174815177917484,6.44783878326416,-0.1521612167358395,0.1521612167358395,6.200874328613281,-0.3991256713867184,0.3991256713867184
external_development_validation,115,121.0,Luding 2022 M6.6,6.6,6,6.829337120056152,0.2293371200561527,0.2293371200561527,7.103806972503662,0.5038069725036625,0.5038069725036625,6.817481517791748,0.2174815177917484,0.2174815177917484,6.44783878326416,-0.1521612167358395,0.1521612167358395,6.200874328613281,-0.3991256713867184,0.3991256713867184
external_development_validation,116,122.0,Luding 2022 M6.6,6.6,6,6.831389904022217,0.23138990402221715,0.23138990402221715,7.171911239624023,0.5719112396240238,0.5719112396240238,6.817481517791748,0.2174815177917484,0.2174815177917484,6.44783878326416,-0.1521612167358395,0.1521612167358395,6.200874328613281,-0.3991256713867184,0.3991256713867184
external_development_validation,117,123.0,Luding 2022 M6.6,6.6,6,6.8338751792907715,0.23387517929077184,0.23387517929077184,7.220118999481201,0.6201189994812015,0.6201189994812015,6.817481517791748,0.2174815177917484,0.2174815177917484,6.44783878326416,-0.1521612167358395,0.1521612167358395,6.200874328613281,-0.3991256713867184,0.3991256713867184
external_development_validation,118,124.0,Luding 2022 M6.6,6.6,6,6.836831569671631,0.23683156967163121,0.23683156967163121,7.2027082443237305,0.6027082443237308,0.6027082443237308,6.817481517791748,0.2174815177917484,0.2174815177917484,6.44783878326416,-0.1521612167358395,0.1521612167358395,6.200874328613281,-0.3991256713867184,0.3991256713867184
external_development_validation,119,125.0,Luding 2022 M6.6,6.6,6,6.840058326721191,0.24005832672119176,0.24005832672119176,7.187917232513428,0.5879172325134281,0.5879172325134281,6.817481517791748,0.2174815177917484,0.2174815177917484,6.44783878326416,-0.1521612167358395,0.1521612167358395,6.200874328613281,-0.3991256713867184,0.3991256713867184
external_development_validation,120,126.0,Luding 2022 M6.6,6.6,6,6.843286037445068,0.24328603744506871,0.24328603744506871,7.152767181396484,0.5527671813964847,0.5527671813964847,6.817481517791748,0.2174815177917484,0.2174815177917484,6.44783878326416,-0.1521612167358395,0.1521612167358395,6.200874328613281,-0.3991256713867184,0.3991256713867184
external_development_validation,121,127.0,Luding 2022 M6.6,6.6,6,6.846340179443359,0.24634017944335973,0.24634017944335973,7.108141899108887,0.5081418991088871,0.5081418991088871,6.817481517791748,0.2174815177917484,0.2174815177917484,6.44783878326416,-0.1521612167358395,0.1521612167358395,6.200874328613281,-0.3991256713867184,0.3991256713867184
external_development_validation,122,128.0,Luding 2022 M6.6,6.6,6,6.849099159240723,0.249099159240723,0.249099159240723,7.056291103363037,0.45629110336303746,0.45629110336303746,6.817481517791748,0.2174815177917484,0.2174815177917484,6.44783878326416,-0.1521612167358395,0.1521612167358395,6.200874328613281,-0.3991256713867184,0.3991256713867184
external_development_validation,123,129.0,Luding 2022 M6.6,6.6,6,6.851554870605469,0.2515548706054691,0.2515548706054691,7.029323577880859,0.42932357788085973,0.42932357788085973,6.817481517791748,0.2174815177917484,0.2174815177917484,6.44783878326416,-0.1521612167358395,0.1521612167358395,6.200874328613281,-0.3991256713867184,0.3991256713867184
external_development_validation,124,130.0,Luding 2022 M6.6,6.6,6,6.853763580322266,0.253763580322266,0.253763580322266,7.020228862762451,0.4202288627624515,0.4202288627624515,6.817481517791748,0.2174815177917484,0.2174815177917484,6.44783878326416,-0.1521612167358395,0.1521612167358395,6.200874328613281,-0.3991256713867184,0.3991256713867184
external_development_validation,125,131.0,Luding 2022 M6.6,6.6,6,6.855821132659912,0.25582113265991246,0.25582113265991246,7.036180019378662,0.43618001937866246,0.43618001937866246,6.817481517791748,0.2174815177917484,0.2174815177917484,6.44783878326416,-0.1521612167358395,0.1521612167358395,6.200874328613281,-0.3991256713867184,0.3991256713867184
external_development_validation,126,132.0,Luding 2022 M6.6,6.6,6,6.857763290405273,0.2577632904052738,0.2577632904052738,7.051677703857422,0.45167770385742223,0.45167770385742223,6.817481517791748,0.2174815177917484,0.2174815177917484,6.44783878326416,-0.1521612167358395,0.1521612167358395,6.200874328613281,-0.3991256713867184,0.3991256713867184
external_development_validation,127,133.0,Luding 2022 M6.6,6.6,6,6.859620094299316,0.25962009429931676,0.25962009429931676,7.06398344039917,0.4639834403991703,0.4639834403991703,6.817481517791748,0.2174815177917484,0.2174815177917484,6.44783878326416,-0.1521612167358395,0.1521612167358395,6.200874328613281,-0.3991256713867184,0.3991256713867184
external_development_validation,128,134.0,Luding 2022 M6.6,6.6,6,6.861381530761719,0.2613815307617191,0.2613815307617191,7.062137126922607,0.4621371269226078,0.4621371269226078,6.817481517791748,0.2174815177917484,0.2174815177917484,6.44783878326416,-0.1521612167358395,0.1521612167358395,6.200874328613281,-0.3991256713867184,0.3991256713867184
external_development_validation,129,135.0,Luding 2022 M6.6,6.6,6,6.8630290031433105,0.2630290031433109,0.2630290031433109,7.046292304992676,0.44629230499267614,0.44629230499267614,6.817481517791748,0.2174815177917484,0.2174815177917484,6.44783878326416,-0.1521612167358395,0.1521612167358395,6.200874328613281,-0.3991256713867184,0.3991256713867184
external_development_validation,130,136.0,Luding 2022 M6.6,6.6,6,6.8645830154418945,0.2645830154418949,0.2645830154418949,7.034547805786133,0.43454780578613317,0.43454780578613317,6.817481517791748,0.2174815177917484,0.2174815177917484,6.44783878326416,-0.1521612167358395,0.1521612167358395,6.200874328613281,-0.3991256713867184,0.3991256713867184
external_development_validation,131,137.0,Luding 2022 M6.6,6.6,6,6.866101264953613,0.26610126495361364,0.26610126495361364,7.036952018737793,0.4369520187377933,0.4369520187377933,6.817481517791748,0.2174815177917484,0.2174815177917484,6.44783878326416,-0.1521612167358395,0.1521612167358395,6.200874328613281,-0.3991256713867184,0.3991256713867184
external_development_validation,132,138.0,Luding 2022 M6.6,6.6,6,6.867621421813965,0.2676214218139652,0.2676214218139652,7.051000595092773,0.4510005950927738,0.4510005950927738,6.817481517791748,0.2174815177917484,0.2174815177917484,6.44783878326416,-0.1521612167358395,0.1521612167358395,6.200874328613281,-0.3991256713867184,0.3991256713867184
external_development_validation,133,139.0,Luding 2022 M6.6,6.6,6,6.869170665740967,0.26917066574096715,0.26917066574096715,7.068347930908203,0.4683479309082035,0.4683479309082035,6.817481517791748,0.2174815177917484,0.2174815177917484,6.44783878326416,-0.1521612167358395,0.1521612167358395,6.200874328613281,-0.3991256713867184,0.3991256713867184
external_development_validation,134,140.0,Luding 2022 M6.6,6.6,6,6.870756149291992,0.27075614929199254,0.27075614929199254,7.083252906799316,0.48325290679931676,0.48325290679931676,6.817481517791748,0.2174815177917484,0.2174815177917484,6.44783878326416,-0.1521612167358395,0.1521612167358395,6.200874328613281,-0.3991256713867184,0.3991256713867184
external_development_validation,135,141.0,Luding 2022 M6.6,6.6,6,6.872392177581787,0.27239217758178746,0.27239217758178746,7.099170684814453,0.4991706848144535,0.4991706848144535,6.817481517791748,0.2174815177917484,0.2174815177917484,6.44783878326416,-0.1521612167358395,0.1521612167358395,6.200874328613281,-0.3991256713867184,0.3991256713867184
external_development_validation,136,142.0,Luding 2022 M6.6,6.6,6,6.87408971786499,0.2740897178649906,0.2740897178649906,7.118943691253662,0.5189436912536625,0.5189436912536625,6.817481517791748,0.2174815177917484,0.2174815177917484,6.44783878326416,-0.1521612167358395,0.1521612167358395,6.200874328613281,-0.3991256713867184,0.3991256713867184
external_development_validation,137,143.0,Luding 2022 M6.6,6.6,6,6.875879287719727,0.2758792877197269,0.2758792877197269,7.15186882019043,0.55186882019043,0.55186882019043,6.817481517791748,0.2174815177917484,0.2174815177917484,6.44783878326416,-0.1521612167358395,0.1521612167358395,6.200874328613281,-0.3991256713867184,0.3991256713867184
external_development_validation,138,144.0,Luding 2022 M6.6,6.6,6,6.877806663513184,0.27780666351318395,0.27780666351318395,7.201959133148193,0.6019591331481937,0.6019591331481937,6.817481517791748,0.2174815177917484,0.2174815177917484,6.44783878326416,-0.1521612167358395,0.1521612167358395,6.200874328613281,-0.3991256713867184,0.3991256713867184
external_development_validation,139,145.0,Luding 2022 M6.6,6.6,6,6.879921913146973,0.279921913146973,0.279921913146973,7.271116256713867,0.6711162567138675,0.6711162567138675,6.817481517791748,0.2174815177917484,0.2174815177917484,6.44783878326416,-0.1521612167358395,0.1521612167358395,6.200874328613281,-0.3991256713867184,0.3991256713867184
external_development_validation,140,146.0,Luding 2022 M6.6,6.6,6,6.882236480712891,0.282236480712891,0.282236480712891,7.356363296508789,0.7563632965087894,0.7563632965087894,6.817481517791748,0.2174815177917484,0.2174815177917484,6.44783878326416,-0.1521612167358395,0.1521612167358395,6.200874328613281,-0.3991256713867184,0.3991256713867184
external_development_validation,141,147.0,Luding 2022 M6.6,6.6,6,6.884889125823975,0.28488912582397496,0.28488912582397496,7.454316139221191,0.8543161392211918,0.8543161392211918,6.817481517791748,0.2174815177917484,0.2174815177917484,6.44783878326416,-0.1521612167358395,0.1521612167358395,6.200874328613281,-0.3991256713867184,0.3991256713867184
external_development_validation,142,148.0,Luding 2022 M6.6,6.6,6,6.887864112854004,0.28786411285400426,0.28786411285400426,7.5051188468933105,0.9051188468933109,0.9051188468933109,6.817481517791748,0.2174815177917484,0.2174815177917484,6.44783878326416,-0.1521612167358395,0.1521612167358395,6.200874328613281,-0.3991256713867184,0.3991256713867184
external_development_validation,143,149.0,Luding 2022 M6.6,6.6,6,6.891121864318848,0.291121864318848,0.291121864318848,7.506934642791748,0.9069346427917484,0.9069346427917484,6.817481517791748,0.2174815177917484,0.2174815177917484,6.44783878326416,-0.1521612167358395,0.1521612167358395,6.200874328613281,-0.3991256713867184,0.3991256713867184
external_development_validation,144,150.0,Luding 2022 M6.6,6.6,6,6.894611358642578,0.2946113586425785,0.2946113586425785,7.5013346672058105,0.9013346672058109,0.9013346672058109,6.817481517791748,0.2174815177917484,0.2174815177917484,6.44783878326416,-0.1521612167358395,0.1521612167358395,6.200874328613281,-0.3991256713867184,0.3991256713867184
external_development_validation,145,151.0,Luding 2022 M6.6,6.6,6,6.898282527923584,0.29828252792358434,0.29828252792358434,7.484238624572754,0.8842386245727543,0.8842386245727543,6.817481517791748,0.2174815177917484,0.2174815177917484,6.44783878326416,-0.1521612167358395,0.1521612167358395,6.200874328613281,-0.3991256713867184,0.3991256713867184
external_development_validation,146,152.0,Luding 2022 M6.6,6.6,6,6.9020843505859375,0.30208435058593786,0.30208435058593786,7.458819389343262,0.8588193893432621,0.8588193893432621,6.817481517791748,0.2174815177917484,0.2174815177917484,6.44783878326416,-0.1521612167358395,0.1521612167358395,6.200874328613281,-0.3991256713867184,0.3991256713867184
external_development_validation,147,153.0,Luding 2022 M6.6,6.6,6,6.905973434448242,0.30597343444824254,0.30597343444824254,7.429992198944092,0.8299921989440922,0.8299921989440922,6.817481517791748,0.2174815177917484,0.2174815177917484,6.44783878326416,-0.1521612167358395,0.1521612167358395,6.200874328613281,-0.3991256713867184,0.3991256713867184
external_development_validation,148,154.0,Luding 2022 M6.6,6.6,6,6.909919261932373,0.3099192619323734,0.3099192619323734,7.390853404998779,0.7908534049987797,0.7908534049987797,6.817481517791748,0.2174815177917484,0.2174815177917484,6.44783878326416,-0.1521612167358395,0.1521612167358395,6.200874328613281,-0.3991256713867184,0.3991256713867184
external_development_validation,149,155.0,Luding 2022 M6.6,6.6,6,6.913924694061279,0.31392469406127965,0.31392469406127965,7.313879013061523,0.7138790130615238,0.7138790130615238,6.817481517791748,0.2174815177917484,0.2174815177917484,6.44783878326416,-0.1521612167358395,0.1521612167358395,6.200874328613281,-0.3991256713867184,0.3991256713867184
external_development_validation,150,156.0,Luding 2022 M6.6,6.6,6,6.917994976043701,0.3179949760437015,0.3179949760437015,7.285333633422852,0.6853336334228519,0.6853336334228519,6.817481517791748,0.2174815177917484,0.2174815177917484,6.44783878326416,-0.1521612167358395,0.1521612167358395,6.200874328613281,-0.3991256713867184,0.3991256713867184
external_development_validation,151,157.0,Luding 2022 M6.6,6.6,6,6.922126770019531,0.3221267700195316,0.3221267700195316,7.2841596603393555,0.6841596603393558,0.6841596603393558,6.817481517791748,0.2174815177917484,0.2174815177917484,6.44783878326416,-0.1521612167358395,0.1521612167358395,6.200874328613281,-0.3991256713867184,0.3991256713867184
external_development_validation,152,158.0,Luding 2022 M6.6,6.6,6,6.926312446594238,0.32631244659423864,0.32631244659423864,7.268441677093506,0.6684416770935062,0.6684416770935062,6.817481517791748,0.2174815177917484,0.2174815177917484,6.44783878326416,-0.1521612167358395,0.1521612167358395,6.200874328613281,-0.3991256713867184,0.3991256713867184
external_development_validation,153,159.0,Luding 2022 M6.6,6.6,6,6.930560111999512,0.3305601119995121,0.3305601119995121,7.239684581756592,0.6396845817565922,0.6396845817565922,6.817481517791748,0.2174815177917484,0.2174815177917484,6.44783878326416,-0.1521612167358395,0.1521612167358395,6.200874328613281,-0.3991256713867184,0.3991256713867184
external_development_validation,154,160.0,Luding 2022 M6.6,6.6,6,6.9348602294921875,0.33486022949218786,0.33486022949218786,7.205949783325195,0.6059497833251957,0.6059497833251957,6.817481517791748,0.2174815177917484,0.2174815177917484,6.44783878326416,-0.1521612167358395,0.1521612167358395,6.200874328613281,-0.3991256713867184,0.3991256713867184
external_development_validation,155,161.0,Luding 2022 M6.6,6.6,6,6.939203262329102,0.3392032623291019,0.3392032623291019,7.178400039672852,0.5784000396728519,0.5784000396728519,6.817481517791748,0.2174815177917484,0.2174815177917484,6.44783878326416,-0.1521612167358395,0.1521612167358395,6.200874328613281,-0.3991256713867184,0.3991256713867184
external_development_validation,156,162.0,Luding 2022 M6.6,6.6,6,6.943543434143066,0.34354343414306676,0.34354343414306676,7.1575212478637695,0.5575212478637699,0.5575212478637699,6.817481517791748,0.2174815177917484,0.2174815177917484,6.44783878326416,-0.1521612167358395,0.1521612167358395,6.200874328613281,-0.3991256713867184,0.3991256713867184
external_development_validation,157,163.0,Luding 2022 M6.6,6.6,6,6.9478278160095215,0.34782781600952184,0.34782781600952184,7.139678001403809,0.539678001403809,0.539678001403809,6.817481517791748,0.2174815177917484,0.2174815177917484,6.44783878326416,-0.1521612167358395,0.1521612167358395,6.200874328613281,-0.3991256713867184,0.3991256713867184
external_development_validation,158,164.0,Luding 2022 M6.6,6.6,6,6.952020168304443,0.3520201683044437,0.3520201683044437,7.120975494384766,0.520975494384766,0.520975494384766,6.817481517791748,0.2174815177917484,0.2174815177917484,6.44783878326416,-0.1521612167358395,0.1521612167358395,6.200874328613281,-0.3991256713867184,0.3991256713867184
external_development_validation,159,165.0,Luding 2022 M6.6,6.6,6,6.955955505371094,0.3559555053710941,0.3559555053710941,7.10927152633667,0.5092715263366703,0.5092715263366703,6.817481517791748,0.2174815177917484,0.2174815177917484,6.44783878326416,-0.1521612167358395,0.1521612167358395,6.200874328613281,-0.3991256713867184,0.3991256713867184
external_development_validation,160,166.0,Luding 2022 M6.6,6.6,6,6.959716796875,0.35971679687500036,0.35971679687500036,7.108180522918701,0.5081805229187015,0.5081805229187015,6.817481517791748,0.2174815177917484,0.2174815177917484,6.44783878326416,-0.1521612167358395,0.1521612167358395,6.200874328613281,-0.3991256713867184,0.3991256713867184
external_development_validation,161,167.0,Luding 2022 M6.6,6.6,6,6.9636454582214355,0.3636454582214359,0.3636454582214359,7.114321708679199,0.5143217086791996,0.5143217086791996,6.817481517791748,0.2174815177917484,0.2174815177917484,6.44783878326416,-0.1521612167358395,0.1521612167358395,6.200874328613281,-0.3991256713867184,0.3991256713867184
external_development_validation,162,168.0,Luding 2022 M6.6,6.6,6,6.967744827270508,0.36774482727050817,0.36774482727050817,7.12227725982666,0.5222772598266605,0.5222772598266605,6.817481517791748,0.2174815177917484,0.2174815177917484,6.44783878326416,-0.1521612167358395,0.1521612167358395,6.200874328613281,-0.3991256713867184,0.3991256713867184
external_development_validation,163,169.0,Luding 2022 M6.6,6.6,6,6.971999645233154,0.37199964523315465,0.37199964523315465,7.129528045654297,0.5295280456542972,0.5295280456542972,6.817481517791748,0.2174815177917484,0.2174815177917484,6.44783878326416,-0.1521612167358395,0.1521612167358395,6.200874328613281,-0.3991256713867184,0.3991256713867184
external_development_validation,164,170.0,Luding 2022 M6.6,6.6,6,6.9762115478515625,0.37621154785156286,0.37621154785156286,7.136719703674316,0.5367197036743168,0.5367197036743168,6.817481517791748,0.2174815177917484,0.2174815177917484,6.44783878326416,-0.1521612167358395,0.1521612167358395,6.200874328613281,-0.3991256713867184,0.3991256713867184
external_development_validation,165,171.0,Luding 2022 M6.6,6.6,6,6.980330944061279,0.38033094406127965,0.38033094406127965,7.1436357498168945,0.5436357498168949,0.5436357498168949,6.817481517791748,0.2174815177917484,0.2174815177917484,6.44783878326416,-0.1521612167358395,0.1521612167358395,6.200874328613281,-0.3991256713867184,0.3991256713867184
external_development_validation,166,172.0,Luding 2022 M6.6,6.6,6,6.9845428466796875,0.38454284667968786,0.38454284667968786,7.153153419494629,0.5531534194946293,0.5531534194946293,6.817481517791748,0.2174815177917484,0.2174815177917484,6.44783878326416,-0.1521612167358395,0.1521612167358395,6.200874328613281,-0.3991256713867184,0.3991256713867184
external_development_validation,167,173.0,Luding 2022 M6.6,6.6,6,6.988866329193115,0.3888663291931156,0.3888663291931156,7.163918972015381,0.5639189720153812,0.5639189720153812,6.817481517791748,0.2174815177917484,0.2174815177917484,6.44783878326416,-0.1521612167358395,0.1521612167358395,6.200874328613281,-0.3991256713867184,0.3991256713867184
external_development_validation,168,174.0,Luding 2022 M6.6,6.6,6,6.993260383605957,0.3932603836059574,0.3932603836059574,7.169764995574951,0.5697649955749515,0.5697649955749515,6.817481517791748,0.2174815177917484,0.2174815177917484,6.44783878326416,-0.1521612167358395,0.1521612167358395,6.200874328613281,-0.3991256713867184,0.3991256713867184
external_development_validation,169,175.0,Luding 2022 M6.6,6.6,6,6.997628688812256,0.3976286888122562,0.3976286888122562,7.164694786071777,0.5646947860717777,0.5646947860717777,6.817481517791748,0.2174815177917484,0.2174815177917484,6.44783878326416,-0.1521612167358395,0.1521612167358395,6.200874328613281,-0.3991256713867184,0.3991256713867184
external_development_validation,170,176.0,Luding 2022 M6.6,6.6,6,7.001856803894043,0.4018568038940433,0.4018568038940433,7.149785995483398,0.5497859954833988,0.5497859954833988,6.817481517791748,0.2174815177917484,0.2174815177917484,6.44783878326416,-0.1521612167358395,0.1521612167358395,6.200874328613281,-0.3991256713867184,0.3991256713867184
external_development_validation,171,177.0,Luding 2022 M6.6,6.6,6,7.005703926086426,0.40570392608642614,0.40570392608642614,7.123008728027344,0.5230087280273441,0.5230087280273441,6.817481517791748,0.2174815177917484,0.2174815177917484,6.44783878326416,-0.1521612167358395,0.1521612167358395,6.200874328613281,-0.3991256713867184,0.3991256713867184
external_development_validation,172,178.0,Luding 2022 M6.6,6.6,6,7.008803844451904,0.40880384445190465,0.40880384445190465,7.084698677062988,0.48469867706298864,0.48469867706298864,6.817481517791748,0.2174815177917484,0.2174815177917484,6.44783878326416,-0.1521612167358395,0.1521612167358395,6.200874328613281,-0.3991256713867184,0.3991256713867184
external_development_validation,173,179.0,Luding 2022 M6.6,6.6,6,7.010856628417969,0.4108566284179691,0.4108566284179691,7.039396286010742,0.43939628601074254,0.43939628601074254,6.817481517791748,0.2174815177917484,0.2174815177917484,6.457736968994141,-0.14226303100585902,0.14226303100585902,6.210124969482422,-0.38987503051757777,0.38987503051757777
external_development_validation,174,180.0,Luding 2022 M6.6,6.6,6,7.01201057434082,0.41201057434082067,0.41201057434082067,7.018291473388672,0.41829147338867223,0.41829147338867223,6.817481517791748,0.2174815177917484,0.2174815177917484,6.457736968994141,-0.14226303100585902,0.14226303100585902,6.210124969482422,-0.38987503051757777,0.38987503051757777
external_development_validation,175,181.0,Luding 2022 M6.6,6.6,6,7.012654781341553,0.4126547813415531,0.4126547813415531,7.014842987060547,0.41484298706054723,0.41484298706054723,6.817481517791748,0.2174815177917484,0.2174815177917484,6.457736968994141,-0.14226303100585902,0.14226303100585902,6.210124969482422,-0.38987503051757777,0.38987503051757777
external_development_validation,176,182.0,Luding 2022 M6.6,6.6,6,7.013011932373047,0.41301193237304723,0.41301193237304723,7.012105941772461,0.4121059417724613,0.4121059417724613,6.817481517791748,0.2174815177917484,0.2174815177917484,6.457736968994141,-0.14226303100585902,0.14226303100585902,6.210124969482422,-0.38987503051757777,0.38987503051757777
external_development_validation,177,183.0,Luding 2022 M6.6,6.6,6,7.013080596923828,0.4130805969238285,0.4130805969238285,7.001692771911621,0.40169277191162145,0.40169277191162145,6.817481517791748,0.2174815177917484,0.2174815177917484,6.457736968994141,-0.14226303100585902,0.14226303100585902,6.210124969482422,-0.38987503051757777,0.38987503051757777
external_development_validation,178,184.0,Luding 2022 M6.6,6.6,6,7.012730598449707,0.4127305984497074,0.4127305984497074,6.982773780822754,0.38277378082275426,0.38277378082275426,6.817481517791748,0.2174815177917484,0.2174815177917484,6.457736968994141,-0.14226303100585902,0.14226303100585902,6.210124969482422,-0.38987503051757777,0.38987503051757777
external_development_validation,179,185.0,Luding 2022 M6.6,6.6,6,7.011781215667725,0.41178121566772496,0.41178121566772496,6.95198917388916,0.3519891738891605,0.3519891738891605,6.817481517791748,0.2174815177917484,0.2174815177917484,6.457736968994141,-0.14226303100585902,0.14226303100585902,6.210124969482422,-0.38987503051757777,0.38987503051757777
external_development_validation,180,186.0,Luding 2022 M6.6,6.6,6,7.01025390625,0.41025390625000036,0.41025390625000036,6.9255266189575195,0.3255266189575199,0.3255266189575199,6.817481517791748,0.2174815177917484,0.2174815177917484,6.457736968994141,-0.14226303100585902,0.14226303100585902,6.210124969482422,-0.38987503051757777,0.38987503051757777
external_development_validation,181,187.0,Luding 2022 M6.6,6.6,6,7.0084147453308105,0.4084147453308109,0.4084147453308109,6.911075115203857,0.3110751152038578,0.3110751152038578,6.817481517791748,0.2174815177917484,0.2174815177917484,6.457736968994141,-0.14226303100585902,0.14226303100585902,6.210124969482422,-0.38987503051757777,0.38987503051757777
external_development_validation,182,188.0,Luding 2022 M6.6,6.6,6,7.006534576416016,0.406534576416016,0.406534576416016,6.909440040588379,0.30944004058837926,0.30944004058837926,6.817481517791748,0.2174815177917484,0.2174815177917484,6.457736968994141,-0.14226303100585902,0.14226303100585902,6.210124969482422,-0.38987503051757777,0.38987503051757777
external_development_validation,183,189.0,Luding 2022 M6.6,6.6,6,7.004755020141602,0.4047550201416019,0.4047550201416019,6.9216203689575195,0.3216203689575199,0.3216203689575199,6.817481517791748,0.2174815177917484,0.2174815177917484,6.457736968994141,-0.14226303100585902,0.14226303100585902,6.210124969482422,-0.38987503051757777,0.38987503051757777
external_development_validation,184,190.0,Luding 2022 M6.6,6.6,6,7.003060340881348,0.403060340881348,0.403060340881348,6.943331718444824,0.3433317184448246,0.3433317184448246,6.817481517791748,0.2174815177917484,0.2174815177917484,6.457736968994141,-0.14226303100585902,0.14226303100585902,6.210124969482422,-0.38987503051757777,0.38987503051757777
external_development_validation,185,191.0,Luding 2022 M6.6,6.6,6,7.001346111297607,0.4013461112976078,0.4013461112976078,6.960177898406982,0.3601778984069828,0.3601778984069828,6.817481517791748,0.2174815177917484,0.2174815177917484,6.457736968994141,-0.14226303100585902,0.14226303100585902,6.210124969482422,-0.38987503051757777,0.38987503051757777
external_development_validation,186,192.0,Luding 2022 M6.6,6.6,6,6.9994916915893555,0.3994916915893558,0.3994916915893558,6.968017101287842,0.36801710128784215,0.36801710128784215,6.817481517791748,0.2174815177917484,0.2174815177917484,6.457736968994141,-0.14226303100585902,0.14226303100585902,6.210124969482422,-0.38987503051757777,0.38987503051757777
external_development_validation,187,193.0,Luding 2022 M6.6,6.6,6,6.9974284172058105,0.3974284172058109,0.3974284172058109,6.9749650955200195,0.3749650955200199,0.3749650955200199,6.817481517791748,0.2174815177917484,0.2174815177917484,6.457736968994141,-0.14226303100585902,0.14226303100585902,6.210124969482422,-0.38987503051757777,0.38987503051757777
external_development_validation,188,194.0,Luding 2022 M6.6,6.6,6,6.995214462280273,0.3952144622802738,0.3952144622802738,6.975156307220459,0.37515630722045934,0.37515630722045934,6.817481517791748,0.2174815177917484,0.2174815177917484,6.457736968994141,-0.14226303100585902,0.14226303100585902,6.210124969482422,-0.38987503051757777,0.38987503051757777
external_development_validation,189,195.0,Luding 2022 M6.6,6.6,6,6.993025779724121,0.39302577972412145,0.39302577972412145,6.973907470703125,0.37390747070312536,0.37390747070312536,6.817481517791748,0.2174815177917484,0.2174815177917484,6.457736968994141,-0.14226303100585902,0.14226303100585902,6.210124969482422,-0.38987503051757777,0.38987503051757777
external_development_validation,190,196.0,Luding 2022 M6.6,6.6,6,6.991086959838867,0.39108695983886754,0.39108695983886754,6.98637580871582,0.38637580871582067,0.38637580871582067,6.817481517791748,0.2174815177917484,0.2174815177917484,6.457736968994141,-0.14226303100585902,0.14226303100585902,6.210124969482422,-0.38987503051757777,0.38987503051757777
external_development_validation,191,197.0,Luding 2022 M6.6,6.6,6,6.989612102508545,0.3896121025085453,0.3896121025085453,7.011005401611328,0.4110054016113285,0.4110054016113285,6.817481517791748,0.2174815177917484,0.2174815177917484,6.457736968994141,-0.14226303100585902,0.14226303100585902,6.210124969482422,-0.38987503051757777,0.38987503051757777
external_development_validation,192,198.0,Luding 2022 M6.6,6.6,6,6.988713264465332,0.3887132644653324,0.3887132644653324,7.040521621704102,0.4405216217041019,0.4405216217041019,6.817481517791748,0.2174815177917484,0.2174815177917484,6.457736968994141,-0.14226303100585902,0.14226303100585902,6.210124969482422,-0.38987503051757777,0.38987503051757777
external_development_validation,193,199.0,Luding 2022 M6.6,6.6,6,6.988368988037109,0.38836898803710973,0.38836898803710973,7.0681281089782715,0.46812810897827184,0.46812810897827184,6.817481517791748,0.2174815177917484,0.2174815177917484,6.457736968994141,-0.14226303100585902,0.14226303100585902,6.210124969482422,-0.38987503051757777,0.38987503051757777
external_development_validation,194,200.0,Luding 2022 M6.6,6.6,6,6.988484859466553,0.3884848594665531,0.3884848594665531,7.092159271240234,0.49215927124023473,0.49215927124023473,6.817481517791748,0.2174815177917484,0.2174815177917484,6.457736968994141,-0.14226303100585902,0.14226303100585902,6.210124969482422,-0.38987503051757777,0.38987503051757777
external_development_validation,195,201.0,Luding 2022 M6.6,6.6,6,6.989025115966797,0.38902511596679723,0.38902511596679723,7.098893165588379,0.49889316558837926,0.49889316558837926,6.817481517791748,0.2174815177917484,0.2174815177917484,6.457736968994141,-0.14226303100585902,0.14226303100585902,6.210124969482422,-0.38987503051757777,0.38987503051757777
external_development_validation,196,202.0,Luding 2022 M6.6,6.6,6,6.990012168884277,0.3900121688842777,0.3900121688842777,7.101419448852539,0.5014194488525394,0.5014194488525394,6.817481517791748,0.2174815177917484,0.2174815177917484,6.457736968994141,-0.14226303100585902,0.14226303100585902,6.210124969482422,-0.38987503051757777,0.38987503051757777
external_development_validation,197,203.0,Luding 2022 M6.6,6.6,6,6.9915080070495605,0.3915080070495609,0.3915080070495609,7.097896575927734,0.49789657592773473,0.49789657592773473,6.817481517791748,0.2174815177917484,0.2174815177917484,6.457736968994141,-0.14226303100585902,0.14226303100585902,6.210124969482422,-0.38987503051757777,0.38987503051757777
external_development_validation,198,204.0,Luding 2022 M6.6,6.6,6,6.993542671203613,0.39354267120361364,0.39354267120361364,7.087499141693115,0.4874991416931156,0.4874991416931156,6.817481517791748,0.2174815177917484,0.2174815177917484,6.457736968994141,-0.14226303100585902,0.14226303100585902,6.210124969482422,-0.38987503051757777,0.38987503051757777
external_development_validation,199,205.0,Luding 2022 M6.6,6.6,6,6.996071815490723,0.396071815490723,0.396071815490723,7.073483467102051,0.47348346710205114,0.47348346710205114,6.817481517791748,0.2174815177917484,0.2174815177917484,6.457736968994141,-0.14226303100585902,0.14226303100585902,6.210124969482422,-0.38987503051757777,0.38987503051757777
external_development_validation,200,206.0,Luding 2022 M6.6,6.6,6,6.998996257781982,0.3989962577819828,0.3989962577819828,7.0684428215026855,0.4684428215026859,0.4684428215026859,6.817481517791748,0.2174815177917484,0.2174815177917484,6.457736968994141,-0.14226303100585902,0.14226303100585902,6.210124969482422,-0.38987503051757777,0.38987503051757777
external_development_validation,20,26.0,Mandalay 2025 M7.7,7.7,12,7.4997992515563965,-0.2002007484436037,0.2002007484436037,8.842811584472656,1.142811584472656,1.142811584472656,7.51084566116333,-0.1891543388366701,0.1891543388366701,6.886549949645996,-0.8134500503540041,0.8134500503540041,6.690518856048584,-1.0094811439514162,1.0094811439514162
external_development_validation,21,27.0,Mandalay 2025 M7.7,7.7,12,7.505846977233887,-0.19415302276611346,0.19415302276611346,8.8465576171875,1.1465576171874998,1.1465576171874998,7.5190229415893555,-0.1809770584106447,0.1809770584106447,6.887229919433594,-0.8127700805664064,0.8127700805664064,6.691266059875488,-1.008733940124512,1.008733940124512
external_development_validation,22,28.0,Mandalay 2025 M7.7,7.7,12,7.51335334777832,-0.18664665222167987,0.18664665222167987,8.81899642944336,1.1189964294433592,1.1189964294433592,7.520098686218262,-0.17990131378173846,0.17990131378173846,6.889158248901367,-0.810841751098633,0.810841751098633,6.693387031555176,-1.0066129684448244,1.0066129684448244
external_development_validation,23,29.0,Mandalay 2025 M7.7,7.7,12,7.521998882293701,-0.178001117706299,0.178001117706299,8.803040504455566,1.1030405044555662,1.1030405044555662,7.5389723777771,-0.16102762222290057,0.16102762222290057,6.890951633453369,-0.809048366546631,0.809048366546631,6.695337295532227,-1.0046627044677736,1.0046627044677736
external_development_validation,24,30.0,Mandalay 2025 M7.7,7.7,12,7.531379222869873,-0.16862077713012713,0.16862077713012713,8.797142028808594,1.0971420288085936,1.0971420288085936,7.537250518798828,-0.16274948120117205,0.16274948120117205,6.889645576477051,-0.8103544235229494,0.8103544235229494,6.693880558013916,-1.0061194419860842,1.0061194419860842
external_development_validation,25,31.0,Mandalay 2025 M7.7,7.7,12,7.540863037109375,-0.15913696289062518,0.15913696289062518,8.666808128356934,0.9668081283569334,0.9668081283569334,7.554462432861328,-0.14553756713867205,0.14553756713867205,6.888622283935547,-0.8113777160644533,0.8113777160644533,6.6927618980407715,-1.0072381019592287,1.0072381019592287
external_development_validation,26,32.0,Mandalay 2025 M7.7,7.7,12,7.550626277923584,-0.1493737220764162,0.1493737220764162,8.689595222473145,0.9895952224731444,0.9895952224731444,7.552996635437012,-0.14700336456298846,0.14700336456298846,6.89016056060791,-0.80983943939209,0.80983943939209,6.6944475173950195,-1.0055524826049806,1.0055524826049806
external_development_validation,27,33.0,Mandalay 2025 M7.7,7.7,12,7.560183525085449,-0.13981647491455096,0.13981647491455096,8.608023643493652,0.9080236434936522,0.9080236434936522,7.5483903884887695,-0.15160961151123065,0.15160961151123065,6.890560150146484,-0.8094398498535158,0.8094398498535158,6.694891929626465,-1.0051080703735353,1.0051080703735353
external_development_validation,28,34.0,Mandalay 2025 M7.7,7.7,12,7.569802284240723,-0.13019771575927752,0.13019771575927752,8.605941772460938,0.9059417724609373,0.9059417724609373,7.54392671585083,-0.1560732841491701,0.1560732841491701,6.892223358154297,-0.8077766418457033,0.8077766418457033,6.696720123291016,-1.0032798767089846,1.0032798767089846
external_development_validation,29,35.0,Mandalay 2025 M7.7,7.7,12,7.579242706298828,-0.12075729370117205,0.12075729370117205,8.547479629516602,0.8474796295166014,0.8474796295166014,7.549778938293457,-0.15022106170654315,0.15022106170654315,6.891495704650879,-0.8085042953491213,0.8085042953491213,6.695932388305664,-1.0040676116943361,1.0040676116943361
external_development_validation,30,36.0,Mandalay 2025 M7.7,7.7,12,7.588822841644287,-0.11117715835571307,0.11117715835571307,8.583002090454102,0.8830020904541014,0.8830020904541014,7.550440788269043,-0.1495592117309572,0.1495592117309572,6.893069267272949,-0.806930732727051,0.806930732727051,6.697654724121094,-1.0023452758789064,1.0023452758789064
external_development_validation,31,37.0,Mandalay 2025 M7.7,7.7,12,7.598269462585449,-0.10173053741455096,0.10173053741455096,8.55907917022705,0.8590791702270506,0.8590791702270506,7.548714637756348,-0.15128536224365252,0.15128536224365252,6.895018577575684,-0.8049814224243166,0.8049814224243166,6.699793815612793,-1.0002061843872072,1.0002061843872072
external_development_validation,32,38.0,Mandalay 2025 M7.7,7.7,12,7.6076979637146,-0.09230203628540057,0.09230203628540057,8.505067825317383,0.8050678253173826,0.8050678253173826,7.5447587966918945,-0.15524120330810565,0.15524120330810565,6.894333362579346,-0.8056666374206545,0.8056666374206545,6.699037551879883,-1.0009624481201174,1.0009624481201174
external_development_validation,33,39.0,Mandalay 2025 M7.7,7.7,12,7.616799831390381,-0.08320016860961932,0.08320016860961932,8.427947044372559,0.7279470443725584,0.7279470443725584,7.543593406677246,-0.15640659332275408,0.15640659332275408,6.897336006164551,-0.8026639938354494,0.8026639938354494,6.702322006225586,-0.9976779937744142,0.9976779937744142
external_development_validation,34,40.0,Mandalay 2025 M7.7,7.7,12,7.626070976257324,-0.07392902374267596,0.07392902374267596,8.534387588500977,0.8343875885009764,0.8343875885009764,7.545830726623535,-0.15416927337646502,0.15416927337646502,6.898439407348633,-0.8015605926513674,0.8015605926513674,6.703523635864258,-0.9964763641357424,0.9964763641357424
external_development_validation,35,41.0,Mandalay 2025 M7.7,7.7,12,7.635150909423828,-0.06484909057617205,0.06484909057617205,8.510644912719727,0.8106449127197264,0.8106449127197264,7.566646099090576,-0.133353900909424,0.133353900909424,6.898467063903809,-0.8015329360961916,0.8015329360961916,6.703531265258789,-0.9964687347412111,0.9964687347412111
external_development_validation,36,42.0,Mandalay 2025 M7.7,7.7,12,7.643999099731445,-0.056000900268554865,0.056000900268554865,8.432382583618164,0.7323825836181639,0.7323825836181639,7.572343826293945,-0.12765617370605487,0.12765617370605487,6.9041619300842285,-0.7958380699157717,0.7958380699157717,6.7101287841796875,-0.9898712158203127,0.9898712158203127
external_development_validation,37,43.0,Mandalay 2025 M7.7,7.7,12,7.65261173248291,-0.04738826751709002,0.04738826751709002,8.351333618164062,0.6513336181640623,0.6513336181640623,7.58160400390625,-0.11839599609375018,0.11839599609375018,6.910582542419434,-0.7894174575805666,0.7894174575805666,6.716806888580322,-0.9831931114196779,0.9831931114196779
external_development_validation,38,44.0,Mandalay 2025 M7.7,7.7,12,7.661124229431152,-0.038875770568847834,0.038875770568847834,8.308691024780273,0.6086910247802733,0.6086910247802733,7.591342926025391,-0.10865707397460955,0.10865707397460955,6.918403625488281,-0.7815963745117189,0.7815963745117189,6.725751876831055,-0.9742481231689455,0.9742481231689455
external_development_validation,39,45.0,Mandalay 2025 M7.7,7.7,12,7.669366359710693,-0.030633640289306818,0.030633640289306818,8.234271049499512,0.5342710494995115,0.5342710494995115,7.5969624519348145,-0.10303754806518572,0.10303754806518572,6.918857574462891,-0.7811424255371096,0.7811424255371096,6.725898742675781,-0.9741012573242189,0.9741012573242189
external_development_validation,40,46.0,Mandalay 2025 M7.7,7.7,12,7.6774749755859375,-0.022525024414062678,0.022525024414062678,8.155515670776367,0.455515670776367,0.455515670776367,7.6009931564331055,-0.09900684356689471,0.09900684356689471,6.922060012817383,-0.7779399871826174,0.7779399871826174,6.729831695556641,-0.9701683044433596,0.9701683044433596
external_development_validation,41,47.0,Mandalay 2025 M7.7,7.7,12,7.6855573654174805,-0.014442634582519709,0.014442634582519709,8.088916778564453,0.38891677856445295,0.38891677856445295,7.606306076049805,-0.09369392395019549,0.09369392395019549,6.929355144500732,-0.7706448554992678,0.7706448554992678,6.73989200592041,-0.96010799407959,0.96010799407959
external_development_validation,42,48.0,Mandalay 2025 M7.7,7.7,12,7.693719863891602,-0.006280136108398615,0.006280136108398615,8.09141731262207,0.39141731262207013,0.39141731262207013,7.613421440124512,-0.08657855987548846,0.08657855987548846,6.9370903968811035,-0.7629096031188967,0.7629096031188967,6.748387336730957,-0.9516126632690431,0.9516126632690431
external_development_validation,43,49.0,Mandalay 2025 M7.7,7.7,12,7.701920986175537,0.0019209861755369317,0.0019209861755369317,8.082979202270508,0.38297920227050763,0.38297920227050763,7.6532135009765625,-0.04678649902343768,0.04678649902343768,6.98328161239624,-0.7167183876037599,0.7167183876037599,6.798529148101807,-0.9014708518981935,0.9014708518981935
external_development_validation,44,50.0,Mandalay 2025 M7.7,7.7,12,7.710180282592773,0.01018028259277326,0.01018028259277326,8.11369514465332,0.41369514465332013,0.41369514465332013,7.656982898712158,-0.043017101287841975,0.043017101287841975,7.010198593139648,-0.6898014068603517,0.6898014068603517,6.828106880187988,-0.8718931198120119,0.8718931198120119
external_development_validation,45,51.0,Mandalay 2025 M7.7,7.7,12,7.718416213989258,0.018416213989257635,0.018416213989257635,8.092666625976562,0.3926666259765623,0.3926666259765623,7.657991886138916,-0.04200811386108416,0.04200811386108416,7.005588531494141,-0.6944114685058596,0.6944114685058596,6.823046684265137,-0.8769533157348635,0.8769533157348635
external_development_validation,46,52.0,Mandalay 2025 M7.7,7.7,12,7.72674560546875,0.026745605468749822,0.026745605468749822,8.104961395263672,0.4049613952636717,0.4049613952636717,7.656865119934082,-0.043134880065918146,0.043134880065918146,6.999058246612549,-0.7009417533874513,0.7009417533874513,6.8158793449401855,-0.8841206550598146,0.8841206550598146
external_development_validation,47,53.0,Mandalay 2025 M7.7,7.7,12,7.735164642333984,0.0351646423339842,0.0351646423339842,8.105280876159668,0.4052808761596678,0.4052808761596678,7.657402992248535,-0.04259700775146502,0.04259700775146502,6.994007110595703,-0.705992889404297,0.705992889404297,6.810332775115967,-0.8896672248840334,0.8896672248840334
external_development_validation,48,54.0,Mandalay 2025 M7.7,7.7,12,7.743619918823242,0.04361991882324201,0.04361991882324201,8.11278247833252,0.41278247833251935,0.41278247833251935,7.657968044281006,-0.04203195571899432,0.04203195571899432,6.991547107696533,-0.708452892303467,0.708452892303467,6.8076324462890625,-0.8923675537109377,0.8923675537109377
external_development_validation,49,55.0,Mandalay 2025 M7.7,7.7,12,7.752013683319092,0.05201368331909162,0.05201368331909162,8.065293312072754,0.36529331207275373,0.36529331207275373,7.655240058898926,-0.044759941101074396,0.044759941101074396,6.9887590408325195,-0.7112409591674806,0.7112409591674806,6.804573059082031,-0.8954269409179689,0.8954269409179689
external_development_validation,50,56.0,Mandalay 2025 M7.7,7.7,12,7.760529518127441,0.06052951812744123,0.06052951812744123,8.107294082641602,0.4072940826416014,0.4072940826416014,7.65487003326416,-0.04512996673584002,0.04512996673584002,6.9839324951171875,-0.7160675048828127,0.7160675048828127,6.799272537231445,-0.9007274627685549,0.9007274627685549
external_development_validation,51,57.0,Mandalay 2025 M7.7,7.7,12,7.769008636474609,0.0690086364746092,0.0690086364746092,8.106022834777832,0.40602283477783185,0.40602283477783185,7.656274795532227,-0.043725204467773615,0.043725204467773615,6.983590126037598,-0.7164098739624025,0.7164098739624025,6.798897743225098,-0.9011022567749025,0.9011022567749025
external_development_validation,52,58.0,Mandalay 2025 M7.7,7.7,12,7.777383804321289,0.07738380432128888,0.07738380432128888,8.094696044921875,0.3946960449218748,0.3946960449218748,7.659278869628906,-0.04072113037109393,0.04072113037109393,6.987032890319824,-0.712967109680176,0.712967109680176,6.802679061889648,-0.8973209381103517,0.8973209381103517
external_development_validation,53,59.0,Mandalay 2025 M7.7,7.7,12,7.785506248474121,0.08550624847412092,0.08550624847412092,8.046072006225586,0.34607200622558576,0.34607200622558576,7.661456108093262,-0.03854389190673846,0.03854389190673846,6.993194580078125,-0.7068054199218752,0.7068054199218752,6.810003280639648,-0.8899967193603517,0.8899967193603517
external_development_validation,54,60.0,Mandalay 2025 M7.7,7.7,12,7.793210506439209,0.0932105064392088,0.0932105064392088,7.959779262542725,0.25977926254272443,0.25977926254272443,7.663705825805664,-0.036294174194336115,0.036294174194336115,7.002190113067627,-0.6978098869323732,0.6978098869323732,6.819882869720459,-0.8801171302795412,0.8801171302795412
external_development_validation,55,61.0,Mandalay 2025 M7.7,7.7,12,7.800475597381592,0.10047559738159162,0.10047559738159162,7.871516227722168,0.1715162277221678,0.1715162277221678,7.665239334106445,-0.034760665893554865,0.034760665893554865,7.006563186645508,-0.6934368133544924,0.6934368133544924,6.824685573577881,-0.8753144264221193,0.8753144264221193
external_development_validation,56,62.0,Mandalay 2025 M7.7,7.7,12,7.80744743347168,0.10744743347167951,0.10744743347167951,7.782866477966309,0.08286647796630842,0.08286647796630842,7.668371200561523,-0.03162879943847674,0.03162879943847674,7.009102821350098,-0.6908971786499025,0.6908971786499025,6.8274736404418945,-0.8725263595581056,0.8725263595581056
external_development_validation,57,63.0,Mandalay 2025 M7.7,7.7,12,7.814425468444824,0.11442546844482404,0.11442546844482404,7.774283409118652,0.07428340911865217,0.07428340911865217,7.669222831726074,-0.03077716827392596,0.03077716827392596,7.011797904968262,-0.6882020950317385,0.6882020950317385,6.830435276031494,-0.869564723968506,0.869564723968506
external_development_validation,58,64.0,Mandalay 2025 M7.7,7.7,12,7.8214921951293945,0.12149219512939435,0.12149219512939435,7.787116050720215,0.08711605072021467,0.08711605072021467,7.6690216064453125,-0.030978393554687678,0.030978393554687678,7.014408588409424,-0.6855914115905763,0.6855914115905763,6.833303451538086,-0.8666965484619142,0.8666965484619142
external_development_validation,59,65.0,Mandalay 2025 M7.7,7.7,12,7.828666687011719,0.12866668701171857,0.12866668701171857,7.754284858703613,0.054284858703613104,0.054284858703613104,7.671535968780518,-0.0284640312194826,0.0284640312194826,7.016261100769043,-0.6837388992309572,0.6837388992309572,6.835338592529297,-0.8646614074707033,0.8646614074707033
external_development_validation,60,66.0,Mandalay 2025 M7.7,7.7,12,7.87323522567749,0.17323522567749006,0.17323522567749006,7.721595764160156,0.021595764160156072,0.021595764160156072,7.6744585037231445,-0.025541496276855646,0.025541496276855646,7.019201278686523,-0.6807987213134767,0.6807987213134767,6.838567733764648,-0.8614322662353517,0.8614322662353517
external_development_validation,61,67.0,Mandalay 2025 M7.7,7.7,12,7.87925910949707,0.17925910949707013,0.17925910949707013,7.67122220993042,-0.028777790069580256,0.028777790069580256,7.6769514083862305,-0.02304859161376971,0.02304859161376971,7.021812438964844,-0.6781875610351564,0.6781875610351564,6.84143590927124,-0.8585640907287599,0.8585640907287599
external_development_validation,62,68.0,Mandalay 2025 M7.7,7.7,12,7.885131359100342,0.18513135910034162,0.18513135910034162,7.6442670822143555,-0.05573291778564471,0.05573291778564471,7.678129196166992,-0.02187080383300799,0.02187080383300799,7.0234479904174805,-0.6765520095825197,0.6765520095825197,6.843232154846191,-0.8567678451538088,0.8567678451538088
external_development_validation,63,69.0,Mandalay 2025 M7.7,7.7,12,7.890837669372559,0.19083766937255842,0.19083766937255842,7.612977981567383,-0.08702201843261737,0.08702201843261737,7.678816795349121,-0.021183204650879084,0.021183204650879084,7.026383399963379,-0.6736166000366213,0.6736166000366213,6.845885753631592,-0.8541142463684084,0.8541142463684084
external_development_validation,64,70.0,Mandalay 2025 M7.7,7.7,12,7.896407127380371,0.19640712738037092,0.19640712738037092,7.592702388763428,-0.10729761123657244,0.10729761123657244,7.681605339050293,-0.01839466094970721,0.01839466094970721,7.028735160827637,-0.6712648391723635,0.6712648391723635,6.848465919494629,-0.8515340805053713,0.8515340805053713
external_development_validation,65,71.0,Mandalay 2025 M7.7,7.7,12,7.902266979217529,0.20226697921752912,0.20226697921752912,7.6513166427612305,-0.04868335723876971,0.04868335723876971,7.684349060058594,-0.015650939941406428,0.015650939941406428,7.032465934753418,-0.6675340652465822,0.6675340652465822,6.85255765914917,-0.8474423408508303,0.8474423408508303
external_development_validation,66,72.0,Mandalay 2025 M7.7,7.7,12,7.908087730407715,0.20808773040771467,0.20808773040771467,7.653864860534668,-0.04613513946533221,0.04613513946533221,7.686203956604004,-0.013796043395996271,0.013796043395996271,7.035071849822998,-0.6649281501770021,0.6649281501770021,6.855414390563965,-0.8445856094360353,0.8445856094360353
external_development_validation,67,73.0,Mandalay 2025 M7.7,7.7,12,7.914491653442383,0.21449165344238263,0.21449165344238263,7.649037837982178,-0.05096216201782244,0.05096216201782244,7.6869940757751465,-0.013005924224853693,0.013005924224853693,7.03951358795166,-0.66048641204834,0.66048641204834,6.860286235809326,-0.839713764190674,0.839713764190674
external_development_validation,68,74.0,Mandalay 2025 M7.7,7.7,12,7.921767234802246,0.22176723480224592,0.22176723480224592,7.633389472961426,-0.0666105270385744,0.0666105270385744,7.690229892730713,-0.009770107269287287,0.009770107269287287,7.044841766357422,-0.6551582336425783,0.6551582336425783,6.866130828857422,-0.8338691711425783,0.8338691711425783
external_development_validation,69,75.0,Mandalay 2025 M7.7,7.7,12,7.928901195526123,0.22890119552612287,0.22890119552612287,7.615409851074219,-0.08459014892578143,0.08459014892578143,7.691219806671143,-0.0087801933288576,0.0087801933288576,7.04648494720459,-0.6535150527954103,0.6535150527954103,6.866422176361084,-0.8335778236389162,0.8335778236389162
external_development_validation,70,76.0,Mandalay 2025 M7.7,7.7,12,7.935811519622803,0.23581151962280256,0.23581151962280256,7.584033012390137,-0.11596698760986346,0.11596698760986346,7.693786144256592,-0.006213855743408381,0.006213855743408381,7.049492835998535,-0.650507164001465,0.650507164001465,6.867212295532227,-0.8327877044677736,0.8327877044677736
external_development_validation,71,77.0,Mandalay 2025 M7.7,7.7,12,7.942325115203857,0.24232511520385724,0.24232511520385724,7.543456077575684,-0.15654392242431658,0.15654392242431658,7.696147441864014,-0.0038525581359865058,0.0038525581359865058,7.05027961730957,-0.6497203826904299,0.6497203826904299,6.868076324462891,-0.8319236755371096,0.8319236755371096
external_development_validation,72,78.0,Mandalay 2025 M7.7,7.7,12,7.948970317840576,0.248970317840576,0.248970317840576,7.521085739135742,-0.178914260864258,0.178914260864258,7.695913314819336,-0.00408668518066424,0.00408668518066424,7.049440860748291,-0.6505591392517092,0.6505591392517092,6.867155075073242,-0.832844924926758,0.832844924926758
external_development_validation,73,79.0,Mandalay 2025 M7.7,7.7,12,7.954545021057129,0.25454502105712873,0.25454502105712873,7.5197601318359375,-0.18023986816406268,0.18023986816406268,7.697170257568359,-0.0028297424316408026,0.0028297424316408026,7.047286033630371,-0.6527139663696291,0.6527139663696291,6.8647871017456055,-0.8352128982543947,0.8352128982543947
external_development_validation,74,80.0,Mandalay 2025 M7.7,7.7,12,7.9606122970581055,0.2606122970581053,0.2606122970581053,7.542195796966553,-0.15780420303344744,0.15780420303344744,7.70294189453125,0.0029418945312498224,0.0029418945312498224,7.048281192779541,-0.6517188072204592,0.6517188072204592,6.865880966186523,-0.8341190338134767,0.8341190338134767
external_development_validation,75,81.0,Mandalay 2025 M7.7,7.7,12,7.9667887687683105,0.26678876876831037,0.26678876876831037,7.572837829589844,-0.12716217041015643,0.12716217041015643,7.70139217376709,0.0013921737670896661,0.0013921737670896661,7.055141448974609,-0.6448585510253908,0.6448585510253908,6.87062406539917,-0.8293759346008303,0.8293759346008303
external_development_validation,76,82.0,Mandalay 2025 M7.7,7.7,12,7.973140716552734,0.2731407165527342,0.2731407165527342,7.587333679199219,-0.11266632080078143,0.11266632080078143,7.700406074523926,0.0004060745239256036,0.0004060745239256036,7.055141448974609,-0.6448585510253908,0.6448585510253908,6.87062406539917,-0.8293759346008303,0.8293759346008303
external_development_validation,77,83.0,Mandalay 2025 M7.7,7.7,12,7.9761810302734375,0.2761810302734373,0.2761810302734373,7.583483695983887,-0.11651630401611346,0.11651630401611346,7.700091361999512,9.136199951154111e-05,9.136199951154111e-05,7.055141448974609,-0.6448585510253908,0.6448585510253908,6.87062406539917,-0.8293759346008303,0.8293759346008303
external_development_validation,78,84.0,Mandalay 2025 M7.7,7.7,12,7.979191780090332,0.27919178009033185,0.27919178009033185,7.574088096618652,-0.12591190338134783,0.12591190338134783,7.698200225830078,-0.0017997741699220526,0.0017997741699220526,7.055141448974609,-0.6448585510253908,0.6448585510253908,6.87062406539917,-0.8293759346008303,0.8293759346008303
external_development_validation,79,85.0,Mandalay 2025 M7.7,7.7,12,7.982159614562988,0.2821596145629881,0.2821596145629881,7.559462547302246,-0.14053745269775408,0.14053745269775408,7.697196006774902,-0.002803993225097834,0.002803993225097834,7.055141448974609,-0.6448585510253908,0.6448585510253908,6.87062406539917,-0.8293759346008303,0.8293759346008303
external_development_validation,80,86.0,Mandalay 2025 M7.7,7.7,12,7.985072135925293,0.2850721359252928,0.2850721359252928,7.53566837310791,-0.16433162689209002,0.16433162689209002,7.693148136138916,-0.006851863861084162,0.006851863861084162,7.055141448974609,-0.6448585510253908,0.6448585510253908,6.87062406539917,-0.8293759346008303,0.8293759346008303
external_development_validation,81,87.0,Mandalay 2025 M7.7,7.7,12,7.987931728363037,0.28793172836303693,0.28793172836303693,7.508740425109863,-0.1912595748901369,0.1912595748901369,7.692381858825684,-0.007618141174316584,0.007618141174316584,7.055141448974609,-0.6448585510253908,0.6448585510253908,6.87062406539917,-0.8293759346008303,0.8293759346008303
external_development_validation,82,88.0,Mandalay 2025 M7.7,7.7,12,7.990747451782227,0.2907474517822264,0.2907474517822264,7.491207122802734,-0.2087928771972658,0.2087928771972658,7.69257926940918,-0.00742073059082049,0.00742073059082049,7.055141448974609,-0.6448585510253908,0.6448585510253908,6.87062406539917,-0.8293759346008303,0.8293759346008303
external_development_validation,83,89.0,Mandalay 2025 M7.7,7.7,12,7.993108749389648,0.29310874938964826,0.29310874938964826,7.480178356170654,-0.21982164382934588,0.21982164382934588,7.688126564025879,-0.011873435974121271,0.011873435974121271,7.055141448974609,-0.6448585510253908,0.6448585510253908,6.87062406539917,-0.8293759346008303,0.8293759346008303
external_development_validation,84,90.0,Mandalay 2025 M7.7,7.7,12,7.993496417999268,0.2934964179992674,0.2934964179992674,7.4731764793396,-0.22682352066040057,0.22682352066040057,7.686192512512207,-0.013807487487793146,0.013807487487793146,7.055141448974609,-0.6448585510253908,0.6448585510253908,6.87062406539917,-0.8293759346008303,0.8293759346008303
external_development_validation,85,91.0,Mandalay 2025 M7.7,7.7,12,7.993070602416992,0.293070602416992,0.293070602416992,7.46796178817749,-0.23203821182250994,0.23203821182250994,7.681490898132324,-0.01850910186767596,0.01850910186767596,7.055141448974609,-0.6448585510253908,0.6448585510253908,6.87062406539917,-0.8293759346008303,0.8293759346008303
external_development_validation,86,92.0,Mandalay 2025 M7.7,7.7,12,7.990546226501465,0.29054622650146467,0.29054622650146467,7.467119216918945,-0.23288078308105487,0.23288078308105487,7.728397846221924,0.02839784622192365,0.02839784622192365,7.095879077911377,-0.6041209220886232,0.6041209220886232,6.919526100158691,-0.7804738998413088,0.7804738998413088
external_development_validation,87,93.0,Mandalay 2025 M7.7,7.7,12,7.988080978393555,0.2880809783935545,0.2880809783935545,7.4728546142578125,-0.22714538574218768,0.22714538574218768,7.729042053222656,0.029042053222656072,0.029042053222656072,7.131991386413574,-0.568008613586426,0.568008613586426,6.9542927742004395,-0.7457072257995607,0.7457072257995607
external_development_validation,88,94.0,Mandalay 2025 M7.7,7.7,12,7.985688209533691,0.28568820953369123,0.28568820953369123,7.482331275939941,-0.21766872406005877,0.21766872406005877,7.727992057800293,0.02799205780029279,0.02799205780029279,7.147378921508789,-0.5526210784912111,0.5526210784912111,6.976897239685059,-0.7231027603149416,0.7231027603149416
external_development_validation,89,95.0,Mandalay 2025 M7.7,7.7,12,7.98336124420166,0.28336124420166,0.28336124420166,7.488492965698242,-0.211507034301758,0.211507034301758,7.7264485359191895,0.026448535919189275,0.026448535919189275,7.147378921508789,-0.5526210784912111,0.5526210784912111,6.976897239685059,-0.7231027603149416,0.7231027603149416
external_development_validation,90,96.0,Mandalay 2025 M7.7,7.7,12,7.981076717376709,0.2810767173767088,0.2810767173767088,7.4837141036987305,-0.2162858963012697,0.2162858963012697,7.724800109863281,0.024800109863281072,0.024800109863281072,7.147378921508789,-0.5526210784912111,0.5526210784912111,6.976897239685059,-0.7231027603149416,0.7231027603149416
external_development_validation,91,97.0,Mandalay 2025 M7.7,7.7,12,7.978826522827148,0.27882652282714826,0.27882652282714826,7.473150253295898,-0.22684974670410174,0.22684974670410174,7.724964141845703,0.024964141845702947,0.024964141845702947,7.147378921508789,-0.5526210784912111,0.5526210784912111,6.976897239685059,-0.7231027603149416,0.7231027603149416
external_development_validation,92,98.0,Mandalay 2025 M7.7,7.7,12,7.976602077484131,0.2766020774841307,0.2766020774841307,7.462148666381836,-0.23785133361816424,0.23785133361816424,7.724695205688477,0.024695205688476385,0.024695205688476385,7.147378921508789,-0.5526210784912111,0.5526210784912111,6.976897239685059,-0.7231027603149416,0.7231027603149416
external_development_validation,93,99.0,Mandalay 2025 M7.7,7.7,12,7.974417686462402,0.27441768646240217,0.27441768646240217,7.457581520080566,-0.24241847991943377,0.24241847991943377,7.724695205688477,0.024695205688476385,0.024695205688476385,7.147378921508789,-0.5526210784912111,0.5526210784912111,6.976897239685059,-0.7231027603149416,0.7231027603149416
external_development_validation,94,100.0,Mandalay 2025 M7.7,7.7,12,7.972278594970703,0.27227859497070295,0.27227859497070295,7.45693302154541,-0.24306697845459002,0.24306697845459002,7.724695205688477,0.024695205688476385,0.024695205688476385,7.147378921508789,-0.5526210784912111,0.5526210784912111,6.976897239685059,-0.7231027603149416,0.7231027603149416
external_development_validation,95,101.0,Mandalay 2025 M7.7,7.7,12,7.970181465148926,0.2701814651489256,0.2701814651489256,7.454502105712891,-0.24549789428710955,0.24549789428710955,7.724695205688477,0.024695205688476385,0.024695205688476385,7.147378921508789,-0.5526210784912111,0.5526210784912111,6.976897239685059,-0.7231027603149416,0.7231027603149416
external_development_validation,96,102.0,Mandalay 2025 M7.7,7.7,12,7.968118190765381,0.2681181907653807,0.2681181907653807,7.450541973114014,-0.2494580268859865,0.2494580268859865,7.724695205688477,0.024695205688476385,0.024695205688476385,7.147378921508789,-0.5526210784912111,0.5526210784912111,6.976897239685059,-0.7231027603149416,0.7231027603149416
external_development_validation,97,103.0,Mandalay 2025 M7.7,7.7,12,7.9660797119140625,0.2660797119140623,0.2660797119140623,7.450285911560059,-0.24971408843994158,0.24971408843994158,7.724695205688477,0.024695205688476385,0.024695205688476385,7.147378921508789,-0.5526210784912111,0.5526210784912111,6.976897239685059,-0.7231027603149416,0.7231027603149416
external_development_validation,98,104.0,Mandalay 2025 M7.7,7.7,12,7.96405029296875,0.2640502929687498,0.2640502929687498,7.444961071014404,-0.2550389289855959,0.2550389289855959,7.724695205688477,0.024695205688476385,0.024695205688476385,7.147378921508789,-0.5526210784912111,0.5526210784912111,6.976897239685059,-0.7231027603149416,0.7231027603149416
external_development_validation,99,105.0,Mandalay 2025 M7.7,7.7,12,7.962035655975342,0.2620356559753416,0.2620356559753416,7.433464050292969,-0.2665359497070314,0.2665359497070314,7.724695205688477,0.024695205688476385,0.024695205688476385,7.147378921508789,-0.5526210784912111,0.5526210784912111,6.976897239685059,-0.7231027603149416,0.7231027603149416
external_development_validation,100,106.0,Mandalay 2025 M7.7,7.7,12,7.960057735443115,0.26005773544311506,0.26005773544311506,7.422330856323242,-0.277669143676758,0.277669143676758,7.724695205688477,0.024695205688476385,0.024695205688476385,7.147378921508789,-0.5526210784912111,0.5526210784912111,6.976897239685059,-0.7231027603149416,0.7231027603149416
external_development_validation,101,107.0,Mandalay 2025 M7.7,7.7,12,7.95811653137207,0.25811653137207013,0.25811653137207013,7.403602123260498,-0.29639787673950213,0.29639787673950213,7.724695205688477,0.024695205688476385,0.024695205688476385,7.147378921508789,-0.5526210784912111,0.5526210784912111,6.976897239685059,-0.7231027603149416,0.7231027603149416
external_development_validation,102,108.0,Mandalay 2025 M7.7,7.7,12,7.956203460693359,0.2562034606933592,0.2562034606933592,7.38004207611084,-0.31995792388916033,0.31995792388916033,7.7581257820129395,0.058125782012939275,0.058125782012939275,7.147378921508789,-0.5526210784912111,0.5526210784912111,6.976897239685059,-0.7231027603149416,0.7231027603149416
external_development_validation,103,109.0,Mandalay 2025 M7.7,7.7,12,7.954314708709717,0.2543147087097166,0.2543147087097166,7.3675432205200195,-0.33245677947998065,0.33245677947998065,7.7581257820129395,0.058125782012939275,0.058125782012939275,7.147378921508789,-0.5526210784912111,0.5526210784912111,6.976897239685059,-0.7231027603149416,0.7231027603149416
external_development_validation,104,110.0,Mandalay 2025 M7.7,7.7,12,7.952447414398193,0.2524474143981932,0.2524474143981932,7.361514568328857,-0.33848543167114276,0.33848543167114276,7.7581257820129395,0.058125782012939275,0.058125782012939275,7.147378921508789,-0.5526210784912111,0.5526210784912111,6.976897239685059,-0.7231027603149416,0.7231027603149416
external_development_validation,105,111.0,Mandalay 2025 M7.7,7.7,12,7.950601100921631,0.2506011009216307,0.2506011009216307,7.3578596115112305,-0.3421403884887697,0.3421403884887697,7.7581257820129395,0.058125782012939275,0.058125782012939275,7.175260066986084,-0.5247399330139162,0.5247399330139162,7.006839275360107,-0.6931607246398928,0.6931607246398928
external_development_validation,106,112.0,Mandalay 2025 M7.7,7.7,12,7.948790550231934,0.24879055023193342,0.24879055023193342,7.3602705001831055,-0.3397294998168947,0.3397294998168947,7.7581257820129395,0.058125782012939275,0.058125782012939275,7.175260066986084,-0.5247399330139162,0.5247399330139162,7.006839275360107,-0.6931607246398928,0.6931607246398928
external_development_validation,107,113.0,Mandalay 2025 M7.7,7.7,12,7.947023391723633,0.24702339172363263,0.24702339172363263,7.36470365524292,-0.33529634475708026,0.33529634475708026,7.7581257820129395,0.058125782012939275,0.058125782012939275,7.175260066986084,-0.5247399330139162,0.5247399330139162,7.006839275360107,-0.6931607246398928,0.6931607246398928
external_development_validation,108,114.0,Mandalay 2025 M7.7,7.7,12,7.945300102233887,0.24530010223388654,0.24530010223388654,7.371821880340576,-0.328178119659424,0.328178119659424,7.7581257820129395,0.058125782012939275,0.058125782012939275,7.175260066986084,-0.5247399330139162,0.5247399330139162,7.006839275360107,-0.6931607246398928,0.6931607246398928
external_development_validation,109,115.0,Mandalay 2025 M7.7,7.7,12,7.943606853485107,0.24360685348510724,0.24360685348510724,7.381272315979004,-0.31872768402099627,0.31872768402099627,7.7581257820129395,0.058125782012939275,0.058125782012939275,7.175260066986084,-0.5247399330139162,0.5247399330139162,7.006839275360107,-0.6931607246398928,0.6931607246398928
external_development_validation,110,116.0,Mandalay 2025 M7.7,7.7,12,7.941946029663086,0.24194602966308576,0.24194602966308576,7.388520240783691,-0.31147975921630877,0.31147975921630877,7.7581257820129395,0.058125782012939275,0.058125782012939275,7.175260066986084,-0.5247399330139162,0.5247399330139162,7.006839275360107,-0.6931607246398928,0.6931607246398928
external_development_validation,111,117.0,Mandalay 2025 M7.7,7.7,12,7.940311431884766,0.24031143188476545,0.24031143188476545,7.39532470703125,-0.3046752929687502,0.3046752929687502,7.7581257820129395,0.058125782012939275,0.058125782012939275,7.175260066986084,-0.5247399330139162,0.5247399330139162,7.006839275360107,-0.6931607246398928,0.6931607246398928
external_development_validation,112,118.0,Mandalay 2025 M7.7,7.7,12,7.938704490661621,0.23870449066162092,0.23870449066162092,7.3993239402771,-0.30067605972290057,0.30067605972290057,7.7581257820129395,0.058125782012939275,0.058125782012939275,7.175260066986084,-0.5247399330139162,0.5247399330139162,7.006839275360107,-0.6931607246398928,0.6931607246398928
external_development_validation,113,119.0,Mandalay 2025 M7.7,7.7,12,7.937135219573975,0.23713521957397443,0.23713521957397443,7.424114227294922,-0.2758857727050783,0.2758857727050783,7.7581257820129395,0.058125782012939275,0.058125782012939275,7.175260066986084,-0.5247399330139162,0.5247399330139162,7.006839275360107,-0.6931607246398928,0.6931607246398928
external_development_validation,114,120.0,Mandalay 2025 M7.7,7.7,12,7.93563985824585,0.23563985824584943,0.23563985824584943,7.458512783050537,-0.24148721694946307,0.24148721694946307,7.7581257820129395,0.058125782012939275,0.058125782012939275,7.175260066986084,-0.5247399330139162,0.5247399330139162,7.006839275360107,-0.6931607246398928,0.6931607246398928
external_development_validation,115,121.0,Mandalay 2025 M7.7,7.7,12,7.934276103973389,0.2342761039733885,0.2342761039733885,7.430713653564453,-0.26928634643554705,0.26928634643554705,7.7581257820129395,0.058125782012939275,0.058125782012939275,7.175260066986084,-0.5247399330139162,0.5247399330139162,7.006839275360107,-0.6931607246398928,0.6931607246398928
external_development_validation,116,122.0,Mandalay 2025 M7.7,7.7,12,7.933094024658203,0.23309402465820295,0.23309402465820295,7.405656814575195,-0.29434318542480487,0.29434318542480487,7.7581257820129395,0.058125782012939275,0.058125782012939275,7.175260066986084,-0.5247399330139162,0.5247399330139162,7.006839275360107,-0.6931607246398928,0.6931607246398928
external_development_validation,117,123.0,Mandalay 2025 M7.7,7.7,12,7.932109832763672,0.2321098327636717,0.2321098327636717,7.381921768188477,-0.3180782318115236,0.3180782318115236,7.7581257820129395,0.058125782012939275,0.058125782012939275,7.175260066986084,-0.5247399330139162,0.5247399330139162,7.006839275360107,-0.6931607246398928,0.6931607246398928
external_development_validation,118,124.0,Mandalay 2025 M7.7,7.7,12,7.931313991546631,0.23131399154663068,0.23131399154663068,7.372411251068115,-0.32758874893188494,0.32758874893188494,7.7581257820129395,0.058125782012939275,0.058125782012939275,7.175260066986084,-0.5247399330139162,0.5247399330139162,7.006839275360107,-0.6931607246398928,0.6931607246398928
external_development_validation,119,125.0,Mandalay 2025 M7.7,7.7,12,7.93068790435791,0.23068790435790998,0.23068790435790998,7.375385284423828,-0.32461471557617205,0.32461471557617205,7.763700485229492,0.06370048522949201,0.06370048522949201,7.175260066986084,-0.5247399330139162,0.5247399330139162,7.006839275360107,-0.6931607246398928,0.6931607246398928
external_development_validation,120,126.0,Mandalay 2025 M7.7,7.7,12,7.930208206176758,0.23020820617675763,0.23020820617675763,7.368739604949951,-0.331260395050049,0.331260395050049,7.763700485229492,0.06370048522949201,0.06370048522949201,7.175260066986084,-0.5247399330139162,0.5247399330139162,7.006839275360107,-0.6931607246398928,0.6931607246398928
external_development_validation,121,127.0,Mandalay 2025 M7.7,7.7,12,7.929844856262207,0.22984485626220685,0.22984485626220685,7.3622260093688965,-0.3377739906311037,0.3377739906311037,7.763700485229492,0.06370048522949201,0.06370048522949201,7.175260066986084,-0.5247399330139162,0.5247399330139162,7.006839275360107,-0.6931607246398928,0.6931607246398928
external_development_validation,122,128.0,Mandalay 2025 M7.7,7.7,12,7.929555892944336,0.22955589294433576,0.22955589294433576,7.3966474533081055,-0.3033525466918947,0.3033525466918947,7.763700485229492,0.06370048522949201,0.06370048522949201,7.191837310791016,-0.5081626892089846,0.5081626892089846,7.024346351623535,-0.675653648376465,0.675653648376465
external_development_validation,123,129.0,Mandalay 2025 M7.7,7.7,12,7.929288864135742,0.229288864135742,0.229288864135742,7.392258644104004,-0.30774135589599627,0.30774135589599627,7.763700485229492,0.06370048522949201,0.06370048522949201,7.191837310791016,-0.5081626892089846,0.5081626892089846,7.024346351623535,-0.675653648376465,0.675653648376465
external_development_validation,124,130.0,Mandalay 2025 M7.7,7.7,12,7.929011344909668,0.2290113449096678,0.2290113449096678,7.410872459411621,-0.2891275405883791,0.2891275405883791,7.763700485229492,0.06370048522949201,0.06370048522949201,7.191837310791016,-0.5081626892089846,0.5081626892089846,7.024346351623535,-0.675653648376465,0.675653648376465
external_development_validation,125,131.0,Mandalay 2025 M7.7,7.7,12,7.93843936920166,0.23843936920165998,0.23843936920165998,7.416341781616211,-0.28365821838378924,0.28365821838378924,7.791087627410889,0.0910876274108885,0.0910876274108885,7.191837310791016,-0.5081626892089846,0.5081626892089846,7.024346351623535,-0.675653648376465,0.675653648376465
external_development_validation,126,132.0,Mandalay 2025 M7.7,7.7,12,7.9388628005981445,0.23886280059814435,0.23886280059814435,7.424069404602051,-0.2759305953979494,0.2759305953979494,7.791087627410889,0.0910876274108885,0.0910876274108885,7.191837310791016,-0.5081626892089846,0.5081626892089846,7.024346351623535,-0.675653648376465,0.675653648376465
external_development_validation,127,133.0,Mandalay 2025 M7.7,7.7,12,7.94044303894043,0.2404430389404295,0.2404430389404295,7.4209699630737305,-0.2790300369262697,0.2790300369262697,7.791087627410889,0.0910876274108885,0.0910876274108885,7.191837310791016,-0.5081626892089846,0.5081626892089846,7.024346351623535,-0.675653648376465,0.675653648376465
external_development_validation,128,134.0,Mandalay 2025 M7.7,7.7,12,7.947778701782227,0.24777870178222638,0.24777870178222638,7.4017252922058105,-0.29827470779418963,0.29827470779418963,7.791087627410889,0.0910876274108885,0.0910876274108885,7.2082366943359375,-0.4917633056640627,0.4917633056640627,7.040943145751953,-0.659056854248047,0.659056854248047
external_development_validation,129,135.0,Mandalay 2025 M7.7,7.7,12,7.953336715698242,0.253336715698242,0.253336715698242,7.376084804534912,-0.32391519546508807,0.32391519546508807,7.83986759185791,0.13986759185790998,0.13986759185790998,7.245379447937012,-0.45462055206298846,0.45462055206298846,7.084307670593262,-0.6156923294067385,0.6156923294067385
external_development_validation,130,136.0,Mandalay 2025 M7.7,7.7,12,7.954268455505371,0.2542684555053709,0.2542684555053709,7.404256820678711,-0.29574317932128924,0.29574317932128924,7.83986759185791,0.13986759185790998,0.13986759185790998,7.245379447937012,-0.45462055206298846,0.45462055206298846,7.084307670593262,-0.6156923294067385,0.6156923294067385
external_development_validation,131,137.0,Mandalay 2025 M7.7,7.7,12,7.955188274383545,0.25518827438354474,0.25518827438354474,7.431604385375977,-0.2683956146240236,0.2683956146240236,7.83986759185791,0.13986759185790998,0.13986759185790998,7.245379447937012,-0.45462055206298846,0.45462055206298846,7.084307670593262,-0.6156923294067385,0.6156923294067385
external_development_validation,132,138.0,Mandalay 2025 M7.7,7.7,12,7.956099987030029,0.2560999870300291,0.2560999870300291,7.467294216156006,-0.23270578384399432,0.23270578384399432,7.840222358703613,0.1402223587036131,0.1402223587036131,7.245379447937012,-0.45462055206298846,0.45462055206298846,7.084307670593262,-0.6156923294067385,0.6156923294067385
external_development_validation,133,139.0,Mandalay 2025 M7.7,7.7,12,7.956995010375977,0.2569950103759764,0.2569950103759764,7.506831645965576,-0.193168354034424,0.193168354034424,7.840222358703613,0.1402223587036131,0.1402223587036131,7.256388187408447,-0.4436118125915529,0.4436118125915529,7.096346855163574,-0.603653144836426,0.603653144836426
external_development_validation,134,140.0,Mandalay 2025 M7.7,7.7,12,7.957854747772217,0.2578547477722166,0.2578547477722166,7.537134170532227,-0.16286582946777362,0.16286582946777362,7.840222358703613,0.1402223587036131,0.1402223587036131,7.256388187408447,-0.4436118125915529,0.4436118125915529,7.096346855163574,-0.603653144836426,0.603653144836426
external_development_validation,135,141.0,Mandalay 2025 M7.7,7.7,12,7.958646774291992,0.258646774291992,0.258646774291992,7.559569835662842,-0.14043016433715838,0.14043016433715838,7.840222358703613,0.1402223587036131,0.1402223587036131,7.257942199707031,-0.4420578002929689,0.4420578002929689,7.09804630279541,-0.60195369720459,0.60195369720459
external_development_validation,136,142.0,Mandalay 2025 M7.7,7.7,12,7.959353446960449,0.25935344696044904,0.25935344696044904,7.534688472747803,-0.16531152725219744,0.16531152725219744,7.840222358703613,0.1402223587036131,0.1402223587036131,7.257942199707031,-0.4420578002929689,0.4420578002929689,7.09804630279541,-0.60195369720459,0.60195369720459
external_development_validation,137,143.0,Mandalay 2025 M7.7,7.7,12,7.960014343261719,0.2600143432617186,0.2600143432617186,7.526900768280029,-0.17309923171997088,0.17309923171997088,7.840222358703613,0.1402223587036131,0.1402223587036131,7.257942199707031,-0.4420578002929689,0.4420578002929689,7.09804630279541,-0.60195369720459,0.60195369720459
external_development_validation,138,144.0,Mandalay 2025 M7.7,7.7,12,7.960694313049316,0.26069431304931623,0.26069431304931623,7.513064384460449,-0.18693561553955096,0.18693561553955096,7.840222358703613,0.1402223587036131,0.1402223587036131,7.320335865020752,-0.3796641349792482,0.3796641349792482,7.162874221801758,-0.5371257781982424,0.5371257781982424
external_development_validation,139,145.0,Mandalay 2025 M7.7,7.7,12,7.9614176750183105,0.26141767501831037,0.26141767501831037,7.5042548179626465,-0.1957451820373537,0.1957451820373537,7.840222358703613,0.1402223587036131,0.1402223587036131,7.322587013244629,-0.37741298675537127,0.37741298675537127,7.165325164794922,-0.5346748352050783,0.5346748352050783
external_development_validation,140,146.0,Mandalay 2025 M7.7,7.7,12,7.962014675140381,0.2620146751403807,0.2620146751403807,7.485803604125977,-0.21419639587402362,0.21419639587402362,7.840222358703613,0.1402223587036131,0.1402223587036131,7.322587013244629,-0.37741298675537127,0.37741298675537127,7.165325164794922,-0.5346748352050783,0.5346748352050783
external_development_validation,141,147.0,Mandalay 2025 M7.7,7.7,12,7.961095333099365,0.26109533309936506,0.26109533309936506,7.476446151733398,-0.22355384826660174,0.22355384826660174,7.842194557189941,0.14219455718994123,0.14219455718994123,7.3285932540893555,-0.3714067459106447,0.3714067459106447,7.176033973693848,-0.5239660263061525,0.5239660263061525
external_development_validation,142,148.0,Mandalay 2025 M7.7,7.7,12,7.960156440734863,0.2601564407348631,0.2601564407348631,7.491612911224365,-0.20838708877563494,0.20838708877563494,7.844602584838867,0.144602584838867,0.144602584838867,7.3285932540893555,-0.3714067459106447,0.3714067459106447,7.176033973693848,-0.5239660263061525,0.5239660263061525
external_development_validation,143,149.0,Mandalay 2025 M7.7,7.7,12,7.959227561950684,0.2592275619506834,0.2592275619506834,7.53685188293457,-0.16314811706542987,0.16314811706542987,7.853383541107178,0.15338354110717756,0.15338354110717756,7.3285932540893555,-0.3714067459106447,0.3714067459106447,7.176033973693848,-0.5239660263061525,0.5239660263061525
external_development_validation,144,150.0,Mandalay 2025 M7.7,7.7,12,7.958353042602539,0.2583530426025389,0.2583530426025389,7.609124183654785,-0.09087581634521502,0.09087581634521502,7.865837574005127,0.16583757400512678,0.16583757400512678,7.3285932540893555,-0.3714067459106447,0.3714067459106447,7.176033973693848,-0.5239660263061525,0.5239660263061525
external_development_validation,145,151.0,Mandalay 2025 M7.7,7.7,12,7.957538604736328,0.25753860473632795,0.25753860473632795,7.67322301864624,-0.026776981353759943,0.026776981353759943,7.881680488586426,0.1816804885864256,0.1816804885864256,7.340484619140625,-0.3595153808593752,0.3595153808593752,7.182871341705322,-0.5171286582946779,0.5171286582946779
external_development_validation,146,152.0,Mandalay 2025 M7.7,7.7,12,7.956738471984863,0.2567384719848631,0.2567384719848631,7.6978678703308105,-0.0021321296691896308,0.0021321296691896308,7.885112762451172,0.1851127624511717,0.1851127624511717,7.376197338104248,-0.32380266189575213,0.32380266189575213,7.222799777984619,-0.47720022201538104,0.47720022201538104
external_development_validation,147,153.0,Mandalay 2025 M7.7,7.7,12,7.955904960632324,0.25590496063232404,0.25590496063232404,7.696343898773193,-0.0036561012268068183,0.0036561012268068183,7.885112762451172,0.1851127624511717,0.1851127624511717,7.376197338104248,-0.32380266189575213,0.32380266189575213,7.222799777984619,-0.47720022201538104,0.47720022201538104
external_development_validation,148,154.0,Mandalay 2025 M7.7,7.7,12,7.955066204071045,0.25506620407104474,0.25506620407104474,7.692866325378418,-0.007133674621582209,0.007133674621582209,7.885112762451172,0.1851127624511717,0.1851127624511717,7.376197338104248,-0.32380266189575213,0.32380266189575213,7.222799777984619,-0.47720022201538104,0.47720022201538104
external_development_validation,149,155.0,Mandalay 2025 M7.7,7.7,12,7.955077648162842,0.2550776481628416,0.2550776481628416,7.706342697143555,0.00634269714355451,0.00634269714355451,7.891679763793945,0.19167976379394513,0.19167976379394513,7.376197338104248,-0.32380266189575213,0.32380266189575213,7.225043296813965,-0.47495670318603533,0.47495670318603533
external_development_validation,150,156.0,Mandalay 2025 M7.7,7.7,12,7.968257904052734,0.2682579040527342,0.2682579040527342,7.723757743835449,0.02375774383544904,0.02375774383544904,7.903953552246094,0.20395355224609357,0.20395355224609357,7.376197338104248,-0.32380266189575213,0.32380266189575213,7.225043296813965,-0.47495670318603533,0.47495670318603533
external_development_validation,151,157.0,Mandalay 2025 M7.7,7.7,12,7.9677839279174805,0.2677839279174803,0.2677839279174803,7.739255905151367,0.03925590515136701,0.03925590515136701,7.903953552246094,0.20395355224609357,0.20395355224609357,7.376197338104248,-0.32380266189575213,0.32380266189575213,7.225043296813965,-0.47495670318603533,0.47495670318603533
external_development_validation,152,158.0,Mandalay 2025 M7.7,7.7,12,7.967475891113281,0.2674758911132811,0.2674758911132811,7.769677639007568,0.06967763900756818,0.06967763900756818,7.903953552246094,0.20395355224609357,0.20395355224609357,7.376197338104248,-0.32380266189575213,0.32380266189575213,7.225043296813965,-0.47495670318603533,0.47495670318603533
external_development_validation,153,159.0,Mandalay 2025 M7.7,7.7,12,7.967429161071777,0.26742916107177717,0.26742916107177717,7.824887275695801,0.1248872756958006,0.1248872756958006,7.903953552246094,0.20395355224609357,0.20395355224609357,7.376197338104248,-0.32380266189575213,0.32380266189575213,7.225043296813965,-0.47495670318603533,0.47495670318603533
external_development_validation,154,160.0,Mandalay 2025 M7.7,7.7,12,7.9698686599731445,0.26986865997314435,0.26986865997314435,7.87589168548584,0.17589168548583967,0.17589168548583967,7.903953552246094,0.20395355224609357,0.20395355224609357,7.376197338104248,-0.32380266189575213,0.32380266189575213,7.225043296813965,-0.47495670318603533,0.47495670318603533
external_development_validation,155,161.0,Mandalay 2025 M7.7,7.7,12,7.9692702293396,0.26927022933959943,0.26927022933959943,7.955601692199707,0.25560169219970685,0.25560169219970685,7.903953552246094,0.20395355224609357,0.20395355224609357,7.376197338104248,-0.32380266189575213,0.32380266189575213,7.225043296813965,-0.47495670318603533,0.47495670318603533
external_development_validation,156,162.0,Mandalay 2025 M7.7,7.7,12,7.968992233276367,0.268992233276367,0.268992233276367,8.042795181274414,0.3427951812744139,0.3427951812744139,7.903953552246094,0.20395355224609357,0.20395355224609357,7.376197338104248,-0.32380266189575213,0.32380266189575213,7.225043296813965,-0.47495670318603533,0.47495670318603533
external_development_validation,157,163.0,Mandalay 2025 M7.7,7.7,12,7.969934463500977,0.2699344635009764,0.2699344635009764,8.035858154296875,0.3358581542968748,0.3358581542968748,7.903953552246094,0.20395355224609357,0.20395355224609357,7.376197338104248,-0.32380266189575213,0.32380266189575213,7.225043296813965,-0.47495670318603533,0.47495670318603533
external_development_validation,158,164.0,Mandalay 2025 M7.7,7.7,12,7.970922470092773,0.27092247009277326,0.27092247009277326,8.003511428833008,0.30351142883300763,0.30351142883300763,7.903953552246094,0.20395355224609357,0.20395355224609357,7.376197338104248,-0.32380266189575213,0.32380266189575213,7.225043296813965,-0.47495670318603533,0.47495670318603533
external_development_validation,159,165.0,Mandalay 2025 M7.7,7.7,12,7.971784591674805,0.2717845916748045,0.2717845916748045,7.962085723876953,0.26208572387695295,0.26208572387695295,7.903953552246094,0.20395355224609357,0.20395355224609357,7.376197338104248,-0.32380266189575213,0.32380266189575213,7.225043296813965,-0.47495670318603533,0.47495670318603533
external_development_validation,160,166.0,Mandalay 2025 M7.7,7.7,12,7.972415924072266,0.27241592407226545,0.27241592407226545,7.917304515838623,0.21730451583862287,0.21730451583862287,7.903953552246094,0.20395355224609357,0.20395355224609357,7.376197338104248,-0.32380266189575213,0.32380266189575213,7.225043296813965,-0.47495670318603533,0.47495670318603533
external_development_validation,161,167.0,Mandalay 2025 M7.7,7.7,12,7.972898006439209,0.2728980064392088,0.2728980064392088,7.88532829284668,0.1853282928466795,0.1853282928466795,7.903953552246094,0.20395355224609357,0.20395355224609357,7.376197338104248,-0.32380266189575213,0.32380266189575213,7.225043296813965,-0.47495670318603533,0.47495670318603533
external_development_validation,162,168.0,Mandalay 2025 M7.7,7.7,12,7.973379135131836,0.27337913513183576,0.27337913513183576,7.873017311096191,0.17301731109619123,0.17301731109619123,7.903953552246094,0.20395355224609357,0.20395355224609357,7.376197338104248,-0.32380266189575213,0.32380266189575213,7.225043296813965,-0.47495670318603533,0.47495670318603533
external_development_validation,163,169.0,Mandalay 2025 M7.7,7.7,12,7.974029064178467,0.2740290641784666,0.2740290641784666,7.9041032791137695,0.20410327911376935,0.20410327911376935,7.903953552246094,0.20395355224609357,0.20395355224609357,7.376197338104248,-0.32380266189575213,0.32380266189575213,7.225043296813965,-0.47495670318603533,0.47495670318603533
external_development_validation,164,170.0,Mandalay 2025 M7.7,7.7,12,7.975735664367676,0.2757356643676756,0.2757356643676756,8.016119003295898,0.31611900329589826,0.31611900329589826,7.903953552246094,0.20395355224609357,0.20395355224609357,7.376197338104248,-0.32380266189575213,0.32380266189575213,7.225043296813965,-0.47495670318603533,0.47495670318603533
external_development_validation,165,171.0,Mandalay 2025 M7.7,7.7,12,7.9999589920043945,0.29995899200439435,0.29995899200439435,8.081199645996094,0.3811996459960936,0.3811996459960936,7.903953552246094,0.20395355224609357,0.20395355224609357,7.377859115600586,-0.32214088439941424,0.32214088439941424,7.226138114929199,-0.47386188507080096,0.47386188507080096
external_development_validation,166,172.0,Mandalay 2025 M7.7,7.7,12,8.005857467651367,0.305857467651367,0.305857467651367,8.13117504119873,0.4311750411987303,0.4311750411987303,7.903953552246094,0.20395355224609357,0.20395355224609357,7.3952107429504395,-0.3047892570495607,0.3047892570495607,7.246772766113281,-0.4532272338867189,0.4532272338867189
external_development_validation,167,173.0,Mandalay 2025 M7.7,7.7,12,8.005934715270996,0.3059347152709959,0.3059347152709959,8.17430305480957,0.47430305480957013,0.47430305480957013,7.910728931427002,0.21072893142700178,0.21072893142700178,7.3952107429504395,-0.3047892570495607,0.3047892570495607,7.246899127960205,-0.4531008720397951,0.4531008720397951
external_development_validation,168,174.0,Mandalay 2025 M7.7,7.7,12,8.008455276489258,0.30845527648925763,0.30845527648925763,8.195280075073242,0.495280075073242,0.495280075073242,7.926803112030029,0.22680311203002912,0.22680311203002912,7.3952107429504395,-0.3047892570495607,0.3047892570495607,7.246899127960205,-0.4531008720397951,0.4531008720397951
external_development_validation,169,175.0,Mandalay 2025 M7.7,7.7,12,8.011137008666992,0.311137008666992,0.311137008666992,8.1981840133667,0.49818401336669904,0.49818401336669904,7.926803112030029,0.22680311203002912,0.22680311203002912,7.3952107429504395,-0.3047892570495607,0.3047892570495607,7.246899127960205,-0.4531008720397951,0.4531008720397951
external_development_validation,170,176.0,Mandalay 2025 M7.7,7.7,12,8.013877868652344,0.3138778686523436,0.3138778686523436,8.193013191223145,0.49301319122314435,0.49301319122314435,7.926803112030029,0.22680311203002912,0.22680311203002912,7.3952107429504395,-0.3047892570495607,0.3047892570495607,7.246899127960205,-0.4531008720397951,0.4531008720397951
external_development_validation,171,177.0,Mandalay 2025 M7.7,7.7,12,8.016462326049805,0.3164623260498045,0.3164623260498045,8.152263641357422,0.4522636413574217,0.4522636413574217,7.926803112030029,0.22680311203002912,0.22680311203002912,7.3952107429504395,-0.3047892570495607,0.3047892570495607,7.246899127960205,-0.4531008720397951,0.4531008720397951
external_development_validation,172,178.0,Mandalay 2025 M7.7,7.7,12,8.018387794494629,0.31838779449462873,0.31838779449462873,8.049850463867188,0.3498504638671873,0.3498504638671873,7.926803112030029,0.22680311203002912,0.22680311203002912,7.3952107429504395,-0.3047892570495607,0.3047892570495607,7.246899127960205,-0.4531008720397951,0.4531008720397951
external_development_validation,173,179.0,Mandalay 2025 M7.7,7.7,12,8.01968002319336,0.3196800231933592,0.3196800231933592,7.943442344665527,0.24344234466552717,0.24344234466552717,7.926803112030029,0.22680311203002912,0.22680311203002912,7.3952107429504395,-0.3047892570495607,0.3047892570495607,7.246899127960205,-0.4531008720397951,0.4531008720397951
external_development_validation,174,180.0,Mandalay 2025 M7.7,7.7,12,8.020853042602539,0.3208530426025389,0.3208530426025389,7.886744976043701,0.186744976043701,0.186744976043701,7.926803112030029,0.22680311203002912,0.22680311203002912,7.3952107429504395,-0.3047892570495607,0.3047892570495607,7.246899127960205,-0.4531008720397951,0.4531008720397951
external_development_validation,175,181.0,Mandalay 2025 M7.7,7.7,12,8.022112846374512,0.32211284637451154,0.32211284637451154,7.871526718139648,0.17152671813964826,0.17152671813964826,7.926928997039795,0.22692899703979474,0.22692899703979474,7.3952107429504395,-0.3047892570495607,0.3047892570495607,7.246899127960205,-0.4531008720397951,0.4531008720397951
external_development_validation,176,182.0,Mandalay 2025 M7.7,7.7,12,8.02344799041748,0.3234479904174803,0.3234479904174803,7.874047756195068,0.17404775619506818,0.17404775619506818,7.931671142578125,0.23167114257812482,0.23167114257812482,7.473424911499023,-0.22657508850097674,0.22657508850097674,7.3296356201171875,-0.3703643798828127,0.3703643798828127
external_development_validation,177,183.0,Mandalay 2025 M7.7,7.7,12,8.024744033813477,0.3247440338134764,0.3247440338134764,7.878822326660156,0.17882232666015607,0.17882232666015607,7.931818962097168,0.2318189620971678,0.2318189620971678,7.47362756729126,-0.2263724327087404,0.2263724327087404,7.329856872558594,-0.3701431274414064,0.3701431274414064
external_development_validation,178,184.0,Mandalay 2025 M7.7,7.7,12,8.025697708129883,0.32569770812988263,0.32569770812988263,7.868273735046387,0.16827373504638654,0.16827373504638654,7.931818962097168,0.2318189620971678,0.2318189620971678,7.47362756729126,-0.2263724327087404,0.2263724327087404,7.329856872558594,-0.3701431274414064,0.3701431274414064
external_development_validation,179,185.0,Mandalay 2025 M7.7,7.7,12,8.026012420654297,0.3260124206542967,0.3260124206542967,7.840480327606201,0.140480327606201,0.140480327606201,7.937506675720215,0.23750667572021467,0.23750667572021467,7.480879783630371,-0.21912021636962908,0.21912021636962908,7.3384270668029785,-0.36157293319702166,0.36157293319702166
external_development_validation,180,186.0,Mandalay 2025 M7.7,7.7,12,8.03528881072998,0.3352888107299803,0.3352888107299803,7.816362380981445,0.11636238098144513,0.11636238098144513,7.937506675720215,0.23750667572021467,0.23750667572021467,7.480879783630371,-0.21912021636962908,0.21912021636962908,7.340241432189941,-0.35975856781005877,0.35975856781005877
external_development_validation,181,187.0,Mandalay 2025 M7.7,7.7,12,8.0403470993042,0.34034709930419904,0.34034709930419904,7.817758083343506,0.11775808334350568,0.11775808334350568,7.937506675720215,0.23750667572021467,0.23750667572021467,7.480879783630371,-0.21912021636962908,0.21912021636962908,7.340241432189941,-0.35975856781005877,0.35975856781005877
external_development_validation,182,188.0,Mandalay 2025 M7.7,7.7,12,8.045881271362305,0.3458812713623045,0.3458812713623045,7.837614059448242,0.137614059448242,0.137614059448242,7.937506675720215,0.23750667572021467,0.23750667572021467,7.480879783630371,-0.21912021636962908,0.21912021636962908,7.340241432189941,-0.35975856781005877,0.35975856781005877
external_development_validation,183,189.0,Mandalay 2025 M7.7,7.7,12,8.048358917236328,0.34835891723632795,0.34835891723632795,7.862030029296875,0.16203002929687482,0.16203002929687482,7.937506675720215,0.23750667572021467,0.23750667572021467,7.480879783630371,-0.21912021636962908,0.21912021636962908,7.340241432189941,-0.35975856781005877,0.35975856781005877
external_development_validation,184,190.0,Mandalay 2025 M7.7,7.7,12,8.050956726074219,0.3509567260742186,0.3509567260742186,7.887439250946045,0.18743925094604474,0.18743925094604474,7.937506675720215,0.23750667572021467,0.23750667572021467,7.493462562561035,-0.20653743743896502,0.20653743743896502,7.350693702697754,-0.34930629730224627,0.34930629730224627
external_development_validation,185,191.0,Mandalay 2025 M7.7,7.7,12,8.05368709564209,0.35368709564208967,0.35368709564208967,7.885318756103516,0.18531875610351545,0.18531875610351545,7.937506675720215,0.23750667572021467,0.23750667572021467,7.493462562561035,-0.20653743743896502,0.20653743743896502,7.350693702697754,-0.34930629730224627,0.34930629730224627
external_development_validation,186,192.0,Mandalay 2025 M7.7,7.7,12,8.056456565856934,0.3564565658569334,0.3564565658569334,7.869749069213867,0.169749069213867,0.169749069213867,7.937506675720215,0.23750667572021467,0.23750667572021467,7.493462562561035,-0.20653743743896502,0.20653743743896502,7.350693702697754,-0.34930629730224627,0.34930629730224627
external_development_validation,187,193.0,Mandalay 2025 M7.7,7.7,12,8.059170722961426,0.3591707229614256,0.3591707229614256,7.796029567718506,0.09602956771850568,0.09602956771850568,7.937506675720215,0.23750667572021467,0.23750667572021467,7.493462562561035,-0.20653743743896502,0.20653743743896502,7.350693702697754,-0.34930629730224627,0.34930629730224627
external_development_validation,188,194.0,Mandalay 2025 M7.7,7.7,12,8.061800003051758,0.36180000305175763,0.36180000305175763,7.711818218231201,0.011818218231200994,0.011818218231200994,7.937506675720215,0.23750667572021467,0.23750667572021467,7.493462562561035,-0.20653743743896502,0.20653743743896502,7.350693702697754,-0.34930629730224627,0.34930629730224627
external_development_validation,189,195.0,Mandalay 2025 M7.7,7.7,12,8.060723304748535,0.360723304748535,0.360723304748535,7.669252395629883,-0.030747604370117365,0.030747604370117365,7.940892219543457,0.24089221954345685,0.24089221954345685,7.535261631011963,-0.1647383689880373,0.1647383689880373,7.394988059997559,-0.3050119400024416,0.3050119400024416
external_development_validation,190,196.0,Mandalay 2025 M7.7,7.7,12,8.057815551757812,0.3578155517578123,0.3578155517578123,7.665663719177246,-0.034336280822754084,0.034336280822754084,7.940892219543457,0.24089221954345685,0.24089221954345685,7.535261631011963,-0.1647383689880373,0.1647383689880373,7.394988059997559,-0.3050119400024416,0.3050119400024416
external_development_validation,191,197.0,Mandalay 2025 M7.7,7.7,12,8.054985046386719,0.3549850463867186,0.3549850463867186,7.675618648529053,-0.024381351470947443,0.024381351470947443,7.940892219543457,0.24089221954345685,0.24089221954345685,7.535261631011963,-0.1647383689880373,0.1647383689880373,7.394988059997559,-0.3050119400024416,0.3050119400024416
external_development_validation,192,198.0,Mandalay 2025 M7.7,7.7,12,8.052265167236328,0.35226516723632795,0.35226516723632795,7.684895992279053,-0.015104007720947443,0.015104007720947443,7.940892219543457,0.24089221954345685,0.24089221954345685,7.535261631011963,-0.1647383689880373,0.1647383689880373,7.394988059997559,-0.3050119400024416,0.3050119400024416
external_development_validation,193,199.0,Mandalay 2025 M7.7,7.7,12,8.049642562866211,0.34964256286621076,0.34964256286621076,7.699251174926758,-0.0007488250732423651,0.0007488250732423651,7.940892219543457,0.24089221954345685,0.24089221954345685,7.535261631011963,-0.1647383689880373,0.1647383689880373,7.394988059997559,-0.3050119400024416,0.3050119400024416
external_development_validation,194,200.0,Mandalay 2025 M7.7,7.7,12,8.047061920166016,0.34706192016601545,0.34706192016601545,7.714224815368652,0.014224815368652166,0.014224815368652166,7.940892219543457,0.24089221954345685,0.24089221954345685,7.535261631011963,-0.1647383689880373,0.1647383689880373,7.394988059997559,-0.3050119400024416,0.3050119400024416
external_development_validation,195,201.0,Mandalay 2025 M7.7,7.7,12,8.044456481933594,0.3444564819335936,0.3444564819335936,7.724660873413086,0.02466087341308576,0.02466087341308576,7.940892219543457,0.24089221954345685,0.24089221954345685,7.535261631011963,-0.1647383689880373,0.1647383689880373,7.394988059997559,-0.3050119400024416,0.3050119400024416
external_development_validation,196,202.0,Mandalay 2025 M7.7,7.7,12,8.04177188873291,0.34177188873291,0.34177188873291,7.724208354949951,0.024208354949950994,0.024208354949950994,7.940892219543457,0.24089221954345685,0.24089221954345685,7.535261631011963,-0.1647383689880373,0.1647383689880373,7.394988059997559,-0.3050119400024416,0.3050119400024416
external_development_validation,197,203.0,Mandalay 2025 M7.7,7.7,12,8.0389404296875,0.3389404296874998,0.3389404296874998,7.708460807800293,0.008460807800292791,0.008460807800292791,7.940892219543457,0.24089221954345685,0.24089221954345685,7.535261631011963,-0.1647383689880373,0.1647383689880373,7.394988059997559,-0.3050119400024416,0.3050119400024416
external_development_validation,198,204.0,Mandalay 2025 M7.7,7.7,12,8.035904884338379,0.33590488433837873,0.33590488433837873,7.685961723327637,-0.014038276672363459,0.014038276672363459,7.940892219543457,0.24089221954345685,0.24089221954345685,7.535261631011963,-0.1647383689880373,0.1647383689880373,7.394988059997559,-0.3050119400024416,0.3050119400024416
external_development_validation,199,205.0,Mandalay 2025 M7.7,7.7,12,8.032693862915039,0.3326938629150389,0.3326938629150389,7.664117336273193,-0.03588266372680682,0.03588266372680682,7.940892219543457,0.24089221954345685,0.24089221954345685,7.535261631011963,-0.1647383689880373,0.1647383689880373,7.394988059997559,-0.3050119400024416,0.3050119400024416
external_development_validation,200,206.0,Mandalay 2025 M7.7,7.7,12,8.029411315917969,0.3294113159179686,0.3294113159179686,7.652294158935547,-0.0477058410644533,0.0477058410644533,7.940892219543457,0.24089221954345685,0.24089221954345685,7.535261631011963,-0.1647383689880373,0.1647383689880373,7.394988059997559,-0.3050119400024416,0.3050119400024416
external_development_validation,20,26.0,Nepal 2015 M7.3,7.3,5,6.559476375579834,-0.7405236244201658,0.7405236244201658,8.797828674316406,1.4978286743164064,1.4978286743164064,6.557373046875,-0.7426269531249998,0.7426269531249998,6.160529136657715,-1.139470863342285,1.139470863342285,5.8891777992248535,-1.4108222007751463,1.4108222007751463
external_development_validation,21,27.0,Nepal 2015 M7.3,7.3,5,6.56638240814209,-0.73361759185791,0.73361759185791,8.781241416931152,1.4812414169311525,1.4812414169311525,6.60185432434082,-0.6981456756591795,0.6981456756591795,6.310037136077881,-0.989962863922119,0.989962863922119,6.052719593048096,-1.2472804069519041,1.2472804069519041
external_development_validation,22,28.0,Nepal 2015 M7.3,7.3,5,6.574859619140625,-0.7251403808593748,0.7251403808593748,8.704619407653809,1.4046194076538088,1.4046194076538088,6.80621862411499,-0.4937813758850096,0.4937813758850096,6.335708141326904,-0.9642918586730955,0.9642918586730955,6.0804266929626465,-1.2195733070373533,1.2195733070373533
external_development_validation,23,29.0,Nepal 2015 M7.3,7.3,5,6.584462642669678,-0.7155373573303221,0.7155373573303221,8.658011436462402,1.3580114364624025,1.3580114364624025,6.80621862411499,-0.4937813758850096,0.4937813758850096,6.335708141326904,-0.9642918586730955,0.9642918586730955,6.0804266929626465,-1.2195733070373533,1.2195733070373533
external_development_validation,24,30.0,Nepal 2015 M7.3,7.3,5,6.816065788269043,-0.48393421173095685,0.48393421173095685,8.599031448364258,1.299031448364258,1.299031448364258,6.80621862411499,-0.4937813758850096,0.4937813758850096,6.335708141326904,-0.9642918586730955,0.9642918586730955,6.0804266929626465,-1.2195733070373533,1.2195733070373533
external_development_validation,25,31.0,Nepal 2015 M7.3,7.3,5,6.820915222167969,-0.4790847778320311,0.4790847778320311,8.582789421081543,1.2827894210815431,1.2827894210815431,6.80621862411499,-0.4937813758850096,0.4937813758850096,6.335708141326904,-0.9642918586730955,0.9642918586730955,6.0804266929626465,-1.2195733070373533,1.2195733070373533
external_development_validation,26,32.0,Nepal 2015 M7.3,7.3,5,6.826104640960693,-0.47389535903930646,0.47389535903930646,8.49734878540039,1.1973487854003908,1.1973487854003908,6.80621862411499,-0.4937813758850096,0.4937813758850096,6.52916955947876,-0.7708304405212401,0.7708304405212401,6.283437728881836,-1.0165622711181639,1.0165622711181639
external_development_validation,27,33.0,Nepal 2015 M7.3,7.3,5,6.830796718597412,-0.4692032814025877,0.4692032814025877,8.366499900817871,1.0664999008178713,1.0664999008178713,6.80621862411499,-0.4937813758850096,0.4937813758850096,6.52916955947876,-0.7708304405212401,0.7708304405212401,6.283437728881836,-1.0165622711181639,1.0165622711181639
external_development_validation,28,34.0,Nepal 2015 M7.3,7.3,5,6.899336814880371,-0.40066318511962873,0.40066318511962873,8.31937313079834,1.01937313079834,1.01937313079834,6.893804550170898,-0.4061954498291014,0.4061954498291014,6.752513408660889,-0.5474865913391112,0.5474865913391112,6.522304058074951,-0.7776959419250487,0.7776959419250487
external_development_validation,29,35.0,Nepal 2015 M7.3,7.3,5,6.904860496520996,-0.39513950347900373,0.39513950347900373,8.277605056762695,0.9776050567626955,0.9776050567626955,6.893804550170898,-0.4061954498291014,0.4061954498291014,6.752513408660889,-0.5474865913391112,0.5474865913391112,6.522304058074951,-0.7776959419250487,0.7776959419250487
external_development_validation,30,36.0,Nepal 2015 M7.3,7.3,5,6.911429405212402,-0.3885705947875975,0.3885705947875975,8.443462371826172,1.143462371826172,1.143462371826172,6.893804550170898,-0.4061954498291014,0.4061954498291014,6.752513408660889,-0.5474865913391112,0.5474865913391112,6.522304058074951,-0.7776959419250487,0.7776959419250487
external_development_validation,31,37.0,Nepal 2015 M7.3,7.3,5,6.921375274658203,-0.3786247253417967,0.3786247253417967,8.660383224487305,1.3603832244873049,1.3603832244873049,6.893804550170898,-0.4061954498291014,0.4061954498291014,6.791809558868408,-0.5081904411315916,0.5081904411315916,6.563048362731934,-0.7369516372680662,0.7369516372680662
external_development_validation,32,38.0,Nepal 2015 M7.3,7.3,5,6.925248622894287,-0.3747513771057127,0.3747513771057127,8.784957885742188,1.4849578857421877,1.4849578857421877,6.893804550170898,-0.4061954498291014,0.4061954498291014,6.791809558868408,-0.5081904411315916,0.5081904411315916,6.563048362731934,-0.7369516372680662,0.7369516372680662
external_development_validation,33,39.0,Nepal 2015 M7.3,7.3,5,6.928829193115234,-0.37117080688476545,0.37117080688476545,8.763124465942383,1.463124465942383,1.463124465942383,6.893804550170898,-0.4061954498291014,0.4061954498291014,6.791809558868408,-0.5081904411315916,0.5081904411315916,6.563048362731934,-0.7369516372680662,0.7369516372680662
external_development_validation,34,40.0,Nepal 2015 M7.3,7.3,5,6.932118892669678,-0.3678811073303221,0.3678811073303221,8.742776870727539,1.4427768707275392,1.4427768707275392,6.893804550170898,-0.4061954498291014,0.4061954498291014,6.791809558868408,-0.5081904411315916,0.5081904411315916,6.563048362731934,-0.7369516372680662,0.7369516372680662
external_development_validation,35,41.0,Nepal 2015 M7.3,7.3,5,6.935294151306152,-0.3647058486938475,0.3647058486938475,8.675490379333496,1.3754903793334963,1.3754903793334963,6.893804550170898,-0.4061954498291014,0.4061954498291014,6.791809558868408,-0.5081904411315916,0.5081904411315916,6.563048362731934,-0.7369516372680662,0.7369516372680662
external_development_validation,36,42.0,Nepal 2015 M7.3,7.3,5,6.938223838806152,-0.3617761611938475,0.3617761611938475,8.60148811340332,1.3014881134033205,1.3014881134033205,6.893804550170898,-0.4061954498291014,0.4061954498291014,6.791809558868408,-0.5081904411315916,0.5081904411315916,6.563048362731934,-0.7369516372680662,0.7369516372680662
external_development_validation,37,43.0,Nepal 2015 M7.3,7.3,5,6.940896511077881,-0.35910348892211896,0.35910348892211896,8.556029319763184,1.2560293197631838,1.2560293197631838,6.893804550170898,-0.4061954498291014,0.4061954498291014,6.791809558868408,-0.5081904411315916,0.5081904411315916,6.563048362731934,-0.7369516372680662,0.7369516372680662
external_development_validation,38,44.0,Nepal 2015 M7.3,7.3,5,6.9431867599487305,-0.35681324005126935,0.35681324005126935,8.542217254638672,1.242217254638672,1.242217254638672,6.893804550170898,-0.4061954498291014,0.4061954498291014,6.791809558868408,-0.5081904411315916,0.5081904411315916,6.563048362731934,-0.7369516372680662,0.7369516372680662
external_development_validation,39,45.0,Nepal 2015 M7.3,7.3,5,6.945125579833984,-0.35487442016601545,0.35487442016601545,8.480766296386719,1.180766296386719,1.180766296386719,6.893804550170898,-0.4061954498291014,0.4061954498291014,6.791809558868408,-0.5081904411315916,0.5081904411315916,6.563048362731934,-0.7369516372680662,0.7369516372680662
external_development_validation,40,46.0,Nepal 2015 M7.3,7.3,5,6.946727752685547,-0.35327224731445295,0.35327224731445295,8.414664268493652,1.1146642684936525,1.1146642684936525,6.893804550170898,-0.4061954498291014,0.4061954498291014,6.791809558868408,-0.5081904411315916,0.5081904411315916,6.563048362731934,-0.7369516372680662,0.7369516372680662
external_development_validation,41,47.0,Nepal 2015 M7.3,7.3,5,6.947956085205078,-0.3520439147949217,0.3520439147949217,8.298282623291016,0.9982826232910158,0.9982826232910158,6.893804550170898,-0.4061954498291014,0.4061954498291014,6.791809558868408,-0.5081904411315916,0.5081904411315916,6.563048362731934,-0.7369516372680662,0.7369516372680662
external_development_validation,42,48.0,Nepal 2015 M7.3,7.3,5,6.948777675628662,-0.3512223243713377,0.3512223243713377,8.236711502075195,0.9367115020751955,0.9367115020751955,6.893804550170898,-0.4061954498291014,0.4061954498291014,6.791809558868408,-0.5081904411315916,0.5081904411315916,6.563048362731934,-0.7369516372680662,0.7369516372680662
external_development_validation,43,49.0,Nepal 2015 M7.3,7.3,5,6.949217796325684,-0.35078220367431623,0.35078220367431623,8.167240142822266,0.8672401428222658,0.8672401428222658,6.893804550170898,-0.4061954498291014,0.4061954498291014,6.791809558868408,-0.5081904411315916,0.5081904411315916,6.563048362731934,-0.7369516372680662,0.7369516372680662
external_development_validation,44,50.0,Nepal 2015 M7.3,7.3,5,6.949389457702637,-0.3506105422973631,0.3506105422973631,8.10166072845459,0.80166072845459,0.80166072845459,6.893804550170898,-0.4061954498291014,0.4061954498291014,6.791809558868408,-0.5081904411315916,0.5081904411315916,6.563048362731934,-0.7369516372680662,0.7369516372680662
external_development_validation,45,51.0,Nepal 2015 M7.3,7.3,5,6.949355125427246,-0.35064487457275373,0.35064487457275373,8.05091381072998,0.7509138107299806,0.7509138107299806,6.893804550170898,-0.4061954498291014,0.4061954498291014,6.791809558868408,-0.5081904411315916,0.5081904411315916,6.563048362731934,-0.7369516372680662,0.7369516372680662
external_development_validation,46,52.0,Nepal 2015 M7.3,7.3,5,6.9491286277771,-0.3508713722229002,0.3508713722229002,8.03046989440918,0.7304698944091799,0.7304698944091799,6.893804550170898,-0.4061954498291014,0.4061954498291014,6.791809558868408,-0.5081904411315916,0.5081904411315916,6.563048362731934,-0.7369516372680662,0.7369516372680662
external_development_validation,47,53.0,Nepal 2015 M7.3,7.3,5,6.948677062988281,-0.3513229370117186,0.3513229370117186,7.999935150146484,0.6999351501464846,0.6999351501464846,6.893804550170898,-0.4061954498291014,0.4061954498291014,6.791809558868408,-0.5081904411315916,0.5081904411315916,6.563048362731934,-0.7369516372680662,0.7369516372680662
external_development_validation,48,54.0,Nepal 2015 M7.3,7.3,5,6.948005676269531,-0.3519943237304686,0.3519943237304686,7.959947109222412,0.6599471092224123,0.6599471092224123,6.893804550170898,-0.4061954498291014,0.4061954498291014,6.791809558868408,-0.5081904411315916,0.5081904411315916,6.563048362731934,-0.7369516372680662,0.7369516372680662
external_development_validation,49,55.0,Nepal 2015 M7.3,7.3,5,6.946964263916016,-0.3530357360839842,0.3530357360839842,7.903651237487793,0.6036512374877931,0.6036512374877931,6.893804550170898,-0.4061954498291014,0.4061954498291014,6.791809558868408,-0.5081904411315916,0.5081904411315916,6.563048362731934,-0.7369516372680662,0.7369516372680662
external_development_validation,50,56.0,Nepal 2015 M7.3,7.3,5,6.945580959320068,-0.35441904067993146,0.35441904067993146,7.919746398925781,0.6197463989257814,0.6197463989257814,6.893804550170898,-0.4061954498291014,0.4061954498291014,6.791809558868408,-0.5081904411315916,0.5081904411315916,6.563048362731934,-0.7369516372680662,0.7369516372680662
external_development_validation,51,57.0,Nepal 2015 M7.3,7.3,5,6.94381856918335,-0.3561814308166502,0.3561814308166502,7.88919734954834,0.58919734954834,0.58919734954834,6.893804550170898,-0.4061954498291014,0.4061954498291014,6.791809558868408,-0.5081904411315916,0.5081904411315916,6.563048362731934,-0.7369516372680662,0.7369516372680662
external_development_validation,52,58.0,Nepal 2015 M7.3,7.3,5,6.941837310791016,-0.3581626892089842,0.3581626892089842,7.868598937988281,0.5685989379882814,0.5685989379882814,6.893804550170898,-0.4061954498291014,0.4061954498291014,6.791809558868408,-0.5081904411315916,0.5081904411315916,6.563048362731934,-0.7369516372680662,0.7369516372680662
external_development_validation,53,59.0,Nepal 2015 M7.3,7.3,5,6.939675807952881,-0.36032419204711896,0.36032419204711896,7.866349697113037,0.5663496971130373,0.5663496971130373,6.893804550170898,-0.4061954498291014,0.4061954498291014,6.791809558868408,-0.5081904411315916,0.5081904411315916,6.563048362731934,-0.7369516372680662,0.7369516372680662
external_development_validation,54,60.0,Nepal 2015 M7.3,7.3,5,6.937366485595703,-0.3626335144042967,0.3626335144042967,7.858394622802734,0.5583946228027346,0.5583946228027346,6.893804550170898,-0.4061954498291014,0.4061954498291014,6.791809558868408,-0.5081904411315916,0.5081904411315916,6.563048362731934,-0.7369516372680662,0.7369516372680662
external_development_validation,55,61.0,Nepal 2015 M7.3,7.3,5,6.934960842132568,-0.36503915786743146,0.36503915786743146,7.861724853515625,0.5617248535156252,0.5617248535156252,6.893804550170898,-0.4061954498291014,0.4061954498291014,6.791809558868408,-0.5081904411315916,0.5081904411315916,6.563048362731934,-0.7369516372680662,0.7369516372680662
external_development_validation,56,62.0,Nepal 2015 M7.3,7.3,5,6.982194423675537,-0.3178055763244627,0.3178055763244627,7.8682050704956055,0.5682050704956056,0.5682050704956056,7.055477142333984,-0.24452285766601545,0.24452285766601545,6.791809558868408,-0.5081904411315916,0.5081904411315916,6.563048362731934,-0.7369516372680662,0.7369516372680662
external_development_validation,57,63.0,Nepal 2015 M7.3,7.3,5,7.037347316741943,-0.26265268325805646,0.26265268325805646,7.877230644226074,0.5772306442260744,0.5772306442260744,7.165666103363037,-0.1343338966369627,0.1343338966369627,6.967976093292236,-0.3320239067077635,0.3320239067077635,6.762849807739258,-0.537150192260742,0.537150192260742
external_development_validation,58,64.0,Nepal 2015 M7.3,7.3,5,7.056138515472412,-0.2438614845275877,0.2438614845275877,7.8781256675720215,0.5781256675720217,0.5781256675720217,7.165666103363037,-0.1343338966369627,0.1343338966369627,7.055548667907715,-0.24445133209228498,0.24445133209228498,6.8573689460754395,-0.44263105392456037,0.44263105392456037
external_development_validation,59,65.0,Nepal 2015 M7.3,7.3,5,7.053699493408203,-0.2463005065917967,0.2463005065917967,7.867587089538574,0.5675870895385744,0.5675870895385744,7.165666103363037,-0.1343338966369627,0.1343338966369627,7.055548667907715,-0.24445133209228498,0.24445133209228498,6.8573689460754395,-0.44263105392456037,0.44263105392456037
external_development_validation,60,66.0,Nepal 2015 M7.3,7.3,5,7.052087306976318,-0.24791269302368146,0.24791269302368146,7.840518951416016,0.5405189514160158,0.5405189514160158,7.165666103363037,-0.1343338966369627,0.1343338966369627,7.055548667907715,-0.24445133209228498,0.24445133209228498,6.8573689460754395,-0.44263105392456037,0.44263105392456037
external_development_validation,61,67.0,Nepal 2015 M7.3,7.3,5,7.052209377288818,-0.24779062271118146,0.24779062271118146,7.903167724609375,0.6031677246093752,0.6031677246093752,7.165666103363037,-0.1343338966369627,0.1343338966369627,7.055548667907715,-0.24445133209228498,0.24445133209228498,6.8573689460754395,-0.44263105392456037,0.44263105392456037
external_development_validation,62,68.0,Nepal 2015 M7.3,7.3,5,7.054526329040527,-0.24547367095947248,0.24547367095947248,7.8129072189331055,0.5129072189331056,0.5129072189331056,7.165666103363037,-0.1343338966369627,0.1343338966369627,7.055548667907715,-0.24445133209228498,0.24445133209228498,6.8573689460754395,-0.44263105392456037,0.44263105392456037
external_development_validation,63,69.0,Nepal 2015 M7.3,7.3,5,7.058475494384766,-0.2415245056152342,0.2415245056152342,7.752442836761475,0.4524428367614748,0.4524428367614748,7.165666103363037,-0.1343338966369627,0.1343338966369627,7.055548667907715,-0.24445133209228498,0.24445133209228498,6.8573689460754395,-0.44263105392456037,0.44263105392456037
external_development_validation,64,70.0,Nepal 2015 M7.3,7.3,5,7.063310146331787,-0.2366898536682127,0.2366898536682127,7.732272148132324,0.4322721481323244,0.4322721481323244,7.165666103363037,-0.1343338966369627,0.1343338966369627,7.055548667907715,-0.24445133209228498,0.24445133209228498,6.8573689460754395,-0.44263105392456037,0.44263105392456037
external_development_validation,65,71.0,Nepal 2015 M7.3,7.3,5,7.0684356689453125,-0.23156433105468732,0.23156433105468732,7.760639190673828,0.4606391906738283,0.4606391906738283,7.165666103363037,-0.1343338966369627,0.1343338966369627,7.055548667907715,-0.24445133209228498,0.24445133209228498,6.8573689460754395,-0.44263105392456037,0.44263105392456037
external_development_validation,66,72.0,Nepal 2015 M7.3,7.3,5,7.07345724105835,-0.2265427589416502,0.2265427589416502,7.775498867034912,0.4754988670349123,0.4754988670349123,7.165666103363037,-0.1343338966369627,0.1343338966369627,7.055548667907715,-0.24445133209228498,0.24445133209228498,6.8573689460754395,-0.44263105392456037,0.44263105392456037
external_development_validation,67,73.0,Nepal 2015 M7.3,7.3,5,7.078211784362793,-0.22178821563720685,0.22178821563720685,7.758837699890137,0.4588376998901369,0.4588376998901369,7.165666103363037,-0.1343338966369627,0.1343338966369627,7.055548667907715,-0.24445133209228498,0.24445133209228498,6.8573689460754395,-0.44263105392456037,0.44263105392456037
external_development_validation,68,74.0,Nepal 2015 M7.3,7.3,5,7.082574367523193,-0.21742563247680646,0.21742563247680646,7.746419429779053,0.4464194297790529,0.4464194297790529,7.165666103363037,-0.1343338966369627,0.1343338966369627,7.055548667907715,-0.24445133209228498,0.24445133209228498,6.8573689460754395,-0.44263105392456037,0.44263105392456037
external_development_validation,69,75.0,Nepal 2015 M7.3,7.3,5,7.0974531173706055,-0.20254688262939435,0.20254688262939435,7.727790832519531,0.4277908325195314,0.4277908325195314,7.165666103363037,-0.1343338966369627,0.1343338966369627,7.0726165771484375,-0.22738342285156232,0.22738342285156232,6.875790596008301,-0.42420940399169904,0.42420940399169904
external_development_validation,70,76.0,Nepal 2015 M7.3,7.3,5,7.160985469818115,-0.1390145301818846,0.1390145301818846,7.694994926452637,0.3949949264526369,0.3949949264526369,7.165666103363037,-0.1343338966369627,0.1343338966369627,7.125809192657471,-0.17419080734252912,0.17419080734252912,6.921543598175049,-0.378456401824951,0.378456401824951
external_development_validation,71,77.0,Nepal 2015 M7.3,7.3,5,7.165801048278809,-0.13419895172119123,0.13419895172119123,7.643772125244141,0.3437721252441408,0.3437721252441408,7.165666103363037,-0.1343338966369627,0.1343338966369627,7.125809192657471,-0.17419080734252912,0.17419080734252912,6.921543598175049,-0.378456401824951,0.378456401824951
external_development_validation,72,78.0,Nepal 2015 M7.3,7.3,5,7.172414302825928,-0.1275856971740721,0.1275856971740721,7.594359397888184,0.29435939788818377,0.29435939788818377,7.165666103363037,-0.1343338966369627,0.1343338966369627,7.125809192657471,-0.17419080734252912,0.17419080734252912,6.921543598175049,-0.378456401824951,0.378456401824951
external_development_validation,73,79.0,Nepal 2015 M7.3,7.3,5,7.177538871765137,-0.1224611282348631,0.1224611282348631,7.57061767578125,0.2706176757812502,0.2706176757812502,7.165666103363037,-0.1343338966369627,0.1343338966369627,7.125809192657471,-0.17419080734252912,0.17419080734252912,6.921543598175049,-0.378456401824951,0.378456401824951
external_development_validation,74,80.0,Nepal 2015 M7.3,7.3,5,7.182581901550293,-0.11741809844970685,0.11741809844970685,7.573200225830078,0.2732002258300783,0.2732002258300783,7.165666103363037,-0.1343338966369627,0.1343338966369627,7.125809192657471,-0.17419080734252912,0.17419080734252912,6.921543598175049,-0.378456401824951,0.378456401824951
external_development_validation,75,81.0,Nepal 2015 M7.3,7.3,5,7.221425533294678,-0.07857446670532209,0.07857446670532209,7.590812683105469,0.2908126831054689,0.2908126831054689,7.165666103363037,-0.1343338966369627,0.1343338966369627,7.125809192657471,-0.17419080734252912,0.17419080734252912,6.921543598175049,-0.378456401824951,0.378456401824951
external_development_validation,76,82.0,Nepal 2015 M7.3,7.3,5,7.225802421569824,-0.0741975784301756,0.0741975784301756,7.608689785003662,0.3086897850036623,0.3086897850036623,7.165666103363037,-0.1343338966369627,0.1343338966369627,7.125809192657471,-0.17419080734252912,0.17419080734252912,6.921543598175049,-0.378456401824951,0.378456401824951
external_development_validation,77,83.0,Nepal 2015 M7.3,7.3,5,7.229926109313965,-0.07007389068603498,0.07007389068603498,7.6187849044799805,0.31878490447998065,0.31878490447998065,7.165666103363037,-0.1343338966369627,0.1343338966369627,7.125809192657471,-0.17419080734252912,0.17419080734252912,6.921543598175049,-0.378456401824951,0.378456401824951
external_development_validation,78,84.0,Nepal 2015 M7.3,7.3,5,7.233672142028809,-0.06632785797119123,0.06632785797119123,7.62457275390625,0.3245727539062502,0.3245727539062502,7.165666103363037,-0.1343338966369627,0.1343338966369627,7.125809192657471,-0.17419080734252912,0.17419080734252912,6.921543598175049,-0.378456401824951,0.378456401824951
external_development_validation,79,85.0,Nepal 2015 M7.3,7.3,5,7.237392425537109,-0.06260757446289045,0.06260757446289045,7.62467098236084,0.32467098236084,0.32467098236084,7.165666103363037,-0.1343338966369627,0.1343338966369627,7.125809192657471,-0.17419080734252912,0.17419080734252912,6.921543598175049,-0.378456401824951,0.378456401824951
external_development_validation,80,86.0,Nepal 2015 M7.3,7.3,5,7.239034175872803,-0.06096582412719709,0.06096582412719709,7.617781639099121,0.31778163909912127,0.31778163909912127,7.165666103363037,-0.1343338966369627,0.1343338966369627,7.125809192657471,-0.17419080734252912,0.17419080734252912,6.921543598175049,-0.378456401824951,0.378456401824951
external_development_validation,81,87.0,Nepal 2015 M7.3,7.3,5,7.2383527755737305,-0.061647224426269354,0.061647224426269354,7.602085113525391,0.3020851135253908,0.3020851135253908,7.165666103363037,-0.1343338966369627,0.1343338966369627,7.125809192657471,-0.17419080734252912,0.17419080734252912,6.921543598175049,-0.378456401824951,0.378456401824951
external_development_validation,82,88.0,Nepal 2015 M7.3,7.3,5,7.23764181137085,-0.06235818862915021,0.06235818862915021,7.580838680267334,0.28083868026733416,0.28083868026733416,7.165666103363037,-0.1343338966369627,0.1343338966369627,7.125809192657471,-0.17419080734252912,0.17419080734252912,6.921543598175049,-0.378456401824951,0.378456401824951
external_development_validation,83,89.0,Nepal 2015 M7.3,7.3,5,7.236937522888184,-0.06306247711181623,0.06306247711181623,7.573970794677734,0.27397079467773455,0.27397079467773455,7.165666103363037,-0.1343338966369627,0.1343338966369627,7.125809192657471,-0.17419080734252912,0.17419080734252912,6.921543598175049,-0.378456401824951,0.378456401824951
external_development_validation,84,90.0,Nepal 2015 M7.3,7.3,5,7.236248016357422,-0.06375198364257795,0.06375198364257795,7.5705108642578125,0.2705108642578127,0.2705108642578127,7.165666103363037,-0.1343338966369627,0.1343338966369627,7.125809192657471,-0.17419080734252912,0.17419080734252912,6.921543598175049,-0.378456401824951,0.378456401824951
external_development_validation,85,91.0,Nepal 2015 M7.3,7.3,5,7.235558986663818,-0.06444101333618146,0.06444101333618146,7.5597028732299805,0.25970287322998065,0.25970287322998065,7.165666103363037,-0.1343338966369627,0.1343338966369627,7.125809192657471,-0.17419080734252912,0.17419080734252912,6.921543598175049,-0.378456401824951,0.378456401824951
external_development_validation,86,92.0,Nepal 2015 M7.3,7.3,5,7.234869956970215,-0.06513004302978498,0.06513004302978498,7.548548698425293,0.24854869842529315,0.24854869842529315,7.165666103363037,-0.1343338966369627,0.1343338966369627,7.125809192657471,-0.17419080734252912,0.17419080734252912,6.921543598175049,-0.378456401824951,0.378456401824951
external_development_validation,87,93.0,Nepal 2015 M7.3,7.3,5,7.234184265136719,-0.06581573486328107,0.06581573486328107,7.5405426025390625,0.24054260253906268,0.24054260253906268,7.165666103363037,-0.1343338966369627,0.1343338966369627,7.125809192657471,-0.17419080734252912,0.17419080734252912,6.921543598175049,-0.378456401824951,0.378456401824951
external_development_validation,88,94.0,Nepal 2015 M7.3,7.3,5,7.233511924743652,-0.06648807525634748,0.06648807525634748,7.536563873291016,0.2365638732910158,0.2365638732910158,7.165666103363037,-0.1343338966369627,0.1343338966369627,7.125809192657471,-0.17419080734252912,0.17419080734252912,6.921543598175049,-0.378456401824951,0.378456401824951
external_development_validation,89,95.0,Nepal 2015 M7.3,7.3,5,7.232851982116699,-0.0671480178833006,0.0671480178833006,7.529702663421631,0.22970266342163104,0.22970266342163104,7.165666103363037,-0.1343338966369627,0.1343338966369627,7.125809192657471,-0.17419080734252912,0.17419080734252912,6.921543598175049,-0.378456401824951,0.378456401824951
external_development_validation,90,96.0,Nepal 2015 M7.3,7.3,5,7.232181549072266,-0.0678184509277342,0.0678184509277342,7.514560699462891,0.2145606994628908,0.2145606994628908,7.165666103363037,-0.1343338966369627,0.1343338966369627,7.125809192657471,-0.17419080734252912,0.17419080734252912,6.921543598175049,-0.378456401824951,0.378456401824951
external_development_validation,91,97.0,Nepal 2015 M7.3,7.3,5,7.231502532958984,-0.06849746704101545,0.06849746704101545,7.502178192138672,0.20217819213867205,0.20217819213867205,7.165666103363037,-0.1343338966369627,0.1343338966369627,7.125809192657471,-0.17419080734252912,0.17419080734252912,6.921543598175049,-0.378456401824951,0.378456401824951
external_development_validation,92,98.0,Nepal 2015 M7.3,7.3,5,7.230828762054443,-0.06917123794555646,0.06917123794555646,7.494893550872803,0.1948935508728029,0.1948935508728029,7.165666103363037,-0.1343338966369627,0.1343338966369627,7.125809192657471,-0.17419080734252912,0.17419080734252912,6.921543598175049,-0.378456401824951,0.378456401824951
external_development_validation,93,99.0,Nepal 2015 M7.3,7.3,5,7.230158805847168,-0.06984119415283185,0.06984119415283185,7.487689971923828,0.1876899719238283,0.1876899719238283,7.165666103363037,-0.1343338966369627,0.1343338966369627,7.125809192657471,-0.17419080734252912,0.17419080734252912,6.921543598175049,-0.378456401824951,0.378456401824951
external_development_validation,94,100.0,Nepal 2015 M7.3,7.3,5,7.229475975036621,-0.07052402496337873,0.07052402496337873,7.471926689147949,0.1719266891479494,0.1719266891479494,7.165666103363037,-0.1343338966369627,0.1343338966369627,7.125809192657471,-0.17419080734252912,0.17419080734252912,6.921543598175049,-0.378456401824951,0.378456401824951
external_development_validation,95,101.0,Nepal 2015 M7.3,7.3,5,7.228780269622803,-0.07121973037719709,0.07121973037719709,7.457299709320068,0.15729970932006854,0.15729970932006854,7.165666103363037,-0.1343338966369627,0.1343338966369627,7.125809192657471,-0.17419080734252912,0.17419080734252912,6.921543598175049,-0.378456401824951,0.378456401824951
external_development_validation,96,102.0,Nepal 2015 M7.3,7.3,5,7.228079795837402,-0.07192020416259748,0.07192020416259748,7.448664665222168,0.14866466522216815,0.14866466522216815,7.165666103363037,-0.1343338966369627,0.1343338966369627,7.125809192657471,-0.17419080734252912,0.17419080734252912,6.921543598175049,-0.378456401824951,0.378456401824951
external_development_validation,97,103.0,Nepal 2015 M7.3,7.3,5,7.227381706237793,-0.07261829376220685,0.07261829376220685,7.4404449462890625,0.14044494628906268,0.14044494628906268,7.165666103363037,-0.1343338966369627,0.1343338966369627,7.125809192657471,-0.17419080734252912,0.17419080734252912,6.921543598175049,-0.378456401824951,0.378456401824951
external_development_validation,98,104.0,Nepal 2015 M7.3,7.3,5,7.226661682128906,-0.07333831787109357,0.07333831787109357,7.420879364013672,0.12087936401367205,0.12087936401367205,7.165666103363037,-0.1343338966369627,0.1343338966369627,7.125809192657471,-0.17419080734252912,0.17419080734252912,6.921543598175049,-0.378456401824951,0.378456401824951
external_development_validation,99,105.0,Nepal 2015 M7.3,7.3,5,7.225919246673584,-0.07408075332641584,0.07408075332641584,7.402560234069824,0.1025602340698244,0.1025602340698244,7.165666103363037,-0.1343338966369627,0.1343338966369627,7.125809192657471,-0.17419080734252912,0.17419080734252912,6.921543598175049,-0.378456401824951,0.378456401824951
external_development_validation,100,106.0,Nepal 2015 M7.3,7.3,5,7.225176811218262,-0.0748231887817381,0.0748231887817381,7.396671295166016,0.0966712951660158,0.0966712951660158,7.165666103363037,-0.1343338966369627,0.1343338966369627,7.125809192657471,-0.17419080734252912,0.17419080734252912,6.921543598175049,-0.378456401824951,0.378456401824951
external_development_validation,101,107.0,Nepal 2015 M7.3,7.3,5,7.224437713623047,-0.07556228637695295,0.07556228637695295,7.389283657073975,0.08928365707397479,0.08928365707397479,7.165666103363037,-0.1343338966369627,0.1343338966369627,7.125809192657471,-0.17419080734252912,0.17419080734252912,6.921543598175049,-0.378456401824951,0.378456401824951
external_development_validation,102,108.0,Nepal 2015 M7.3,7.3,5,7.223695278167725,-0.07630472183227521,0.07630472183227521,7.378121852874756,0.07812185287475604,0.07812185287475604,7.165666103363037,-0.1343338966369627,0.1343338966369627,7.125809192657471,-0.17419080734252912,0.17419080734252912,6.921543598175049,-0.378456401824951,0.378456401824951
external_development_validation,103,109.0,Nepal 2015 M7.3,7.3,5,7.222949981689453,-0.0770500183105467,0.0770500183105467,7.367227077484131,0.06722707748413104,0.06722707748413104,7.165666103363037,-0.1343338966369627,0.1343338966369627,7.125809192657471,-0.17419080734252912,0.17419080734252912,6.921543598175049,-0.378456401824951,0.378456401824951
external_development_validation,104,110.0,Nepal 2015 M7.3,7.3,5,7.222198486328125,-0.07780151367187482,0.07780151367187482,7.3554534912109375,0.05545349121093768,0.05545349121093768,7.165666103363037,-0.1343338966369627,0.1343338966369627,7.125809192657471,-0.17419080734252912,0.17419080734252912,6.921543598175049,-0.378456401824951,0.378456401824951
external_development_validation,105,111.0,Nepal 2015 M7.3,7.3,5,7.221436977386475,-0.07856302261352521,0.07856302261352521,7.3406195640563965,0.04061956405639666,0.04061956405639666,7.165666103363037,-0.1343338966369627,0.1343338966369627,7.125809192657471,-0.17419080734252912,0.17419080734252912,6.921543598175049,-0.378456401824951,0.378456401824951
external_development_validation,106,112.0,Nepal 2015 M7.3,7.3,5,7.220664024353027,-0.07933597564697248,0.07933597564697248,7.326161861419678,0.026161861419677912,0.026161861419677912,7.165666103363037,-0.1343338966369627,0.1343338966369627,7.125809192657471,-0.17419080734252912,0.17419080734252912,6.921543598175049,-0.378456401824951,0.378456401824951
external_development_validation,107,113.0,Nepal 2015 M7.3,7.3,5,7.2198896408081055,-0.08011035919189435,0.08011035919189435,7.31751012802124,0.017510128021240412,0.017510128021240412,7.165666103363037,-0.1343338966369627,0.1343338966369627,7.125809192657471,-0.17419080734252912,0.17419080734252912,6.921543598175049,-0.378456401824951,0.378456401824951
external_development_validation,108,114.0,Nepal 2015 M7.3,7.3,5,7.219123840332031,-0.08087615966796857,0.08087615966796857,7.313083648681641,0.013083648681640803,0.013083648681640803,7.165666103363037,-0.1343338966369627,0.1343338966369627,7.125809192657471,-0.17419080734252912,0.17419080734252912,6.921543598175049,-0.378456401824951,0.378456401824951
external_development_validation,109,115.0,Nepal 2015 M7.3,7.3,5,7.218369960784912,-0.08163003921508771,0.08163003921508771,7.308799743652344,0.008799743652343928,0.008799743652343928,7.165666103363037,-0.1343338966369627,0.1343338966369627,7.125809192657471,-0.17419080734252912,0.17419080734252912,6.921543598175049,-0.378456401824951,0.378456401824951
external_development_validation,110,116.0,Nepal 2015 M7.3,7.3,5,7.217624664306641,-0.0823753356933592,0.0823753356933592,7.302890777587891,0.0028907775878908026,0.0028907775878908026,7.165666103363037,-0.1343338966369627,0.1343338966369627,7.125809192657471,-0.17419080734252912,0.17419080734252912,6.921543598175049,-0.378456401824951,0.378456401824951
external_development_validation,111,117.0,Nepal 2015 M7.3,7.3,5,7.216891288757324,-0.0831087112426756,0.0831087112426756,7.297358512878418,-0.0026414871215818536,0.0026414871215818536,7.165666103363037,-0.1343338966369627,0.1343338966369627,7.125809192657471,-0.17419080734252912,0.17419080734252912,6.921543598175049,-0.378456401824951,0.378456401824951
external_development_validation,112,118.0,Nepal 2015 M7.3,7.3,5,7.216170310974121,-0.08382968902587873,0.08382968902587873,7.293941497802734,-0.006058502197265447,0.006058502197265447,7.165666103363037,-0.1343338966369627,0.1343338966369627,7.125809192657471,-0.17419080734252912,0.17419080734252912,6.921543598175049,-0.378456401824951,0.378456401824951
external_development_validation,113,119.0,Nepal 2015 M7.3,7.3,5,7.215470790863037,-0.08452920913696271,0.08452920913696271,7.294147491455078,-0.005852508544921697,0.005852508544921697,7.165666103363037,-0.1343338966369627,0.1343338966369627,7.125809192657471,-0.17419080734252912,0.17419080734252912,6.921543598175049,-0.378456401824951,0.378456401824951
external_development_validation,114,120.0,Nepal 2015 M7.3,7.3,5,7.214794158935547,-0.08520584106445295,0.08520584106445295,7.294703483581543,-0.005296516418456854,0.005296516418456854,7.165666103363037,-0.1343338966369627,0.1343338966369627,7.125809192657471,-0.17419080734252912,0.17419080734252912,6.921543598175049,-0.378456401824951,0.378456401824951
external_development_validation,115,121.0,Nepal 2015 M7.3,7.3,5,7.214144706726074,-0.0858552932739256,0.0858552932739256,7.297885894775391,-0.0021141052246091974,0.0021141052246091974,7.165666103363037,-0.1343338966369627,0.1343338966369627,7.125809192657471,-0.17419080734252912,0.17419080734252912,6.921543598175049,-0.378456401824951,0.378456401824951
external_development_validation,116,122.0,Nepal 2015 M7.3,7.3,5,7.213522911071777,-0.08647708892822248,0.08647708892822248,7.289096832275391,-0.010903167724609197,0.010903167724609197,7.165666103363037,-0.1343338966369627,0.1343338966369627,7.125809192657471,-0.17419080734252912,0.17419080734252912,6.921543598175049,-0.378456401824951,0.378456401824951
external_development_validation,117,123.0,Nepal 2015 M7.3,7.3,5,7.2129316329956055,-0.08706836700439435,0.08706836700439435,7.284648895263672,-0.015351104736327947,0.015351104736327947,7.165666103363037,-0.1343338966369627,0.1343338966369627,7.125809192657471,-0.17419080734252912,0.17419080734252912,6.921543598175049,-0.378456401824951,0.378456401824951
external_development_validation,118,124.0,Nepal 2015 M7.3,7.3,5,7.212365627288818,-0.08763437271118146,0.08763437271118146,7.295106410980225,-0.004893589019775213,0.004893589019775213,7.165666103363037,-0.1343338966369627,0.1343338966369627,7.125809192657471,-0.17419080734252912,0.17419080734252912,6.921543598175049,-0.378456401824951,0.378456401824951
external_development_validation,119,125.0,Nepal 2015 M7.3,7.3,5,7.211827754974365,-0.08817224502563459,0.08817224502563459,7.2993316650390625,-0.0006683349609373224,0.0006683349609373224,7.165666103363037,-0.1343338966369627,0.1343338966369627,7.125809192657471,-0.17419080734252912,0.17419080734252912,6.921543598175049,-0.378456401824951,0.378456401824951
external_development_validation,120,126.0,Nepal 2015 M7.3,7.3,5,7.211307525634766,-0.0886924743652342,0.0886924743652342,7.2961859703063965,-0.003814029693603338,0.003814029693603338,7.165666103363037,-0.1343338966369627,0.1343338966369627,7.125809192657471,-0.17419080734252912,0.17419080734252912,6.921543598175049,-0.378456401824951,0.378456401824951
external_development_validation,121,127.0,Nepal 2015 M7.3,7.3,5,7.210801601409912,-0.08919839859008771,0.08919839859008771,7.279574394226074,-0.020425605773925604,0.020425605773925604,7.165666103363037,-0.1343338966369627,0.1343338966369627,7.125809192657471,-0.17419080734252912,0.17419080734252912,6.921543598175049,-0.378456401824951,0.378456401824951
external_development_validation,122,128.0,Nepal 2015 M7.3,7.3,5,7.210294246673584,-0.08970575332641584,0.08970575332641584,7.245673179626465,-0.05432682037353498,0.05432682037353498,7.165666103363037,-0.1343338966369627,0.1343338966369627,7.125809192657471,-0.17419080734252912,0.17419080734252912,6.921543598175049,-0.378456401824951,0.378456401824951
external_development_validation,123,129.0,Nepal 2015 M7.3,7.3,5,7.209792137145996,-0.09020786285400373,0.09020786285400373,7.214562892913818,-0.08543710708618146,0.08543710708618146,7.165666103363037,-0.1343338966369627,0.1343338966369627,7.125809192657471,-0.17419080734252912,0.17419080734252912,6.921543598175049,-0.378456401824951,0.378456401824951
external_development_validation,124,130.0,Nepal 2015 M7.3,7.3,5,7.209315299987793,-0.09068470001220685,0.09068470001220685,7.211668968200684,-0.08833103179931623,0.08833103179931623,7.165666103363037,-0.1343338966369627,0.1343338966369627,7.125809192657471,-0.17419080734252912,0.17419080734252912,6.921543598175049,-0.378456401824951,0.378456401824951
external_development_validation,125,131.0,Nepal 2015 M7.3,7.3,5,7.208886623382568,-0.09111337661743146,0.09111337661743146,7.222959041595459,-0.07704095840454084,0.07704095840454084,7.165666103363037,-0.1343338966369627,0.1343338966369627,7.125809192657471,-0.17419080734252912,0.17419080734252912,6.921543598175049,-0.378456401824951,0.378456401824951
external_development_validation,126,132.0,Nepal 2015 M7.3,7.3,5,7.208522796630859,-0.09147720336914045,0.09147720336914045,7.221922874450684,-0.07807712554931623,0.07807712554931623,7.165666103363037,-0.1343338966369627,0.1343338966369627,7.125809192657471,-0.17419080734252912,0.17419080734252912,6.921543598175049,-0.378456401824951,0.378456401824951
external_development_validation,127,133.0,Nepal 2015 M7.3,7.3,5,7.208215236663818,-0.09178476333618146,0.09178476333618146,7.209205627441406,-0.09079437255859357,0.09079437255859357,7.165666103363037,-0.1343338966369627,0.1343338966369627,7.125809192657471,-0.17419080734252912,0.17419080734252912,6.921543598175049,-0.378456401824951,0.378456401824951
external_development_validation,128,134.0,Nepal 2015 M7.3,7.3,5,7.207945823669434,-0.09205417633056623,0.09205417633056623,7.21099853515625,-0.08900146484374982,0.08900146484374982,7.165666103363037,-0.1343338966369627,0.1343338966369627,7.125809192657471,-0.17419080734252912,0.17419080734252912,6.921543598175049,-0.378456401824951,0.378456401824951
external_development_validation,129,135.0,Nepal 2015 M7.3,7.3,5,7.207683563232422,-0.09231643676757795,0.09231643676757795,7.220040798187256,-0.07995920181274396,0.07995920181274396,7.165666103363037,-0.1343338966369627,0.1343338966369627,7.125809192657471,-0.17419080734252912,0.17419080734252912,6.921543598175049,-0.378456401824951,0.378456401824951
external_development_validation,130,136.0,Nepal 2015 M7.3,7.3,5,7.207424163818359,-0.09257583618164045,0.09257583618164045,7.2260284423828125,-0.07397155761718732,0.07397155761718732,7.165666103363037,-0.1343338966369627,0.1343338966369627,7.125809192657471,-0.17419080734252912,0.17419080734252912,6.921543598175049,-0.378456401824951,0.378456401824951
external_development_validation,131,137.0,Nepal 2015 M7.3,7.3,5,7.207200527191162,-0.09279947280883771,0.09279947280883771,7.226985931396484,-0.07301406860351545,0.07301406860351545,7.165666103363037,-0.1343338966369627,0.1343338966369627,7.125809192657471,-0.17419080734252912,0.17419080734252912,6.921543598175049,-0.378456401824951,0.378456401824951
external_development_validation,132,138.0,Nepal 2015 M7.3,7.3,5,7.2070159912109375,-0.09298400878906232,0.09298400878906232,7.22443151473999,-0.07556848526000959,0.07556848526000959,7.165666103363037,-0.1343338966369627,0.1343338966369627,7.125809192657471,-0.17419080734252912,0.17419080734252912,6.921543598175049,-0.378456401824951,0.378456401824951
external_development_validation,133,139.0,Nepal 2015 M7.3,7.3,5,7.206877708435059,-0.09312229156494123,0.09312229156494123,7.2153778076171875,-0.08462219238281232,0.08462219238281232,7.165666103363037,-0.1343338966369627,0.1343338966369627,7.125809192657471,-0.17419080734252912,0.17419080734252912,6.921543598175049,-0.378456401824951,0.378456401824951
external_development_validation,134,140.0,Nepal 2015 M7.3,7.3,5,7.206778526306152,-0.09322147369384748,0.09322147369384748,7.220454216003418,-0.07954578399658185,0.07954578399658185,7.165666103363037,-0.1343338966369627,0.1343338966369627,7.125809192657471,-0.17419080734252912,0.17419080734252912,6.921543598175049,-0.378456401824951,0.378456401824951
external_development_validation,135,141.0,Nepal 2015 M7.3,7.3,5,7.2067084312438965,-0.09329156875610334,0.09329156875610334,7.223245143890381,-0.07675485610961896,0.07675485610961896,7.165666103363037,-0.1343338966369627,0.1343338966369627,7.125809192657471,-0.17419080734252912,0.17419080734252912,6.921543598175049,-0.378456401824951,0.378456401824951
external_development_validation,136,142.0,Nepal 2015 M7.3,7.3,5,7.206666469573975,-0.09333353042602521,0.09333353042602521,7.2195563316345215,-0.08044366836547834,0.08044366836547834,7.165666103363037,-0.1343338966369627,0.1343338966369627,7.125809192657471,-0.17419080734252912,0.17419080734252912,6.921543598175049,-0.378456401824951,0.378456401824951
external_development_validation,137,143.0,Nepal 2015 M7.3,7.3,5,7.206651210784912,-0.09334878921508771,0.09334878921508771,7.216672420501709,-0.08332757949829084,0.08332757949829084,7.165666103363037,-0.1343338966369627,0.1343338966369627,7.125809192657471,-0.17419080734252912,0.17419080734252912,6.921543598175049,-0.378456401824951,0.378456401824951
external_development_validation,138,144.0,Nepal 2015 M7.3,7.3,5,7.206657409667969,-0.09334259033203107,0.09334259033203107,7.213687896728516,-0.0863121032714842,0.0863121032714842,7.165666103363037,-0.1343338966369627,0.1343338966369627,7.125809192657471,-0.17419080734252912,0.17419080734252912,6.921543598175049,-0.378456401824951,0.378456401824951
external_development_validation,139,145.0,Nepal 2015 M7.3,7.3,5,7.206679344177246,-0.09332065582275373,0.09332065582275373,7.205831050872803,-0.09416894912719709,0.09416894912719709,7.165666103363037,-0.1343338966369627,0.1343338966369627,7.125809192657471,-0.17419080734252912,0.17419080734252912,6.921543598175049,-0.378456401824951,0.378456401824951
external_development_validation,140,146.0,Nepal 2015 M7.3,7.3,5,7.2067108154296875,-0.09328918457031232,0.09328918457031232,7.192584991455078,-0.1074150085449217,0.1074150085449217,7.165666103363037,-0.1343338966369627,0.1343338966369627,7.125809192657471,-0.17419080734252912,0.17419080734252912,6.921543598175049,-0.378456401824951,0.378456401824951
external_development_validation,141,147.0,Nepal 2015 M7.3,7.3,5,7.206793785095215,-0.09320621490478498,0.09320621490478498,7.179513454437256,-0.12048654556274396,0.12048654556274396,7.165666103363037,-0.1343338966369627,0.1343338966369627,7.125809192657471,-0.17419080734252912,0.17419080734252912,6.921543598175049,-0.378456401824951,0.378456401824951
external_development_validation,142,148.0,Nepal 2015 M7.3,7.3,5,7.2069196701049805,-0.09308032989501935,0.09308032989501935,7.1749091148376465,-0.12509088516235334,0.12509088516235334,7.165666103363037,-0.1343338966369627,0.1343338966369627,7.125809192657471,-0.17419080734252912,0.17419080734252912,6.921543598175049,-0.378456401824951,0.378456401824951
external_development_validation,143,149.0,Nepal 2015 M7.3,7.3,5,7.207091331481934,-0.09290866851806623,0.09290866851806623,7.172235012054443,-0.12776498794555646,0.12776498794555646,7.165666103363037,-0.1343338966369627,0.1343338966369627,7.125809192657471,-0.17419080734252912,0.17419080734252912,6.921543598175049,-0.378456401824951,0.378456401824951
external_development_validation,144,150.0,Nepal 2015 M7.3,7.3,5,7.207308769226074,-0.0926912307739256,0.0926912307739256,7.172041893005371,-0.12795810699462873,0.12795810699462873,7.165666103363037,-0.1343338966369627,0.1343338966369627,7.125809192657471,-0.17419080734252912,0.17419080734252912,6.921543598175049,-0.378456401824951,0.378456401824951
external_development_validation,145,151.0,Nepal 2015 M7.3,7.3,5,7.207566738128662,-0.09243326187133771,0.09243326187133771,7.170989036560059,-0.12901096343994123,0.12901096343994123,7.165666103363037,-0.1343338966369627,0.1343338966369627,7.125809192657471,-0.17419080734252912,0.17419080734252912,6.921543598175049,-0.378456401824951,0.378456401824951
external_development_validation,146,152.0,Nepal 2015 M7.3,7.3,5,7.207852840423584,-0.09214715957641584,0.09214715957641584,7.170133113861084,-0.12986688613891584,0.12986688613891584,7.165666103363037,-0.1343338966369627,0.1343338966369627,7.125809192657471,-0.17419080734252912,0.17419080734252912,6.921543598175049,-0.378456401824951,0.378456401824951
external_development_validation,147,153.0,Nepal 2015 M7.3,7.3,5,7.2081403732299805,-0.09185962677001935,0.09185962677001935,7.170462608337402,-0.12953739166259748,0.12953739166259748,7.165666103363037,-0.1343338966369627,0.1343338966369627,7.125809192657471,-0.17419080734252912,0.17419080734252912,6.921543598175049,-0.378456401824951,0.378456401824951
external_development_validation,148,154.0,Nepal 2015 M7.3,7.3,5,7.208428859710693,-0.09157114028930646,0.09157114028930646,7.168337821960449,-0.1316621780395506,0.1316621780395506,7.165666103363037,-0.1343338966369627,0.1343338966369627,7.125809192657471,-0.17419080734252912,0.17419080734252912,6.921543598175049,-0.378456401824951,0.378456401824951
external_development_validation,149,155.0,Nepal 2015 M7.3,7.3,5,7.208730220794678,-0.09126977920532209,0.09126977920532209,7.165982723236084,-0.13401727676391584,0.13401727676391584,7.165666103363037,-0.1343338966369627,0.1343338966369627,7.125809192657471,-0.17419080734252912,0.17419080734252912,6.921543598175049,-0.378456401824951,0.378456401824951
external_development_validation,150,156.0,Nepal 2015 M7.3,7.3,5,7.2090582847595215,-0.09094171524047834,0.09094171524047834,7.162761688232422,-0.13723831176757795,0.13723831176757795,7.165666103363037,-0.1343338966369627,0.1343338966369627,7.125809192657471,-0.17419080734252912,0.17419080734252912,6.921543598175049,-0.378456401824951,0.378456401824951
external_development_validation,151,157.0,Nepal 2015 M7.3,7.3,5,7.209449768066406,-0.09055023193359357,0.09055023193359357,7.163928985595703,-0.1360710144042967,0.1360710144042967,7.165666103363037,-0.1343338966369627,0.1343338966369627,7.125809192657471,-0.17419080734252912,0.17419080734252912,6.921543598175049,-0.378456401824951,0.378456401824951
external_development_validation,152,158.0,Nepal 2015 M7.3,7.3,5,7.209921836853027,-0.09007816314697248,0.09007816314697248,7.1683454513549805,-0.13165454864501935,0.13165454864501935,7.165666103363037,-0.1343338966369627,0.1343338966369627,7.125809192657471,-0.17419080734252912,0.17419080734252912,6.921543598175049,-0.378456401824951,0.378456401824951
external_development_validation,153,159.0,Nepal 2015 M7.3,7.3,5,7.210471153259277,-0.08952884674072248,0.08952884674072248,7.171605587005615,-0.1283944129943846,0.1283944129943846,7.165666103363037,-0.1343338966369627,0.1343338966369627,7.125809192657471,-0.17419080734252912,0.17419080734252912,6.921543598175049,-0.378456401824951,0.378456401824951
external_development_validation,154,160.0,Nepal 2015 M7.3,7.3,5,7.21109676361084,-0.08890323638915998,0.08890323638915998,7.176185607910156,-0.12381439208984357,0.12381439208984357,7.165666103363037,-0.1343338966369627,0.1343338966369627,7.125809192657471,-0.17419080734252912,0.17419080734252912,6.921543598175049,-0.378456401824951,0.378456401824951
external_development_validation,155,161.0,Nepal 2015 M7.3,7.3,5,7.2117767333984375,-0.08822326660156232,0.08822326660156232,7.181100368499756,-0.11889963150024396,0.11889963150024396,7.165666103363037,-0.1343338966369627,0.1343338966369627,7.125809192657471,-0.17419080734252912,0.17419080734252912,6.921543598175049,-0.378456401824951,0.378456401824951
external_development_validation,156,162.0,Nepal 2015 M7.3,7.3,5,7.212487697601318,-0.08751230239868146,0.08751230239868146,7.180830955505371,-0.11916904449462873,0.11916904449462873,7.165666103363037,-0.1343338966369627,0.1343338966369627,7.125809192657471,-0.17419080734252912,0.17419080734252912,6.921543598175049,-0.378456401824951,0.378456401824951
external_development_validation,157,163.0,Nepal 2015 M7.3,7.3,5,7.2132110595703125,-0.08678894042968732,0.08678894042968732,7.173171043395996,-0.12682895660400373,0.12682895660400373,7.165666103363037,-0.1343338966369627,0.1343338966369627,7.125809192657471,-0.17419080734252912,0.17419080734252912,6.921543598175049,-0.378456401824951,0.378456401824951
external_development_validation,158,164.0,Nepal 2015 M7.3,7.3,5,7.213916778564453,-0.0860832214355467,0.0860832214355467,7.160882472991943,-0.13911752700805646,0.13911752700805646,7.165666103363037,-0.1343338966369627,0.1343338966369627,7.125809192657471,-0.17419080734252912,0.17419080734252912,6.921543598175049,-0.378456401824951,0.378456401824951
external_development_validation,159,165.0,Nepal 2015 M7.3,7.3,5,7.214565277099609,-0.08543472290039045,0.08543472290039045,7.151373863220215,-0.14862613677978498,0.14862613677978498,7.165666103363037,-0.1343338966369627,0.1343338966369627,7.125809192657471,-0.17419080734252912,0.17419080734252912,6.921543598175049,-0.378456401824951,0.378456401824951
external_development_validation,160,166.0,Nepal 2015 M7.3,7.3,5,7.215127468109131,-0.08487253189086896,0.08487253189086896,7.135268211364746,-0.16473178863525373,0.16473178863525373,7.165666103363037,-0.1343338966369627,0.1343338966369627,7.125809192657471,-0.17419080734252912,0.17419080734252912,6.921543598175049,-0.378456401824951,0.378456401824951
external_development_validation,161,167.0,Nepal 2015 M7.3,7.3,5,7.215634822845459,-0.08436517715454084,0.08436517715454084,7.127727508544922,-0.17227249145507795,0.17227249145507795,7.165666103363037,-0.1343338966369627,0.1343338966369627,7.125809192657471,-0.17419080734252912,0.17419080734252912,6.921543598175049,-0.378456401824951,0.378456401824951
external_development_validation,162,168.0,Nepal 2015 M7.3,7.3,5,7.216132164001465,-0.08386783599853498,0.08386783599853498,7.129058837890625,-0.17094116210937482,0.17094116210937482,7.165666103363037,-0.1343338966369627,0.1343338966369627,7.125809192657471,-0.17419080734252912,0.17419080734252912,6.921543598175049,-0.378456401824951,0.378456401824951
external_development_validation,163,169.0,Nepal 2015 M7.3,7.3,5,7.216670989990234,-0.08332901000976545,0.08332901000976545,7.133171081542969,-0.16682891845703107,0.16682891845703107,7.165666103363037,-0.1343338966369627,0.1343338966369627,7.125809192657471,-0.17419080734252912,0.17419080734252912,6.921543598175049,-0.378456401824951,0.378456401824951
external_development_validation,164,170.0,Nepal 2015 M7.3,7.3,5,7.217253684997559,-0.08274631500244123,0.08274631500244123,7.13681697845459,-0.16318302154540998,0.16318302154540998,7.165666103363037,-0.1343338966369627,0.1343338966369627,7.125809192657471,-0.17419080734252912,0.17419080734252912,6.921543598175049,-0.378456401824951,0.378456401824951
external_development_validation,165,171.0,Nepal 2015 M7.3,7.3,5,7.217884063720703,-0.0821159362792967,0.0821159362792967,7.139347076416016,-0.1606529235839842,0.1606529235839842,7.165666103363037,-0.1343338966369627,0.1343338966369627,7.125809192657471,-0.17419080734252912,0.17419080734252912,6.921543598175049,-0.378456401824951,0.378456401824951
external_development_validation,166,172.0,Nepal 2015 M7.3,7.3,5,7.218563079833984,-0.08143692016601545,0.08143692016601545,7.141231536865234,-0.15876846313476545,0.15876846313476545,7.165666103363037,-0.1343338966369627,0.1343338966369627,7.125809192657471,-0.17419080734252912,0.17419080734252912,6.921543598175049,-0.378456401824951,0.378456401824951
external_development_validation,167,173.0,Nepal 2015 M7.3,7.3,5,7.219290733337402,-0.08070926666259748,0.08070926666259748,7.145709991455078,-0.1542900085449217,0.1542900085449217,7.165666103363037,-0.1343338966369627,0.1343338966369627,7.125809192657471,-0.17419080734252912,0.17419080734252912,6.921543598175049,-0.378456401824951,0.378456401824951
external_development_validation,168,174.0,Nepal 2015 M7.3,7.3,5,7.220058441162109,-0.07994155883789045,0.07994155883789045,7.149279594421387,-0.1507204055786131,0.1507204055786131,7.165666103363037,-0.1343338966369627,0.1343338966369627,7.125809192657471,-0.17419080734252912,0.17419080734252912,6.921543598175049,-0.378456401824951,0.378456401824951
external_development_validation,169,175.0,Nepal 2015 M7.3,7.3,5,7.220859527587891,-0.0791404724121092,0.0791404724121092,7.147202968597412,-0.1527970314025877,0.1527970314025877,7.165666103363037,-0.1343338966369627,0.1343338966369627,7.125809192657471,-0.17419080734252912,0.17419080734252912,6.921543598175049,-0.378456401824951,0.378456401824951
external_development_validation,170,176.0,Nepal 2015 M7.3,7.3,5,7.221673488616943,-0.07832651138305646,0.07832651138305646,7.145725250244141,-0.1542747497558592,0.1542747497558592,7.165666103363037,-0.1343338966369627,0.1343338966369627,7.125809192657471,-0.17419080734252912,0.17419080734252912,6.921543598175049,-0.378456401824951,0.378456401824951
external_development_validation,171,177.0,Nepal 2015 M7.3,7.3,5,7.222474575042725,-0.07752542495727521,0.07752542495727521,7.144641876220703,-0.1553581237792967,0.1553581237792967,7.165666103363037,-0.1343338966369627,0.1343338966369627,7.125809192657471,-0.17419080734252912,0.17419080734252912,6.921543598175049,-0.378456401824951,0.378456401824951
external_development_validation,172,178.0,Nepal 2015 M7.3,7.3,5,7.22323751449585,-0.07676248550415021,0.07676248550415021,7.141371726989746,-0.15862827301025373,0.15862827301025373,7.165666103363037,-0.1343338966369627,0.1343338966369627,7.125809192657471,-0.17419080734252912,0.17419080734252912,6.921543598175049,-0.378456401824951,0.378456401824951
external_development_validation,173,179.0,Nepal 2015 M7.3,7.3,5,7.2239484786987305,-0.07605152130126935,0.07605152130126935,7.138114929199219,-0.16188507080078107,0.16188507080078107,7.165666103363037,-0.1343338966369627,0.1343338966369627,7.125809192657471,-0.17419080734252912,0.17419080734252912,6.921543598175049,-0.378456401824951,0.378456401824951
external_development_validation,174,180.0,Nepal 2015 M7.3,7.3,5,7.224636077880859,-0.07536392211914045,0.07536392211914045,7.138690948486328,-0.1613090515136717,0.1613090515136717,7.165666103363037,-0.1343338966369627,0.1343338966369627,7.125809192657471,-0.17419080734252912,0.17419080734252912,6.921543598175049,-0.378456401824951,0.378456401824951
external_development_validation,175,181.0,Nepal 2015 M7.3,7.3,5,7.2253546714782715,-0.07464532852172834,0.07464532852172834,7.144174098968506,-0.15582590103149396,0.15582590103149396,7.165666103363037,-0.1343338966369627,0.1343338966369627,7.125809192657471,-0.17419080734252912,0.17419080734252912,6.921543598175049,-0.378456401824951,0.378456401824951
external_development_validation,176,182.0,Nepal 2015 M7.3,7.3,5,7.226130485534668,-0.07386951446533185,0.07386951446533185,7.152159690856934,-0.14784030914306623,0.14784030914306623,7.165666103363037,-0.1343338966369627,0.1343338966369627,7.125809192657471,-0.17419080734252912,0.17419080734252912,6.921543598175049,-0.378456401824951,0.378456401824951
external_development_validation,177,183.0,Nepal 2015 M7.3,7.3,5,7.22696590423584,-0.07303409576415998,0.07303409576415998,7.160623073577881,-0.13937692642211896,0.13937692642211896,7.165666103363037,-0.1343338966369627,0.1343338966369627,7.125809192657471,-0.17419080734252912,0.17419080734252912,6.921543598175049,-0.378456401824951,0.378456401824951
external_development_validation,178,184.0,Nepal 2015 M7.3,7.3,5,7.227848052978516,-0.0721519470214842,0.0721519470214842,7.167236328125,-0.13276367187499982,0.13276367187499982,7.165666103363037,-0.1343338966369627,0.1343338966369627,7.125809192657471,-0.17419080734252912,0.17419080734252912,6.921543598175049,-0.378456401824951,0.378456401824951
external_development_validation,179,185.0,Nepal 2015 M7.3,7.3,5,7.228724479675293,-0.07127552032470685,0.07127552032470685,7.170623779296875,-0.12937622070312482,0.12937622070312482,7.165666103363037,-0.1343338966369627,0.1343338966369627,7.125809192657471,-0.17419080734252912,0.17419080734252912,6.921543598175049,-0.378456401824951,0.378456401824951
external_development_validation,180,186.0,Nepal 2015 M7.3,7.3,5,7.229545593261719,-0.07045440673828107,0.07045440673828107,7.170055389404297,-0.12994461059570295,0.12994461059570295,7.165666103363037,-0.1343338966369627,0.1343338966369627,7.125809192657471,-0.17419080734252912,0.17419080734252912,6.921543598175049,-0.378456401824951,0.378456401824951
external_development_validation,181,187.0,Nepal 2015 M7.3,7.3,5,7.230336666107178,-0.06966333389282209,0.06966333389282209,7.169000148773193,-0.13099985122680646,0.13099985122680646,7.165666103363037,-0.1343338966369627,0.1343338966369627,7.125809192657471,-0.17419080734252912,0.17419080734252912,6.921543598175049,-0.378456401824951,0.378456401824951
external_development_validation,182,188.0,Nepal 2015 M7.3,7.3,5,7.2311553955078125,-0.06884460449218732,0.06884460449218732,7.170905113220215,-0.12909488677978498,0.12909488677978498,7.165666103363037,-0.1343338966369627,0.1343338966369627,7.125809192657471,-0.17419080734252912,0.17419080734252912,6.921543598175049,-0.378456401824951,0.378456401824951
external_development_validation,183,189.0,Nepal 2015 M7.3,7.3,5,7.232034206390381,-0.06796579360961896,0.06796579360961896,7.1750617027282715,-0.12493829727172834,0.12493829727172834,7.165666103363037,-0.1343338966369627,0.1343338966369627,7.125809192657471,-0.17419080734252912,0.17419080734252912,6.921543598175049,-0.378456401824951,0.378456401824951
external_development_validation,184,190.0,Nepal 2015 M7.3,7.3,5,7.232966423034668,-0.06703357696533185,0.06703357696533185,7.179381370544434,-0.12061862945556623,0.12061862945556623,7.165666103363037,-0.1343338966369627,0.1343338966369627,7.125809192657471,-0.17419080734252912,0.17419080734252912,6.921543598175049,-0.378456401824951,0.378456401824951
external_development_validation,185,191.0,Nepal 2015 M7.3,7.3,5,7.233917236328125,-0.06608276367187482,0.06608276367187482,7.1809821128845215,-0.11901788711547834,0.11901788711547834,7.165666103363037,-0.1343338966369627,0.1343338966369627,7.125809192657471,-0.17419080734252912,0.17419080734252912,6.921543598175049,-0.378456401824951,0.378456401824951
external_development_validation,186,192.0,Nepal 2015 M7.3,7.3,5,7.234841823577881,-0.06515817642211896,0.06515817642211896,7.177528381347656,-0.12247161865234357,0.12247161865234357,7.165666103363037,-0.1343338966369627,0.1343338966369627,7.125809192657471,-0.17419080734252912,0.17419080734252912,6.921543598175049,-0.378456401824951,0.378456401824951
external_development_validation,187,193.0,Nepal 2015 M7.3,7.3,5,7.23568868637085,-0.06431131362915021,0.06431131362915021,7.169137477874756,-0.13086252212524396,0.13086252212524396,7.165666103363037,-0.1343338966369627,0.1343338966369627,7.125809192657471,-0.17419080734252912,0.17419080734252912,6.921543598175049,-0.378456401824951,0.378456401824951
external_development_validation,188,194.0,Nepal 2015 M7.3,7.3,5,7.23642635345459,-0.06357364654540998,0.06357364654540998,7.164548397064209,-0.13545160293579084,0.13545160293579084,7.165666103363037,-0.1343338966369627,0.1343338966369627,7.125809192657471,-0.17419080734252912,0.17419080734252912,6.921543598175049,-0.378456401824951,0.378456401824951
external_development_validation,189,195.0,Nepal 2015 M7.3,7.3,5,7.237096309661865,-0.06290369033813459,0.06290369033813459,7.162461757659912,-0.1375382423400877,0.1375382423400877,7.165666103363037,-0.1343338966369627,0.1343338966369627,7.125809192657471,-0.17419080734252912,0.17419080734252912,6.921543598175049,-0.378456401824951,0.378456401824951
external_development_validation,190,196.0,Nepal 2015 M7.3,7.3,5,7.23779821395874,-0.06220178604125959,0.06220178604125959,7.165685176849365,-0.1343148231506346,0.1343148231506346,7.165666103363037,-0.1343338966369627,0.1343338966369627,7.125809192657471,-0.17419080734252912,0.17419080734252912,6.921543598175049,-0.378456401824951,0.378456401824951
external_development_validation,191,197.0,Nepal 2015 M7.3,7.3,5,7.238516807556152,-0.06148319244384748,0.06148319244384748,7.175134181976318,-0.12486581802368146,0.12486581802368146,7.165666103363037,-0.1343338966369627,0.1343338966369627,7.125809192657471,-0.17419080734252912,0.17419080734252912,6.921543598175049,-0.378456401824951,0.378456401824951
external_development_validation,192,198.0,Nepal 2015 M7.3,7.3,5,7.237924098968506,-0.06207590103149396,0.06207590103149396,7.188475608825684,-0.11152439117431623,0.11152439117431623,7.165666103363037,-0.1343338966369627,0.1343338966369627,7.125809192657471,-0.17419080734252912,0.17419080734252912,6.921543598175049,-0.378456401824951,0.378456401824951
external_development_validation,193,199.0,Nepal 2015 M7.3,7.3,5,7.237582206726074,-0.062417793273925604,0.062417793273925604,7.202261924743652,-0.09773807525634748,0.09773807525634748,7.165666103363037,-0.1343338966369627,0.1343338966369627,7.125809192657471,-0.17419080734252912,0.17419080734252912,6.921543598175049,-0.378456401824951,0.378456401824951
external_development_validation,194,200.0,Nepal 2015 M7.3,7.3,5,7.237435817718506,-0.06256418228149396,0.06256418228149396,7.211907863616943,-0.08809213638305646,0.08809213638305646,7.165666103363037,-0.1343338966369627,0.1343338966369627,7.125809192657471,-0.17419080734252912,0.17419080734252912,6.921543598175049,-0.378456401824951,0.378456401824951
external_development_validation,195,201.0,Nepal 2015 M7.3,7.3,5,7.237418174743652,-0.06258182525634748,0.06258182525634748,7.217432975769043,-0.08256702423095685,0.08256702423095685,7.165666103363037,-0.1343338966369627,0.1343338966369627,7.125809192657471,-0.17419080734252912,0.17419080734252912,6.921543598175049,-0.378456401824951,0.378456401824951
external_development_validation,196,202.0,Nepal 2015 M7.3,7.3,5,7.237441062927246,-0.06255893707275373,0.06255893707275373,7.218254089355469,-0.08174591064453107,0.08174591064453107,7.165666103363037,-0.1343338966369627,0.1343338966369627,7.125809192657471,-0.17419080734252912,0.17419080734252912,6.921543598175049,-0.378456401824951,0.378456401824951
external_development_validation,197,203.0,Nepal 2015 M7.3,7.3,5,7.23746395111084,-0.06253604888915998,0.06253604888915998,7.217060089111328,-0.0829399108886717,0.0829399108886717,7.165666103363037,-0.1343338966369627,0.1343338966369627,7.125809192657471,-0.17419080734252912,0.17419080734252912,6.921543598175049,-0.378456401824951,0.378456401824951
external_development_validation,198,204.0,Nepal 2015 M7.3,7.3,5,7.237445831298828,-0.0625541687011717,0.0625541687011717,7.214141845703125,-0.08585815429687482,0.08585815429687482,7.165666103363037,-0.1343338966369627,0.1343338966369627,7.125809192657471,-0.17419080734252912,0.17419080734252912,6.921543598175049,-0.378456401824951,0.378456401824951
external_development_validation,199,205.0,Nepal 2015 M7.3,7.3,5,7.237361907958984,-0.06263809204101545,0.06263809204101545,7.210197448730469,-0.08980255126953107,0.08980255126953107,7.165666103363037,-0.1343338966369627,0.1343338966369627,7.125809192657471,-0.17419080734252912,0.17419080734252912,6.921543598175049,-0.378456401824951,0.378456401824951
external_development_validation,200,206.0,Nepal 2015 M7.3,7.3,5,7.237229824066162,-0.06277017593383771,0.06277017593383771,7.207282066345215,-0.09271793365478498,0.09271793365478498,7.165666103363037,-0.1343338966369627,0.1343338966369627,7.125809192657471,-0.17419080734252912,0.17419080734252912,6.921543598175049,-0.378456401824951,0.378456401824951
external_development_validation,20,26.0,Samos 2020 M7.0,7.0,3,6.721471309661865,-0.27852869033813477,0.27852869033813477,8.9647855758667,1.9647855758666992,1.9647855758666992,6.7113447189331055,-0.28865528106689453,0.28865528106689453,6.4953413009643555,-0.5046586990356445,0.5046586990356445,6.247207164764404,-0.7527928352355957,0.7527928352355957
external_development_validation,21,27.0,Samos 2020 M7.0,7.0,3,6.72528076171875,-0.27471923828125,0.27471923828125,8.974231719970703,1.9742317199707031,1.9742317199707031,6.7113447189331055,-0.28865528106689453,0.28865528106689453,6.4953413009643555,-0.5046586990356445,0.5046586990356445,6.247207164764404,-0.7527928352355957,0.7527928352355957
external_development_validation,22,28.0,Samos 2020 M7.0,7.0,3,6.729933738708496,-0.2700662612915039,0.2700662612915039,8.980876922607422,1.9808769226074219,1.9808769226074219,6.7113447189331055,-0.28865528106689453,0.28865528106689453,6.4953413009643555,-0.5046586990356445,0.5046586990356445,6.247207164764404,-0.7527928352355957,0.7527928352355957
external_development_validation,23,29.0,Samos 2020 M7.0,7.0,3,6.735528469085693,-0.26447153091430664,0.26447153091430664,8.984201431274414,1.984201431274414,1.984201431274414,6.7113447189331055,-0.28865528106689453,0.28865528106689453,6.4953413009643555,-0.5046586990356445,0.5046586990356445,6.247207164764404,-0.7527928352355957,0.7527928352355957
external_development_validation,24,30.0,Samos 2020 M7.0,7.0,3,6.742063045501709,-0.257936954498291,0.257936954498291,8.977294921875,1.977294921875,1.977294921875,6.7113447189331055,-0.28865528106689453,0.28865528106689453,6.4953413009643555,-0.5046586990356445,0.5046586990356445,6.247207164764404,-0.7527928352355957,0.7527928352355957
external_development_validation,25,31.0,Samos 2020 M7.0,7.0,3,6.8857269287109375,-0.1142730712890625,0.1142730712890625,8.95712661743164,1.9571266174316406,1.9571266174316406,6.868446350097656,-0.13155364990234375,0.13155364990234375,6.714317798614502,-0.28568220138549805,0.28568220138549805,6.481382369995117,-0.5186176300048828,0.5186176300048828
external_development_validation,26,32.0,Samos 2020 M7.0,7.0,3,6.891620635986328,-0.10837936401367188,0.10837936401367188,8.932008743286133,1.9320087432861328,1.9320087432861328,6.868446350097656,-0.13155364990234375,0.13155364990234375,6.714317798614502,-0.28568220138549805,0.28568220138549805,6.481382369995117,-0.5186176300048828,0.5186176300048828
external_development_validation,27,33.0,Samos 2020 M7.0,7.0,3,6.897719383239746,-0.1022806167602539,0.1022806167602539,8.89242935180664,1.8924293518066406,1.8924293518066406,6.868446350097656,-0.13155364990234375,0.13155364990234375,6.714317798614502,-0.28568220138549805,0.28568220138549805,6.481382369995117,-0.5186176300048828,0.5186176300048828
external_development_validation,28,34.0,Samos 2020 M7.0,7.0,3,6.903858184814453,-0.09614181518554688,0.09614181518554688,8.851812362670898,1.8518123626708984,1.8518123626708984,6.868446350097656,-0.13155364990234375,0.13155364990234375,6.714317798614502,-0.28568220138549805,0.28568220138549805,6.481382369995117,-0.5186176300048828,0.5186176300048828
external_development_validation,29,35.0,Samos 2020 M7.0,7.0,3,6.909848690032959,-0.09015130996704102,0.09015130996704102,8.803579330444336,1.803579330444336,1.803579330444336,6.868446350097656,-0.13155364990234375,0.13155364990234375,6.714317798614502,-0.28568220138549805,0.28568220138549805,6.481382369995117,-0.5186176300048828,0.5186176300048828
external_development_validation,30,36.0,Samos 2020 M7.0,7.0,3,6.915730953216553,-0.08426904678344727,0.08426904678344727,8.764025688171387,1.7640256881713867,1.7640256881713867,6.868446350097656,-0.13155364990234375,0.13155364990234375,6.714317798614502,-0.28568220138549805,0.28568220138549805,6.481382369995117,-0.5186176300048828,0.5186176300048828
external_development_validation,31,37.0,Samos 2020 M7.0,7.0,3,6.921414852142334,-0.07858514785766602,0.07858514785766602,8.728036880493164,1.728036880493164,1.728036880493164,6.868446350097656,-0.13155364990234375,0.13155364990234375,6.714317798614502,-0.28568220138549805,0.28568220138549805,6.481382369995117,-0.5186176300048828,0.5186176300048828
external_development_validation,32,38.0,Samos 2020 M7.0,7.0,3,6.926783561706543,-0.07321643829345703,0.07321643829345703,8.693124771118164,1.693124771118164,1.693124771118164,6.868446350097656,-0.13155364990234375,0.13155364990234375,6.714317798614502,-0.28568220138549805,0.28568220138549805,6.481382369995117,-0.5186176300048828,0.5186176300048828
external_development_validation,33,39.0,Samos 2020 M7.0,7.0,3,6.929759979248047,-0.07024002075195312,0.07024002075195312,8.238688468933105,1.2386884689331055,1.2386884689331055,6.868446350097656,-0.13155364990234375,0.13155364990234375,6.714317798614502,-0.28568220138549805,0.28568220138549805,6.481382369995117,-0.5186176300048828,0.5186176300048828
external_development_validation,34,40.0,Samos 2020 M7.0,7.0,3,6.9323859214782715,-0.06761407852172852,0.06761407852172852,8.228147506713867,1.2281475067138672,1.2281475067138672,6.868446350097656,-0.13155364990234375,0.13155364990234375,6.714317798614502,-0.28568220138549805,0.28568220138549805,6.481382369995117,-0.5186176300048828,0.5186176300048828
external_development_validation,35,41.0,Samos 2020 M7.0,7.0,3,6.9345502853393555,-0.06544971466064453,0.06544971466064453,8.2139310836792,1.2139310836791992,1.2139310836791992,6.868446350097656,-0.13155364990234375,0.13155364990234375,6.714317798614502,-0.28568220138549805,0.28568220138549805,6.481382369995117,-0.5186176300048828,0.5186176300048828
external_development_validation,36,42.0,Samos 2020 M7.0,7.0,3,6.936588287353516,-0.06341171264648438,0.06341171264648438,8.198482513427734,1.1984825134277344,1.1984825134277344,6.868446350097656,-0.13155364990234375,0.13155364990234375,6.714317798614502,-0.28568220138549805,0.28568220138549805,6.481382369995117,-0.5186176300048828,0.5186176300048828
external_development_validation,37,43.0,Samos 2020 M7.0,7.0,3,6.938596248626709,-0.061403751373291016,0.061403751373291016,8.187167167663574,1.1871671676635742,1.1871671676635742,6.868446350097656,-0.13155364990234375,0.13155364990234375,6.714317798614502,-0.28568220138549805,0.28568220138549805,6.481382369995117,-0.5186176300048828,0.5186176300048828
external_development_validation,38,44.0,Samos 2020 M7.0,7.0,3,6.940608978271484,-0.059391021728515625,0.059391021728515625,8.175028800964355,1.1750288009643555,1.1750288009643555,6.868446350097656,-0.13155364990234375,0.13155364990234375,6.714317798614502,-0.28568220138549805,0.28568220138549805,6.481382369995117,-0.5186176300048828,0.5186176300048828
external_development_validation,39,45.0,Samos 2020 M7.0,7.0,3,6.942479610443115,-0.057520389556884766,0.057520389556884766,8.16448974609375,1.16448974609375,1.16448974609375,6.868446350097656,-0.13155364990234375,0.13155364990234375,6.714317798614502,-0.28568220138549805,0.28568220138549805,6.481382369995117,-0.5186176300048828,0.5186176300048828
external_development_validation,40,46.0,Samos 2020 M7.0,7.0,3,6.944113731384277,-0.055886268615722656,0.055886268615722656,8.138843536376953,1.1388435363769531,1.1388435363769531,6.868446350097656,-0.13155364990234375,0.13155364990234375,6.714317798614502,-0.28568220138549805,0.28568220138549805,6.481382369995117,-0.5186176300048828,0.5186176300048828
external_development_validation,41,47.0,Samos 2020 M7.0,7.0,3,6.945512294769287,-0.05448770523071289,0.05448770523071289,8.101207733154297,1.1012077331542969,1.1012077331542969,6.868446350097656,-0.13155364990234375,0.13155364990234375,6.714317798614502,-0.28568220138549805,0.28568220138549805,6.481382369995117,-0.5186176300048828,0.5186176300048828
external_development_validation,42,48.0,Samos 2020 M7.0,7.0,3,6.9466552734375,-0.0533447265625,0.0533447265625,8.057855606079102,1.0578556060791016,1.0578556060791016,6.868446350097656,-0.13155364990234375,0.13155364990234375,6.714317798614502,-0.28568220138549805,0.28568220138549805,6.481382369995117,-0.5186176300048828,0.5186176300048828
external_development_validation,43,49.0,Samos 2020 M7.0,7.0,3,6.947539329528809,-0.052460670471191406,0.052460670471191406,8.021974563598633,1.0219745635986328,1.0219745635986328,6.868446350097656,-0.13155364990234375,0.13155364990234375,6.714317798614502,-0.28568220138549805,0.28568220138549805,6.481382369995117,-0.5186176300048828,0.5186176300048828
external_development_validation,44,50.0,Samos 2020 M7.0,7.0,3,6.948149681091309,-0.051850318908691406,0.051850318908691406,7.9823737144470215,0.9823737144470215,0.9823737144470215,6.868446350097656,-0.13155364990234375,0.13155364990234375,6.714317798614502,-0.28568220138549805,0.28568220138549805,6.481382369995117,-0.5186176300048828,0.5186176300048828
external_development_validation,45,51.0,Samos 2020 M7.0,7.0,3,6.948441982269287,-0.05155801773071289,0.05155801773071289,7.936058044433594,0.9360580444335938,0.9360580444335938,6.868446350097656,-0.13155364990234375,0.13155364990234375,6.714317798614502,-0.28568220138549805,0.28568220138549805,6.481382369995117,-0.5186176300048828,0.5186176300048828
external_development_validation,46,52.0,Samos 2020 M7.0,7.0,3,6.948392391204834,-0.051607608795166016,0.051607608795166016,7.874776363372803,0.8747763633728027,0.8747763633728027,6.868446350097656,-0.13155364990234375,0.13155364990234375,6.714317798614502,-0.28568220138549805,0.28568220138549805,6.481382369995117,-0.5186176300048828,0.5186176300048828
external_development_validation,47,53.0,Samos 2020 M7.0,7.0,3,6.948004722595215,-0.051995277404785156,0.051995277404785156,7.812788963317871,0.8127889633178711,0.8127889633178711,6.868446350097656,-0.13155364990234375,0.13155364990234375,6.714317798614502,-0.28568220138549805,0.28568220138549805,6.481382369995117,-0.5186176300048828,0.5186176300048828
external_development_validation,48,54.0,Samos 2020 M7.0,7.0,3,6.947333335876465,-0.052666664123535156,0.052666664123535156,7.767356872558594,0.7673568725585938,0.7673568725585938,6.868446350097656,-0.13155364990234375,0.13155364990234375,6.714317798614502,-0.28568220138549805,0.28568220138549805,6.481382369995117,-0.5186176300048828,0.5186176300048828
external_development_validation,49,55.0,Samos 2020 M7.0,7.0,3,6.94641637802124,-0.053583621978759766,0.053583621978759766,7.723245143890381,0.7232451438903809,0.7232451438903809,6.868446350097656,-0.13155364990234375,0.13155364990234375,6.714317798614502,-0.28568220138549805,0.28568220138549805,6.481382369995117,-0.5186176300048828,0.5186176300048828
external_development_validation,50,56.0,Samos 2020 M7.0,7.0,3,6.945364952087402,-0.054635047912597656,0.054635047912597656,7.6963629722595215,0.6963629722595215,0.6963629722595215,6.868446350097656,-0.13155364990234375,0.13155364990234375,6.714317798614502,-0.28568220138549805,0.28568220138549805,6.481382369995117,-0.5186176300048828,0.5186176300048828
external_development_validation,51,57.0,Samos 2020 M7.0,7.0,3,6.944220542907715,-0.055779457092285156,0.055779457092285156,7.679634094238281,0.6796340942382812,0.6796340942382812,6.868446350097656,-0.13155364990234375,0.13155364990234375,6.714317798614502,-0.28568220138549805,0.28568220138549805,6.481382369995117,-0.5186176300048828,0.5186176300048828
external_development_validation,52,58.0,Samos 2020 M7.0,7.0,3,6.943007469177246,-0.056992530822753906,0.056992530822753906,7.656362056732178,0.6563620567321777,0.6563620567321777,6.868446350097656,-0.13155364990234375,0.13155364990234375,6.714317798614502,-0.28568220138549805,0.28568220138549805,6.481382369995117,-0.5186176300048828,0.5186176300048828
external_development_validation,53,59.0,Samos 2020 M7.0,7.0,3,6.941735744476318,-0.05826425552368164,0.05826425552368164,7.606839656829834,0.606839656829834,0.606839656829834,6.868446350097656,-0.13155364990234375,0.13155364990234375,6.714317798614502,-0.28568220138549805,0.28568220138549805,6.481382369995117,-0.5186176300048828,0.5186176300048828
external_development_validation,54,60.0,Samos 2020 M7.0,7.0,3,6.94037389755249,-0.059626102447509766,0.059626102447509766,7.549527645111084,0.549527645111084,0.549527645111084,6.868446350097656,-0.13155364990234375,0.13155364990234375,6.714317798614502,-0.28568220138549805,0.28568220138549805,6.481382369995117,-0.5186176300048828,0.5186176300048828
external_development_validation,55,61.0,Samos 2020 M7.0,7.0,3,6.9389142990112305,-0.06108570098876953,0.06108570098876953,7.491075038909912,0.4910750389099121,0.4910750389099121,6.868446350097656,-0.13155364990234375,0.13155364990234375,6.714317798614502,-0.28568220138549805,0.28568220138549805,6.481382369995117,-0.5186176300048828,0.5186176300048828
external_development_validation,56,62.0,Samos 2020 M7.0,7.0,3,6.937367916107178,-0.06263208389282227,0.06263208389282227,7.447054862976074,0.4470548629760742,0.4470548629760742,6.868446350097656,-0.13155364990234375,0.13155364990234375,6.714317798614502,-0.28568220138549805,0.28568220138549805,6.481382369995117,-0.5186176300048828,0.5186176300048828
external_development_validation,57,63.0,Samos 2020 M7.0,7.0,3,6.93576192855835,-0.06423807144165039,0.06423807144165039,7.407848358154297,0.4078483581542969,0.4078483581542969,6.868446350097656,-0.13155364990234375,0.13155364990234375,6.714317798614502,-0.28568220138549805,0.28568220138549805,6.481382369995117,-0.5186176300048828,0.5186176300048828
external_development_validation,58,64.0,Samos 2020 M7.0,7.0,3,6.934152126312256,-0.06584787368774414,0.06584787368774414,7.3885955810546875,0.3885955810546875,0.3885955810546875,6.868446350097656,-0.13155364990234375,0.13155364990234375,6.714317798614502,-0.28568220138549805,0.28568220138549805,6.481382369995117,-0.5186176300048828,0.5186176300048828
external_development_validation,59,65.0,Samos 2020 M7.0,7.0,3,6.932574272155762,-0.06742572784423828,0.06742572784423828,7.377068996429443,0.37706899642944336,0.37706899642944336,6.868446350097656,-0.13155364990234375,0.13155364990234375,6.714317798614502,-0.28568220138549805,0.28568220138549805,6.481382369995117,-0.5186176300048828,0.5186176300048828
external_development_validation,60,66.0,Samos 2020 M7.0,7.0,3,6.931026458740234,-0.06897354125976562,0.06897354125976562,7.365096092224121,0.3650960922241211,0.3650960922241211,6.868446350097656,-0.13155364990234375,0.13155364990234375,6.714317798614502,-0.28568220138549805,0.28568220138549805,6.481382369995117,-0.5186176300048828,0.5186176300048828
external_development_validation,61,67.0,Samos 2020 M7.0,7.0,3,6.929472923278809,-0.0705270767211914,0.0705270767211914,7.348575592041016,0.3485755920410156,0.3485755920410156,6.868446350097656,-0.13155364990234375,0.13155364990234375,6.714317798614502,-0.28568220138549805,0.28568220138549805,6.481382369995117,-0.5186176300048828,0.5186176300048828
external_development_validation,62,68.0,Samos 2020 M7.0,7.0,3,6.927911281585693,-0.07208871841430664,0.07208871841430664,7.3358893394470215,0.3358893394470215,0.3358893394470215,6.868446350097656,-0.13155364990234375,0.13155364990234375,6.714317798614502,-0.28568220138549805,0.28568220138549805,6.481382369995117,-0.5186176300048828,0.5186176300048828
external_development_validation,63,69.0,Samos 2020 M7.0,7.0,3,6.926352500915527,-0.07364749908447266,0.07364749908447266,7.329333305358887,0.3293333053588867,0.3293333053588867,6.868446350097656,-0.13155364990234375,0.13155364990234375,6.714317798614502,-0.28568220138549805,0.28568220138549805,6.481382369995117,-0.5186176300048828,0.5186176300048828
external_development_validation,64,70.0,Samos 2020 M7.0,7.0,3,6.924807548522949,-0.07519245147705078,0.07519245147705078,7.323604583740234,0.3236045837402344,0.3236045837402344,6.868446350097656,-0.13155364990234375,0.13155364990234375,6.714317798614502,-0.28568220138549805,0.28568220138549805,6.481382369995117,-0.5186176300048828,0.5186176300048828
external_development_validation,65,71.0,Samos 2020 M7.0,7.0,3,6.923181056976318,-0.07681894302368164,0.07681894302368164,7.2743330001831055,0.27433300018310547,0.27433300018310547,6.868446350097656,-0.13155364990234375,0.13155364990234375,6.714317798614502,-0.28568220138549805,0.28568220138549805,6.481382369995117,-0.5186176300048828,0.5186176300048828
external_development_validation,66,72.0,Samos 2020 M7.0,7.0,3,6.9215497970581055,-0.07845020294189453,0.07845020294189453,7.263668060302734,0.2636680603027344,0.2636680603027344,6.868446350097656,-0.13155364990234375,0.13155364990234375,6.714317798614502,-0.28568220138549805,0.28568220138549805,6.481382369995117,-0.5186176300048828,0.5186176300048828
external_development_validation,67,73.0,Samos 2020 M7.0,7.0,3,6.919928550720215,-0.08007144927978516,0.08007144927978516,7.2595534324646,0.2595534324645996,0.2595534324645996,6.868446350097656,-0.13155364990234375,0.13155364990234375,6.714317798614502,-0.28568220138549805,0.28568220138549805,6.481382369995117,-0.5186176300048828,0.5186176300048828
external_development_validation,68,74.0,Samos 2020 M7.0,7.0,3,6.9183197021484375,-0.0816802978515625,0.0816802978515625,7.253600120544434,0.2536001205444336,0.2536001205444336,6.868446350097656,-0.13155364990234375,0.13155364990234375,6.714317798614502,-0.28568220138549805,0.28568220138549805,6.481382369995117,-0.5186176300048828,0.5186176300048828
external_development_validation,69,75.0,Samos 2020 M7.0,7.0,3,6.916686058044434,-0.0833139419555664,0.0833139419555664,7.239920616149902,0.23992061614990234,0.23992061614990234,6.868446350097656,-0.13155364990234375,0.13155364990234375,6.714317798614502,-0.28568220138549805,0.28568220138549805,6.481382369995117,-0.5186176300048828,0.5186176300048828
external_development_validation,70,76.0,Samos 2020 M7.0,7.0,3,6.915002346038818,-0.08499765396118164,0.08499765396118164,7.2152862548828125,0.2152862548828125,0.2152862548828125,6.868446350097656,-0.13155364990234375,0.13155364990234375,6.714317798614502,-0.28568220138549805,0.28568220138549805,6.481382369995117,-0.5186176300048828,0.5186176300048828
external_development_validation,71,77.0,Samos 2020 M7.0,7.0,3,6.913243770599365,-0.08675622940063477,0.08675622940063477,7.183948516845703,0.18394851684570312,0.18394851684570312,6.868446350097656,-0.13155364990234375,0.13155364990234375,6.714317798614502,-0.28568220138549805,0.28568220138549805,6.481382369995117,-0.5186176300048828,0.5186176300048828
external_development_validation,72,78.0,Samos 2020 M7.0,7.0,3,6.911441802978516,-0.08855819702148438,0.08855819702148438,7.164193630218506,0.16419363021850586,0.16419363021850586,6.868446350097656,-0.13155364990234375,0.13155364990234375,6.714317798614502,-0.28568220138549805,0.28568220138549805,6.481382369995117,-0.5186176300048828,0.5186176300048828
external_development_validation,73,79.0,Samos 2020 M7.0,7.0,3,6.9096503257751465,-0.09034967422485352,0.09034967422485352,7.1496124267578125,0.1496124267578125,0.1496124267578125,6.868446350097656,-0.13155364990234375,0.13155364990234375,6.714317798614502,-0.28568220138549805,0.28568220138549805,6.481382369995117,-0.5186176300048828,0.5186176300048828
external_development_validation,74,80.0,Samos 2020 M7.0,7.0,3,6.9079413414001465,-0.09205865859985352,0.09205865859985352,7.154099941253662,0.1540999412536621,0.1540999412536621,6.868446350097656,-0.13155364990234375,0.13155364990234375,6.714317798614502,-0.28568220138549805,0.28568220138549805,6.481382369995117,-0.5186176300048828,0.5186176300048828
external_development_validation,75,81.0,Samos 2020 M7.0,7.0,3,6.90634298324585,-0.09365701675415039,0.09365701675415039,7.157832145690918,0.15783214569091797,0.15783214569091797,6.868446350097656,-0.13155364990234375,0.13155364990234375,6.714317798614502,-0.28568220138549805,0.28568220138549805,6.481382369995117,-0.5186176300048828,0.5186176300048828
external_development_validation,76,82.0,Samos 2020 M7.0,7.0,3,6.904839992523193,-0.09516000747680664,0.09516000747680664,7.155168056488037,0.1551680564880371,0.1551680564880371,6.868446350097656,-0.13155364990234375,0.13155364990234375,6.714317798614502,-0.28568220138549805,0.28568220138549805,6.481382369995117,-0.5186176300048828,0.5186176300048828
external_development_validation,77,83.0,Samos 2020 M7.0,7.0,3,6.903423309326172,-0.09657669067382812,0.09657669067382812,7.153629302978516,0.15362930297851562,0.15362930297851562,6.868446350097656,-0.13155364990234375,0.13155364990234375,6.714317798614502,-0.28568220138549805,0.28568220138549805,6.481382369995117,-0.5186176300048828,0.5186176300048828
external_development_validation,78,84.0,Samos 2020 M7.0,7.0,3,6.9020795822143555,-0.09792041778564453,0.09792041778564453,7.151935577392578,0.15193557739257812,0.15193557739257812,6.868446350097656,-0.13155364990234375,0.13155364990234375,6.714317798614502,-0.28568220138549805,0.28568220138549805,6.481382369995117,-0.5186176300048828,0.5186176300048828
external_development_validation,79,85.0,Samos 2020 M7.0,7.0,3,6.900804042816162,-0.09919595718383789,0.09919595718383789,7.151912689208984,0.15191268920898438,0.15191268920898438,6.868446350097656,-0.13155364990234375,0.13155364990234375,6.714317798614502,-0.28568220138549805,0.28568220138549805,6.481382369995117,-0.5186176300048828,0.5186176300048828
external_development_validation,80,86.0,Samos 2020 M7.0,7.0,3,6.89957332611084,-0.10042667388916016,0.10042667388916016,7.151869773864746,0.1518697738647461,0.1518697738647461,6.868446350097656,-0.13155364990234375,0.13155364990234375,6.714317798614502,-0.28568220138549805,0.28568220138549805,6.481382369995117,-0.5186176300048828,0.5186176300048828
external_development_validation,81,87.0,Samos 2020 M7.0,7.0,3,6.898377895355225,-0.10162210464477539,0.10162210464477539,7.152121543884277,0.15212154388427734,0.15212154388427734,6.868446350097656,-0.13155364990234375,0.13155364990234375,6.714317798614502,-0.28568220138549805,0.28568220138549805,6.481382369995117,-0.5186176300048828,0.5186176300048828
external_development_validation,82,88.0,Samos 2020 M7.0,7.0,3,6.8971967697143555,-0.10280323028564453,0.10280323028564453,7.148497581481934,0.1484975814819336,0.1484975814819336,6.868446350097656,-0.13155364990234375,0.13155364990234375,6.714317798614502,-0.28568220138549805,0.28568220138549805,6.481382369995117,-0.5186176300048828,0.5186176300048828
external_development_validation,83,89.0,Samos 2020 M7.0,7.0,3,6.896021842956543,-0.10397815704345703,0.10397815704345703,7.143816947937012,0.14381694793701172,0.14381694793701172,6.868446350097656,-0.13155364990234375,0.13155364990234375,6.714317798614502,-0.28568220138549805,0.28568220138549805,6.481382369995117,-0.5186176300048828,0.5186176300048828
external_development_validation,84,90.0,Samos 2020 M7.0,7.0,3,6.894824981689453,-0.10517501831054688,0.10517501831054688,7.139693260192871,0.1396932601928711,0.1396932601928711,6.868446350097656,-0.13155364990234375,0.13155364990234375,6.714317798614502,-0.28568220138549805,0.28568220138549805,6.481382369995117,-0.5186176300048828,0.5186176300048828
external_development_validation,85,91.0,Samos 2020 M7.0,7.0,3,6.893604278564453,-0.10639572143554688,0.10639572143554688,7.137844085693359,0.13784408569335938,0.13784408569335938,6.868446350097656,-0.13155364990234375,0.13155364990234375,6.714317798614502,-0.28568220138549805,0.28568220138549805,6.481382369995117,-0.5186176300048828,0.5186176300048828
external_development_validation,86,92.0,Samos 2020 M7.0,7.0,3,6.892358303070068,-0.10764169692993164,0.10764169692993164,7.134337425231934,0.1343374252319336,0.1343374252319336,6.868446350097656,-0.13155364990234375,0.13155364990234375,6.714317798614502,-0.28568220138549805,0.28568220138549805,6.481382369995117,-0.5186176300048828,0.5186176300048828
external_development_validation,87,93.0,Samos 2020 M7.0,7.0,3,6.891104698181152,-0.10889530181884766,0.10889530181884766,7.129584312438965,0.12958431243896484,0.12958431243896484,6.868446350097656,-0.13155364990234375,0.13155364990234375,6.714317798614502,-0.28568220138549805,0.28568220138549805,6.481382369995117,-0.5186176300048828,0.5186176300048828
external_development_validation,88,94.0,Samos 2020 M7.0,7.0,3,6.889862060546875,-0.110137939453125,0.110137939453125,7.125113487243652,0.12511348724365234,0.12511348724365234,6.868446350097656,-0.13155364990234375,0.13155364990234375,6.714317798614502,-0.28568220138549805,0.28568220138549805,6.481382369995117,-0.5186176300048828,0.5186176300048828
external_development_validation,89,95.0,Samos 2020 M7.0,7.0,3,6.888628959655762,-0.11137104034423828,0.11137104034423828,7.121327877044678,0.12132787704467773,0.12132787704467773,6.868446350097656,-0.13155364990234375,0.13155364990234375,6.714317798614502,-0.28568220138549805,0.28568220138549805,6.481382369995117,-0.5186176300048828,0.5186176300048828
external_development_validation,90,96.0,Samos 2020 M7.0,7.0,3,6.887401580810547,-0.11259841918945312,0.11259841918945312,7.119195461273193,0.11919546127319336,0.11919546127319336,6.868446350097656,-0.13155364990234375,0.13155364990234375,6.714317798614502,-0.28568220138549805,0.28568220138549805,6.481382369995117,-0.5186176300048828,0.5186176300048828
external_development_validation,91,97.0,Samos 2020 M7.0,7.0,3,6.8861799240112305,-0.11382007598876953,0.11382007598876953,7.1175947189331055,0.11759471893310547,0.11759471893310547,6.868446350097656,-0.13155364990234375,0.13155364990234375,6.714317798614502,-0.28568220138549805,0.28568220138549805,6.481382369995117,-0.5186176300048828,0.5186176300048828
external_development_validation,92,98.0,Samos 2020 M7.0,7.0,3,6.884970664978027,-0.11502933502197266,0.11502933502197266,7.1168036460876465,0.11680364608764648,0.11680364608764648,6.868446350097656,-0.13155364990234375,0.13155364990234375,6.714317798614502,-0.28568220138549805,0.28568220138549805,6.481382369995117,-0.5186176300048828,0.5186176300048828
external_development_validation,93,99.0,Samos 2020 M7.0,7.0,3,6.883786678314209,-0.11621332168579102,0.11621332168579102,7.115191459655762,0.11519145965576172,0.11519145965576172,6.868446350097656,-0.13155364990234375,0.13155364990234375,6.714317798614502,-0.28568220138549805,0.28568220138549805,6.481382369995117,-0.5186176300048828,0.5186176300048828
external_development_validation,94,100.0,Samos 2020 M7.0,7.0,3,6.882632255554199,-0.11736774444580078,0.11736774444580078,7.1136579513549805,0.11365795135498047,0.11365795135498047,6.868446350097656,-0.13155364990234375,0.13155364990234375,6.714317798614502,-0.28568220138549805,0.28568220138549805,6.481382369995117,-0.5186176300048828,0.5186176300048828
external_development_validation,95,101.0,Samos 2020 M7.0,7.0,3,6.881504058837891,-0.11849594116210938,0.11849594116210938,7.11221981048584,0.11221981048583984,0.11221981048583984,6.868446350097656,-0.13155364990234375,0.13155364990234375,6.714317798614502,-0.28568220138549805,0.28568220138549805,6.481382369995117,-0.5186176300048828,0.5186176300048828
external_development_validation,96,102.0,Samos 2020 M7.0,7.0,3,6.880395412445068,-0.11960458755493164,0.11960458755493164,7.11166524887085,0.11166524887084961,0.11166524887084961,6.868446350097656,-0.13155364990234375,0.13155364990234375,6.714317798614502,-0.28568220138549805,0.28568220138549805,6.481382369995117,-0.5186176300048828,0.5186176300048828
external_development_validation,97,103.0,Samos 2020 M7.0,7.0,3,6.879281520843506,-0.12071847915649414,0.12071847915649414,7.086016654968262,0.08601665496826172,0.08601665496826172,6.868446350097656,-0.13155364990234375,0.13155364990234375,6.714317798614502,-0.28568220138549805,0.28568220138549805,6.481382369995117,-0.5186176300048828,0.5186176300048828
external_development_validation,98,104.0,Samos 2020 M7.0,7.0,3,6.878139495849609,-0.12186050415039062,0.12186050415039062,7.08048152923584,0.08048152923583984,0.08048152923583984,6.868446350097656,-0.13155364990234375,0.13155364990234375,6.714317798614502,-0.28568220138549805,0.28568220138549805,6.481382369995117,-0.5186176300048828,0.5186176300048828
external_development_validation,99,105.0,Samos 2020 M7.0,7.0,3,6.876962184906006,-0.12303781509399414,0.12303781509399414,7.056420803070068,0.05642080307006836,0.05642080307006836,6.868446350097656,-0.13155364990234375,0.13155364990234375,6.714317798614502,-0.28568220138549805,0.28568220138549805,6.481382369995117,-0.5186176300048828,0.5186176300048828
external_development_validation,100,106.0,Samos 2020 M7.0,7.0,3,6.875783443450928,-0.12421655654907227,0.12421655654907227,7.046832084655762,0.04683208465576172,0.04683208465576172,6.868446350097656,-0.13155364990234375,0.13155364990234375,6.714317798614502,-0.28568220138549805,0.28568220138549805,6.481382369995117,-0.5186176300048828,0.5186176300048828
external_development_validation,101,107.0,Samos 2020 M7.0,7.0,3,6.874594688415527,-0.12540531158447266,0.12540531158447266,7.02020263671875,0.02020263671875,0.02020263671875,6.868446350097656,-0.13155364990234375,0.13155364990234375,6.714317798614502,-0.28568220138549805,0.28568220138549805,6.481382369995117,-0.5186176300048828,0.5186176300048828
external_development_validation,102,108.0,Samos 2020 M7.0,7.0,3,6.873399257659912,-0.1266007423400879,0.1266007423400879,7.006253719329834,0.006253719329833984,0.006253719329833984,6.868446350097656,-0.13155364990234375,0.13155364990234375,6.714317798614502,-0.28568220138549805,0.28568220138549805,6.481382369995117,-0.5186176300048828,0.5186176300048828
external_development_validation,103,109.0,Samos 2020 M7.0,7.0,3,6.872186183929443,-0.12781381607055664,0.12781381607055664,6.992198944091797,-0.007801055908203125,0.007801055908203125,6.868446350097656,-0.13155364990234375,0.13155364990234375,6.714317798614502,-0.28568220138549805,0.28568220138549805,6.481382369995117,-0.5186176300048828,0.5186176300048828
external_development_validation,104,110.0,Samos 2020 M7.0,7.0,3,6.870934963226318,-0.12906503677368164,0.12906503677368164,6.980828762054443,-0.01917123794555664,0.01917123794555664,6.868446350097656,-0.13155364990234375,0.13155364990234375,6.714317798614502,-0.28568220138549805,0.28568220138549805,6.481382369995117,-0.5186176300048828,0.5186176300048828
external_development_validation,105,111.0,Samos 2020 M7.0,7.0,3,6.869647026062012,-0.13035297393798828,0.13035297393798828,6.968606472015381,-0.03139352798461914,0.03139352798461914,6.868446350097656,-0.13155364990234375,0.13155364990234375,6.714317798614502,-0.28568220138549805,0.28568220138549805,6.481382369995117,-0.5186176300048828,0.5186176300048828
external_development_validation,106,112.0,Samos 2020 M7.0,7.0,3,6.868350028991699,-0.13164997100830078,0.13164997100830078,6.9635419845581055,-0.03645801544189453,0.03645801544189453,6.868446350097656,-0.13155364990234375,0.13155364990234375,6.714317798614502,-0.28568220138549805,0.28568220138549805,6.481382369995117,-0.5186176300048828,0.5186176300048828
external_development_validation,107,113.0,Samos 2020 M7.0,7.0,3,6.867066860198975,-0.1329331398010254,0.1329331398010254,6.960783958435059,-0.039216041564941406,0.039216041564941406,6.868446350097656,-0.13155364990234375,0.13155364990234375,6.714317798614502,-0.28568220138549805,0.28568220138549805,6.481382369995117,-0.5186176300048828,0.5186176300048828
external_development_validation,108,114.0,Samos 2020 M7.0,7.0,3,6.865804195404053,-0.13419580459594727,0.13419580459594727,6.959346771240234,-0.040653228759765625,0.040653228759765625,6.868446350097656,-0.13155364990234375,0.13155364990234375,6.714317798614502,-0.28568220138549805,0.28568220138549805,6.481382369995117,-0.5186176300048828,0.5186176300048828
external_development_validation,109,115.0,Samos 2020 M7.0,7.0,3,6.864550590515137,-0.13544940948486328,0.13544940948486328,6.9566779136657715,-0.043322086334228516,0.043322086334228516,6.868446350097656,-0.13155364990234375,0.13155364990234375,6.714317798614502,-0.28568220138549805,0.28568220138549805,6.481382369995117,-0.5186176300048828,0.5186176300048828
external_development_validation,110,116.0,Samos 2020 M7.0,7.0,3,6.863306999206543,-0.13669300079345703,0.13669300079345703,6.953731536865234,-0.046268463134765625,0.046268463134765625,6.868446350097656,-0.13155364990234375,0.13155364990234375,6.714317798614502,-0.28568220138549805,0.28568220138549805,6.481382369995117,-0.5186176300048828,0.5186176300048828
external_development_validation,111,117.0,Samos 2020 M7.0,7.0,3,6.862071990966797,-0.13792800903320312,0.13792800903320312,6.9498419761657715,-0.050158023834228516,0.050158023834228516,6.868446350097656,-0.13155364990234375,0.13155364990234375,6.714317798614502,-0.28568220138549805,0.28568220138549805,6.481382369995117,-0.5186176300048828,0.5186176300048828
external_development_validation,112,118.0,Samos 2020 M7.0,7.0,3,6.860842704772949,-0.13915729522705078,0.13915729522705078,6.944891929626465,-0.055108070373535156,0.055108070373535156,6.868446350097656,-0.13155364990234375,0.13155364990234375,6.714317798614502,-0.28568220138549805,0.28568220138549805,6.481382369995117,-0.5186176300048828,0.5186176300048828
external_development_validation,113,119.0,Samos 2020 M7.0,7.0,3,6.859612941741943,-0.14038705825805664,0.14038705825805664,6.9307966232299805,-0.06920337677001953,0.06920337677001953,6.868446350097656,-0.13155364990234375,0.13155364990234375,6.714317798614502,-0.28568220138549805,0.28568220138549805,6.481382369995117,-0.5186176300048828,0.5186176300048828
external_development_validation,114,120.0,Samos 2020 M7.0,7.0,3,6.8583807945251465,-0.14161920547485352,0.14161920547485352,6.921664237976074,-0.07833576202392578,0.07833576202392578,6.868446350097656,-0.13155364990234375,0.13155364990234375,6.714317798614502,-0.28568220138549805,0.28568220138549805,6.481382369995117,-0.5186176300048828,0.5186176300048828
external_development_validation,115,121.0,Samos 2020 M7.0,7.0,3,6.857161521911621,-0.1428384780883789,0.1428384780883789,6.9141387939453125,-0.0858612060546875,0.0858612060546875,6.868446350097656,-0.13155364990234375,0.13155364990234375,6.714317798614502,-0.28568220138549805,0.28568220138549805,6.481382369995117,-0.5186176300048828,0.5186176300048828
external_development_validation,116,122.0,Samos 2020 M7.0,7.0,3,6.85596227645874,-0.14403772354125977,0.14403772354125977,6.9107770919799805,-0.08922290802001953,0.08922290802001953,6.868446350097656,-0.13155364990234375,0.13155364990234375,6.714317798614502,-0.28568220138549805,0.28568220138549805,6.481382369995117,-0.5186176300048828,0.5186176300048828
external_development_validation,117,123.0,Samos 2020 M7.0,7.0,3,6.854794979095459,-0.14520502090454102,0.14520502090454102,6.902162075042725,-0.09783792495727539,0.09783792495727539,6.868446350097656,-0.13155364990234375,0.13155364990234375,6.714317798614502,-0.28568220138549805,0.28568220138549805,6.481382369995117,-0.5186176300048828,0.5186176300048828
external_development_validation,118,124.0,Samos 2020 M7.0,7.0,3,6.853667259216309,-0.1463327407836914,0.1463327407836914,6.896085262298584,-0.10391473770141602,0.10391473770141602,6.868446350097656,-0.13155364990234375,0.13155364990234375,6.714317798614502,-0.28568220138549805,0.28568220138549805,6.481382369995117,-0.5186176300048828,0.5186176300048828
external_development_validation,119,125.0,Samos 2020 M7.0,7.0,3,6.852578639984131,-0.14742136001586914,0.14742136001586914,6.8895087242126465,-0.11049127578735352,0.11049127578735352,6.868446350097656,-0.13155364990234375,0.13155364990234375,6.714317798614502,-0.28568220138549805,0.28568220138549805,6.481382369995117,-0.5186176300048828,0.5186176300048828
external_development_validation,120,126.0,Samos 2020 M7.0,7.0,3,6.851524353027344,-0.14847564697265625,0.14847564697265625,6.885401725769043,-0.11459827423095703,0.11459827423095703,6.868446350097656,-0.13155364990234375,0.13155364990234375,6.714317798614502,-0.28568220138549805,0.28568220138549805,6.481382369995117,-0.5186176300048828,0.5186176300048828
external_development_validation,121,127.0,Samos 2020 M7.0,7.0,3,6.850498199462891,-0.14950180053710938,0.14950180053710938,6.882342338562012,-0.11765766143798828,0.11765766143798828,6.868446350097656,-0.13155364990234375,0.13155364990234375,6.714317798614502,-0.28568220138549805,0.28568220138549805,6.481382369995117,-0.5186176300048828,0.5186176300048828
external_development_validation,122,128.0,Samos 2020 M7.0,7.0,3,6.849486351013184,-0.1505136489868164,0.1505136489868164,6.876964569091797,-0.12303543090820312,0.12303543090820312,6.868446350097656,-0.13155364990234375,0.13155364990234375,6.714317798614502,-0.28568220138549805,0.28568220138549805,6.481382369995117,-0.5186176300048828,0.5186176300048828
external_development_validation,123,129.0,Samos 2020 M7.0,7.0,3,6.8484930992126465,-0.15150690078735352,0.15150690078735352,6.871870994567871,-0.1281290054321289,0.1281290054321289,6.868446350097656,-0.13155364990234375,0.13155364990234375,6.714317798614502,-0.28568220138549805,0.28568220138549805,6.481382369995117,-0.5186176300048828,0.5186176300048828
external_development_validation,124,130.0,Samos 2020 M7.0,7.0,3,6.847522735595703,-0.15247726440429688,0.15247726440429688,6.869231224060059,-0.1307687759399414,0.1307687759399414,6.868446350097656,-0.13155364990234375,0.13155364990234375,6.714317798614502,-0.28568220138549805,0.28568220138549805,6.481382369995117,-0.5186176300048828,0.5186176300048828
external_development_validation,125,131.0,Samos 2020 M7.0,7.0,3,6.846583366394043,-0.15341663360595703,0.15341663360595703,6.870248317718506,-0.12975168228149414,0.12975168228149414,6.868446350097656,-0.13155364990234375,0.13155364990234375,6.714317798614502,-0.28568220138549805,0.28568220138549805,6.481382369995117,-0.5186176300048828,0.5186176300048828
external_development_validation,126,132.0,Samos 2020 M7.0,7.0,3,6.845671653747559,-0.1543283462524414,0.1543283462524414,6.872257232666016,-0.12774276733398438,0.12774276733398438,6.868446350097656,-0.13155364990234375,0.13155364990234375,6.714317798614502,-0.28568220138549805,0.28568220138549805,6.481382369995117,-0.5186176300048828,0.5186176300048828
external_development_validation,127,133.0,Samos 2020 M7.0,7.0,3,6.844781398773193,-0.15521860122680664,0.15521860122680664,6.874523162841797,-0.12547683715820312,0.12547683715820312,6.868446350097656,-0.13155364990234375,0.13155364990234375,6.714317798614502,-0.28568220138549805,0.28568220138549805,6.481382369995117,-0.5186176300048828,0.5186176300048828
external_development_validation,128,134.0,Samos 2020 M7.0,7.0,3,6.843916893005371,-0.1560831069946289,0.1560831069946289,6.874870300292969,-0.12512969970703125,0.12512969970703125,6.868446350097656,-0.13155364990234375,0.13155364990234375,6.714317798614502,-0.28568220138549805,0.28568220138549805,6.481382369995117,-0.5186176300048828,0.5186176300048828
external_development_validation,129,135.0,Samos 2020 M7.0,7.0,3,6.843073844909668,-0.15692615509033203,0.15692615509033203,6.871668815612793,-0.12833118438720703,0.12833118438720703,6.868446350097656,-0.13155364990234375,0.13155364990234375,6.714317798614502,-0.28568220138549805,0.28568220138549805,6.481382369995117,-0.5186176300048828,0.5186176300048828
external_development_validation,130,136.0,Samos 2020 M7.0,7.0,3,6.842243194580078,-0.15775680541992188,0.15775680541992188,6.870849609375,-0.129150390625,0.129150390625,6.868446350097656,-0.13155364990234375,0.13155364990234375,6.714317798614502,-0.28568220138549805,0.28568220138549805,6.481382369995117,-0.5186176300048828,0.5186176300048828
external_development_validation,131,137.0,Samos 2020 M7.0,7.0,3,6.841416835784912,-0.1585831642150879,0.1585831642150879,6.871101379394531,-0.12889862060546875,0.12889862060546875,6.868446350097656,-0.13155364990234375,0.13155364990234375,6.714317798614502,-0.28568220138549805,0.28568220138549805,6.481382369995117,-0.5186176300048828,0.5186176300048828
external_development_validation,132,138.0,Samos 2020 M7.0,7.0,3,6.840600490570068,-0.15939950942993164,0.15939950942993164,6.871829032897949,-0.12817096710205078,0.12817096710205078,6.868446350097656,-0.13155364990234375,0.13155364990234375,6.714317798614502,-0.28568220138549805,0.28568220138549805,6.481382369995117,-0.5186176300048828,0.5186176300048828
external_development_validation,133,139.0,Samos 2020 M7.0,7.0,3,6.8397979736328125,-0.1602020263671875,0.1602020263671875,6.873378753662109,-0.12662124633789062,0.12662124633789062,6.868446350097656,-0.13155364990234375,0.13155364990234375,6.714317798614502,-0.28568220138549805,0.28568220138549805,6.481382369995117,-0.5186176300048828,0.5186176300048828
external_development_validation,134,140.0,Samos 2020 M7.0,7.0,3,6.839005947113037,-0.1609940528869629,0.1609940528869629,6.873888969421387,-0.12611103057861328,0.12611103057861328,6.868446350097656,-0.13155364990234375,0.13155364990234375,6.714317798614502,-0.28568220138549805,0.28568220138549805,6.481382369995117,-0.5186176300048828,0.5186176300048828
external_development_validation,135,141.0,Samos 2020 M7.0,7.0,3,6.838222503662109,-0.16177749633789062,0.16177749633789062,6.8753509521484375,-0.1246490478515625,0.1246490478515625,6.868446350097656,-0.13155364990234375,0.13155364990234375,6.714317798614502,-0.28568220138549805,0.28568220138549805,6.481382369995117,-0.5186176300048828,0.5186176300048828
external_development_validation,136,142.0,Samos 2020 M7.0,7.0,3,6.837449550628662,-0.1625504493713379,0.1625504493713379,6.8778181076049805,-0.12218189239501953,0.12218189239501953,6.868446350097656,-0.13155364990234375,0.13155364990234375,6.714317798614502,-0.28568220138549805,0.28568220138549805,6.481382369995117,-0.5186176300048828,0.5186176300048828
external_development_validation,137,143.0,Samos 2020 M7.0,7.0,3,6.836696624755859,-0.16330337524414062,0.16330337524414062,6.882846832275391,-0.11715316772460938,0.11715316772460938,6.868446350097656,-0.13155364990234375,0.13155364990234375,6.714317798614502,-0.28568220138549805,0.28568220138549805,6.481382369995117,-0.5186176300048828,0.5186176300048828
external_development_validation,138,144.0,Samos 2020 M7.0,7.0,3,6.835961818695068,-0.16403818130493164,0.16403818130493164,6.885771751403809,-0.1142282485961914,0.1142282485961914,6.868446350097656,-0.13155364990234375,0.13155364990234375,6.714317798614502,-0.28568220138549805,0.28568220138549805,6.481382369995117,-0.5186176300048828,0.5186176300048828
external_development_validation,139,145.0,Samos 2020 M7.0,7.0,3,6.835249900817871,-0.1647500991821289,0.1647500991821289,6.887363433837891,-0.11263656616210938,0.11263656616210938,6.868446350097656,-0.13155364990234375,0.13155364990234375,6.714317798614502,-0.28568220138549805,0.28568220138549805,6.481382369995117,-0.5186176300048828,0.5186176300048828
external_development_validation,140,146.0,Samos 2020 M7.0,7.0,3,6.834560394287109,-0.16543960571289062,0.16543960571289062,6.8869476318359375,-0.1130523681640625,0.1130523681640625,6.868446350097656,-0.13155364990234375,0.13155364990234375,6.714317798614502,-0.28568220138549805,0.28568220138549805,6.481382369995117,-0.5186176300048828,0.5186176300048828
external_development_validation,141,147.0,Samos 2020 M7.0,7.0,3,6.833873748779297,-0.16612625122070312,0.16612625122070312,6.886436462402344,-0.11356353759765625,0.11356353759765625,6.868446350097656,-0.13155364990234375,0.13155364990234375,6.714317798614502,-0.28568220138549805,0.28568220138549805,6.481382369995117,-0.5186176300048828,0.5186176300048828
external_development_validation,142,148.0,Samos 2020 M7.0,7.0,3,6.833189964294434,-0.1668100357055664,0.1668100357055664,6.885423183441162,-0.11457681655883789,0.11457681655883789,6.868446350097656,-0.13155364990234375,0.13155364990234375,6.714317798614502,-0.28568220138549805,0.28568220138549805,6.481382369995117,-0.5186176300048828,0.5186176300048828
external_development_validation,143,149.0,Samos 2020 M7.0,7.0,3,6.832507133483887,-0.16749286651611328,0.16749286651611328,6.883838653564453,-0.11616134643554688,0.11616134643554688,6.868446350097656,-0.13155364990234375,0.13155364990234375,6.714317798614502,-0.28568220138549805,0.28568220138549805,6.481382369995117,-0.5186176300048828,0.5186176300048828
external_development_validation,144,150.0,Samos 2020 M7.0,7.0,3,6.831816673278809,-0.1681833267211914,0.1681833267211914,6.881584167480469,-0.11841583251953125,0.11841583251953125,6.868446350097656,-0.13155364990234375,0.13155364990234375,6.714317798614502,-0.28568220138549805,0.28568220138549805,6.481382369995117,-0.5186176300048828,0.5186176300048828
external_development_validation,145,151.0,Samos 2020 M7.0,7.0,3,6.840814113616943,-0.15918588638305664,0.15918588638305664,6.881313323974609,-0.11868667602539062,0.11868667602539062,6.868446350097656,-0.13155364990234375,0.13155364990234375,6.714317798614502,-0.28568220138549805,0.28568220138549805,6.481382369995117,-0.5186176300048828,0.5186176300048828
external_development_validation,146,152.0,Samos 2020 M7.0,7.0,3,6.84220027923584,-0.15779972076416016,0.15779972076416016,6.877864837646484,-0.12213516235351562,0.12213516235351562,6.868446350097656,-0.13155364990234375,0.13155364990234375,6.714317798614502,-0.28568220138549805,0.28568220138549805,6.481382369995117,-0.5186176300048828,0.5186176300048828
external_development_validation,147,153.0,Samos 2020 M7.0,7.0,3,6.842187404632568,-0.15781259536743164,0.15781259536743164,6.871677398681641,-0.12832260131835938,0.12832260131835938,6.868446350097656,-0.13155364990234375,0.13155364990234375,6.714317798614502,-0.28568220138549805,0.28568220138549805,6.481382369995117,-0.5186176300048828,0.5186176300048828
external_development_validation,148,154.0,Samos 2020 M7.0,7.0,3,6.842169761657715,-0.15783023834228516,0.15783023834228516,6.862796783447266,-0.13720321655273438,0.13720321655273438,6.868446350097656,-0.13155364990234375,0.13155364990234375,6.714317798614502,-0.28568220138549805,0.28568220138549805,6.481382369995117,-0.5186176300048828,0.5186176300048828
external_development_validation,149,155.0,Samos 2020 M7.0,7.0,3,6.842128753662109,-0.15787124633789062,0.15787124633789062,6.851279258728027,-0.14872074127197266,0.14872074127197266,6.868446350097656,-0.13155364990234375,0.13155364990234375,6.714317798614502,-0.28568220138549805,0.28568220138549805,6.481382369995117,-0.5186176300048828,0.5186176300048828
external_development_validation,150,156.0,Samos 2020 M7.0,7.0,3,6.842067718505859,-0.15793228149414062,0.15793228149414062,6.842610836029053,-0.15738916397094727,0.15738916397094727,6.868446350097656,-0.13155364990234375,0.13155364990234375,6.714317798614502,-0.28568220138549805,0.28568220138549805,6.481382369995117,-0.5186176300048828,0.5186176300048828
external_development_validation,151,157.0,Samos 2020 M7.0,7.0,3,6.841999053955078,-0.15800094604492188,0.15800094604492188,6.8379974365234375,-0.1620025634765625,0.1620025634765625,6.868446350097656,-0.13155364990234375,0.13155364990234375,6.714317798614502,-0.28568220138549805,0.28568220138549805,6.481382369995117,-0.5186176300048828,0.5186176300048828
external_development_validation,152,158.0,Samos 2020 M7.0,7.0,3,6.841925621032715,-0.15807437896728516,0.15807437896728516,6.834672451019287,-0.1653275489807129,0.1653275489807129,6.868446350097656,-0.13155364990234375,0.13155364990234375,6.714317798614502,-0.28568220138549805,0.28568220138549805,6.481382369995117,-0.5186176300048828,0.5186176300048828
external_development_validation,153,159.0,Samos 2020 M7.0,7.0,3,6.8418402671813965,-0.15815973281860352,0.15815973281860352,6.830728054046631,-0.16927194595336914,0.16927194595336914,6.868446350097656,-0.13155364990234375,0.13155364990234375,6.714317798614502,-0.28568220138549805,0.28568220138549805,6.481382369995117,-0.5186176300048828,0.5186176300048828
external_development_validation,154,160.0,Samos 2020 M7.0,7.0,3,6.841762542724609,-0.15823745727539062,0.15823745727539062,6.829952239990234,-0.17004776000976562,0.17004776000976562,6.868446350097656,-0.13155364990234375,0.13155364990234375,6.714317798614502,-0.28568220138549805,0.28568220138549805,6.481382369995117,-0.5186176300048828,0.5186176300048828
external_development_validation,155,161.0,Samos 2020 M7.0,7.0,3,6.8417067527771,-0.1582932472229004,0.1582932472229004,6.831901550292969,-0.16809844970703125,0.16809844970703125,6.868446350097656,-0.13155364990234375,0.13155364990234375,6.714317798614502,-0.28568220138549805,0.28568220138549805,6.481382369995117,-0.5186176300048828,0.5186176300048828
external_development_validation,156,162.0,Samos 2020 M7.0,7.0,3,6.841677665710449,-0.15832233428955078,0.15832233428955078,6.833988189697266,-0.16601181030273438,0.16601181030273438,6.868446350097656,-0.13155364990234375,0.13155364990234375,6.714317798614502,-0.28568220138549805,0.28568220138549805,6.481382369995117,-0.5186176300048828,0.5186176300048828
external_development_validation,157,163.0,Samos 2020 M7.0,7.0,3,6.841670036315918,-0.15832996368408203,0.15832996368408203,6.8350067138671875,-0.1649932861328125,0.1649932861328125,6.868446350097656,-0.13155364990234375,0.13155364990234375,6.714317798614502,-0.28568220138549805,0.28568220138549805,6.481382369995117,-0.5186176300048828,0.5186176300048828
external_development_validation,158,164.0,Samos 2020 M7.0,7.0,3,6.841677665710449,-0.15832233428955078,0.15832233428955078,6.834855556488037,-0.1651444435119629,0.1651444435119629,6.868446350097656,-0.13155364990234375,0.13155364990234375,6.714317798614502,-0.28568220138549805,0.28568220138549805,6.481382369995117,-0.5186176300048828,0.5186176300048828
external_development_validation,159,165.0,Samos 2020 M7.0,7.0,3,6.841683864593506,-0.15831613540649414,0.15831613540649414,6.832411766052246,-0.1675882339477539,0.1675882339477539,6.868446350097656,-0.13155364990234375,0.13155364990234375,6.714317798614502,-0.28568220138549805,0.28568220138549805,6.481382369995117,-0.5186176300048828,0.5186176300048828
external_development_validation,160,166.0,Samos 2020 M7.0,7.0,3,6.84168004989624,-0.15831995010375977,0.15831995010375977,6.829562187194824,-0.17043781280517578,0.17043781280517578,6.868446350097656,-0.13155364990234375,0.13155364990234375,6.714317798614502,-0.28568220138549805,0.28568220138549805,6.481382369995117,-0.5186176300048828,0.5186176300048828
external_development_validation,161,167.0,Samos 2020 M7.0,7.0,3,6.841670989990234,-0.15832901000976562,0.15832901000976562,6.827443599700928,-0.17255640029907227,0.17255640029907227,6.868446350097656,-0.13155364990234375,0.13155364990234375,6.714317798614502,-0.28568220138549805,0.28568220138549805,6.481382369995117,-0.5186176300048828,0.5186176300048828
external_development_validation,162,168.0,Samos 2020 M7.0,7.0,3,6.841663360595703,-0.15833663940429688,0.15833663940429688,6.826178550720215,-0.17382144927978516,0.17382144927978516,6.868446350097656,-0.13155364990234375,0.13155364990234375,6.714317798614502,-0.28568220138549805,0.28568220138549805,6.481382369995117,-0.5186176300048828,0.5186176300048828
external_development_validation,163,169.0,Samos 2020 M7.0,7.0,3,6.84164571762085,-0.1583542823791504,0.1583542823791504,6.82358455657959,-0.17641544342041016,0.17641544342041016,6.868446350097656,-0.13155364990234375,0.13155364990234375,6.714317798614502,-0.28568220138549805,0.28568220138549805,6.481382369995117,-0.5186176300048828,0.5186176300048828
external_development_validation,164,170.0,Samos 2020 M7.0,7.0,3,6.8415985107421875,-0.1584014892578125,0.1584014892578125,6.819561004638672,-0.18043899536132812,0.18043899536132812,6.868446350097656,-0.13155364990234375,0.13155364990234375,6.714317798614502,-0.28568220138549805,0.28568220138549805,6.481382369995117,-0.5186176300048828,0.5186176300048828
external_development_validation,165,171.0,Samos 2020 M7.0,7.0,3,6.841521263122559,-0.1584787368774414,0.1584787368774414,6.815436363220215,-0.18456363677978516,0.18456363677978516,6.868446350097656,-0.13155364990234375,0.13155364990234375,6.714317798614502,-0.28568220138549805,0.28568220138549805,6.481382369995117,-0.5186176300048828,0.5186176300048828
external_development_validation,166,172.0,Samos 2020 M7.0,7.0,3,6.841433525085449,-0.15856647491455078,0.15856647491455078,6.8135833740234375,-0.1864166259765625,0.1864166259765625,6.868446350097656,-0.13155364990234375,0.13155364990234375,6.714317798614502,-0.28568220138549805,0.28568220138549805,6.481382369995117,-0.5186176300048828,0.5186176300048828
external_development_validation,167,173.0,Samos 2020 M7.0,7.0,3,6.841361045837402,-0.15863895416259766,0.15863895416259766,6.814809322357178,-0.18519067764282227,0.18519067764282227,6.868446350097656,-0.13155364990234375,0.13155364990234375,6.714317798614502,-0.28568220138549805,0.28568220138549805,6.481382369995117,-0.5186176300048828,0.5186176300048828
external_development_validation,168,174.0,Samos 2020 M7.0,7.0,3,6.841320037841797,-0.15867996215820312,0.15867996215820312,6.817174434661865,-0.18282556533813477,0.18282556533813477,6.868446350097656,-0.13155364990234375,0.13155364990234375,6.714317798614502,-0.28568220138549805,0.28568220138549805,6.481382369995117,-0.5186176300048828,0.5186176300048828
external_development_validation,169,175.0,Samos 2020 M7.0,7.0,3,6.841317653656006,-0.15868234634399414,0.15868234634399414,6.8198676109313965,-0.18013238906860352,0.18013238906860352,6.868446350097656,-0.13155364990234375,0.13155364990234375,6.714317798614502,-0.28568220138549805,0.28568220138549805,6.481382369995117,-0.5186176300048828,0.5186176300048828
external_development_validation,170,176.0,Samos 2020 M7.0,7.0,3,6.841327667236328,-0.15867233276367188,0.15867233276367188,6.819904327392578,-0.18009567260742188,0.18009567260742188,6.868446350097656,-0.13155364990234375,0.13155364990234375,6.714317798614502,-0.28568220138549805,0.28568220138549805,6.481382369995117,-0.5186176300048828,0.5186176300048828
external_development_validation,171,177.0,Samos 2020 M7.0,7.0,3,6.841330528259277,-0.15866947174072266,0.15866947174072266,6.818302154541016,-0.18169784545898438,0.18169784545898438,6.868446350097656,-0.13155364990234375,0.13155364990234375,6.714317798614502,-0.28568220138549805,0.28568220138549805,6.481382369995117,-0.5186176300048828,0.5186176300048828
external_development_validation,172,178.0,Samos 2020 M7.0,7.0,3,6.841312408447266,-0.15868759155273438,0.15868759155273438,6.815677642822266,-0.18432235717773438,0.18432235717773438,6.868446350097656,-0.13155364990234375,0.13155364990234375,6.714317798614502,-0.28568220138549805,0.28568220138549805,6.481382369995117,-0.5186176300048828,0.5186176300048828
external_development_validation,173,179.0,Samos 2020 M7.0,7.0,3,6.841269493103027,-0.15873050689697266,0.15873050689697266,6.8129072189331055,-0.18709278106689453,0.18709278106689453,6.868446350097656,-0.13155364990234375,0.13155364990234375,6.714317798614502,-0.28568220138549805,0.28568220138549805,6.481382369995117,-0.5186176300048828,0.5186176300048828
external_development_validation,174,180.0,Samos 2020 M7.0,7.0,3,6.8411993980407715,-0.15880060195922852,0.15880060195922852,6.810118675231934,-0.1898813247680664,0.1898813247680664,6.868446350097656,-0.13155364990234375,0.13155364990234375,6.714317798614502,-0.28568220138549805,0.28568220138549805,6.481382369995117,-0.5186176300048828,0.5186176300048828
external_development_validation,175,181.0,Samos 2020 M7.0,7.0,3,6.8411102294921875,-0.1588897705078125,0.1588897705078125,6.808208465576172,-0.19179153442382812,0.19179153442382812,6.868446350097656,-0.13155364990234375,0.13155364990234375,6.714317798614502,-0.28568220138549805,0.28568220138549805,6.481382369995117,-0.5186176300048828,0.5186176300048828
external_development_validation,176,182.0,Samos 2020 M7.0,7.0,3,6.841006278991699,-0.15899372100830078,0.15899372100830078,6.8066229820251465,-0.19337701797485352,0.19337701797485352,6.868446350097656,-0.13155364990234375,0.13155364990234375,6.714317798614502,-0.28568220138549805,0.28568220138549805,6.481382369995117,-0.5186176300048828,0.5186176300048828
external_development_validation,177,183.0,Samos 2020 M7.0,7.0,3,6.840882778167725,-0.1591172218322754,0.1591172218322754,6.804818630218506,-0.19518136978149414,0.19518136978149414,6.868446350097656,-0.13155364990234375,0.13155364990234375,6.714317798614502,-0.28568220138549805,0.28568220138549805,6.481382369995117,-0.5186176300048828,0.5186176300048828
external_development_validation,178,184.0,Samos 2020 M7.0,7.0,3,6.840722560882568,-0.15927743911743164,0.15927743911743164,6.801841735839844,-0.19815826416015625,0.19815826416015625,6.868446350097656,-0.13155364990234375,0.13155364990234375,6.714317798614502,-0.28568220138549805,0.28568220138549805,6.481382369995117,-0.5186176300048828,0.5186176300048828
external_development_validation,179,185.0,Samos 2020 M7.0,7.0,3,6.840501308441162,-0.1594986915588379,0.1594986915588379,6.797198295593262,-0.20280170440673828,0.20280170440673828,6.868446350097656,-0.13155364990234375,0.13155364990234375,6.714317798614502,-0.28568220138549805,0.28568220138549805,6.481382369995117,-0.5186176300048828,0.5186176300048828
external_development_validation,180,186.0,Samos 2020 M7.0,7.0,3,6.840188503265381,-0.15981149673461914,0.15981149673461914,6.790630340576172,-0.20936965942382812,0.20936965942382812,6.868446350097656,-0.13155364990234375,0.13155364990234375,6.714317798614502,-0.28568220138549805,0.28568220138549805,6.481382369995117,-0.5186176300048828,0.5186176300048828
external_development_validation,181,187.0,Samos 2020 M7.0,7.0,3,6.839794158935547,-0.16020584106445312,0.16020584106445312,6.784991264343262,-0.21500873565673828,0.21500873565673828,6.868446350097656,-0.13155364990234375,0.13155364990234375,6.714317798614502,-0.28568220138549805,0.28568220138549805,6.481382369995117,-0.5186176300048828,0.5186176300048828
external_development_validation,182,188.0,Samos 2020 M7.0,7.0,3,6.839349269866943,-0.16065073013305664,0.16065073013305664,6.781913757324219,-0.21808624267578125,0.21808624267578125,6.868446350097656,-0.13155364990234375,0.13155364990234375,6.714317798614502,-0.28568220138549805,0.28568220138549805,6.481382369995117,-0.5186176300048828,0.5186176300048828
external_development_validation,183,189.0,Samos 2020 M7.0,7.0,3,6.838883876800537,-0.1611161231994629,0.1611161231994629,6.780517578125,-0.219482421875,0.219482421875,6.868446350097656,-0.13155364990234375,0.13155364990234375,6.714317798614502,-0.28568220138549805,0.28568220138549805,6.481382369995117,-0.5186176300048828,0.5186176300048828
external_development_validation,184,190.0,Samos 2020 M7.0,7.0,3,6.838399410247803,-0.16160058975219727,0.16160058975219727,6.779482841491699,-0.22051715850830078,0.22051715850830078,6.868446350097656,-0.13155364990234375,0.13155364990234375,6.714317798614502,-0.28568220138549805,0.28568220138549805,6.481382369995117,-0.5186176300048828,0.5186176300048828
external_development_validation,185,191.0,Samos 2020 M7.0,7.0,3,6.8379034996032715,-0.16209650039672852,0.16209650039672852,6.778811454772949,-0.22118854522705078,0.22118854522705078,6.868446350097656,-0.13155364990234375,0.13155364990234375,6.714317798614502,-0.28568220138549805,0.28568220138549805,6.481382369995117,-0.5186176300048828,0.5186176300048828
external_development_validation,186,192.0,Samos 2020 M7.0,7.0,3,6.837365627288818,-0.16263437271118164,0.16263437271118164,6.776103973388672,-0.22389602661132812,0.22389602661132812,6.868446350097656,-0.13155364990234375,0.13155364990234375,6.714317798614502,-0.28568220138549805,0.28568220138549805,6.481382369995117,-0.5186176300048828,0.5186176300048828
external_development_validation,187,193.0,Samos 2020 M7.0,7.0,3,6.8366804122924805,-0.16331958770751953,0.16331958770751953,6.767026424407959,-0.23297357559204102,0.23297357559204102,6.868446350097656,-0.13155364990234375,0.13155364990234375,6.714317798614502,-0.28568220138549805,0.28568220138549805,6.481382369995117,-0.5186176300048828,0.5186176300048828
external_development_validation,188,194.0,Samos 2020 M7.0,7.0,3,6.835765838623047,-0.16423416137695312,0.16423416137695312,6.752974510192871,-0.2470254898071289,0.2470254898071289,6.868446350097656,-0.13155364990234375,0.13155364990234375,6.714317798614502,-0.28568220138549805,0.28568220138549805,6.481382369995117,-0.5186176300048828,0.5186176300048828
external_development_validation,189,195.0,Samos 2020 M7.0,7.0,3,6.83469295501709,-0.16530704498291016,0.16530704498291016,6.74334716796875,-0.25665283203125,0.25665283203125,6.868446350097656,-0.13155364990234375,0.13155364990234375,6.714317798614502,-0.28568220138549805,0.28568220138549805,6.481382369995117,-0.5186176300048828,0.5186176300048828
external_development_validation,190,196.0,Samos 2020 M7.0,7.0,3,6.833656311035156,-0.16634368896484375,0.16634368896484375,6.746207237243652,-0.25379276275634766,0.25379276275634766,6.868446350097656,-0.13155364990234375,0.13155364990234375,6.714317798614502,-0.28568220138549805,0.28568220138549805,6.481382369995117,-0.5186176300048828,0.5186176300048828
external_development_validation,191,197.0,Samos 2020 M7.0,7.0,3,6.832889556884766,-0.16711044311523438,0.16711044311523438,6.762382507324219,-0.23761749267578125,0.23761749267578125,6.868446350097656,-0.13155364990234375,0.13155364990234375,6.714317798614502,-0.28568220138549805,0.28568220138549805,6.481382369995117,-0.5186176300048828,0.5186176300048828
external_development_validation,192,198.0,Samos 2020 M7.0,7.0,3,6.832526206970215,-0.16747379302978516,0.16747379302978516,6.784474849700928,-0.21552515029907227,0.21552515029907227,6.868446350097656,-0.13155364990234375,0.13155364990234375,6.714317798614502,-0.28568220138549805,0.28568220138549805,6.481382369995117,-0.5186176300048828,0.5186176300048828
external_development_validation,193,199.0,Samos 2020 M7.0,7.0,3,6.832528591156006,-0.16747140884399414,0.16747140884399414,6.802541255950928,-0.19745874404907227,0.19745874404907227,6.868446350097656,-0.13155364990234375,0.13155364990234375,6.714317798614502,-0.28568220138549805,0.28568220138549805,6.481382369995117,-0.5186176300048828,0.5186176300048828
external_development_validation,194,200.0,Samos 2020 M7.0,7.0,3,6.832752227783203,-0.16724777221679688,0.16724777221679688,6.812190055847168,-0.18780994415283203,0.18780994415283203,6.868446350097656,-0.13155364990234375,0.13155364990234375,6.714317798614502,-0.28568220138549805,0.28568220138549805,6.481382369995117,-0.5186176300048828,0.5186176300048828
external_development_validation,195,201.0,Samos 2020 M7.0,7.0,3,6.833098411560059,-0.1669015884399414,0.1669015884399414,6.8165435791015625,-0.1834564208984375,0.1834564208984375,6.868446350097656,-0.13155364990234375,0.13155364990234375,6.714317798614502,-0.28568220138549805,0.28568220138549805,6.481382369995117,-0.5186176300048828,0.5186176300048828
external_development_validation,196,202.0,Samos 2020 M7.0,7.0,3,6.8335723876953125,-0.1664276123046875,0.1664276123046875,6.821094512939453,-0.17890548706054688,0.17890548706054688,6.868446350097656,-0.13155364990234375,0.13155364990234375,6.714317798614502,-0.28568220138549805,0.28568220138549805,6.481382369995117,-0.5186176300048828,0.5186176300048828
external_development_validation,197,203.0,Samos 2020 M7.0,7.0,3,6.834227561950684,-0.1657724380493164,0.1657724380493164,6.827811241149902,-0.17218875885009766,0.17218875885009766,6.868446350097656,-0.13155364990234375,0.13155364990234375,6.714317798614502,-0.28568220138549805,0.28568220138549805,6.481382369995117,-0.5186176300048828,0.5186176300048828
external_development_validation,198,204.0,Samos 2020 M7.0,7.0,3,6.835033416748047,-0.16496658325195312,0.16496658325195312,6.8331098556518555,-0.16689014434814453,0.16689014434814453,6.868446350097656,-0.13155364990234375,0.13155364990234375,6.714317798614502,-0.28568220138549805,0.28568220138549805,6.481382369995117,-0.5186176300048828,0.5186176300048828
external_development_validation,199,205.0,Samos 2020 M7.0,7.0,3,6.835877895355225,-0.1641221046447754,0.1641221046447754,6.83335018157959,-0.16664981842041016,0.16664981842041016,6.868446350097656,-0.13155364990234375,0.13155364990234375,6.714317798614502,-0.28568220138549805,0.28568220138549805,6.481382369995117,-0.5186176300048828,0.5186176300048828
external_development_validation,200,206.0,Samos 2020 M7.0,7.0,3,6.836676597595215,-0.16332340240478516,0.16332340240478516,6.830374717712402,-0.16962528228759766,0.16962528228759766,6.868446350097656,-0.13155364990234375,0.13155364990234375,6.714317798614502,-0.28568220138549805,0.28568220138549805,6.481382369995117,-0.5186176300048828,0.5186176300048828
external_development_validation,20,26.0,Sand 2025 M7.3,7.3,45,7.697240352630615,0.3972403526306154,0.3972403526306154,8.882570266723633,1.582570266723633,1.582570266723633,7.708733558654785,0.40873355865478533,0.40873355865478533,6.961319446563721,-0.3386805534362791,0.3386805534362791,6.774033069610596,-0.5259669303894041,0.5259669303894041
external_development_validation,21,27.0,Sand 2025 M7.3,7.3,45,7.704537868499756,0.40453786849975604,0.40453786849975604,8.891029357910156,1.5910293579101564,1.5910293579101564,7.708670139312744,0.4086701393127443,0.4086701393127443,6.961335182189941,-0.3386648178100584,0.3386648178100584,6.774050235748291,-0.5259497642517088,0.5259497642517088
external_development_validation,22,28.0,Sand 2025 M7.3,7.3,45,7.713461875915527,0.4134618759155275,0.4134618759155275,8.855929374694824,1.5559293746948244,1.5559293746948244,7.708559036254883,0.408559036254883,0.408559036254883,6.982446193695068,-0.31755380630493146,0.31755380630493146,6.796154975891113,-0.5038450241088865,0.5038450241088865
external_development_validation,23,29.0,Sand 2025 M7.3,7.3,45,7.723567962646484,0.42356796264648455,0.42356796264648455,8.83393383026123,1.5339338302612306,1.5339338302612306,7.744336128234863,0.44433612823486346,0.44433612823486346,7.126830577850342,-0.17316942214965803,0.17316942214965803,6.952476978302002,-0.34752302169799787,0.34752302169799787
external_development_validation,24,30.0,Sand 2025 M7.3,7.3,45,7.734374046325684,0.43437404632568377,0.43437404632568377,8.809825897216797,1.509825897216797,1.509825897216797,7.769326210021973,0.46932621002197283,0.46932621002197283,7.126565933227539,-0.17343406677246076,0.17343406677246076,6.9521870613098145,-0.34781293869018537,0.34781293869018537
external_development_validation,25,31.0,Sand 2025 M7.3,7.3,45,7.745429039001465,0.445429039001465,0.445429039001465,8.674152374267578,1.3741523742675783,1.3741523742675783,7.7692999839782715,0.46929998397827166,0.46929998397827166,7.128796100616455,-0.17120389938354474,0.17120389938354474,6.957921028137207,-0.3420789718627928,0.3420789718627928
external_development_validation,26,32.0,Sand 2025 M7.3,7.3,45,7.756697654724121,0.45669765472412127,0.45669765472412127,8.69216537475586,1.3921653747558596,1.3921653747558596,7.7691168785095215,0.46911687850952166,0.46911687850952166,7.128546714782715,-0.17145328521728498,0.17145328521728498,6.957647323608398,-0.3423526763916014,0.3423526763916014
external_development_validation,27,33.0,Sand 2025 M7.3,7.3,45,7.767889976501465,0.467889976501465,0.467889976501465,8.630277633666992,1.3302776336669924,1.3302776336669924,7.769049167633057,0.4690491676330568,0.4690491676330568,7.128454208374023,-0.17154579162597638,0.17154579162597638,6.957545757293701,-0.34245424270629865,0.34245424270629865
external_development_validation,28,34.0,Sand 2025 M7.3,7.3,45,7.779021263122559,0.47902126312255877,0.47902126312255877,8.61911678314209,1.31911678314209,1.31911678314209,7.769105911254883,0.469105911254883,0.469105911254883,7.1285319328308105,-0.17146806716918928,0.17146806716918928,6.9576311111450195,-0.3423688888549803,0.3423688888549803
external_development_validation,29,35.0,Sand 2025 M7.3,7.3,45,7.790017604827881,0.49001760482788104,0.49001760482788104,8.545400619506836,1.2454006195068361,1.2454006195068361,7.769125461578369,0.4691254615783693,0.4691254615783693,7.12855863571167,-0.1714413642883299,0.1714413642883299,6.95766019821167,-0.3423398017883299,0.3423398017883299
external_development_validation,30,36.0,Sand 2025 M7.3,7.3,45,7.801032066345215,0.501032066345215,0.501032066345215,8.542985916137695,1.2429859161376955,1.2429859161376955,7.769083023071289,0.46908302307128924,0.46908302307128924,7.128500461578369,-0.17149953842163068,0.17149953842163068,6.957596778869629,-0.3424032211303709,0.3424032211303709
external_development_validation,31,37.0,Sand 2025 M7.3,7.3,45,7.81195592880249,0.5119559288024904,0.5119559288024904,8.494059562683105,1.1940595626831056,1.1940595626831056,7.769291400909424,0.469291400909424,0.469291400909424,7.128784656524658,-0.17121534347534162,0.17121534347534162,6.9579081535339355,-0.3420918464660643,0.3420918464660643
external_development_validation,32,38.0,Sand 2025 M7.3,7.3,45,7.822826385498047,0.522826385498047,0.522826385498047,8.48409652709961,1.1840965270996096,1.1840965270996096,7.76953649520874,0.4695364952087404,0.4695364952087404,7.1291184425354,-0.17088155746459943,0.17088155746459943,6.9582743644714355,-0.3417256355285643,0.3417256355285643
external_development_validation,33,39.0,Sand 2025 M7.3,7.3,45,7.833477020263672,0.533477020263672,0.533477020263672,8.432270050048828,1.1322700500488283,1.1322700500488283,7.769571781158447,0.46957178115844744,0.46957178115844744,7.1285552978515625,-0.17144470214843732,0.17144470214843732,6.957944869995117,-0.34205513000488263,0.34205513000488263
external_development_validation,34,40.0,Sand 2025 M7.3,7.3,45,7.844313621520996,0.5443136215209963,0.5443136215209963,8.471769332885742,1.1717693328857424,1.1717693328857424,7.773422718048096,0.4734227180480959,0.4734227180480959,7.129125595092773,-0.17087440490722638,0.17087440490722638,6.958282470703125,-0.3417175292968748,0.3417175292968748
external_development_validation,35,41.0,Sand 2025 M7.3,7.3,45,7.854959011077881,0.554959011077881,0.554959011077881,8.436805725097656,1.1368057250976564,1.1368057250976564,7.780669689178467,0.480669689178467,0.480669689178467,7.137176036834717,-0.16282396316528303,0.16282396316528303,6.9674072265625,-0.3325927734374998,0.3325927734374998
external_development_validation,36,42.0,Sand 2025 M7.3,7.3,45,7.8655104637146,0.5655104637145998,0.5655104637145998,8.38829231262207,1.0882923126220705,1.0882923126220705,7.7839436531066895,0.48394365310668963,0.48394365310668963,7.141633033752441,-0.15836696624755842,0.15836696624755842,6.972299098968506,-0.32770090103149396,0.32770090103149396
external_development_validation,37,43.0,Sand 2025 M7.3,7.3,45,7.875894069671631,0.575894069671631,0.575894069671631,8.337890625,1.0378906250000002,1.0378906250000002,7.789531707763672,0.48953170776367205,0.48953170776367205,7.1492390632629395,-0.15076093673706037,0.15076093673706037,6.980648040771484,-0.31935195922851545,0.31935195922851545
external_development_validation,38,44.0,Sand 2025 M7.3,7.3,45,7.886186122894287,0.5861861228942873,0.5861861228942873,8.30549430847168,1.0054943084716799,1.0054943084716799,7.789659023284912,0.4896590232849123,0.4896590232849123,7.148437976837158,-0.15156202316284162,0.15156202316284162,6.979768753051758,-0.320231246948242,0.320231246948242
external_development_validation,39,45.0,Sand 2025 M7.3,7.3,45,7.896266937255859,0.5962669372558596,0.5962669372558596,8.211257934570312,0.9112579345703127,0.9112579345703127,7.798060894012451,0.49806089401245135,0.49806089401245135,7.147908687591553,-0.1520913124084471,0.1520913124084471,6.979187965393066,-0.3208120346069334,0.3208120346069334
external_development_validation,40,46.0,Sand 2025 M7.3,7.3,45,7.906203269958496,0.6062032699584963,0.6062032699584963,8.14181900024414,0.8418190002441408,0.8418190002441408,7.797786712646484,0.49778671264648455,0.49778671264648455,7.147364616394043,-0.15263538360595685,0.15263538360595685,6.978590965270996,-0.32140903472900373,0.32140903472900373
external_development_validation,41,47.0,Sand 2025 M7.3,7.3,45,7.915868282318115,0.6158682823181154,0.6158682823181154,8.050211906433105,0.7502119064331056,0.7502119064331056,7.801899433135986,0.5018994331359865,0.5018994331359865,7.150428295135498,-0.14957170486450178,0.14957170486450178,6.9823408126831055,-0.31765918731689435,0.31765918731689435
external_development_validation,42,48.0,Sand 2025 M7.3,7.3,45,7.925601005554199,0.6256010055541994,0.6256010055541994,8.044248580932617,0.7442485809326174,0.7442485809326174,7.80196475982666,0.5019647598266603,0.5019647598266603,7.149539470672607,-0.1504605293273924,0.1504605293273924,6.981364727020264,-0.31863527297973615,0.31863527297973615
external_development_validation,43,49.0,Sand 2025 M7.3,7.3,45,7.9353790283203125,0.6353790283203127,0.6353790283203127,8.030170440673828,0.7301704406738283,0.7301704406738283,7.801899433135986,0.5018994331359865,0.5018994331359865,7.152897834777832,-0.1471021652221678,0.1471021652221678,6.984251499176025,-0.31574850082397443,0.31574850082397443
external_development_validation,44,50.0,Sand 2025 M7.3,7.3,45,7.94512939453125,0.6451293945312502,0.6451293945312502,8.012282371520996,0.7122823715209963,0.7122823715209963,7.8018598556518555,0.5018598556518556,0.5018598556518556,7.151987552642822,-0.14801244735717756,0.14801244735717756,6.98325252532959,-0.31674747467041,0.31674747467041
external_development_validation,45,51.0,Sand 2025 M7.3,7.3,45,7.954684257507324,0.6546842575073244,0.6546842575073244,7.986470699310303,0.6864706993103029,0.6864706993103029,7.8019280433654785,0.5019280433654787,0.5019280433654787,7.150955677032471,-0.14904432296752912,0.14904432296752912,6.982120990753174,-0.317879009246826,0.317879009246826
external_development_validation,46,52.0,Sand 2025 M7.3,7.3,45,7.964200496673584,0.6642004966735842,0.6642004966735842,7.994443416595459,0.6944434165954592,0.6944434165954592,7.802221298217773,0.5022212982177736,0.5022212982177736,7.150254249572754,-0.14974575042724592,0.14974575042724592,6.981350898742676,-0.31864910125732404,0.31864910125732404
external_development_validation,47,53.0,Sand 2025 M7.3,7.3,45,7.973479270935059,0.6734792709350588,0.6734792709350588,7.983440399169922,0.683440399169922,0.683440399169922,7.802408695220947,0.5024086952209474,0.5024086952209474,7.162759780883789,-0.13724021911621076,0.13724021911621076,6.9971113204956055,-0.30288867950439435,0.30288867950439435
external_development_validation,48,54.0,Sand 2025 M7.3,7.3,45,7.9826483726501465,0.6826483726501467,0.6826483726501467,7.960916042327881,0.660916042327881,0.660916042327881,7.8031182289123535,0.5031182289123537,0.5031182289123537,7.177295684814453,-0.1227043151855467,0.1227043151855467,7.011014938354492,-0.28898506164550763,0.28898506164550763
external_development_validation,49,55.0,Sand 2025 M7.3,7.3,45,7.991631984710693,0.6916319847106935,0.6916319847106935,7.8626227378845215,0.5626227378845217,0.5626227378845217,7.8028998374938965,0.5028998374938967,0.5028998374938967,7.177424907684326,-0.12257509231567365,0.12257509231567365,7.0111565589904785,-0.2888434410095213,0.2888434410095213
external_development_validation,50,56.0,Sand 2025 M7.3,7.3,45,8.000808715820312,0.7008087158203127,0.7008087158203127,7.9030890464782715,0.6030890464782717,0.6030890464782717,7.818567752838135,0.5185677528381349,0.5185677528381349,7.195737361907959,-0.10426263809204084,0.10426263809204084,7.031387805938721,-0.2686121940612791,0.2686121940612791
external_development_validation,51,57.0,Sand 2025 M7.3,7.3,45,8.010062217712402,0.7100622177124025,0.7100622177124025,7.920604705810547,0.620604705810547,0.620604705810547,7.818459510803223,0.5184595108032228,0.5184595108032228,7.195590496063232,-0.1044095039367674,0.1044095039367674,7.031226634979248,-0.2687733650207518,0.2687733650207518
external_development_validation,52,58.0,Sand 2025 M7.3,7.3,45,8.019380569458008,0.719380569458008,0.719380569458008,7.937236785888672,0.637236785888672,0.637236785888672,7.8181657791137695,0.5181657791137697,0.5181657791137697,7.1951904296875,-0.10480957031249982,0.10480957031249982,7.030787467956543,-0.26921253204345685,0.26921253204345685
external_development_validation,53,59.0,Sand 2025 M7.3,7.3,45,8.02869987487793,0.7286998748779299,0.7286998748779299,7.951704978942871,0.6517049789428713,0.6517049789428713,7.817828178405762,0.5178281784057619,0.5178281784057619,7.19473123550415,-0.10526876449584943,0.10526876449584943,7.030283451080322,-0.26971654891967756,0.26971654891967756
external_development_validation,54,60.0,Sand 2025 M7.3,7.3,45,8.037851333618164,0.7378513336181642,0.7378513336181642,7.899198055267334,0.5991980552673342,0.5991980552673342,7.817764759063721,0.5177647590637209,0.5177647590637209,7.194643974304199,-0.1053560256958006,0.1053560256958006,7.030188083648682,-0.2698119163513182,0.2698119163513182
external_development_validation,55,61.0,Sand 2025 M7.3,7.3,45,8.046850204467773,0.7468502044677736,0.7468502044677736,7.866461753845215,0.566461753845215,0.566461753845215,7.817570686340332,0.5175706863403322,0.5175706863403322,7.194380283355713,-0.10561971664428693,0.10561971664428693,7.029898643493652,-0.2701013565063475,0.2701013565063475
external_development_validation,56,62.0,Sand 2025 M7.3,7.3,45,8.05573558807373,0.7557355880737306,0.7557355880737306,7.8550848960876465,0.5550848960876467,0.5550848960876467,7.81741189956665,0.5174118995666506,0.5174118995666506,7.194163799285889,-0.10583620071411115,0.10583620071411115,7.029660701751709,-0.27033929824829084,0.27033929824829084
external_development_validation,57,63.0,Sand 2025 M7.3,7.3,45,8.064544677734375,0.7645446777343752,0.7645446777343752,7.849050045013428,0.5490500450134279,0.5490500450134279,7.817133903503418,0.5171339035034181,0.5171339035034181,7.193785667419434,-0.10621433258056623,0.10621433258056623,7.029245853424072,-0.27075414657592756,0.27075414657592756
external_development_validation,58,64.0,Sand 2025 M7.3,7.3,45,8.07335090637207,0.7733509063720705,0.7733509063720705,7.862041473388672,0.562041473388672,0.562041473388672,7.816969394683838,0.5169693946838381,0.5169693946838381,7.193561553955078,-0.1064384460449217,0.1064384460449217,7.0289998054504395,-0.27100019454956037,0.27100019454956037
external_development_validation,59,65.0,Sand 2025 M7.3,7.3,45,8.082091331481934,0.7820913314819338,0.7820913314819338,7.841281890869141,0.5412818908691408,0.5412818908691408,7.816753387451172,0.516753387451172,0.516753387451172,7.193267345428467,-0.10673265457153303,0.10673265457153303,7.028677463531494,-0.2713225364685057,0.2713225364685057
external_development_validation,60,66.0,Sand 2025 M7.3,7.3,45,8.090715408325195,0.7907154083251955,0.7907154083251955,7.839069366455078,0.5390693664550783,0.5390693664550783,7.816714763641357,0.5167147636413576,0.5167147636413576,7.1932148933410645,-0.10678510665893537,0.10678510665893537,7.028619289398193,-0.27138071060180646,0.27138071060180646
external_development_validation,61,67.0,Sand 2025 M7.3,7.3,45,8.099136352539062,0.7991363525390627,0.7991363525390627,7.824726104736328,0.5247261047363283,0.5247261047363283,7.816486358642578,0.5164863586425783,0.5164863586425783,7.192903995513916,-0.1070960044860838,0.1070960044860838,7.028278350830078,-0.2717216491699217,0.2717216491699217
external_development_validation,62,68.0,Sand 2025 M7.3,7.3,45,8.107536315917969,0.8075363159179689,0.8075363159179689,7.772456169128418,0.47245616912841815,0.47245616912841815,7.81614875793457,0.5161487579345705,0.5161487579345705,7.192444324493408,-0.10755567550659162,0.10755567550659162,7.027773857116699,-0.2722261428833006,0.2722261428833006
external_development_validation,63,69.0,Sand 2025 M7.3,7.3,45,8.112563133239746,0.8125631332397463,0.8125631332397463,7.7735090255737305,0.47350902557373065,0.47350902557373065,7.815859317779541,0.5158593177795412,0.5158593177795412,7.192049980163574,-0.1079500198364256,0.1079500198364256,7.027341365814209,-0.27265863418579084,0.27265863418579084
external_development_validation,64,70.0,Sand 2025 M7.3,7.3,45,8.11649227142334,0.81649227142334,0.81649227142334,7.757689476013184,0.45768947601318377,0.45768947601318377,7.815696716308594,0.5156967163085939,0.5156967163085939,7.191828727722168,-0.10817127227783185,0.10817127227783185,7.027098178863525,-0.27290182113647443,0.27290182113647443
external_development_validation,65,71.0,Sand 2025 M7.3,7.3,45,8.12043571472168,0.8204357147216799,0.8204357147216799,7.796199798583984,0.49619979858398455,0.49619979858398455,7.815495491027832,0.5154954910278322,0.5154954910278322,7.191555023193359,-0.10844497680664045,0.10844497680664045,7.026797771453857,-0.2732022285461424,0.2732022285461424
external_development_validation,66,72.0,Sand 2025 M7.3,7.3,45,8.124387741088867,0.8243877410888674,0.8243877410888674,7.806497097015381,0.506497097015381,0.506497097015381,7.8156585693359375,0.5156585693359377,0.5156585693359377,7.191776752471924,-0.108223247528076,0.108223247528076,7.027041435241699,-0.2729585647583006,0.2729585647583006
external_development_validation,67,73.0,Sand 2025 M7.3,7.3,45,8.128351211547852,0.8283512115478517,0.8283512115478517,7.786782741546631,0.48678274154663104,0.48678274154663104,7.815700054168701,0.5157000541687013,0.5157000541687013,7.19183349609375,-0.10816650390624982,0.10816650390624982,7.027103424072266,-0.2728965759277342,0.2728965759277342
external_development_validation,68,74.0,Sand 2025 M7.3,7.3,45,8.13231086730957,0.8323108673095705,0.8323108673095705,7.822762966156006,0.522762966156006,0.522762966156006,7.815406799316406,0.5154067993164064,0.5154067993164064,7.191433906555176,-0.10856609344482404,0.10856609344482404,7.026665210723877,-0.27333478927612287,0.27333478927612287
external_development_validation,69,75.0,Sand 2025 M7.3,7.3,45,8.136260032653809,0.8362600326538088,0.8362600326538088,7.8656325340271,0.5656325340270998,0.5656325340270998,7.815545558929443,0.5155455589294435,0.5155455589294435,7.191622734069824,-0.1083772659301756,0.1083772659301756,7.026872634887695,-0.2731273651123045,0.2731273651123045
external_development_validation,70,76.0,Sand 2025 M7.3,7.3,45,8.140205383300781,0.8402053833007814,0.8402053833007814,7.855709075927734,0.5557090759277346,0.5557090759277346,7.815347671508789,0.5153476715087892,0.5153476715087892,7.191353797912598,-0.10864620208740217,0.10864620208740217,7.026576995849609,-0.27342300415039045,0.27342300415039045
external_development_validation,71,77.0,Sand 2025 M7.3,7.3,45,8.144122123718262,0.8441221237182619,0.8441221237182619,7.797843933105469,0.4978439331054689,0.4978439331054689,7.81541109085083,0.5154110908508303,0.5154110908508303,7.191440105438232,-0.1085598945617674,0.1085598945617674,7.026671886444092,-0.273328113555908,0.273328113555908
external_development_validation,72,78.0,Sand 2025 M7.3,7.3,45,8.148042678833008,0.848042678833008,0.848042678833008,7.7412872314453125,0.4412872314453127,0.4412872314453127,7.815340995788574,0.5153409957885744,0.5153409957885744,7.191344738006592,-0.10865526199340803,0.10865526199340803,7.026566982269287,-0.2734330177307127,0.2734330177307127
external_development_validation,73,79.0,Sand 2025 M7.3,7.3,45,8.152724266052246,0.8527242660522463,0.8527242660522463,7.655203819274902,0.3552038192749025,0.3552038192749025,7.815268516540527,0.5152685165405275,0.5152685165405275,7.191246032714844,-0.10875396728515607,0.10875396728515607,7.026458740234375,-0.2735412597656248,0.2735412597656248
external_development_validation,74,80.0,Sand 2025 M7.3,7.3,45,8.160429954528809,0.8604299545288088,0.8604299545288088,7.625904083251953,0.3259040832519533,0.3259040832519533,7.815312385559082,0.5153123855590822,0.5153123855590822,7.191305160522461,-0.10869483947753888,0.10869483947753888,7.026524066925049,-0.273475933074951,0.273475933074951
external_development_validation,75,81.0,Sand 2025 M7.3,7.3,45,8.165335655212402,0.8653356552124025,0.8653356552124025,7.678565979003906,0.3785659790039064,0.3785659790039064,7.815375328063965,0.515375328063965,0.515375328063965,7.191391468048096,-0.10860853195190412,0.10860853195190412,7.026618480682373,-0.2733815193176268,0.2733815193176268
external_development_validation,76,82.0,Sand 2025 M7.3,7.3,45,8.170194625854492,0.8701946258544924,0.8701946258544924,7.6798248291015625,0.3798248291015627,0.3798248291015627,7.81535005569458,0.5153500556945803,0.5153500556945803,7.191356658935547,-0.10864334106445295,0.10864334106445295,7.026580333709717,-0.273419666290283,0.273419666290283
external_development_validation,77,83.0,Sand 2025 M7.3,7.3,45,8.17774772644043,0.8777477264404299,0.8777477264404299,7.672196865081787,0.3721968650817873,0.3721968650817873,7.815241813659668,0.5152418136596681,0.5152418136596681,7.191209316253662,-0.10879068374633771,0.10879068374633771,7.026418685913086,-0.2735813140869139,0.2735813140869139
external_development_validation,78,84.0,Sand 2025 M7.3,7.3,45,8.185281753540039,0.8852817535400392,0.8852817535400392,7.65793514251709,0.35793514251709,0.35793514251709,7.815343856811523,0.5153438568115236,0.5153438568115236,7.191348075866699,-0.1086519241333006,0.1086519241333006,7.026571273803711,-0.2734287261962889,0.2734287261962889
external_development_validation,79,85.0,Sand 2025 M7.3,7.3,45,8.19278621673584,0.89278621673584,0.89278621673584,7.63299560546875,0.3329956054687502,0.3329956054687502,7.815070629119873,0.5150706291198732,0.5150706291198732,7.190976619720459,-0.10902338027954084,0.10902338027954084,7.026163578033447,-0.27383642196655256,0.27383642196655256
external_development_validation,80,86.0,Sand 2025 M7.3,7.3,45,8.200105667114258,0.900105667114258,0.900105667114258,7.579607963562012,0.2796079635620119,0.2796079635620119,7.814998149871826,0.5149981498718263,0.5149981498718263,7.190877914428711,-0.10912208557128888,0.10912208557128888,7.026054859161377,-0.27394514083862287,0.27394514083862287
external_development_validation,81,87.0,Sand 2025 M7.3,7.3,45,8.207376480102539,0.9073764801025392,0.9073764801025392,7.543254852294922,0.24325485229492205,0.24325485229492205,7.814812660217285,0.5148126602172853,0.5148126602172853,7.190625190734863,-0.10937480926513654,0.10937480926513654,7.025777816772461,-0.2742221832275389,0.2742221832275389
external_development_validation,82,88.0,Sand 2025 M7.3,7.3,45,8.212206840515137,0.9122068405151369,0.9122068405151369,7.527407646179199,0.2274076461791994,0.2274076461791994,7.814470291137695,0.5144702911376955,0.5144702911376955,7.190159320831299,-0.109840679168701,0.109840679168701,7.025266170501709,-0.27473382949829084,0.27473382949829084
external_development_validation,83,89.0,Sand 2025 M7.3,7.3,45,8.215594291687012,0.9155942916870119,0.9155942916870119,7.528545379638672,0.22854537963867205,0.22854537963867205,7.829233169555664,0.5292331695556642,0.5292331695556642,7.198099136352539,-0.10190086364746076,0.10190086364746076,7.032663822174072,-0.26733617782592756,0.26733617782592756
external_development_validation,84,90.0,Sand 2025 M7.3,7.3,45,8.2175931930542,0.9175931930541994,0.9175931930541994,7.527928829193115,0.2279288291931154,0.2279288291931154,7.828915119171143,0.5289151191711428,0.5289151191711428,7.198099136352539,-0.10190086364746076,0.10190086364746076,7.032663822174072,-0.26733617782592756,0.26733617782592756
external_development_validation,85,91.0,Sand 2025 M7.3,7.3,45,8.218587875366211,0.9185878753662111,0.9185878753662111,7.511346340179443,0.21134634017944354,0.21134634017944354,7.828708171844482,0.5287081718444826,0.5287081718444826,7.198099136352539,-0.10190086364746076,0.10190086364746076,7.032663822174072,-0.26733617782592756,0.26733617782592756
external_development_validation,86,92.0,Sand 2025 M7.3,7.3,45,8.218803405761719,0.9188034057617189,0.9188034057617189,7.5060882568359375,0.20608825683593768,0.20608825683593768,7.828520774841309,0.5285207748413088,0.5285207748413088,7.198099136352539,-0.10190086364746076,0.10190086364746076,7.032663822174072,-0.26733617782592756,0.26733617782592756
external_development_validation,87,93.0,Sand 2025 M7.3,7.3,45,8.221551895141602,0.9215518951416017,0.9215518951416017,7.538041591644287,0.2380415916442873,0.2380415916442873,7.828216075897217,0.528216075897217,0.528216075897217,7.198099136352539,-0.10190086364746076,0.10190086364746076,7.032663822174072,-0.26733617782592756,0.26733617782592756
external_development_validation,88,94.0,Sand 2025 M7.3,7.3,45,8.220999717712402,0.9209997177124025,0.9209997177124025,7.5629119873046875,0.2629119873046877,0.2629119873046877,7.828269958496094,0.5282699584960939,0.5282699584960939,7.198099136352539,-0.10190086364746076,0.10190086364746076,7.032663822174072,-0.26733617782592756,0.26733617782592756
external_development_validation,89,95.0,Sand 2025 M7.3,7.3,45,8.220327377319336,0.9203273773193361,0.9203273773193361,7.577676296234131,0.27767629623413104,0.27767629623413104,7.828266620635986,0.5282666206359865,0.5282666206359865,7.198099136352539,-0.10190086364746076,0.10190086364746076,7.032663822174072,-0.26733617782592756,0.26733617782592756
external_development_validation,90,96.0,Sand 2025 M7.3,7.3,45,8.219568252563477,0.9195682525634767,0.9195682525634767,7.58721923828125,0.2872192382812502,0.2872192382812502,7.828099727630615,0.5280997276306154,0.5280997276306154,7.222874641418457,-0.07712535858154279,0.07712535858154279,7.059826374053955,-0.24017362594604474,0.24017362594604474
external_development_validation,91,97.0,Sand 2025 M7.3,7.3,45,8.24070930480957,0.9407093048095705,0.9407093048095705,7.596584320068359,0.29658432006835955,0.29658432006835955,7.827993869781494,0.5279938697814943,0.5279938697814943,7.222874641418457,-0.07712535858154279,0.07712535858154279,7.059826374053955,-0.24017362594604474,0.24017362594604474
external_development_validation,92,98.0,Sand 2025 M7.3,7.3,45,8.249289512634277,0.9492895126342775,0.9492895126342775,7.593802452087402,0.2938024520874025,0.2938024520874025,7.827810287475586,0.5278102874755861,0.5278102874755861,7.222874641418457,-0.07712535858154279,0.07712535858154279,7.059826374053955,-0.24017362594604474,0.24017362594604474
external_development_validation,93,99.0,Sand 2025 M7.3,7.3,45,8.24854850769043,0.9485485076904299,0.9485485076904299,7.5980634689331055,0.29806346893310565,0.29806346893310565,7.827922344207764,0.5279223442077638,0.5279223442077638,7.222874641418457,-0.07712535858154279,0.07712535858154279,7.059826374053955,-0.24017362594604474,0.24017362594604474
external_development_validation,94,100.0,Sand 2025 M7.3,7.3,45,8.263594627380371,0.9635946273803713,0.9635946273803713,7.59244441986084,0.29244441986084,0.29244441986084,7.827922344207764,0.5279223442077638,0.5279223442077638,7.222874641418457,-0.07712535858154279,0.07712535858154279,7.059826374053955,-0.24017362594604474,0.24017362594604474
external_development_validation,95,101.0,Sand 2025 M7.3,7.3,45,8.26114273071289,0.9611427307128908,0.9611427307128908,7.598204612731934,0.29820461273193377,0.29820461273193377,7.827922344207764,0.5279223442077638,0.5279223442077638,7.222874641418457,-0.07712535858154279,0.07712535858154279,7.059826374053955,-0.24017362594604474,0.24017362594604474
external_development_validation,96,102.0,Sand 2025 M7.3,7.3,45,8.258269309997559,0.9582693099975588,0.9582693099975588,7.624392509460449,0.3243925094604494,0.3243925094604494,7.827922344207764,0.5279223442077638,0.5279223442077638,7.222874641418457,-0.07712535858154279,0.07712535858154279,7.059826374053955,-0.24017362594604474,0.24017362594604474
external_development_validation,97,103.0,Sand 2025 M7.3,7.3,45,8.255237579345703,0.9552375793457033,0.9552375793457033,7.6399030685424805,0.33990306854248065,0.33990306854248065,7.827922344207764,0.5279223442077638,0.5279223442077638,7.222874641418457,-0.07712535858154279,0.07712535858154279,7.059826374053955,-0.24017362594604474,0.24017362594604474
external_development_validation,98,104.0,Sand 2025 M7.3,7.3,45,8.252159118652344,0.9521591186523439,0.9521591186523439,7.622933864593506,0.32293386459350604,0.32293386459350604,7.827922344207764,0.5279223442077638,0.5279223442077638,7.222874641418457,-0.07712535858154279,0.07712535858154279,7.059826374053955,-0.24017362594604474,0.24017362594604474
external_development_validation,99,105.0,Sand 2025 M7.3,7.3,45,8.24909496307373,0.9490949630737306,0.9490949630737306,7.604254722595215,0.304254722595215,0.304254722595215,7.827922344207764,0.5279223442077638,0.5279223442077638,7.222874641418457,-0.07712535858154279,0.07712535858154279,7.059826374053955,-0.24017362594604474,0.24017362594604474
external_development_validation,100,106.0,Sand 2025 M7.3,7.3,45,8.246076583862305,0.9460765838623049,0.9460765838623049,7.6158270835876465,0.31582708358764666,0.31582708358764666,7.862767219543457,0.5627672195434572,0.5627672195434572,7.227931976318359,-0.07206802368164045,0.07206802368164045,7.071390628814697,-0.22860937118530256,0.22860937118530256
external_development_validation,101,107.0,Sand 2025 M7.3,7.3,45,8.243106842041016,0.9431068420410158,0.9431068420410158,7.6111884117126465,0.31118841171264666,0.31118841171264666,7.862767219543457,0.5627672195434572,0.5627672195434572,7.22736120223999,-0.07263879776000959,0.07263879776000959,7.0707621574401855,-0.22923784255981428,0.22923784255981428
external_development_validation,102,108.0,Sand 2025 M7.3,7.3,45,8.24020004272461,0.9402000427246096,0.9402000427246096,7.6258087158203125,0.3258087158203127,0.3258087158203127,7.862767219543457,0.5627672195434572,0.5627672195434572,7.226639270782471,-0.07336072921752912,0.07336072921752912,7.069967269897461,-0.23003273010253888,0.23003273010253888
external_development_validation,103,109.0,Sand 2025 M7.3,7.3,45,8.237344741821289,0.9373447418212892,0.9373447418212892,7.608486175537109,0.30848617553710955,0.30848617553710955,7.862767219543457,0.5627672195434572,0.5627672195434572,7.22614049911499,-0.07385950088500959,0.07385950088500959,7.069418430328369,-0.23058156967163068,0.23058156967163068
external_development_validation,104,110.0,Sand 2025 M7.3,7.3,45,8.234521865844727,0.9345218658447267,0.9345218658447267,7.5553741455078125,0.2553741455078127,0.2553741455078127,7.874371528625488,0.5743715286254885,0.5743715286254885,7.2258734703063965,-0.07412652969360334,0.07412652969360334,7.069124221801758,-0.230875778198242,0.230875778198242
external_development_validation,105,111.0,Sand 2025 M7.3,7.3,45,8.231729507446289,0.9317295074462892,0.9317295074462892,7.48043966293335,0.1804396629333498,0.1804396629333498,7.874117374420166,0.5741173744201662,0.5741173744201662,7.225484848022461,-0.07451515197753888,0.07451515197753888,7.068696022033691,-0.23130397796630842,0.23130397796630842
external_development_validation,106,112.0,Sand 2025 M7.3,7.3,45,8.22899055480957,0.9289905548095705,0.9289905548095705,7.474570274353027,0.17457027435302752,0.17457027435302752,7.873693943023682,0.5736939430236818,0.5736939430236818,7.225172519683838,-0.07482748031616193,0.07482748031616193,7.068352222442627,-0.23164777755737287,0.23164777755737287
external_development_validation,107,113.0,Sand 2025 M7.3,7.3,45,8.226324081420898,0.9263240814208986,0.9263240814208986,7.481894493103027,0.18189449310302752,0.18189449310302752,7.906883239746094,0.6068832397460939,0.6068832397460939,7.2245941162109375,-0.07540588378906232,0.07540588378906232,7.067715644836426,-0.23228435516357404,0.23228435516357404
external_development_validation,108,114.0,Sand 2025 M7.3,7.3,45,8.223723411560059,0.9237234115600588,0.9237234115600588,7.496447563171387,0.1964475631713869,0.1964475631713869,7.906883239746094,0.6068832397460939,0.6068832397460939,7.2245941162109375,-0.07540588378906232,0.07540588378906232,7.067715644836426,-0.23228435516357404,0.23228435516357404
external_development_validation,109,115.0,Sand 2025 M7.3,7.3,45,8.22233772277832,0.9223377227783205,0.9223377227783205,7.490817070007324,0.1908170700073244,0.1908170700073244,7.906883239746094,0.6068832397460939,0.6068832397460939,7.2245941162109375,-0.07540588378906232,0.07540588378906232,7.067715644836426,-0.23228435516357404,0.23228435516357404
external_development_validation,110,116.0,Sand 2025 M7.3,7.3,45,8.223360061645508,0.923360061645508,0.923360061645508,7.47730016708374,0.1773001670837404,0.1773001670837404,7.906883239746094,0.6068832397460939,0.6068832397460939,7.2245941162109375,-0.07540588378906232,0.07540588378906232,7.067715644836426,-0.23228435516357404,0.23228435516357404
external_development_validation,111,117.0,Sand 2025 M7.3,7.3,45,8.224273681640625,0.9242736816406252,0.9242736816406252,7.455116271972656,0.15511627197265643,0.15511627197265643,7.906883239746094,0.6068832397460939,0.6068832397460939,7.2245941162109375,-0.07540588378906232,0.07540588378906232,7.067715644836426,-0.23228435516357404,0.23228435516357404
external_development_validation,112,118.0,Sand 2025 M7.3,7.3,45,8.224967002868652,0.9249670028686525,0.9249670028686525,7.437089443206787,0.1370894432067873,0.1370894432067873,7.906883239746094,0.6068832397460939,0.6068832397460939,7.2245941162109375,-0.07540588378906232,0.07540588378906232,7.067715644836426,-0.23228435516357404,0.23228435516357404
external_development_validation,113,119.0,Sand 2025 M7.3,7.3,45,8.225255966186523,0.9252559661865236,0.9252559661865236,7.407161712646484,0.10716171264648455,0.10716171264648455,7.906883239746094,0.6068832397460939,0.6068832397460939,7.2245941162109375,-0.07540588378906232,0.07540588378906232,7.067715644836426,-0.23228435516357404,0.23228435516357404
external_development_validation,114,120.0,Sand 2025 M7.3,7.3,45,8.22525691986084,0.92525691986084,0.92525691986084,7.408450126647949,0.1084501266479494,0.1084501266479494,7.906883239746094,0.6068832397460939,0.6068832397460939,7.2245941162109375,-0.07540588378906232,0.07540588378906232,7.067715644836426,-0.23228435516357404,0.23228435516357404
external_development_validation,115,121.0,Sand 2025 M7.3,7.3,45,8.224970817565918,0.9249708175659181,0.9249708175659181,7.4013800621032715,0.10138006210327166,0.10138006210327166,7.906883239746094,0.6068832397460939,0.6068832397460939,7.2245941162109375,-0.07540588378906232,0.07540588378906232,7.067715644836426,-0.23228435516357404,0.23228435516357404
external_development_validation,116,122.0,Sand 2025 M7.3,7.3,45,8.224547386169434,0.9245473861694338,0.9245473861694338,7.398445129394531,0.09844512939453143,0.09844512939453143,7.906883239746094,0.6068832397460939,0.6068832397460939,7.2245941162109375,-0.07540588378906232,0.07540588378906232,7.067715644836426,-0.23228435516357404,0.23228435516357404
external_development_validation,117,123.0,Sand 2025 M7.3,7.3,45,8.224112510681152,0.9241125106811525,0.9241125106811525,7.4030890464782715,0.10308904647827166,0.10308904647827166,7.906883239746094,0.6068832397460939,0.6068832397460939,7.2245941162109375,-0.07540588378906232,0.07540588378906232,7.067715644836426,-0.23228435516357404,0.23228435516357404
external_development_validation,118,124.0,Sand 2025 M7.3,7.3,45,8.22378158569336,0.9237815856933596,0.9237815856933596,7.405806541442871,0.10580654144287127,0.10580654144287127,7.906883239746094,0.6068832397460939,0.6068832397460939,7.282123565673828,-0.017876434326171697,0.017876434326171697,7.091316223144531,-0.20868377685546857,0.20868377685546857
external_development_validation,119,125.0,Sand 2025 M7.3,7.3,45,8.223552703857422,0.923552703857422,0.923552703857422,7.4322829246521,0.1322829246520998,0.1322829246520998,7.906883239746094,0.6068832397460939,0.6068832397460939,7.312387943267822,0.012387943267822443,0.012387943267822443,7.159630298614502,-0.14036970138549787,0.14036970138549787
external_development_validation,120,126.0,Sand 2025 M7.3,7.3,45,8.223319053649902,0.9233190536499025,0.9233190536499025,7.4321136474609375,0.13211364746093768,0.13211364746093768,7.906883239746094,0.6068832397460939,0.6068832397460939,7.312387943267822,0.012387943267822443,0.012387943267822443,7.159630298614502,-0.14036970138549787,0.14036970138549787
external_development_validation,121,127.0,Sand 2025 M7.3,7.3,45,8.2229642868042,0.9229642868041994,0.9229642868041994,7.441218376159668,0.14121837615966815,0.14121837615966815,7.906883239746094,0.6068832397460939,0.6068832397460939,7.312387943267822,0.012387943267822443,0.012387943267822443,7.159630298614502,-0.14036970138549787,0.14036970138549787
external_development_validation,122,128.0,Sand 2025 M7.3,7.3,45,8.22236156463623,0.9223615646362306,0.9223615646362306,7.43018102645874,0.1301810264587404,0.1301810264587404,7.906883239746094,0.6068832397460939,0.6068832397460939,7.312387943267822,0.012387943267822443,0.012387943267822443,7.159630298614502,-0.14036970138549787,0.14036970138549787
external_development_validation,123,129.0,Sand 2025 M7.3,7.3,45,8.221542358398438,0.9215423583984377,0.9215423583984377,7.425230979919434,0.12523097991943377,0.12523097991943377,7.906883239746094,0.6068832397460939,0.6068832397460939,7.312387943267822,0.012387943267822443,0.012387943267822443,7.159630298614502,-0.14036970138549787,0.14036970138549787
external_development_validation,124,130.0,Sand 2025 M7.3,7.3,45,8.22049331665039,0.9204933166503908,0.9204933166503908,7.418018341064453,0.1180183410644533,0.1180183410644533,7.906883239746094,0.6068832397460939,0.6068832397460939,7.312387943267822,0.012387943267822443,0.012387943267822443,7.159630298614502,-0.14036970138549787,0.14036970138549787
external_development_validation,125,131.0,Sand 2025 M7.3,7.3,45,8.219019889831543,0.9190198898315431,0.9190198898315431,7.42200231552124,0.12200231552124041,0.12200231552124041,7.906883239746094,0.6068832397460939,0.6068832397460939,7.312387943267822,0.012387943267822443,0.012387943267822443,7.159630298614502,-0.14036970138549787,0.14036970138549787
external_development_validation,126,132.0,Sand 2025 M7.3,7.3,45,8.217626571655273,0.9176265716552736,0.9176265716552736,7.435604095458984,0.13560409545898455,0.13560409545898455,7.906883239746094,0.6068832397460939,0.6068832397460939,7.312387943267822,0.012387943267822443,0.012387943267822443,7.159630298614502,-0.14036970138549787,0.14036970138549787
external_development_validation,127,133.0,Sand 2025 M7.3,7.3,45,8.216279983520508,0.916279983520508,0.916279983520508,7.448297023773193,0.14829702377319354,0.14829702377319354,7.906883239746094,0.6068832397460939,0.6068832397460939,7.312387943267822,0.012387943267822443,0.012387943267822443,7.159630298614502,-0.14036970138549787,0.14036970138549787
external_development_validation,128,134.0,Sand 2025 M7.3,7.3,45,8.214921951293945,0.9149219512939455,0.9149219512939455,7.439477443695068,0.13947744369506854,0.13947744369506854,7.906883239746094,0.6068832397460939,0.6068832397460939,7.312387943267822,0.012387943267822443,0.012387943267822443,7.159630298614502,-0.14036970138549787,0.14036970138549787
external_development_validation,129,135.0,Sand 2025 M7.3,7.3,45,8.213518142700195,0.9135181427001955,0.9135181427001955,7.420046806335449,0.1200468063354494,0.1200468063354494,7.906883239746094,0.6068832397460939,0.6068832397460939,7.312387943267822,0.012387943267822443,0.012387943267822443,7.159630298614502,-0.14036970138549787,0.14036970138549787
external_development_validation,130,136.0,Sand 2025 M7.3,7.3,45,8.212088584899902,0.9120885848999025,0.9120885848999025,7.377099514007568,0.07709951400756854,0.07709951400756854,7.906883239746094,0.6068832397460939,0.6068832397460939,7.312387943267822,0.012387943267822443,0.012387943267822443,7.159630298614502,-0.14036970138549787,0.14036970138549787
external_development_validation,131,137.0,Sand 2025 M7.3,7.3,45,8.210670471191406,0.9106704711914064,0.9106704711914064,7.375179290771484,0.07517929077148455,0.07517929077148455,7.906883239746094,0.6068832397460939,0.6068832397460939,7.312387943267822,0.012387943267822443,0.012387943267822443,7.159630298614502,-0.14036970138549787,0.14036970138549787
external_development_validation,132,138.0,Sand 2025 M7.3,7.3,45,8.209312438964844,0.9093124389648439,0.9093124389648439,7.380721092224121,0.08072109222412127,0.08072109222412127,7.906883239746094,0.6068832397460939,0.6068832397460939,7.312387943267822,0.012387943267822443,0.012387943267822443,7.159630298614502,-0.14036970138549787,0.14036970138549787
external_development_validation,133,139.0,Sand 2025 M7.3,7.3,45,8.208009719848633,0.908009719848633,0.908009719848633,7.398124694824219,0.09812469482421893,0.09812469482421893,7.906883239746094,0.6068832397460939,0.6068832397460939,7.312387943267822,0.012387943267822443,0.012387943267822443,7.159630298614502,-0.14036970138549787,0.14036970138549787
external_development_validation,134,140.0,Sand 2025 M7.3,7.3,45,8.206754684448242,0.9067546844482424,0.9067546844482424,7.392204284667969,0.09220428466796893,0.09220428466796893,7.906883239746094,0.6068832397460939,0.6068832397460939,7.312387943267822,0.012387943267822443,0.012387943267822443,7.159630298614502,-0.14036970138549787,0.14036970138549787
external_development_validation,135,141.0,Sand 2025 M7.3,7.3,45,8.205526351928711,0.9055263519287111,0.9055263519287111,7.3860578536987305,0.08605785369873065,0.08605785369873065,7.906883239746094,0.6068832397460939,0.6068832397460939,7.312387943267822,0.012387943267822443,0.012387943267822443,7.159630298614502,-0.14036970138549787,0.14036970138549787
external_development_validation,136,142.0,Sand 2025 M7.3,7.3,45,8.204317092895508,0.904317092895508,0.904317092895508,7.387564659118652,0.08756465911865252,0.08756465911865252,7.906883239746094,0.6068832397460939,0.6068832397460939,7.312387943267822,0.012387943267822443,0.012387943267822443,7.159630298614502,-0.14036970138549787,0.14036970138549787
external_development_validation,137,143.0,Sand 2025 M7.3,7.3,45,8.203134536743164,0.9031345367431642,0.9031345367431642,7.377097129821777,0.07709712982177752,0.07709712982177752,7.906883239746094,0.6068832397460939,0.6068832397460939,7.312387943267822,0.012387943267822443,0.012387943267822443,7.159630298614502,-0.14036970138549787,0.14036970138549787
external_development_validation,138,144.0,Sand 2025 M7.3,7.3,45,8.20197582244873,0.9019758224487306,0.9019758224487306,7.353527069091797,0.05352706909179705,0.05352706909179705,7.906883239746094,0.6068832397460939,0.6068832397460939,7.312387943267822,0.012387943267822443,0.012387943267822443,7.159630298614502,-0.14036970138549787,0.14036970138549787
external_development_validation,139,145.0,Sand 2025 M7.3,7.3,45,8.200849533081055,0.9008495330810549,0.9008495330810549,7.316680908203125,0.016680908203125178,0.016680908203125178,7.906883239746094,0.6068832397460939,0.6068832397460939,7.312387943267822,0.012387943267822443,0.012387943267822443,7.159630298614502,-0.14036970138549787,0.14036970138549787
external_development_validation,140,146.0,Sand 2025 M7.3,7.3,45,8.199751853942871,0.8997518539428713,0.8997518539428713,7.313796043395996,0.013796043395996271,0.013796043395996271,7.906883239746094,0.6068832397460939,0.6068832397460939,7.312387943267822,0.012387943267822443,0.012387943267822443,7.159630298614502,-0.14036970138549787,0.14036970138549787
external_development_validation,141,147.0,Sand 2025 M7.3,7.3,45,8.198622703552246,0.8986227035522463,0.8986227035522463,7.303220272064209,0.003220272064209162,0.003220272064209162,7.906883239746094,0.6068832397460939,0.6068832397460939,7.312387943267822,0.012387943267822443,0.012387943267822443,7.159630298614502,-0.14036970138549787,0.14036970138549787
external_development_validation,142,148.0,Sand 2025 M7.3,7.3,45,8.197473526000977,0.8974735260009767,0.8974735260009767,7.292952537536621,-0.007047462463378729,0.007047462463378729,7.906883239746094,0.6068832397460939,0.6068832397460939,7.312387943267822,0.012387943267822443,0.012387943267822443,7.159630298614502,-0.14036970138549787,0.14036970138549787
external_development_validation,143,149.0,Sand 2025 M7.3,7.3,45,8.196303367614746,0.8963033676147463,0.8963033676147463,7.288102626800537,-0.011897373199462713,0.011897373199462713,7.906883239746094,0.6068832397460939,0.6068832397460939,7.312387943267822,0.012387943267822443,0.012387943267822443,7.159630298614502,-0.14036970138549787,0.14036970138549787
external_development_validation,144,150.0,Sand 2025 M7.3,7.3,45,8.195116996765137,0.8951169967651369,0.8951169967651369,7.2923903465271,-0.007609653472900213,0.007609653472900213,7.906883239746094,0.6068832397460939,0.6068832397460939,7.312387943267822,0.012387943267822443,0.012387943267822443,7.159630298614502,-0.14036970138549787,0.14036970138549787
external_development_validation,145,151.0,Sand 2025 M7.3,7.3,45,8.193897247314453,0.8938972473144533,0.8938972473144533,7.301942348480225,0.001942348480224787,0.001942348480224787,7.906883239746094,0.6068832397460939,0.6068832397460939,7.312387943267822,0.012387943267822443,0.012387943267822443,7.159630298614502,-0.14036970138549787,0.14036970138549787
external_development_validation,146,152.0,Sand 2025 M7.3,7.3,45,8.192641258239746,0.8926412582397463,0.8926412582397463,7.290855407714844,-0.009144592285156072,0.009144592285156072,7.906883239746094,0.6068832397460939,0.6068832397460939,7.312387943267822,0.012387943267822443,0.012387943267822443,7.159630298614502,-0.14036970138549787,0.14036970138549787
external_development_validation,147,153.0,Sand 2025 M7.3,7.3,45,8.191337585449219,0.8913375854492189,0.8913375854492189,7.275224208831787,-0.024775791168212713,0.024775791168212713,7.906883239746094,0.6068832397460939,0.6068832397460939,7.312387943267822,0.012387943267822443,0.012387943267822443,7.159630298614502,-0.14036970138549787,0.14036970138549787
external_development_validation,148,154.0,Sand 2025 M7.3,7.3,45,8.189990997314453,0.8899909973144533,0.8899909973144533,7.256674766540527,-0.04332523345947248,0.04332523345947248,7.906883239746094,0.6068832397460939,0.6068832397460939,7.312387943267822,0.012387943267822443,0.012387943267822443,7.159630298614502,-0.14036970138549787,0.14036970138549787
external_development_validation,149,155.0,Sand 2025 M7.3,7.3,45,8.188620567321777,0.8886205673217775,0.8886205673217775,7.250244140625,-0.04975585937499982,0.04975585937499982,7.906883239746094,0.6068832397460939,0.6068832397460939,7.312387943267822,0.012387943267822443,0.012387943267822443,7.159630298614502,-0.14036970138549787,0.14036970138549787
external_development_validation,150,156.0,Sand 2025 M7.3,7.3,45,8.187246322631836,0.8872463226318361,0.8872463226318361,7.251007080078125,-0.04899291992187482,0.04899291992187482,7.906883239746094,0.6068832397460939,0.6068832397460939,7.312387943267822,0.012387943267822443,0.012387943267822443,7.159630298614502,-0.14036970138549787,0.14036970138549787
external_development_validation,151,157.0,Sand 2025 M7.3,7.3,45,8.185884475708008,0.885884475708008,0.885884475708008,7.256285667419434,-0.04371433258056623,0.04371433258056623,7.906883239746094,0.6068832397460939,0.6068832397460939,7.312387943267822,0.012387943267822443,0.012387943267822443,7.159630298614502,-0.14036970138549787,0.14036970138549787
external_development_validation,152,158.0,Sand 2025 M7.3,7.3,45,8.184538841247559,0.8845388412475588,0.8845388412475588,7.263580322265625,-0.03641967773437482,0.03641967773437482,7.906883239746094,0.6068832397460939,0.6068832397460939,7.312387943267822,0.012387943267822443,0.012387943267822443,7.159630298614502,-0.14036970138549787,0.14036970138549787
external_development_validation,153,159.0,Sand 2025 M7.3,7.3,45,8.183198928833008,0.883198928833008,0.883198928833008,7.27878475189209,-0.02121524810790998,0.02121524810790998,7.906883239746094,0.6068832397460939,0.6068832397460939,7.312387943267822,0.012387943267822443,0.012387943267822443,7.159630298614502,-0.14036970138549787,0.14036970138549787
external_development_validation,154,160.0,Sand 2025 M7.3,7.3,45,8.184210777282715,0.884210777282715,0.884210777282715,7.275777339935303,-0.024222660064697088,0.024222660064697088,7.906883239746094,0.6068832397460939,0.6068832397460939,7.312387943267822,0.012387943267822443,0.012387943267822443,7.159630298614502,-0.14036970138549787,0.14036970138549787
external_development_validation,155,161.0,Sand 2025 M7.3,7.3,45,8.18238353729248,0.8823835372924806,0.8823835372924806,7.281453609466553,-0.018546390533447088,0.018546390533447088,7.906883239746094,0.6068832397460939,0.6068832397460939,7.312387943267822,0.012387943267822443,0.012387943267822443,7.159630298614502,-0.14036970138549787,0.14036970138549787
external_development_validation,156,162.0,Sand 2025 M7.3,7.3,45,8.180509567260742,0.8805095672607424,0.8805095672607424,7.285170555114746,-0.014829444885253729,0.014829444885253729,7.906883239746094,0.6068832397460939,0.6068832397460939,7.312387943267822,0.012387943267822443,0.012387943267822443,7.159630298614502,-0.14036970138549787,0.14036970138549787
external_development_validation,157,163.0,Sand 2025 M7.3,7.3,45,8.178586959838867,0.8785869598388674,0.8785869598388674,7.2822089195251465,-0.017791080474853338,0.017791080474853338,7.906883239746094,0.6068832397460939,0.6068832397460939,7.312387943267822,0.012387943267822443,0.012387943267822443,7.159630298614502,-0.14036970138549787,0.14036970138549787
external_development_validation,158,164.0,Sand 2025 M7.3,7.3,45,8.176612854003906,0.8766128540039064,0.8766128540039064,7.285024166107178,-0.014975833892822088,0.014975833892822088,7.906883239746094,0.6068832397460939,0.6068832397460939,7.312387943267822,0.012387943267822443,0.012387943267822443,7.159630298614502,-0.14036970138549787,0.14036970138549787
external_development_validation,159,165.0,Sand 2025 M7.3,7.3,45,8.174592971801758,0.874592971801758,0.874592971801758,7.277976036071777,-0.02202396392822248,0.02202396392822248,7.906883239746094,0.6068832397460939,0.6068832397460939,7.312387943267822,0.012387943267822443,0.012387943267822443,7.159630298614502,-0.14036970138549787,0.14036970138549787
external_development_validation,160,166.0,Sand 2025 M7.3,7.3,45,8.172531127929688,0.8725311279296877,0.8725311279296877,7.2643141746521,-0.03568582534790021,0.03568582534790021,7.906883239746094,0.6068832397460939,0.6068832397460939,7.312387943267822,0.012387943267822443,0.012387943267822443,7.159630298614502,-0.14036970138549787,0.14036970138549787
external_development_validation,161,167.0,Sand 2025 M7.3,7.3,45,8.170440673828125,0.8704406738281252,0.8704406738281252,7.25424861907959,-0.04575138092040998,0.04575138092040998,7.906883239746094,0.6068832397460939,0.6068832397460939,7.312387943267822,0.012387943267822443,0.012387943267822443,7.159630298614502,-0.14036970138549787,0.14036970138549787
external_development_validation,162,168.0,Sand 2025 M7.3,7.3,45,8.168315887451172,0.868315887451172,0.868315887451172,7.253549098968506,-0.04645090103149396,0.04645090103149396,7.906883239746094,0.6068832397460939,0.6068832397460939,7.312387943267822,0.012387943267822443,0.012387943267822443,7.159630298614502,-0.14036970138549787,0.14036970138549787
external_development_validation,163,169.0,Sand 2025 M7.3,7.3,45,8.166162490844727,0.8661624908447267,0.8661624908447267,7.256477355957031,-0.04352264404296857,0.04352264404296857,7.906883239746094,0.6068832397460939,0.6068832397460939,7.312387943267822,0.012387943267822443,0.012387943267822443,7.159630298614502,-0.14036970138549787,0.14036970138549787
external_development_validation,164,170.0,Sand 2025 M7.3,7.3,45,8.163978576660156,0.8639785766601564,0.8639785766601564,7.262195587158203,-0.0378044128417967,0.0378044128417967,7.906883239746094,0.6068832397460939,0.6068832397460939,7.312387943267822,0.012387943267822443,0.012387943267822443,7.159630298614502,-0.14036970138549787,0.14036970138549787
external_development_validation,165,171.0,Sand 2025 M7.3,7.3,45,8.161764144897461,0.8617641448974611,0.8617641448974611,7.274733543395996,-0.02526645660400373,0.02526645660400373,7.906883239746094,0.6068832397460939,0.6068832397460939,7.312387943267822,0.012387943267822443,0.012387943267822443,7.159630298614502,-0.14036970138549787,0.14036970138549787
external_development_validation,166,172.0,Sand 2025 M7.3,7.3,45,8.159515380859375,0.8595153808593752,0.8595153808593752,7.275844573974609,-0.024155426025390447,0.024155426025390447,7.906883239746094,0.6068832397460939,0.6068832397460939,7.312387943267822,0.012387943267822443,0.012387943267822443,7.159630298614502,-0.14036970138549787,0.14036970138549787
external_development_validation,167,173.0,Sand 2025 M7.3,7.3,45,8.15723705291748,0.8572370529174806,0.8572370529174806,7.278714656829834,-0.021285343170165838,0.021285343170165838,7.906883239746094,0.6068832397460939,0.6068832397460939,7.312387943267822,0.012387943267822443,0.012387943267822443,7.159630298614502,-0.14036970138549787,0.14036970138549787
external_development_validation,168,174.0,Sand 2025 M7.3,7.3,45,8.154921531677246,0.8549215316772463,0.8549215316772463,7.276531219482422,-0.023468780517577947,0.023468780517577947,7.906883239746094,0.6068832397460939,0.6068832397460939,7.312387943267822,0.012387943267822443,0.012387943267822443,7.159630298614502,-0.14036970138549787,0.14036970138549787
external_development_validation,169,175.0,Sand 2025 M7.3,7.3,45,8.152568817138672,0.852568817138672,0.852568817138672,7.273951530456543,-0.026048469543456854,0.026048469543456854,7.906883239746094,0.6068832397460939,0.6068832397460939,7.312387943267822,0.012387943267822443,0.012387943267822443,7.159630298614502,-0.14036970138549787,0.14036970138549787
external_development_validation,170,176.0,Sand 2025 M7.3,7.3,45,8.150177001953125,0.8501770019531252,0.8501770019531252,7.274837493896484,-0.025162506103515447,0.025162506103515447,7.906883239746094,0.6068832397460939,0.6068832397460939,7.312387943267822,0.012387943267822443,0.012387943267822443,7.159630298614502,-0.14036970138549787,0.14036970138549787
external_development_validation,171,177.0,Sand 2025 M7.3,7.3,45,8.147735595703125,0.8477355957031252,0.8477355957031252,7.259080410003662,-0.04091958999633771,0.04091958999633771,7.906883239746094,0.6068832397460939,0.6068832397460939,7.312387943267822,0.012387943267822443,0.012387943267822443,7.159630298614502,-0.14036970138549787,0.14036970138549787
external_development_validation,172,178.0,Sand 2025 M7.3,7.3,45,8.14525032043457,0.8452503204345705,0.8452503204345705,7.243785858154297,-0.05621414184570295,0.05621414184570295,7.906883239746094,0.6068832397460939,0.6068832397460939,7.312387943267822,0.012387943267822443,0.012387943267822443,7.159630298614502,-0.14036970138549787,0.14036970138549787
external_development_validation,173,179.0,Sand 2025 M7.3,7.3,45,8.150030136108398,0.8500301361083986,0.8500301361083986,7.227181911468506,-0.07281808853149396,0.07281808853149396,7.906883239746094,0.6068832397460939,0.6068832397460939,7.312387943267822,0.012387943267822443,0.012387943267822443,7.159630298614502,-0.14036970138549787,0.14036970138549787
external_development_validation,174,180.0,Sand 2025 M7.3,7.3,45,8.147428512573242,0.8474285125732424,0.8474285125732424,7.236807823181152,-0.06319217681884748,0.06319217681884748,7.906883239746094,0.6068832397460939,0.6068832397460939,7.312387943267822,0.012387943267822443,0.012387943267822443,7.159630298614502,-0.14036970138549787,0.14036970138549787
external_development_validation,175,181.0,Sand 2025 M7.3,7.3,45,8.151079177856445,0.8510791778564455,0.8510791778564455,7.241734981536865,-0.05826501846313459,0.05826501846313459,7.906883239746094,0.6068832397460939,0.6068832397460939,7.312387943267822,0.012387943267822443,0.012387943267822443,7.159630298614502,-0.14036970138549787,0.14036970138549787
external_development_validation,176,182.0,Sand 2025 M7.3,7.3,45,8.148441314697266,0.8484413146972658,0.8484413146972658,7.257132530212402,-0.04286746978759748,0.04286746978759748,7.906883239746094,0.6068832397460939,0.6068832397460939,7.312387943267822,0.012387943267822443,0.012387943267822443,7.159630298614502,-0.14036970138549787,0.14036970138549787
external_development_validation,177,183.0,Sand 2025 M7.3,7.3,45,8.145769119262695,0.8457691192626955,0.8457691192626955,7.267764091491699,-0.032235908508300604,0.032235908508300604,7.906883239746094,0.6068832397460939,0.6068832397460939,7.312387943267822,0.012387943267822443,0.012387943267822443,7.159630298614502,-0.14036970138549787,0.14036970138549787
external_development_validation,178,184.0,Sand 2025 M7.3,7.3,45,8.143051147460938,0.8430511474609377,0.8430511474609377,7.273773193359375,-0.026226806640624822,0.026226806640624822,7.907870769500732,0.6078707695007326,0.6078707695007326,7.312387943267822,0.012387943267822443,0.012387943267822443,7.159630298614502,-0.14036970138549787,0.14036970138549787
external_development_validation,179,185.0,Sand 2025 M7.3,7.3,45,8.140284538269043,0.8402845382690431,0.8402845382690431,7.270982265472412,-0.029017734527587713,0.029017734527587713,7.907870769500732,0.6078707695007326,0.6078707695007326,7.312387943267822,0.012387943267822443,0.012387943267822443,7.159630298614502,-0.14036970138549787,0.14036970138549787
external_development_validation,180,186.0,Sand 2025 M7.3,7.3,45,8.137469291687012,0.8374692916870119,0.8374692916870119,7.281284332275391,-0.018715667724609197,0.018715667724609197,7.907870769500732,0.6078707695007326,0.6078707695007326,7.312387943267822,0.012387943267822443,0.012387943267822443,7.159630298614502,-0.14036970138549787,0.14036970138549787
external_development_validation,181,187.0,Sand 2025 M7.3,7.3,45,8.134614944458008,0.834614944458008,0.834614944458008,7.2767791748046875,-0.023220825195312322,0.023220825195312322,7.907870769500732,0.6078707695007326,0.6078707695007326,7.312387943267822,0.012387943267822443,0.012387943267822443,7.159630298614502,-0.14036970138549787,0.14036970138549787
external_development_validation,182,188.0,Sand 2025 M7.3,7.3,45,8.131732940673828,0.8317329406738283,0.8317329406738283,7.286965847015381,-0.013034152984618963,0.013034152984618963,7.907870769500732,0.6078707695007326,0.6078707695007326,7.3273773193359375,0.027377319335937678,0.027377319335937678,7.173590183258057,-0.12640981674194318,0.12640981674194318
external_development_validation,183,189.0,Sand 2025 M7.3,7.3,45,8.128829002380371,0.8288290023803713,0.8288290023803713,7.302822113037109,0.0028221130371095526,0.0028221130371095526,7.907870769500732,0.6078707695007326,0.6078707695007326,7.3273773193359375,0.027377319335937678,0.027377319335937678,7.173590183258057,-0.12640981674194318,0.12640981674194318
external_development_validation,184,190.0,Sand 2025 M7.3,7.3,45,8.125895500183105,0.8258955001831056,0.8258955001831056,7.3148956298828125,0.014895629882812678,0.014895629882812678,7.907870769500732,0.6078707695007326,0.6078707695007326,7.3273773193359375,0.027377319335937678,0.027377319335937678,7.173590183258057,-0.12640981674194318,0.12640981674194318
external_development_validation,185,191.0,Sand 2025 M7.3,7.3,45,8.122922897338867,0.8229228973388674,0.8229228973388674,7.3260931968688965,0.026093196868896662,0.026093196868896662,7.907870769500732,0.6078707695007326,0.6078707695007326,7.3273773193359375,0.027377319335937678,0.027377319335937678,7.173590183258057,-0.12640981674194318,0.12640981674194318
external_development_validation,186,192.0,Sand 2025 M7.3,7.3,45,8.119898796081543,0.8198987960815431,0.8198987960815431,7.325018882751465,0.02501888275146502,0.02501888275146502,7.907870769500732,0.6078707695007326,0.6078707695007326,7.3273773193359375,0.027377319335937678,0.027377319335937678,7.173590183258057,-0.12640981674194318,0.12640981674194318
external_development_validation,187,193.0,Sand 2025 M7.3,7.3,45,8.121650695800781,0.8216506958007814,0.8216506958007814,7.303760528564453,0.0037605285644533026,0.0037605285644533026,7.908527374267578,0.6085273742675783,0.6085273742675783,7.344257831573486,0.044257831573486506,0.044257831573486506,7.193132400512695,-0.10686759948730451,0.10686759948730451
external_development_validation,188,194.0,Sand 2025 M7.3,7.3,45,8.118576049804688,0.8185760498046877,0.8185760498046877,7.2826080322265625,-0.017391967773437322,0.017391967773437322,7.908527374267578,0.6085273742675783,0.6085273742675783,7.344257831573486,0.044257831573486506,0.044257831573486506,7.193132400512695,-0.10686759948730451,0.10686759948730451
external_development_validation,189,195.0,Sand 2025 M7.3,7.3,45,8.11546516418457,0.8154651641845705,0.8154651641845705,7.265646934509277,-0.03435306549072248,0.03435306549072248,7.908527374267578,0.6085273742675783,0.6085273742675783,7.344257831573486,0.044257831573486506,0.044257831573486506,7.193132400512695,-0.10686759948730451,0.10686759948730451
external_development_validation,190,196.0,Sand 2025 M7.3,7.3,45,8.112318992614746,0.8123189926147463,0.8123189926147463,7.255007743835449,-0.044992256164550604,0.044992256164550604,7.908527374267578,0.6085273742675783,0.6085273742675783,7.344257831573486,0.044257831573486506,0.044257831573486506,7.193132400512695,-0.10686759948730451,0.10686759948730451
external_development_validation,191,197.0,Sand 2025 M7.3,7.3,45,8.109140396118164,0.8091403961181642,0.8091403961181642,7.256284236907959,-0.04371576309204084,0.04371576309204084,7.908527374267578,0.6085273742675783,0.6085273742675783,7.344257831573486,0.044257831573486506,0.044257831573486506,7.193132400512695,-0.10686759948730451,0.10686759948730451
external_development_validation,192,198.0,Sand 2025 M7.3,7.3,45,8.105925559997559,0.8059255599975588,0.8059255599975588,7.257699489593506,-0.04230051040649396,0.04230051040649396,7.908527374267578,0.6085273742675783,0.6085273742675783,7.344257831573486,0.044257831573486506,0.044257831573486506,7.193132400512695,-0.10686759948730451,0.10686759948730451
external_development_validation,193,199.0,Sand 2025 M7.3,7.3,45,8.102666854858398,0.8026668548583986,0.8026668548583986,7.261209011077881,-0.03879098892211896,0.03879098892211896,7.908527374267578,0.6085273742675783,0.6085273742675783,7.344257831573486,0.044257831573486506,0.044257831573486506,7.193132400512695,-0.10686759948730451,0.10686759948730451
external_development_validation,194,200.0,Sand 2025 M7.3,7.3,45,8.099357604980469,0.7993576049804689,0.7993576049804689,7.256991386413574,-0.043008613586425604,0.043008613586425604,7.915704727172852,0.6157047271728517,0.6157047271728517,7.344257831573486,0.044257831573486506,0.044257831573486506,7.193132400512695,-0.10686759948730451,0.10686759948730451
external_development_validation,195,201.0,Sand 2025 M7.3,7.3,45,8.096000671386719,0.7960006713867189,0.7960006713867189,7.264184474945068,-0.03581552505493146,0.03581552505493146,7.915704727172852,0.6157047271728517,0.6157047271728517,7.344257831573486,0.044257831573486506,0.044257831573486506,7.193132400512695,-0.10686759948730451,0.10686759948730451
external_development_validation,196,202.0,Sand 2025 M7.3,7.3,45,8.092588424682617,0.7925884246826174,0.7925884246826174,7.269488334655762,-0.030511665344238104,0.030511665344238104,7.915704727172852,0.6157047271728517,0.6157047271728517,7.344257831573486,0.044257831573486506,0.044257831573486506,7.193132400512695,-0.10686759948730451,0.10686759948730451
external_development_validation,197,203.0,Sand 2025 M7.3,7.3,45,8.089126586914062,0.7891265869140627,0.7891265869140627,7.25229549407959,-0.04770450592040998,0.04770450592040998,7.915704727172852,0.6157047271728517,0.6157047271728517,7.344257831573486,0.044257831573486506,0.044257831573486506,7.193132400512695,-0.10686759948730451,0.10686759948730451
external_development_validation,198,204.0,Sand 2025 M7.3,7.3,45,8.085619926452637,0.7856199264526369,0.7856199264526369,7.236817836761475,-0.06318216323852521,0.06318216323852521,7.915704727172852,0.6157047271728517,0.6157047271728517,7.344257831573486,0.044257831573486506,0.044257831573486506,7.193132400512695,-0.10686759948730451,0.10686759948730451
external_development_validation,199,205.0,Sand 2025 M7.3,7.3,45,8.08206844329834,0.78206844329834,0.78206844329834,7.227522850036621,-0.07247714996337873,0.07247714996337873,7.915704727172852,0.6157047271728517,0.6157047271728517,7.344257831573486,0.044257831573486506,0.044257831573486506,7.193132400512695,-0.10686759948730451,0.10686759948730451
external_development_validation,200,206.0,Sand 2025 M7.3,7.3,45,8.078475952148438,0.7784759521484377,0.7784759521484377,7.237579345703125,-0.06242065429687482,0.06242065429687482,7.915704727172852,0.6157047271728517,0.6157047271728517,7.344257831573486,0.044257831573486506,0.044257831573486506,7.193132400512695,-0.10686759948730451,0.10686759948730451
external_development_validation,20,26.0,Xizang 2025 M7.1,7.1,12,7.418807029724121,0.31880702972412145,0.31880702972412145,8.823952674865723,1.723952674865723,1.723952674865723,7.420107841491699,0.3201078414916996,0.3201078414916996,6.773542881011963,-0.32645711898803675,0.32645711898803675,6.563209533691406,-0.5367904663085934,0.5367904663085934
external_development_validation,21,27.0,Xizang 2025 M7.1,7.1,12,7.42561149597168,0.32561149597168004,0.32561149597168004,8.816572189331055,1.716572189331055,1.716572189331055,7.436417102813721,0.33641710281372106,0.33641710281372106,6.787875175476074,-0.3121248245239254,0.3121248245239254,6.578873634338379,-0.5211263656616207,0.5211263656616207
external_development_validation,22,28.0,Xizang 2025 M7.1,7.1,12,7.433846473693848,0.333846473693848,0.333846473693848,8.7815523147583,1.6815523147583011,1.6815523147583011,7.4472150802612305,0.3472150802612308,0.3472150802612308,6.800382137298584,-0.29961786270141566,0.29961786270141566,6.592535018920898,-0.5074649810791012,0.5074649810791012
external_development_validation,23,29.0,Xizang 2025 M7.1,7.1,12,7.4430155754089355,0.3430155754089359,0.3430155754089359,8.768594741821289,1.6685947418212894,1.6685947418212894,7.455253601074219,0.3552536010742191,0.3552536010742191,6.823291778564453,-0.2767082214355465,0.2767082214355465,6.617253303527832,-0.4827466964721676,0.4827466964721676
external_development_validation,24,30.0,Xizang 2025 M7.1,7.1,12,7.45284366607666,0.3528436660766605,0.3528436660766605,8.752168655395508,1.6521686553955082,1.6521686553955082,7.465033054351807,0.365033054351807,0.365033054351807,6.827712059020996,-0.27228794097900355,0.27228794097900355,6.621937274932861,-0.4780627250671383,0.4780627250671383
external_development_validation,25,31.0,Xizang 2025 M7.1,7.1,12,7.462556838989258,0.36255683898925817,0.36255683898925817,8.594778060913086,1.4947780609130863,1.4947780609130863,7.468092441558838,0.36809244155883825,0.36809244155883825,6.828558921813965,-0.2714410781860348,0.2714410781860348,6.622868537902832,-0.4771314620971676,0.4771314620971676
external_development_validation,26,32.0,Xizang 2025 M7.1,7.1,12,7.47260046005249,0.3726004600524906,0.3726004600524906,8.615668296813965,1.5156682968139652,1.5156682968139652,7.472572326660156,0.3725723266601566,0.3725723266601566,6.826422691345215,-0.2735773086547848,0.2735773086547848,6.620542526245117,-0.47945747375488246,0.47945747375488246
external_development_validation,27,33.0,Xizang 2025 M7.1,7.1,12,7.482363700866699,0.3823637008666996,0.3823637008666996,8.519535064697266,1.419535064697266,1.419535064697266,7.47668981552124,0.3766898155212406,0.3766898155212406,6.830272197723389,-0.269727802276611,0.269727802276611,6.627270221710205,-0.47272977828979457,0.47272977828979457
external_development_validation,28,34.0,Xizang 2025 M7.1,7.1,12,7.492257118225098,0.392257118225098,0.392257118225098,8.48141860961914,1.381418609619141,1.381418609619141,7.482113838195801,0.38211383819580114,0.38211383819580114,6.839447498321533,-0.26055250167846644,0.26055250167846644,6.637309551239014,-0.462690448760986,0.462690448760986
external_development_validation,29,35.0,Xizang 2025 M7.1,7.1,12,7.50189208984375,0.40189208984375036,0.40189208984375036,8.403117179870605,1.3031171798706058,1.3031171798706058,7.488158226013184,0.38815822601318395,0.38815822601318395,6.847834587097168,-0.2521654129028317,0.2521654129028317,6.646480560302734,-0.45351943969726527,0.45351943969726527
external_development_validation,30,36.0,Xizang 2025 M7.1,7.1,12,7.511724472045898,0.4117244720458988,0.4117244720458988,8.40561580657959,1.3056158065795902,1.3056158065795902,7.495969772338867,0.39596977233886754,0.39596977233886754,6.853969097137451,-0.24603090286254847,0.24603090286254847,6.653687953948975,-0.44631204605102504,0.44631204605102504
external_development_validation,31,37.0,Xizang 2025 M7.1,7.1,12,7.52144193649292,0.4214419364929203,0.4214419364929203,8.395828247070312,1.2958282470703129,1.2958282470703129,7.5010786056518555,0.4010786056518558,0.4010786056518558,6.857334136962891,-0.24266586303710902,0.24266586303710902,6.657366752624512,-0.4426332473754879,0.4426332473754879
external_development_validation,32,38.0,Xizang 2025 M7.1,7.1,12,7.531260967254639,0.431260967254639,0.431260967254639,8.43250846862793,1.33250846862793,1.33250846862793,7.504486083984375,0.40448608398437536,0.40448608398437536,6.860879898071289,-0.23912010192871058,0.23912010192871058,6.661246299743652,-0.4387537002563473,0.4387537002563473
external_development_validation,33,39.0,Xizang 2025 M7.1,7.1,12,7.540949821472168,0.4409498214721683,0.4409498214721683,8.350090980529785,1.2500909805297855,1.2500909805297855,7.507587432861328,0.4075874328613285,0.4075874328613285,6.86431360244751,-0.23568639755248988,0.23568639755248988,6.665003299713135,-0.4349967002868649,0.4349967002868649
external_development_validation,34,40.0,Xizang 2025 M7.1,7.1,12,7.550929069519043,0.4509290695190433,0.4509290695190433,8.426399230957031,1.3263992309570316,1.3263992309570316,7.505873203277588,0.40587320327758825,0.40587320327758825,6.861842155456543,-0.23815784454345668,0.23815784454345668,6.662300109863281,-0.4376998901367184,0.4376998901367184
external_development_validation,35,41.0,Xizang 2025 M7.1,7.1,12,7.56076717376709,0.4607671737670902,0.4607671737670902,8.386859893798828,1.2868598937988285,1.2868598937988285,7.506757736206055,0.40675773620605504,0.40675773620605504,6.865949630737305,-0.23405036926269496,0.23405036926269496,6.6667962074279785,-0.43320379257202113,0.43320379257202113
external_development_validation,36,42.0,Xizang 2025 M7.1,7.1,12,7.570300579071045,0.4703005790710453,0.4703005790710453,8.318768501281738,1.2187685012817386,1.2187685012817386,7.506028175354004,0.40602817535400426,0.40602817535400426,6.863752841949463,-0.23624715805053675,0.23624715805053675,6.664390563964844,-0.4356094360351559,0.4356094360351559
external_development_validation,37,43.0,Xizang 2025 M7.1,7.1,12,7.579516410827637,0.4795164108276371,0.4795164108276371,8.245529174804688,1.1455291748046879,1.1455291748046879,7.503107070922852,0.4031070709228519,0.4031070709228519,6.863401412963867,-0.23659858703613246,0.23659858703613246,6.66400671005249,-0.4359932899475094,0.4359932899475094
external_development_validation,38,44.0,Xizang 2025 M7.1,7.1,12,7.588560104370117,0.48856010437011754,0.48856010437011754,8.19714069366455,1.0971406936645511,1.0971406936645511,7.497851848602295,0.3978518486022953,0.3978518486022953,6.857287406921387,-0.24271259307861293,0.24271259307861293,6.657312393188477,-0.4426876068115231,0.4426876068115231
external_development_validation,39,45.0,Xizang 2025 M7.1,7.1,12,7.597287654876709,0.49728765487670934,0.49728765487670934,8.09850025177002,0.9985002517700199,0.9985002517700199,7.492653846740723,0.392653846740723,0.392653846740723,6.846103668212891,-0.253896331787109,0.253896331787109,6.645071029663086,-0.4549289703369137,0.4549289703369137
external_development_validation,40,46.0,Xizang 2025 M7.1,7.1,12,7.605831146240234,0.5058311462402347,0.5058311462402347,8.013379096984863,0.9133790969848636,0.9133790969848636,7.487898349761963,0.38789834976196325,0.38789834976196325,6.844664096832275,-0.25533590316772425,0.25533590316772425,6.643485069274902,-0.4565149307250973,0.4565149307250973
external_development_validation,41,47.0,Xizang 2025 M7.1,7.1,12,7.614130020141602,0.5141300201416019,0.5141300201416019,7.899688243865967,0.7996882438659672,0.7996882438659672,7.484179496765137,0.3841794967651371,0.3841794967651371,6.83737850189209,-0.2626214981079098,0.2626214981079098,6.635163307189941,-0.46483669281005824,0.46483669281005824
external_development_validation,42,48.0,Xizang 2025 M7.1,7.1,12,7.622457027435303,0.5224570274353031,0.5224570274353031,7.877073287963867,0.7770732879638675,0.7770732879638675,7.481754302978516,0.381754302978516,0.381754302978516,6.830831527709961,-0.2691684722900387,0.2691684722900387,6.628005027770996,-0.47199497222900355,0.47199497222900355
external_development_validation,43,49.0,Xizang 2025 M7.1,7.1,12,7.630687713623047,0.5306877136230472,0.5306877136230472,7.855230331420898,0.7552303314208988,0.7552303314208988,7.477573871612549,0.3775738716125492,0.3775738716125492,6.825118541717529,-0.27488145828247035,0.27488145828247035,6.621761798858643,-0.47823820114135707,0.47823820114135707
external_development_validation,44,50.0,Xizang 2025 M7.1,7.1,12,7.638862609863281,0.5388626098632816,0.5388626098632816,7.837105751037598,0.737105751037598,0.737105751037598,7.474853038787842,0.37485303878784215,0.37485303878784215,6.821401596069336,-0.2785984039306637,0.2785984039306637,6.617697715759277,-0.4823022842407223,0.4823022842407223
external_development_validation,45,51.0,Xizang 2025 M7.1,7.1,12,7.646880149841309,0.546880149841309,0.546880149841309,7.791143417358398,0.6911434173583988,0.6911434173583988,7.482558250427246,0.38255825042724645,0.38255825042724645,6.912084579467773,-0.1879154205322262,0.1879154205322262,6.713956832885742,-0.38604316711425746,0.38604316711425746
external_development_validation,46,52.0,Xizang 2025 M7.1,7.1,12,7.6549072265625,0.5549072265625004,0.5549072265625004,7.794961452484131,0.6949614524841312,0.6949614524841312,7.483169078826904,0.38316907882690465,0.38316907882690465,6.902444362640381,-0.19755563735961879,0.19755563735961879,6.703441143035889,-0.396558856964111,0.396558856964111
external_development_validation,47,53.0,Xizang 2025 M7.1,7.1,12,7.662837982177734,0.5628379821777347,0.5628379821777347,7.757158279418945,0.6571582794189457,0.6571582794189457,7.4860734939575195,0.3860734939575199,0.3860734939575199,6.915709972381592,-0.18429002761840785,0.18429002761840785,6.717884063720703,-0.3821159362792965,0.3821159362792965
external_development_validation,48,54.0,Xizang 2025 M7.1,7.1,12,7.670670509338379,0.5706705093383793,0.5706705093383793,7.730337142944336,0.6303371429443363,0.6303371429443363,7.4891157150268555,0.3891157150268558,0.3891157150268558,6.915309429168701,-0.18469057083129847,0.18469057083129847,6.717446327209473,-0.382553672790527,0.382553672790527
external_development_validation,49,55.0,Xizang 2025 M7.1,7.1,12,7.678094863891602,0.5780948638916019,0.5780948638916019,7.64302396774292,0.5430239677429203,0.5430239677429203,7.491957664489746,0.39195766448974645,0.39195766448974645,6.917924880981445,-0.18207511901855433,0.18207511901855433,6.720304012298584,-0.37969598770141566,0.37969598770141566
external_development_validation,50,56.0,Xizang 2025 M7.1,7.1,12,7.685616493225098,0.585616493225098,0.585616493225098,7.7336320877075195,0.6336320877075199,0.6336320877075199,7.497209072113037,0.39720907211303746,0.39720907211303746,6.938633918762207,-0.1613660812377926,0.1613660812377926,6.731391906738281,-0.3686080932617184,0.3686080932617184
external_development_validation,51,57.0,Xizang 2025 M7.1,7.1,12,7.69296932220459,0.5929693222045902,0.5929693222045902,7.731659889221191,0.6316598892211918,0.6316598892211918,7.5003557205200195,0.4003557205200199,0.4003557205200199,6.938633918762207,-0.1613660812377926,0.1613660812377926,6.731391906738281,-0.3686080932617184,0.3686080932617184
external_development_validation,52,58.0,Xizang 2025 M7.1,7.1,12,7.700204849243164,0.6002048492431644,0.6002048492431644,7.722682952880859,0.6226829528808597,0.6226829528808597,7.510869979858398,0.4108699798583988,0.4108699798583988,6.938633918762207,-0.1613660812377926,0.1613660812377926,6.731391906738281,-0.3686080932617184,0.3686080932617184
external_development_validation,53,59.0,Xizang 2025 M7.1,7.1,12,7.707216262817383,0.6072162628173832,0.6072162628173832,7.695136070251465,0.5951360702514652,0.5951360702514652,7.510878086090088,0.41087808609008825,0.41087808609008825,6.938633918762207,-0.1613660812377926,0.1613660812377926,6.731391906738281,-0.3686080932617184,0.3686080932617184
external_development_validation,54,60.0,Xizang 2025 M7.1,7.1,12,7.713939666748047,0.6139396667480472,0.6139396667480472,7.677785873413086,0.5777858734130863,0.5777858734130863,7.515547752380371,0.41554775238037145,0.41554775238037145,6.938633918762207,-0.1613660812377926,0.1613660812377926,6.733016014099121,-0.36698398590087855,0.36698398590087855
external_development_validation,55,61.0,Xizang 2025 M7.1,7.1,12,7.720390319824219,0.6203903198242191,0.6203903198242191,7.6429243087768555,0.5429243087768558,0.5429243087768558,7.521529197692871,0.42152919769287145,0.42152919769287145,6.938633918762207,-0.1613660812377926,0.1613660812377926,6.738420009613037,-0.36157999038696254,0.36157999038696254
external_development_validation,56,62.0,Xizang 2025 M7.1,7.1,12,7.726607322692871,0.6266073226928714,0.6266073226928714,7.623666286468506,0.5236662864685062,0.5236662864685062,7.527448654174805,0.42744865417480504,0.42744865417480504,6.942534923553467,-0.15746507644653285,0.15746507644653285,6.7432403564453125,-0.35675964355468714,0.35675964355468714
external_development_validation,57,63.0,Xizang 2025 M7.1,7.1,12,7.7326273918151855,0.6326273918151859,0.6326273918151859,7.618764400482178,0.5187644004821781,0.5187644004821781,7.53145694732666,0.4314569473266605,0.4314569473266605,6.946094989776611,-0.15390501022338832,0.15390501022338832,6.747130393981934,-0.35286960601806605,0.35286960601806605
external_development_validation,58,64.0,Xizang 2025 M7.1,7.1,12,7.738542556762695,0.6385425567626957,0.6385425567626957,7.6454973220825195,0.5454973220825199,0.5454973220825199,7.53452205657959,0.4345220565795902,0.4345220565795902,6.950098037719727,-0.14990196228027308,0.14990196228027308,6.751503944396973,-0.348496055603027,0.348496055603027
external_development_validation,59,65.0,Xizang 2025 M7.1,7.1,12,7.7405619621276855,0.6405619621276859,0.6405619621276859,7.658428192138672,0.5584281921386722,0.5584281921386722,7.535526275634766,0.435526275634766,0.435526275634766,6.953701019287109,-0.14629898071289027,0.14629898071289027,6.755441188812256,-0.3445588111877438,0.3445588111877438
external_development_validation,60,66.0,Xizang 2025 M7.1,7.1,12,7.742412090301514,0.642412090301514,0.642412090301514,7.642637252807617,0.5426372528076175,0.5426372528076175,7.536188125610352,0.4361881256103519,0.4361881256103519,6.959343910217285,-0.1406560897827145,0.1406560897827145,6.765536308288574,-0.3344636917114254,0.3344636917114254
external_development_validation,61,67.0,Xizang 2025 M7.1,7.1,12,7.744107723236084,0.6441077232360843,0.6441077232360843,7.598985195159912,0.49898519515991246,0.49898519515991246,7.535684585571289,0.4356845855712894,0.4356845855712894,6.959343910217285,-0.1406560897827145,0.1406560897827145,6.765536308288574,-0.3344636917114254,0.3344636917114254
external_development_validation,62,68.0,Xizang 2025 M7.1,7.1,12,7.745676040649414,0.6456760406494144,0.6456760406494144,7.556758403778076,0.4567584037780765,0.4567584037780765,7.534788608551025,0.43478860855102575,0.43478860855102575,6.959343910217285,-0.1406560897827145,0.1406560897827145,6.765536308288574,-0.3344636917114254,0.3344636917114254
external_development_validation,63,69.0,Xizang 2025 M7.1,7.1,12,7.747128486633301,0.6471284866333011,0.6471284866333011,7.5669450759887695,0.4669450759887699,0.4669450759887699,7.534555912017822,0.4345559120178226,0.4345559120178226,6.959343910217285,-0.1406560897827145,0.1406560897827145,6.765536308288574,-0.3344636917114254,0.3344636917114254
external_development_validation,64,70.0,Xizang 2025 M7.1,7.1,12,7.748483180999756,0.6484831809997562,0.6484831809997562,7.551937103271484,0.45193710327148473,0.45193710327148473,7.533441543579102,0.4334415435791019,0.4334415435791019,6.959343910217285,-0.1406560897827145,0.1406560897827145,6.765536308288574,-0.3344636917114254,0.3344636917114254
external_development_validation,65,71.0,Xizang 2025 M7.1,7.1,12,7.7498698234558105,0.6498698234558109,0.6498698234558109,7.572103023529053,0.4721030235290531,0.4721030235290531,7.5327959060668945,0.4327959060668949,0.4327959060668949,6.959343910217285,-0.1406560897827145,0.1406560897827145,6.765536308288574,-0.3344636917114254,0.3344636917114254
external_development_validation,66,72.0,Xizang 2025 M7.1,7.1,12,7.751227855682373,0.6512278556823734,0.6512278556823734,7.6104278564453125,0.5104278564453129,0.5104278564453129,7.5334367752075195,0.4334367752075199,0.4334367752075199,6.959343910217285,-0.1406560897827145,0.1406560897827145,6.765536308288574,-0.3344636917114254,0.3344636917114254
external_development_validation,67,73.0,Xizang 2025 M7.1,7.1,12,7.752525329589844,0.6525253295898441,0.6525253295898441,7.636745452880859,0.5367454528808597,0.5367454528808597,7.534060478210449,0.4340604782104496,0.4340604782104496,6.959343910217285,-0.1406560897827145,0.1406560897827145,6.765536308288574,-0.3344636917114254,0.3344636917114254
external_development_validation,68,74.0,Xizang 2025 M7.1,7.1,12,7.753724575042725,0.653724575042725,0.653724575042725,7.650042533874512,0.5500425338745121,0.5500425338745121,7.535228729248047,0.43522872924804723,0.43522872924804723,6.959343910217285,-0.1406560897827145,0.1406560897827145,6.765536308288574,-0.3344636917114254,0.3344636917114254
external_development_validation,69,75.0,Xizang 2025 M7.1,7.1,12,7.754796981811523,0.6547969818115238,0.6547969818115238,7.656601905822754,0.5566019058227543,0.5566019058227543,7.534577369689941,0.43457736968994176,0.43457736968994176,6.959343910217285,-0.1406560897827145,0.1406560897827145,6.765536308288574,-0.3344636917114254,0.3344636917114254
external_development_validation,70,76.0,Xizang 2025 M7.1,7.1,12,7.755711555480957,0.6557115554809574,0.6557115554809574,7.614683151245117,0.5146831512451175,0.5146831512451175,7.535693645477295,0.4356936454772953,0.4356936454772953,6.959343910217285,-0.1406560897827145,0.1406560897827145,6.765536308288574,-0.3344636917114254,0.3344636917114254
external_development_validation,71,77.0,Xizang 2025 M7.1,7.1,12,7.7834320068359375,0.6834320068359379,0.6834320068359379,7.531569957733154,0.43156995773315465,0.43156995773315465,7.536524772644043,0.4365247726440433,0.4365247726440433,6.959343910217285,-0.1406560897827145,0.1406560897827145,6.765536308288574,-0.3344636917114254,0.3344636917114254
external_development_validation,72,78.0,Xizang 2025 M7.1,7.1,12,7.780932903289795,0.6809329032897953,0.6809329032897953,7.4541168212890625,0.35411682128906286,0.35411682128906286,7.537672996520996,0.43767299652099645,0.43767299652099645,6.959343910217285,-0.1406560897827145,0.1406560897827145,6.765536308288574,-0.3344636917114254,0.3344636917114254
external_development_validation,73,79.0,Xizang 2025 M7.1,7.1,12,7.778437614440918,0.6784376144409183,0.6784376144409183,7.430410385131836,0.3304103851318363,0.3304103851318363,7.538064956665039,0.4380649566650394,0.4380649566650394,6.959343910217285,-0.1406560897827145,0.1406560897827145,6.765536308288574,-0.3344636917114254,0.3344636917114254
external_development_validation,74,80.0,Xizang 2025 M7.1,7.1,12,7.7848968505859375,0.6848968505859379,0.6848968505859379,7.431552410125732,0.3315524101257328,0.3315524101257328,7.538064956665039,0.4380649566650394,0.4380649566650394,6.959343910217285,-0.1406560897827145,0.1406560897827145,6.765536308288574,-0.3344636917114254,0.3344636917114254
external_development_validation,75,81.0,Xizang 2025 M7.1,7.1,12,7.7824835777282715,0.6824835777282718,0.6824835777282718,7.463406562805176,0.36340656280517614,0.36340656280517614,7.538064956665039,0.4380649566650394,0.4380649566650394,6.959343910217285,-0.1406560897827145,0.1406560897827145,6.765536308288574,-0.3344636917114254,0.3344636917114254
external_development_validation,76,82.0,Xizang 2025 M7.1,7.1,12,7.78016996383667,0.6801699638366703,0.6801699638366703,7.486675262451172,0.38667526245117223,0.38667526245117223,7.538064956665039,0.4380649566650394,0.4380649566650394,6.959343910217285,-0.1406560897827145,0.1406560897827145,6.765536308288574,-0.3344636917114254,0.3344636917114254
external_development_validation,77,83.0,Xizang 2025 M7.1,7.1,12,7.777923583984375,0.6779235839843754,0.6779235839843754,7.500548839569092,0.40054883956909215,0.40054883956909215,7.538064956665039,0.4380649566650394,0.4380649566650394,6.959343910217285,-0.1406560897827145,0.1406560897827145,6.765536308288574,-0.3344636917114254,0.3344636917114254
external_development_validation,78,84.0,Xizang 2025 M7.1,7.1,12,7.775704860687256,0.6757048606872562,0.6757048606872562,7.49543571472168,0.39543571472168004,0.39543571472168004,7.538064956665039,0.4380649566650394,0.4380649566650394,6.959343910217285,-0.1406560897827145,0.1406560897827145,6.765536308288574,-0.3344636917114254,0.3344636917114254
external_development_validation,79,85.0,Xizang 2025 M7.1,7.1,12,7.773490905761719,0.6734909057617191,0.6734909057617191,7.485036849975586,0.3850368499755863,0.3850368499755863,7.538064956665039,0.4380649566650394,0.4380649566650394,6.959343910217285,-0.1406560897827145,0.1406560897827145,6.765536308288574,-0.3344636917114254,0.3344636917114254
external_development_validation,80,86.0,Xizang 2025 M7.1,7.1,12,7.771234512329102,0.6712345123291019,0.6712345123291019,7.449826717376709,0.34982671737670934,0.34982671737670934,7.538064956665039,0.4380649566650394,0.4380649566650394,6.959343910217285,-0.1406560897827145,0.1406560897827145,6.765536308288574,-0.3344636917114254,0.3344636917114254
external_development_validation,81,87.0,Xizang 2025 M7.1,7.1,12,7.768945217132568,0.6689452171325687,0.6689452171325687,7.4497785568237305,0.3497785568237308,0.3497785568237308,7.538064956665039,0.4380649566650394,0.4380649566650394,6.959343910217285,-0.1406560897827145,0.1406560897827145,6.765536308288574,-0.3344636917114254,0.3344636917114254
external_development_validation,82,88.0,Xizang 2025 M7.1,7.1,12,7.766668319702148,0.6666683197021488,0.6666683197021488,7.4481940269470215,0.34819402694702184,0.34819402694702184,7.538064956665039,0.4380649566650394,0.4380649566650394,6.959343910217285,-0.1406560897827145,0.1406560897827145,6.765536308288574,-0.3344636917114254,0.3344636917114254
external_development_validation,83,89.0,Xizang 2025 M7.1,7.1,12,7.7644476890563965,0.6644476890563968,0.6644476890563968,7.420366287231445,0.32036628723144567,0.32036628723144567,7.538064956665039,0.4380649566650394,0.4380649566650394,6.959343910217285,-0.1406560897827145,0.1406560897827145,6.765536308288574,-0.3344636917114254,0.3344636917114254
external_development_validation,84,90.0,Xizang 2025 M7.1,7.1,12,7.7622833251953125,0.6622833251953129,0.6622833251953129,7.392482757568359,0.29248275756835973,0.29248275756835973,7.538064956665039,0.4380649566650394,0.4380649566650394,6.959343910217285,-0.1406560897827145,0.1406560897827145,6.765536308288574,-0.3344636917114254,0.3344636917114254
external_development_validation,85,91.0,Xizang 2025 M7.1,7.1,12,7.760197639465332,0.6601976394653324,0.6601976394653324,7.385453701019287,0.28545370101928746,0.28545370101928746,7.538064956665039,0.4380649566650394,0.4380649566650394,6.959343910217285,-0.1406560897827145,0.1406560897827145,6.765536308288574,-0.3344636917114254,0.3344636917114254
external_development_validation,86,92.0,Xizang 2025 M7.1,7.1,12,7.758223533630371,0.6582235336303714,0.6582235336303714,7.393801689147949,0.2938016891479496,0.2938016891479496,7.538064956665039,0.4380649566650394,0.4380649566650394,6.959343910217285,-0.1406560897827145,0.1406560897827145,6.765536308288574,-0.3344636917114254,0.3344636917114254
external_development_validation,87,93.0,Xizang 2025 M7.1,7.1,12,7.765262126922607,0.6652621269226078,0.6652621269226078,7.427539825439453,0.3275398254394535,0.3275398254394535,7.538064956665039,0.4380649566650394,0.4380649566650394,6.959343910217285,-0.1406560897827145,0.1406560897827145,6.765536308288574,-0.3344636917114254,0.3344636917114254
external_development_validation,88,94.0,Xizang 2025 M7.1,7.1,12,7.763484477996826,0.6634844779968265,0.6634844779968265,7.481388092041016,0.381388092041016,0.381388092041016,7.538064956665039,0.4380649566650394,0.4380649566650394,6.959343910217285,-0.1406560897827145,0.1406560897827145,6.765536308288574,-0.3344636917114254,0.3344636917114254
external_development_validation,89,95.0,Xizang 2025 M7.1,7.1,12,7.761868476867676,0.6618684768676761,0.6618684768676761,7.540711879730225,0.44071187973022496,0.44071187973022496,7.538064956665039,0.4380649566650394,0.4380649566650394,6.959343910217285,-0.1406560897827145,0.1406560897827145,6.765536308288574,-0.3344636917114254,0.3344636917114254
external_development_validation,90,96.0,Xizang 2025 M7.1,7.1,12,7.760396480560303,0.6603964805603031,0.6603964805603031,7.555118083953857,0.4551180839538578,0.4551180839538578,7.538064956665039,0.4380649566650394,0.4380649566650394,6.959343910217285,-0.1406560897827145,0.1406560897827145,6.765536308288574,-0.3344636917114254,0.3344636917114254
external_development_validation,91,97.0,Xizang 2025 M7.1,7.1,12,7.759029388427734,0.6590293884277347,0.6590293884277347,7.558858871459961,0.4588588714599613,0.4588588714599613,7.538064956665039,0.4380649566650394,0.4380649566650394,6.959343910217285,-0.1406560897827145,0.1406560897827145,6.765536308288574,-0.3344636917114254,0.3344636917114254
external_development_validation,92,98.0,Xizang 2025 M7.1,7.1,12,7.757758140563965,0.6577581405639652,0.6577581405639652,7.588920593261719,0.4889205932617191,0.4889205932617191,7.538064956665039,0.4380649566650394,0.4380649566650394,6.959343910217285,-0.1406560897827145,0.1406560897827145,6.765536308288574,-0.3344636917114254,0.3344636917114254
external_development_validation,93,99.0,Xizang 2025 M7.1,7.1,12,7.756242275238037,0.6562422752380375,0.6562422752380375,7.681909084320068,0.5819090843200687,0.5819090843200687,7.550374984741211,0.4503749847412113,0.4503749847412113,6.976169586181641,-0.12383041381835902,0.12383041381835902,6.783921241760254,-0.31607875823974574,0.31607875823974574
external_development_validation,94,100.0,Xizang 2025 M7.1,7.1,12,7.754551887512207,0.6545518875122074,0.6545518875122074,7.681972026824951,0.5819720268249515,0.5819720268249515,7.550374984741211,0.4503749847412113,0.4503749847412113,6.976169586181641,-0.12383041381835902,0.12383041381835902,6.783921241760254,-0.31607875823974574,0.31607875823974574
external_development_validation,95,101.0,Xizang 2025 M7.1,7.1,12,7.752889633178711,0.6528896331787113,0.6528896331787113,7.67438268661499,0.5743826866149906,0.5743826866149906,7.550374984741211,0.4503749847412113,0.4503749847412113,6.976169586181641,-0.12383041381835902,0.12383041381835902,6.783921241760254,-0.31607875823974574,0.31607875823974574
external_development_validation,96,102.0,Xizang 2025 M7.1,7.1,12,7.751255035400391,0.651255035400391,0.651255035400391,7.672500133514404,0.5725001335144047,0.5725001335144047,7.550374984741211,0.4503749847412113,0.4503749847412113,6.976169586181641,-0.12383041381835902,0.12383041381835902,6.783921241760254,-0.31607875823974574,0.31607875823974574
external_development_validation,97,103.0,Xizang 2025 M7.1,7.1,12,7.749654293060303,0.6496542930603031,0.6496542930603031,7.666807174682617,0.5668071746826175,0.5668071746826175,7.550374984741211,0.4503749847412113,0.4503749847412113,6.976169586181641,-0.12383041381835902,0.12383041381835902,6.783921241760254,-0.31607875823974574,0.31607875823974574
external_development_validation,98,104.0,Xizang 2025 M7.1,7.1,12,7.748067378997803,0.6480673789978031,0.6480673789978031,7.64024543762207,0.5402454376220707,0.5402454376220707,7.550374984741211,0.4503749847412113,0.4503749847412113,6.976169586181641,-0.12383041381835902,0.12383041381835902,6.783921241760254,-0.31607875823974574,0.31607875823974574
external_development_validation,99,105.0,Xizang 2025 M7.1,7.1,12,7.746496200561523,0.6464962005615238,0.6464962005615238,7.583896636962891,0.483896636962891,0.483896636962891,7.550374984741211,0.4503749847412113,0.4503749847412113,6.976169586181641,-0.12383041381835902,0.12383041381835902,6.783921241760254,-0.31607875823974574,0.31607875823974574
external_development_validation,100,106.0,Xizang 2025 M7.1,7.1,12,7.744951248168945,0.6449512481689457,0.6449512481689457,7.576668739318848,0.476668739318848,0.476668739318848,7.550374984741211,0.4503749847412113,0.4503749847412113,6.976169586181641,-0.12383041381835902,0.12383041381835902,6.783921241760254,-0.31607875823974574,0.31607875823974574
external_development_validation,101,107.0,Xizang 2025 M7.1,7.1,12,7.743457794189453,0.6434577941894535,0.6434577941894535,7.582658767700195,0.48265876770019567,0.48265876770019567,7.550374984741211,0.4503749847412113,0.4503749847412113,6.976169586181641,-0.12383041381835902,0.12383041381835902,6.783921241760254,-0.31607875823974574,0.31607875823974574
external_development_validation,102,108.0,Xizang 2025 M7.1,7.1,12,7.742021083831787,0.6420210838317875,0.6420210838317875,7.588983535766602,0.4889835357666019,0.4889835357666019,7.550374984741211,0.4503749847412113,0.4503749847412113,6.976169586181641,-0.12383041381835902,0.12383041381835902,6.783921241760254,-0.31607875823974574,0.31607875823974574
external_development_validation,103,109.0,Xizang 2025 M7.1,7.1,12,7.740633964538574,0.6406339645385746,0.6406339645385746,7.565920829772949,0.4659208297729496,0.4659208297729496,7.550374984741211,0.4503749847412113,0.4503749847412113,6.976169586181641,-0.12383041381835902,0.12383041381835902,6.783921241760254,-0.31607875823974574,0.31607875823974574
external_development_validation,104,110.0,Xizang 2025 M7.1,7.1,12,7.739925384521484,0.6399253845214847,0.6399253845214847,7.524608135223389,0.424608135223389,0.424608135223389,7.550374984741211,0.4503749847412113,0.4503749847412113,6.976169586181641,-0.12383041381835902,0.12383041381835902,6.783921241760254,-0.31607875823974574,0.31607875823974574
external_development_validation,105,111.0,Xizang 2025 M7.1,7.1,12,7.740664958953857,0.6406649589538578,0.6406649589538578,7.491076469421387,0.3910764694213871,0.3910764694213871,7.550374984741211,0.4503749847412113,0.4503749847412113,6.976169586181641,-0.12383041381835902,0.12383041381835902,6.783921241760254,-0.31607875823974574,0.31607875823974574
external_development_validation,106,112.0,Xizang 2025 M7.1,7.1,12,7.741391658782959,0.6413916587829593,0.6413916587829593,7.490695476531982,0.3906954765319828,0.3906954765319828,7.550374984741211,0.4503749847412113,0.4503749847412113,6.976169586181641,-0.12383041381835902,0.12383041381835902,6.783921241760254,-0.31607875823974574,0.31607875823974574
external_development_validation,107,113.0,Xizang 2025 M7.1,7.1,12,7.742112159729004,0.6421121597290043,0.6421121597290043,7.481800079345703,0.3818000793457035,0.3818000793457035,7.550374984741211,0.4503749847412113,0.4503749847412113,6.976169586181641,-0.12383041381835902,0.12383041381835902,6.783921241760254,-0.31607875823974574,0.31607875823974574
external_development_validation,108,114.0,Xizang 2025 M7.1,7.1,12,7.742822647094727,0.6428226470947269,0.6428226470947269,7.486030101776123,0.3860301017761234,0.3860301017761234,7.550374984741211,0.4503749847412113,0.4503749847412113,6.976169586181641,-0.12383041381835902,0.12383041381835902,6.783921241760254,-0.31607875823974574,0.31607875823974574
external_development_validation,109,115.0,Xizang 2025 M7.1,7.1,12,7.743520736694336,0.6435207366943363,0.6435207366943363,7.487941265106201,0.3879412651062015,0.3879412651062015,7.550374984741211,0.4503749847412113,0.4503749847412113,6.976169586181641,-0.12383041381835902,0.12383041381835902,6.783921241760254,-0.31607875823974574,0.31607875823974574
external_development_validation,110,116.0,Xizang 2025 M7.1,7.1,12,7.74420166015625,0.6442016601562504,0.6442016601562504,7.473269939422607,0.3732699394226078,0.3732699394226078,7.550374984741211,0.4503749847412113,0.4503749847412113,6.976169586181641,-0.12383041381835902,0.12383041381835902,6.783921241760254,-0.31607875823974574,0.31607875823974574
external_development_validation,111,117.0,Xizang 2025 M7.1,7.1,12,7.744861125946045,0.6448611259460453,0.6448611259460453,7.4441986083984375,0.34419860839843786,0.34419860839843786,7.550374984741211,0.4503749847412113,0.4503749847412113,6.976169586181641,-0.12383041381835902,0.12383041381835902,6.783921241760254,-0.31607875823974574,0.31607875823974574
external_development_validation,112,118.0,Xizang 2025 M7.1,7.1,12,7.745481014251709,0.6454810142517093,0.6454810142517093,7.426762580871582,0.3267625808715824,0.3267625808715824,7.550374984741211,0.4503749847412113,0.4503749847412113,6.976169586181641,-0.12383041381835902,0.12383041381835902,6.783921241760254,-0.31607875823974574,0.31607875823974574
external_development_validation,113,119.0,Xizang 2025 M7.1,7.1,12,7.74601936340332,0.6460193634033207,0.6460193634033207,7.4146928787231445,0.3146928787231449,0.3146928787231449,7.550374984741211,0.4503749847412113,0.4503749847412113,6.976169586181641,-0.12383041381835902,0.12383041381835902,6.783921241760254,-0.31607875823974574,0.31607875823974574
external_development_validation,114,120.0,Xizang 2025 M7.1,7.1,12,7.746471405029297,0.6464714050292972,0.6464714050292972,7.411426544189453,0.3114265441894535,0.3114265441894535,7.550374984741211,0.4503749847412113,0.4503749847412113,6.976169586181641,-0.12383041381835902,0.12383041381835902,6.783921241760254,-0.31607875823974574,0.31607875823974574
external_development_validation,115,121.0,Xizang 2025 M7.1,7.1,12,7.746806621551514,0.646806621551514,0.646806621551514,7.403273582458496,0.30327358245849645,0.30327358245849645,7.550374984741211,0.4503749847412113,0.4503749847412113,6.976169586181641,-0.12383041381835902,0.12383041381835902,6.783921241760254,-0.31607875823974574,0.31607875823974574
external_development_validation,116,122.0,Xizang 2025 M7.1,7.1,12,7.747004985809326,0.6470049858093265,0.6470049858093265,7.416887283325195,0.31688728332519567,0.31688728332519567,7.550374984741211,0.4503749847412113,0.4503749847412113,6.976169586181641,-0.12383041381835902,0.12383041381835902,6.783921241760254,-0.31607875823974574,0.31607875823974574
external_development_validation,117,123.0,Xizang 2025 M7.1,7.1,12,7.747071266174316,0.6470712661743168,0.6470712661743168,7.4394965171813965,0.33949651718139684,0.33949651718139684,7.550374984741211,0.4503749847412113,0.4503749847412113,6.976169586181641,-0.12383041381835902,0.12383041381835902,6.783921241760254,-0.31607875823974574,0.31607875823974574
external_development_validation,118,124.0,Xizang 2025 M7.1,7.1,12,7.7470245361328125,0.6470245361328129,0.6470245361328129,7.458479881286621,0.35847988128662145,0.35847988128662145,7.550374984741211,0.4503749847412113,0.4503749847412113,6.976169586181641,-0.12383041381835902,0.12383041381835902,6.783921241760254,-0.31607875823974574,0.31607875823974574
external_development_validation,119,125.0,Xizang 2025 M7.1,7.1,12,7.746880531311035,0.6468805313110355,0.6468805313110355,7.458995819091797,0.35899581909179723,0.35899581909179723,7.561971664428711,0.4619716644287113,0.4619716644287113,6.9920220375061035,-0.10797796249389613,0.10797796249389613,6.801241397857666,-0.29875860214233363,0.29875860214233363
external_development_validation,120,126.0,Xizang 2025 M7.1,7.1,12,7.746623516082764,0.646623516082764,0.646623516082764,7.435214042663574,0.3352140426635746,0.3352140426635746,7.561971664428711,0.4619716644287113,0.4619716644287113,6.9920220375061035,-0.10797796249389613,0.10797796249389613,6.801241397857666,-0.29875860214233363,0.29875860214233363
external_development_validation,121,127.0,Xizang 2025 M7.1,7.1,12,7.746221542358398,0.6462215423583988,0.6462215423583988,7.405707359313965,0.3057073593139652,0.3057073593139652,7.561971664428711,0.4619716644287113,0.4619716644287113,6.9920220375061035,-0.10797796249389613,0.10797796249389613,6.801241397857666,-0.29875860214233363,0.29875860214233363
external_development_validation,122,128.0,Xizang 2025 M7.1,7.1,12,7.745640754699707,0.6456407546997074,0.6456407546997074,7.3864641189575195,0.2864641189575199,0.2864641189575199,7.561971664428711,0.4619716644287113,0.4619716644287113,6.9920220375061035,-0.10797796249389613,0.10797796249389613,6.801241397857666,-0.29875860214233363,0.29875860214233363
external_development_validation,123,129.0,Xizang 2025 M7.1,7.1,12,7.744902610778809,0.644902610778809,0.644902610778809,7.360690593719482,0.2606905937194828,0.2606905937194828,7.561971664428711,0.4619716644287113,0.4619716644287113,6.9920220375061035,-0.10797796249389613,0.10797796249389613,6.801241397857666,-0.29875860214233363,0.29875860214233363
external_development_validation,124,130.0,Xizang 2025 M7.1,7.1,12,7.744061470031738,0.6440614700317386,0.6440614700317386,7.351061820983887,0.2510618209838871,0.2510618209838871,7.561971664428711,0.4619716644287113,0.4619716644287113,6.9920220375061035,-0.10797796249389613,0.10797796249389613,6.801241397857666,-0.29875860214233363,0.29875860214233363
external_development_validation,125,131.0,Xizang 2025 M7.1,7.1,12,7.74317741394043,0.64317741394043,0.64317741394043,7.351923942565918,0.2519239425659183,0.2519239425659183,7.561971664428711,0.4619716644287113,0.4619716644287113,6.9920220375061035,-0.10797796249389613,0.10797796249389613,6.801241397857666,-0.29875860214233363,0.29875860214233363
external_development_validation,126,132.0,Xizang 2025 M7.1,7.1,12,7.742259502410889,0.642259502410889,0.642259502410889,7.3545331954956055,0.2545331954956058,0.2545331954956058,7.576483249664307,0.476483249664307,0.476483249664307,6.9920220375061035,-0.10797796249389613,0.10797796249389613,6.801241397857666,-0.29875860214233363,0.29875860214233363
external_development_validation,127,133.0,Xizang 2025 M7.1,7.1,12,7.741301536560059,0.641301536560059,0.641301536560059,7.349547386169434,0.24954738616943395,0.24954738616943395,7.5909199714660645,0.4909199714660648,0.4909199714660648,7.011754989624023,-0.08824501037597621,0.08824501037597621,6.822802543640137,-0.2771974563598629,0.2771974563598629
external_development_validation,128,134.0,Xizang 2025 M7.1,7.1,12,7.7402801513671875,0.6402801513671879,0.6402801513671879,7.334074974060059,0.23407497406005895,0.23407497406005895,7.624481201171875,0.5244812011718754,0.5244812011718754,7.052876949310303,-0.04712305068969691,0.04712305068969691,6.867929458618164,-0.23207054138183558,0.23207054138183558
external_development_validation,129,135.0,Xizang 2025 M7.1,7.1,12,7.739190101623535,0.6391901016235355,0.6391901016235355,7.303545951843262,0.20354595184326207,0.20354595184326207,7.624481201171875,0.5244812011718754,0.5244812011718754,7.052876949310303,-0.04712305068969691,0.04712305068969691,6.867929458618164,-0.23207054138183558,0.23207054138183558
external_development_validation,130,136.0,Xizang 2025 M7.1,7.1,12,7.738045692443848,0.638045692443848,0.638045692443848,7.278499603271484,0.17849960327148473,0.17849960327148473,7.624481201171875,0.5244812011718754,0.5244812011718754,7.052876949310303,-0.04712305068969691,0.04712305068969691,6.867929458618164,-0.23207054138183558,0.23207054138183558
external_development_validation,131,137.0,Xizang 2025 M7.1,7.1,12,7.736868858337402,0.6368688583374027,0.6368688583374027,7.265066146850586,0.1650661468505863,0.1650661468505863,7.624481201171875,0.5244812011718754,0.5244812011718754,7.052876949310303,-0.04712305068969691,0.04712305068969691,6.867929458618164,-0.23207054138183558,0.23207054138183558
external_development_validation,132,138.0,Xizang 2025 M7.1,7.1,12,7.735692977905273,0.6356929779052738,0.6356929779052738,7.268163204193115,0.1681632041931156,0.1681632041931156,7.624481201171875,0.5244812011718754,0.5244812011718754,7.052876949310303,-0.04712305068969691,0.04712305068969691,6.867929458618164,-0.23207054138183558,0.23207054138183558
external_development_validation,133,139.0,Xizang 2025 M7.1,7.1,12,7.73453426361084,0.6345342636108402,0.6345342636108402,7.262433052062988,0.16243305206298864,0.16243305206298864,7.624481201171875,0.5244812011718754,0.5244812011718754,7.052876949310303,-0.04712305068969691,0.04712305068969691,6.867929458618164,-0.23207054138183558,0.23207054138183558
external_development_validation,134,140.0,Xizang 2025 M7.1,7.1,12,7.733389854431152,0.6333898544311527,0.6333898544311527,7.230532646179199,0.13053264617919957,0.13053264617919957,7.624481201171875,0.5244812011718754,0.5244812011718754,7.052876949310303,-0.04712305068969691,0.04712305068969691,6.867929458618164,-0.23207054138183558,0.23207054138183558
external_development_validation,135,141.0,Xizang 2025 M7.1,7.1,12,7.7322540283203125,0.6322540283203129,0.6322540283203129,7.195582866668701,0.09558286666870153,0.09558286666870153,7.624481201171875,0.5244812011718754,0.5244812011718754,7.052876949310303,-0.04712305068969691,0.04712305068969691,6.867929458618164,-0.23207054138183558,0.23207054138183558
external_development_validation,136,142.0,Xizang 2025 M7.1,7.1,12,7.731130123138428,0.6311301231384281,0.6311301231384281,7.182659149169922,0.08265914916992223,0.08265914916992223,7.624481201171875,0.5244812011718754,0.5244812011718754,7.052876949310303,-0.04712305068969691,0.04712305068969691,6.867929458618164,-0.23207054138183558,0.23207054138183558
external_development_validation,137,143.0,Xizang 2025 M7.1,7.1,12,7.730015754699707,0.6300157546997074,0.6300157546997074,7.1764140129089355,0.0764140129089359,0.0764140129089359,7.624481201171875,0.5244812011718754,0.5244812011718754,7.052876949310303,-0.04712305068969691,0.04712305068969691,6.867929458618164,-0.23207054138183558,0.23207054138183558
external_development_validation,138,144.0,Xizang 2025 M7.1,7.1,12,7.728904724121094,0.6289047241210941,0.6289047241210941,7.1692914962768555,0.06929149627685582,0.06929149627685582,7.624481201171875,0.5244812011718754,0.5244812011718754,7.052876949310303,-0.04712305068969691,0.04712305068969691,6.867929458618164,-0.23207054138183558,0.23207054138183558
external_development_validation,139,145.0,Xizang 2025 M7.1,7.1,12,7.727790355682373,0.6277903556823734,0.6277903556823734,7.16098690032959,0.0609869003295902,0.0609869003295902,7.624481201171875,0.5244812011718754,0.5244812011718754,7.052876949310303,-0.04712305068969691,0.04712305068969691,6.867929458618164,-0.23207054138183558,0.23207054138183558
external_development_validation,140,146.0,Xizang 2025 M7.1,7.1,12,7.726670742034912,0.6266707420349125,0.6266707420349125,7.1532511711120605,0.0532511711120609,0.0532511711120609,7.624481201171875,0.5244812011718754,0.5244812011718754,7.052876949310303,-0.04712305068969691,0.04712305068969691,6.867929458618164,-0.23207054138183558,0.23207054138183558
external_development_validation,141,147.0,Xizang 2025 M7.1,7.1,12,7.725497722625732,0.6254977226257328,0.6254977226257328,7.161645412445068,0.061645412445068715,0.061645412445068715,7.624481201171875,0.5244812011718754,0.5244812011718754,7.052876949310303,-0.04712305068969691,0.04712305068969691,6.867929458618164,-0.23207054138183558,0.23207054138183558
external_development_validation,142,148.0,Xizang 2025 M7.1,7.1,12,7.7242865562438965,0.6242865562438968,0.6242865562438968,7.1798014640808105,0.0798014640808109,0.0798014640808109,7.624481201171875,0.5244812011718754,0.5244812011718754,7.052876949310303,-0.04712305068969691,0.04712305068969691,6.867929458618164,-0.23207054138183558,0.23207054138183558
external_development_validation,143,149.0,Xizang 2025 M7.1,7.1,12,7.723046779632568,0.6230467796325687,0.6230467796325687,7.197591781616211,0.09759178161621129,0.09759178161621129,7.624481201171875,0.5244812011718754,0.5244812011718754,7.052876949310303,-0.04712305068969691,0.04712305068969691,6.867929458618164,-0.23207054138183558,0.23207054138183558
external_development_validation,144,150.0,Xizang 2025 M7.1,7.1,12,7.721780776977539,0.6217807769775394,0.6217807769775394,7.203112602233887,0.10311260223388707,0.10311260223388707,7.624481201171875,0.5244812011718754,0.5244812011718754,7.052876949310303,-0.04712305068969691,0.04712305068969691,6.867929458618164,-0.23207054138183558,0.23207054138183558
external_development_validation,145,151.0,Xizang 2025 M7.1,7.1,12,7.720492839813232,0.6204928398132328,0.6204928398132328,7.196837902069092,0.09683790206909215,0.09683790206909215,7.624481201171875,0.5244812011718754,0.5244812011718754,7.052876949310303,-0.04712305068969691,0.04712305068969691,6.867929458618164,-0.23207054138183558,0.23207054138183558
external_development_validation,146,152.0,Xizang 2025 M7.1,7.1,12,7.719180107116699,0.6191801071166996,0.6191801071166996,7.193542003631592,0.09354200363159215,0.09354200363159215,7.624481201171875,0.5244812011718754,0.5244812011718754,7.052876949310303,-0.04712305068969691,0.04712305068969691,6.867929458618164,-0.23207054138183558,0.23207054138183558
external_development_validation,147,153.0,Xizang 2025 M7.1,7.1,12,7.717836380004883,0.6178363800048832,0.6178363800048832,7.199199676513672,0.09919967651367223,0.09919967651367223,7.624481201171875,0.5244812011718754,0.5244812011718754,7.052876949310303,-0.04712305068969691,0.04712305068969691,6.867929458618164,-0.23207054138183558,0.23207054138183558
external_development_validation,148,154.0,Xizang 2025 M7.1,7.1,12,7.716453552246094,0.6164535522460941,0.6164535522460941,7.198779582977295,0.09877958297729528,0.09877958297729528,7.624481201171875,0.5244812011718754,0.5244812011718754,7.052876949310303,-0.04712305068969691,0.04712305068969691,6.867929458618164,-0.23207054138183558,0.23207054138183558
external_development_validation,149,155.0,Xizang 2025 M7.1,7.1,12,7.715034008026123,0.6150340080261234,0.6150340080261234,7.182075023651123,0.0820750236511234,0.0820750236511234,7.624481201171875,0.5244812011718754,0.5244812011718754,7.052876949310303,-0.04712305068969691,0.04712305068969691,6.867929458618164,-0.23207054138183558,0.23207054138183558
external_development_validation,150,156.0,Xizang 2025 M7.1,7.1,12,7.713582515716553,0.6135825157165531,0.6135825157165531,7.180360317230225,0.08036031723022496,0.08036031723022496,7.624481201171875,0.5244812011718754,0.5244812011718754,7.052876949310303,-0.04712305068969691,0.04712305068969691,6.867929458618164,-0.23207054138183558,0.23207054138183558
external_development_validation,151,157.0,Xizang 2025 M7.1,7.1,12,7.7121076583862305,0.6121076583862308,0.6121076583862308,7.199858665466309,0.09985866546630895,0.09985866546630895,7.624481201171875,0.5244812011718754,0.5244812011718754,7.052876949310303,-0.04712305068969691,0.04712305068969691,6.867929458618164,-0.23207054138183558,0.23207054138183558
external_development_validation,152,158.0,Xizang 2025 M7.1,7.1,12,7.710614204406738,0.6106142044067386,0.6106142044067386,7.2124223709106445,0.11242237091064489,0.11242237091064489,7.624481201171875,0.5244812011718754,0.5244812011718754,7.052876949310303,-0.04712305068969691,0.04712305068969691,6.867929458618164,-0.23207054138183558,0.23207054138183558
external_development_validation,153,159.0,Xizang 2025 M7.1,7.1,12,7.725762844085693,0.6257628440856937,0.6257628440856937,7.222722053527832,0.12272205352783239,0.12272205352783239,7.637228488922119,0.5372284889221195,0.5372284889221195,7.129305839538574,0.029305839538574574,0.029305839538574574,6.95120096206665,-0.14879903793334925,0.14879903793334925
external_development_validation,154,160.0,Xizang 2025 M7.1,7.1,12,7.724128723144531,0.6241287231445316,0.6241287231445316,7.2283759117126465,0.12837591171264684,0.12837591171264684,7.637228488922119,0.5372284889221195,0.5372284889221195,7.129305839538574,0.029305839538574574,0.029305839538574574,6.95120096206665,-0.14879903793334925,0.14879903793334925
external_development_validation,155,161.0,Xizang 2025 M7.1,7.1,12,7.722484111785889,0.622484111785889,0.622484111785889,7.229487895965576,0.12948789596557653,0.12948789596557653,7.637228488922119,0.5372284889221195,0.5372284889221195,7.129305839538574,0.029305839538574574,0.029305839538574574,6.95120096206665,-0.14879903793334925,0.14879903793334925
external_development_validation,156,162.0,Xizang 2025 M7.1,7.1,12,7.7208075523376465,0.6208075523376468,0.6208075523376468,7.225797176361084,0.12579717636108434,0.12579717636108434,7.637228488922119,0.5372284889221195,0.5372284889221195,7.129305839538574,0.029305839538574574,0.029305839538574574,6.95120096206665,-0.14879903793334925,0.14879903793334925
external_development_validation,157,163.0,Xizang 2025 M7.1,7.1,12,7.719082832336426,0.6190828323364261,0.6190828323364261,7.216176986694336,0.11617698669433629,0.11617698669433629,7.637228488922119,0.5372284889221195,0.5372284889221195,7.129305839538574,0.029305839538574574,0.029305839538574574,6.95120096206665,-0.14879903793334925,0.14879903793334925
external_development_validation,158,164.0,Xizang 2025 M7.1,7.1,12,7.717309474945068,0.6173094749450687,0.6173094749450687,7.209176540374756,0.10917654037475621,0.10917654037475621,7.637228488922119,0.5372284889221195,0.5372284889221195,7.129305839538574,0.029305839538574574,0.029305839538574574,6.95120096206665,-0.14879903793334925,0.14879903793334925
external_development_validation,159,165.0,Xizang 2025 M7.1,7.1,12,7.715489864349365,0.6154898643493656,0.6154898643493656,7.196380615234375,0.09638061523437536,0.09638061523437536,7.637228488922119,0.5372284889221195,0.5372284889221195,7.129305839538574,0.029305839538574574,0.029305839538574574,6.95120096206665,-0.14879903793334925,0.14879903793334925
external_development_validation,160,166.0,Xizang 2025 M7.1,7.1,12,7.713632106781006,0.6136321067810062,0.6136321067810062,7.183724403381348,0.08372440338134801,0.08372440338134801,7.637228488922119,0.5372284889221195,0.5372284889221195,7.129305839538574,0.029305839538574574,0.029305839538574574,6.95120096206665,-0.14879903793334925,0.14879903793334925
external_development_validation,161,167.0,Xizang 2025 M7.1,7.1,12,7.711747646331787,0.6117476463317875,0.6117476463317875,7.183427333831787,0.08342733383178746,0.08342733383178746,7.637228488922119,0.5372284889221195,0.5372284889221195,7.129305839538574,0.029305839538574574,0.029305839538574574,6.95120096206665,-0.14879903793334925,0.14879903793334925
external_development_validation,162,168.0,Xizang 2025 M7.1,7.1,12,7.709842205047607,0.6098422050476078,0.6098422050476078,7.189348220825195,0.08934822082519567,0.08934822082519567,7.637228488922119,0.5372284889221195,0.5372284889221195,7.129305839538574,0.029305839538574574,0.029305839538574574,6.95120096206665,-0.14879903793334925,0.14879903793334925
external_development_validation,163,169.0,Xizang 2025 M7.1,7.1,12,7.707913875579834,0.6079138755798343,0.6079138755798343,7.195403575897217,0.09540357589721715,0.09540357589721715,7.637228488922119,0.5372284889221195,0.5372284889221195,7.129305839538574,0.029305839538574574,0.029305839538574574,6.95120096206665,-0.14879903793334925,0.14879903793334925
external_development_validation,164,170.0,Xizang 2025 M7.1,7.1,12,7.705960750579834,0.6059607505798343,0.6059607505798343,7.1994218826293945,0.09942188262939489,0.09942188262939489,7.637228488922119,0.5372284889221195,0.5372284889221195,7.129305839538574,0.029305839538574574,0.029305839538574574,6.95120096206665,-0.14879903793334925,0.14879903793334925
external_development_validation,165,171.0,Xizang 2025 M7.1,7.1,12,7.703980922698975,0.603980922698975,0.603980922698975,7.197118759155273,0.09711875915527379,0.09711875915527379,7.637228488922119,0.5372284889221195,0.5372284889221195,7.129305839538574,0.029305839538574574,0.029305839538574574,6.95120096206665,-0.14879903793334925,0.14879903793334925
external_development_validation,166,172.0,Xizang 2025 M7.1,7.1,12,7.701974391937256,0.6019743919372562,0.6019743919372562,7.196216583251953,0.09621658325195348,0.09621658325195348,7.637228488922119,0.5372284889221195,0.5372284889221195,7.129305839538574,0.029305839538574574,0.029305839538574574,6.95120096206665,-0.14879903793334925,0.14879903793334925
external_development_validation,167,173.0,Xizang 2025 M7.1,7.1,12,7.699941158294678,0.5999411582946781,0.5999411582946781,7.201024055480957,0.10102405548095739,0.10102405548095739,7.637228488922119,0.5372284889221195,0.5372284889221195,7.129305839538574,0.029305839538574574,0.029305839538574574,6.95120096206665,-0.14879903793334925,0.14879903793334925
external_development_validation,168,174.0,Xizang 2025 M7.1,7.1,12,7.697879791259766,0.597879791259766,0.597879791259766,7.216638088226318,0.11663808822631871,0.11663808822631871,7.637228488922119,0.5372284889221195,0.5372284889221195,7.129305839538574,0.029305839538574574,0.029305839538574574,6.95120096206665,-0.14879903793334925,0.14879903793334925
external_development_validation,169,175.0,Xizang 2025 M7.1,7.1,12,7.695788860321045,0.5957888603210453,0.5957888603210453,7.232990264892578,0.13299026489257848,0.13299026489257848,7.637228488922119,0.5372284889221195,0.5372284889221195,7.129305839538574,0.029305839538574574,0.029305839538574574,6.95120096206665,-0.14879903793334925,0.14879903793334925
external_development_validation,170,176.0,Xizang 2025 M7.1,7.1,12,7.693662166595459,0.5936621665954593,0.5936621665954593,7.242746353149414,0.14274635314941442,0.14274635314941442,7.637228488922119,0.5372284889221195,0.5372284889221195,7.129305839538574,0.029305839538574574,0.029305839538574574,6.95120096206665,-0.14879903793334925,0.14879903793334925
external_development_validation,171,177.0,Xizang 2025 M7.1,7.1,12,7.691498756408691,0.5914987564086918,0.5914987564086918,7.237885475158691,0.13788547515869176,0.13788547515869176,7.637228488922119,0.5372284889221195,0.5372284889221195,7.129305839538574,0.029305839538574574,0.029305839538574574,6.95120096206665,-0.14879903793334925,0.14879903793334925
external_development_validation,172,178.0,Xizang 2025 M7.1,7.1,12,7.689296245574951,0.5892962455749515,0.5892962455749515,7.219245910644531,0.1192459106445316,0.1192459106445316,7.637228488922119,0.5372284889221195,0.5372284889221195,7.129305839538574,0.029305839538574574,0.029305839538574574,6.95120096206665,-0.14879903793334925,0.14879903793334925
external_development_validation,173,179.0,Xizang 2025 M7.1,7.1,12,7.6870527267456055,0.5870527267456058,0.5870527267456058,7.206972122192383,0.10697212219238317,0.10697212219238317,7.637228488922119,0.5372284889221195,0.5372284889221195,7.129305839538574,0.029305839538574574,0.029305839538574574,6.95120096206665,-0.14879903793334925,0.14879903793334925
external_development_validation,174,180.0,Xizang 2025 M7.1,7.1,12,7.684779167175293,0.5847791671752933,0.5847791671752933,7.2219743728637695,0.12197437286376989,0.12197437286376989,7.637228488922119,0.5372284889221195,0.5372284889221195,7.129305839538574,0.029305839538574574,0.029305839538574574,6.95120096206665,-0.14879903793334925,0.14879903793334925
external_development_validation,175,181.0,Xizang 2025 M7.1,7.1,12,7.682476997375488,0.5824769973754886,0.5824769973754886,7.243979454040527,0.1439794540405277,0.1439794540405277,7.637228488922119,0.5372284889221195,0.5372284889221195,7.129305839538574,0.029305839538574574,0.029305839538574574,6.95120096206665,-0.14879903793334925,0.14879903793334925
external_development_validation,176,182.0,Xizang 2025 M7.1,7.1,12,7.68014669418335,0.58014669418335,0.58014669418335,7.2753448486328125,0.17534484863281286,0.17534484863281286,7.637228488922119,0.5372284889221195,0.5372284889221195,7.129305839538574,0.029305839538574574,0.029305839538574574,6.95120096206665,-0.14879903793334925,0.14879903793334925
external_development_validation,177,183.0,Xizang 2025 M7.1,7.1,12,7.677785873413086,0.5777858734130863,0.5777858734130863,7.297517776489258,0.19751777648925817,0.19751777648925817,7.637228488922119,0.5372284889221195,0.5372284889221195,7.129305839538574,0.029305839538574574,0.029305839538574574,6.95120096206665,-0.14879903793334925,0.14879903793334925
external_development_validation,178,184.0,Xizang 2025 M7.1,7.1,12,7.675389766693115,0.5753897666931156,0.5753897666931156,7.299411773681641,0.19941177368164098,0.19941177368164098,7.637228488922119,0.5372284889221195,0.5372284889221195,7.129305839538574,0.029305839538574574,0.029305839538574574,6.95120096206665,-0.14879903793334925,0.14879903793334925
external_development_validation,179,185.0,Xizang 2025 M7.1,7.1,12,7.6729559898376465,0.5729559898376468,0.5729559898376468,7.290226936340332,0.1902269363403324,0.1902269363403324,7.637228488922119,0.5372284889221195,0.5372284889221195,7.129305839538574,0.029305839538574574,0.029305839538574574,6.95120096206665,-0.14879903793334925,0.14879903793334925
external_development_validation,180,186.0,Xizang 2025 M7.1,7.1,12,7.670485496520996,0.5704854965209964,0.5704854965209964,7.281627178192139,0.18162717819213903,0.18162717819213903,7.637228488922119,0.5372284889221195,0.5372284889221195,7.129305839538574,0.029305839538574574,0.029305839538574574,6.95120096206665,-0.14879903793334925,0.14879903793334925
external_development_validation,181,187.0,Xizang 2025 M7.1,7.1,12,7.667987823486328,0.5679878234863285,0.5679878234863285,7.286740779876709,0.18674077987670934,0.18674077987670934,7.637228488922119,0.5372284889221195,0.5372284889221195,7.129305839538574,0.029305839538574574,0.029305839538574574,6.95120096206665,-0.14879903793334925,0.14879903793334925
external_development_validation,182,188.0,Xizang 2025 M7.1,7.1,12,7.665481090545654,0.5654810905456547,0.5654810905456547,7.309356212615967,0.20935621261596715,0.20935621261596715,7.637228488922119,0.5372284889221195,0.5372284889221195,7.129305839538574,0.029305839538574574,0.029305839538574574,6.95120096206665,-0.14879903793334925,0.14879903793334925
external_development_validation,183,189.0,Xizang 2025 M7.1,7.1,12,7.662988185882568,0.5629881858825687,0.5629881858825687,7.335385799407959,0.23538579940795934,0.23538579940795934,7.637228488922119,0.5372284889221195,0.5372284889221195,7.129305839538574,0.029305839538574574,0.029305839538574574,6.95120096206665,-0.14879903793334925,0.14879903793334925
external_development_validation,184,190.0,Xizang 2025 M7.1,7.1,12,7.660539627075195,0.5605396270751957,0.5605396270751957,7.34743070602417,0.24743070602417028,0.24743070602417028,7.637228488922119,0.5372284889221195,0.5372284889221195,7.129305839538574,0.029305839538574574,0.029305839538574574,6.95120096206665,-0.14879903793334925,0.14879903793334925
external_development_validation,185,191.0,Xizang 2025 M7.1,7.1,12,7.65815544128418,0.55815544128418,0.55815544128418,7.3385009765625,0.23850097656250036,0.23850097656250036,7.637228488922119,0.5372284889221195,0.5372284889221195,7.129305839538574,0.029305839538574574,0.029305839538574574,6.95120096206665,-0.14879903793334925,0.14879903793334925
external_development_validation,186,192.0,Xizang 2025 M7.1,7.1,12,7.655799865722656,0.5557998657226566,0.5557998657226566,7.321969985961914,0.22196998596191442,0.22196998596191442,7.637228488922119,0.5372284889221195,0.5372284889221195,7.129305839538574,0.029305839538574574,0.029305839538574574,6.95120096206665,-0.14879903793334925,0.14879903793334925
external_development_validation,187,193.0,Xizang 2025 M7.1,7.1,12,7.653379440307617,0.5533794403076175,0.5533794403076175,7.298401832580566,0.19840183258056676,0.19840183258056676,7.637228488922119,0.5372284889221195,0.5372284889221195,7.129305839538574,0.029305839538574574,0.029305839538574574,6.95120096206665,-0.14879903793334925,0.14879903793334925
external_development_validation,188,194.0,Xizang 2025 M7.1,7.1,12,7.6600165367126465,0.5600165367126468,0.5600165367126468,7.276230812072754,0.17623081207275426,0.17623081207275426,7.6602935791015625,0.5602935791015629,0.5602935791015629,7.160914421081543,0.060914421081543324,0.060914421081543324,6.985639572143555,-0.11436042785644496,0.11436042785644496
external_development_validation,189,195.0,Xizang 2025 M7.1,7.1,12,7.657285213470459,0.5572852134704593,0.5572852134704593,7.253294944763184,0.15329494476318395,0.15329494476318395,7.6602935791015625,0.5602935791015629,0.5602935791015629,7.160914421081543,0.060914421081543324,0.060914421081543324,6.985639572143555,-0.11436042785644496,0.11436042785644496
external_development_validation,190,196.0,Xizang 2025 M7.1,7.1,12,7.65451192855835,0.55451192855835,0.55451192855835,7.230808258056641,0.13080825805664098,0.13080825805664098,7.6602935791015625,0.5602935791015629,0.5602935791015629,7.160914421081543,0.060914421081543324,0.060914421081543324,6.985639572143555,-0.11436042785644496,0.11436042785644496
external_development_validation,191,197.0,Xizang 2025 M7.1,7.1,12,7.651717185974121,0.5517171859741214,0.5517171859741214,7.2125654220581055,0.11256542205810582,0.11256542205810582,7.6602935791015625,0.5602935791015629,0.5602935791015629,7.160914421081543,0.060914421081543324,0.060914421081543324,6.985639572143555,-0.11436042785644496,0.11436042785644496
external_development_validation,192,198.0,Xizang 2025 M7.1,7.1,12,7.648911476135254,0.5489114761352543,0.5489114761352543,7.216423034667969,0.1164230346679691,0.1164230346679691,7.6602935791015625,0.5602935791015629,0.5602935791015629,7.160914421081543,0.060914421081543324,0.060914421081543324,6.985639572143555,-0.11436042785644496,0.11436042785644496
external_development_validation,193,199.0,Xizang 2025 M7.1,7.1,12,7.646096229553223,0.546096229553223,0.546096229553223,7.222332000732422,0.12233200073242223,0.12233200073242223,7.6602935791015625,0.5602935791015629,0.5602935791015629,7.160914421081543,0.060914421081543324,0.060914421081543324,6.985639572143555,-0.11436042785644496,0.11436042785644496
external_development_validation,194,200.0,Xizang 2025 M7.1,7.1,12,7.643238067626953,0.5432380676269535,0.5432380676269535,7.226692199707031,0.1266921997070316,0.1266921997070316,7.6602935791015625,0.5602935791015629,0.5602935791015629,7.160914421081543,0.060914421081543324,0.060914421081543324,6.985639572143555,-0.11436042785644496,0.11436042785644496
external_development_validation,195,201.0,Xizang 2025 M7.1,7.1,12,7.640294551849365,0.5402945518493656,0.5402945518493656,7.237447261810303,0.1374472618103031,0.1374472618103031,7.6602935791015625,0.5602935791015629,0.5602935791015629,7.160914421081543,0.060914421081543324,0.060914421081543324,6.985639572143555,-0.11436042785644496,0.11436042785644496
external_development_validation,196,202.0,Xizang 2025 M7.1,7.1,12,7.637215614318848,0.537215614318848,0.537215614318848,7.25009298324585,0.15009298324584996,0.15009298324584996,7.6602935791015625,0.5602935791015629,0.5602935791015629,7.160914421081543,0.060914421081543324,0.060914421081543324,6.985639572143555,-0.11436042785644496,0.11436042785644496
external_development_validation,197,203.0,Xizang 2025 M7.1,7.1,12,7.6339921951293945,0.5339921951293949,0.5339921951293949,7.257452011108398,0.1574520111083988,0.1574520111083988,7.6602935791015625,0.5602935791015629,0.5602935791015629,7.160914421081543,0.060914421081543324,0.060914421081543324,6.985639572143555,-0.11436042785644496,0.11436042785644496
external_development_validation,198,204.0,Xizang 2025 M7.1,7.1,12,7.630651473999023,0.5306514739990238,0.5306514739990238,7.255585670471191,0.15558567047119176,0.15558567047119176,7.6602935791015625,0.5602935791015629,0.5602935791015629,7.160914421081543,0.060914421081543324,0.060914421081543324,6.985639572143555,-0.11436042785644496,0.11436042785644496
external_development_validation,199,205.0,Xizang 2025 M7.1,7.1,12,7.6272292137146,0.5272292137146,0.5272292137146,7.239135265350342,0.13913526535034215,0.13913526535034215,7.706430912017822,0.6064309120178226,0.6064309120178226,7.160914421081543,0.060914421081543324,0.060914421081543324,6.985639572143555,-0.11436042785644496,0.11436042785644496
external_development_validation,200,206.0,Xizang 2025 M7.1,7.1,12,7.62375020980835,0.52375020980835,0.52375020980835,7.252913475036621,0.15291347503662145,0.15291347503662145,7.706430912017822,0.6064309120178226,0.6064309120178226,7.160914421081543,0.060914421081543324,0.060914421081543324,6.985639572143555,-0.11436042785644496,0.11436042785644496
