method,observation_horizon_sec,event,mw_pred_median,mw_catalog,mw_stf_native,error_vs_catalog,error_vs_stf_native,n_stations,pred_std,pred_iqr
crowell,1,Ecuador2016,6.124990621900757,7.8,,-1.6750093780992428,,20,0.3962933424238127,0.4338594889554281
crowell,2,Ecuador2016,6.277333864054056,7.8,,-1.5226661359459444,,20,0.4044314704949343,0.4788391411813375
crowell,3,Ecuador2016,6.290053882505202,7.8,,-1.509946117494798,,20,0.4096009417603351,0.5111332794401706
crowell,4,Ecuador2016,6.290053882505202,7.8,,-1.509946117494798,,20,0.3996254042774446,0.5647279900826421
crowell,5,Ecuador2016,6.341914359967897,7.8,,-1.4580856400321025,,20,0.3941406906688318,0.5392379396018949
crowell,6,Ecuador2016,6.380956080948879,7.8,,-1.4190439190511208,,20,0.3871501003720138,0.5418771683702017
crowell,7,Ecuador2016,6.475680533741821,7.8,,-1.3243194662581788,,20,0.3827268909443647,0.5277637047334487
crowell,8,Ecuador2016,6.475680533741821,7.8,,-1.3243194662581788,,20,0.380840896239187,0.5470567147199521
crowell,9,Ecuador2016,6.478410929952309,7.8,,-1.3215890700476909,,20,0.3511570126578918,0.5484277168812675
crowell,10,Ecuador2016,6.483443203871127,7.8,,-1.3165567961288724,,20,0.3332266913426539,0.5148287332319805
crowell,11,Ecuador2016,6.488283709062662,7.8,,-1.311716290937338,,20,0.3198796338781053,0.4999317823914495
crowell,12,Ecuador2016,6.532578078331589,7.8,,-1.2674219216684106,,20,0.3047796950021255,0.399440950923287
crowell,13,Ecuador2016,6.551144813281165,7.8,,-1.2488551867188349,,20,0.2925399594125282,0.3350974871873617
crowell,14,Ecuador2016,6.553064251261557,7.8,,-1.2469357487384425,,20,0.2611419431096381,0.3374423645117446
crowell,15,Ecuador2016,6.60598179598272,7.8,,-1.1940182040172802,,20,0.2540902910751423,0.3029711886693889
crowell,16,Ecuador2016,6.620186196236581,7.8,,-1.1798138037634187,,20,0.2579797489547372,0.2557713600499083
crowell,17,Ecuador2016,6.6499306870637,7.8,,-1.1500693129363002,,20,0.255791690969296,0.2557713600499083
crowell,18,Ecuador2016,6.6499306870637,7.8,,-1.1500693129363002,,20,0.2526908281615807,0.2981682651160531
crowell,19,Ecuador2016,6.6499306870637,7.8,,-1.1500693129363002,,20,0.2520260902253415,0.3300496885798569
crowell,20,Ecuador2016,6.6499306870637,7.8,,-1.1500693129363002,,20,0.2601744317371007,0.343144913781666
crowell,21,Ecuador2016,6.6499306870637,7.8,,-1.1500693129363002,,20,0.274326631131281,0.343144913781666
crowell,22,Ecuador2016,6.650699640472524,7.8,,-1.1493003595274756,,20,0.2800867115143935,0.3599809979596147
crowell,23,Ecuador2016,6.652151294920743,7.8,,-1.147848705079257,,20,0.2620585280770334,0.3626289288473119
crowell,24,Ecuador2016,6.660432644941908,7.8,,-1.1395673550580918,,20,0.2452457822014891,0.2817531522388936
crowell,25,Ecuador2016,6.680131974067606,7.8,,-1.1198680259323934,,20,0.2347537071697862,0.2261271934386819
crowell,26,Ecuador2016,6.6922319900679055,7.8,,-1.1077680099320943,,20,0.2363349633617051,0.3522828242892384
crowell,27,Ecuador2016,6.6922319900679055,7.8,,-1.1077680099320943,,20,0.2439116880895468,0.3301008961931133
crowell,28,Ecuador2016,6.7116483900997626,7.8,,-1.0883516099002373,,20,0.260082168235147,0.3301008961931133
crowell,29,Ecuador2016,6.7116483900997626,7.8,,-1.0883516099002373,,20,0.2801047217175148,0.3301008961931133
crowell,30,Ecuador2016,6.7116483900997626,7.8,,-1.0883516099002373,,20,0.2956538283621518,0.3258726438891512
crowell,31,Ecuador2016,6.743111271807285,7.8,,-1.0568887281927148,,20,0.3231024348966672,0.3153966555495655
crowell,32,Ecuador2016,6.743111271807285,7.8,,-1.0568887281927148,,20,0.347176397603393,0.3348876791061537
crowell,33,Ecuador2016,6.769449586319498,7.8,,-1.0305504136805022,,20,0.3581400406522332,0.3695419316242736
crowell,34,Ecuador2016,6.790220572955121,7.8,,-1.0097794270448786,,20,0.3607651755277262,0.356159785814035
crowell,35,Ecuador2016,6.791798653285895,7.8,,-1.008201346714105,,20,0.3682229347357464,0.3587949734518512
crowell,36,Ecuador2016,6.802564051785728,7.8,,-0.9974359482142718,,20,0.376828435845571,0.3406018095573104
crowell,37,Ecuador2016,6.812910646020795,7.8,,-0.9870893539792052,,20,0.387212530418039,0.3406018095573104
crowell,38,Ecuador2016,6.812910646020795,7.8,,-0.9870893539792052,,20,0.4003393460367814,0.3406018095573104
crowell,39,Ecuador2016,6.820751239195934,7.8,,-0.979248760804066,,20,0.415069800847249,0.3406018095573104
crowell,40,Ecuador2016,6.843674729808986,7.8,,-0.956325270191014,,20,0.4335428748320883,0.3406018095573104
crowell,41,Ecuador2016,6.886687869100339,7.8,,-0.9133121308996612,,20,0.4465031719203984,0.3406018095573104
crowell,42,Ecuador2016,6.901639595078018,7.8,,-0.8983604049219815,,20,0.4539393389024264,0.370974424412374
crowell,43,Ecuador2016,6.909919139497059,7.8,,-0.8900808605029411,,20,0.4570414014827838,0.3855725247361707
crowell,44,Ecuador2016,6.9488947310335165,7.8,,-0.8511052689664833,,20,0.4545038709576994,0.3804994860377571
crowell,45,Ecuador2016,6.961802159559463,7.8,,-0.8381978404405368,,20,0.4506162912259627,0.3755120450419502
crowell,46,Ecuador2016,6.9628279390068055,7.8,,-0.8371720609931943,,20,0.4492113853274686,0.3912427980251944
crowell,47,Ecuador2016,6.984862107554944,7.8,,-0.8151378924450556,,20,0.4451730810002989,0.4099637631321871
crowell,48,Ecuador2016,6.992156570398475,7.8,,-0.8078434296015251,,20,0.4418383830273183,0.432992293454566
crowell,49,Ecuador2016,7.022224667202195,7.8,,-0.7777753327978045,,20,0.4373920249802584,0.4648097744071782
crowell,50,Ecuador2016,7.023305595402794,7.8,,-0.7766944045972055,,20,0.429764094681365,0.4545923321497431
crowell,51,Ecuador2016,7.037366772642942,7.8,,-0.7626332273570577,,20,0.4238226297843618,0.4287036139783353
crowell,52,Ecuador2016,7.061340371269473,7.8,,-0.7386596287305265,,20,0.4201721320511719,0.4032892060045352
crowell,53,Ecuador2016,7.08202183337168,7.8,,-0.7179781666283196,,20,0.4142948006391438,0.3579346386969408
crowell,54,Ecuador2016,7.101066395502861,7.8,,-0.6989336044971388,,20,0.4069682549052958,0.331813118728399
crowell,55,Ecuador2016,7.113642919584212,7.8,,-0.6863570804157879,,20,0.407853905232603,0.3364454348968895
crowell,56,Ecuador2016,7.116554127177119,7.8,,-0.6834458728228805,,20,0.4132882052611445,0.3487312023254292
crowell,57,Ecuador2016,7.123853596134088,7.8,,-0.6761464038659115,,20,0.4130771606187021,0.3516219720798261
crowell,58,Ecuador2016,7.1335226754114895,7.8,,-0.6664773245885103,,20,0.4083312079838302,0.3428856830918141
crowell,59,Ecuador2016,7.190755560497087,7.8,,-0.6092444395029126,,20,0.4079847147500285,0.3294253355820729
crowell,60,Ecuador2016,7.266260323582658,7.8,,-0.5337396764173414,,20,0.4122511933273008,0.362033020298524
crowell,61,Ecuador2016,7.29343903197657,7.8,,-0.5065609680234298,,20,0.4142661930150525,0.427473786317134
crowell,62,Ecuador2016,7.3154943789039075,7.8,,-0.4845056210960923,,20,0.4181797103069387,0.4670601465117867
crowell,63,Ecuador2016,7.329811515814055,7.8,,-0.4701884841859449,,20,0.4238338011240392,0.4889940679475701
crowell,64,Ecuador2016,7.330972561593464,7.8,,-0.4690274384065356,,20,0.4297803421014958,0.5093424373681366
crowell,65,Ecuador2016,7.333284979538478,7.8,,-0.466715020461522,,20,0.4359091248649989,0.5218724541427564
crowell,66,Ecuador2016,7.350396073167615,7.8,,-0.4496039268323848,,20,0.4409451997161604,0.551868828782565
crowell,67,Ecuador2016,7.365127028751239,7.8,,-0.4348729712487609,,20,0.4428266881360361,0.6181996744636669
crowell,68,Ecuador2016,7.376238338200977,7.8,,-0.4237616617990225,,20,0.4437963488343955,0.6765701867469289
crowell,69,Ecuador2016,7.385528793781209,7.8,,-0.4144712062187912,,20,0.4382034009453299,0.6727456095747835
crowell,70,Ecuador2016,7.385528793781209,7.8,,-0.4144712062187912,,20,0.4296094436449847,0.6976988036634753
crowell,71,Ecuador2016,7.385528793781209,7.8,,-0.4144712062187912,,20,0.4238034665554123,0.7129469029658608
crowell,72,Ecuador2016,7.385528793781209,7.8,,-0.4144712062187912,,20,0.4200930514861135,0.6765070706900547
crowell,73,Ecuador2016,7.385528793781209,7.8,,-0.4144712062187912,,20,0.4203577107283892,0.6744344103749169
crowell,74,Ecuador2016,7.385528793781209,7.8,,-0.4144712062187912,,20,0.4211234254582844,0.6815609435317835
crowell,75,Ecuador2016,7.399646704884202,7.8,,-0.4003532951157975,,20,0.4215994524707062,0.691564074561204
crowell,76,Ecuador2016,7.41189586228149,7.8,,-0.3881041377185097,,20,0.4200953040702205,0.6736688011934548
crowell,77,Ecuador2016,7.414174888005605,7.8,,-0.3858251119943947,,20,0.4192352623441522,0.6576042028304547
crowell,78,Ecuador2016,7.414174888005605,7.8,,-0.3858251119943947,,20,0.4188049107825712,0.6579052545383686
crowell,79,Ecuador2016,7.415102442644397,7.8,,-0.384897557355603,,20,0.4214911060220122,0.6616862408259605
crowell,80,Ecuador2016,7.425569215086014,7.8,,-0.3744307849139856,,20,0.4209498585447109,0.6564787083241859
crowell,81,Ecuador2016,7.438318245240239,7.8,,-0.3616817547597604,,20,0.4219089410405367,0.6800349639328607
crowell,82,Ecuador2016,7.448455535118964,7.8,,-0.3515444648810355,,20,0.4235126468647303,0.7064351251247754
crowell,83,Ecuador2016,7.448455535118964,7.8,,-0.3515444648810355,,20,0.4231423675292972,0.7032627554561621
crowell,84,Ecuador2016,7.467644979428129,7.8,,-0.332355020571871,,20,0.4212020584482679,0.6762226075715745
crowell,85,Ecuador2016,7.469927718031893,7.8,,-0.330072281968107,,20,0.4190924820249095,0.6564355675078035
crowell,86,Ecuador2016,7.469927718031893,7.8,,-0.330072281968107,,20,0.4183185034493475,0.6568494226736581
crowell,87,Ecuador2016,7.488631735825198,7.8,,-0.3113682641748019,,20,0.4193340100356487,0.6568494226736581
crowell,88,Ecuador2016,7.516735501238303,7.8,,-0.2832644987616968,,20,0.4200666671710925,0.6568494226736581
crowell,89,Ecuador2016,7.53560976848305,7.8,,-0.2643902315169493,,20,0.41994181470812,0.6568494226736581
crowell,90,Ecuador2016,7.53560976848305,7.8,,-0.2643902315169493,,20,0.4198678419994086,0.6568494226736581
crowell,91,Ecuador2016,7.53560976848305,7.8,,-0.2643902315169493,,20,0.4199567119182086,0.6568494226736581
crowell,92,Ecuador2016,7.53560976848305,7.8,,-0.2643902315169493,,20,0.4196419565179554,0.6523373094571614
crowell,93,Ecuador2016,7.53560976848305,7.8,,-0.2643902315169493,,20,0.419542327535956,0.648122759326748
crowell,94,Ecuador2016,7.53560976848305,7.8,,-0.2643902315169493,,20,0.4191134435252515,0.63666611854243
crowell,95,Ecuador2016,7.53560976848305,7.8,,-0.2643902315169493,,20,0.4178783665917592,0.6124139121466774
crowell,96,Ecuador2016,7.53560976848305,7.8,,-0.2643902315169493,,20,0.4174505722145159,0.6124139121466774
crowell,97,Ecuador2016,7.53560976848305,7.8,,-0.2643902315169493,,20,0.4174145651224799,0.6124139121466774
crowell,98,Ecuador2016,7.53560976848305,7.8,,-0.2643902315169493,,20,0.4174145651224799,0.6124139121466774
crowell,99,Ecuador2016,7.53560976848305,7.8,,-0.2643902315169493,,20,0.4174145651224799,0.6124139121466774
crowell,100,Ecuador2016,7.53560976848305,7.8,,-0.2643902315169493,,20,0.4201456611440292,0.6124139121466774
crowell,101,Ecuador2016,7.53560976848305,7.8,,-0.2643902315169493,,20,0.4250768658429344,0.6124139121466774
crowell,102,Ecuador2016,7.53560976848305,7.8,,-0.2643902315169493,,20,0.4278816817179086,0.628489594019336
crowell,103,Ecuador2016,7.53560976848305,7.8,,-0.2643902315169493,,20,0.4278816817179086,0.628489594019336
crowell,104,Ecuador2016,7.53560976848305,7.8,,-0.2643902315169493,,20,0.4278816817179086,0.628489594019336
crowell,105,Ecuador2016,7.53560976848305,7.8,,-0.2643902315169493,,20,0.4278816817179086,0.628489594019336
crowell,106,Ecuador2016,7.53560976848305,7.8,,-0.2643902315169493,,20,0.4278816817179086,0.628489594019336
crowell,107,Ecuador2016,7.53560976848305,7.8,,-0.2643902315169493,,20,0.4278296592246569,0.628489594019336
crowell,108,Ecuador2016,7.53560976848305,7.8,,-0.2643902315169493,,20,0.4277036246200484,0.628489594019336
crowell,109,Ecuador2016,7.53560976848305,7.8,,-0.2643902315169493,,20,0.4277036246200484,0.628489594019336
crowell,110,Ecuador2016,7.552316068921266,7.8,,-0.2476839310787335,,20,0.4273339272048751,0.628489594019336
crowell,111,Ecuador2016,7.574620781121885,7.8,,-0.2253792188781149,,20,0.4265415344822178,0.628489594019336
crowell,112,Ecuador2016,7.596812009368726,7.8,,-0.2031879906312736,,20,0.4263563508260105,0.628489594019336
crowell,113,Ecuador2016,7.601633459790374,7.8,,-0.1983665402096255,,20,0.4263759151831764,0.628489594019336
crowell,114,Ecuador2016,7.601633459790374,7.8,,-0.1983665402096255,,20,0.4271132494559961,0.633044432453862
crowell,115,Ecuador2016,7.601633459790374,7.8,,-0.1983665402096255,,20,0.4293930796120891,0.6340118705712028
crowell,116,Ecuador2016,7.601633459790374,7.8,,-0.1983665402096255,,20,0.4293930796120891,0.6340118705712028
crowell,117,Ecuador2016,7.601633459790374,7.8,,-0.1983665402096255,,20,0.4293930796120891,0.6340118705712028
crowell,118,Ecuador2016,7.601633459790374,7.8,,-0.1983665402096255,,20,0.4293930796120891,0.6340118705712028
crowell,119,Ecuador2016,7.601633459790374,7.8,,-0.1983665402096255,,20,0.4293930796120891,0.6340118705712028
crowell,120,Ecuador2016,7.601633459790374,7.8,,-0.1983665402096255,,20,0.4293930796120891,0.6340118705712028
crowell,121,Ecuador2016,7.601633459790374,7.8,,-0.1983665402096255,,20,0.4293930796120891,0.6340118705712028
crowell,122,Ecuador2016,7.601633459790374,7.8,,-0.1983665402096255,,20,0.4293930796120891,0.6340118705712028
crowell,123,Ecuador2016,7.601633459790374,7.8,,-0.1983665402096255,,20,0.4293930796120891,0.6340118705712028
crowell,124,Ecuador2016,7.601633459790374,7.8,,-0.1983665402096255,,20,0.4293930796120891,0.6340118705712028
crowell,125,Ecuador2016,7.601633459790374,7.8,,-0.1983665402096255,,20,0.4293930796120891,0.6340118705712028
crowell,126,Ecuador2016,7.601633459790374,7.8,,-0.1983665402096255,,20,0.4293930796120891,0.6340118705712028
crowell,127,Ecuador2016,7.601633459790374,7.8,,-0.1983665402096255,,20,0.4293930796120891,0.6340118705712028
crowell,128,Ecuador2016,7.601633459790374,7.8,,-0.1983665402096255,,20,0.4293930796120891,0.6340118705712028
crowell,129,Ecuador2016,7.601633459790374,7.8,,-0.1983665402096255,,20,0.4292831855685942,0.6340118705712028
crowell,130,Ecuador2016,7.601633459790374,7.8,,-0.1983665402096255,,20,0.4292831855685942,0.6340118705712028
crowell,131,Ecuador2016,7.601633459790374,7.8,,-0.1983665402096255,,20,0.4292831855685942,0.6340118705712028
crowell,132,Ecuador2016,7.601633459790374,7.8,,-0.1983665402096255,,20,0.4292831855685942,0.6340118705712028
crowell,133,Ecuador2016,7.601633459790374,7.8,,-0.1983665402096255,,20,0.4292831855685942,0.6340118705712028
crowell,134,Ecuador2016,7.601633459790374,7.8,,-0.1983665402096255,,20,0.4292831855685942,0.6340118705712028
crowell,135,Ecuador2016,7.601633459790374,7.8,,-0.1983665402096255,,20,0.4292831855685942,0.6340118705712028
crowell,136,Ecuador2016,7.601633459790374,7.8,,-0.1983665402096255,,20,0.4292831855685942,0.6340118705712028
crowell,137,Ecuador2016,7.601633459790374,7.8,,-0.1983665402096255,,20,0.4292831855685942,0.6340118705712028
crowell,138,Ecuador2016,7.601633459790374,7.8,,-0.1983665402096255,,20,0.4292831855685942,0.6340118705712028
crowell,139,Ecuador2016,7.601633459790374,7.8,,-0.1983665402096255,,20,0.4292831855685942,0.6340118705712028
crowell,140,Ecuador2016,7.601633459790374,7.8,,-0.1983665402096255,,20,0.4292831855685942,0.6340118705712028
crowell,141,Ecuador2016,7.601633459790374,7.8,,-0.1983665402096255,,20,0.4292831855685942,0.6340118705712028
crowell,142,Ecuador2016,7.601633459790374,7.8,,-0.1983665402096255,,20,0.4292831855685942,0.6340118705712028
crowell,143,Ecuador2016,7.601633459790374,7.8,,-0.1983665402096255,,20,0.4292831855685942,0.6340118705712028
crowell,144,Ecuador2016,7.601633459790374,7.8,,-0.1983665402096255,,20,0.4292831855685942,0.6340118705712028
crowell,145,Ecuador2016,7.601633459790374,7.8,,-0.1983665402096255,,20,0.4292831855685942,0.6340118705712028
crowell,146,Ecuador2016,7.601633459790374,7.8,,-0.1983665402096255,,20,0.4292831855685942,0.6340118705712028
crowell,147,Ecuador2016,7.601633459790374,7.8,,-0.1983665402096255,,20,0.4292831855685942,0.6340118705712028
crowell,148,Ecuador2016,7.601633459790374,7.8,,-0.1983665402096255,,20,0.4292831855685942,0.6340118705712028
crowell,149,Ecuador2016,7.601633459790374,7.8,,-0.1983665402096255,,20,0.4292831855685942,0.6340118705712028
crowell,150,Ecuador2016,7.601633459790374,7.8,,-0.1983665402096255,,20,0.4292831855685942,0.6340118705712028
crowell,151,Ecuador2016,7.601633459790374,7.8,,-0.1983665402096255,,20,0.4292831855685942,0.6340118705712028
crowell,152,Ecuador2016,7.601633459790374,7.8,,-0.1983665402096255,,20,0.4292831855685942,0.6340118705712028
crowell,153,Ecuador2016,7.601633459790374,7.8,,-0.1983665402096255,,20,0.4292831855685942,0.6340118705712028
crowell,154,Ecuador2016,7.601633459790374,7.8,,-0.1983665402096255,,20,0.4292831855685942,0.6340118705712028
crowell,155,Ecuador2016,7.601633459790374,7.8,,-0.1983665402096255,,20,0.4292831855685942,0.6340118705712028
crowell,156,Ecuador2016,7.601633459790374,7.8,,-0.1983665402096255,,20,0.4292831855685942,0.6340118705712028
crowell,157,Ecuador2016,7.601633459790374,7.8,,-0.1983665402096255,,20,0.4292831855685942,0.6340118705712028
crowell,158,Ecuador2016,7.601633459790374,7.8,,-0.1983665402096255,,20,0.4292831855685942,0.6340118705712028
crowell,159,Ecuador2016,7.601633459790374,7.8,,-0.1983665402096255,,20,0.4292831855685942,0.6340118705712028
crowell,160,Ecuador2016,7.601633459790374,7.8,,-0.1983665402096255,,20,0.4292831855685942,0.6340118705712028
crowell,161,Ecuador2016,7.601633459790374,7.8,,-0.1983665402096255,,20,0.4292831855685942,0.6340118705712028
crowell,162,Ecuador2016,7.601633459790374,7.8,,-0.1983665402096255,,20,0.4292831855685942,0.6340118705712028
crowell,163,Ecuador2016,7.601633459790374,7.8,,-0.1983665402096255,,20,0.4292831855685942,0.6340118705712028
crowell,164,Ecuador2016,7.601633459790374,7.8,,-0.1983665402096255,,20,0.4292831855685942,0.6340118705712028
crowell,165,Ecuador2016,7.601633459790374,7.8,,-0.1983665402096255,,20,0.4292831855685942,0.6340118705712028
crowell,166,Ecuador2016,7.601633459790374,7.8,,-0.1983665402096255,,20,0.4292831855685942,0.6340118705712028
crowell,167,Ecuador2016,7.601633459790374,7.8,,-0.1983665402096255,,20,0.4292831855685942,0.6340118705712028
crowell,168,Ecuador2016,7.601633459790374,7.8,,-0.1983665402096255,,20,0.4292831855685942,0.6340118705712028
crowell,169,Ecuador2016,7.601633459790374,7.8,,-0.1983665402096255,,20,0.4292831855685942,0.6340118705712028
crowell,170,Ecuador2016,7.601633459790374,7.8,,-0.1983665402096255,,20,0.4292831855685942,0.6340118705712028
crowell,171,Ecuador2016,7.601633459790374,7.8,,-0.1983665402096255,,20,0.4292831855685942,0.6340118705712028
crowell,172,Ecuador2016,7.601633459790374,7.8,,-0.1983665402096255,,20,0.4292831855685942,0.6340118705712028
crowell,173,Ecuador2016,7.601633459790374,7.8,,-0.1983665402096255,,20,0.4292831855685942,0.6340118705712028
crowell,174,Ecuador2016,7.601633459790374,7.8,,-0.1983665402096255,,20,0.4292831855685942,0.6340118705712028
crowell,175,Ecuador2016,7.601633459790374,7.8,,-0.1983665402096255,,20,0.4292831855685942,0.6340118705712028
crowell,176,Ecuador2016,7.601633459790374,7.8,,-0.1983665402096255,,20,0.4292831855685942,0.6340118705712028
crowell,177,Ecuador2016,7.601633459790374,7.8,,-0.1983665402096255,,20,0.4292831855685942,0.6340118705712028
crowell,178,Ecuador2016,7.601633459790374,7.8,,-0.1983665402096255,,20,0.4292831855685942,0.6340118705712028
crowell,179,Ecuador2016,7.601633459790374,7.8,,-0.1983665402096255,,20,0.4292831855685942,0.6340118705712028
crowell,180,Ecuador2016,7.601633459790374,7.8,,-0.1983665402096255,,20,0.4292831855685942,0.6340118705712028
crowell,181,Ecuador2016,7.601633459790374,7.8,,-0.1983665402096255,,20,0.4292831855685942,0.6340118705712028
crowell,182,Ecuador2016,7.601633459790374,7.8,,-0.1983665402096255,,20,0.4292831855685942,0.6340118705712028
crowell,183,Ecuador2016,7.601633459790374,7.8,,-0.1983665402096255,,20,0.4292831855685942,0.6340118705712028
crowell,184,Ecuador2016,7.601633459790374,7.8,,-0.1983665402096255,,20,0.4292831855685942,0.6340118705712028
crowell,185,Ecuador2016,7.601633459790374,7.8,,-0.1983665402096255,,20,0.4292831855685942,0.6340118705712028
crowell,186,Ecuador2016,7.601633459790374,7.8,,-0.1983665402096255,,20,0.4292831855685942,0.6340118705712028
crowell,187,Ecuador2016,7.601633459790374,7.8,,-0.1983665402096255,,20,0.4292831855685942,0.6340118705712028
crowell,188,Ecuador2016,7.601633459790374,7.8,,-0.1983665402096255,,20,0.4292831855685942,0.6340118705712028
crowell,189,Ecuador2016,7.601633459790374,7.8,,-0.1983665402096255,,20,0.4292831855685942,0.6340118705712028
crowell,190,Ecuador2016,7.601633459790374,7.8,,-0.1983665402096255,,20,0.4292831855685942,0.6340118705712028
crowell,191,Ecuador2016,7.601633459790374,7.8,,-0.1983665402096255,,20,0.4292831855685942,0.6340118705712028
crowell,192,Ecuador2016,7.601633459790374,7.8,,-0.1983665402096255,,20,0.4292831855685942,0.6340118705712028
crowell,193,Ecuador2016,7.601633459790374,7.8,,-0.1983665402096255,,20,0.4292831855685942,0.6340118705712028
crowell,194,Ecuador2016,7.601633459790374,7.8,,-0.1983665402096255,,20,0.4292831855685942,0.6340118705712028
crowell,195,Ecuador2016,7.601633459790374,7.8,,-0.1983665402096255,,20,0.4292831855685942,0.6340118705712028
crowell,196,Ecuador2016,7.601633459790374,7.8,,-0.1983665402096255,,20,0.4292831855685942,0.6340118705712028
crowell,197,Ecuador2016,7.601633459790374,7.8,,-0.1983665402096255,,20,0.4292831855685942,0.6340118705712028
crowell,198,Ecuador2016,7.601633459790374,7.8,,-0.1983665402096255,,20,0.4292831855685942,0.6340118705712028
crowell,199,Ecuador2016,7.601633459790374,7.8,,-0.1983665402096255,,20,0.4292831855685942,0.6340118705712028
crowell,200,Ecuador2016,7.601633459790374,7.8,,-0.1983665402096255,,20,0.4292831855685942,0.6340118705712028
direct,1,Ecuador2016,7.398876428604126,7.800000190734863,7.809767723083496,-0.4011237621307373,-0.4108912944793701,20,0.3606465750108346,0.5907691717147827
direct,2,Ecuador2016,7.921559810638428,7.800000190734863,7.809767723083496,0.1215596199035644,0.1117920875549316,20,0.3575335824680652,0.4964176416397095
direct,3,Ecuador2016,7.7367777824401855,7.800000190734863,7.809767723083496,-0.0632224082946777,-0.0729899406433105,20,0.301357250918626,0.4484630823135376
direct,4,Ecuador2016,7.745447874069214,7.800000190734863,7.809767723083496,-0.0545523166656494,-0.0643198490142822,20,0.3014024408573708,0.4238280057907104
direct,5,Ecuador2016,7.751721143722534,7.800000190734863,7.809767723083496,-0.0482790470123291,-0.0580465793609619,20,0.2873573334313254,0.387432336807251
direct,6,Ecuador2016,7.759948253631592,7.800000190734863,7.809767723083496,-0.0400519371032714,-0.0498194694519043,20,0.3129633152194657,0.3785779476165771
direct,7,Ecuador2016,7.846766948699951,7.800000190734863,7.809767723083496,0.0467667579650878,0.036999225616455,20,0.3285440304221705,0.4091143608093261
direct,8,Ecuador2016,7.78594970703125,7.800000190734863,7.809767723083496,-0.0140504837036132,-0.023818016052246,20,0.352274195187149,0.4042133092880249
direct,9,Ecuador2016,7.711648464202881,7.800000190734863,7.809767723083496,-0.0883517265319824,-0.0981192588806152,20,0.3739841148817994,0.4736729860305786
direct,10,Ecuador2016,7.6611247062683105,7.800000190734863,7.809767723083496,-0.1388754844665527,-0.1486430168151855,20,0.385758366366929,0.542433500289917
direct,11,Ecuador2016,7.742885112762451,7.800000190734863,7.809767723083496,-0.0571150779724121,-0.0668826103210449,20,0.3714601342770228,0.5384260416030884
direct,12,Ecuador2016,7.702563762664795,7.800000190734863,7.809767723083496,-0.0974364280700683,-0.1072039604187011,20,0.3641004648071312,0.5187444686889648
direct,13,Ecuador2016,7.655198097229004,7.800000190734863,7.809767723083496,-0.1448020935058593,-0.1545696258544922,20,0.3425323683365104,0.4814696311950683
direct,14,Ecuador2016,7.624920129776001,7.800000190734863,7.809767723083496,-0.1750800609588623,-0.1848475933074951,20,0.3438298671058479,0.5331919193267822
direct,15,Ecuador2016,7.6160948276519775,7.800000190734863,7.809767723083496,-0.1839053630828857,-0.1936728954315185,20,0.3433849879744508,0.5490320920944214
direct,16,Ecuador2016,7.573874473571777,7.800000190734863,7.809767723083496,-0.2261257171630859,-0.2358932495117187,20,0.3350929802625308,0.5709934234619141
direct,17,Ecuador2016,7.711918115615845,7.800000190734863,7.809767723083496,-0.0880820751190185,-0.0978496074676513,20,0.3317932071527555,0.521518349647522
direct,18,Ecuador2016,7.678570747375488,7.800000190734863,7.809767723083496,-0.121429443359375,-0.1311969757080078,20,0.3266989633960623,0.4937231540679931
direct,19,Ecuador2016,7.648674249649048,7.800000190734863,7.809767723083496,-0.1513259410858154,-0.1610934734344482,20,0.3239465739413734,0.497238278388977
direct,20,Ecuador2016,7.5893714427948,7.800000190734863,7.809767723083496,-0.2106287479400634,-0.2203962802886963,20,0.3237754255729125,0.5169659852981567
direct,21,Ecuador2016,7.599390745162964,7.800000190734863,7.809767723083496,-0.2006094455718994,-0.2103769779205322,20,0.3251390368403085,0.524511456489563
direct,22,Ecuador2016,7.601637125015259,7.800000190734863,7.809767723083496,-0.1983630657196045,-0.2081305980682373,20,0.3229885147820429,0.5297553539276123
direct,23,Ecuador2016,7.592142820358276,7.800000190734863,7.809767723083496,-0.2078573703765869,-0.2176249027252197,20,0.3081148354658286,0.547389030456543
direct,24,Ecuador2016,7.591520309448242,7.800000190734863,7.809767723083496,-0.2084798812866211,-0.2182474136352539,20,0.2904077326346153,0.4748872518539428
direct,25,Ecuador2016,7.582653999328613,7.800000190734863,7.809767723083496,-0.21734619140625,-0.2271137237548828,20,0.2775126547597211,0.3739821910858154
direct,26,Ecuador2016,7.556682586669922,7.800000190734863,7.809767723083496,-0.2433176040649414,-0.2530851364135742,20,0.2738926814584034,0.3298264741897583
direct,27,Ecuador2016,7.562741756439209,7.800000190734863,7.809767723083496,-0.2372584342956543,-0.2470259666442871,20,0.2726117003434929,0.3404067754745483
direct,28,Ecuador2016,7.5880255699157715,7.800000190734863,7.809767723083496,-0.2119746208190918,-0.2217421531677246,20,0.2815417417124818,0.379630446434021
direct,29,Ecuador2016,7.570905923843384,7.800000190734863,7.809767723083496,-0.2290942668914795,-0.2388617992401123,20,0.283670552301643,0.4157019853591919
direct,30,Ecuador2016,7.538048505783081,7.800000190734863,7.809767723083496,-0.2619516849517822,-0.271719217300415,20,0.2827591490533186,0.3921804428100586
direct,31,Ecuador2016,7.525344371795654,7.800000190734863,7.809767723083496,-0.274655818939209,-0.2844233512878418,20,0.2846123602238421,0.4068789482116699
direct,32,Ecuador2016,7.521685361862183,7.800000190734863,7.809767723083496,-0.2783148288726806,-0.2880823612213135,20,0.2890119948555461,0.4399032592773437
direct,33,Ecuador2016,7.596559762954712,7.800000190734863,7.809767723083496,-0.2034404277801513,-0.2132079601287841,20,0.3016724777270326,0.4940463304519653
direct,34,Ecuador2016,7.646626949310303,7.800000190734863,7.809767723083496,-0.1533732414245605,-0.1631407737731933,20,0.3129564108646446,0.5345609188079834
direct,35,Ecuador2016,7.655600547790527,7.800000190734863,7.809767723083496,-0.1443996429443359,-0.1541671752929687,20,0.3254819211816993,0.535656213760376
direct,36,Ecuador2016,7.6771063804626465,7.800000190734863,7.809767723083496,-0.1228938102722168,-0.1326613426208496,20,0.3359220876247888,0.5466830730438232
direct,37,Ecuador2016,7.702543258666992,7.800000190734863,7.809767723083496,-0.0974569320678711,-0.1072244644165039,20,0.3414304913784184,0.5496068000793457
direct,38,Ecuador2016,7.714790344238281,7.800000190734863,7.809767723083496,-0.085209846496582,-0.0949773788452148,20,0.3446448540322568,0.534000039100647
direct,39,Ecuador2016,7.7018420696258545,7.800000190734863,7.809767723083496,-0.0981581211090087,-0.1079256534576416,20,0.348804757203602,0.4991899728775024
direct,40,Ecuador2016,7.712878704071045,7.800000190734863,7.809767723083496,-0.0871214866638183,-0.0968890190124511,20,0.3471920419558737,0.4756034612655639
direct,41,Ecuador2016,7.747321605682373,7.800000190734863,7.809767723083496,-0.0526785850524902,-0.062446117401123,20,0.3387605093170646,0.4420053958892822
direct,42,Ecuador2016,7.751414775848389,7.800000190734863,7.809767723083496,-0.0485854148864746,-0.0583529472351074,20,0.3225847061676718,0.4146895408630371
direct,43,Ecuador2016,7.776938915252685,7.800000190734863,7.809767723083496,-0.0230612754821777,-0.0328288078308105,20,0.3126710035920474,0.3756875991821289
direct,44,Ecuador2016,7.796561717987059,7.800000190734863,7.809767723083496,-0.0034384727478027,-0.0132060050964355,20,0.3060366708855682,0.3372982740402221
direct,45,Ecuador2016,7.791890621185303,7.800000190734863,7.809767723083496,-0.0081095695495605,-0.0178771018981933,20,0.3083292989576596,0.3668382167816162
direct,46,Ecuador2016,7.778905391693115,7.800000190734863,7.809767723083496,-0.021094799041748,-0.0308623313903808,20,0.3189327117214272,0.4398109912872314
direct,47,Ecuador2016,7.791811227798462,7.800000190734863,7.809767723083496,-0.0081889629364013,-0.0179564952850341,20,0.3304595904787786,0.4825935363769531
direct,48,Ecuador2016,7.794831037521362,7.800000190734863,7.809767723083496,-0.0051691532135009,-0.0149366855621337,20,0.3360871003672538,0.509429931640625
direct,49,Ecuador2016,7.782310009002685,7.800000190734863,7.809767723083496,-0.0176901817321777,-0.0274577140808105,20,0.3409007772368376,0.4665265083312988
direct,50,Ecuador2016,7.797753810882568,7.800000190734863,7.809767723083496,-0.0022463798522949,-0.0120139122009277,20,0.3539214178422128,0.418921947479248
direct,51,Ecuador2016,7.808042049407959,7.800000190734863,7.809767723083496,0.0080418586730957,-0.0017256736755371,20,0.3687791264625737,0.4205008745193481
direct,52,Ecuador2016,7.822794675827026,7.800000190734863,7.809767723083496,0.022794485092163,0.0130269527435302,20,0.3794362225444181,0.4595924615859985
direct,53,Ecuador2016,7.801893472671509,7.800000190734863,7.809767723083496,0.0018932819366455,-0.0078742504119873,20,0.3862344205662956,0.4875954389572143
direct,54,Ecuador2016,7.759522199630737,7.800000190734863,7.809767723083496,-0.0404779911041259,-0.0502455234527587,20,0.3859773958676474,0.5104132890701294
direct,55,Ecuador2016,7.726954936981201,7.800000190734863,7.809767723083496,-0.0730452537536621,-0.0828127861022949,20,0.3783051998970931,0.5147691965103149
direct,56,Ecuador2016,7.710697174072266,7.800000190734863,7.809767723083496,-0.0893030166625976,-0.0990705490112304,20,0.3634591266888478,0.503095269203186
direct,57,Ecuador2016,7.703322172164917,7.800000190734863,7.809767723083496,-0.0966780185699462,-0.1064455509185791,20,0.344110879465254,0.457125186920166
direct,58,Ecuador2016,7.706218719482422,7.800000190734863,7.809767723083496,-0.0937814712524414,-0.1035490036010742,20,0.3293646463542009,0.4063769578933716
direct,59,Ecuador2016,7.710055112838745,7.800000190734863,7.809767723083496,-0.0899450778961181,-0.0997126102447509,20,0.3205748196032262,0.3545953035354614
direct,60,Ecuador2016,7.727120399475098,7.800000190734863,7.809767723083496,-0.0728797912597656,-0.0826473236083984,20,0.317241100456653,0.3374794721603393
direct,61,Ecuador2016,7.753756999969482,7.800000190734863,7.809767723083496,-0.0462431907653808,-0.0560107231140136,20,0.3175584621950529,0.3324311971664428
direct,62,Ecuador2016,7.78285551071167,7.800000190734863,7.809767723083496,-0.0171446800231933,-0.0269122123718261,20,0.3242328220716557,0.3523980379104614
direct,63,Ecuador2016,7.798750638961792,7.800000190734863,7.809767723083496,-0.0012495517730712,-0.0110170841217041,20,0.3376986351910064,0.382616639137268
direct,64,Ecuador2016,7.818904399871826,7.800000190734863,7.809767723083496,0.0189042091369628,0.00913667678833,20,0.3528874527247184,0.4124191999435425
direct,65,Ecuador2016,7.856741905212402,7.800000190734863,7.809767723083496,0.056741714477539,0.0469741821289062,20,0.366226102560014,0.4522788524627685
direct,66,Ecuador2016,7.885340452194214,7.800000190734863,7.809767723083496,0.0853402614593505,0.0755727291107177,20,0.378175949842213,0.4750890731811523
direct,67,Ecuador2016,7.889354944229126,7.800000190734863,7.809767723083496,0.0893547534942627,0.0795872211456298,20,0.3885583226050486,0.4788529872894287
direct,68,Ecuador2016,7.892186641693115,7.800000190734863,7.809767723083496,0.0921864509582519,0.0824189186096191,20,0.3952462480686587,0.4833461046218872
direct,69,Ecuador2016,7.891819953918457,7.800000190734863,7.809767723083496,0.0918197631835937,0.0820522308349609,20,0.39465128839268,0.5075321197509766
direct,70,Ecuador2016,7.89366340637207,7.800000190734863,7.809767723083496,0.093663215637207,0.0838956832885742,20,0.3935842559218938,0.5408769845962524
direct,71,Ecuador2016,7.904618740081787,7.800000190734863,7.809767723083496,0.1046185493469238,0.094851016998291,20,0.3989676178177532,0.5571006536483765
direct,72,Ecuador2016,7.9189958572387695,7.800000190734863,7.809767723083496,0.1189956665039062,0.1092281341552734,20,0.4087979816251579,0.5941760540008545
direct,73,Ecuador2016,7.929149150848389,7.800000190734863,7.809767723083496,0.1291489601135254,0.1193814277648925,20,0.4122585610514663,0.5868325233459473
direct,74,Ecuador2016,7.95871114730835,7.800000190734863,7.809767723083496,0.1587109565734863,0.1489434242248535,20,0.4111648428608434,0.5658032894134521
direct,75,Ecuador2016,7.999417304992676,7.800000190734863,7.809767723083496,0.1994171142578125,0.1896495819091797,20,0.4076878900554812,0.4599274396896362
direct,76,Ecuador2016,7.985799789428711,7.800000190734863,7.809767723083496,0.1857995986938476,0.1760320663452148,20,0.4040229974832033,0.3602882623672485
direct,77,Ecuador2016,7.978866100311279,7.800000190734863,7.809767723083496,0.178865909576416,0.1690983772277832,20,0.4017178257947305,0.3162927627563476
direct,78,Ecuador2016,7.981136322021484,7.800000190734863,7.809767723083496,0.1811361312866211,0.1713685989379882,20,0.4048848455871507,0.3456189632415771
direct,79,Ecuador2016,7.973378896713257,7.800000190734863,7.809767723083496,0.1733787059783935,0.1636111736297607,20,0.415940827194482,0.4471219778060913
direct,80,Ecuador2016,7.9661078453063965,7.800000190734863,7.809767723083496,0.1661076545715332,0.1563401222229004,20,0.4322472215532575,0.5397201776504517
direct,81,Ecuador2016,7.962330102920532,7.800000190734863,7.809767723083496,0.1623299121856689,0.1525623798370361,20,0.4473041921350105,0.5887588262557983
direct,82,Ecuador2016,7.960558652877808,7.800000190734863,7.809767723083496,0.1605584621429443,0.1507909297943115,20,0.4547613072285922,0.5865650177001953
direct,83,Ecuador2016,7.95923376083374,7.800000190734863,7.809767723083496,0.1592335700988769,0.1494660377502441,20,0.4533537438718441,0.5843242406845093
direct,84,Ecuador2016,7.956282615661621,7.800000190734863,7.809767723083496,0.1562824249267578,0.146514892578125,20,0.4464442721014145,0.6193715333938599
direct,85,Ecuador2016,7.949995040893555,7.800000190734863,7.809767723083496,0.1499948501586914,0.1402273178100586,20,0.4364661401580628,0.6270202398300171
direct,86,Ecuador2016,7.942621469497681,7.800000190734863,7.809767723083496,0.1426212787628173,0.1328537464141845,20,0.4368766132396719,0.5967495441436768
direct,87,Ecuador2016,7.938993692398071,7.800000190734863,7.809767723083496,0.138993501663208,0.1292259693145752,20,0.4364500668720172,0.5810400247573853
direct,88,Ecuador2016,7.937130212783813,7.800000190734863,7.809767723083496,0.1371300220489502,0.1273624897003173,20,0.4327603927913665,0.5746122598648071
direct,89,Ecuador2016,7.941280364990234,7.800000190734863,7.809767723083496,0.1412801742553711,0.1315126419067382,20,0.4270942214865068,0.5646089315414429
direct,90,Ecuador2016,7.948517084121704,7.800000190734863,7.809767723083496,0.1485168933868408,0.138749361038208,20,0.4206725643810493,0.5524983406066895
direct,91,Ecuador2016,7.950141906738281,7.800000190734863,7.809767723083496,0.1501417160034179,0.1403741836547851,20,0.4174306375682171,0.5342375040054321
direct,92,Ecuador2016,7.948556423187256,7.800000190734863,7.809767723083496,0.1485562324523925,0.1387887001037597,20,0.4178572499140108,0.5196716785430908
direct,93,Ecuador2016,7.944610834121704,7.800000190734863,7.809767723083496,0.1446106433868408,0.134843111038208,20,0.4163882486850516,0.5008217096328735
direct,94,Ecuador2016,7.940321683883667,7.800000190734863,7.809767723083496,0.1403214931488037,0.1305539608001709,20,0.411478078459445,0.4820731878280639
direct,95,Ecuador2016,7.93733024597168,7.800000190734863,7.809767723083496,0.1373300552368164,0.1275625228881836,20,0.4011510150291856,0.4692015647888183
direct,96,Ecuador2016,7.935824155807495,7.800000190734863,7.809767723083496,0.1358239650726318,0.126056432723999,20,0.3885635665725802,0.4489274024963379
direct,97,Ecuador2016,7.933374643325806,7.800000190734863,7.809767723083496,0.1333744525909423,0.1236069202423095,20,0.3813071505875298,0.4426940679550171
direct,98,Ecuador2016,7.930286645889282,7.800000190734863,7.809767723083496,0.1302864551544189,0.1205189228057861,20,0.3813433832916895,0.4621871709823608
direct,99,Ecuador2016,7.924518585205078,7.800000190734863,7.809767723083496,0.1245183944702148,0.114750862121582,20,0.3870163921127357,0.5045539140701294
direct,100,Ecuador2016,7.913616418838501,7.800000190734863,7.809767723083496,0.1136162281036377,0.1038486957550048,20,0.3896080428275726,0.5329480171203613
direct,101,Ecuador2016,7.905253887176514,7.800000190734863,7.809767723083496,0.1052536964416503,0.0954861640930175,20,0.3877269733921752,0.5375378131866455
direct,102,Ecuador2016,7.9000914096832275,7.800000190734863,7.809767723083496,0.1000912189483642,0.0903236865997314,20,0.3844939937648129,0.528496265411377
direct,103,Ecuador2016,7.895920038223267,7.800000190734863,7.809767723083496,0.0959198474884033,0.0861523151397705,20,0.3828617475979297,0.5150467157363892
direct,104,Ecuador2016,7.883561134338379,7.800000190734863,7.809767723083496,0.0835609436035156,0.0737934112548828,20,0.3815717645462598,0.5156320333480835
direct,105,Ecuador2016,7.863259792327881,7.800000190734863,7.809767723083496,0.0632596015930175,0.0534920692443847,20,0.3821690602450959,0.5220967531204224
direct,106,Ecuador2016,7.878877639770508,7.800000190734863,7.809767723083496,0.0788774490356445,0.0691099166870117,20,0.3841121445511276,0.5310407876968384
direct,107,Ecuador2016,7.868335247039795,7.800000190734863,7.809767723083496,0.0683350563049316,0.0585675239562988,20,0.395176422430066,0.5468084812164307
direct,108,Ecuador2016,7.867797374725342,7.800000190734863,7.809767723083496,0.0677971839904785,0.0580296516418457,20,0.4090773374024237,0.5474725961685181
direct,109,Ecuador2016,7.874362945556641,7.800000190734863,7.809767723083496,0.0743627548217773,0.0645952224731445,20,0.4120010331876693,0.5307924747467041
direct,110,Ecuador2016,7.872696161270142,7.800000190734863,7.809767723083496,0.0726959705352783,0.0629284381866455,20,0.407210362108558,0.5225279331207275
direct,111,Ecuador2016,7.868739604949951,7.800000190734863,7.809767723083496,0.0687394142150878,0.058971881866455,20,0.4002477692553595,0.49892258644104
direct,112,Ecuador2016,7.866086483001709,7.800000190734863,7.809767723083496,0.0660862922668457,0.0563187599182128,20,0.3985309735937427,0.4759531021118164
direct,113,Ecuador2016,7.864915370941162,7.800000190734863,7.809767723083496,0.0649151802062988,0.055147647857666,20,0.3998098957746623,0.4633028507232666
direct,114,Ecuador2016,7.864146709442139,7.800000190734863,7.809767723083496,0.0641465187072753,0.0543789863586425,20,0.401962303547913,0.4513828754425049
direct,115,Ecuador2016,7.863225936889648,7.800000190734863,7.809767723083496,0.0632257461547851,0.0534582138061523,20,0.4058092596229345,0.4417299032211303
direct,116,Ecuador2016,7.861687660217285,7.800000190734863,7.809767723083496,0.0616874694824218,0.051919937133789,20,0.4113739227688344,0.4507483243942261
direct,117,Ecuador2016,7.860780715942383,7.800000190734863,7.809767723083496,0.0607805252075195,0.0510129928588867,20,0.4150410467236499,0.4648936986923218
direct,118,Ecuador2016,7.85855507850647,7.800000190734863,7.809767723083496,0.0585548877716064,0.0487873554229736,20,0.4156808325754746,0.4846600294113159
direct,119,Ecuador2016,7.859368801116943,7.800000190734863,7.809767723083496,0.05936861038208,0.0496010780334472,20,0.4136090837587709,0.4981402158737182
direct,120,Ecuador2016,7.860911130905151,7.800000190734863,7.809767723083496,0.060910940170288,0.0511434078216552,20,0.4078039111145569,0.5079121589660645
direct,121,Ecuador2016,7.861116647720337,7.800000190734863,7.809767723083496,0.0611164569854736,0.0513489246368408,20,0.4007345941992932,0.5223125219345093
direct,122,Ecuador2016,7.860156536102295,7.800000190734863,7.809767723083496,0.0601563453674316,0.0503888130187988,20,0.3964424352385848,0.5246343612670898
direct,123,Ecuador2016,7.844314098358154,7.800000190734863,7.809767723083496,0.044313907623291,0.0345463752746582,20,0.3939658414949994,0.5360676050186157
direct,124,Ecuador2016,7.823868036270142,7.800000190734863,7.809767723083496,0.0238678455352783,0.0141003131866455,20,0.3919395317727192,0.5432381629943848
direct,125,Ecuador2016,7.818148374557495,7.800000190734863,7.809767723083496,0.0181481838226318,0.008380651473999,20,0.3900956205353609,0.5510848760604858
direct,126,Ecuador2016,7.820719480514526,7.800000190734863,7.809767723083496,0.020719289779663,0.0109517574310302,20,0.3895360498558691,0.5597038269042969
direct,127,Ecuador2016,7.826905727386475,7.800000190734863,7.809767723083496,0.0269055366516113,0.0171380043029785,20,0.3902834655541437,0.564429759979248
direct,128,Ecuador2016,7.830610513687134,7.800000190734863,7.809767723083496,0.0306103229522705,0.0208427906036376,20,0.3914995807363277,0.5623664855957031
direct,129,Ecuador2016,7.831990718841553,7.800000190734863,7.809767723083496,0.0319905281066894,0.0222229957580566,20,0.3925892916903116,0.5554741621017456
direct,130,Ecuador2016,7.849644660949707,7.800000190734863,7.809767723083496,0.0496444702148437,0.0398769378662109,20,0.3947305989210556,0.5553741455078125
direct,131,Ecuador2016,7.847655057907104,7.800000190734863,7.809767723083496,0.0476548671722412,0.0378873348236084,20,0.3964140435849852,0.5643199682235718
direct,132,Ecuador2016,7.865437984466553,7.800000190734863,7.809767723083496,0.0654377937316894,0.0556702613830566,20,0.3972319839313747,0.5661700963973999
direct,133,Ecuador2016,7.86536431312561,7.800000190734863,7.809767723083496,0.065364122390747,0.0555965900421142,20,0.397170711298644,0.5530614852905273
direct,134,Ecuador2016,7.8643271923065186,7.800000190734863,7.809767723083496,0.0643270015716552,0.0545594692230224,20,0.3966015880480061,0.5552066564559937
direct,135,Ecuador2016,7.860135555267334,7.800000190734863,7.809767723083496,0.0601353645324707,0.0503678321838378,20,0.395443430526926,0.5438172817230225
direct,136,Ecuador2016,7.85664701461792,7.800000190734863,7.809767723083496,0.0566468238830566,0.0468792915344238,20,0.3939975211827641,0.5386592149734497
direct,137,Ecuador2016,7.8547563552856445,7.800000190734863,7.809767723083496,0.0547561645507812,0.0449886322021484,20,0.3928667282013448,0.5234242677688599
direct,138,Ecuador2016,7.856138229370117,7.800000190734863,7.809767723083496,0.0561380386352539,0.046370506286621,20,0.3922678371930082,0.5185340642929077
direct,139,Ecuador2016,7.860629558563232,7.800000190734863,7.809767723083496,0.0606293678283691,0.0508618354797363,20,0.3916482530221788,0.5128575563430786
direct,140,Ecuador2016,7.86153244972229,7.800000190734863,7.809767723083496,0.0615322589874267,0.0517647266387939,20,0.3903456349895823,0.5097945928573608
direct,141,Ecuador2016,7.862292051315308,7.800000190734863,7.809767723083496,0.0622918605804443,0.0525243282318115,20,0.3893168565594032,0.5086623430252075
direct,142,Ecuador2016,7.862424373626709,7.800000190734863,7.809767723083496,0.0624241828918457,0.0526566505432128,20,0.3883277193053798,0.5124056339263916
direct,143,Ecuador2016,7.863812446594238,7.800000190734863,7.809767723083496,0.063812255859375,0.0540447235107421,20,0.3883784140201762,0.5163908004760742
direct,144,Ecuador2016,7.865053415298462,7.800000190734863,7.809767723083496,0.0650532245635986,0.0552856922149658,20,0.3886628440041481,0.5277522802352905
direct,145,Ecuador2016,7.852848768234253,7.800000190734863,7.809767723083496,0.0528485774993896,0.0430810451507568,20,0.389396582364675,0.5396250486373901
direct,146,Ecuador2016,7.854884624481201,7.800000190734863,7.809767723083496,0.0548844337463378,0.045116901397705,20,0.3898862817823284,0.5490546226501465
direct,147,Ecuador2016,7.86333417892456,7.800000190734863,7.809767723083496,0.0633339881896972,0.0535664558410644,20,0.3903718886770758,0.5561742782592773
direct,148,Ecuador2016,7.869590759277344,7.800000190734863,7.809767723083496,0.0695905685424804,0.0598230361938476,20,0.3913110198566493,0.5576328039169312
direct,149,Ecuador2016,7.86928129196167,7.800000190734863,7.809767723083496,0.0692811012268066,0.0595135688781738,20,0.3918109645429026,0.5534101724624634
direct,150,Ecuador2016,7.8654398918151855,7.800000190734863,7.809767723083496,0.0654397010803222,0.0556721687316894,20,0.3919300971702472,0.5468217134475708
direct,151,Ecuador2016,7.861637830734253,7.800000190734863,7.809767723083496,0.0616376399993896,0.0518701076507568,20,0.3922581109635968,0.5446805953979492
direct,152,Ecuador2016,7.85805082321167,7.800000190734863,7.809767723083496,0.0580506324768066,0.0482831001281738,20,0.3925638817736547,0.5484623908996582
direct,153,Ecuador2016,7.853501319885254,7.800000190734863,7.809767723083496,0.0535011291503906,0.0437335968017578,20,0.3924891270661066,0.5517903566360474
direct,154,Ecuador2016,7.850664377212524,7.800000190734863,7.809767723083496,0.0506641864776611,0.0408966541290283,20,0.3919999521105637,0.553046703338623
direct,155,Ecuador2016,7.851086378097534,7.800000190734863,7.809767723083496,0.0510861873626709,0.041318655014038,20,0.391571022555401,0.553746223449707
direct,156,Ecuador2016,7.851982355117798,7.800000190734863,7.809767723083496,0.0519821643829345,0.0422146320343017,20,0.3914053825376719,0.554938554763794
direct,157,Ecuador2016,7.854320764541626,7.800000190734863,7.809767723083496,0.0543205738067626,0.0445530414581298,20,0.3908790717773235,0.5572638511657715
direct,158,Ecuador2016,7.855882167816162,7.800000190734863,7.809767723083496,0.0558819770812988,0.046114444732666,20,0.3904716989251183,0.5610015392303467
direct,159,Ecuador2016,7.856986045837402,7.800000190734863,7.809767723083496,0.056985855102539,0.0472183227539062,20,0.3907450542130257,0.5661765336990356
direct,160,Ecuador2016,7.855237483978271,7.800000190734863,7.809767723083496,0.0552372932434082,0.0454697608947753,20,0.3913736182032704,0.572119951248169
direct,161,Ecuador2016,7.8540198802948,7.800000190734863,7.809767723083496,0.0540196895599365,0.0442521572113037,20,0.3919196520399003,0.574744462966919
direct,162,Ecuador2016,7.854796886444092,7.800000190734863,7.809767723083496,0.0547966957092285,0.0450291633605957,20,0.3925320350522572,0.5785046815872192
direct,163,Ecuador2016,7.8561625480651855,7.800000190734863,7.809767723083496,0.0561623573303222,0.0463948249816894,20,0.3932066048784126,0.5809240341186523
direct,164,Ecuador2016,7.859192132949829,7.800000190734863,7.809767723083496,0.0591919422149658,0.049424409866333,20,0.3936755279000262,0.5799705982208252
direct,165,Ecuador2016,7.862037658691406,7.800000190734863,7.809767723083496,0.0620374679565429,0.0522699356079101,20,0.3938028167890664,0.5757043361663818
direct,166,Ecuador2016,7.862729549407959,7.800000190734863,7.809767723083496,0.0627293586730957,0.0529618263244628,20,0.3939335220603465,0.5727217197418213
direct,167,Ecuador2016,7.863034725189209,7.800000190734863,7.809767723083496,0.0630345344543457,0.0532670021057128,20,0.3944279610187954,0.5719300508499146
direct,168,Ecuador2016,7.863302230834961,7.800000190734863,7.809767723083496,0.0633020401000976,0.0535345077514648,20,0.3950766396973188,0.5705407857894897
direct,169,Ecuador2016,7.863661527633667,7.800000190734863,7.809767723083496,0.0636613368988037,0.0538938045501709,20,0.3961565264374709,0.5708326101303101
direct,170,Ecuador2016,7.863994121551514,7.800000190734863,7.809767723083496,0.0639939308166503,0.0542263984680175,20,0.3972013575266498,0.569415807723999
direct,171,Ecuador2016,7.863952875137329,7.800000190734863,7.809767723083496,0.0639526844024658,0.054185152053833,20,0.398509564536999,0.5660995244979858
direct,172,Ecuador2016,7.863234281539917,7.800000190734863,7.809767723083496,0.0632340908050537,0.0534665584564209,20,0.4004998028385405,0.5621600151062012
direct,173,Ecuador2016,7.862050056457519,7.800000190734863,7.809767723083496,0.0620498657226562,0.0522823333740234,20,0.4029074139789918,0.5589468479156494
direct,174,Ecuador2016,7.862060070037842,7.800000190734863,7.809767723083496,0.0620598793029785,0.0522923469543457,20,0.4045464488125236,0.5573990345001221
direct,175,Ecuador2016,7.864028453826904,7.800000190734863,7.809767723083496,0.064028263092041,0.0542607307434082,20,0.4046611482940185,0.5566877126693726
direct,176,Ecuador2016,7.867074966430664,7.800000190734863,7.809767723083496,0.0670747756958007,0.0573072433471679,20,0.4036348030154223,0.5562348365783691
direct,177,Ecuador2016,7.870788812637329,7.800000190734863,7.809767723083496,0.0707886219024658,0.061021089553833,20,0.4015664980683237,0.556198000907898
direct,178,Ecuador2016,7.875086069107056,7.800000190734863,7.809767723083496,0.0750858783721923,0.0653183460235595,20,0.4014839223968547,0.5564858913421631
direct,179,Ecuador2016,7.8790881633758545,7.800000190734863,7.809767723083496,0.0790879726409912,0.0693204402923584,20,0.4017619812445499,0.5574319362640381
direct,180,Ecuador2016,7.881700038909912,7.800000190734863,7.809767723083496,0.0816998481750488,0.071932315826416,20,0.4025405732205702,0.5587624311447144
direct,181,Ecuador2016,7.883228540420532,7.800000190734863,7.809767723083496,0.0832283496856689,0.0734608173370361,20,0.403465533827932,0.5595059394836426
direct,182,Ecuador2016,7.884840726852417,7.800000190734863,7.809767723083496,0.0848405361175537,0.0750730037689209,20,0.404386951932622,0.5598218441009521
direct,183,Ecuador2016,7.886143445968628,7.800000190734863,7.809767723083496,0.0861432552337646,0.0763757228851318,20,0.4051822744610496,0.5599592924118042
direct,184,Ecuador2016,7.886785507202148,7.800000190734863,7.809767723083496,0.0867853164672851,0.0770177841186523,20,0.40578374227505,0.5599147081375122
direct,185,Ecuador2016,7.886594295501709,7.800000190734863,7.809767723083496,0.0865941047668457,0.0768265724182128,20,0.4063797594009492,0.5602787733078003
direct,186,Ecuador2016,7.885374784469604,7.800000190734863,7.809767723083496,0.0853745937347412,0.0756070613861084,20,0.4072625536349512,0.561217188835144
direct,187,Ecuador2016,7.883431911468506,7.800000190734863,7.809767723083496,0.0834317207336425,0.0736641883850097,20,0.4083730424125211,0.5623753070831299
direct,188,Ecuador2016,7.881841897964477,7.800000190734863,7.809767723083496,0.0818417072296142,0.0720741748809814,20,0.4089663173430061,0.5631846189498901
direct,189,Ecuador2016,7.881188869476318,7.800000190734863,7.809767723083496,0.081188678741455,0.0714211463928222,20,0.4094088932868121,0.5637856721878052
direct,190,Ecuador2016,7.881190299987793,7.800000190734863,7.809767723083496,0.0811901092529296,0.0714225769042968,20,0.4096094420417068,0.5634520053863525
direct,191,Ecuador2016,7.881070137023926,7.800000190734863,7.809767723083496,0.0810699462890625,0.0713024139404296,20,0.4096057267819838,0.5622924566268921
direct,192,Ecuador2016,7.880628108978271,7.800000190734863,7.809767723083496,0.0806279182434082,0.0708603858947753,20,0.4096300372762387,0.5613819360733032
direct,193,Ecuador2016,7.880024671554565,7.800000190734863,7.809767723083496,0.0800244808197021,0.0702569484710693,20,0.4098104401198804,0.5612685680389404
direct,194,Ecuador2016,7.879540205001831,7.800000190734863,7.809767723083496,0.0795400142669677,0.0697724819183349,20,0.4101675029750269,0.5614532232284546
direct,195,Ecuador2016,7.879495620727539,7.800000190734863,7.809767723083496,0.0794954299926757,0.0697278976440429,20,0.4103827987990565,0.5612075328826904
direct,196,Ecuador2016,7.880720138549805,7.800000190734863,7.809767723083496,0.0807199478149414,0.0709524154663086,20,0.4104476060256434,0.5616934299468994
direct,197,Ecuador2016,7.882298946380615,7.800000190734863,7.809767723083496,0.0822987556457519,0.0725312232971191,20,0.410535787105278,0.5620213747024536
direct,198,Ecuador2016,7.884027004241943,7.800000190734863,7.809767723083496,0.08402681350708,0.0742592811584472,20,0.4106699658874273,0.5622678995132446
direct,199,Ecuador2016,7.885578155517578,7.800000190734863,7.809767723083496,0.0855779647827148,0.075810432434082,20,0.4108842471003226,0.5626559257507324
direct,200,Ecuador2016,7.88637375831604,7.800000190734863,7.809767723083496,0.0863735675811767,0.0766060352325439,20,0.4111084133165849,0.5630121231079102
melgar,1,Ecuador2016,5.368607163676119,7.8,,-2.431392836323881,,20,0.4045585942048927,0.4153863639065083
melgar,2,Ecuador2016,5.513055450156893,7.8,,-2.286944549843107,,20,0.4144741231129005,0.3455321597472807
melgar,3,Ecuador2016,5.557237058443132,7.8,,-2.242762941556868,,20,0.4215241260374249,0.4058571055049986
melgar,4,Ecuador2016,5.557237058443132,7.8,,-2.242762941556868,,20,0.4025735371198746,0.4871006613957522
melgar,5,Ecuador2016,5.629119313280313,7.8,,-2.170880686719687,,20,0.3880738690949038,0.5273050723500967
melgar,6,Ecuador2016,5.713555316040024,7.8,,-2.086444683959976,,20,0.3589308351936034,0.4918267729941128
melgar,7,Ecuador2016,5.816972676467076,7.8,,-1.983027323532924,,20,0.350482465386158,0.5622042544121282
melgar,8,Ecuador2016,5.816972676467076,7.8,,-1.983027323532924,,20,0.3484535944755407,0.6023827240482831
melgar,9,Ecuador2016,5.8207403079669415,7.8,,-1.9792596920330583,,20,0.3190850482605431,0.5176206951615727
melgar,10,Ecuador2016,5.920821476449262,7.8,,-1.8791785235507372,,20,0.3168223340086138,0.4831624335549094
melgar,11,Ecuador2016,5.953532325956372,7.8,,-1.846467674043628,,20,0.3247684796867965,0.506743240940418
melgar,12,Ecuador2016,6.055765724308605,7.8,,-1.7442342756913949,,20,0.3261860548510729,0.4726298881488802
melgar,13,Ecuador2016,6.067747247823241,7.8,,-1.732252752176759,,20,0.3217235526948791,0.4668314242392632
melgar,14,Ecuador2016,6.067747247823241,7.8,,-1.732252752176759,,20,0.2914238018087413,0.4281426229370195
melgar,15,Ecuador2016,6.133309372904964,7.8,,-1.6666906270950357,,20,0.3496660294285442,0.3645106795761332
melgar,16,Ecuador2016,6.198179708637705,7.8,,-1.6018202913622952,,20,0.3812015635844226,0.3863299914402383
melgar,17,Ecuador2016,6.198179708637705,7.8,,-1.6018202913622952,,20,0.3856437951820662,0.4087547362048465
melgar,18,Ecuador2016,6.198179708637705,7.8,,-1.6018202913622952,,20,0.3871796328634241,0.410113180672143
melgar,19,Ecuador2016,6.198179708637705,7.8,,-1.6018202913622952,,20,0.3900879720339014,0.4255516868487579
melgar,20,Ecuador2016,6.198179708637705,7.8,,-1.6018202913622952,,20,0.4057583640742955,0.418117418603674
melgar,21,Ecuador2016,6.198179708637705,7.8,,-1.6018202913622952,,20,0.4315548039289453,0.4178555454770949
melgar,22,Ecuador2016,6.198179708637705,7.8,,-1.6018202913622952,,20,0.4391490184231287,0.4852005686473903
melgar,23,Ecuador2016,6.198179708637705,7.8,,-1.6018202913622952,,20,0.4233689927620894,0.4251153364649287
melgar,24,Ecuador2016,6.230440101320434,7.8,,-1.5695598986795662,,20,0.4104494020680819,0.3495017743543975
melgar,25,Ecuador2016,6.245897436751707,7.8,,-1.5541025632482928,,20,0.4039802120349528,0.4356335029300382
melgar,26,Ecuador2016,6.245897436751707,7.8,,-1.5541025632482928,,20,0.4094031142872469,0.4463252466094127
melgar,27,Ecuador2016,6.248729550738739,7.8,,-1.5512704492612608,,20,0.4238437159881137,0.4463252466094127
melgar,28,Ecuador2016,6.248729550738739,7.8,,-1.5512704492612608,,20,0.4468824153938772,0.4463252466094127
melgar,29,Ecuador2016,6.248729550738739,7.8,,-1.5512704492612608,,20,0.4745320561851462,0.4874508195867184
melgar,30,Ecuador2016,6.282056081997775,7.8,,-1.5179439180022252,,20,0.5006309789923163,0.4767312301107518
melgar,31,Ecuador2016,6.328171798201003,7.8,,-1.4718282017989963,,20,0.5387979376062302,0.4767312301107518
melgar,32,Ecuador2016,6.372742437924103,7.8,,-1.427257562075897,,20,0.5711432030037566,0.5276198114509336
melgar,33,Ecuador2016,6.403507569135273,7.8,,-1.3964924308647264,,20,0.5859472706901613,0.5818422019087803
melgar,34,Ecuador2016,6.4567155339946085,7.8,,-1.3432844660053913,,20,0.5896371384740969,0.5812139913147041
melgar,35,Ecuador2016,6.492934231174857,7.8,,-1.3070657688251428,,20,0.5992884519125131,0.5789158323942187
melgar,36,Ecuador2016,6.532820766067236,7.8,,-1.2671792339327643,,20,0.611357575813437,0.5751499411731587
melgar,37,Ecuador2016,6.543157711038953,7.8,,-1.2568422889610469,,20,0.6247810123407608,0.566226892425818
melgar,38,Ecuador2016,6.543157711038953,7.8,,-1.2568422889610469,,20,0.6405067590794643,0.555867895880084
melgar,39,Ecuador2016,6.543157711038953,7.8,,-1.2568422889610469,,20,0.659340084436117,0.5489134548700454
melgar,40,Ecuador2016,6.543157711038953,7.8,,-1.2568422889610469,,20,0.6836254692361391,0.5555910022699804
melgar,41,Ecuador2016,6.543157711038953,7.8,,-1.2568422889610469,,20,0.7030931371487811,0.6033190470646508
melgar,42,Ecuador2016,6.543157711038953,7.8,,-1.2568422889610469,,20,0.7112789640027685,0.6312156973539
melgar,43,Ecuador2016,6.543157711038953,7.8,,-1.2568422889610469,,20,0.7143381412601421,0.6475895156672342
melgar,44,Ecuador2016,6.568442624000118,7.8,,-1.2315573759998817,,20,0.7100095151583418,0.7018428084706843
melgar,45,Ecuador2016,6.587400272276417,7.8,,-1.2125997277235827,,20,0.7027906666017456,0.7821361931165942
melgar,46,Ecuador2016,6.587400272276417,7.8,,-1.2125997277235827,,20,0.6994714716900331,0.7868204303436688
melgar,47,Ecuador2016,6.60466958642326,7.8,,-1.1953304135767402,,20,0.6913008362183674,0.7588457103211939
melgar,48,Ecuador2016,6.614766861725117,7.8,,-1.1852331382748824,,20,0.6840404472328463,0.7290805438339047
melgar,49,Ecuador2016,6.614766861725117,7.8,,-1.1852331382748824,,20,0.6750224456968159,0.743147107852403
melgar,50,Ecuador2016,6.625751674051905,7.8,,-1.1742483259480947,,20,0.6631120175508963,0.7554967487855357
melgar,51,Ecuador2016,6.6383258864347,7.8,,-1.1616741135653,,20,0.6525544197188491,0.6537618092892208
melgar,52,Ecuador2016,6.699088690866185,7.8,,-1.1009113091338143,,20,0.644042543761847,0.6449788300451305
melgar,53,Ecuador2016,6.734396215746942,7.8,,-1.0656037842530577,,20,0.6317618692389955,0.6787968240549294
melgar,54,Ecuador2016,6.7517242392055365,7.8,,-1.0482757607944633,,20,0.6129486298842767,0.7274612984264808
melgar,55,Ecuador2016,6.781324716847121,7.8,,-1.018675283152879,,20,0.6077244508175667,0.751792906076977
melgar,56,Ecuador2016,6.789898131506138,7.8,,-1.0101018684938614,,20,0.6101770305579111,0.7673144233570683
melgar,57,Ecuador2016,6.8278047366650485,7.8,,-0.9721952633349512,,20,0.6044095057386553,0.7695171266322625
melgar,58,Ecuador2016,6.868590336022162,7.8,,-0.9314096639778376,,20,0.5931118832904945,0.7511277676913108
melgar,59,Ecuador2016,6.891293696232523,7.8,,-0.9087063037674764,,20,0.5857644185721139,0.6945771635106341
melgar,60,Ecuador2016,6.929441725491452,7.8,,-0.8705582745085474,,20,0.5837600466086966,0.6410504300151763
melgar,61,Ecuador2016,6.941532357970242,7.8,,-0.8584676420297574,,20,0.581227823114703,0.6352778800921763
melgar,62,Ecuador2016,6.966429509151144,7.8,,-0.8335704908488557,,20,0.5814811100099937,0.6711514109198218
melgar,63,Ecuador2016,6.9916704657831925,7.8,,-0.8083295342168073,,20,0.5843893046255937,0.6986093427512232
melgar,64,Ecuador2016,7.0231341563980925,7.8,,-0.7768658436019074,,20,0.5880230622688822,0.7928775867474149
melgar,65,Ecuador2016,7.06854845014951,7.8,,-0.7314515498504894,,20,0.5916219398839692,0.834640160425332
melgar,66,Ecuador2016,7.06854845014951,7.8,,-0.7314515498504894,,20,0.5938844294547999,0.8451257794844595
melgar,67,Ecuador2016,7.092230806154543,7.8,,-0.7077691938454569,,20,0.5921383462201055,0.8516002797375206
melgar,68,Ecuador2016,7.127281178587724,7.8,,-0.6727188214122757,,20,0.5880797369825379,0.8509719187421538
melgar,69,Ecuador2016,7.152396209387854,7.8,,-0.6476037906121457,,20,0.573544103526998,0.8121907583396952
melgar,70,Ecuador2016,7.159614629779443,7.8,,-0.6403853702205566,,20,0.5616207596311098,0.8243305488729193
melgar,71,Ecuador2016,7.159614629779443,7.8,,-0.6403853702205566,,20,0.5530150607903539,0.800539513070258
melgar,72,Ecuador2016,7.159614629779443,7.8,,-0.6403853702205566,,20,0.545095411087251,0.7751584749261493
melgar,73,Ecuador2016,7.163869245561733,7.8,,-0.636130754438267,,20,0.5440878082551256,0.7601052779644517
melgar,74,Ecuador2016,7.177149574694477,7.8,,-0.6228504253055229,,20,0.5433759019389705,0.7416701935131753
melgar,75,Ecuador2016,7.198638644156736,7.8,,-0.601361355843264,,20,0.5413843046409432,0.7306448506509904
melgar,76,Ecuador2016,7.221976582257485,7.8,,-0.5780234177425152,,20,0.537034073585913,0.7071123503185319
melgar,77,Ecuador2016,7.236107608096806,7.8,,-0.5638923919031935,,20,0.5334970185602419,0.7199781220901258
melgar,78,Ecuador2016,7.236539329764103,7.8,,-0.5634606702358971,,20,0.5307418215963972,0.7353487398475487
melgar,79,Ecuador2016,7.236539329764103,7.8,,-0.5634606702358971,,20,0.5325911318166298,0.738952722776042
melgar,80,Ecuador2016,7.238474845955814,7.8,,-0.5615251540441859,,20,0.5284700395306836,0.7265739730210967
melgar,81,Ecuador2016,7.238474845955814,7.8,,-0.5615251540441859,,20,0.5270736062582695,0.766744277270953
melgar,82,Ecuador2016,7.238474845955814,7.8,,-0.5615251540441859,,20,0.5277970578996336,0.7913825525036469
melgar,83,Ecuador2016,7.244073640991939,7.8,,-0.555926359008061,,20,0.5251294720463159,0.7997161844583394
melgar,84,Ecuador2016,7.292862977663695,7.8,,-0.5071370223363045,,20,0.5168908268841078,0.7982149197538817
melgar,85,Ecuador2016,7.352068130363826,7.8,,-0.4479318696361742,,20,0.5097211555919026,0.7982149197538817
melgar,86,Ecuador2016,7.386719146479033,7.8,,-0.4132808535209671,,20,0.5048754771168239,0.8062739528503773
melgar,87,Ecuador2016,7.386719146479033,7.8,,-0.4132808535209671,,20,0.5014664136406888,0.81781150596112
melgar,88,Ecuador2016,7.386719146479033,7.8,,-0.4132808535209671,,20,0.4985272675150708,0.8246910748133551
melgar,89,Ecuador2016,7.386719146479033,7.8,,-0.4132808535209671,,20,0.4957392549013663,0.8072961406733112
melgar,90,Ecuador2016,7.386719146479033,7.8,,-0.4132808535209671,,20,0.4935216792996481,0.7889818436433185
melgar,91,Ecuador2016,7.386719146479033,7.8,,-0.4132808535209671,,20,0.4916443825365518,0.7889818436433185
melgar,92,Ecuador2016,7.386719146479033,7.8,,-0.4132808535209671,,20,0.48944728937039,0.7827360034330937
melgar,93,Ecuador2016,7.386719146479033,7.8,,-0.4132808535209671,,20,0.4886901663537769,0.7801836792038079
melgar,94,Ecuador2016,7.386719146479033,7.8,,-0.4132808535209671,,20,0.4879014819587174,0.7709797195717885
melgar,95,Ecuador2016,7.386719146479033,7.8,,-0.4132808535209671,,20,0.4852653080479394,0.7709797195717885
melgar,96,Ecuador2016,7.386719146479033,7.8,,-0.4132808535209671,,20,0.4840658117952836,0.7709797195717885
melgar,97,Ecuador2016,7.386719146479033,7.8,,-0.4132808535209671,,20,0.4839616860169498,0.7709797195717885
melgar,98,Ecuador2016,7.386719146479033,7.8,,-0.4132808535209671,,20,0.4839616860169498,0.7709797195717885
melgar,99,Ecuador2016,7.386719146479033,7.8,,-0.4132808535209671,,20,0.4839616860169498,0.7709797195717885
melgar,100,Ecuador2016,7.418842464355976,7.8,,-0.3811575356440242,,20,0.4817276268129575,0.7709797195717885
melgar,101,Ecuador2016,7.418842464355976,7.8,,-0.3811575356440242,,20,0.4835395925176083,0.7709797195717885
melgar,102,Ecuador2016,7.418842464355976,7.8,,-0.3811575356440242,,20,0.4854837493072405,0.7709797195717885
melgar,103,Ecuador2016,7.418842464355976,7.8,,-0.3811575356440242,,20,0.4854837493072405,0.7709797195717885
melgar,104,Ecuador2016,7.418842464355976,7.8,,-0.3811575356440242,,20,0.4854837493072405,0.7709797195717885
melgar,105,Ecuador2016,7.418842464355976,7.8,,-0.3811575356440242,,20,0.4854837493072405,0.7709797195717885
melgar,106,Ecuador2016,7.418842464355976,7.8,,-0.3811575356440242,,20,0.4854837493072405,0.7709797195717885
melgar,107,Ecuador2016,7.418842464355976,7.8,,-0.3811575356440242,,20,0.4853361995274878,0.770609390711841
melgar,108,Ecuador2016,7.418842464355976,7.8,,-0.3811575356440242,,20,0.4849747341900002,0.7672385469094793
melgar,109,Ecuador2016,7.418842464355976,7.8,,-0.3811575356440242,,20,0.4849747341900002,0.7672385469094793
melgar,110,Ecuador2016,7.418842464355976,7.8,,-0.3811575356440242,,20,0.4831066047358961,0.7394626789663548
melgar,111,Ecuador2016,7.418842464355976,7.8,,-0.3811575356440242,,20,0.4794378171261982,0.7218969568777469
melgar,112,Ecuador2016,7.418842464355976,7.8,,-0.3811575356440242,,20,0.4772853747265611,0.7122488271194545
melgar,113,Ecuador2016,7.418842464355976,7.8,,-0.3811575356440242,,20,0.4769650500872908,0.7122488271194545
melgar,114,Ecuador2016,7.418842464355976,7.8,,-0.3811575356440242,,20,0.4763943420650998,0.6770501349718003
melgar,115,Ecuador2016,7.418842464355976,7.8,,-0.3811575356440242,,20,0.4780295977936273,0.6739541470466577
melgar,116,Ecuador2016,7.418842464355976,7.8,,-0.3811575356440242,,20,0.4780295977936273,0.6739541470466577
melgar,117,Ecuador2016,7.418842464355976,7.8,,-0.3811575356440242,,20,0.4780295977936273,0.6739541470466577
melgar,118,Ecuador2016,7.418842464355976,7.8,,-0.3811575356440242,,20,0.4780295977936273,0.6739541470466577
melgar,119,Ecuador2016,7.418842464355976,7.8,,-0.3811575356440242,,20,0.4780295977936273,0.6739541470466577
melgar,120,Ecuador2016,7.418842464355976,7.8,,-0.3811575356440242,,20,0.4780295977936273,0.6739541470466577
melgar,121,Ecuador2016,7.418842464355976,7.8,,-0.3811575356440242,,20,0.4780295977936273,0.6739541470466577
melgar,122,Ecuador2016,7.418842464355976,7.8,,-0.3811575356440242,,20,0.4780295977936273,0.6739541470466577
melgar,123,Ecuador2016,7.418842464355976,7.8,,-0.3811575356440242,,20,0.4780295977936273,0.6739541470466577
melgar,124,Ecuador2016,7.418842464355976,7.8,,-0.3811575356440242,,20,0.4780295977936273,0.6739541470466577
melgar,125,Ecuador2016,7.418842464355976,7.8,,-0.3811575356440242,,20,0.4780295977936273,0.6739541470466577
melgar,126,Ecuador2016,7.418842464355976,7.8,,-0.3811575356440242,,20,0.4780295977936273,0.6739541470466577
melgar,127,Ecuador2016,7.418842464355976,7.8,,-0.3811575356440242,,20,0.4780295977936273,0.6739541470466577
melgar,128,Ecuador2016,7.418842464355976,7.8,,-0.3811575356440242,,20,0.4780295977936273,0.6739541470466577
melgar,129,Ecuador2016,7.418842464355976,7.8,,-0.3811575356440242,,20,0.4776749359223148,0.6714759610973058
melgar,130,Ecuador2016,7.418842464355976,7.8,,-0.3811575356440242,,20,0.4776749359223148,0.6714759610973058
melgar,131,Ecuador2016,7.418842464355976,7.8,,-0.3811575356440242,,20,0.4776749359223148,0.6714759610973058
melgar,132,Ecuador2016,7.418842464355976,7.8,,-0.3811575356440242,,20,0.4776749359223148,0.6714759610973058
melgar,133,Ecuador2016,7.418842464355976,7.8,,-0.3811575356440242,,20,0.4776749359223148,0.6714759610973058
melgar,134,Ecuador2016,7.418842464355976,7.8,,-0.3811575356440242,,20,0.4776749359223148,0.6714759610973058
melgar,135,Ecuador2016,7.418842464355976,7.8,,-0.3811575356440242,,20,0.4776749359223148,0.6714759610973058
melgar,136,Ecuador2016,7.418842464355976,7.8,,-0.3811575356440242,,20,0.4776749359223148,0.6714759610973058
melgar,137,Ecuador2016,7.418842464355976,7.8,,-0.3811575356440242,,20,0.4776749359223148,0.6714759610973058
melgar,138,Ecuador2016,7.418842464355976,7.8,,-0.3811575356440242,,20,0.4776749359223148,0.6714759610973058
melgar,139,Ecuador2016,7.418842464355976,7.8,,-0.3811575356440242,,20,0.4776749359223148,0.6714759610973058
melgar,140,Ecuador2016,7.418842464355976,7.8,,-0.3811575356440242,,20,0.4776749359223148,0.6714759610973058
melgar,141,Ecuador2016,7.418842464355976,7.8,,-0.3811575356440242,,20,0.4776749359223148,0.6714759610973058
melgar,142,Ecuador2016,7.418842464355976,7.8,,-0.3811575356440242,,20,0.4776749359223148,0.6714759610973058
melgar,143,Ecuador2016,7.418842464355976,7.8,,-0.3811575356440242,,20,0.4776749359223148,0.6714759610973058
melgar,144,Ecuador2016,7.418842464355976,7.8,,-0.3811575356440242,,20,0.4776749359223148,0.6714759610973058
melgar,145,Ecuador2016,7.418842464355976,7.8,,-0.3811575356440242,,20,0.4776749359223148,0.6714759610973058
melgar,146,Ecuador2016,7.418842464355976,7.8,,-0.3811575356440242,,20,0.4776749359223148,0.6714759610973058
melgar,147,Ecuador2016,7.418842464355976,7.8,,-0.3811575356440242,,20,0.4776749359223148,0.6714759610973058
melgar,148,Ecuador2016,7.418842464355976,7.8,,-0.3811575356440242,,20,0.4776749359223148,0.6714759610973058
melgar,149,Ecuador2016,7.418842464355976,7.8,,-0.3811575356440242,,20,0.4776749359223148,0.6714759610973058
melgar,150,Ecuador2016,7.418842464355976,7.8,,-0.3811575356440242,,20,0.4776749359223148,0.6714759610973058
melgar,151,Ecuador2016,7.418842464355976,7.8,,-0.3811575356440242,,20,0.4776749359223148,0.6714759610973058
melgar,152,Ecuador2016,7.418842464355976,7.8,,-0.3811575356440242,,20,0.4776749359223148,0.6714759610973058
melgar,153,Ecuador2016,7.418842464355976,7.8,,-0.3811575356440242,,20,0.4776749359223148,0.6714759610973058
melgar,154,Ecuador2016,7.418842464355976,7.8,,-0.3811575356440242,,20,0.4776749359223148,0.6714759610973058
melgar,155,Ecuador2016,7.418842464355976,7.8,,-0.3811575356440242,,20,0.4776749359223148,0.6714759610973058
melgar,156,Ecuador2016,7.418842464355976,7.8,,-0.3811575356440242,,20,0.4776749359223148,0.6714759610973058
melgar,157,Ecuador2016,7.418842464355976,7.8,,-0.3811575356440242,,20,0.4776749359223148,0.6714759610973058
melgar,158,Ecuador2016,7.418842464355976,7.8,,-0.3811575356440242,,20,0.4776749359223148,0.6714759610973058
melgar,159,Ecuador2016,7.418842464355976,7.8,,-0.3811575356440242,,20,0.4776749359223148,0.6714759610973058
melgar,160,Ecuador2016,7.418842464355976,7.8,,-0.3811575356440242,,20,0.4776749359223148,0.6714759610973058
melgar,161,Ecuador2016,7.418842464355976,7.8,,-0.3811575356440242,,20,0.4776749359223148,0.6714759610973058
melgar,162,Ecuador2016,7.418842464355976,7.8,,-0.3811575356440242,,20,0.4776749359223148,0.6714759610973058
melgar,163,Ecuador2016,7.418842464355976,7.8,,-0.3811575356440242,,20,0.4776749359223148,0.6714759610973058
melgar,164,Ecuador2016,7.418842464355976,7.8,,-0.3811575356440242,,20,0.4776749359223148,0.6714759610973058
melgar,165,Ecuador2016,7.418842464355976,7.8,,-0.3811575356440242,,20,0.4776749359223148,0.6714759610973058
melgar,166,Ecuador2016,7.418842464355976,7.8,,-0.3811575356440242,,20,0.4776749359223148,0.6714759610973058
melgar,167,Ecuador2016,7.418842464355976,7.8,,-0.3811575356440242,,20,0.4776749359223148,0.6714759610973058
melgar,168,Ecuador2016,7.418842464355976,7.8,,-0.3811575356440242,,20,0.4776749359223148,0.6714759610973058
melgar,169,Ecuador2016,7.418842464355976,7.8,,-0.3811575356440242,,20,0.4776749359223148,0.6714759610973058
melgar,170,Ecuador2016,7.418842464355976,7.8,,-0.3811575356440242,,20,0.4776749359223148,0.6714759610973058
melgar,171,Ecuador2016,7.418842464355976,7.8,,-0.3811575356440242,,20,0.4776749359223148,0.6714759610973058
melgar,172,Ecuador2016,7.418842464355976,7.8,,-0.3811575356440242,,20,0.4776749359223148,0.6714759610973058
melgar,173,Ecuador2016,7.418842464355976,7.8,,-0.3811575356440242,,20,0.4776749359223148,0.6714759610973058
melgar,174,Ecuador2016,7.418842464355976,7.8,,-0.3811575356440242,,20,0.4776749359223148,0.6714759610973058
melgar,175,Ecuador2016,7.418842464355976,7.8,,-0.3811575356440242,,20,0.4776749359223148,0.6714759610973058
melgar,176,Ecuador2016,7.418842464355976,7.8,,-0.3811575356440242,,20,0.4776749359223148,0.6714759610973058
melgar,177,Ecuador2016,7.418842464355976,7.8,,-0.3811575356440242,,20,0.4776749359223148,0.6714759610973058
melgar,178,Ecuador2016,7.418842464355976,7.8,,-0.3811575356440242,,20,0.4776749359223148,0.6714759610973058
melgar,179,Ecuador2016,7.418842464355976,7.8,,-0.3811575356440242,,20,0.4776749359223148,0.6714759610973058
melgar,180,Ecuador2016,7.418842464355976,7.8,,-0.3811575356440242,,20,0.4776749359223148,0.6714759610973058
melgar,181,Ecuador2016,7.418842464355976,7.8,,-0.3811575356440242,,20,0.4776749359223148,0.6714759610973058
melgar,182,Ecuador2016,7.418842464355976,7.8,,-0.3811575356440242,,20,0.4776749359223148,0.6714759610973058
melgar,183,Ecuador2016,7.418842464355976,7.8,,-0.3811575356440242,,20,0.4776749359223148,0.6714759610973058
melgar,184,Ecuador2016,7.418842464355976,7.8,,-0.3811575356440242,,20,0.4776749359223148,0.6714759610973058
melgar,185,Ecuador2016,7.418842464355976,7.8,,-0.3811575356440242,,20,0.4776749359223148,0.6714759610973058
melgar,186,Ecuador2016,7.418842464355976,7.8,,-0.3811575356440242,,20,0.4776749359223148,0.6714759610973058
melgar,187,Ecuador2016,7.418842464355976,7.8,,-0.3811575356440242,,20,0.4776749359223148,0.6714759610973058
melgar,188,Ecuador2016,7.418842464355976,7.8,,-0.3811575356440242,,20,0.4776749359223148,0.6714759610973058
melgar,189,Ecuador2016,7.418842464355976,7.8,,-0.3811575356440242,,20,0.4776749359223148,0.6714759610973058
melgar,190,Ecuador2016,7.418842464355976,7.8,,-0.3811575356440242,,20,0.4776749359223148,0.6714759610973058
melgar,191,Ecuador2016,7.418842464355976,7.8,,-0.3811575356440242,,20,0.4776749359223148,0.6714759610973058
melgar,192,Ecuador2016,7.418842464355976,7.8,,-0.3811575356440242,,20,0.4776749359223148,0.6714759610973058
melgar,193,Ecuador2016,7.418842464355976,7.8,,-0.3811575356440242,,20,0.4776749359223148,0.6714759610973058
melgar,194,Ecuador2016,7.418842464355976,7.8,,-0.3811575356440242,,20,0.4776749359223148,0.6714759610973058
melgar,195,Ecuador2016,7.418842464355976,7.8,,-0.3811575356440242,,20,0.4776749359223148,0.6714759610973058
melgar,196,Ecuador2016,7.418842464355976,7.8,,-0.3811575356440242,,20,0.4776749359223148,0.6714759610973058
melgar,197,Ecuador2016,7.418842464355976,7.8,,-0.3811575356440242,,20,0.4776749359223148,0.6714759610973058
melgar,198,Ecuador2016,7.418842464355976,7.8,,-0.3811575356440242,,20,0.4776749359223148,0.6714759610973058
melgar,199,Ecuador2016,7.418842464355976,7.8,,-0.3811575356440242,,20,0.4776749359223148,0.6714759610973058
melgar,200,Ecuador2016,7.418842464355976,7.8,,-0.3811575356440242,,20,0.4776749359223148,0.6714759610973058
ruhl,1,Ecuador2016,5.0371905229096905,7.8,,-2.7628094770903093,,20,0.4318052934404124,0.4477973784537843
ruhl,2,Ecuador2016,5.191118718208385,7.8,,-2.608881281791615,,20,0.4428287442810318,0.3670772140659277
ruhl,3,Ecuador2016,5.239195192072529,7.8,,-2.560804807927471,,20,0.4507949345953352,0.4333595524147542
ruhl,4,Ecuador2016,5.239195192072529,7.8,,-2.560804807927471,,20,0.4309803776413828,0.5225929264326981
ruhl,5,Ecuador2016,5.318792394540767,7.8,,-2.4812076054592334,,20,0.415265808326995,0.5655327473717087
ruhl,6,Ecuador2016,5.410071698212052,7.8,,-2.389928301787948,,20,0.3835459700476437,0.5260659750778744
ruhl,7,Ecuador2016,5.520272367416904,7.8,,-2.2797276325830955,,20,0.3748732864050842,0.6025032590974533
ruhl,8,Ecuador2016,5.520272367416904,7.8,,-2.2797276325830955,,20,0.3732293879635567,0.6454552135160139
ruhl,9,Ecuador2016,5.524346350546267,7.8,,-2.2756536494537327,,20,0.3425693180344314,0.5569972034623492
ruhl,10,Ecuador2016,5.632632488387127,7.8,,-2.167367511612873,,20,0.3403401309032416,0.520983103425773
ruhl,11,Ecuador2016,5.668053419437518,7.8,,-2.1319465805624818,,20,0.3486425531395696,0.5469887744563957
ruhl,12,Ecuador2016,5.777681099331229,7.8,,-2.022318900668771,,20,0.3498610277012204,0.5093690987144992
ruhl,13,Ecuador2016,5.7911442356820775,7.8,,-2.0088557643179223,,20,0.3451983661047573,0.5037478837200302
ruhl,14,Ecuador2016,5.7911442356820775,7.8,,-2.0088557643179223,,20,0.3128352543338255,0.462807616925649
ruhl,15,Ecuador2016,5.860605737553472,7.8,,-1.939394262446528,,20,0.373672881857101,0.3937463900534688
ruhl,16,Ecuador2016,5.930852166891296,7.8,,-1.869147833108704,,20,0.4068651337121433,0.4164388203263476
ruhl,17,Ecuador2016,5.930852166891296,7.8,,-1.869147833108704,,20,0.4115408858607013,0.4407106858373693
ruhl,18,Ecuador2016,5.930852166891296,7.8,,-1.869147833108704,,20,0.4130720504590527,0.4424727615690669
ruhl,19,Ecuador2016,5.930852166891296,7.8,,-1.869147833108704,,20,0.4161163908554594,0.4592200334965328
ruhl,20,Ecuador2016,5.930852166891296,7.8,,-1.869147833108704,,20,0.432778917100057,0.4507907544264364
ruhl,21,Ecuador2016,5.930852166891296,7.8,,-1.869147833108704,,20,0.4601158114023483,0.4505093024793973
ruhl,22,Ecuador2016,5.930852166891296,7.8,,-1.869147833108704,,20,0.4681722727218428,0.5259058169890549
ruhl,23,Ecuador2016,5.930852166891296,7.8,,-1.869147833108704,,20,0.4510336642239642,0.4614091238752822
ruhl,24,Ecuador2016,5.965589513365035,7.8,,-1.8344104866349644,,20,0.436978208471193,0.3796780337951153
ruhl,25,Ecuador2016,5.983528040838395,7.8,,-1.8164719591616048,,20,0.4300051275934227,0.4678276277768525
ruhl,26,Ecuador2016,5.983528040838395,7.8,,-1.8164719591616048,,20,0.4359279756546483,0.4831688846555062
ruhl,27,Ecuador2016,5.98468538845724,7.8,,-1.8153146115427596,,20,0.4515280521328313,0.4831688846555062
ruhl,28,Ecuador2016,5.98468538845724,7.8,,-1.8153146115427596,,20,0.4763773967668309,0.4831688846555062
ruhl,29,Ecuador2016,5.98468538845724,7.8,,-1.8153146115427596,,20,0.5061978523619834,0.5244456725725124
ruhl,30,Ecuador2016,6.020555410420143,7.8,,-1.7794445895798567,,20,0.5342764061832828,0.5137464812871961
ruhl,31,Ecuador2016,6.072578942309381,7.8,,-1.727421057690619,,20,0.5754111816462173,0.5137464812871961
ruhl,32,Ecuador2016,6.120384075588331,7.8,,-1.679615924411669,,20,0.6102378984013647,0.5633737166575559
ruhl,33,Ecuador2016,6.152450411787365,7.8,,-1.6475495882126348,,20,0.6261658538025391,0.6163084771737148
ruhl,34,Ecuador2016,6.207590087468738,7.8,,-1.592409912531262,,20,0.6301767542514123,0.6149029485850246
ruhl,35,Ecuador2016,6.24544350520385,7.8,,-1.5545564947961497,,20,0.6406443348003115,0.6123633603087555
ruhl,36,Ecuador2016,6.288080411264335,7.8,,-1.5119195887356645,,20,0.6537096862237991,0.608256033784798
ruhl,37,Ecuador2016,6.303297229628782,7.8,,-1.4967027703712177,,20,0.6682296938395379,0.5986004650526802
ruhl,38,Ecuador2016,6.303297229628782,7.8,,-1.4967027703712177,,20,0.6852356012464225,0.5875277010280797
ruhl,39,Ecuador2016,6.303297229628782,7.8,,-1.4967027703712177,,20,0.705557053418407,0.5803614458823514
ruhl,40,Ecuador2016,6.303297229628782,7.8,,-1.4967027703712177,,20,0.7317032315682106,0.5866151894624219
ruhl,41,Ecuador2016,6.303297229628782,7.8,,-1.4967027703712177,,20,0.7526679312907254,0.6410210010729571
ruhl,42,Ecuador2016,6.303297229628782,7.8,,-1.4967027703712177,,20,0.7615014874394026,0.6755837032198775
ruhl,43,Ecuador2016,6.303297229628782,7.8,,-1.4967027703712177,,20,0.7648211061572878,0.6931532847397479
ruhl,44,Ecuador2016,6.332673399959624,7.8,,-1.4673266000403755,,20,0.7601627528979372,0.750388723332752
ruhl,45,Ecuador2016,6.3548683482149055,7.8,,-1.4451316517850945,,20,0.7524231976803211,0.8299373225622046
ruhl,46,Ecuador2016,6.3548683482149055,7.8,,-1.4451316517850945,,20,0.748893633098084,0.8346633386843161
ruhl,47,Ecuador2016,6.371987025172354,7.8,,-1.428012974827646,,20,0.7401172551720361,0.8043578764308004
ruhl,48,Ecuador2016,6.382867568906157,7.8,,-1.417132431093843,,20,0.7323332133900493,0.7702803386791137
ruhl,49,Ecuador2016,6.382867568906157,7.8,,-1.417132431093843,,20,0.7226421239759496,0.7843076260859689
ruhl,50,Ecuador2016,6.395538093784689,7.8,,-1.4044619062153112,,20,0.7097934194401716,0.7996750283635832
ruhl,51,Ecuador2016,6.405491276436357,7.8,,-1.3945087235636429,,20,0.6984470179494877,0.7022510706112381
ruhl,52,Ecuador2016,6.465073382652212,7.8,,-1.3349266173477874,,20,0.6893540011472954,0.6935271200299065
ruhl,53,Ecuador2016,6.5031359013108885,7.8,,-1.2968640986891111,,20,0.6761748932526606,0.7301809028432098
ruhl,54,Ecuador2016,6.526815753264465,7.8,,-1.2731842467355348,,20,0.6559621970352588,0.7772044874987056
ruhl,55,Ecuador2016,6.558421473659591,7.8,,-1.241578526340409,,20,0.6504978994373021,0.8021351629680176
ruhl,56,Ecuador2016,6.568268314104982,7.8,,-1.231731685895018,,20,0.6533520191305595,0.818811740816324
ruhl,57,Ecuador2016,6.612410093739498,7.8,,-1.1875899062605022,,20,0.6472664283834785,0.8209474813390045
ruhl,58,Ecuador2016,6.656555192949039,7.8,,-1.1434448070509609,,20,0.6351718187533215,0.7996993823074989
ruhl,59,Ecuador2016,6.681128623391995,7.8,,-1.1188713766080047,,20,0.6274429865298928,0.7411766551962868
ruhl,60,Ecuador2016,6.7253749691463485,7.8,,-1.0746250308536514,,20,0.6255543602545818,0.693161867217797
ruhl,61,Ecuador2016,6.738481458024848,7.8,,-1.0615185419751514,,20,0.6230188822612934,0.6824440543373722
ruhl,62,Ecuador2016,6.764895113376747,7.8,,-1.0351048866232526,,20,0.6235194798277084,0.7273736012454375
ruhl,63,Ecuador2016,6.792238827703085,7.8,,-1.0077611722969149,,20,0.6269071619946329,0.7598700707518775
ruhl,64,Ecuador2016,6.826296094036967,7.8,,-0.973703905963033,,20,0.6310742338831121,0.8545186301163552
ruhl,65,Ecuador2016,6.86434678989185,7.8,,-0.9356532101081498,,20,0.6352291953579075,0.8833181508409442
ruhl,66,Ecuador2016,6.86434678989185,7.8,,-0.9356532101081498,,20,0.6379057648265504,0.8946585944807355
ruhl,67,Ecuador2016,6.890008279404866,7.8,,-0.9099917205951336,,20,0.6362043831363888,0.9016609187881146
ruhl,68,Ecuador2016,6.927987810006899,7.8,,-0.872012189993101,,20,0.6320377325633874,0.8978685702358362
ruhl,69,Ecuador2016,6.95520170288815,7.8,,-0.8447982971118497,,20,0.6165178814273249,0.8881220875497489
ruhl,70,Ecuador2016,6.963023366372136,7.8,,-0.8369766336278639,,20,0.6037462001069425,0.8895386141650024
ruhl,71,Ecuador2016,6.963023366372136,7.8,,-0.8369766336278639,,20,0.5945106654166259,0.872767322181212
ruhl,72,Ecuador2016,6.963023366372136,7.8,,-0.8369766336278639,,20,0.5861348599868087,0.8432963036712895
ruhl,73,Ecuador2016,6.968035609895942,7.8,,-0.8319643901040576,,20,0.5851440716992868,0.8261562483525777
ruhl,74,Ecuador2016,6.982434579887398,7.8,,-0.8175654201126017,,20,0.5844561209455921,0.8141753683884811
ruhl,75,Ecuador2016,7.00573373634945,7.8,,-0.7942662636505498,,20,0.5824322188775185,0.7978604886439644
ruhl,76,Ecuador2016,7.031037497048164,7.8,,-0.7689625029518359,,20,0.5778260397555621,0.7767638290894663
ruhl,77,Ecuador2016,7.04635882041109,7.8,,-0.75364117958891,,20,0.5741107032007299,0.788404553406564
ruhl,78,Ecuador2016,7.046826907253662,7.8,,-0.753173092746338,,20,0.5712223838369995,0.802355410492491
ruhl,79,Ecuador2016,7.046826907253662,7.8,,-0.753173092746338,,20,0.5733366627793186,0.8063577468388026
ruhl,80,Ecuador2016,7.048925457619685,7.8,,-0.7510745423803149,,20,0.5689817968513792,0.788012243987084
ruhl,81,Ecuador2016,7.048925457619685,7.8,,-0.7510745423803149,,20,0.5675777203135803,0.8314913663817407
ruhl,82,Ecuador2016,7.048925457619685,7.8,,-0.7510745423803149,,20,0.5684441235150168,0.8635710259329272
ruhl,83,Ecuador2016,7.054995855492182,7.8,,-0.7450041445078179,,20,0.5656242228343807,0.8740448712360989
ruhl,84,Ecuador2016,7.119723224492046,7.8,,-0.680276775507954,,20,0.5568908997405915,0.8706808015864942
ruhl,85,Ecuador2016,7.179055561548167,7.8,,-0.6209444384518328,,20,0.5492853635686306,0.8706808015864942
ruhl,86,Ecuador2016,7.213191210273777,7.8,,-0.5868087897262226,,20,0.5441928903703935,0.8785631701877339
ruhl,87,Ecuador2016,7.213191210273777,7.8,,-0.5868087897262226,,20,0.5407123120558489,0.8910510687288209
ruhl,88,Ecuador2016,7.213191210273777,7.8,,-0.5868087897262226,,20,0.5377014340211914,0.8970982139777393
ruhl,89,Ecuador2016,7.213191210273777,7.8,,-0.5868087897262226,,20,0.5347896906337529,0.868664056507491
ruhl,90,Ecuador2016,7.213191210273777,7.8,,-0.5868087897262226,,20,0.5324711823763715,0.8626333146065486
ruhl,91,Ecuador2016,7.213191210273777,7.8,,-0.5868087897262226,,20,0.5305193694126084,0.8626333146065486
ruhl,92,Ecuador2016,7.213191210273777,7.8,,-0.5868087897262226,,20,0.5282168677052631,0.8559029704760697
ruhl,93,Ecuador2016,7.213191210273777,7.8,,-0.5868087897262226,,20,0.5274249519358164,0.8531526566964223
ruhl,94,Ecuador2016,7.213191210273777,7.8,,-0.5868087897262226,,20,0.5265790752763215,0.8396643478230779
ruhl,95,Ecuador2016,7.213191210273777,7.8,,-0.5868087897262226,,20,0.5237602255315271,0.8396643478230779
ruhl,96,Ecuador2016,7.213191210273777,7.8,,-0.5868087897262226,,20,0.5224839756876715,0.8378992817332644
ruhl,97,Ecuador2016,7.213191210273777,7.8,,-0.5868087897262226,,20,0.5223732760245032,0.8371667798548152
ruhl,98,Ecuador2016,7.213191210273777,7.8,,-0.5868087897262226,,20,0.5223732760245032,0.8371667798548152
ruhl,99,Ecuador2016,7.213191210273777,7.8,,-0.5868087897262226,,20,0.5223732760245032,0.8371667798548152
ruhl,100,Ecuador2016,7.246911037636872,7.8,,-0.5530889623631277,,20,0.5202717622671137,0.8371667798548152
ruhl,101,Ecuador2016,7.246911037636872,7.8,,-0.5530889623631277,,20,0.5225751915753977,0.8371667798548152
ruhl,102,Ecuador2016,7.246911037636872,7.8,,-0.5530889623631277,,20,0.5248374411772857,0.8371667798548152
ruhl,103,Ecuador2016,7.246911037636872,7.8,,-0.5530889623631277,,20,0.5248374411772857,0.8371667798548152
ruhl,104,Ecuador2016,7.246911037636872,7.8,,-0.5530889623631277,,20,0.5248374411772857,0.8371667798548152
ruhl,105,Ecuador2016,7.246911037636872,7.8,,-0.5530889623631277,,20,0.5248374411772857,0.8371667798548152
ruhl,106,Ecuador2016,7.246911037636872,7.8,,-0.5530889623631277,,20,0.5248374411772857,0.8371667798548152
ruhl,107,Ecuador2016,7.246911037636872,7.8,,-0.5530889623631277,,20,0.5246806087469035,0.8361825998863273
ruhl,108,Ecuador2016,7.246911037636872,7.8,,-0.5530889623631277,,20,0.5242965149644683,0.8299572306287457
ruhl,109,Ecuador2016,7.246911037636872,7.8,,-0.5530889623631277,,20,0.5242965149644683,0.8299572306287457
ruhl,110,Ecuador2016,7.246911037636872,7.8,,-0.5530889623631277,,20,0.5223261945660794,0.7960030042483925
ruhl,111,Ecuador2016,7.246911037636872,7.8,,-0.5530889623631277,,20,0.5184583488360899,0.7809304876127676
ruhl,112,Ecuador2016,7.246911037636872,7.8,,-0.5530889623631277,,20,0.5162105160542851,0.7704945933421303
ruhl,113,Ecuador2016,7.246911037636872,7.8,,-0.5530889623631277,,20,0.515879683381434,0.7704945933421303
ruhl,114,Ecuador2016,7.246911037636872,7.8,,-0.5530889623631277,,20,0.5153771375163219,0.7352083993276777
ruhl,115,Ecuador2016,7.246911037636872,7.8,,-0.5530889623631277,,20,0.5172837898726222,0.7391583488429436
ruhl,116,Ecuador2016,7.246911037636872,7.8,,-0.5530889623631277,,20,0.5172837898726222,0.7391583488429436
ruhl,117,Ecuador2016,7.246911037636872,7.8,,-0.5530889623631277,,20,0.5172837898726222,0.7391583488429436
ruhl,118,Ecuador2016,7.246911037636872,7.8,,-0.5530889623631277,,20,0.5172837898726222,0.7391583488429436
ruhl,119,Ecuador2016,7.246911037636872,7.8,,-0.5530889623631277,,20,0.5172837898726222,0.7391583488429436
ruhl,120,Ecuador2016,7.246911037636872,7.8,,-0.5530889623631277,,20,0.5172837898726222,0.7391583488429436
ruhl,121,Ecuador2016,7.246911037636872,7.8,,-0.5530889623631277,,20,0.5172837898726222,0.7391583488429436
ruhl,122,Ecuador2016,7.246911037636872,7.8,,-0.5530889623631277,,20,0.5172837898726222,0.7391583488429436
ruhl,123,Ecuador2016,7.246911037636872,7.8,,-0.5530889623631277,,20,0.5172837898726222,0.7391583488429436
ruhl,124,Ecuador2016,7.246911037636872,7.8,,-0.5530889623631277,,20,0.5172837898726222,0.7391583488429436
ruhl,125,Ecuador2016,7.246911037636872,7.8,,-0.5530889623631277,,20,0.5172837898726222,0.7391583488429436
ruhl,126,Ecuador2016,7.246911037636872,7.8,,-0.5530889623631277,,20,0.5172837898726222,0.7391583488429436
ruhl,127,Ecuador2016,7.246911037636872,7.8,,-0.5530889623631277,,20,0.5172837898726222,0.7391583488429436
ruhl,128,Ecuador2016,7.246911037636872,7.8,,-0.5530889623631277,,20,0.5172837898726222,0.7391583488429436
ruhl,129,Ecuador2016,7.246911037636872,7.8,,-0.5530889623631277,,20,0.5169081764108826,0.736477820367651
ruhl,130,Ecuador2016,7.246911037636872,7.8,,-0.5530889623631277,,20,0.5169081764108826,0.736477820367651
ruhl,131,Ecuador2016,7.246911037636872,7.8,,-0.5530889623631277,,20,0.5169081764108826,0.736477820367651
ruhl,132,Ecuador2016,7.246911037636872,7.8,,-0.5530889623631277,,20,0.5169081764108826,0.736477820367651
ruhl,133,Ecuador2016,7.246911037636872,7.8,,-0.5530889623631277,,20,0.5169081764108826,0.736477820367651
ruhl,134,Ecuador2016,7.246911037636872,7.8,,-0.5530889623631277,,20,0.5169081764108826,0.736477820367651
ruhl,135,Ecuador2016,7.246911037636872,7.8,,-0.5530889623631277,,20,0.5169081764108826,0.736477820367651
ruhl,136,Ecuador2016,7.246911037636872,7.8,,-0.5530889623631277,,20,0.5169081764108826,0.736477820367651
ruhl,137,Ecuador2016,7.246911037636872,7.8,,-0.5530889623631277,,20,0.5169081764108826,0.736477820367651
ruhl,138,Ecuador2016,7.246911037636872,7.8,,-0.5530889623631277,,20,0.5169081764108826,0.736477820367651
ruhl,139,Ecuador2016,7.246911037636872,7.8,,-0.5530889623631277,,20,0.5169081764108826,0.736477820367651
ruhl,140,Ecuador2016,7.246911037636872,7.8,,-0.5530889623631277,,20,0.5169081764108826,0.736477820367651
ruhl,141,Ecuador2016,7.246911037636872,7.8,,-0.5530889623631277,,20,0.5169081764108826,0.736477820367651
ruhl,142,Ecuador2016,7.246911037636872,7.8,,-0.5530889623631277,,20,0.5169081764108826,0.736477820367651
ruhl,143,Ecuador2016,7.246911037636872,7.8,,-0.5530889623631277,,20,0.5169081764108826,0.736477820367651
ruhl,144,Ecuador2016,7.246911037636872,7.8,,-0.5530889623631277,,20,0.5169081764108826,0.736477820367651
ruhl,145,Ecuador2016,7.246911037636872,7.8,,-0.5530889623631277,,20,0.5169081764108826,0.736477820367651
ruhl,146,Ecuador2016,7.246911037636872,7.8,,-0.5530889623631277,,20,0.5169081764108826,0.736477820367651
ruhl,147,Ecuador2016,7.246911037636872,7.8,,-0.5530889623631277,,20,0.5169081764108826,0.736477820367651
ruhl,148,Ecuador2016,7.246911037636872,7.8,,-0.5530889623631277,,20,0.5169081764108826,0.736477820367651
ruhl,149,Ecuador2016,7.246911037636872,7.8,,-0.5530889623631277,,20,0.5169081764108826,0.736477820367651
ruhl,150,Ecuador2016,7.246911037636872,7.8,,-0.5530889623631277,,20,0.5169081764108826,0.736477820367651
ruhl,151,Ecuador2016,7.246911037636872,7.8,,-0.5530889623631277,,20,0.5169081764108826,0.736477820367651
ruhl,152,Ecuador2016,7.246911037636872,7.8,,-0.5530889623631277,,20,0.5169081764108826,0.736477820367651
ruhl,153,Ecuador2016,7.246911037636872,7.8,,-0.5530889623631277,,20,0.5169081764108826,0.736477820367651
ruhl,154,Ecuador2016,7.246911037636872,7.8,,-0.5530889623631277,,20,0.5169081764108826,0.736477820367651
ruhl,155,Ecuador2016,7.246911037636872,7.8,,-0.5530889623631277,,20,0.5169081764108826,0.736477820367651
ruhl,156,Ecuador2016,7.246911037636872,7.8,,-0.5530889623631277,,20,0.5169081764108826,0.736477820367651
ruhl,157,Ecuador2016,7.246911037636872,7.8,,-0.5530889623631277,,20,0.5169081764108826,0.736477820367651
ruhl,158,Ecuador2016,7.246911037636872,7.8,,-0.5530889623631277,,20,0.5169081764108826,0.736477820367651
ruhl,159,Ecuador2016,7.246911037636872,7.8,,-0.5530889623631277,,20,0.5169081764108826,0.736477820367651
ruhl,160,Ecuador2016,7.246911037636872,7.8,,-0.5530889623631277,,20,0.5169081764108826,0.736477820367651
ruhl,161,Ecuador2016,7.246911037636872,7.8,,-0.5530889623631277,,20,0.5169081764108826,0.736477820367651
ruhl,162,Ecuador2016,7.246911037636872,7.8,,-0.5530889623631277,,20,0.5169081764108826,0.736477820367651
ruhl,163,Ecuador2016,7.246911037636872,7.8,,-0.5530889623631277,,20,0.5169081764108826,0.736477820367651
ruhl,164,Ecuador2016,7.246911037636872,7.8,,-0.5530889623631277,,20,0.5169081764108826,0.736477820367651
ruhl,165,Ecuador2016,7.246911037636872,7.8,,-0.5530889623631277,,20,0.5169081764108826,0.736477820367651
ruhl,166,Ecuador2016,7.246911037636872,7.8,,-0.5530889623631277,,20,0.5169081764108826,0.736477820367651
ruhl,167,Ecuador2016,7.246911037636872,7.8,,-0.5530889623631277,,20,0.5169081764108826,0.736477820367651
ruhl,168,Ecuador2016,7.246911037636872,7.8,,-0.5530889623631277,,20,0.5169081764108826,0.736477820367651
ruhl,169,Ecuador2016,7.246911037636872,7.8,,-0.5530889623631277,,20,0.5169081764108826,0.736477820367651
ruhl,170,Ecuador2016,7.246911037636872,7.8,,-0.5530889623631277,,20,0.5169081764108826,0.736477820367651
ruhl,171,Ecuador2016,7.246911037636872,7.8,,-0.5530889623631277,,20,0.5169081764108826,0.736477820367651
ruhl,172,Ecuador2016,7.246911037636872,7.8,,-0.5530889623631277,,20,0.5169081764108826,0.736477820367651
ruhl,173,Ecuador2016,7.246911037636872,7.8,,-0.5530889623631277,,20,0.5169081764108826,0.736477820367651
ruhl,174,Ecuador2016,7.246911037636872,7.8,,-0.5530889623631277,,20,0.5169081764108826,0.736477820367651
ruhl,175,Ecuador2016,7.246911037636872,7.8,,-0.5530889623631277,,20,0.5169081764108826,0.736477820367651
ruhl,176,Ecuador2016,7.246911037636872,7.8,,-0.5530889623631277,,20,0.5169081764108826,0.736477820367651
ruhl,177,Ecuador2016,7.246911037636872,7.8,,-0.5530889623631277,,20,0.5169081764108826,0.736477820367651
ruhl,178,Ecuador2016,7.246911037636872,7.8,,-0.5530889623631277,,20,0.5169081764108826,0.736477820367651
ruhl,179,Ecuador2016,7.246911037636872,7.8,,-0.5530889623631277,,20,0.5169081764108826,0.736477820367651
ruhl,180,Ecuador2016,7.246911037636872,7.8,,-0.5530889623631277,,20,0.5169081764108826,0.736477820367651
ruhl,181,Ecuador2016,7.246911037636872,7.8,,-0.5530889623631277,,20,0.5169081764108826,0.736477820367651
ruhl,182,Ecuador2016,7.246911037636872,7.8,,-0.5530889623631277,,20,0.5169081764108826,0.736477820367651
ruhl,183,Ecuador2016,7.246911037636872,7.8,,-0.5530889623631277,,20,0.5169081764108826,0.736477820367651
ruhl,184,Ecuador2016,7.246911037636872,7.8,,-0.5530889623631277,,20,0.5169081764108826,0.736477820367651
ruhl,185,Ecuador2016,7.246911037636872,7.8,,-0.5530889623631277,,20,0.5169081764108826,0.736477820367651
ruhl,186,Ecuador2016,7.246911037636872,7.8,,-0.5530889623631277,,20,0.5169081764108826,0.736477820367651
ruhl,187,Ecuador2016,7.246911037636872,7.8,,-0.5530889623631277,,20,0.5169081764108826,0.736477820367651
ruhl,188,Ecuador2016,7.246911037636872,7.8,,-0.5530889623631277,,20,0.5169081764108826,0.736477820367651
ruhl,189,Ecuador2016,7.246911037636872,7.8,,-0.5530889623631277,,20,0.5169081764108826,0.736477820367651
ruhl,190,Ecuador2016,7.246911037636872,7.8,,-0.5530889623631277,,20,0.5169081764108826,0.736477820367651
ruhl,191,Ecuador2016,7.246911037636872,7.8,,-0.5530889623631277,,20,0.5169081764108826,0.736477820367651
ruhl,192,Ecuador2016,7.246911037636872,7.8,,-0.5530889623631277,,20,0.5169081764108826,0.736477820367651
ruhl,193,Ecuador2016,7.246911037636872,7.8,,-0.5530889623631277,,20,0.5169081764108826,0.736477820367651
ruhl,194,Ecuador2016,7.246911037636872,7.8,,-0.5530889623631277,,20,0.5169081764108826,0.736477820367651
ruhl,195,Ecuador2016,7.246911037636872,7.8,,-0.5530889623631277,,20,0.5169081764108826,0.736477820367651
ruhl,196,Ecuador2016,7.246911037636872,7.8,,-0.5530889623631277,,20,0.5169081764108826,0.736477820367651
ruhl,197,Ecuador2016,7.246911037636872,7.8,,-0.5530889623631277,,20,0.5169081764108826,0.736477820367651
ruhl,198,Ecuador2016,7.246911037636872,7.8,,-0.5530889623631277,,20,0.5169081764108826,0.736477820367651
ruhl,199,Ecuador2016,7.246911037636872,7.8,,-0.5530889623631277,,20,0.5169081764108826,0.736477820367651
ruhl,200,Ecuador2016,7.246911037636872,7.8,,-0.5530889623631277,,20,0.5169081764108826,0.736477820367651
crowell,1,Napa2014,5.903958229246266,6.02,,-0.1160417707537337,,28,0.4986610990096217,0.7441385848546354
crowell,2,Napa2014,5.903958229246266,6.02,,-0.1160417707537337,,28,0.5239950077098526,0.7453202670625183
crowell,3,Napa2014,5.945177109360135,6.02,,-0.0748228906398642,,28,0.5279810643453158,0.7958600485538616
crowell,4,Napa2014,6.167949591101975,6.02,,0.147949591101975,,28,0.5356983799151251,0.8240294372993393
crowell,5,Napa2014,6.1736061972086205,6.02,,0.1536061972086209,,28,0.5084638622894834,0.8578605766918033
crowell,6,Napa2014,6.178766319637839,6.02,,0.1587663196378397,,28,0.4597830774308141,0.8355047383635128
crowell,7,Napa2014,6.19325998061862,6.02,,0.1732599806186208,,28,0.4383793463692734,0.8035124589469858
crowell,8,Napa2014,6.265528705367599,6.02,,0.2455287053675992,,28,0.4228508287548465,0.7705476360265608
crowell,9,Napa2014,6.322316646013395,6.02,,0.302316646013395,,28,0.3892908459433197,0.6780455689690559
crowell,10,Napa2014,6.330427682859147,6.02,,0.3104276828591477,,28,0.3752404098147268,0.6111797094972546
crowell,11,Napa2014,6.358214142533775,6.02,,0.3382141425337757,,28,0.3557436341434624,0.606401832652316
crowell,12,Napa2014,6.389601190571062,6.02,,0.3696011905710623,,28,0.344792061779361,0.6106745744459925
crowell,13,Napa2014,6.419877489951708,6.02,,0.3998774899517086,,28,0.3419975522569046,0.5924684244992262
crowell,14,Napa2014,6.444067213467024,6.02,,0.4240672134670245,,28,0.3473957465856773,0.6073409436469381
crowell,15,Napa2014,6.444067213467024,6.02,,0.4240672134670245,,28,0.3516129522001036,0.6060355931807129
crowell,16,Napa2014,6.444067213467024,6.02,,0.4240672134670245,,28,0.3524094770902071,0.6060355931807129
crowell,17,Napa2014,6.444067213467024,6.02,,0.4240672134670245,,28,0.3524063118392317,0.6060355931807129
crowell,18,Napa2014,6.444067213467024,6.02,,0.4240672134670245,,28,0.3626964769532729,0.656889330606762
crowell,19,Napa2014,6.444067213467024,6.02,,0.4240672134670245,,28,0.3703525839850959,0.6510714351357274
crowell,20,Napa2014,6.444067213467024,6.02,,0.4240672134670245,,28,0.371890490726273,0.6553748315198735
crowell,21,Napa2014,6.444067213467024,6.02,,0.4240672134670245,,28,0.377374493882072,0.752392847144403
crowell,22,Napa2014,6.444067213467024,6.02,,0.4240672134670245,,28,0.388781058167636,0.783472547350498
crowell,23,Napa2014,6.444067213467024,6.02,,0.4240672134670245,,28,0.3923342932440007,0.7947909261417951
crowell,24,Napa2014,6.471400472902641,6.02,,0.451400472902641,,28,0.3875485938428747,0.7235652954389442
crowell,25,Napa2014,6.471400472902641,6.02,,0.451400472902641,,28,0.3820492301618741,0.7176941438904052
crowell,26,Napa2014,6.471400472902641,6.02,,0.451400472902641,,28,0.378649724465646,0.6625295771017949
crowell,27,Napa2014,6.524356752708,6.02,,0.5043567527080004,,28,0.3809550573214041,0.6625295771017949
crowell,28,Napa2014,6.545523039144797,6.02,,0.5255230391447974,,28,0.3860622252082748,0.6625295771017949
crowell,29,Napa2014,6.553317982151952,6.02,,0.533317982151952,,28,0.3884880494850976,0.6931400448355314
crowell,30,Napa2014,6.553317982151952,6.02,,0.533317982151952,,28,0.389139183641724,0.7008062165610305
crowell,31,Napa2014,6.553317982151952,6.02,,0.533317982151952,,28,0.3910264660240827,0.7008062165610305
crowell,32,Napa2014,6.553317982151952,6.02,,0.533317982151952,,28,0.3927146481364295,0.7179453101774227
crowell,33,Napa2014,6.553317982151952,6.02,,0.533317982151952,,28,0.3936296077173567,0.7218390400394199
crowell,34,Napa2014,6.553317982151952,6.02,,0.533317982151952,,28,0.3965978783605938,0.727931920972547
crowell,35,Napa2014,6.553317982151952,6.02,,0.533317982151952,,28,0.402448511520195,0.7307873172221919
crowell,36,Napa2014,6.582501408720004,6.02,,0.5625014087200046,,28,0.4078079989229895,0.7360457767305695
crowell,37,Napa2014,6.582501408720004,6.02,,0.5625014087200046,,28,0.4119538164613269,0.7488273802089465
crowell,38,Napa2014,6.582501408720004,6.02,,0.5625014087200046,,28,0.4154069265730511,0.7584907409944206
crowell,39,Napa2014,6.582501408720004,6.02,,0.5625014087200046,,28,0.4184640262289534,0.75832207681459
crowell,40,Napa2014,6.611283499748179,6.02,,0.5912834997481795,,28,0.4178435287623713,0.7573948931454648
crowell,41,Napa2014,6.616298714347366,6.02,,0.5962987143473661,,28,0.4194254516886257,0.757661385097923
crowell,42,Napa2014,6.616298714347366,6.02,,0.5962987143473661,,28,0.4223162732555101,0.7763287672137364
crowell,43,Napa2014,6.616298714347366,6.02,,0.5962987143473661,,28,0.4270649448914561,0.7837551391086865
crowell,44,Napa2014,6.616298714347366,6.02,,0.5962987143473661,,28,0.429660060653744,0.7820355203130367
crowell,45,Napa2014,6.6423742931219,6.02,,0.6223742931219007,,28,0.4297978932215027,0.7325804406583858
crowell,46,Napa2014,6.6423742931219,6.02,,0.6223742931219007,,28,0.4320011816824712,0.7325804406583858
crowell,47,Napa2014,6.6423742931219,6.02,,0.6223742931219007,,28,0.4350348898237253,0.7325804406583858
crowell,48,Napa2014,6.6423742931219,6.02,,0.6223742931219007,,28,0.4383850532861386,0.7203055580490121
crowell,49,Napa2014,6.6423742931219,6.02,,0.6223742931219007,,28,0.4425274299837837,0.7203055580490121
crowell,50,Napa2014,6.6423742931219,6.02,,0.6223742931219007,,28,0.4460316191479337,0.7214723300531825
crowell,51,Napa2014,6.6423742931219,6.02,,0.6223742931219007,,28,0.447848153084508,0.7245548134637687
crowell,52,Napa2014,6.6423742931219,6.02,,0.6223742931219007,,28,0.4484239065715895,0.7245548134637687
crowell,53,Napa2014,6.6423742931219,6.02,,0.6223742931219007,,28,0.4485307452478069,0.7245548134637687
crowell,54,Napa2014,6.6423742931219,6.02,,0.6223742931219007,,28,0.4496427812193699,0.7280132514351196
crowell,55,Napa2014,6.6423742931219,6.02,,0.6223742931219007,,28,0.4530300452192719,0.7468716628544074
crowell,56,Napa2014,6.6423742931219,6.02,,0.6223742931219007,,28,0.45728767718484,0.748631304326449
crowell,57,Napa2014,6.6423742931219,6.02,,0.6223742931219007,,28,0.4569554355054252,0.7332689467943867
crowell,58,Napa2014,6.6423742931219,6.02,,0.6223742931219007,,28,0.455514680223136,0.7332689467943867
crowell,59,Napa2014,6.6423742931219,6.02,,0.6223742931219007,,28,0.457437235446827,0.7336604926143284
crowell,60,Napa2014,6.6423742931219,6.02,,0.6223742931219007,,28,0.4618629188927576,0.7376333937093662
crowell,61,Napa2014,6.646736112629235,6.02,,0.626736112629235,,28,0.4705658219529633,0.7456430181730767
crowell,62,Napa2014,6.646736112629235,6.02,,0.626736112629235,,28,0.4757194399934667,0.7678198775372609
crowell,63,Napa2014,6.646736112629235,6.02,,0.626736112629235,,28,0.4777519443517257,0.7766139318010135
crowell,64,Napa2014,6.646736112629235,6.02,,0.626736112629235,,28,0.4777519443517257,0.7766139318010135
crowell,65,Napa2014,6.653400807297576,6.02,,0.6334008072975763,,28,0.477693082323905,0.7766139318010135
crowell,66,Napa2014,6.67410036908243,6.02,,0.6541003690824301,,28,0.4780940889193733,0.7783479938106455
crowell,67,Napa2014,6.67410036908243,6.02,,0.6541003690824301,,28,0.4799949556649166,0.7824149130784459
crowell,68,Napa2014,6.67410036908243,6.02,,0.6541003690824301,,28,0.477387517407794,0.7721855691734039
crowell,69,Napa2014,6.67410036908243,6.02,,0.6541003690824301,,28,0.4775939055220462,0.762734065370652
crowell,70,Napa2014,6.67410036908243,6.02,,0.6541003690824301,,28,0.4808755705734869,0.7586857532883977
crowell,71,Napa2014,6.67410036908243,6.02,,0.6541003690824301,,28,0.4823745697004922,0.748854572290016
crowell,72,Napa2014,6.6797408690845455,6.02,,0.6597408690845459,,28,0.48262758711733,0.7265790627022284
crowell,73,Napa2014,6.710395818775746,6.02,,0.6903958187757464,,28,0.4834187735611323,0.7265790627022284
crowell,74,Napa2014,6.710395818775746,6.02,,0.6903958187757464,,28,0.4833415569330148,0.7265790627022284
crowell,75,Napa2014,6.710395818775746,6.02,,0.6903958187757464,,28,0.4821856011049045,0.7265790627022284
crowell,76,Napa2014,6.710395818775746,6.02,,0.6903958187757464,,28,0.4819012885945411,0.7265790627022284
crowell,77,Napa2014,6.710395818775746,6.02,,0.6903958187757464,,28,0.4819012885945411,0.7265790627022284
crowell,78,Napa2014,6.710395818775746,6.02,,0.6903958187757464,,28,0.4819012885945411,0.7265790627022284
crowell,79,Napa2014,6.710395818775746,6.02,,0.6903958187757464,,28,0.4819012885945411,0.7265790627022284
crowell,80,Napa2014,6.710395818775746,6.02,,0.6903958187757464,,28,0.4822153735953457,0.7265790627022284
crowell,81,Napa2014,6.710395818775746,6.02,,0.6903958187757464,,28,0.482315491402709,0.7265790627022284
crowell,82,Napa2014,6.710395818775746,6.02,,0.6903958187757464,,28,0.4818891005005257,0.7265790627022284
crowell,83,Napa2014,6.710395818775746,6.02,,0.6903958187757464,,28,0.4814679987195074,0.7265790627022284
crowell,84,Napa2014,6.710395818775746,6.02,,0.6903958187757464,,28,0.4813573364159398,0.7265790627022284
crowell,85,Napa2014,6.710395818775746,6.02,,0.6903958187757464,,28,0.4814469496703901,0.7265790627022284
crowell,86,Napa2014,6.710395818775746,6.02,,0.6903958187757464,,28,0.481053516729807,0.7265790627022284
crowell,87,Napa2014,6.710395818775746,6.02,,0.6903958187757464,,28,0.4818495547748853,0.7265790627022284
crowell,88,Napa2014,6.710395818775746,6.02,,0.6903958187757464,,28,0.4823848578345246,0.7265790627022284
crowell,89,Napa2014,6.710395818775746,6.02,,0.6903958187757464,,28,0.4834559813099416,0.7265790627022284
crowell,90,Napa2014,6.710395818775746,6.02,,0.6903958187757464,,28,0.4853035055299599,0.7265790627022284
crowell,91,Napa2014,6.710395818775746,6.02,,0.6903958187757464,,28,0.4855205508767116,0.7265790627022284
crowell,92,Napa2014,6.710395818775746,6.02,,0.6903958187757464,,28,0.4850394690669317,0.7265790627022284
crowell,93,Napa2014,6.710395818775746,6.02,,0.6903958187757464,,28,0.4863462062254099,0.7265790627022284
crowell,94,Napa2014,6.710395818775746,6.02,,0.6903958187757464,,28,0.4877648518936919,0.7265790627022284
crowell,95,Napa2014,6.727506195449044,6.02,,0.707506195449044,,28,0.4882026652319919,0.7265790627022284
crowell,96,Napa2014,6.732804156889904,6.02,,0.712804156889904,,28,0.4874998573165017,0.7265790627022284
crowell,97,Napa2014,6.737721608645828,6.02,,0.717721608645828,,28,0.4869519346669346,0.7265790627022284
crowell,98,Napa2014,6.768021445694421,6.02,,0.7480214456944214,,28,0.487010011737662,0.7265790627022284
crowell,99,Napa2014,6.791600862507789,6.02,,0.771600862507789,,28,0.4895619481045767,0.7265790627022284
crowell,100,Napa2014,6.804594272657551,6.02,,0.784594272657551,,28,0.4916160013023307,0.7265790627022284
crowell,101,Napa2014,6.816386312503563,6.02,,0.7963863125035635,,28,0.4928005520755586,0.7265790627022284
crowell,102,Napa2014,6.831708449879929,6.02,,0.8117084498799292,,28,0.4926572131501482,0.7265790627022284
crowell,103,Napa2014,6.857895420140485,6.02,,0.8378954201404856,,28,0.491152061808621,0.7265790627022284
crowell,104,Napa2014,6.882896225890831,6.02,,0.8628962258908315,,28,0.4887019509080427,0.7007119207365946
crowell,105,Napa2014,6.902587092381344,6.02,,0.8825870923813444,,28,0.489007184096375,0.6912033511614055
crowell,106,Napa2014,6.902587092381344,6.02,,0.8825870923813444,,28,0.4902420094349265,0.6912033511614055
crowell,107,Napa2014,6.902587092381344,6.02,,0.8825870923813444,,28,0.4912584898465429,0.6912033511614055
crowell,108,Napa2014,6.902587092381344,6.02,,0.8825870923813444,,28,0.4915436375063946,0.6930326333279888
crowell,109,Napa2014,6.902587092381344,6.02,,0.8825870923813444,,28,0.4918303389230259,0.69730634990864
crowell,110,Napa2014,6.908380443627164,6.02,,0.8883804436271641,,28,0.4915833820461512,0.6807256953374754
crowell,111,Napa2014,6.908380443627164,6.02,,0.8883804436271641,,28,0.4920317174344905,0.6777339212936493
crowell,112,Napa2014,6.908380443627164,6.02,,0.8883804436271641,,28,0.4925821113555651,0.6777339212936493
crowell,113,Napa2014,6.908380443627164,6.02,,0.8883804436271641,,28,0.4926566824323714,0.6665480356485673
crowell,114,Napa2014,6.908380443627164,6.02,,0.8883804436271641,,28,0.493870283249749,0.6734855600802057
crowell,115,Napa2014,6.908380443627164,6.02,,0.8883804436271641,,28,0.4951737703970507,0.7054614701239732
crowell,116,Napa2014,6.908380443627164,6.02,,0.8883804436271641,,28,0.4952095685423247,0.7054614701239732
crowell,117,Napa2014,6.908380443627164,6.02,,0.8883804436271641,,28,0.494824671894006,0.7054614701239732
crowell,118,Napa2014,6.908380443627164,6.02,,0.8883804436271641,,28,0.494824671894006,0.7054614701239732
crowell,119,Napa2014,6.908380443627164,6.02,,0.8883804436271641,,28,0.494824671894006,0.7054614701239732
crowell,120,Napa2014,6.908380443627164,6.02,,0.8883804436271641,,28,0.494824671894006,0.7054614701239732
crowell,121,Napa2014,6.908380443627164,6.02,,0.8883804436271641,,28,0.494824671894006,0.7054614701239732
crowell,122,Napa2014,6.908380443627164,6.02,,0.8883804436271641,,28,0.494824671894006,0.7054614701239732
crowell,123,Napa2014,6.908380443627164,6.02,,0.8883804436271641,,28,0.494824671894006,0.7054614701239732
crowell,124,Napa2014,6.908380443627164,6.02,,0.8883804436271641,,28,0.494824671894006,0.7054614701239732
crowell,125,Napa2014,6.908380443627164,6.02,,0.8883804436271641,,28,0.4949263302634145,0.7085296231651057
crowell,126,Napa2014,6.908380443627164,6.02,,0.8883804436271641,,28,0.4956919847132404,0.714383561993734
crowell,127,Napa2014,6.908380443627164,6.02,,0.8883804436271641,,28,0.4963865601465104,0.7154346021448266
crowell,128,Napa2014,6.908380443627164,6.02,,0.8883804436271641,,28,0.4966422952266764,0.7154346021448266
crowell,129,Napa2014,6.908380443627164,6.02,,0.8883804436271641,,28,0.4966579555003536,0.7154346021448266
crowell,130,Napa2014,6.908380443627164,6.02,,0.8883804436271641,,28,0.4969838610511446,0.7154346021448266
crowell,131,Napa2014,6.908380443627164,6.02,,0.8883804436271641,,28,0.4973330598786228,0.7154346021448266
crowell,132,Napa2014,6.908380443627164,6.02,,0.8883804436271641,,28,0.4978888398423762,0.7154346021448266
crowell,133,Napa2014,6.908380443627164,6.02,,0.8883804436271641,,28,0.4985812377286844,0.7154346021448266
crowell,134,Napa2014,6.908380443627164,6.02,,0.8883804436271641,,28,0.4988336262683224,0.7154346021448266
crowell,135,Napa2014,6.908380443627164,6.02,,0.8883804436271641,,28,0.4991154374412451,0.7154346021448266
crowell,136,Napa2014,6.908380443627164,6.02,,0.8883804436271641,,28,0.499504181509153,0.7154346021448266
crowell,137,Napa2014,6.908380443627164,6.02,,0.8883804436271641,,28,0.4997905135050723,0.7154346021448266
crowell,138,Napa2014,6.908380443627164,6.02,,0.8883804436271641,,28,0.499848928860054,0.7154346021448266
crowell,139,Napa2014,6.908380443627164,6.02,,0.8883804436271641,,28,0.4999549991298335,0.7154346021448266
crowell,140,Napa2014,6.908380443627164,6.02,,0.8883804436271641,,28,0.50003918250214,0.7154346021448266
crowell,141,Napa2014,6.908380443627164,6.02,,0.8883804436271641,,28,0.5099332718134293,0.7359577959347989
crowell,142,Napa2014,6.908380443627164,6.02,,0.8883804436271641,,28,0.5226827704745965,0.7359577959347989
crowell,143,Napa2014,6.908380443627164,6.02,,0.8883804436271641,,28,0.5267497054776684,0.7359577959347989
crowell,144,Napa2014,6.908380443627164,6.02,,0.8883804436271641,,28,0.5268575951979917,0.7359577959347989
crowell,145,Napa2014,6.908380443627164,6.02,,0.8883804436271641,,28,0.5268575951979917,0.7359577959347989
crowell,146,Napa2014,6.908380443627164,6.02,,0.8883804436271641,,28,0.5268063447100241,0.7355798486831162
crowell,147,Napa2014,6.908380443627164,6.02,,0.8883804436271641,,28,0.5268063447100241,0.7355798486831162
crowell,148,Napa2014,6.908380443627164,6.02,,0.8883804436271641,,28,0.5270032507264488,0.7355798486831162
crowell,149,Napa2014,6.908380443627164,6.02,,0.8883804436271641,,28,0.5270032507264488,0.7355798486831162
crowell,150,Napa2014,6.908380443627164,6.02,,0.8883804436271641,,28,0.5270032507264488,0.7355798486831162
crowell,151,Napa2014,6.908380443627164,6.02,,0.8883804436271641,,28,0.5270032507264488,0.7355798486831162
crowell,152,Napa2014,6.908380443627164,6.02,,0.8883804436271641,,28,0.5270032507264488,0.7355798486831162
crowell,153,Napa2014,6.908380443627164,6.02,,0.8883804436271641,,28,0.5270032507264488,0.7355798486831162
crowell,154,Napa2014,6.908380443627164,6.02,,0.8883804436271641,,28,0.5269529328717847,0.7355798486831162
crowell,155,Napa2014,6.908380443627164,6.02,,0.8883804436271641,,28,0.5265142133414151,0.7355798486831162
crowell,156,Napa2014,6.908380443627164,6.02,,0.8883804436271641,,28,0.5264498783281292,0.7355798486831162
crowell,157,Napa2014,6.908380443627164,6.02,,0.8883804436271641,,28,0.5266337989330931,0.7355798486831162
crowell,158,Napa2014,6.908380443627164,6.02,,0.8883804436271641,,28,0.5268164396434661,0.7355798486831162
crowell,159,Napa2014,6.908380443627164,6.02,,0.8883804436271641,,28,0.5269187177485786,0.7355798486831162
crowell,160,Napa2014,6.908380443627164,6.02,,0.8883804436271641,,28,0.527434754633049,0.7398461659574256
crowell,161,Napa2014,6.908380443627164,6.02,,0.8883804436271641,,28,0.5283582484604428,0.7453754611042838
crowell,162,Napa2014,6.908380443627164,6.02,,0.8883804436271641,,28,0.529053442718856,0.7453754611042838
crowell,163,Napa2014,6.908380443627164,6.02,,0.8883804436271641,,28,0.5292447395942181,0.7453754611042838
crowell,164,Napa2014,6.908380443627164,6.02,,0.8883804436271641,,28,0.5327136927640489,0.7453754611042838
crowell,165,Napa2014,6.908380443627164,6.02,,0.8883804436271641,,28,0.5375679568104569,0.7532366932142001
crowell,166,Napa2014,6.908380443627164,6.02,,0.8883804436271641,,28,0.5399226033684713,0.7578803444813218
crowell,167,Napa2014,6.914666914794169,6.02,,0.8946669147941693,,28,0.5401942185779387,0.7601928288759803
crowell,168,Napa2014,6.914666914794169,6.02,,0.8946669147941693,,28,0.5404812829001019,0.7631337834767553
crowell,169,Napa2014,6.914666914794169,6.02,,0.8946669147941693,,28,0.5405462846426254,0.7637876600960478
crowell,170,Napa2014,6.914666914794169,6.02,,0.8946669147941693,,28,0.5405462846426254,0.7637876600960478
crowell,171,Napa2014,6.914666914794169,6.02,,0.8946669147941693,,28,0.5405462846426254,0.7637876600960478
crowell,172,Napa2014,6.914666914794169,6.02,,0.8946669147941693,,28,0.5405462846426254,0.7637876600960478
crowell,173,Napa2014,6.914666914794169,6.02,,0.8946669147941693,,28,0.5405462846426254,0.7637876600960478
crowell,174,Napa2014,6.914666914794169,6.02,,0.8946669147941693,,28,0.5405462846426254,0.7637876600960478
crowell,175,Napa2014,6.914666914794169,6.02,,0.8946669147941693,,28,0.5405462846426254,0.7637876600960478
crowell,176,Napa2014,6.914666914794169,6.02,,0.8946669147941693,,28,0.5405462846426254,0.7637876600960478
crowell,177,Napa2014,6.914666914794169,6.02,,0.8946669147941693,,28,0.5405462846426254,0.7637876600960478
crowell,178,Napa2014,6.914666914794169,6.02,,0.8946669147941693,,28,0.5405462846426254,0.7637876600960478
crowell,179,Napa2014,6.914666914794169,6.02,,0.8946669147941693,,28,0.5405462846426254,0.7637876600960478
crowell,180,Napa2014,6.914666914794169,6.02,,0.8946669147941693,,28,0.5405462846426254,0.7637876600960478
crowell,181,Napa2014,6.914666914794169,6.02,,0.8946669147941693,,28,0.5405462846426254,0.7637876600960478
crowell,182,Napa2014,6.914666914794169,6.02,,0.8946669147941693,,28,0.5405462846426254,0.7637876600960478
crowell,183,Napa2014,6.914666914794169,6.02,,0.8946669147941693,,28,0.5405462846426254,0.7637876600960478
crowell,184,Napa2014,6.914666914794169,6.02,,0.8946669147941693,,28,0.5427403887131713,0.7637876600960478
crowell,185,Napa2014,6.914666914794169,6.02,,0.8946669147941693,,28,0.5460694439752453,0.7637876600960478
crowell,186,Napa2014,6.914666914794169,6.02,,0.8946669147941693,,28,0.5479754451654356,0.7637876600960478
crowell,187,Napa2014,6.914666914794169,6.02,,0.8946669147941693,,28,0.5479754451654356,0.7637876600960478
crowell,188,Napa2014,6.914666914794169,6.02,,0.8946669147941693,,28,0.5479754451654356,0.7637876600960478
crowell,189,Napa2014,6.914666914794169,6.02,,0.8946669147941693,,28,0.5478393682335069,0.7637876600960478
crowell,190,Napa2014,6.914666914794169,6.02,,0.8946669147941693,,28,0.5476367296202903,0.7637876600960478
crowell,191,Napa2014,6.914666914794169,6.02,,0.8946669147941693,,28,0.5479919949844709,0.7637876600960478
crowell,192,Napa2014,6.914666914794169,6.02,,0.8946669147941693,,28,0.5477480183511131,0.7637876600960478
crowell,193,Napa2014,6.914666914794169,6.02,,0.8946669147941693,,28,0.5477480183511131,0.7637876600960478
crowell,194,Napa2014,6.914666914794169,6.02,,0.8946669147941693,,28,0.5477480183511131,0.7637876600960478
crowell,195,Napa2014,6.914666914794169,6.02,,0.8946669147941693,,28,0.5477480183511131,0.7637876600960478
crowell,196,Napa2014,6.914666914794169,6.02,,0.8946669147941693,,28,0.54757021803174,0.7637876600960478
crowell,197,Napa2014,6.914666914794169,6.02,,0.8946669147941693,,28,0.5474270833027476,0.7637876600960478
crowell,198,Napa2014,6.914666914794169,6.02,,0.8946669147941693,,28,0.5474270833027476,0.7637876600960478
crowell,199,Napa2014,6.914666914794169,6.02,,0.8946669147941693,,28,0.5474270833027476,0.7637876600960478
crowell,200,Napa2014,6.914666914794169,6.02,,0.8946669147941693,,28,0.5474270833027476,0.7637876600960478
direct,1,Napa2014,7.168991804122925,6.019999980926514,6.180860996246338,1.1489918231964111,0.9881308078765868,28,0.3777062190850538,0.6033236980438232
direct,2,Napa2014,7.646905422210693,6.019999980926514,6.180860996246338,1.6269054412841797,1.4660444259643557,28,0.4082658340909745,0.6326267719268799
direct,3,Napa2014,7.530262231826782,6.019999980926514,6.180860996246338,1.5102622509002686,1.3494012355804443,28,0.3365545830345464,0.529678463935852
direct,4,Napa2014,7.544049024581909,6.019999980926514,6.180860996246338,1.5240490436553955,1.3631880283355713,28,0.3440112740490911,0.5415480136871338
direct,5,Napa2014,7.517147779464722,6.019999980926514,6.180860996246338,1.497147798538208,1.3362867832183838,28,0.3273504236607341,0.5178484916687012
direct,6,Napa2014,7.465751886367798,6.019999980926514,6.180860996246338,1.4457519054412842,1.28489089012146,28,0.3593909169766148,0.5638763904571533
direct,7,Napa2014,7.4934306144714355,6.019999980926514,6.180860996246338,1.473430633544922,1.3125696182250977,28,0.3849814408104469,0.592131495475769
direct,8,Napa2014,7.411142587661743,6.019999980926514,6.180860996246338,1.3911426067352295,1.2302815914154053,28,0.3986321816540818,0.6224067211151123
direct,9,Napa2014,7.326878309249878,6.019999980926514,6.180860996246338,1.3068783283233645,1.14601731300354,28,0.395388914857253,0.6139949560165405
direct,10,Napa2014,7.247350931167602,6.019999980926514,6.180860996246338,1.2273509502410889,1.0664899349212646,28,0.3922818826215313,0.597969651222229
direct,11,Napa2014,7.338855743408203,6.019999980926514,6.180860996246338,1.3188557624816897,1.1579947471618652,28,0.3893253588213137,0.625764012336731
direct,12,Napa2014,7.2935614585876465,6.019999980926514,6.180860996246338,1.2735614776611328,1.1127004623413086,28,0.389421735782735,0.6078455448150635
direct,13,Napa2014,7.272695541381836,6.019999980926514,6.180860996246338,1.2526955604553225,1.091834545135498,28,0.3753745582396471,0.5603821277618408
direct,14,Napa2014,7.221702814102173,6.019999980926514,6.180860996246338,1.2017028331756592,1.040841817855835,28,0.3729107359767952,0.5730156898498535
direct,15,Napa2014,7.21400785446167,6.019999980926514,6.180860996246338,1.1940078735351562,1.033146858215332,28,0.3806561378662561,0.5919790267944336
direct,16,Napa2014,7.156864881515503,6.019999980926514,6.180860996246338,1.1368649005889893,0.976003885269165,28,0.3822811924507133,0.5622209310531616
direct,17,Napa2014,7.306286096572876,6.019999980926514,6.180860996246338,1.2862861156463623,1.125425100326538,28,0.3951197750077589,0.6288230419158936
direct,18,Napa2014,7.272627592086792,6.019999980926514,6.180860996246338,1.2526276111602783,1.091766595840454,28,0.40020154765511,0.6239925622940063
direct,19,Napa2014,7.256794691085815,6.019999980926514,6.180860996246338,1.2367947101593018,1.0759336948394775,28,0.4036604981686646,0.6449884176254272
direct,20,Napa2014,7.208330392837524,6.019999980926514,6.180860996246338,1.1883304119110107,1.0274693965911863,28,0.4070361206286595,0.6276950836181641
direct,21,Napa2014,7.245176315307617,6.019999980926514,6.180860996246338,1.2251763343811035,1.0643153190612793,28,0.4269330335028864,0.6442012786865234
direct,22,Napa2014,7.236326456069946,6.019999980926514,6.180860996246338,1.2163264751434326,1.0554654598236084,28,0.435523765081184,0.620453953742981
direct,23,Napa2014,7.2074339389801025,6.019999980926514,6.180860996246338,1.1874339580535889,1.0265729427337646,28,0.4421732471412303,0.5962653160095215
direct,24,Napa2014,7.1810221672058105,6.019999980926514,6.180860996246338,1.1610221862792969,1.0001611709594729,28,0.4509606657103769,0.5819917917251587
direct,25,Napa2014,7.1582465171813965,6.019999980926514,6.180860996246338,1.1382465362548828,0.9773855209350586,28,0.4534279142796606,0.580925703048706
direct,26,Napa2014,7.14864182472229,6.019999980926514,6.180860996246338,1.1286418437957764,0.967780828475952,28,0.4559366103043221,0.5987319946289062
direct,27,Napa2014,7.1309027671813965,6.019999980926514,6.180860996246338,1.1109027862548828,0.9500417709350586,28,0.4526952228950806,0.5918196439743042
direct,28,Napa2014,7.097836256027222,6.019999980926514,6.180860996246338,1.077836275100708,0.9169752597808838,28,0.4592562797241559,0.6101224422454834
direct,29,Napa2014,7.038727045059204,6.019999980926514,6.180860996246338,1.0187270641326904,0.8578660488128662,28,0.4585743241555236,0.6407772302627563
direct,30,Napa2014,6.989195108413696,6.019999980926514,6.180860996246338,0.9691951274871826,0.8083341121673584,28,0.4598014438835495,0.6504522562026978
direct,31,Napa2014,6.967096567153931,6.019999980926514,6.180860996246338,0.947096586227417,0.7862355709075928,28,0.4618416448922132,0.6517530679702759
direct,32,Napa2014,6.962111234664917,6.019999980926514,6.180860996246338,0.9421112537384032,0.7812502384185791,28,0.4646520343666873,0.646743893623352
direct,33,Napa2014,6.99902868270874,6.019999980926514,6.180860996246338,0.9790287017822266,0.8181676864624023,28,0.4792159308774413,0.660279393196106
direct,34,Napa2014,7.021228790283203,6.019999980926514,6.180860996246338,1.0012288093566897,0.8403677940368652,28,0.4938902485182065,0.6819562911987305
direct,35,Napa2014,7.039216041564941,6.019999980926514,6.180860996246338,1.0192160606384275,0.8583550453186035,28,0.5017662557947904,0.706843376159668
direct,36,Napa2014,7.037781476974487,6.019999980926514,6.180860996246338,1.0177814960479736,0.8569204807281494,28,0.5105380316076094,0.7405709028244019
direct,37,Napa2014,7.08182168006897,6.019999980926514,6.180860996246338,1.061821699142456,0.9009606838226318,28,0.5113413593535778,0.7937211990356445
direct,38,Napa2014,7.123728036880493,6.019999980926514,6.180860996246338,1.1037280559539795,0.9428670406341552,28,0.5098741714471853,0.7857712507247925
direct,39,Napa2014,7.131141901016235,6.019999980926514,6.180860996246338,1.1111419200897217,0.9502809047698976,28,0.5126398564191242,0.7726176977157593
direct,40,Napa2014,7.133688688278198,6.019999980926514,6.180860996246338,1.1136887073516846,0.9528276920318604,28,0.5201691184154122,0.8191719055175781
direct,41,Napa2014,7.148459911346436,6.019999980926514,6.180860996246338,1.128459930419922,0.9675989151000975,28,0.5119713016581586,0.8165239095687866
direct,42,Napa2014,7.146096706390381,6.019999980926514,6.180860996246338,1.1260967254638672,0.965235710144043,28,0.5027648915003294,0.771012544631958
direct,43,Napa2014,7.146871089935303,6.019999980926514,6.180860996246338,1.126871109008789,0.9660100936889648,28,0.4977881216547061,0.7663247585296631
direct,44,Napa2014,7.138981103897095,6.019999980926514,6.180860996246338,1.118981122970581,0.9581201076507568,28,0.497877123646525,0.8043427467346191
direct,45,Napa2014,7.134330987930298,6.019999980926514,6.180860996246338,1.1143310070037842,0.95346999168396,28,0.5006690658671662,0.7848155498504639
direct,46,Napa2014,7.117024898529053,6.019999980926514,6.180860996246338,1.097024917602539,0.9361639022827148,28,0.5017608201144362,0.77191162109375
direct,47,Napa2014,7.090105056762695,6.019999980926514,6.180860996246338,1.0701050758361816,0.9092440605163574,28,0.5035942645127977,0.7723140716552734
direct,48,Napa2014,7.057083368301392,6.019999980926514,6.180860996246338,1.037083387374878,0.8762223720550537,28,0.5071812229698558,0.7692328691482544
direct,49,Napa2014,7.026022672653198,6.019999980926514,6.180860996246338,1.0060226917266846,0.8451616764068604,28,0.508710105484605,0.7694985866546631
direct,50,Napa2014,6.999201059341431,6.019999980926514,6.180860996246338,0.979201078414917,0.8183400630950928,28,0.5111648231678495,0.7823156118392944
direct,51,Napa2014,6.976356744766235,6.019999980926514,6.180860996246338,0.9563567638397216,0.7954957485198975,28,0.5114113984145541,0.7858792543411255
direct,52,Napa2014,6.956125497817993,6.019999980926514,6.180860996246338,0.9361255168914796,0.7752645015716553,28,0.5080649859907905,0.7788240909576416
direct,53,Napa2014,6.94156289100647,6.019999980926514,6.180860996246338,0.921562910079956,0.7607018947601318,28,0.5036467630288793,0.7588108777999878
direct,54,Napa2014,6.922933578491211,6.019999980926514,6.180860996246338,0.9029335975646972,0.742072582244873,28,0.5001447328071871,0.7315276861190796
direct,55,Napa2014,6.906249523162842,6.019999980926514,6.180860996246338,0.8862495422363281,0.7253885269165039,28,0.4970055738780061,0.7305517196655273
direct,56,Napa2014,6.889552116394043,6.019999980926514,6.180860996246338,0.8695521354675293,0.7086911201477051,28,0.4934252233100513,0.7141658067703247
direct,57,Napa2014,6.884326934814453,6.019999980926514,6.180860996246338,0.8643269538879395,0.7034659385681152,28,0.4889322873869993,0.6994831562042236
direct,58,Napa2014,6.8903632164001465,6.019999980926514,6.180860996246338,0.8703632354736328,0.7095022201538086,28,0.4847177863922436,0.6904370784759521
direct,59,Napa2014,6.928461074829102,6.019999980926514,6.180860996246338,0.908461093902588,0.7476000785827637,28,0.4818427741759051,0.6958575248718262
direct,60,Napa2014,6.946554183959961,6.019999980926514,6.180860996246338,0.9265542030334472,0.765693187713623,28,0.4830883409158273,0.7011953592300415
direct,61,Napa2014,6.9640631675720215,6.019999980926514,6.180860996246338,0.9440631866455078,0.7832021713256836,28,0.4863516118498972,0.6909220218658447
direct,62,Napa2014,6.970415115356445,6.019999980926514,6.180860996246338,0.9504151344299316,0.7895541191101074,28,0.4875701994523506,0.6697595119476318
direct,63,Napa2014,6.9580793380737305,6.019999980926514,6.180860996246338,0.9380793571472168,0.7772183418273926,28,0.4920772019379927,0.6964870691299438
direct,64,Napa2014,6.9345762729644775,6.019999980926514,6.180860996246338,0.914576292037964,0.7537152767181396,28,0.4995598399698919,0.7294473648071289
direct,65,Napa2014,6.913254499435425,6.019999980926514,6.180860996246338,0.8932545185089111,0.7323935031890869,28,0.5063264796964974,0.7384519577026367
direct,66,Napa2014,6.905969858169556,6.019999980926514,6.180860996246338,0.885969877243042,0.7251088619232178,28,0.5105354272727847,0.7381225824356079
direct,67,Napa2014,6.897094964981079,6.019999980926514,6.180860996246338,0.8770949840545654,0.7162339687347412,28,0.5130402141693927,0.7389235496520996
direct,68,Napa2014,6.904585599899292,6.019999980926514,6.180860996246338,0.8845856189727783,0.7237246036529541,28,0.5143266629578307,0.7435338497161865
direct,69,Napa2014,6.898163795471191,6.019999980926514,6.180860996246338,0.8781638145446777,0.7173027992248535,28,0.5148651735089286,0.7421541213989258
direct,70,Napa2014,6.899446725845337,6.019999980926514,6.180860996246338,0.8794467449188232,0.718585729598999,28,0.5159688650725263,0.7336028814315796
direct,71,Napa2014,6.894725322723389,6.019999980926514,6.180860996246338,0.874725341796875,0.7138643264770508,28,0.5187941743317207,0.7383962869644165
direct,72,Napa2014,6.88208794593811,6.019999980926514,6.180860996246338,0.8620879650115967,0.7012269496917725,28,0.5219054488681264,0.753287672996521
direct,73,Napa2014,6.869240045547485,6.019999980926514,6.180860996246338,0.8492400646209717,0.6883790493011475,28,0.5221589143393333,0.7694885730743408
direct,74,Napa2014,6.873129606246948,6.019999980926514,6.180860996246338,0.8531296253204346,0.6922686100006104,28,0.5216701528744735,0.7853204011917114
direct,75,Napa2014,6.879775524139404,6.019999980926514,6.180860996246338,0.8597755432128906,0.6989145278930664,28,0.5216049384017751,0.8031724691390991
direct,76,Napa2014,6.882014274597168,6.019999980926514,6.180860996246338,0.8620142936706543,0.7011532783508301,28,0.5236234264753468,0.8290902376174927
direct,77,Napa2014,6.877076625823975,6.019999980926514,6.180860996246338,0.8570766448974609,0.6962156295776367,28,0.5259770089676271,0.8506501913070679
direct,78,Napa2014,6.869257926940918,6.019999980926514,6.180860996246338,0.8492579460144043,0.6883969306945801,28,0.5275354480744513,0.8615190982818604
direct,79,Napa2014,6.8588080406188965,6.019999980926514,6.180860996246338,0.8388080596923828,0.6779470443725586,28,0.5289590520295628,0.8721860647201538
direct,80,Napa2014,6.851600885391235,6.019999980926514,6.180860996246338,0.8316009044647217,0.6707398891448975,28,0.5311651649302246,0.8879483938217163
direct,81,Napa2014,6.847045421600342,6.019999980926514,6.180860996246338,0.8270454406738281,0.6661844253540039,28,0.5323899272693349,0.8926286697387695
direct,82,Napa2014,6.845539808273315,6.019999980926514,6.180860996246338,0.8255398273468018,0.6646788120269775,28,0.5332774417689864,0.8817813396453857
direct,83,Napa2014,6.840444087982178,6.019999980926514,6.180860996246338,0.8204441070556641,0.6595830917358398,28,0.5331236348420308,0.8688837289810181
direct,84,Napa2014,6.822546720504761,6.019999980926514,6.180860996246338,0.8025467395782471,0.6416857242584229,28,0.5316101423425835,0.8514411449432373
direct,85,Napa2014,6.79996395111084,6.019999980926514,6.180860996246338,0.7799639701843262,0.619102954864502,28,0.5285202115608438,0.8321448564529419
direct,86,Napa2014,6.779897212982178,6.019999980926514,6.180860996246338,0.7598972320556641,0.5990362167358398,28,0.5245035884843886,0.8211520910263062
direct,87,Napa2014,6.760531425476074,6.019999980926514,6.180860996246338,0.7405314445495605,0.5796704292297363,28,0.520461629313589,0.8153886795043945
direct,88,Napa2014,6.751634836196899,6.019999980926514,6.180860996246338,0.7316348552703857,0.5707738399505615,28,0.5166197809841558,0.8113336563110352
direct,89,Napa2014,6.757138252258301,6.019999980926514,6.180860996246338,0.7371382713317871,0.5762772560119629,28,0.5137048681416232,0.811339259147644
direct,90,Napa2014,6.771763563156128,6.019999980926514,6.180860996246338,0.7517635822296143,0.59090256690979,28,0.5118980029519699,0.8157819509506226
direct,91,Napa2014,6.784347057342529,6.019999980926514,6.180860996246338,0.7643470764160156,0.6034860610961914,28,0.5119363227155852,0.8257590532302856
direct,92,Napa2014,6.776209831237793,6.019999980926514,6.180860996246338,0.7562098503112793,0.5953488349914551,28,0.5124080533143279,0.8386263847351074
direct,93,Napa2014,6.767613887786865,6.019999980926514,6.180860996246338,0.7476139068603516,0.5867528915405273,28,0.5124855911694156,0.8481478691101074
direct,94,Napa2014,6.760320663452148,6.019999980926514,6.180860996246338,0.7403206825256348,0.5794596672058105,28,0.5123829541572228,0.847984790802002
direct,95,Napa2014,6.7558982372283936,6.019999980926514,6.180860996246338,0.7358982563018799,0.5750372409820557,28,0.5123992184352413,0.8384389877319336
direct,96,Napa2014,6.754977703094482,6.019999980926514,6.180860996246338,0.7349777221679688,0.5741167068481445,28,0.5119154800411614,0.8228493928909302
direct,97,Napa2014,6.757646799087524,6.019999980926514,6.180860996246338,0.7376468181610107,0.5767858028411865,28,0.507104788536028,0.8092373609542847
direct,98,Napa2014,6.755911588668823,6.019999980926514,6.180860996246338,0.7359116077423096,0.5750505924224854,28,0.5012140282416052,0.788072943687439
direct,99,Napa2014,6.748384475708008,6.019999980926514,6.180860996246338,0.7283844947814941,0.5675234794616699,28,0.4975857026184029,0.7768468856811523
direct,100,Napa2014,6.742985725402832,6.019999980926514,6.180860996246338,0.7229857444763184,0.5621247291564941,28,0.4967358841662083,0.7730069160461426
direct,101,Napa2014,6.74151873588562,6.019999980926514,6.180860996246338,0.7215187549591064,0.5606577396392822,28,0.4977177892828036,0.7827421426773071
direct,102,Napa2014,6.74093770980835,6.019999980926514,6.180860996246338,0.7209377288818359,0.5600767135620117,28,0.4994716215244108,0.7912626266479492
direct,103,Napa2014,6.739271879196167,6.019999980926514,6.180860996246338,0.7192718982696533,0.5584108829498291,28,0.501066047899806,0.7966357469558716
direct,104,Napa2014,6.733961820602417,6.019999980926514,6.180860996246338,0.7139618396759033,0.5531008243560791,28,0.5024782853698523,0.791085958480835
direct,105,Napa2014,6.724107980728149,6.019999980926514,6.180860996246338,0.7041079998016357,0.5432469844818115,28,0.5023610825445862,0.8013771772384644
direct,106,Napa2014,6.719508647918701,6.019999980926514,6.180860996246338,0.6995086669921875,0.5386476516723633,28,0.5008046451328468,0.8052432537078857
direct,107,Napa2014,6.721533536911011,6.019999980926514,6.180860996246338,0.7015335559844971,0.5406725406646729,28,0.4983344455162403,0.8089706897735596
direct,108,Napa2014,6.723887205123901,6.019999980926514,6.180860996246338,0.7038872241973877,0.5430262088775635,28,0.494958618760259,0.811613917350769
direct,109,Napa2014,6.724989175796509,6.019999980926514,6.180860996246338,0.7049891948699951,0.5441281795501709,28,0.4905329605915191,0.8104453086853027
direct,110,Napa2014,6.72491979598999,6.019999980926514,6.180860996246338,0.7049198150634766,0.5440587997436523,28,0.4854660841150112,0.8074569702148438
direct,111,Napa2014,6.726617813110352,6.019999980926514,6.180860996246338,0.7066178321838379,0.5457568168640137,28,0.4808345625165751,0.8039982318878174
direct,112,Napa2014,6.73348331451416,6.019999980926514,6.180860996246338,0.7134833335876465,0.5526223182678223,28,0.477014627758471,0.8001558780670166
direct,113,Napa2014,6.738772869110107,6.019999980926514,6.180860996246338,0.7187728881835938,0.5579118728637695,28,0.4727852318464768,0.7958521842956543
direct,114,Napa2014,6.7441020011901855,6.019999980926514,6.180860996246338,0.7241020202636719,0.5632410049438477,28,0.4686384189581437,0.7871161699295044
direct,115,Napa2014,6.748295068740845,6.019999980926514,6.180860996246338,0.728295087814331,0.5674340724945068,28,0.4652874119869536,0.7760821580886841
direct,116,Napa2014,6.750164270401001,6.019999980926514,6.180860996246338,0.7301642894744873,0.5693032741546631,28,0.4622211874141979,0.7611209154129028
direct,117,Napa2014,6.7511796951293945,6.019999980926514,6.180860996246338,0.7311797142028809,0.5703186988830566,28,0.4595398777427465,0.7472683191299438
direct,118,Napa2014,6.754070997238159,6.019999980926514,6.180860996246338,0.7340710163116455,0.5732100009918213,28,0.4564556535940974,0.7334210872650146
direct,119,Napa2014,6.758816719055176,6.019999980926514,6.180860996246338,0.7388167381286621,0.5779557228088379,28,0.4532019222903046,0.7198562622070312
direct,120,Napa2014,6.764745235443115,6.019999980926514,6.180860996246338,0.7447452545166016,0.5838842391967773,28,0.4497571462144062,0.7045376300811768
direct,121,Napa2014,6.764342784881592,6.019999980926514,6.180860996246338,0.7443428039550781,0.5834817886352539,28,0.4468902910376636,0.6910672187805176
direct,122,Napa2014,6.76337194442749,6.019999980926514,6.180860996246338,0.7433719635009766,0.5825109481811523,28,0.44473850351611,0.6789311170578003
direct,123,Napa2014,6.763248682022095,6.019999980926514,6.180860996246338,0.743248701095581,0.5823876857757568,28,0.4434913947116261,0.6657183170318604
direct,124,Napa2014,6.76569128036499,6.019999980926514,6.180860996246338,0.7456912994384766,0.5848302841186523,28,0.4428325152418783,0.6540727615356445
direct,125,Napa2014,6.770158290863037,6.019999980926514,6.180860996246338,0.7501583099365234,0.5892972946166992,28,0.4436958840978768,0.6473318338394165
direct,126,Napa2014,6.773519515991211,6.019999980926514,6.180860996246338,0.7535195350646973,0.592658519744873,28,0.4464141922432142,0.6471542119979858
direct,127,Napa2014,6.774501800537109,6.019999980926514,6.180860996246338,0.7545018196105957,0.5936408042907715,28,0.451024026551537,0.6481082439422607
direct,128,Napa2014,6.771913528442383,6.019999980926514,6.180860996246338,0.7519135475158691,0.5910525321960449,28,0.4582287355722897,0.6484705209732056
direct,129,Napa2014,6.764695644378662,6.019999980926514,6.180860996246338,0.7446956634521484,0.5838346481323242,28,0.4649020252563663,0.6474478244781494
direct,130,Napa2014,6.753537178039551,6.019999980926514,6.180860996246338,0.7335371971130371,0.5726761817932129,28,0.4694575065628197,0.6405676603317261
direct,131,Napa2014,6.743391990661621,6.019999980926514,6.180860996246338,0.7233920097351074,0.5625309944152832,28,0.4709435168879047,0.6300382614135742
direct,132,Napa2014,6.735305309295654,6.019999980926514,6.180860996246338,0.7153053283691406,0.5544443130493164,28,0.4699561938934587,0.622481107711792
direct,133,Napa2014,6.730093002319336,6.019999980926514,6.180860996246338,0.7100930213928223,0.549232006072998,28,0.4676118479472869,0.6287002563476562
direct,134,Napa2014,6.731264352798462,6.019999980926514,6.180860996246338,0.7112643718719482,0.550403356552124,28,0.4654304237869596,0.6353170871734619
direct,135,Napa2014,6.73007345199585,6.019999980926514,6.180860996246338,0.7100734710693359,0.5492124557495117,28,0.4637190028456841,0.6426396369934082
direct,136,Napa2014,6.728359222412109,6.019999980926514,6.180860996246338,0.7083592414855957,0.5474982261657715,28,0.4622202190359488,0.6476116180419922
direct,137,Napa2014,6.728943824768066,6.019999980926514,6.180860996246338,0.7089438438415527,0.5480828285217285,28,0.4611959449653864,0.6540944576263428
direct,138,Napa2014,6.732169628143311,6.019999980926514,6.180860996246338,0.7121696472167969,0.5513086318969727,28,0.4608678672701284,0.6602015495300293
direct,139,Napa2014,6.735422372817993,6.019999980926514,6.180860996246338,0.7154223918914795,0.5545613765716553,28,0.4615489987712315,0.661170482635498
direct,140,Napa2014,6.733649730682373,6.019999980926514,6.180860996246338,0.7136497497558594,0.5527887344360352,28,0.463339513482826,0.6606063842773438
direct,141,Napa2014,6.7257139682769775,6.019999980926514,6.180860996246338,0.7057139873504639,0.5448529720306396,28,0.4663392780179075,0.6593198776245117
direct,142,Napa2014,6.71121621131897,6.019999980926514,6.180860996246338,0.691216230392456,0.5303552150726318,28,0.4692436427606497,0.65728759765625
direct,143,Napa2014,6.6925132274627686,6.019999980926514,6.180860996246338,0.6725132465362549,0.5116522312164307,28,0.4710773092887274,0.6545892953872681
direct,144,Napa2014,6.672376155853272,6.019999980926514,6.180860996246338,0.6523761749267578,0.4915151596069336,28,0.471416215337013,0.6537184715270996
direct,145,Napa2014,6.655030250549316,6.019999980926514,6.180860996246338,0.6350302696228027,0.4741692543029785,28,0.4704567755121964,0.655582070350647
direct,146,Napa2014,6.652752161026001,6.019999980926514,6.180860996246338,0.6327521800994873,0.4718911647796631,28,0.4690314132948064,0.6586365699768066
direct,147,Napa2014,6.656751871109009,6.019999980926514,6.180860996246338,0.6367518901824951,0.4758908748626709,28,0.4679601388081272,0.6632839441299438
direct,148,Napa2014,6.673689603805542,6.019999980926514,6.180860996246338,0.6536896228790283,0.4928286075592041,28,0.4678107677222819,0.6666392087936401
direct,149,Napa2014,6.69069242477417,6.019999980926514,6.180860996246338,0.6706924438476562,0.509831428527832,28,0.4693178385405457,0.6705129146575928
direct,150,Napa2014,6.689476728439331,6.019999980926514,6.180860996246338,0.6694767475128174,0.5086157321929932,28,0.4739231949746872,0.6703355312347412
direct,151,Napa2014,6.687378644943237,6.019999980926514,6.180860996246338,0.6673786640167236,0.5065176486968994,28,0.4809298354009504,0.6694842576980591
direct,152,Napa2014,6.68475341796875,6.019999980926514,6.180860996246338,0.6647534370422363,0.5038924217224121,28,0.4869506390550484,0.6691690683364868
direct,153,Napa2014,6.682081937789917,6.019999980926514,6.180860996246338,0.6620819568634033,0.5012209415435791,28,0.4891980331194196,0.6830952167510986
direct,154,Napa2014,6.683140754699707,6.019999980926514,6.180860996246338,0.6631407737731934,0.5022797584533691,28,0.4874409600436074,0.6773116588592529
direct,155,Napa2014,6.68612551689148,6.019999980926514,6.180860996246338,0.6661255359649658,0.5052645206451416,28,0.4843271980160322,0.6719274520874023
direct,156,Napa2014,6.690185070037842,6.019999980926514,6.180860996246338,0.6701850891113281,0.5093240737915039,28,0.4820570817932235,0.6717488765716553
direct,157,Napa2014,6.694777965545654,6.019999980926514,6.180860996246338,0.6747779846191406,0.5139169692993164,28,0.4805941420358923,0.6734477281570435
direct,158,Napa2014,6.6993842124938965,6.019999980926514,6.180860996246338,0.6793842315673828,0.5185232162475586,28,0.4796454455424593,0.6734923124313354
direct,159,Napa2014,6.704845428466797,6.019999980926514,6.180860996246338,0.6848454475402832,0.523984432220459,28,0.4787197351738372,0.6691043376922607
direct,160,Napa2014,6.712072610855103,6.019999980926514,6.180860996246338,0.6920726299285889,0.5312116146087646,28,0.4772832338303536,0.6631358861923218
direct,161,Napa2014,6.721621513366699,6.019999980926514,6.180860996246338,0.7016215324401855,0.5407605171203613,28,0.4747349584206592,0.656110405921936
direct,162,Napa2014,6.7293994426727295,6.019999980926514,6.180860996246338,0.7093994617462158,0.5485384464263916,28,0.4716000323591376,0.657623291015625
direct,163,Napa2014,6.730789422988892,6.019999980926514,6.180860996246338,0.7107894420623779,0.5499284267425537,28,0.4684735544310729,0.6561774015426636
direct,164,Napa2014,6.727272748947144,6.019999980926514,6.180860996246338,0.7072727680206299,0.5464117527008057,28,0.4657834701194511,0.6554884910583496
direct,165,Napa2014,6.720356702804565,6.019999980926514,6.180860996246338,0.7003567218780518,0.5394957065582275,28,0.4645455899835233,0.6555758714675903
direct,166,Napa2014,6.711582183837891,6.019999980926514,6.180860996246338,0.691582202911377,0.5307211875915527,28,0.4683353706706554,0.6544704437255859
direct,167,Napa2014,6.702489376068115,6.019999980926514,6.180860996246338,0.6824893951416016,0.5216283798217773,28,0.4756490893078471,0.6518158912658691
direct,168,Napa2014,6.694239616394043,6.019999980926514,6.180860996246338,0.6742396354675293,0.5133786201477051,28,0.4796650566640167,0.6444779634475708
direct,169,Napa2014,6.687358379364014,6.019999980926514,6.180860996246338,0.6673583984375,0.5064973831176758,28,0.4787298409535274,0.6323400735855103
direct,170,Napa2014,6.682023525238037,6.019999980926514,6.180860996246338,0.6620235443115234,0.5011625289916992,28,0.4746842065052164,0.6159765720367432
direct,171,Napa2014,6.677915573120117,6.019999980926514,6.180860996246338,0.6579155921936035,0.4970545768737793,28,0.4689241320734543,0.6104453802108765
direct,172,Napa2014,6.67564845085144,6.019999980926514,6.180860996246338,0.6556484699249268,0.4947874546051025,28,0.4628203400723076,0.6145350933074951
direct,173,Napa2014,6.675437450408936,6.019999980926514,6.180860996246338,0.6554374694824219,0.4945764541625976,28,0.4580808221980399,0.6144273281097412
direct,174,Napa2014,6.677896738052368,6.019999980926514,6.180860996246338,0.6578967571258545,0.4970357418060303,28,0.4555337794091924,0.6127188205718994
direct,175,Napa2014,6.683895111083984,6.019999980926514,6.180860996246338,0.6638951301574707,0.5030341148376465,28,0.4557635419794451,0.6104055643081665
direct,176,Napa2014,6.693767547607422,6.019999980926514,6.180860996246338,0.6737675666809082,0.512906551361084,28,0.457889446248215,0.6067668199539185
direct,177,Napa2014,6.704626798629761,6.019999980926514,6.180860996246338,0.6846268177032471,0.5237658023834229,28,0.4606384173383785,0.5973740816116333
direct,178,Napa2014,6.7149646282196045,6.019999980926514,6.180860996246338,0.6949646472930908,0.5341036319732666,28,0.4644340988482128,0.5959930419921875
direct,179,Napa2014,6.72426176071167,6.019999980926514,6.180860996246338,0.7042617797851562,0.543400764465332,28,0.4691387101091706,0.5947505235671997
direct,180,Napa2014,6.731286525726318,6.019999980926514,6.180860996246338,0.7112865447998047,0.5504255294799805,28,0.4723680206486443,0.5920896530151367
direct,181,Napa2014,6.735462427139282,6.019999980926514,6.180860996246338,0.7154624462127686,0.5546014308929443,28,0.4741877397854607,0.5892810821533203
direct,182,Napa2014,6.735368251800537,6.019999980926514,6.180860996246338,0.7153682708740234,0.5545072555541992,28,0.4759559032948717,0.587637186050415
direct,183,Napa2014,6.730935573577881,6.019999980926514,6.180860996246338,0.7109355926513672,0.550074577331543,28,0.4783506833044687,0.5992467403411865
direct,184,Napa2014,6.727187633514404,6.019999980926514,6.180860996246338,0.7071876525878906,0.5463266372680664,28,0.4812141912430074,0.6069669723510742
direct,185,Napa2014,6.723453760147095,6.019999980926514,6.180860996246338,0.703453779220581,0.5425927639007568,28,0.4842094569499816,0.6117275953292847
direct,186,Napa2014,6.718902826309204,6.019999980926514,6.180860996246338,0.6989028453826904,0.5380418300628662,28,0.4871999655582086,0.6198174953460693
direct,187,Napa2014,6.713941812515259,6.019999980926514,6.180860996246338,0.6939418315887451,0.5330808162689209,28,0.4899196736889387,0.6266162395477295
direct,188,Napa2014,6.70955228805542,6.019999980926514,6.180860996246338,0.6895523071289062,0.528691291809082,28,0.4921667485248008,0.6320891380310059
direct,189,Napa2014,6.7065088748931885,6.019999980926514,6.180860996246338,0.6865088939666748,0.5256478786468506,28,0.4946823121112533,0.6372475624084473
direct,190,Napa2014,6.704297065734863,6.019999980926514,6.180860996246338,0.6842970848083496,0.5234360694885254,28,0.4986554625156018,0.6411972045898438
direct,191,Napa2014,6.702270030975342,6.019999980926514,6.180860996246338,0.6822700500488281,0.5214090347290039,28,0.5050680474631559,0.6442514657974243
direct,192,Napa2014,6.699782848358154,6.019999980926514,6.180860996246338,0.6797828674316406,0.5189218521118164,28,0.5139193234474229,0.647266149520874
direct,193,Napa2014,6.697240352630615,6.019999980926514,6.180860996246338,0.6772403717041016,0.5163793563842773,28,0.5240239223654014,0.6500279903411865
direct,194,Napa2014,6.694514751434326,6.019999980926514,6.180860996246338,0.6745147705078125,0.5136537551879883,28,0.5337556642553115,0.6523648500442505
direct,195,Napa2014,6.6924238204956055,6.019999980926514,6.180860996246338,0.6724238395690918,0.5115628242492676,28,0.5414549639641275,0.6537315845489502
direct,196,Napa2014,6.690751075744629,6.019999980926514,6.180860996246338,0.6707510948181152,0.509890079498291,28,0.5474334438539135,0.6539885997772217
direct,197,Napa2014,6.689274072647095,6.019999980926514,6.180860996246338,0.669274091720581,0.5084130764007568,28,0.5519053774947619,0.653685450553894
direct,198,Napa2014,6.687947750091553,6.019999980926514,6.180860996246338,0.6679477691650391,0.5070867538452148,28,0.5547573792138388,0.6533917188644409
direct,199,Napa2014,6.686931848526001,6.019999980926514,6.180860996246338,0.6669318675994873,0.5060708522796631,28,0.5559926989401838,0.6534216403961182
direct,200,Napa2014,6.686420679092407,6.019999980926514,6.180860996246338,0.6664206981658936,0.5055596828460693,28,0.5549256384092671,0.6533831357955933
melgar,1,Napa2014,5.143054932681454,6.02,,-0.8769450673185455,,28,0.4935962843746816,0.732510547385135
melgar,2,Napa2014,5.334700606165887,6.02,,-0.6852993938341125,,28,0.5370940821052697,0.6998079616092223
melgar,3,Napa2014,5.348012637516804,6.02,,-0.671987362483196,,28,0.5367790402258857,0.7550168920507376
melgar,4,Napa2014,5.49738507383166,6.02,,-0.5226149261683393,,28,0.5306964422589782,0.7732763292417273
melgar,5,Napa2014,5.588567513608316,6.02,,-0.4314324863916834,,28,0.4931829646691742,0.7732763292417273
melgar,6,Napa2014,5.590093378040464,6.02,,-0.4299066219595353,,28,0.4394759386200394,0.7301509293695974
melgar,7,Napa2014,5.69452310988585,6.02,,-0.3254768901141496,,28,0.4219918151268865,0.6230636801502829
melgar,8,Napa2014,5.71533476528343,6.02,,-0.3046652347165697,,28,0.4069037038873263,0.6047356912229596
melgar,9,Napa2014,5.741055791446636,6.02,,-0.278944208553364,,28,0.3762525435790316,0.4105836673458727
melgar,10,Napa2014,5.830501262215638,6.02,,-0.189498737784362,,28,0.3657269375150542,0.3836893122241829
melgar,11,Napa2014,5.870804464371905,6.02,,-0.1491955356280945,,28,0.3391566416205963,0.3658674056316586
melgar,12,Napa2014,5.8766716870377005,6.02,,-0.1433283129622991,,28,0.322458638245666,0.3983283767639642
melgar,13,Napa2014,5.889839345302575,6.02,,-0.1301606546974243,,28,0.3184749611150803,0.4447998835888063
melgar,14,Napa2014,5.889839345302575,6.02,,-0.1301606546974243,,28,0.3263905310631038,0.4523442223175724
melgar,15,Napa2014,5.889839345302575,6.02,,-0.1301606546974243,,28,0.3332502898476518,0.4523442223175724
melgar,16,Napa2014,5.889839345302575,6.02,,-0.1301606546974243,,28,0.3345682008917471,0.4523442223175724
melgar,17,Napa2014,5.889839345302575,6.02,,-0.1301606546974243,,28,0.3342737511706022,0.4523442223175724
melgar,18,Napa2014,5.91118018426076,6.02,,-0.1088198157392392,,28,0.3413569779009529,0.4748526766906522
melgar,19,Napa2014,5.91118018426076,6.02,,-0.1088198157392392,,28,0.3502312693099061,0.4619942633547902
melgar,20,Napa2014,5.9258618626462685,6.02,,-0.0941381373537311,,28,0.3536360251120526,0.4393818710176775
melgar,21,Napa2014,5.9510798522604285,6.02,,-0.0689201477395711,,28,0.3534124017918865,0.4538511016745765
melgar,22,Napa2014,5.991289926501765,6.02,,-0.0287100734982344,,28,0.3577192150028631,0.5437092164059596
melgar,23,Napa2014,5.992362863584319,6.02,,-0.0276371364156808,,28,0.3594357226782144,0.617389867875092
melgar,24,Napa2014,5.994751587510898,6.02,,-0.0252484124891019,,28,0.3502925823159786,0.5471251350499706
melgar,25,Napa2014,6.024945673348616,6.02,,0.0049456733486161,,28,0.3400436682581464,0.5471251350499706
melgar,26,Napa2014,6.061630431225964,6.02,,0.0416304312259647,,28,0.3335567449402107,0.540560842906876
melgar,27,Napa2014,6.069853477645428,6.02,,0.0498534776454286,,28,0.3293387404109272,0.5374228132314016
melgar,28,Napa2014,6.114637058969189,6.02,,0.0946370589691891,,28,0.326942262819889,0.5138917349582393
melgar,29,Napa2014,6.118323356019727,6.02,,0.0983233560197271,,28,0.3253983288085574,0.5138917349582393
melgar,30,Napa2014,6.118323356019727,6.02,,0.0983233560197271,,28,0.3247862820870807,0.5138917349582393
melgar,31,Napa2014,6.168178600097944,6.02,,0.1481786000979443,,28,0.3299819657317197,0.5471605065270353
melgar,32,Napa2014,6.168178600097944,6.02,,0.1481786000979443,,28,0.3306503713714843,0.5537656331531835
melgar,33,Napa2014,6.168178600097944,6.02,,0.1481786000979443,,28,0.3309188874387469,0.5506938214425254
melgar,34,Napa2014,6.179373687657495,6.02,,0.1593736876574958,,28,0.3342893526435938,0.5506938214425254
melgar,35,Napa2014,6.189438179910445,6.02,,0.1694381799104451,,28,0.3406576055168857,0.5709661402267416
melgar,36,Napa2014,6.189438179910445,6.02,,0.1694381799104451,,28,0.349585055055635,0.5914565530500493
melgar,37,Napa2014,6.189438179910445,6.02,,0.1694381799104451,,28,0.3556309453878513,0.6153152423517039
melgar,38,Napa2014,6.189438179910445,6.02,,0.1694381799104451,,28,0.3570301893870214,0.6346728822237191
melgar,39,Napa2014,6.189438179910445,6.02,,0.1694381799104451,,28,0.3595777747804027,0.6170334342156671
melgar,40,Napa2014,6.248395465327453,6.02,,0.2283954653274538,,28,0.3614479202295598,0.6159221694913573
melgar,41,Napa2014,6.248395465327453,6.02,,0.2283954653274538,,28,0.3650123799961378,0.6251165820276485
melgar,42,Napa2014,6.248395465327453,6.02,,0.2283954653274538,,28,0.3691984939832167,0.6337437214995543
melgar,43,Napa2014,6.248395465327453,6.02,,0.2283954653274538,,28,0.3755116164356103,0.6071641982967888
melgar,44,Napa2014,6.248395465327453,6.02,,0.2283954653274538,,28,0.3791591170039509,0.5784409597305729
melgar,45,Napa2014,6.275831921863075,6.02,,0.2558319218630753,,28,0.3770306012349969,0.5784409597305729
melgar,46,Napa2014,6.334082849285365,6.02,,0.3140828492853655,,28,0.379306030434345,0.585052199761674
melgar,47,Napa2014,6.345628709983402,6.02,,0.3256287099834027,,28,0.3831835863161275,0.5935360923817639
melgar,48,Napa2014,6.345628709983402,6.02,,0.3256287099834027,,28,0.3877926366283611,0.5935360923817639
melgar,49,Napa2014,6.345628709983402,6.02,,0.3256287099834027,,28,0.3941273986050524,0.5942606385114679
melgar,50,Napa2014,6.345628709983402,6.02,,0.3256287099834027,,28,0.3997924027190251,0.6254188005297445
melgar,51,Napa2014,6.345628709983402,6.02,,0.3256287099834027,,28,0.4029963086753557,0.6296834494763361
melgar,52,Napa2014,6.345628709983402,6.02,,0.3256287099834027,,28,0.4039107514420336,0.6296834494763361
melgar,53,Napa2014,6.361687248698339,6.02,,0.3416872486983395,,28,0.4038112192519597,0.6296834494763361
melgar,54,Napa2014,6.380961378592645,6.02,,0.3609613785926457,,28,0.4048965113122588,0.6296834494763361
melgar,55,Napa2014,6.398411019339772,6.02,,0.3784110193397723,,28,0.4092093343009607,0.6296834494763361
melgar,56,Napa2014,6.415812264553416,6.02,,0.3958122645534168,,28,0.4150038969513585,0.6318740934508966
melgar,57,Napa2014,6.418962303175235,6.02,,0.3989623031752352,,28,0.4131784791841051,0.6267925812314212
melgar,58,Napa2014,6.418962303175235,6.02,,0.3989623031752352,,28,0.4103838051348457,0.5882523394244261
melgar,59,Napa2014,6.418962303175235,6.02,,0.3989623031752352,,28,0.4131641317839241,0.5999589168426969
melgar,60,Napa2014,6.418962303175235,6.02,,0.3989623031752352,,28,0.4185290982698662,0.6256964390837654
melgar,61,Napa2014,6.418962303175235,6.02,,0.3989623031752352,,28,0.4258805228112012,0.6436817854769554
melgar,62,Napa2014,6.418962303175235,6.02,,0.3989623031752352,,28,0.4323061339233457,0.656426726605682
melgar,63,Napa2014,6.418962303175235,6.02,,0.3989623031752352,,28,0.4352412615789935,0.656426726605682
melgar,64,Napa2014,6.418962303175235,6.02,,0.3989623031752352,,28,0.4352412615789935,0.656426726605682
melgar,65,Napa2014,6.418962303175235,6.02,,0.3989623031752352,,28,0.4350591765924921,0.656426726605682
melgar,66,Napa2014,6.418962303175235,6.02,,0.3989623031752352,,28,0.4351478723049548,0.6623858165152932
melgar,67,Napa2014,6.418962303175235,6.02,,0.3989623031752352,,28,0.4365838887698154,0.7008158643101297
melgar,68,Napa2014,6.418962303175235,6.02,,0.3989623031752352,,28,0.4318726827176939,0.7175821552910735
melgar,69,Napa2014,6.421053058511179,6.02,,0.4010530585111791,,28,0.4308609122577832,0.7175821552910735
melgar,70,Napa2014,6.442182528567941,6.02,,0.4221825285679417,,28,0.4334653705610983,0.7175821552910735
melgar,71,Napa2014,6.442182528567941,6.02,,0.4221825285679417,,28,0.433679057149276,0.7175821552910735
melgar,72,Napa2014,6.442182528567941,6.02,,0.4221825285679417,,28,0.4330422792952643,0.7142960059617609
melgar,73,Napa2014,6.450861419291227,6.02,,0.4308614192912277,,28,0.4335283878923352,0.7142960059617609
melgar,74,Napa2014,6.450861419291227,6.02,,0.4308614192912277,,28,0.4329586627089666,0.7142960059617609
melgar,75,Napa2014,6.450861419291227,6.02,,0.4308614192912277,,28,0.4311905541721038,0.7142960059617609
melgar,76,Napa2014,6.450861419291227,6.02,,0.4308614192912277,,28,0.4307583618333592,0.7142960059617609
melgar,77,Napa2014,6.450861419291227,6.02,,0.4308614192912277,,28,0.4307583618333592,0.7142960059617609
melgar,78,Napa2014,6.450861419291227,6.02,,0.4308614192912277,,28,0.4307583618333592,0.7142960059617609
melgar,79,Napa2014,6.450861419291227,6.02,,0.4308614192912277,,28,0.4307583618333592,0.7142960059617609
melgar,80,Napa2014,6.450861419291227,6.02,,0.4308614192912277,,28,0.4311915466665307,0.7142960059617609
melgar,81,Napa2014,6.450861419291227,6.02,,0.4308614192912277,,28,0.4313244916394204,0.7142960059617609
melgar,82,Napa2014,6.450861419291227,6.02,,0.4308614192912277,,28,0.4306790146326766,0.7142960059617609
melgar,83,Napa2014,6.450861419291227,6.02,,0.4308614192912277,,28,0.4295886555618869,0.6972942162734226
melgar,84,Napa2014,6.450861419291227,6.02,,0.4308614192912277,,28,0.4290509344556203,0.6972942162734226
melgar,85,Napa2014,6.450861419291227,6.02,,0.4308614192912277,,28,0.4290185920427515,0.6972942162734226
melgar,86,Napa2014,6.450861419291227,6.02,,0.4308614192912277,,28,0.4284225205066355,0.6972942162734226
melgar,87,Napa2014,6.450861419291227,6.02,,0.4308614192912277,,28,0.429267640959606,0.6972942162734226
melgar,88,Napa2014,6.450861419291227,6.02,,0.4308614192912277,,28,0.4298537690856012,0.6972942162734226
melgar,89,Napa2014,6.450861419291227,6.02,,0.4308614192912277,,28,0.4315033719186091,0.6972942162734226
melgar,90,Napa2014,6.450861419291227,6.02,,0.4308614192912277,,28,0.4343625763867686,0.6972942162734226
melgar,91,Napa2014,6.450861419291227,6.02,,0.4308614192912277,,28,0.4347025216972977,0.6972942162734226
melgar,92,Napa2014,6.450861419291227,6.02,,0.4308614192912277,,28,0.4337851936921248,0.6972942162734226
melgar,93,Napa2014,6.450861419291227,6.02,,0.4308614192912277,,28,0.4347540454037545,0.6972942162734226
melgar,94,Napa2014,6.450861419291227,6.02,,0.4308614192912277,,28,0.4364527056417828,0.6972942162734226
melgar,95,Napa2014,6.474634601274769,6.02,,0.454634601274769,,28,0.4369202024420922,0.6972942162734226
melgar,96,Napa2014,6.481995596528129,6.02,,0.461995596528129,,28,0.4358003190870373,0.6972942162734226
melgar,97,Napa2014,6.481995596528129,6.02,,0.461995596528129,,28,0.4346507399258047,0.6972942162734226
melgar,98,Napa2014,6.498661095299026,6.02,,0.4786610952990262,,28,0.4339672402328061,0.6972942162734226
melgar,99,Napa2014,6.506390198169371,6.02,,0.4863901981693717,,28,0.4377363569819061,0.6972942162734226
melgar,100,Napa2014,6.506390198169371,6.02,,0.4863901981693717,,28,0.4408618309480373,0.6972942162734226
melgar,101,Napa2014,6.506390198169371,6.02,,0.4863901981693717,,28,0.4422622708866949,0.6972942162734226
melgar,102,Napa2014,6.506390198169371,6.02,,0.4863901981693717,,28,0.4414675384157862,0.6972942162734226
melgar,103,Napa2014,6.506390198169371,6.02,,0.4863901981693717,,28,0.4385158961259485,0.6972942162734226
melgar,104,Napa2014,6.528807199018175,6.02,,0.5088071990181753,,28,0.4336784766550446,0.684875616720289
melgar,105,Napa2014,6.537380901936452,6.02,,0.5173809019364519,,28,0.4333636421856443,0.6716068092171756
melgar,106,Napa2014,6.552568988590219,6.02,,0.5325689885902198,,28,0.4341780611932391,0.6716068092171756
melgar,107,Napa2014,6.571036242432944,6.02,,0.5510362424329447,,28,0.4349905274393461,0.6716068092171756
melgar,108,Napa2014,6.5732031387883705,6.02,,0.5532031387883709,,28,0.4352626086501104,0.6716068092171756
melgar,109,Napa2014,6.5732031387883705,6.02,,0.5532031387883709,,28,0.4357323125930363,0.6686295026756062
melgar,110,Napa2014,6.587129957661666,6.02,,0.5671299576616669,,28,0.4351020706963093,0.6454918990601852
melgar,111,Napa2014,6.589170942648378,6.02,,0.5691709426483786,,28,0.4356519844515812,0.6413170046592516
melgar,112,Napa2014,6.589170942648378,6.02,,0.5691709426483786,,28,0.4364461099583295,0.6413170046592516
melgar,113,Napa2014,6.589170942648378,6.02,,0.5691709426483786,,28,0.4363603272825941,0.6257075733770021
melgar,114,Napa2014,6.589170942648378,6.02,,0.5691709426483786,,28,0.4375885044592012,0.6039746077092003
melgar,115,Napa2014,6.589170942648378,6.02,,0.5691709426483786,,28,0.4392677723287028,0.6243151617608493
melgar,116,Napa2014,6.589170942648378,6.02,,0.5691709426483786,,28,0.4393118065799625,0.6250864968971106
melgar,117,Napa2014,6.589170942648378,6.02,,0.5691709426483786,,28,0.438783362083984,0.6250864968971106
melgar,118,Napa2014,6.589170942648378,6.02,,0.5691709426483786,,28,0.438783362083984,0.6250864968971106
melgar,119,Napa2014,6.589170942648378,6.02,,0.5691709426483786,,28,0.438783362083984,0.6250864968971106
melgar,120,Napa2014,6.589170942648378,6.02,,0.5691709426483786,,28,0.438783362083984,0.6250864968971106
melgar,121,Napa2014,6.589170942648378,6.02,,0.5691709426483786,,28,0.438783362083984,0.6250864968971106
melgar,122,Napa2014,6.589170942648378,6.02,,0.5691709426483786,,28,0.438783362083984,0.6250864968971106
melgar,123,Napa2014,6.589170942648378,6.02,,0.5691709426483786,,28,0.438783362083984,0.6250864968971106
melgar,124,Napa2014,6.589170942648378,6.02,,0.5691709426483786,,28,0.438783362083984,0.6250864968971106
melgar,125,Napa2014,6.589170942648378,6.02,,0.5691709426483786,,28,0.4388930003261335,0.6261556171249083
melgar,126,Napa2014,6.589170942648378,6.02,,0.5691709426483786,,28,0.4397513729847156,0.6437231676329223
melgar,127,Napa2014,6.589170942648378,6.02,,0.5691709426483786,,28,0.4405607920825523,0.6630851058662799
melgar,128,Napa2014,6.589170942648378,6.02,,0.5691709426483786,,28,0.4408647104279096,0.6726758741590642
melgar,129,Napa2014,6.589817481619523,6.02,,0.5698174816195234,,28,0.440875752533349,0.6726758741590642
melgar,130,Napa2014,6.602304184847793,6.02,,0.5823041848477937,,28,0.4411285319612441,0.6731089675505686
melgar,131,Napa2014,6.602304184847793,6.02,,0.5823041848477937,,28,0.4415520999026551,0.6812378321732737
melgar,132,Napa2014,6.602304184847793,6.02,,0.5823041848477937,,28,0.4422467328540985,0.6819352293580261
melgar,133,Napa2014,6.602304184847793,6.02,,0.5823041848477937,,28,0.4431971360098486,0.6819352293580261
melgar,134,Napa2014,6.602304184847793,6.02,,0.5823041848477937,,28,0.4435686163806783,0.6819352293580261
melgar,135,Napa2014,6.602304184847793,6.02,,0.5823041848477937,,28,0.4439929964700056,0.6819352293580261
melgar,136,Napa2014,6.602304184847793,6.02,,0.5823041848477937,,28,0.4445924064497447,0.6819352293580261
melgar,137,Napa2014,6.602304184847793,6.02,,0.5823041848477937,,28,0.4450427354812303,0.6915259067369082
melgar,138,Napa2014,6.602304184847793,6.02,,0.5823041848477937,,28,0.4451354270960556,0.6924385494903706
melgar,139,Napa2014,6.602304184847793,6.02,,0.5823041848477937,,28,0.4452702929246335,0.6924385494903706
melgar,140,Napa2014,6.602304184847793,6.02,,0.5823041848477937,,28,0.4453778435774366,0.6924385494903706
melgar,141,Napa2014,6.602304184847793,6.02,,0.5823041848477937,,28,0.46157827274097,0.7053705573406104
melgar,142,Napa2014,6.602304184847793,6.02,,0.5823041848477937,,28,0.4845524021856048,0.7053705573406104
melgar,143,Napa2014,6.602304184847793,6.02,,0.5823041848477937,,28,0.491983102312889,0.7053705573406104
melgar,144,Napa2014,6.602304184847793,6.02,,0.5823041848477937,,28,0.492180435910812,0.7053705573406104
melgar,145,Napa2014,6.602304184847793,6.02,,0.5823041848477937,,28,0.492180435910812,0.7053705573406104
melgar,146,Napa2014,6.602304184847793,6.02,,0.5823041848477937,,28,0.4921049014687069,0.7048417408061889
melgar,147,Napa2014,6.602304184847793,6.02,,0.5823041848477937,,28,0.4921049014687069,0.7048417408061889
melgar,148,Napa2014,6.602304184847793,6.02,,0.5823041848477937,,28,0.4923371259181991,0.707309237429742
melgar,149,Napa2014,6.602304184847793,6.02,,0.5823041848477937,,28,0.4923371259181991,0.707309237429742
melgar,150,Napa2014,6.602304184847793,6.02,,0.5823041848477937,,28,0.4923371259181991,0.707309237429742
melgar,151,Napa2014,6.602304184847793,6.02,,0.5823041848477937,,28,0.4923371259181991,0.707309237429742
melgar,152,Napa2014,6.602304184847793,6.02,,0.5823041848477937,,28,0.4923371259181991,0.707309237429742
melgar,153,Napa2014,6.602304184847793,6.02,,0.5823041848477937,,28,0.4923371259181991,0.707309237429742
melgar,154,Napa2014,6.602304184847793,6.02,,0.5823041848477937,,28,0.492372007422742,0.707309237429742
melgar,155,Napa2014,6.602304184847793,6.02,,0.5823041848477937,,28,0.491874110066456,0.707309237429742
melgar,156,Napa2014,6.602304184847793,6.02,,0.5823041848477937,,28,0.4918556490497081,0.707309237429742
melgar,157,Napa2014,6.60543931528651,6.02,,0.5854393152865107,,28,0.4921084786378022,0.707309237429742
melgar,158,Napa2014,6.606015551467827,6.02,,0.5860155514678276,,28,0.4922749926470063,0.707309237429742
melgar,159,Napa2014,6.606015551467827,6.02,,0.5860155514678276,,28,0.4924180739363619,0.707309237429742
melgar,160,Napa2014,6.606015551467827,6.02,,0.5860155514678276,,28,0.4929829295049567,0.7088897240102341
melgar,161,Napa2014,6.606015551467827,6.02,,0.5860155514678276,,28,0.4939432065739493,0.7165395633061928
melgar,162,Napa2014,6.606015551467827,6.02,,0.5860155514678276,,28,0.4947218769470327,0.7165395633061928
melgar,163,Napa2014,6.606015551467827,6.02,,0.5860155514678276,,28,0.4950585225171798,0.7165395633061928
melgar,164,Napa2014,6.606015551467827,6.02,,0.5860155514678276,,28,0.4986752792268816,0.7165395633061928
melgar,165,Napa2014,6.606015551467827,6.02,,0.5860155514678276,,28,0.503988813709158,0.7274156624674548
melgar,166,Napa2014,6.606015551467827,6.02,,0.5860155514678276,,28,0.5066847431795904,0.7368129744209391
melgar,167,Napa2014,6.614725399160179,6.02,,0.5947253991601791,,28,0.506906406651103,0.7424981539078512
melgar,168,Napa2014,6.614725399160179,6.02,,0.5947253991601791,,28,0.5072800355499266,0.7465669962241144
melgar,169,Napa2014,6.614725399160179,6.02,,0.5947253991601791,,28,0.5073655120667284,0.7474716415584872
melgar,170,Napa2014,6.614725399160179,6.02,,0.5947253991601791,,28,0.5073655120667284,0.7474716415584872
melgar,171,Napa2014,6.614725399160179,6.02,,0.5947253991601791,,28,0.5073655120667284,0.7474716415584872
melgar,172,Napa2014,6.614725399160179,6.02,,0.5947253991601791,,28,0.5073655120667284,0.7474716415584872
melgar,173,Napa2014,6.614725399160179,6.02,,0.5947253991601791,,28,0.5073655120667284,0.7474716415584872
melgar,174,Napa2014,6.614725399160179,6.02,,0.5947253991601791,,28,0.5073655120667284,0.7474716415584872
melgar,175,Napa2014,6.614725399160179,6.02,,0.5947253991601791,,28,0.5073655120667284,0.7474716415584872
melgar,176,Napa2014,6.614725399160179,6.02,,0.5947253991601791,,28,0.5073655120667284,0.7474716415584872
melgar,177,Napa2014,6.614725399160179,6.02,,0.5947253991601791,,28,0.5073655120667284,0.7474716415584872
melgar,178,Napa2014,6.614725399160179,6.02,,0.5947253991601791,,28,0.5073655120667284,0.7474716415584872
melgar,179,Napa2014,6.614725399160179,6.02,,0.5947253991601791,,28,0.5073655120667284,0.7474716415584872
melgar,180,Napa2014,6.614725399160179,6.02,,0.5947253991601791,,28,0.5073655120667284,0.7474716415584872
melgar,181,Napa2014,6.614725399160179,6.02,,0.5947253991601791,,28,0.5073655120667284,0.7474716415584872
melgar,182,Napa2014,6.614725399160179,6.02,,0.5947253991601791,,28,0.5073655120667284,0.7474716415584872
melgar,183,Napa2014,6.614725399160179,6.02,,0.5947253991601791,,28,0.5073655120667284,0.7474716415584872
melgar,184,Napa2014,6.614725399160179,6.02,,0.5947253991601791,,28,0.5098984281133043,0.7474716415584872
melgar,185,Napa2014,6.614725399160179,6.02,,0.5947253991601791,,28,0.5139038383568147,0.7474716415584872
melgar,186,Napa2014,6.614725399160179,6.02,,0.5947253991601791,,28,0.5162561678942015,0.7474716415584872
melgar,187,Napa2014,6.614725399160179,6.02,,0.5947253991601791,,28,0.5162561678942015,0.7474716415584872
melgar,188,Napa2014,6.614725399160179,6.02,,0.5947253991601791,,28,0.5162561678942015,0.7474716415584872
melgar,189,Napa2014,6.614725399160179,6.02,,0.5947253991601791,,28,0.5160752750673805,0.7474716415584872
melgar,190,Napa2014,6.614725399160179,6.02,,0.5947253991601791,,28,0.5158067978091762,0.7474716415584872
melgar,191,Napa2014,6.614725399160179,6.02,,0.5947253991601791,,28,0.5162492636725489,0.7474716415584872
melgar,192,Napa2014,6.614725399160179,6.02,,0.5947253991601791,,28,0.5159320291472154,0.7474716415584872
melgar,193,Napa2014,6.614725399160179,6.02,,0.5947253991601791,,28,0.5159320291472154,0.7474716415584872
melgar,194,Napa2014,6.614725399160179,6.02,,0.5947253991601791,,28,0.5159320291472154,0.7474716415584872
melgar,195,Napa2014,6.614725399160179,6.02,,0.5947253991601791,,28,0.5159320291472154,0.7474716415584872
melgar,196,Napa2014,6.614725399160179,6.02,,0.5947253991601791,,28,0.5157019624830903,0.7474716415584872
melgar,197,Napa2014,6.614725399160179,6.02,,0.5947253991601791,,28,0.5155174544115857,0.7474716415584872
melgar,198,Napa2014,6.614725399160179,6.02,,0.5947253991601791,,28,0.5155174544115857,0.7474716415584872
melgar,199,Napa2014,6.614725399160179,6.02,,0.5947253991601791,,28,0.5155174544115857,0.7474716415584872
melgar,200,Napa2014,6.614725399160179,6.02,,0.5947253991601791,,28,0.5155174544115857,0.7474716415584872
ruhl,1,Napa2014,4.794684350894736,6.02,,-1.225315649105264,,28,0.5228888227465485,0.7781029826336452
ruhl,2,Napa2014,5.005765956766265,6.02,,-1.014234043233735,,28,0.5707107424385816,0.7399597377711817
ruhl,3,Napa2014,5.019332103227539,6.02,,-1.0006678967724607,,28,0.5701783469320759,0.8007272415334334
ruhl,4,Napa2014,5.175742669423338,6.02,,-0.8442573305766619,,28,0.5631359885732486,0.8232689782511979
ruhl,5,Napa2014,5.275693077524243,6.02,,-0.7443069224757561,,28,0.5241731697177482,0.8232689782511979
ruhl,6,Napa2014,5.27639343768147,6.02,,-0.7436065623185293,,28,0.4682999976300885,0.7756466399436128
ruhl,7,Napa2014,5.390886595517875,6.02,,-0.6291134044821245,,28,0.4502265403200458,0.667824718027795
ruhl,8,Napa2014,5.409707629423506,6.02,,-0.6102923705764933,,28,0.4345055614153519,0.6450230109145672
ruhl,9,Napa2014,5.438318758761665,6.02,,-0.5816812412383348,,28,0.4024724387601296,0.437685754154038
ruhl,10,Napa2014,5.535633256963626,6.02,,-0.4843667430363734,,28,0.3914054928322352,0.4106475505913973
ruhl,11,Napa2014,5.578826853901508,6.02,,-0.4411731460984915,,28,0.3631383260461997,0.3925757301259631
ruhl,12,Napa2014,5.585024193668438,6.02,,-0.4349758063315612,,28,0.3454429965501484,0.4242707983566962
ruhl,13,Napa2014,5.599468367541087,6.02,,-0.4205316324589123,,28,0.3413511199349611,0.4744076213185275
ruhl,14,Napa2014,5.599468367541087,6.02,,-0.4205316324589123,,28,0.3500081669675013,0.486960397642207
ruhl,15,Napa2014,5.599468367541087,6.02,,-0.4205316324589123,,28,0.3574484909162504,0.486960397642207
ruhl,16,Napa2014,5.599468367541087,6.02,,-0.4205316324589123,,28,0.3588690060355395,0.486960397642207
ruhl,17,Napa2014,5.599468367541087,6.02,,-0.4205316324589123,,28,0.35857444722549,0.486960397642207
ruhl,18,Napa2014,5.622843264876583,6.02,,-0.3971567351234171,,28,0.3662396808254573,0.5116903966243767
ruhl,19,Napa2014,5.622843264876583,6.02,,-0.3971567351234171,,28,0.3759105561629403,0.4964413760061994
ruhl,20,Napa2014,5.638332437518358,6.02,,-0.3816675624816419,,28,0.3796187785028364,0.4727341616263896
ruhl,21,Napa2014,5.665076356520052,6.02,,-0.3549236434799478,,28,0.379364047037685,0.48832860288248
ruhl,22,Napa2014,5.708502994220565,6.02,,-0.3114970057794348,,28,0.3841734857134299,0.5897286971668558
ruhl,23,Napa2014,5.708861018943199,6.02,,-0.3111389810568008,,28,0.3862233710907075,0.6672513896295618
ruhl,24,Napa2014,5.711635386458637,6.02,,-0.3083646135413627,,28,0.3765288368241772,0.5915510153478856
ruhl,25,Napa2014,5.744269394718589,6.02,,-0.2757306052814101,,28,0.3656104019808739,0.5915510153478856
ruhl,26,Napa2014,5.7840674562045615,6.02,,-0.235932543795438,,28,0.3586612498731807,0.58452195360384
ruhl,27,Napa2014,5.792183161027934,6.02,,-0.2278168389720658,,28,0.3540879637141785,0.5794435306448174
ruhl,28,Napa2014,5.841314957406661,6.02,,-0.1786850425933384,,28,0.3514548735426483,0.5543224621595799
ruhl,29,Napa2014,5.844515791110032,6.02,,-0.1754842088899675,,28,0.3498592301581378,0.5543224621595799
ruhl,30,Napa2014,5.844515791110032,6.02,,-0.1754842088899675,,28,0.3492389333498596,0.5543224621595799
ruhl,31,Napa2014,5.898879186273325,6.02,,-0.1211208137266748,,28,0.3547453637356191,0.5901784047590235
ruhl,32,Napa2014,5.898879186273325,6.02,,-0.1211208137266748,,28,0.3555031743344016,0.6008575542593322
ruhl,33,Napa2014,5.898879186273325,6.02,,-0.1211208137266748,,28,0.3558157177680675,0.5976875636016654
ruhl,34,Napa2014,5.910922567526438,6.02,,-0.1090774324735619,,28,0.3594621733944145,0.5976875636016654
ruhl,35,Napa2014,5.921854168668086,6.02,,-0.0981458313319132,,28,0.3663935129218875,0.6210972005896558
ruhl,36,Napa2014,5.921854168668086,6.02,,-0.0981458313319132,,28,0.3760022068733184,0.6375456570661644
ruhl,37,Napa2014,5.921854168668086,6.02,,-0.0981458313319132,,28,0.3825469830456879,0.6632699849129775
ruhl,38,Napa2014,5.921854168668086,6.02,,-0.0981458313319132,,28,0.3842030572035988,0.6842233610983364
ruhl,39,Napa2014,5.921854168668086,6.02,,-0.0981458313319132,,28,0.3870036109775496,0.6650392688132492
ruhl,40,Napa2014,5.985194656096203,6.02,,-0.0348053439037965,,28,0.3888927319025084,0.6640322383634176
ruhl,41,Napa2014,5.985194656096203,6.02,,-0.0348053439037965,,28,0.3926797342607168,0.6739308440894201
ruhl,42,Napa2014,5.985194656096203,6.02,,-0.0348053439037965,,28,0.3972127321898105,0.6845725003215026
ruhl,43,Napa2014,5.985194656096203,6.02,,-0.0348053439037965,,28,0.4041061507247509,0.6561165175381154
ruhl,44,Napa2014,5.985194656096203,6.02,,-0.0348053439037965,,28,0.408147752947553,0.6259216719855569
ruhl,45,Napa2014,6.014740765658079,6.02,,-0.0052592343419206,,28,0.4059180067886323,0.6259216719855569
ruhl,46,Napa2014,6.077451626129428,6.02,,0.0574516261294286,,28,0.4083868669620996,0.6330498802405771
ruhl,47,Napa2014,6.089739811133947,6.02,,0.0697398111339477,,28,0.4126274379492498,0.6407777533877699
ruhl,48,Napa2014,6.089739811133947,6.02,,0.0697398111339477,,28,0.4176504303556712,0.6407777533877699
ruhl,49,Napa2014,6.089739811133947,6.02,,0.0697398111339477,,28,0.4244926651897188,0.6415589556552126
ruhl,50,Napa2014,6.089739811133947,6.02,,0.0697398111339477,,28,0.4305837296313921,0.6751535410378482
ruhl,51,Napa2014,6.089739811133947,6.02,,0.0697398111339477,,28,0.4340200137557308,0.6797516656987064
ruhl,52,Napa2014,6.089739811133947,6.02,,0.0697398111339477,,28,0.4350055965610821,0.6797516656987064
ruhl,53,Napa2014,6.106082892412687,6.02,,0.086082892412687,,28,0.4348954385350585,0.6797516656987064
ruhl,54,Napa2014,6.125653173132946,6.02,,0.1056531731329464,,28,0.436026424734062,0.6797516656987064
ruhl,55,Napa2014,6.144425038482781,6.02,,0.1244250384827818,,28,0.4406977480192749,0.6797516656987064
ruhl,56,Napa2014,6.1631448411883945,6.02,,0.1431448411883948,,28,0.4470263971825871,0.681271290043238
ruhl,57,Napa2014,6.166533570028859,6.02,,0.1465335700288594,,28,0.4451094281148125,0.6757872252522894
ruhl,58,Napa2014,6.166533570028859,6.02,,0.1465335700288594,,28,0.4421434828657392,0.6337997667809709
ruhl,59,Napa2014,6.166533570028859,6.02,,0.1465335700288594,,28,0.445185241377955,0.6464026484098273
ruhl,60,Napa2014,6.166533570028859,6.02,,0.1465335700288594,,28,0.4510502870121787,0.6739944528536608
ruhl,61,Napa2014,6.166533570028859,6.02,,0.1465335700288594,,28,0.4591944646758784,0.6965390848811097
ruhl,62,Napa2014,6.166533570028859,6.02,,0.1465335700288594,,28,0.4662324245768451,0.7104364776965308
ruhl,63,Napa2014,6.166533570028859,6.02,,0.1465335700288594,,28,0.4694315397236336,0.7104364776965308
ruhl,64,Napa2014,6.166533570028859,6.02,,0.1465335700288594,,28,0.4694315397236336,0.7104364776965308
ruhl,65,Napa2014,6.166533570028859,6.02,,0.1465335700288594,,28,0.4692333150521391,0.7104364776965308
ruhl,66,Napa2014,6.166533570028859,6.02,,0.1465335700288594,,28,0.4693322673358977,0.7184504326403198
ruhl,67,Napa2014,6.166533570028859,6.02,,0.1465335700288594,,28,0.4709625943037364,0.7571133196816362
ruhl,68,Napa2014,6.166533570028859,6.02,,0.1465335700288594,,28,0.4659751635850526,0.77522081283474
ruhl,69,Napa2014,6.16878274972342,6.02,,0.1487827497234199,,28,0.4649700262864816,0.77522081283474
ruhl,70,Napa2014,6.188891541627772,6.02,,0.1688915416277723,,28,0.4679167871407391,0.77522081283474
ruhl,71,Napa2014,6.188891541627772,6.02,,0.1688915416277723,,28,0.4683085776605812,0.77522081283474
ruhl,72,Napa2014,6.188891541627772,6.02,,0.1688915416277723,,28,0.4677055737855498,0.7715600194468264
ruhl,73,Napa2014,6.199621657313728,6.02,,0.1796216573137279,,28,0.4682670453513947,0.7715600194468264
ruhl,74,Napa2014,6.199621657313728,6.02,,0.1796216573137279,,28,0.4677382388603305,0.7715600194468264
ruhl,75,Napa2014,6.199621657313728,6.02,,0.1796216573137279,,28,0.4658758551297248,0.7715600194468264
ruhl,76,Napa2014,6.199621657313728,6.02,,0.1796216573137279,,28,0.4654205283636812,0.7715600194468264
ruhl,77,Napa2014,6.199621657313728,6.02,,0.1796216573137279,,28,0.4654205283636812,0.7715600194468264
ruhl,78,Napa2014,6.199621657313728,6.02,,0.1796216573137279,,28,0.4654205283636812,0.7715600194468264
ruhl,79,Napa2014,6.199621657313728,6.02,,0.1796216573137279,,28,0.4654205283636812,0.7715600194468264
ruhl,80,Napa2014,6.199621657313728,6.02,,0.1796216573137279,,28,0.4658817140010399,0.7715600194468264
ruhl,81,Napa2014,6.199621657313728,6.02,,0.1796216573137279,,28,0.4660251497359221,0.7715600194468264
ruhl,82,Napa2014,6.199621657313728,6.02,,0.1796216573137279,,28,0.4653450091731722,0.7715600194468264
ruhl,83,Napa2014,6.199621657313728,6.02,,0.1796216573137279,,28,0.4641744662339894,0.7542752034323481
ruhl,84,Napa2014,6.199621657313728,6.02,,0.1796216573137279,,28,0.4635943168312501,0.7542752034323481
ruhl,85,Napa2014,6.199621657313728,6.02,,0.1796216573137279,,28,0.4635566277024117,0.7542752034323481
ruhl,86,Napa2014,6.199621657313728,6.02,,0.1796216573137279,,28,0.4629284699130567,0.7542752034323481
ruhl,87,Napa2014,6.199621657313728,6.02,,0.1796216573137279,,28,0.4638544853265671,0.7542752034323481
ruhl,88,Napa2014,6.199621657313728,6.02,,0.1796216573137279,,28,0.4644964082586648,0.7542752034323481
ruhl,89,Napa2014,6.199621657313728,6.02,,0.1796216573137279,,28,0.4662981564288385,0.7542752034323481
ruhl,90,Napa2014,6.199621657313728,6.02,,0.1796216573137279,,28,0.4694206539133313,0.7542752034323481
ruhl,91,Napa2014,6.199621657313728,6.02,,0.1796216573137279,,28,0.4697954817462077,0.7542752034323481
ruhl,92,Napa2014,6.199621657313728,6.02,,0.1796216573137279,,28,0.4688281767594133,0.7542752034323481
ruhl,93,Napa2014,6.199621657313728,6.02,,0.1796216573137279,,28,0.469906257234949,0.7542752034323481
ruhl,94,Napa2014,6.199621657313728,6.02,,0.1796216573137279,,28,0.4717638102210446,0.7542752034323481
ruhl,95,Napa2014,6.225134356860817,6.02,,0.2051343568608175,,28,0.4722635272832264,0.7542752034323481
ruhl,96,Napa2014,6.233033966614217,6.02,,0.2130339666142173,,28,0.4710897570164921,0.7542752034323481
ruhl,97,Napa2014,6.233033966614217,6.02,,0.2130339666142173,,28,0.4699040211594891,0.7542752034323481
ruhl,98,Napa2014,6.250918903651196,6.02,,0.2309189036511965,,28,0.4691948607078609,0.7542752034323481
ruhl,99,Napa2014,6.261087372288564,6.02,,0.2410873722885647,,28,0.4733143278391926,0.7542752034323481
ruhl,100,Napa2014,6.261087372288564,6.02,,0.2410873722885647,,28,0.4767382296986399,0.7542752034323481
ruhl,101,Napa2014,6.261087372288564,6.02,,0.2410873722885647,,28,0.4782728957016153,0.7542752034323481
ruhl,102,Napa2014,6.261087372288564,6.02,,0.2410873722885647,,28,0.4774268088395006,0.7542752034323481
ruhl,103,Napa2014,6.261087372288564,6.02,,0.2410873722885647,,28,0.4742864758963512,0.7542752034323481
ruhl,104,Napa2014,6.2880303218882405,6.02,,0.2680303218882409,,28,0.469125294355864,0.7407866625221402
ruhl,105,Napa2014,6.297259925476073,6.02,,0.2772599254760735,,28,0.4687836301217776,0.7266148491512636
ruhl,106,Napa2014,6.313652057243012,6.02,,0.2936520572430119,,28,0.4696764025632842,0.7266148491512636
ruhl,107,Napa2014,6.33358331423833,6.02,,0.3135833142383308,,28,0.4705611981037755,0.7266148491512636
ruhl,108,Napa2014,6.335551679901975,6.02,,0.3155516799019757,,28,0.4708602426292208,0.7266148491512636
ruhl,109,Napa2014,6.335551679901975,6.02,,0.3155516799019757,,28,0.4713699665076883,0.7234349226473098
ruhl,110,Napa2014,6.3505539148980255,6.02,,0.3305539148980259,,28,0.4707010032547614,0.6987226943472082
ruhl,111,Napa2014,6.353133386859232,6.02,,0.3331333868592327,,28,0.4712903204646291,0.6942636783972613
ruhl,112,Napa2014,6.353133386859232,6.02,,0.3331333868592327,,28,0.472140446016393,0.6942636783972613
ruhl,113,Napa2014,6.353133386859232,6.02,,0.3331333868592327,,28,0.4720510792977652,0.6775919505946177
ruhl,114,Napa2014,6.353133386859232,6.02,,0.3331333868592327,,28,0.4733889606844668,0.6543799525784086
ruhl,115,Napa2014,6.353133386859232,6.02,,0.3331333868592327,,28,0.4751945824587385,0.6745143778493361
ruhl,116,Napa2014,6.353133386859232,6.02,,0.3331333868592327,,28,0.4752476610211254,0.6752488914525969
ruhl,117,Napa2014,6.353133386859232,6.02,,0.3331333868592327,,28,0.4746880631718654,0.6752488914525969
ruhl,118,Napa2014,6.353133386859232,6.02,,0.3331333868592327,,28,0.4746880631718654,0.6752488914525969
ruhl,119,Napa2014,6.353133386859232,6.02,,0.3331333868592327,,28,0.4746880631718654,0.6752488914525969
ruhl,120,Napa2014,6.353133386859232,6.02,,0.3331333868592327,,28,0.4746880631718654,0.6752488914525969
ruhl,121,Napa2014,6.353133386859232,6.02,,0.3331333868592327,,28,0.4746880631718654,0.6752488914525969
ruhl,122,Napa2014,6.353133386859232,6.02,,0.3331333868592327,,28,0.4746880631718654,0.6752488914525969
ruhl,123,Napa2014,6.353133386859232,6.02,,0.3331333868592327,,28,0.4746880631718654,0.6752488914525969
ruhl,124,Napa2014,6.353133386859232,6.02,,0.3331333868592327,,28,0.4746880631718654,0.6752488914525969
ruhl,125,Napa2014,6.353133386859232,6.02,,0.3331333868592327,,28,0.4748068470894404,0.6785454622368121
ruhl,126,Napa2014,6.353133386859232,6.02,,0.3331333868592327,,28,0.4757318200690246,0.6975183108472907
ruhl,127,Napa2014,6.353133386859232,6.02,,0.3331333868592327,,28,0.4766054127791944,0.718429087380386
ruhl,128,Napa2014,6.353133386859232,6.02,,0.3331333868592327,,28,0.4769343922050423,0.7287870593010677
ruhl,129,Napa2014,6.353831180613579,6.02,,0.3338311806135792,,28,0.4769463684392957,0.7287870593010677
ruhl,130,Napa2014,6.367307775086502,6.02,,0.3473077750865023,,28,0.4772202999619315,0.7292547975521941
ruhl,131,Napa2014,6.367307775086502,6.02,,0.3473077750865023,,28,0.4776787128720313,0.737026277231343
ruhl,132,Napa2014,6.367307775086502,6.02,,0.3473077750865023,,28,0.478429904976811,0.7373673423696365
ruhl,133,Napa2014,6.367307775086502,6.02,,0.3473077750865023,,28,0.4794454667269204,0.7373673423696365
ruhl,134,Napa2014,6.367307775086502,6.02,,0.3473077750865023,,28,0.4798409459427053,0.7373673423696365
ruhl,135,Napa2014,6.367307775086502,6.02,,0.3473077750865023,,28,0.4802929073845232,0.7373673423696365
ruhl,136,Napa2014,6.367307775086502,6.02,,0.3473077750865023,,28,0.4809315127259517,0.7373673423696365
ruhl,137,Napa2014,6.367307775086502,6.02,,0.3473077750865023,,28,0.4814114378081744,0.7474432316128832
ruhl,138,Napa2014,6.367307775086502,6.02,,0.3473077750865023,,28,0.4815102349257192,0.7484250287242844
ruhl,139,Napa2014,6.367307775086502,6.02,,0.3473077750865023,,28,0.4816561545401365,0.7484250287242844
ruhl,140,Napa2014,6.367307775086502,6.02,,0.3473077750865023,,28,0.4817725154478204,0.7484250287242844
ruhl,141,Napa2014,6.367307775086502,6.02,,0.3473077750865023,,28,0.4991051206739735,0.7616817491477583
ruhl,142,Napa2014,6.367307775086502,6.02,,0.3473077750865023,,28,0.5237139727034008,0.7616817491477583
ruhl,143,Napa2014,6.367307775086502,6.02,,0.3473077750865023,,28,0.531677086348028,0.7616817491477583
ruhl,144,Napa2014,6.367307775086502,6.02,,0.3473077750865023,,28,0.5318885790370241,0.7616817491477583
ruhl,145,Napa2014,6.367307775086502,6.02,,0.3473077750865023,,28,0.5318885790370241,0.7616817491477583
ruhl,146,Napa2014,6.367307775086502,6.02,,0.3473077750865023,,28,0.5318080708223601,0.761118594651923
ruhl,147,Napa2014,6.367307775086502,6.02,,0.3473077750865023,,28,0.5318080708223601,0.761118594651923
ruhl,148,Napa2014,6.367307775086502,6.02,,0.3473077750865023,,28,0.5320597087897234,0.7637834761255347
ruhl,149,Napa2014,6.367307775086502,6.02,,0.3473077750865023,,28,0.5320597087897234,0.7637834761255347
ruhl,150,Napa2014,6.367307775086502,6.02,,0.3473077750865023,,28,0.5320597087897234,0.7637834761255347
ruhl,151,Napa2014,6.367307775086502,6.02,,0.3473077750865023,,28,0.5320597087897234,0.7637834761255347
ruhl,152,Napa2014,6.367307775086502,6.02,,0.3473077750865023,,28,0.5320597087897234,0.7637834761255347
ruhl,153,Napa2014,6.367307775086502,6.02,,0.3473077750865023,,28,0.5320597087897234,0.7637834761255347
ruhl,154,Napa2014,6.367307775086502,6.02,,0.3473077750865023,,28,0.5321010565623935,0.7637834761255347
ruhl,155,Napa2014,6.367307775086502,6.02,,0.3473077750865023,,28,0.5315762878117202,0.7637834761255347
ruhl,156,Napa2014,6.367307775086502,6.02,,0.3473077750865023,,28,0.5315591850510206,0.7637834761255347
ruhl,157,Napa2014,6.370200391491814,6.02,,0.3502003914918141,,28,0.531830841058982,0.7637834761255347
ruhl,158,Napa2014,6.370200391491814,6.02,,0.3502003914918141,,28,0.5320107381131137,0.7637834761255347
ruhl,159,Napa2014,6.370200391491814,6.02,,0.3502003914918141,,28,0.5321644750107858,0.7637834761255347
ruhl,160,Napa2014,6.370200391491814,6.02,,0.3502003914918141,,28,0.5327734603419244,0.7671626102819928
ruhl,161,Napa2014,6.370200391491814,6.02,,0.3502003914918141,,28,0.5338104157001649,0.7754106314342293
ruhl,162,Napa2014,6.370200391491814,6.02,,0.3502003914918141,,28,0.5346511102932047,0.7754106314342293
ruhl,163,Napa2014,6.370200391491814,6.02,,0.3502003914918141,,28,0.535012086174233,0.7754106314342293
ruhl,164,Napa2014,6.370200391491814,6.02,,0.3502003914918141,,28,0.5390339464248982,0.7754106314342293
ruhl,165,Napa2014,6.370200391491814,6.02,,0.3502003914918141,,28,0.5449353357843646,0.7871371909690552
ruhl,166,Napa2014,6.370200391491814,6.02,,0.3502003914918141,,28,0.5479279151453506,0.7972693290137629
ruhl,167,Napa2014,6.379576555125783,6.02,,0.3595765551257832,,28,0.5481653854248151,0.8042683331797447
ruhl,168,Napa2014,6.379576555125783,6.02,,0.3595765551257832,,28,0.5485672214949128,0.8086553400424084
ruhl,169,Napa2014,6.379576555125783,6.02,,0.3595765551257832,,28,0.5486591501126501,0.809630724434748
ruhl,170,Napa2014,6.379576555125783,6.02,,0.3595765551257832,,28,0.5486591501126501,0.809630724434748
ruhl,171,Napa2014,6.379576555125783,6.02,,0.3595765551257832,,28,0.5486591501126501,0.809630724434748
ruhl,172,Napa2014,6.379576555125783,6.02,,0.3595765551257832,,28,0.5486591501126501,0.809630724434748
ruhl,173,Napa2014,6.379576555125783,6.02,,0.3595765551257832,,28,0.5486591501126501,0.809630724434748
ruhl,174,Napa2014,6.379576555125783,6.02,,0.3595765551257832,,28,0.5486591501126501,0.809630724434748
ruhl,175,Napa2014,6.379576555125783,6.02,,0.3595765551257832,,28,0.5486591501126501,0.809630724434748
ruhl,176,Napa2014,6.379576555125783,6.02,,0.3595765551257832,,28,0.5486591501126501,0.809630724434748
ruhl,177,Napa2014,6.379576555125783,6.02,,0.3595765551257832,,28,0.5486591501126501,0.809630724434748
ruhl,178,Napa2014,6.379576555125783,6.02,,0.3595765551257832,,28,0.5486591501126501,0.809630724434748
ruhl,179,Napa2014,6.379576555125783,6.02,,0.3595765551257832,,28,0.5486591501126501,0.809630724434748
ruhl,180,Napa2014,6.379576555125783,6.02,,0.3595765551257832,,28,0.5486591501126501,0.809630724434748
ruhl,181,Napa2014,6.379576555125783,6.02,,0.3595765551257832,,28,0.5486591501126501,0.809630724434748
ruhl,182,Napa2014,6.379576555125783,6.02,,0.3595765551257832,,28,0.5486591501126501,0.809630724434748
ruhl,183,Napa2014,6.379576555125783,6.02,,0.3595765551257832,,28,0.5486591501126501,0.809630724434748
ruhl,184,Napa2014,6.379576555125783,6.02,,0.3595765551257832,,28,0.5514887794914801,0.809630724434748
ruhl,185,Napa2014,6.379576555125783,6.02,,0.3595765551257832,,28,0.555938972636855,0.809630724434748
ruhl,186,Napa2014,6.379576555125783,6.02,,0.3595765551257832,,28,0.5585470630520316,0.809630724434748
ruhl,187,Napa2014,6.379576555125783,6.02,,0.3595765551257832,,28,0.5585470630520316,0.809630724434748
ruhl,188,Napa2014,6.379576555125783,6.02,,0.3595765551257832,,28,0.5585470630520316,0.809630724434748
ruhl,189,Napa2014,6.379576555125783,6.02,,0.3595765551257832,,28,0.5583554005400299,0.809630724434748
ruhl,190,Napa2014,6.379576555125783,6.02,,0.3595765551257832,,28,0.5580708920950307,0.809630724434748
ruhl,191,Napa2014,6.379576555125783,6.02,,0.3595765551257832,,28,0.558561219944329,0.809630724434748
ruhl,192,Napa2014,6.379576555125783,6.02,,0.3595765551257832,,28,0.5582246806194844,0.809630724434748
ruhl,193,Napa2014,6.379576555125783,6.02,,0.3595765551257832,,28,0.5582246806194844,0.809630724434748
ruhl,194,Napa2014,6.379576555125783,6.02,,0.3595765551257832,,28,0.5582246806194844,0.809630724434748
ruhl,195,Napa2014,6.379576555125783,6.02,,0.3595765551257832,,28,0.5582246806194844,0.809630724434748
ruhl,196,Napa2014,6.379576555125783,6.02,,0.3595765551257832,,28,0.5579805531956743,0.809630724434748
ruhl,197,Napa2014,6.379576555125783,6.02,,0.3595765551257832,,28,0.5577847306397407,0.809630724434748
ruhl,198,Napa2014,6.379576555125783,6.02,,0.3595765551257832,,28,0.5577847306397407,0.809630724434748
ruhl,199,Napa2014,6.379576555125783,6.02,,0.3595765551257832,,28,0.5577847306397407,0.809630724434748
ruhl,200,Napa2014,6.379576555125783,6.02,,0.3595765551257832,,28,0.5577847306397407,0.809630724434748
crowell,1,Ridgecrest2019,6.204880950952598,7.1,,-0.8951190490474019,,130,0.4956677804840735,0.6975354237352285
crowell,2,Ridgecrest2019,6.3269013858052485,7.1,,-0.7730986141947511,,130,0.4692230767634764,0.665721942293465
crowell,3,Ridgecrest2019,6.338472113560401,7.1,,-0.7615278864395982,,130,0.4534166018556903,0.6463750224375122
crowell,4,Ridgecrest2019,6.363636193500621,7.1,,-0.7363638064993783,,130,0.4417461219379336,0.6116587991456006
crowell,5,Ridgecrest2019,6.393882144172316,7.1,,-0.7061178558276833,,130,0.4347100392867205,0.5827707445516186
crowell,6,Ridgecrest2019,6.431460075872112,7.1,,-0.668539924127888,,130,0.4238681812131365,0.5577464533424008
crowell,7,Ridgecrest2019,6.467706141814807,7.1,,-0.6322938581851929,,130,0.4136290692709871,0.545505068392746
crowell,8,Ridgecrest2019,6.489119500848332,7.1,,-0.6108804991516674,,130,0.4034174262668408,0.5319111015055586
crowell,9,Ridgecrest2019,6.5076187420668585,7.1,,-0.5923812579331411,,130,0.4020614991261201,0.5297635760464319
crowell,10,Ridgecrest2019,6.5077476518935296,7.1,,-0.5922523481064701,,130,0.4041419725549942,0.5648857502385942
crowell,11,Ridgecrest2019,6.55021886396075,7.1,,-0.5497811360392495,,130,0.4025788777777734,0.5500739392963139
crowell,12,Ridgecrest2019,6.5786249161089465,7.1,,-0.5213750838910531,,130,0.3918260715193122,0.528426956787313
crowell,13,Ridgecrest2019,6.579405973530815,7.1,,-0.5205940264691851,,130,0.3848926482294139,0.5239727885406396
crowell,14,Ridgecrest2019,6.588141708969936,7.1,,-0.5118582910300642,,130,0.3824682581216431,0.5239657982514183
crowell,15,Ridgecrest2019,6.616391442529668,7.1,,-0.4836085574703315,,130,0.3782491307201716,0.4878136355583677
crowell,16,Ridgecrest2019,6.632874965697329,7.1,,-0.4671250343026703,,130,0.3711986756984916,0.4792204962785602
crowell,17,Ridgecrest2019,6.637056474859065,7.1,,-0.4629435251409344,,130,0.361636003041468,0.4642150671246341
crowell,18,Ridgecrest2019,6.650300358350627,7.1,,-0.4496996416493726,,130,0.3540464972414585,0.443375287352719
crowell,19,Ridgecrest2019,6.677779536593446,7.1,,-0.4222204634065534,,130,0.3397508488509428,0.4419863440084679
crowell,20,Ridgecrest2019,6.689903005501746,7.1,,-0.4100969944982537,,130,0.3220590690875746,0.434636685788706
crowell,21,Ridgecrest2019,6.692069801157421,7.1,,-0.4079301988425783,,130,0.3090130974539798,0.4292567220961052
crowell,22,Ridgecrest2019,6.70142462565255,7.1,,-0.39857537434745,,130,0.2980656562365572,0.4059553217627893
crowell,23,Ridgecrest2019,6.72899963444328,7.1,,-0.3710003655567195,,130,0.2885102103504623,0.3510254882619916
crowell,24,Ridgecrest2019,6.745424591666692,7.1,,-0.3545754083333072,,130,0.2860525539486333,0.3628349925643235
crowell,25,Ridgecrest2019,6.774750114184538,7.1,,-0.3252498858154613,,130,0.2887375020405882,0.3488630443772651
crowell,26,Ridgecrest2019,6.801844029723135,7.1,,-0.2981559702768646,,130,0.2903597351270056,0.347196627180927
crowell,27,Ridgecrest2019,6.81535558596263,7.1,,-0.2846444140373698,,130,0.2888338790159063,0.3482019816044657
crowell,28,Ridgecrest2019,6.830950935466625,7.1,,-0.2690490645333749,,130,0.2848814923828873,0.3805990559897543
crowell,29,Ridgecrest2019,6.831882014395101,7.1,,-0.2681179856048983,,130,0.2814821612947274,0.3624802407729817
crowell,30,Ridgecrest2019,6.852328022279254,7.1,,-0.2476719777207456,,130,0.275494156191219,0.3254958943591095
crowell,31,Ridgecrest2019,6.866044505928878,7.1,,-0.2339554940711217,,130,0.2719108824136848,0.3133621934565394
crowell,32,Ridgecrest2019,6.889098595739243,7.1,,-0.2109014042607562,,130,0.2633498603859165,0.3020094434489468
crowell,33,Ridgecrest2019,6.896874268069091,7.1,,-0.2031257319309087,,130,0.259406214528776,0.2830087137145343
crowell,34,Ridgecrest2019,6.898356506041157,7.1,,-0.2016434939588425,,130,0.2536362567868309,0.2602504590409547
crowell,35,Ridgecrest2019,6.914447767435517,7.1,,-0.1855522325644827,,130,0.2481442771048833,0.2437343266640494
crowell,36,Ridgecrest2019,6.9197090043652825,7.1,,-0.1802909956347171,,130,0.2440471772484508,0.2401850787321535
crowell,37,Ridgecrest2019,6.92275613856574,7.1,,-0.1772438614342597,,130,0.2407086472197278,0.2397102740143619
crowell,38,Ridgecrest2019,6.92275613856574,7.1,,-0.1772438614342597,,130,0.2382663753441649,0.2340307774177716
crowell,39,Ridgecrest2019,6.926169315321078,7.1,,-0.1738306846789212,,130,0.2347149367477763,0.2283295604066619
crowell,40,Ridgecrest2019,6.945701382997704,7.1,,-0.1542986170022953,,130,0.2302135533757552,0.2343762135799494
crowell,41,Ridgecrest2019,6.953623942177047,7.1,,-0.1463760578229527,,130,0.228743015478661,0.2343762135799494
crowell,42,Ridgecrest2019,6.953623942177047,7.1,,-0.1463760578229527,,130,0.2273548880573239,0.2338192421874882
crowell,43,Ridgecrest2019,6.953623942177047,7.1,,-0.1463760578229527,,130,0.2254677354840988,0.2399553444682061
crowell,44,Ridgecrest2019,6.955713435556916,7.1,,-0.1442865644430835,,130,0.2229908718122611,0.2417876768519757
crowell,45,Ridgecrest2019,6.959074942454354,7.1,,-0.1409250575456457,,130,0.2223583660573497,0.2377307783871893
crowell,46,Ridgecrest2019,6.961667209352772,7.1,,-0.1383327906472278,,130,0.2255850774569202,0.2676679440825626
crowell,47,Ridgecrest2019,6.96419187565156,7.1,,-0.1358081243484399,,130,0.2222122685360315,0.2589797533082025
crowell,48,Ridgecrest2019,6.970819146064215,7.1,,-0.129180853935785,,130,0.222417881751743,0.2624769440842884
crowell,49,Ridgecrest2019,6.970819146064215,7.1,,-0.129180853935785,,130,0.2232451624646112,0.2873161784316291
crowell,50,Ridgecrest2019,6.978127849457577,7.1,,-0.1218721505424227,,130,0.2228168624189639,0.2873161784316291
crowell,51,Ridgecrest2019,6.981402205539205,7.1,,-0.1185977944607943,,130,0.2220430945770482,0.2873161784316291
crowell,52,Ridgecrest2019,6.9990230119862495,7.1,,-0.1009769880137501,,130,0.2221648025802872,0.281405142984819
crowell,53,Ridgecrest2019,6.9990230119862495,7.1,,-0.1009769880137501,,130,0.2223401488302317,0.281405142984819
crowell,54,Ridgecrest2019,7.007963763477957,7.1,,-0.092036236522043,,130,0.222073721564178,0.2822270404490927
crowell,55,Ridgecrest2019,7.007963763477957,7.1,,-0.092036236522043,,130,0.2219979927458691,0.2840563560397626
crowell,56,Ridgecrest2019,7.028873679431374,7.1,,-0.0711263205686254,,130,0.2187866246995563,0.2817170768059673
crowell,57,Ridgecrest2019,7.028873679431374,7.1,,-0.0711263205686254,,130,0.2198865691076507,0.2929630462411081
crowell,58,Ridgecrest2019,7.028873679431374,7.1,,-0.0711263205686254,,130,0.2201839620061299,0.2896624238813841
crowell,59,Ridgecrest2019,7.033453447141616,7.1,,-0.0665465528583837,,130,0.221070640634885,0.2943226108716716
crowell,60,Ridgecrest2019,7.033453447141616,7.1,,-0.0665465528583837,,130,0.2231048154910389,0.2979112215492607
crowell,61,Ridgecrest2019,7.033453447141616,7.1,,-0.0665465528583837,,130,0.2239072301648465,0.3166985084393108
crowell,62,Ridgecrest2019,7.039330045845093,7.1,,-0.0606699541549069,,130,0.2241516129954159,0.3159169058390967
crowell,63,Ridgecrest2019,7.04577001306009,7.1,,-0.0542299869399096,,130,0.2229297654343765,0.3102470043685104
crowell,64,Ridgecrest2019,7.055737383263649,7.1,,-0.0442626167363506,,130,0.2238554982920928,0.2916180218989002
crowell,65,Ridgecrest2019,7.055737383263649,7.1,,-0.0442626167363506,,130,0.2266195599726827,0.3103598890269072
crowell,66,Ridgecrest2019,7.064259284355744,7.1,,-0.0357407156442555,,130,0.2279668367877265,0.3151319538918606
crowell,67,Ridgecrest2019,7.06549805723043,7.1,,-0.0345019427695696,,130,0.2289224189088097,0.3205217208480206
crowell,68,Ridgecrest2019,7.085618834469507,7.1,,-0.0143811655304926,,130,0.2310467022506354,0.3299275920455038
crowell,69,Ridgecrest2019,7.0881249456974125,7.1,,-0.0118750543025871,,130,0.2336524883023176,0.326828370767724
crowell,70,Ridgecrest2019,7.0907526172020034,7.1,,-0.0092473827979961,,130,0.2366008008315334,0.319184941847598
crowell,71,Ridgecrest2019,7.092492546880387,7.1,,-0.0075074531196124,,130,0.2387502278946185,0.319184941847598
crowell,72,Ridgecrest2019,7.094325677331256,7.1,,-0.0056743226687441,,130,0.2422480929782066,0.3236782563515872
crowell,73,Ridgecrest2019,7.094325677331256,7.1,,-0.0056743226687441,,130,0.2454317127064286,0.3236782563515872
crowell,74,Ridgecrest2019,7.094325677331256,7.1,,-0.0056743226687441,,130,0.2470659626126172,0.3246423779485283
crowell,75,Ridgecrest2019,7.095126215010425,7.1,,-0.0048737849895745,,130,0.2474404961574041,0.3246423779485283
crowell,76,Ridgecrest2019,7.096844512976634,7.1,,-0.0031554870233652,,130,0.2487439218464523,0.3257465925603986
crowell,77,Ridgecrest2019,7.096844512976634,7.1,,-0.0031554870233652,,130,0.2525178642034698,0.3287716566774552
crowell,78,Ridgecrest2019,7.102921651248303,7.1,,0.002921651248303,,130,0.2540778361306766,0.3372299510006176
crowell,79,Ridgecrest2019,7.111469854440255,7.1,,0.0114698544402553,,130,0.2560223904667726,0.3324733110562965
crowell,80,Ridgecrest2019,7.117372711384532,7.1,,0.0173727113845325,,130,0.258339339777847,0.3515401593476275
crowell,81,Ridgecrest2019,7.123995339754295,7.1,,0.0239953397542951,,130,0.2617967607219963,0.3515401593476275
crowell,82,Ridgecrest2019,7.126126965635761,7.1,,0.0261269656357612,,130,0.2645977995339965,0.3515401593476275
crowell,83,Ridgecrest2019,7.131819237121629,7.1,,0.0318192371216294,,130,0.2650158636120556,0.3515401593476275
crowell,84,Ridgecrest2019,7.131819237121629,7.1,,0.0318192371216294,,130,0.26649709532149,0.3515401593476275
crowell,85,Ridgecrest2019,7.135111930640769,7.1,,0.0351119306407694,,130,0.268202371056265,0.3515401593476275
crowell,86,Ridgecrest2019,7.135111930640769,7.1,,0.0351119306407694,,130,0.269390087226728,0.3656644677362557
crowell,87,Ridgecrest2019,7.135111930640769,7.1,,0.0351119306407694,,130,0.2719652300382186,0.3656644677362557
crowell,88,Ridgecrest2019,7.135111930640769,7.1,,0.0351119306407694,,130,0.2733050089389322,0.3699987048089399
crowell,89,Ridgecrest2019,7.135111930640769,7.1,,0.0351119306407694,,130,0.2742723531810987,0.3699987048089399
crowell,90,Ridgecrest2019,7.135111930640769,7.1,,0.0351119306407694,,130,0.2748686181843841,0.3699987048089399
crowell,91,Ridgecrest2019,7.135111930640769,7.1,,0.0351119306407694,,130,0.2753771923252911,0.3800476751768755
crowell,92,Ridgecrest2019,7.135111930640769,7.1,,0.0351119306407694,,130,0.2763954611950445,0.3800476751768755
crowell,93,Ridgecrest2019,7.135111930640769,7.1,,0.0351119306407694,,130,0.2776610641042903,0.3903243760488282
crowell,94,Ridgecrest2019,7.135111930640769,7.1,,0.0351119306407694,,130,0.2780556307105988,0.3903243760488282
crowell,95,Ridgecrest2019,7.135111930640769,7.1,,0.0351119306407694,,130,0.2782608625213165,0.3903243760488282
crowell,96,Ridgecrest2019,7.135111930640769,7.1,,0.0351119306407694,,130,0.2789192542498834,0.3903243760488282
crowell,97,Ridgecrest2019,7.135111930640769,7.1,,0.0351119306407694,,130,0.279327712122516,0.3903243760488282
crowell,98,Ridgecrest2019,7.135111930640769,7.1,,0.0351119306407694,,130,0.2794701999043801,0.3903243760488282
crowell,99,Ridgecrest2019,7.135111930640769,7.1,,0.0351119306407694,,130,0.2798283593089234,0.3903243760488282
crowell,100,Ridgecrest2019,7.135111930640769,7.1,,0.0351119306407694,,130,0.280245687712513,0.3903243760488282
crowell,101,Ridgecrest2019,7.135111930640769,7.1,,0.0351119306407694,,130,0.2804496824366453,0.3903243760488282
crowell,102,Ridgecrest2019,7.135111930640769,7.1,,0.0351119306407694,,130,0.2805758330278935,0.3953836115615621
crowell,103,Ridgecrest2019,7.135111930640769,7.1,,0.0351119306407694,,130,0.2830546037628518,0.4020138643913586
crowell,104,Ridgecrest2019,7.135111930640769,7.1,,0.0351119306407694,,130,0.2865815922910933,0.4020138643913586
crowell,105,Ridgecrest2019,7.135111930640769,7.1,,0.0351119306407694,,130,0.2866284815561118,0.4025993116875188
crowell,106,Ridgecrest2019,7.135111930640769,7.1,,0.0351119306407694,,130,0.2872083426249723,0.4034515365223923
crowell,107,Ridgecrest2019,7.135111930640769,7.1,,0.0351119306407694,,130,0.2879649083802173,0.4164066666979744
crowell,108,Ridgecrest2019,7.135111930640769,7.1,,0.0351119306407694,,130,0.2886171854835898,0.4164066666979744
crowell,109,Ridgecrest2019,7.135111930640769,7.1,,0.0351119306407694,,130,0.2893269098402077,0.4164066666979744
crowell,110,Ridgecrest2019,7.135111930640769,7.1,,0.0351119306407694,,130,0.2897331396358204,0.4164066666979744
crowell,111,Ridgecrest2019,7.135111930640769,7.1,,0.0351119306407694,,130,0.2898824354017501,0.4164066666979744
crowell,112,Ridgecrest2019,7.135111930640769,7.1,,0.0351119306407694,,130,0.2899101811892177,0.4164066666979744
crowell,113,Ridgecrest2019,7.135111930640769,7.1,,0.0351119306407694,,130,0.2903005595611629,0.4164066666979744
crowell,114,Ridgecrest2019,7.141563983769045,7.1,,0.0415639837690458,,130,0.2915782418999055,0.4164066666979744
crowell,115,Ridgecrest2019,7.148145840192726,7.1,,0.0481458401927259,,130,0.2936950431816949,0.4164066666979744
crowell,116,Ridgecrest2019,7.148145840192726,7.1,,0.0481458401927259,,130,0.2960021985764253,0.4164066666979744
crowell,117,Ridgecrest2019,7.148145840192726,7.1,,0.0481458401927259,,130,0.2970145454809661,0.4164066666979744
crowell,118,Ridgecrest2019,7.148145840192726,7.1,,0.0481458401927259,,130,0.2978975277611063,0.4164066666979744
crowell,119,Ridgecrest2019,7.148145840192726,7.1,,0.0481458401927259,,130,0.3001257423278859,0.4293143096878866
crowell,120,Ridgecrest2019,7.148145840192726,7.1,,0.0481458401927259,,130,0.3007725357546578,0.4293143096878866
crowell,121,Ridgecrest2019,7.148145840192726,7.1,,0.0481458401927259,,130,0.3014243896731896,0.4293143096878866
crowell,122,Ridgecrest2019,7.148145840192726,7.1,,0.0481458401927259,,130,0.3032415772082968,0.4293143096878866
crowell,123,Ridgecrest2019,7.148145840192726,7.1,,0.0481458401927259,,130,0.3057016809415843,0.4293143096878866
crowell,124,Ridgecrest2019,7.148145840192726,7.1,,0.0481458401927259,,130,0.3073025478864697,0.4293143096878866
crowell,125,Ridgecrest2019,7.148145840192726,7.1,,0.0481458401927259,,130,0.3084838041570925,0.4293143096878866
crowell,126,Ridgecrest2019,7.148145840192726,7.1,,0.0481458401927259,,130,0.310277751001792,0.4320627430940913
crowell,127,Ridgecrest2019,7.148145840192726,7.1,,0.0481458401927259,,130,0.31210703149188,0.4324628166889361
crowell,128,Ridgecrest2019,7.148145840192726,7.1,,0.0481458401927259,,130,0.3122798110914463,0.4324628166889361
crowell,129,Ridgecrest2019,7.148145840192726,7.1,,0.0481458401927259,,130,0.3125795114314705,0.4324628166889361
crowell,130,Ridgecrest2019,7.148145840192726,7.1,,0.0481458401927259,,130,0.3166154039949678,0.4324628166889361
crowell,131,Ridgecrest2019,7.148145840192726,7.1,,0.0481458401927259,,130,0.3194658843366442,0.4324628166889361
crowell,132,Ridgecrest2019,7.148145840192726,7.1,,0.0481458401927259,,130,0.3197680225281298,0.4352755226996621
crowell,133,Ridgecrest2019,7.148145840192726,7.1,,0.0481458401927259,,130,0.319884659251496,0.4352755226996621
crowell,134,Ridgecrest2019,7.148145840192726,7.1,,0.0481458401927259,,130,0.3201882805425025,0.4352755226996621
crowell,135,Ridgecrest2019,7.148145840192726,7.1,,0.0481458401927259,,130,0.3205968325236373,0.4352755226996621
crowell,136,Ridgecrest2019,7.148145840192726,7.1,,0.0481458401927259,,130,0.3208617915646696,0.4352755226996621
crowell,137,Ridgecrest2019,7.148145840192726,7.1,,0.0481458401927259,,130,0.3211854157832229,0.4375292530956214
crowell,138,Ridgecrest2019,7.148145840192726,7.1,,0.0481458401927259,,130,0.3213184735625108,0.4375292530956214
crowell,139,Ridgecrest2019,7.148145840192726,7.1,,0.0481458401927259,,130,0.3213184735625108,0.4375292530956214
crowell,140,Ridgecrest2019,7.148145840192726,7.1,,0.0481458401927259,,130,0.3213551587570085,0.4375292530956214
crowell,141,Ridgecrest2019,7.148145840192726,7.1,,0.0481458401927259,,130,0.3222041540895802,0.4375292530956214
crowell,142,Ridgecrest2019,7.148145840192726,7.1,,0.0481458401927259,,130,0.3222041540895802,0.4375292530956214
crowell,143,Ridgecrest2019,7.148145840192726,7.1,,0.0481458401927259,,130,0.3222041540895802,0.4375292530956214
crowell,144,Ridgecrest2019,7.148145840192726,7.1,,0.0481458401927259,,130,0.3222072002963184,0.4375292530956214
crowell,145,Ridgecrest2019,7.148145840192726,7.1,,0.0481458401927259,,130,0.3233929096465535,0.4375292530956214
crowell,146,Ridgecrest2019,7.148145840192726,7.1,,0.0481458401927259,,130,0.3246584645882468,0.4416998819431601
crowell,147,Ridgecrest2019,7.148145840192726,7.1,,0.0481458401927259,,130,0.3261545548296133,0.4416998819431601
crowell,148,Ridgecrest2019,7.148145840192726,7.1,,0.0481458401927259,,130,0.3272727520184658,0.4416998819431601
crowell,149,Ridgecrest2019,7.148145840192726,7.1,,0.0481458401927259,,130,0.3277096169775111,0.4416998819431601
crowell,150,Ridgecrest2019,7.148145840192726,7.1,,0.0481458401927259,,130,0.3277492082165888,0.4416998819431601
crowell,151,Ridgecrest2019,7.148145840192726,7.1,,0.0481458401927259,,130,0.3277492082165888,0.4416998819431601
crowell,152,Ridgecrest2019,7.148145840192726,7.1,,0.0481458401927259,,130,0.3278750770469019,0.4416998819431601
crowell,153,Ridgecrest2019,7.148145840192726,7.1,,0.0481458401927259,,130,0.3285743837106167,0.4416998819431601
crowell,154,Ridgecrest2019,7.148145840192726,7.1,,0.0481458401927259,,130,0.3299744022450027,0.4416998819431601
crowell,155,Ridgecrest2019,7.148145840192726,7.1,,0.0481458401927259,,130,0.3306941853716655,0.4585045835919352
crowell,156,Ridgecrest2019,7.148145840192726,7.1,,0.0481458401927259,,130,0.3311891149530239,0.4585045835919352
crowell,157,Ridgecrest2019,7.148145840192726,7.1,,0.0481458401927259,,130,0.3312992562062525,0.4585045835919352
crowell,158,Ridgecrest2019,7.148145840192726,7.1,,0.0481458401927259,,130,0.3312596654578789,0.4585045835919352
crowell,159,Ridgecrest2019,7.148145840192726,7.1,,0.0481458401927259,,130,0.3316628874263744,0.4585045835919352
crowell,160,Ridgecrest2019,7.148145840192726,7.1,,0.0481458401927259,,130,0.3320904151871664,0.4673821524211892
crowell,161,Ridgecrest2019,7.148145840192726,7.1,,0.0481458401927259,,130,0.3325940287282242,0.4673821524211892
crowell,162,Ridgecrest2019,7.148145840192726,7.1,,0.0481458401927259,,130,0.3327336110769218,0.4673821524211892
crowell,163,Ridgecrest2019,7.148145840192726,7.1,,0.0481458401927259,,130,0.3327336110769218,0.4673821524211892
crowell,164,Ridgecrest2019,7.148145840192726,7.1,,0.0481458401927259,,130,0.3327336110769218,0.4673821524211892
crowell,165,Ridgecrest2019,7.148145840192726,7.1,,0.0481458401927259,,130,0.3327336110769218,0.4673821524211892
crowell,166,Ridgecrest2019,7.148145840192726,7.1,,0.0481458401927259,,130,0.3329620371156917,0.4673821524211892
crowell,167,Ridgecrest2019,7.148145840192726,7.1,,0.0481458401927259,,130,0.3333056665438404,0.4673821524211892
crowell,168,Ridgecrest2019,7.148145840192726,7.1,,0.0481458401927259,,130,0.3333347381251547,0.4673821524211892
crowell,169,Ridgecrest2019,7.148145840192726,7.1,,0.0481458401927259,,130,0.3334336439917362,0.4673821524211892
crowell,170,Ridgecrest2019,7.148145840192726,7.1,,0.0481458401927259,,130,0.3334778675540283,0.4673821524211892
crowell,171,Ridgecrest2019,7.148145840192726,7.1,,0.0481458401927259,,130,0.3334778675540283,0.4673821524211892
crowell,172,Ridgecrest2019,7.148145840192726,7.1,,0.0481458401927259,,130,0.3334635042948778,0.4673821524211892
crowell,173,Ridgecrest2019,7.153858135801519,7.1,,0.0538581358015193,,130,0.333419303889484,0.4673821524211892
crowell,174,Ridgecrest2019,7.156105675604104,7.1,,0.0561056756041038,,130,0.3343450298768183,0.4673821524211892
crowell,175,Ridgecrest2019,7.156105675604104,7.1,,0.0561056756041038,,130,0.3345670501348911,0.4673821524211892
crowell,176,Ridgecrest2019,7.156105675604104,7.1,,0.0561056756041038,,130,0.3345733436688218,0.4673821524211892
crowell,177,Ridgecrest2019,7.162854035292096,7.1,,0.0628540352920961,,130,0.3345338608241295,0.4683564247830212
crowell,178,Ridgecrest2019,7.162854035292096,7.1,,0.0628540352920961,,130,0.3344707945500047,0.4737563008561194
crowell,179,Ridgecrest2019,7.162854035292096,7.1,,0.0628540352920961,,130,0.3343701890103455,0.4741070291640259
crowell,180,Ridgecrest2019,7.162854035292096,7.1,,0.0628540352920961,,130,0.3345739406760109,0.4741070291640259
crowell,181,Ridgecrest2019,7.162854035292096,7.1,,0.0628540352920961,,130,0.3346189217291594,0.4741070291640259
crowell,182,Ridgecrest2019,7.162854035292096,7.1,,0.0628540352920961,,130,0.3346189217291594,0.4741070291640259
crowell,183,Ridgecrest2019,7.162854035292096,7.1,,0.0628540352920961,,130,0.3346262367379709,0.4741070291640259
crowell,184,Ridgecrest2019,7.162854035292096,7.1,,0.0628540352920961,,130,0.3346262367379709,0.4741070291640259
crowell,185,Ridgecrest2019,7.162854035292096,7.1,,0.0628540352920961,,130,0.3346262367379709,0.4741070291640259
crowell,186,Ridgecrest2019,7.162854035292096,7.1,,0.0628540352920961,,130,0.3346881368535045,0.4741070291640259
crowell,187,Ridgecrest2019,7.16443976398371,7.1,,0.0644397639837102,,130,0.3347145403896907,0.4741070291640259
crowell,188,Ridgecrest2019,7.165426557096822,7.1,,0.0654265570968224,,130,0.334707528286115,0.4741070291640259
crowell,189,Ridgecrest2019,7.165426557096822,7.1,,0.0654265570968224,,130,0.334707528286115,0.4741070291640259
crowell,190,Ridgecrest2019,7.165426557096822,7.1,,0.0654265570968224,,130,0.3349284273261108,0.4741070291640259
crowell,191,Ridgecrest2019,7.165426557096822,7.1,,0.0654265570968224,,130,0.3349285273587651,0.4741070291640259
crowell,192,Ridgecrest2019,7.165426557096822,7.1,,0.0654265570968224,,130,0.335062493010106,0.4741070291640259
crowell,193,Ridgecrest2019,7.165426557096822,7.1,,0.0654265570968224,,130,0.3351981535287817,0.4741070291640259
crowell,194,Ridgecrest2019,7.165426557096822,7.1,,0.0654265570968224,,130,0.335452638724894,0.4741070291640259
crowell,195,Ridgecrest2019,7.165426557096822,7.1,,0.0654265570968224,,130,0.3357347520737253,0.4741070291640259
crowell,196,Ridgecrest2019,7.165426557096822,7.1,,0.0654265570968224,,130,0.3357441284331723,0.4741070291640259
crowell,197,Ridgecrest2019,7.165426557096822,7.1,,0.0654265570968224,,130,0.3366269304372659,0.4741070291640259
crowell,198,Ridgecrest2019,7.165426557096822,7.1,,0.0654265570968224,,130,0.3368880265476021,0.4741070291640259
crowell,199,Ridgecrest2019,7.165426557096822,7.1,,0.0654265570968224,,130,0.3368993108512375,0.4741070291640259
crowell,200,Ridgecrest2019,7.165426557096822,7.1,,0.0654265570968224,,130,0.3368993108512375,0.4741070291640259
direct,1,Ridgecrest2019,7.491673946380615,7.099999904632568,7.086281776428223,0.3916740417480469,0.4053921699523926,130,0.3296815585248949,0.4849989414215088
direct,2,Ridgecrest2019,7.969419479370117,7.099999904632568,7.086281776428223,0.8694195747375488,0.8831377029418945,130,0.3262837466936607,0.4207968711853027
direct,3,Ridgecrest2019,7.782288312911987,7.099999904632568,7.086281776428223,0.682288408279419,0.6960065364837646,130,0.277186285796378,0.371515154838562
direct,4,Ridgecrest2019,7.77286434173584,7.099999904632568,7.086281776428223,0.6728644371032715,0.6865825653076172,130,0.2755456352082901,0.3675659894943237
direct,5,Ridgecrest2019,7.754040002822876,7.099999904632568,7.086281776428223,0.6540400981903076,0.6677582263946533,130,0.2708341473903753,0.3580974340438843
direct,6,Ridgecrest2019,7.711246013641357,7.099999904632568,7.086281776428223,0.6112461090087891,0.6249642372131348,130,0.2967982915354727,0.4173634052276611
direct,7,Ridgecrest2019,7.760809898376465,7.099999904632568,7.086281776428223,0.6608099937438965,0.6745281219482422,130,0.3114972051520581,0.4236923456192016
direct,8,Ridgecrest2019,7.674466133117676,7.099999904632568,7.086281776428223,0.5744662284851074,0.5881843566894531,130,0.333118597450038,0.4762735366821289
direct,9,Ridgecrest2019,7.642587184906006,7.099999904632568,7.086281776428223,0.5425872802734375,0.5563054084777832,130,0.3465241808125344,0.5019253492355347
direct,10,Ridgecrest2019,7.609073162078857,7.099999904632568,7.086281776428223,0.5090732574462891,0.5227913856506348,130,0.3591125094418883,0.5014349222183228
direct,11,Ridgecrest2019,7.682779312133789,7.099999904632568,7.086281776428223,0.5827794075012207,0.5964975357055664,130,0.3514380105828348,0.4836207628250122
direct,12,Ridgecrest2019,7.630931854248047,7.099999904632568,7.086281776428223,0.5309319496154785,0.5446500778198242,130,0.3532769712103762,0.4965337514877319
direct,13,Ridgecrest2019,7.582061290740967,7.099999904632568,7.086281776428223,0.4820613861083984,0.4957795143127441,130,0.3323422453129272,0.4916211366653442
direct,14,Ridgecrest2019,7.546070337295532,7.099999904632568,7.086281776428223,0.4460704326629638,0.4597885608673095,130,0.3297479329252965,0.5213303565979004
direct,15,Ridgecrest2019,7.534532070159912,7.099999904632568,7.086281776428223,0.4345321655273437,0.4482502937316894,130,0.3223082376746472,0.5182803869247437
direct,16,Ridgecrest2019,7.493785381317139,7.099999904632568,7.086281776428223,0.3937854766845703,0.407503604888916,130,0.3232669308110187,0.5391600131988525
direct,17,Ridgecrest2019,7.660440444946289,7.099999904632568,7.086281776428223,0.5604405403137207,0.5741586685180664,130,0.3229847934137641,0.5159496068954468
direct,18,Ridgecrest2019,7.621866464614868,7.099999904632568,7.086281776428223,0.5218665599822998,0.5355846881866455,130,0.3257583009527551,0.5354663133621216
direct,19,Ridgecrest2019,7.597659587860107,7.099999904632568,7.086281776428223,0.497659683227539,0.5113778114318848,130,0.3270450068129894,0.5211790800094604
direct,20,Ridgecrest2019,7.562526226043701,7.099999904632568,7.086281776428223,0.4625263214111328,0.4762444496154785,130,0.328815877654039,0.5270215272903442
direct,21,Ridgecrest2019,7.584268093109131,7.099999904632568,7.086281776428223,0.4842681884765625,0.4979863166809082,130,0.3280913946866899,0.4986056089401245
direct,22,Ridgecrest2019,7.582029581069946,7.099999904632568,7.086281776428223,0.4820296764373779,0.4957478046417236,130,0.3319249670821803,0.4464893341064453
direct,23,Ridgecrest2019,7.565637111663818,7.099999904632568,7.086281776428223,0.46563720703125,0.4793553352355957,130,0.3351987348173271,0.4288572072982788
direct,24,Ridgecrest2019,7.557385921478271,7.099999904632568,7.086281776428223,0.4573860168457031,0.4711041450500488,130,0.335288114030711,0.4335492849349975
direct,25,Ridgecrest2019,7.561373472213745,7.099999904632568,7.086281776428223,0.4613735675811767,0.4750916957855224,130,0.3291224898501583,0.418843150138855
direct,26,Ridgecrest2019,7.555288553237915,7.099999904632568,7.086281776428223,0.4552886486053467,0.4690067768096924,130,0.3268424646813955,0.3882380723953247
direct,27,Ridgecrest2019,7.545766353607178,7.099999904632568,7.086281776428223,0.4457664489746094,0.4594845771789551,130,0.3253189878845444,0.4100303649902344
direct,28,Ridgecrest2019,7.523990154266357,7.099999904632568,7.086281776428223,0.423990249633789,0.4377083778381347,130,0.3250393576042863,0.4330308437347412
direct,29,Ridgecrest2019,7.498323678970337,7.099999904632568,7.086281776428223,0.3983237743377685,0.4120419025421142,130,0.3215663826964367,0.399544358253479
direct,30,Ridgecrest2019,7.4889936447143555,7.099999904632568,7.086281776428223,0.3889937400817871,0.4027118682861328,130,0.3216154732202694,0.3850747346878052
direct,31,Ridgecrest2019,7.489140272140503,7.099999904632568,7.086281776428223,0.3891403675079345,0.4028584957122803,130,0.3238357429441769,0.3780121803283691
direct,32,Ridgecrest2019,7.491485118865967,7.099999904632568,7.086281776428223,0.3914852142333984,0.4052033424377441,130,0.3264329927704792,0.4049819707870483
direct,33,Ridgecrest2019,7.54797887802124,7.099999904632568,7.086281776428223,0.4479789733886719,0.4616971015930176,130,0.3445584659043494,0.4181581735610962
direct,34,Ridgecrest2019,7.59009575843811,7.099999904632568,7.086281776428223,0.490095853805542,0.5038139820098877,130,0.3620666278725042,0.4637815952301025
direct,35,Ridgecrest2019,7.603037118911743,7.099999904632568,7.086281776428223,0.5030372142791748,0.5167553424835205,130,0.3749416611438472,0.4649858474731445
direct,36,Ridgecrest2019,7.6229307651519775,7.099999904632568,7.086281776428223,0.5229308605194092,0.5366489887237549,130,0.3891415448546136,0.48737633228302
direct,37,Ridgecrest2019,7.67549204826355,7.099999904632568,7.086281776428223,0.5754921436309814,0.5892102718353271,130,0.3979704792615712,0.5091899633407593
direct,38,Ridgecrest2019,7.671262264251709,7.099999904632568,7.086281776428223,0.5712623596191406,0.5849804878234863,130,0.4021276734679265,0.5413295030593872
direct,39,Ridgecrest2019,7.651560068130493,7.099999904632568,7.086281776428223,0.5515601634979248,0.5652782917022705,130,0.4027666249298055,0.5385177135467529
direct,40,Ridgecrest2019,7.64411187171936,7.099999904632568,7.086281776428223,0.544111967086792,0.5578300952911377,130,0.4005507317110384,0.534103274345398
direct,41,Ridgecrest2019,7.642542123794556,7.099999904632568,7.086281776428223,0.5425422191619873,0.556260347366333,130,0.3972089723578061,0.506840705871582
direct,42,Ridgecrest2019,7.643404245376587,7.099999904632568,7.086281776428223,0.5434043407440186,0.5571224689483643,130,0.3925101663878222,0.4978758096694946
direct,43,Ridgecrest2019,7.656196594238281,7.099999904632568,7.086281776428223,0.5561966896057129,0.5699148178100586,130,0.3907061641291219,0.4969180822372436
direct,44,Ridgecrest2019,7.664860486984253,7.099999904632568,7.086281776428223,0.5648605823516846,0.5785787105560303,130,0.3904052406447656,0.4908101558685303
direct,45,Ridgecrest2019,7.68091607093811,7.099999904632568,7.086281776428223,0.580916166305542,0.5946342945098877,130,0.3932375630895404,0.503301739692688
direct,46,Ridgecrest2019,7.6859660148620605,7.099999904632568,7.086281776428223,0.5859661102294922,0.5996842384338379,130,0.3950630698600965,0.5058276653289795
direct,47,Ridgecrest2019,7.689589977264404,7.099999904632568,7.086281776428223,0.5895900726318359,0.6033082008361816,130,0.3960847672026406,0.4953314065933227
direct,48,Ridgecrest2019,7.672912120819092,7.099999904632568,7.086281776428223,0.5729122161865234,0.5866303443908691,130,0.3963646867690445,0.4812033176422119
direct,49,Ridgecrest2019,7.643710613250732,7.099999904632568,7.086281776428223,0.5437107086181641,0.5574288368225098,130,0.3949987281617532,0.4810750484466553
direct,50,Ridgecrest2019,7.617684841156006,7.099999904632568,7.086281776428223,0.5176849365234375,0.5314030647277832,130,0.3933774413089972,0.4866120815277099
direct,51,Ridgecrest2019,7.579241752624512,7.099999904632568,7.086281776428223,0.4792418479919433,0.492959976196289,130,0.3909027632014912,0.4884775876998901
direct,52,Ridgecrest2019,7.552021741867065,7.099999904632568,7.086281776428223,0.452021837234497,0.4657399654388428,130,0.3879073358914139,0.4785609245300293
direct,53,Ridgecrest2019,7.536519527435303,7.099999904632568,7.086281776428223,0.4365196228027344,0.4502377510070801,130,0.3854264599078809,0.4645140171051025
direct,54,Ridgecrest2019,7.503838300704956,7.099999904632568,7.086281776428223,0.4038383960723877,0.4175565242767334,130,0.3812529990936337,0.4442876577377319
direct,55,Ridgecrest2019,7.478030681610107,7.099999904632568,7.086281776428223,0.378030776977539,0.3917489051818847,130,0.3754421344508089,0.4291409254074096
direct,56,Ridgecrest2019,7.439104795455933,7.099999904632568,7.086281776428223,0.3391048908233642,0.3528230190277099,130,0.3685588165051875,0.4231165647506714
direct,57,Ridgecrest2019,7.414250373840332,7.099999904632568,7.086281776428223,0.3142504692077636,0.3279685974121094,130,0.3634538772390511,0.4183655977249145
direct,58,Ridgecrest2019,7.388238430023193,7.099999904632568,7.086281776428223,0.288238525390625,0.3019566535949707,130,0.3597612653955683,0.4051991701126098
direct,59,Ridgecrest2019,7.381470441818237,7.099999904632568,7.086281776428223,0.2814705371856689,0.2951886653900146,130,0.3578751432708765,0.3991708755493164
direct,60,Ridgecrest2019,7.373218536376953,7.099999904632568,7.086281776428223,0.2732186317443847,0.2869367599487304,130,0.3573093614646257,0.4095344543457031
direct,61,Ridgecrest2019,7.374962091445923,7.099999904632568,7.086281776428223,0.2749621868133545,0.2886803150177002,130,0.3569814745574209,0.4167373180389404
direct,62,Ridgecrest2019,7.364090204238892,7.099999904632568,7.086281776428223,0.2640902996063232,0.2778084278106689,130,0.3565393860170779,0.4182102680206299
direct,63,Ridgecrest2019,7.356879711151123,7.099999904632568,7.086281776428223,0.2568798065185547,0.2705979347229004,130,0.3579366717372754,0.4109487533569336
direct,64,Ridgecrest2019,7.364242792129517,7.099999904632568,7.086281776428223,0.2642428874969482,0.2779610157012939,130,0.3622897585440321,0.4196336269378662
direct,65,Ridgecrest2019,7.360794305801392,7.099999904632568,7.086281776428223,0.2607944011688232,0.2745125293731689,130,0.3682722745151913,0.4306657314300537
direct,66,Ridgecrest2019,7.359973907470703,7.099999904632568,7.086281776428223,0.2599740028381347,0.2736921310424804,130,0.3740420782833233,0.4378057718276977
direct,67,Ridgecrest2019,7.364887952804565,7.099999904632568,7.086281776428223,0.264888048171997,0.2786061763763428,130,0.37582493986439,0.4573734998703003
direct,68,Ridgecrest2019,7.36179256439209,7.099999904632568,7.086281776428223,0.2617926597595215,0.2755107879638672,130,0.375677259282822,0.4710707664489746
direct,69,Ridgecrest2019,7.352577447891235,7.099999904632568,7.086281776428223,0.252577543258667,0.2662956714630127,130,0.3726405806955161,0.4578015804290771
direct,70,Ridgecrest2019,7.333772897720337,7.099999904632568,7.086281776428223,0.2337729930877685,0.2474911212921142,130,0.3713230732148392,0.4606331586837768
direct,71,Ridgecrest2019,7.328754663467407,7.099999904632568,7.086281776428223,0.2287547588348388,0.2424728870391845,130,0.3699771657103247,0.4730763435363769
direct,72,Ridgecrest2019,7.322029113769531,7.099999904632568,7.086281776428223,0.2220292091369629,0.2357473373413086,130,0.369664933497734,0.4658814668655395
direct,73,Ridgecrest2019,7.324814081192017,7.099999904632568,7.086281776428223,0.2248141765594482,0.2385323047637939,130,0.3678604485647179,0.4578704833984375
direct,74,Ridgecrest2019,7.32632851600647,7.099999904632568,7.086281776428223,0.2263286113739013,0.240046739578247,130,0.3653782240682246,0.4497473239898681
direct,75,Ridgecrest2019,7.3185954093933105,7.099999904632568,7.086281776428223,0.2185955047607422,0.2323136329650879,130,0.362882155925147,0.4702991247177124
direct,76,Ridgecrest2019,7.324894189834595,7.099999904632568,7.086281776428223,0.2248942852020263,0.238612413406372,130,0.3665884894864183,0.5131571292877197
direct,77,Ridgecrest2019,7.321038007736206,7.099999904632568,7.086281776428223,0.2210381031036377,0.2347562313079834,130,0.3687658208504337,0.5049521923065186
direct,78,Ridgecrest2019,7.313526391983032,7.099999904632568,7.086281776428223,0.2135264873504638,0.2272446155548095,130,0.369044233701519,0.5077893733978271
direct,79,Ridgecrest2019,7.312095165252685,7.099999904632568,7.086281776428223,0.2120952606201172,0.2258133888244629,130,0.3707099139603959,0.4938491582870483
direct,80,Ridgecrest2019,7.336141109466553,7.099999904632568,7.086281776428223,0.2361412048339843,0.24985933303833,130,0.3800099319060312,0.5046861171722412
direct,81,Ridgecrest2019,7.323853969573975,7.099999904632568,7.086281776428223,0.2238540649414062,0.2375721931457519,130,0.3823630746008543,0.4913372993469238
direct,82,Ridgecrest2019,7.310147285461426,7.099999904632568,7.086281776428223,0.2101473808288574,0.2238655090332031,130,0.3797147567657762,0.4994220733642578
direct,83,Ridgecrest2019,7.298571348190308,7.099999904632568,7.086281776428223,0.1985714435577392,0.2122895717620849,130,0.3757009573945582,0.5004564523696899
direct,84,Ridgecrest2019,7.29474925994873,7.099999904632568,7.086281776428223,0.1947493553161621,0.2084674835205078,130,0.3716614561107355,0.4979720115661621
direct,85,Ridgecrest2019,7.264588356018066,7.099999904632568,7.086281776428223,0.164588451385498,0.1783065795898437,130,0.3673934818662511,0.488968014717102
direct,86,Ridgecrest2019,7.244608163833618,7.099999904632568,7.086281776428223,0.1446082592010498,0.1583263874053955,130,0.3609458668544407,0.4875941276550293
direct,87,Ridgecrest2019,7.235287427902222,7.099999904632568,7.086281776428223,0.1352875232696533,0.149005651473999,130,0.3529652419953371,0.4771744012832641
direct,88,Ridgecrest2019,7.2241785526275635,7.099999904632568,7.086281776428223,0.1241786479949951,0.1378967761993408,130,0.3449112519198452,0.4693793058395386
direct,89,Ridgecrest2019,7.2328643798828125,7.099999904632568,7.086281776428223,0.1328644752502441,0.1465826034545898,130,0.3367772667103391,0.4516406059265136
direct,90,Ridgecrest2019,7.260737180709839,7.099999904632568,7.086281776428223,0.1607372760772705,0.1744554042816162,130,0.3312977505202726,0.4264391660690307
direct,91,Ridgecrest2019,7.263251066207886,7.099999904632568,7.086281776428223,0.1632511615753173,0.176969289779663,130,0.3281181182031494,0.4206442832946777
direct,92,Ridgecrest2019,7.240247249603271,7.099999904632568,7.086281776428223,0.1402473449707031,0.1539654731750488,130,0.3264902696329334,0.4056699275970459
direct,93,Ridgecrest2019,7.225100994110107,7.099999904632568,7.086281776428223,0.125101089477539,0.1388192176818847,130,0.3246196440059288,0.3939428329467773
direct,94,Ridgecrest2019,7.211431503295898,7.099999904632568,7.086281776428223,0.11143159866333,0.1251497268676757,130,0.3230646375082355,0.402449369430542
direct,95,Ridgecrest2019,7.195193767547607,7.099999904632568,7.086281776428223,0.095193862915039,0.1089119911193847,130,0.3205195678611647,0.4182945489883423
direct,96,Ridgecrest2019,7.184248685836792,7.099999904632568,7.086281776428223,0.0842487812042236,0.0979669094085693,130,0.3170770785035117,0.411480188369751
direct,97,Ridgecrest2019,7.179538726806641,7.099999904632568,7.086281776428223,0.0795388221740722,0.0932569503784179,130,0.3091068036226767,0.3880051374435425
direct,98,Ridgecrest2019,7.180015802383423,7.099999904632568,7.086281776428223,0.0800158977508544,0.0937340259552002,130,0.3014526032540622,0.3344345092773437
direct,99,Ridgecrest2019,7.1783835887908936,7.099999904632568,7.086281776428223,0.0783836841583252,0.0921018123626709,130,0.2932290698130738,0.3288500308990478
direct,100,Ridgecrest2019,7.173588514328003,7.099999904632568,7.086281776428223,0.0735886096954345,0.0873067378997802,130,0.2884209496433424,0.3104734420776367
direct,101,Ridgecrest2019,7.176496744155884,7.099999904632568,7.086281776428223,0.0764968395233154,0.0902149677276611,130,0.2871122163826503,0.3214439153671264
direct,102,Ridgecrest2019,7.186340570449829,7.099999904632568,7.086281776428223,0.0863406658172607,0.1000587940216064,130,0.2881103470948907,0.3221127986907959
direct,103,Ridgecrest2019,7.192724227905273,7.099999904632568,7.086281776428223,0.092724323272705,0.1064424514770507,130,0.2890505751407754,0.3230283260345459
direct,104,Ridgecrest2019,7.203716993331909,7.099999904632568,7.086281776428223,0.1037170886993408,0.1174352169036865,130,0.290225958249046,0.3067688941955566
direct,105,Ridgecrest2019,7.198467254638672,7.099999904632568,7.086281776428223,0.0984673500061035,0.1121854782104492,130,0.2910266893004191,0.2961664199829101
direct,106,Ridgecrest2019,7.206279277801514,7.099999904632568,7.086281776428223,0.1062793731689453,0.119997501373291,130,0.2915663289301736,0.3045670986175537
direct,107,Ridgecrest2019,7.218240261077881,7.099999904632568,7.086281776428223,0.1182403564453125,0.1319584846496582,130,0.2909682639368703,0.3084800243377685
direct,108,Ridgecrest2019,7.221210718154907,7.099999904632568,7.086281776428223,0.1212108135223388,0.1349289417266845,130,0.2902584891038801,0.3119447231292724
direct,109,Ridgecrest2019,7.226115703582764,7.099999904632568,7.086281776428223,0.1261157989501953,0.139833927154541,130,0.2898482772580942,0.3114863634109497
direct,110,Ridgecrest2019,7.227836847305298,7.099999904632568,7.086281776428223,0.1278369426727295,0.1415550708770752,130,0.2903574223169934,0.3091651201248169
direct,111,Ridgecrest2019,7.232675790786743,7.099999904632568,7.086281776428223,0.1326758861541748,0.1463940143585205,130,0.2905810627850851,0.3085570335388183
direct,112,Ridgecrest2019,7.228298187255859,7.099999904632568,7.086281776428223,0.128298282623291,0.1420164108276367,130,0.2914544657087476,0.3102555274963379
direct,113,Ridgecrest2019,7.216918468475342,7.099999904632568,7.086281776428223,0.1169185638427734,0.1306366920471191,130,0.2911011296016221,0.3020869493484497
direct,114,Ridgecrest2019,7.217530012130737,7.099999904632568,7.086281776428223,0.1175301074981689,0.1312482357025146,130,0.2894476498202958,0.2929431200027466
direct,115,Ridgecrest2019,7.208535671234131,7.099999904632568,7.086281776428223,0.1085357666015625,0.1222538948059082,130,0.2874650091168639,0.3029924631118774
direct,116,Ridgecrest2019,7.205259561538696,7.099999904632568,7.086281776428223,0.1052596569061279,0.1189777851104736,130,0.2867117587326023,0.310903787612915
direct,117,Ridgecrest2019,7.206640481948851,7.099999904632568,7.086281776428223,0.1066405773162841,0.1203587055206298,130,0.2876201882065651,0.3174142837524414
direct,118,Ridgecrest2019,7.201818704605103,7.099999904632568,7.086281776428223,0.1018187999725341,0.1155369281768798,130,0.2889178782373831,0.3167824745178222
direct,119,Ridgecrest2019,7.198987483978272,7.099999904632568,7.086281776428223,0.0989875793457031,0.1127057075500488,130,0.2883159004735728,0.3236976861953735
direct,120,Ridgecrest2019,7.190953254699707,7.099999904632568,7.086281776428223,0.0909533500671386,0.1046714782714843,130,0.2863379006805252,0.3250981569290161
direct,121,Ridgecrest2019,7.184355020523071,7.099999904632568,7.086281776428223,0.0843551158905029,0.0980732440948486,130,0.284555030467405,0.3268352746963501
direct,122,Ridgecrest2019,7.185008525848389,7.099999904632568,7.086281776428223,0.0850086212158203,0.098726749420166,130,0.2839399904662795,0.3304165601730346
direct,123,Ridgecrest2019,7.181107997894287,7.099999904632568,7.086281776428223,0.0811080932617187,0.0948262214660644,130,0.284633540932067,0.3282719850540161
direct,124,Ridgecrest2019,7.181427717208862,7.099999904632568,7.086281776428223,0.0814278125762939,0.0951459407806396,130,0.28673889982902,0.323540449142456
direct,125,Ridgecrest2019,7.188289165496826,7.099999904632568,7.086281776428223,0.0882892608642578,0.1020073890686035,130,0.2893916500284287,0.3319741487503052
direct,126,Ridgecrest2019,7.196665048599243,7.099999904632568,7.086281776428223,0.0966651439666748,0.1103832721710205,130,0.2914832842255778,0.3383992910385132
direct,127,Ridgecrest2019,7.195598840713501,7.099999904632568,7.086281776428223,0.0955989360809326,0.1093170642852783,130,0.2926325774148139,0.3457673788070678
direct,128,Ridgecrest2019,7.203293085098267,7.099999904632568,7.086281776428223,0.1032931804656982,0.1170113086700439,130,0.293456515510969,0.3373728990554809
direct,129,Ridgecrest2019,7.188669919967651,7.099999904632568,7.086281776428223,0.088670015335083,0.1023881435394287,130,0.2940585258455309,0.3337177038192749
direct,130,Ridgecrest2019,7.1816840171813965,7.099999904632568,7.086281776428223,0.0816841125488281,0.0954022407531738,130,0.2964844786535524,0.3320962190628052
direct,131,Ridgecrest2019,7.168797969818115,7.099999904632568,7.086281776428223,0.0687980651855468,0.0825161933898925,130,0.2974303241538539,0.3259129524230957
direct,132,Ridgecrest2019,7.146022319793701,7.099999904632568,7.086281776428223,0.0460224151611328,0.0597405433654785,130,0.2962069191566963,0.3150509595870971
direct,133,Ridgecrest2019,7.143234491348267,7.099999904632568,7.086281776428223,0.0432345867156982,0.0569527149200439,130,0.2927366511121153,0.3171619176864624
direct,134,Ridgecrest2019,7.136091470718384,7.099999904632568,7.086281776428223,0.0360915660858154,0.0498096942901611,130,0.2878948297990885,0.3210769891738891
direct,135,Ridgecrest2019,7.131558895111084,7.099999904632568,7.086281776428223,0.0315589904785156,0.0452771186828613,130,0.2832553417522193,0.3237080574035644
direct,136,Ridgecrest2019,7.132018089294434,7.099999904632568,7.086281776428223,0.0320181846618652,0.0457363128662109,130,0.2797742408516272,0.3201909065246582
direct,137,Ridgecrest2019,7.123699426651001,7.099999904632568,7.086281776428223,0.0236995220184326,0.0374176502227783,130,0.277695444722182,0.3154022693634033
direct,138,Ridgecrest2019,7.115885019302368,7.099999904632568,7.086281776428223,0.0158851146697998,0.0296032428741455,130,0.2758840070708901,0.3201936483383178
direct,139,Ridgecrest2019,7.116124629974365,7.099999904632568,7.086281776428223,0.0161247253417968,0.0298428535461425,130,0.2747600071830043,0.3295596837997436
direct,140,Ridgecrest2019,7.117444038391113,7.099999904632568,7.086281776428223,0.0174441337585449,0.0311622619628906,130,0.2738674828672756,0.3299636840820312
direct,141,Ridgecrest2019,7.117445945739746,7.099999904632568,7.086281776428223,0.0174460411071777,0.0311641693115234,130,0.2728983026335154,0.3296610116958618
direct,142,Ridgecrest2019,7.119442939758301,7.099999904632568,7.086281776428223,0.0194430351257324,0.0331611633300781,130,0.2725899874692286,0.3290718793869018
direct,143,Ridgecrest2019,7.120707273483276,7.099999904632568,7.086281776428223,0.020707368850708,0.0344254970550537,130,0.271547112513218,0.3274120092391968
direct,144,Ridgecrest2019,7.118041038513184,7.099999904632568,7.086281776428223,0.0180411338806152,0.0317592620849609,130,0.2697823170320398,0.3131269216537475
direct,145,Ridgecrest2019,7.114922523498535,7.099999904632568,7.086281776428223,0.0149226188659667,0.0286407470703125,130,0.2685975516801354,0.3140095472335815
direct,146,Ridgecrest2019,7.109888792037964,7.099999904632568,7.086281776428223,0.0098888874053955,0.0236070156097412,130,0.2677616889224792,0.3234724998474121
direct,147,Ridgecrest2019,7.107508659362793,7.099999904632568,7.086281776428223,0.0075087547302246,0.0212268829345703,130,0.266968037667516,0.3217662572860718
direct,148,Ridgecrest2019,7.1095030307769775,7.099999904632568,7.086281776428223,0.0095031261444091,0.0232212543487548,130,0.2653450672378276,0.3185206651687622
direct,149,Ridgecrest2019,7.108297348022461,7.099999904632568,7.086281776428223,0.0082974433898925,0.0220155715942382,130,0.2635270198301248,0.31471848487854
direct,150,Ridgecrest2019,7.1016154289245605,7.099999904632568,7.086281776428223,0.0016155242919921,0.0153336524963378,130,0.2628474491707759,0.3147623538970947
direct,151,Ridgecrest2019,7.098854780197144,7.099999904632568,7.086281776428223,-0.0011451244354248,0.0125730037689208,130,0.2620807961365864,0.3153413534164428
direct,152,Ridgecrest2019,7.096493005752564,7.099999904632568,7.086281776428223,-0.0035068988800048,0.0102112293243408,130,0.2604421375995341,0.3102657794952392
direct,153,Ridgecrest2019,7.094862937927246,7.099999904632568,7.086281776428223,-0.0051369667053222,0.0085811614990234,130,0.258339671215923,0.3026342391967773
direct,154,Ridgecrest2019,7.094311714172363,7.099999904632568,7.086281776428223,-0.005688190460205,0.0080299377441406,130,0.2570729841151022,0.2982115745544433
direct,155,Ridgecrest2019,7.091009378433228,7.099999904632568,7.086281776428223,-0.0089905261993408,0.0047276020050048,130,0.2557242585792673,0.2936207056045532
direct,156,Ridgecrest2019,7.086154460906982,7.099999904632568,7.086281776428223,-0.0138454437255859,-0.0001273155212402,130,0.2553827718647673,0.2881563901901245
direct,157,Ridgecrest2019,7.082107067108154,7.099999904632568,7.086281776428223,-0.017892837524414,-0.0041747093200683,130,0.2577025961653797,0.2860103845596313
direct,158,Ridgecrest2019,7.080824613571167,7.099999904632568,7.086281776428223,-0.0191752910614013,-0.0054571628570556,130,0.2610293655768826,0.2884249687194824
direct,159,Ridgecrest2019,7.07898473739624,7.099999904632568,7.086281776428223,-0.0210151672363281,-0.0072970390319824,130,0.2643266182772079,0.2917782068252563
direct,160,Ridgecrest2019,7.077876567840576,7.099999904632568,7.086281776428223,-0.0221233367919921,-0.0084052085876464,130,0.2662082418602858,0.2879323959350586
direct,161,Ridgecrest2019,7.069791316986084,7.099999904632568,7.086281776428223,-0.0302085876464843,-0.0164904594421386,130,0.266360498069381,0.2907562255859375
direct,162,Ridgecrest2019,7.068674802780151,7.099999904632568,7.086281776428223,-0.0313251018524169,-0.0176069736480712,130,0.2661005111572935,0.2940850257873535
direct,163,Ridgecrest2019,7.065352201461792,7.099999904632568,7.086281776428223,-0.0346477031707763,-0.0209295749664306,130,0.2654099501529374,0.2945109605789184
direct,164,Ridgecrest2019,7.062648296356201,7.099999904632568,7.086281776428223,-0.0373516082763671,-0.0236334800720214,130,0.2642714685000054,0.2896260023117065
direct,165,Ridgecrest2019,7.060836791992188,7.099999904632568,7.086281776428223,-0.0391631126403808,-0.0254449844360351,130,0.2623335414809314,0.2892029285430908
direct,166,Ridgecrest2019,7.059560298919678,7.099999904632568,7.086281776428223,-0.0404396057128906,-0.0267214775085449,130,0.2613651485554228,0.2925199270248413
direct,167,Ridgecrest2019,7.0605762004852295,7.099999904632568,7.086281776428223,-0.0394237041473388,-0.0257055759429931,130,0.2628953710770761,0.2954328060150146
direct,168,Ridgecrest2019,7.059138774871826,7.099999904632568,7.086281776428223,-0.0408611297607421,-0.0271430015563964,130,0.2627284282259229,0.2922561168670654
direct,169,Ridgecrest2019,7.05974268913269,7.099999904632568,7.086281776428223,-0.0402572154998779,-0.0265390872955322,130,0.2605715817959803,0.2918288707733154
direct,170,Ridgecrest2019,7.058798551559448,7.099999904632568,7.086281776428223,-0.0412013530731201,-0.0274832248687744,130,0.2585376548327408,0.2866827249526977
direct,171,Ridgecrest2019,7.055538892745972,7.099999904632568,7.086281776428223,-0.0444610118865966,-0.0307428836822509,130,0.2572516294590026,0.285333514213562
direct,172,Ridgecrest2019,7.049032926559448,7.099999904632568,7.086281776428223,-0.0509669780731201,-0.0372488498687744,130,0.2559525602869242,0.2902673482894897
direct,173,Ridgecrest2019,7.0425872802734375,7.099999904632568,7.086281776428223,-0.0574126243591308,-0.0436944961547851,130,0.254498116985712,0.2906670570373535
direct,174,Ridgecrest2019,7.040046215057373,7.099999904632568,7.086281776428223,-0.0599536895751953,-0.0462355613708496,130,0.252403123438508,0.2958747148513794
direct,175,Ridgecrest2019,7.036741495132446,7.099999904632568,7.086281776428223,-0.063258409500122,-0.0495402812957763,130,0.2496117246800191,0.3013014793395996
direct,176,Ridgecrest2019,7.040374279022217,7.099999904632568,7.086281776428223,-0.0596256256103515,-0.0459074974060058,130,0.2471466419620656,0.2973219156265259
direct,177,Ridgecrest2019,7.042495250701904,7.099999904632568,7.086281776428223,-0.057504653930664,-0.0437865257263183,130,0.2452545899804195,0.2885737419128418
direct,178,Ridgecrest2019,7.044647455215454,7.099999904632568,7.086281776428223,-0.0553524494171142,-0.0416343212127685,130,0.2435982741848383,0.2840926647186279
direct,179,Ridgecrest2019,7.046419382095337,7.099999904632568,7.086281776428223,-0.0535805225372314,-0.0398623943328857,130,0.2420229741605672,0.2867683172225952
direct,180,Ridgecrest2019,7.045688152313232,7.099999904632568,7.086281776428223,-0.0543117523193359,-0.0405936241149902,130,0.2409493847830913,0.2899684906005859
direct,181,Ridgecrest2019,7.046544551849365,7.099999904632568,7.086281776428223,-0.0534553527832031,-0.0397372245788574,130,0.2400333047862674,0.2891569137573242
direct,182,Ridgecrest2019,7.04346227645874,7.099999904632568,7.086281776428223,-0.0565376281738281,-0.0428194999694824,130,0.2391679156701701,0.28174889087677
direct,183,Ridgecrest2019,7.048214673995972,7.099999904632568,7.086281776428223,-0.0517852306365966,-0.0380671024322509,130,0.2386342802379178,0.2782996892929077
direct,184,Ridgecrest2019,7.0483996868133545,7.099999904632568,7.086281776428223,-0.0516002178192138,-0.0378820896148681,130,0.2390812378118839,0.2686834335327148
direct,185,Ridgecrest2019,7.043685436248779,7.099999904632568,7.086281776428223,-0.056314468383789,-0.0425963401794433,130,0.2398094736024005,0.2652066946029663
direct,186,Ridgecrest2019,7.039973258972168,7.099999904632568,7.086281776428223,-0.0600266456604003,-0.0463085174560546,130,0.2403577288574071,0.2614872455596924
direct,187,Ridgecrest2019,7.0349555015563965,7.099999904632568,7.086281776428223,-0.0650444030761718,-0.0513262748718261,130,0.2405219813174252,0.2634543180465698
direct,188,Ridgecrest2019,7.029810190200806,7.099999904632568,7.086281776428223,-0.0701897144317627,-0.0564715862274169,130,0.2406052997897994,0.2677940130233764
direct,189,Ridgecrest2019,7.025781154632568,7.099999904632568,7.086281776428223,-0.07421875,-0.0605006217956543,130,0.2402552826485561,0.2693636417388916
direct,190,Ridgecrest2019,7.02320671081543,7.099999904632568,7.086281776428223,-0.0767931938171386,-0.0630750656127929,130,0.2391747734633668,0.2693269252777099
direct,191,Ridgecrest2019,7.0190253257751465,7.099999904632568,7.086281776428223,-0.0809745788574218,-0.0672564506530761,130,0.2378731481024121,0.2718253135681152
direct,192,Ridgecrest2019,7.019016981124878,7.099999904632568,7.086281776428223,-0.0809829235076904,-0.0672647953033447,130,0.2373211646787341,0.2825871706008911
direct,193,Ridgecrest2019,7.017651319503784,7.099999904632568,7.086281776428223,-0.0823485851287841,-0.0686304569244384,130,0.2364600312089295,0.2894884347915649
direct,194,Ridgecrest2019,7.015866756439209,7.099999904632568,7.086281776428223,-0.0841331481933593,-0.0704150199890136,130,0.2351563100884274,0.284386396408081
direct,195,Ridgecrest2019,7.014583110809326,7.099999904632568,7.086281776428223,-0.0854167938232421,-0.0716986656188964,130,0.2342566032761689,0.2815166711807251
direct,196,Ridgecrest2019,7.014055252075195,7.099999904632568,7.086281776428223,-0.085944652557373,-0.0722265243530273,130,0.2334721551802298,0.2765954732894897
direct,197,Ridgecrest2019,7.0139360427856445,7.099999904632568,7.086281776428223,-0.0860638618469238,-0.0723457336425781,130,0.2326789691222808,0.2760229110717773
direct,198,Ridgecrest2019,7.01413106918335,7.099999904632568,7.086281776428223,-0.0858688354492187,-0.072150707244873,130,0.2318809234355358,0.2769283056259155
direct,199,Ridgecrest2019,7.012757778167725,7.099999904632568,7.086281776428223,-0.0872421264648437,-0.073523998260498,130,0.2311840538533712,0.2770676612854004
direct,200,Ridgecrest2019,7.011823654174805,7.099999904632568,7.086281776428223,-0.0881762504577636,-0.0744581222534179,130,0.2312090466494819,0.2848613262176513
melgar,1,Ridgecrest2019,5.563624985347518,7.1,,-1.5363750146524815,,130,0.5612938502069496,0.8529425485236253
melgar,2,Ridgecrest2019,5.720964362284211,7.1,,-1.3790356377157886,,130,0.5196149843824796,0.7715914017590686
melgar,3,Ridgecrest2019,5.77203061525844,7.1,,-1.32796938474156,,130,0.4954508203897869,0.6944701423692106
melgar,4,Ridgecrest2019,5.796549458005471,7.1,,-1.303450541994529,,130,0.4758389595969622,0.6543121949965807
melgar,5,Ridgecrest2019,5.822223619937558,7.1,,-1.277776380062441,,130,0.4596355897399231,0.6212582434417389
melgar,6,Ridgecrest2019,5.86170652868198,7.1,,-1.2382934713180198,,130,0.4405462145702514,0.5921460004498522
melgar,7,Ridgecrest2019,5.881028974318223,7.1,,-1.2189710256817765,,130,0.4283170523298297,0.6090042277534078
melgar,8,Ridgecrest2019,5.927593749500231,7.1,,-1.172406250499769,,130,0.417529554257199,0.6105391300547742
melgar,9,Ridgecrest2019,5.944522288654426,7.1,,-1.155477711345574,,130,0.4211661732672921,0.5992981132718986
melgar,10,Ridgecrest2019,5.948496116473198,7.1,,-1.151503883526802,,130,0.4294414969720477,0.6380760655468221
melgar,11,Ridgecrest2019,5.99125185182711,7.1,,-1.1087481481728894,,130,0.4321873517780065,0.642745607838985
melgar,12,Ridgecrest2019,6.0210831194128485,7.1,,-1.0789168805871512,,130,0.4238773783011139,0.6020774830560223
melgar,13,Ridgecrest2019,6.051892261365737,7.1,,-1.048107738634263,,130,0.4220692796003725,0.5911739104524818
melgar,14,Ridgecrest2019,6.071150551884587,7.1,,-1.0288494481154125,,130,0.4269932689238787,0.5810535695877173
melgar,15,Ridgecrest2019,6.119729500214595,7.1,,-0.980270499785405,,130,0.4288116421608318,0.6210877418885241
melgar,16,Ridgecrest2019,6.139618284706485,7.1,,-0.960381715293515,,130,0.427718170846554,0.61204182875084
melgar,17,Ridgecrest2019,6.170409524656526,7.1,,-0.929590475343474,,130,0.4212826332443259,0.6045322830300508
melgar,18,Ridgecrest2019,6.190805695260659,7.1,,-0.9091943047393408,,130,0.4149073028536758,0.6086090183431123
melgar,19,Ridgecrest2019,6.194942647675693,7.1,,-0.9050573523243068,,130,0.3996155221090829,0.5878127422253838
melgar,20,Ridgecrest2019,6.207168129143007,7.1,,-0.8928318708569929,,130,0.382483548070792,0.5506579815255499
melgar,21,Ridgecrest2019,6.258032335730517,7.1,,-0.8419676642694824,,130,0.3726988818905331,0.5189691923032536
melgar,22,Ridgecrest2019,6.314764335117514,7.1,,-0.7852356648824852,,130,0.363993311656614,0.4921932759444427
melgar,23,Ridgecrest2019,6.340664714165647,7.1,,-0.7593352858343527,,130,0.3551266459611407,0.491007954284167
melgar,24,Ridgecrest2019,6.378713360839189,7.1,,-0.7212866391608106,,130,0.3540358766545378,0.4580718163171529
melgar,25,Ridgecrest2019,6.423382003332252,7.1,,-0.6766179966677477,,130,0.3584100344118868,0.5110805893817307
melgar,26,Ridgecrest2019,6.441702084015502,7.1,,-0.6582979159844973,,130,0.3601825887639631,0.5099283303949331
melgar,27,Ridgecrest2019,6.474516037753079,7.1,,-0.6254839622469204,,130,0.3581970822180546,0.4923029130084924
melgar,28,Ridgecrest2019,6.51540992610345,7.1,,-0.5845900738965497,,130,0.3527410395216075,0.5227621616604452
melgar,29,Ridgecrest2019,6.530069836246134,7.1,,-0.5699301637538658,,130,0.3489267335199236,0.5254225271348743
melgar,30,Ridgecrest2019,6.547461811856071,7.1,,-0.5525381881439291,,130,0.3433794095436056,0.5028461589050739
melgar,31,Ridgecrest2019,6.58953047230497,7.1,,-0.5104695276950295,,130,0.3403060737141148,0.4922722919226396
melgar,32,Ridgecrest2019,6.612883080717658,7.1,,-0.4871169192823412,,130,0.3300660277635859,0.4765689816882972
melgar,33,Ridgecrest2019,6.631747193064051,7.1,,-0.4682528069359488,,130,0.3239856851841516,0.4595460939687275
melgar,34,Ridgecrest2019,6.645075088230376,7.1,,-0.4549249117696234,,130,0.3173220098329905,0.422561671460004
melgar,35,Ridgecrest2019,6.649732851836825,7.1,,-0.4502671481631743,,130,0.3105771633034559,0.422561671460004
melgar,36,Ridgecrest2019,6.6590203393144245,7.1,,-0.4409796606855751,,130,0.3050806278812467,0.4132098356812621
melgar,37,Ridgecrest2019,6.6590203393144245,7.1,,-0.4409796606855751,,130,0.300631916526329,0.4153508441183371
melgar,38,Ridgecrest2019,6.666136687360934,7.1,,-0.4338633126390654,,130,0.2974645357482679,0.4058328178048773
melgar,39,Ridgecrest2019,6.673851889599815,7.1,,-0.4261481104001845,,130,0.2922773225213851,0.3799770882903557
melgar,40,Ridgecrest2019,6.676890786326242,7.1,,-0.423109213673758,,130,0.2848857020940448,0.3755311571769084
melgar,41,Ridgecrest2019,6.682579981441361,7.1,,-0.4174200185586389,,130,0.2825929745384833,0.3732698573424162
melgar,42,Ridgecrest2019,6.682579981441361,7.1,,-0.4174200185586389,,130,0.2800751174960656,0.3707628174257875
melgar,43,Ridgecrest2019,6.682579981441361,7.1,,-0.4174200185586389,,130,0.2766717705012692,0.3707628174257875
melgar,44,Ridgecrest2019,6.682579981441361,7.1,,-0.4174200185586389,,130,0.2714675006938095,0.3443708373067364
melgar,45,Ridgecrest2019,6.686585351116352,7.1,,-0.4134146488836476,,130,0.2691388320241567,0.3314561596504815
melgar,46,Ridgecrest2019,6.69521101833638,7.1,,-0.4047889816636196,,130,0.2719738553512268,0.3291106501480998
melgar,47,Ridgecrest2019,6.698918206130516,7.1,,-0.4010817938694835,,130,0.2660100779610713,0.3113331355625632
melgar,48,Ridgecrest2019,6.700031130430794,7.1,,-0.3999688695692054,,130,0.2658508722886325,0.3158504595308775
melgar,49,Ridgecrest2019,6.700031130430794,7.1,,-0.3999688695692054,,130,0.2664425137654539,0.3195487707642472
melgar,50,Ridgecrest2019,6.703855505012903,7.1,,-0.3961444949870962,,130,0.26528671856126,0.29272438690161
melgar,51,Ridgecrest2019,6.721466098683585,7.1,,-0.3785339013164144,,130,0.2637717706698596,0.2786681180644939
melgar,52,Ridgecrest2019,6.729636841049178,7.1,,-0.3703631589508216,,130,0.2626698078326402,0.2730937099119686
melgar,53,Ridgecrest2019,6.734284268540982,7.1,,-0.3657157314590176,,130,0.261467045260626,0.279273066016465
melgar,54,Ridgecrest2019,6.741365193272923,7.1,,-0.3586348067270766,,130,0.2585118530454234,0.2739831020101713
melgar,55,Ridgecrest2019,6.743328483734141,7.1,,-0.3566715162658589,,130,0.255765622158096,0.2739831020101713
melgar,56,Ridgecrest2019,6.744289514950765,7.1,,-0.3557104850492347,,130,0.2471965923636665,0.2595626875111207
melgar,57,Ridgecrest2019,6.754252887454975,7.1,,-0.3457471125450242,,130,0.2463901710275652,0.2735200658513346
melgar,58,Ridgecrest2019,6.754252887454975,7.1,,-0.3457471125450242,,130,0.2455859127383425,0.2761358709942829
melgar,59,Ridgecrest2019,6.761608456229102,7.1,,-0.3383915437708973,,130,0.2449988541996137,0.2847252450132354
melgar,60,Ridgecrest2019,6.770420310233511,7.1,,-0.3295796897664882,,130,0.2461025762373829,0.2880927289158679
melgar,61,Ridgecrest2019,6.770420310233511,7.1,,-0.3295796897664882,,130,0.2445197810671822,0.2926874873616976
melgar,62,Ridgecrest2019,6.770420310233511,7.1,,-0.3295796897664882,,130,0.2397214295345471,0.2775706123243227
melgar,63,Ridgecrest2019,6.774983895683413,7.1,,-0.3250161043165862,,130,0.2318219906372678,0.265998728349639
melgar,64,Ridgecrest2019,6.786611156914262,7.1,,-0.3133888430857379,,130,0.2296338403299828,0.2580227623763527
melgar,65,Ridgecrest2019,6.793144311438134,7.1,,-0.3068556885618658,,130,0.231348790880899,0.2587107407888851
melgar,66,Ridgecrest2019,6.793144311438134,7.1,,-0.3068556885618658,,130,0.2307686774705645,0.2801247838344709
melgar,67,Ridgecrest2019,6.795474267686572,7.1,,-0.3045257323134276,,130,0.2283628662649516,0.2795503133623285
melgar,68,Ridgecrest2019,6.80970373335432,7.1,,-0.2902962666456794,,130,0.227700296563771,0.2713118454510743
melgar,69,Ridgecrest2019,6.810396644218718,7.1,,-0.2896033557812814,,130,0.2280332121105089,0.270047958030192
melgar,70,Ridgecrest2019,6.810396644218718,7.1,,-0.2896033557812814,,130,0.2303235534398197,0.278001043190498
melgar,71,Ridgecrest2019,6.82293551890311,7.1,,-0.2770644810968896,,130,0.2310734435899918,0.269947283136922
melgar,72,Ridgecrest2019,6.82293551890311,7.1,,-0.2770644810968896,,130,0.2346117580560906,0.2692821873553273
melgar,73,Ridgecrest2019,6.82293551890311,7.1,,-0.2770644810968896,,130,0.2391267736324176,0.2692821873553273
melgar,74,Ridgecrest2019,6.82293551890311,7.1,,-0.2770644810968896,,130,0.2412112131411581,0.271863209432567
melgar,75,Ridgecrest2019,6.82293551890311,7.1,,-0.2770644810968896,,130,0.241553471492047,0.271863209432567
melgar,76,Ridgecrest2019,6.82293551890311,7.1,,-0.2770644810968896,,130,0.2433124318119004,0.2792803785646232
melgar,77,Ridgecrest2019,6.82293551890311,7.1,,-0.2770644810968896,,130,0.2484845560194602,0.3036701097296808
melgar,78,Ridgecrest2019,6.833649842206087,7.1,,-0.2663501577939122,,130,0.2467478961713367,0.2979070393506537
melgar,79,Ridgecrest2019,6.836678026380147,7.1,,-0.2633219736198526,,130,0.2460173556720304,0.2941535420577734
melgar,80,Ridgecrest2019,6.839406871511255,7.1,,-0.260593128488745,,130,0.2480511774085628,0.3040917456540937
melgar,81,Ridgecrest2019,6.839406871511255,7.1,,-0.260593128488745,,130,0.2492631948877941,0.3040917456540937
melgar,82,Ridgecrest2019,6.839406871511255,7.1,,-0.260593128488745,,130,0.2508317071072408,0.2997733018590658
melgar,83,Ridgecrest2019,6.839406871511255,7.1,,-0.260593128488745,,130,0.250297425703793,0.2998956167027193
melgar,84,Ridgecrest2019,6.839406871511255,7.1,,-0.260593128488745,,130,0.2524577306365281,0.2991388177432927
melgar,85,Ridgecrest2019,6.839406871511255,7.1,,-0.260593128488745,,130,0.2541482197030038,0.2991388177432927
melgar,86,Ridgecrest2019,6.841459260219741,7.1,,-0.2585407397802584,,130,0.254726678236554,0.2983872287374005
melgar,87,Ridgecrest2019,6.843786679962455,7.1,,-0.2562133200375447,,130,0.2581329983106082,0.2983872287374005
melgar,88,Ridgecrest2019,6.847801761744908,7.1,,-0.252198238255092,,130,0.258913929610973,0.3102793199302986
melgar,89,Ridgecrest2019,6.847801761744908,7.1,,-0.252198238255092,,130,0.2595330867359801,0.3218690639412012
melgar,90,Ridgecrest2019,6.853077193021525,7.1,,-0.2469228069784748,,130,0.2593630387540758,0.316565898945373
melgar,91,Ridgecrest2019,6.853077193021525,7.1,,-0.2469228069784748,,130,0.259453107859652,0.316565898945373
melgar,92,Ridgecrest2019,6.853077193021525,7.1,,-0.2469228069784748,,130,0.2596754323467998,0.3214990051926678
melgar,93,Ridgecrest2019,6.853077193021525,7.1,,-0.2469228069784748,,130,0.2612283405597626,0.3214990051926678
melgar,94,Ridgecrest2019,6.857665111921284,7.1,,-0.2423348880787159,,130,0.2613935222682917,0.3214990051926678
melgar,95,Ridgecrest2019,6.857665111921284,7.1,,-0.2423348880787159,,130,0.2616091214408679,0.3214990051926678
melgar,96,Ridgecrest2019,6.857665111921284,7.1,,-0.2423348880787159,,130,0.2623872056357401,0.3214990051926678
melgar,97,Ridgecrest2019,6.857665111921284,7.1,,-0.2423348880787159,,130,0.2627689638237718,0.3261256460206967
melgar,98,Ridgecrest2019,6.857665111921284,7.1,,-0.2423348880787159,,130,0.2629309553472214,0.3261256460206967
melgar,99,Ridgecrest2019,6.857665111921284,7.1,,-0.2423348880787159,,130,0.2632484673639801,0.3261256460206967
melgar,100,Ridgecrest2019,6.857665111921284,7.1,,-0.2423348880787159,,130,0.2632284260575656,0.3261256460206967
melgar,101,Ridgecrest2019,6.857665111921284,7.1,,-0.2423348880787159,,130,0.2632436058568832,0.3261256460206967
melgar,102,Ridgecrest2019,6.857665111921284,7.1,,-0.2423348880787159,,130,0.2631387573816212,0.3261256460206967
melgar,103,Ridgecrest2019,6.858277801025564,7.1,,-0.2417221989744353,,130,0.2652570873734303,0.3229588702493169
melgar,104,Ridgecrest2019,6.865423683372851,7.1,,-0.234576316627149,,130,0.270233655077514,0.3327746824488082
melgar,105,Ridgecrest2019,6.865423683372851,7.1,,-0.234576316627149,,130,0.270285079142991,0.3327746824488082
melgar,106,Ridgecrest2019,6.8666170651641325,7.1,,-0.2333829348358671,,130,0.2706026740155184,0.3363023744282136
melgar,107,Ridgecrest2019,6.8740605411207305,7.1,,-0.2259394588792691,,130,0.2708657362176267,0.3363023744282136
melgar,108,Ridgecrest2019,6.8740605411207305,7.1,,-0.2259394588792691,,130,0.2710305069804355,0.3363023744282136
melgar,109,Ridgecrest2019,6.8740605411207305,7.1,,-0.2259394588792691,,130,0.2717749664032098,0.3363023744282136
melgar,110,Ridgecrest2019,6.8740605411207305,7.1,,-0.2259394588792691,,130,0.2722544867598834,0.3363023744282136
melgar,111,Ridgecrest2019,6.8740605411207305,7.1,,-0.2259394588792691,,130,0.2723907358082714,0.3363023744282136
melgar,112,Ridgecrest2019,6.8740605411207305,7.1,,-0.2259394588792691,,130,0.2724166976666614,0.3363023744282136
melgar,113,Ridgecrest2019,6.8740605411207305,7.1,,-0.2259394588792691,,130,0.272622561915501,0.3363023744282136
melgar,114,Ridgecrest2019,6.8740605411207305,7.1,,-0.2259394588792691,,130,0.2735361125857517,0.3471967451937932
melgar,115,Ridgecrest2019,6.8740605411207305,7.1,,-0.2259394588792691,,130,0.2755182555842148,0.3471967451937932
melgar,116,Ridgecrest2019,6.879611113529254,7.1,,-0.2203888864707455,,130,0.2776453559150703,0.3471967451937932
melgar,117,Ridgecrest2019,6.892588326275801,7.1,,-0.2074116737241986,,130,0.2784148318842048,0.3513034944787589
melgar,118,Ridgecrest2019,6.892588326275801,7.1,,-0.2074116737241986,,130,0.2792037772496274,0.3513034944787589
melgar,119,Ridgecrest2019,6.892588326275801,7.1,,-0.2074116737241986,,130,0.2813860563616515,0.3513034944787589
melgar,120,Ridgecrest2019,6.892588326275801,7.1,,-0.2074116737241986,,130,0.2819337231340091,0.3513034944787589
melgar,121,Ridgecrest2019,6.892588326275801,7.1,,-0.2074116737241986,,130,0.2824004839530277,0.3672472703860956
melgar,122,Ridgecrest2019,6.892588326275801,7.1,,-0.2074116737241986,,130,0.2841597397415118,0.3672472703860956
melgar,123,Ridgecrest2019,6.892588326275801,7.1,,-0.2074116737241986,,130,0.2867570838811162,0.3672472703860956
melgar,124,Ridgecrest2019,6.892588326275801,7.1,,-0.2074116737241986,,130,0.2878845333262093,0.377948111105721
melgar,125,Ridgecrest2019,6.892588326275801,7.1,,-0.2074116737241986,,130,0.2890235537451155,0.3753228858033637
melgar,126,Ridgecrest2019,6.892588326275801,7.1,,-0.2074116737241986,,130,0.2908649800521878,0.3869635756967557
melgar,127,Ridgecrest2019,6.892588326275801,7.1,,-0.2074116737241986,,130,0.2926982422824163,0.3869635756967557
melgar,128,Ridgecrest2019,6.892588326275801,7.1,,-0.2074116737241986,,130,0.2927472342382498,0.3869635756967557
melgar,129,Ridgecrest2019,6.892588326275801,7.1,,-0.2074116737241986,,130,0.2929963617269535,0.3869635756967557
melgar,130,Ridgecrest2019,6.899693361837517,7.1,,-0.2003066381624823,,130,0.2970276573640348,0.3869635756967557
melgar,131,Ridgecrest2019,6.901354658580258,7.1,,-0.1986453414197413,,130,0.3000404593607303,0.3891931565880639
melgar,132,Ridgecrest2019,6.901354658580258,7.1,,-0.1986453414197413,,130,0.3003374393612772,0.4006910496692608
melgar,133,Ridgecrest2019,6.901354658580258,7.1,,-0.1986453414197413,,130,0.3004802706502975,0.4006910496692608
melgar,134,Ridgecrest2019,6.901354658580258,7.1,,-0.1986453414197413,,130,0.3008563288587845,0.4006910496692608
melgar,135,Ridgecrest2019,6.901354658580258,7.1,,-0.1986453414197413,,130,0.3013089523527633,0.4006910496692608
melgar,136,Ridgecrest2019,6.901354658580258,7.1,,-0.1986453414197413,,130,0.3013787651284328,0.4024603144698533
melgar,137,Ridgecrest2019,6.901354658580258,7.1,,-0.1986453414197413,,130,0.3015744505176888,0.4024603144698533
melgar,138,Ridgecrest2019,6.901354658580258,7.1,,-0.1986453414197413,,130,0.3016137911045445,0.4024603144698533
melgar,139,Ridgecrest2019,6.901354658580258,7.1,,-0.1986453414197413,,130,0.3016137911045445,0.4024603144698533
melgar,140,Ridgecrest2019,6.901354658580258,7.1,,-0.1986453414197413,,130,0.301660430768043,0.4024603144698533
melgar,141,Ridgecrest2019,6.901354658580258,7.1,,-0.1986453414197413,,130,0.3024180436088057,0.4024603144698533
melgar,142,Ridgecrest2019,6.901354658580258,7.1,,-0.1986453414197413,,130,0.3024180436088057,0.4024603144698533
melgar,143,Ridgecrest2019,6.901354658580258,7.1,,-0.1986453414197413,,130,0.3024180436088057,0.4024603144698533
melgar,144,Ridgecrest2019,6.901354658580258,7.1,,-0.1986453414197413,,130,0.3024219507724165,0.4024603144698533
melgar,145,Ridgecrest2019,6.901354658580258,7.1,,-0.1986453414197413,,130,0.3039817229550665,0.4024603144698533
melgar,146,Ridgecrest2019,6.901354658580258,7.1,,-0.1986453414197413,,130,0.305704397581493,0.4024603144698533
melgar,147,Ridgecrest2019,6.901354658580258,7.1,,-0.1986453414197413,,130,0.3069333298123249,0.4078452388281528
melgar,148,Ridgecrest2019,6.901354658580258,7.1,,-0.1986453414197413,,130,0.3079430457680247,0.4220748581282931
melgar,149,Ridgecrest2019,6.901354658580258,7.1,,-0.1986453414197413,,130,0.308467682581543,0.4220748581282931
melgar,150,Ridgecrest2019,6.901354658580258,7.1,,-0.1986453414197413,,130,0.3085318004292678,0.4220748581282931
melgar,151,Ridgecrest2019,6.901354658580258,7.1,,-0.1986453414197413,,130,0.3085318004292678,0.4220748581282931
melgar,152,Ridgecrest2019,6.901354658580258,7.1,,-0.1986453414197413,,130,0.308716725175205,0.4220748581282931
melgar,153,Ridgecrest2019,6.901354658580258,7.1,,-0.1986453414197413,,130,0.3095436235423315,0.4220748581282931
melgar,154,Ridgecrest2019,6.908940655942048,7.1,,-0.191059344057952,,130,0.3102390935616196,0.4220748581282931
melgar,155,Ridgecrest2019,6.908940655942048,7.1,,-0.191059344057952,,130,0.3107325512247457,0.4261343626855343
melgar,156,Ridgecrest2019,6.908940655942048,7.1,,-0.191059344057952,,130,0.3113473386124713,0.4298594236994351
melgar,157,Ridgecrest2019,6.908940655942048,7.1,,-0.191059344057952,,130,0.3115356661241307,0.4298594236994351
melgar,158,Ridgecrest2019,6.908940655942048,7.1,,-0.191059344057952,,130,0.3111798229353035,0.4227313764739548
melgar,159,Ridgecrest2019,6.908940655942048,7.1,,-0.191059344057952,,130,0.3117322569787251,0.4227313764739548
melgar,160,Ridgecrest2019,6.908940655942048,7.1,,-0.191059344057952,,130,0.3123006025239837,0.4227313764739548
melgar,161,Ridgecrest2019,6.908940655942048,7.1,,-0.191059344057952,,130,0.3129872767780871,0.4227313764739548
melgar,162,Ridgecrest2019,6.908940655942048,7.1,,-0.191059344057952,,130,0.3131895484087872,0.4227313764739548
melgar,163,Ridgecrest2019,6.908940655942048,7.1,,-0.191059344057952,,130,0.3131895484087872,0.4227313764739548
melgar,164,Ridgecrest2019,6.908940655942048,7.1,,-0.191059344057952,,130,0.3131895484087872,0.4227313764739548
melgar,165,Ridgecrest2019,6.908940655942048,7.1,,-0.191059344057952,,130,0.3131895484087872,0.4227313764739548
melgar,166,Ridgecrest2019,6.908940655942048,7.1,,-0.191059344057952,,130,0.3135093750832362,0.4227313764739548
melgar,167,Ridgecrest2019,6.908940655942048,7.1,,-0.191059344057952,,130,0.3137330186275998,0.4227313764739548
melgar,168,Ridgecrest2019,6.908940655942048,7.1,,-0.191059344057952,,130,0.3134078158054165,0.4227313764739548
melgar,169,Ridgecrest2019,6.916105684624117,7.1,,-0.1838943153758823,,130,0.3131955549849687,0.4227313764739548
melgar,170,Ridgecrest2019,6.916105684624117,7.1,,-0.1838943153758823,,130,0.3131684850110688,0.4227313764739548
melgar,171,Ridgecrest2019,6.916105684624117,7.1,,-0.1838943153758823,,130,0.3131684850110688,0.4227313764739548
melgar,172,Ridgecrest2019,6.916105684624117,7.1,,-0.1838943153758823,,130,0.3131173327907009,0.4221786654530088
melgar,173,Ridgecrest2019,6.916105684624117,7.1,,-0.1838943153758823,,130,0.3129468275327886,0.4212900468217926
melgar,174,Ridgecrest2019,6.916105684624117,7.1,,-0.1838943153758823,,130,0.3138275896300109,0.4212900468217926
melgar,175,Ridgecrest2019,6.916105684624117,7.1,,-0.1838943153758823,,130,0.3139751073286361,0.4212900468217926
melgar,176,Ridgecrest2019,6.916105684624117,7.1,,-0.1838943153758823,,130,0.3138942693355622,0.4212900468217926
melgar,177,Ridgecrest2019,6.916105684624117,7.1,,-0.1838943153758823,,130,0.3136171264915942,0.4221637763724777
melgar,178,Ridgecrest2019,6.924198620445488,7.1,,-0.1758013795545121,,130,0.3133600914328123,0.4221637763724777
melgar,179,Ridgecrest2019,6.924198620445488,7.1,,-0.1758013795545121,,130,0.3131737595966417,0.4209255387416162
melgar,180,Ridgecrest2019,6.924198620445488,7.1,,-0.1758013795545121,,130,0.3133185404892042,0.4349548013167226
melgar,181,Ridgecrest2019,6.924198620445488,7.1,,-0.1758013795545121,,130,0.3133173323141198,0.4349548013167226
melgar,182,Ridgecrest2019,6.924198620445488,7.1,,-0.1758013795545121,,130,0.3133173323141198,0.4349548013167226
melgar,183,Ridgecrest2019,6.924198620445488,7.1,,-0.1758013795545121,,130,0.3133026753251827,0.4349548013167226
melgar,184,Ridgecrest2019,6.924198620445488,7.1,,-0.1758013795545121,,130,0.3133026753251827,0.4349548013167226
melgar,185,Ridgecrest2019,6.924198620445488,7.1,,-0.1758013795545121,,130,0.3133026753251827,0.4349548013167226
melgar,186,Ridgecrest2019,6.924198620445488,7.1,,-0.1758013795545121,,130,0.3133539115099162,0.4349548013167226
melgar,187,Ridgecrest2019,6.924198620445488,7.1,,-0.1758013795545121,,130,0.3133643766639563,0.4349548013167226
melgar,188,Ridgecrest2019,6.924198620445488,7.1,,-0.1758013795545121,,130,0.3131839672027713,0.4349548013167226
melgar,189,Ridgecrest2019,6.924198620445488,7.1,,-0.1758013795545121,,130,0.3131839672027713,0.4349548013167226
melgar,190,Ridgecrest2019,6.924198620445488,7.1,,-0.1758013795545121,,130,0.3134166579778699,0.4349548013167226
melgar,191,Ridgecrest2019,6.924198620445488,7.1,,-0.1758013795545121,,130,0.313416834154001,0.4349548013167226
melgar,192,Ridgecrest2019,6.924198620445488,7.1,,-0.1758013795545121,,130,0.3136089336703891,0.4349548013167226
melgar,193,Ridgecrest2019,6.924198620445488,7.1,,-0.1758013795545121,,130,0.3137283463314416,0.4353478094501133
melgar,194,Ridgecrest2019,6.924198620445488,7.1,,-0.1758013795545121,,130,0.3140283619366003,0.4353478094501133
melgar,195,Ridgecrest2019,6.924198620445488,7.1,,-0.1758013795545121,,130,0.3143937493367235,0.4353478094501133
melgar,196,Ridgecrest2019,6.924198620445488,7.1,,-0.1758013795545121,,130,0.3144059495041932,0.4353478094501133
melgar,197,Ridgecrest2019,6.924198620445488,7.1,,-0.1758013795545121,,130,0.3153740730489553,0.4353478094501133
melgar,198,Ridgecrest2019,6.924198620445488,7.1,,-0.1758013795545121,,130,0.3156704360084871,0.4353478094501133
melgar,199,Ridgecrest2019,6.924198620445488,7.1,,-0.1758013795545121,,130,0.3156663456495571,0.4353478094501133
melgar,200,Ridgecrest2019,6.924198620445488,7.1,,-0.1758013795545121,,130,0.3156663456495571,0.4353478094501133
ruhl,1,Ridgecrest2019,5.246791467429704,7.1,,-1.853208532570296,,130,0.6016376949354043,0.9182658798713828
ruhl,2,Ridgecrest2019,5.418108961790129,7.1,,-1.681891038209871,,130,0.5582121745668185,0.8294200144824782
ruhl,3,Ridgecrest2019,5.472426316696271,7.1,,-1.6275736833037282,,130,0.5325594249647317,0.750209812814747
ruhl,4,Ridgecrest2019,5.499686293254622,7.1,,-1.6003137067453777,,130,0.5115116668201276,0.7047294705409
ruhl,5,Ridgecrest2019,5.525450772687545,7.1,,-1.5745492273124544,,130,0.4940823910750989,0.6672418009839785
ruhl,6,Ridgecrest2019,5.569077024351697,7.1,,-1.530922975648303,,130,0.4738608710373523,0.6369541545417299
ruhl,7,Ridgecrest2019,5.58973395512006,7.1,,-1.5102660448799394,,130,0.4612122025426277,0.6534708035172594
ruhl,8,Ridgecrest2019,5.63992413480258,7.1,,-1.4600758651974193,,130,0.4498345663303716,0.655165677149057
ruhl,9,Ridgecrest2019,5.658209697778099,7.1,,-1.441790302221901,,130,0.4538358630666717,0.6451523508103998
ruhl,10,Ridgecrest2019,5.662532947063513,7.1,,-1.437467052936487,,130,0.4627726512569366,0.6857719101666149
ruhl,11,Ridgecrest2019,5.708716283890755,7.1,,-1.3912837161092444,,130,0.4656569804445617,0.6915231459362969
ruhl,12,Ridgecrest2019,5.740662194778195,7.1,,-1.3593378052218048,,130,0.4566540837181105,0.6466234429647759
ruhl,13,Ridgecrest2019,5.77332890114276,7.1,,-1.32667109885724,,130,0.4546400109414261,0.6367294564299169
ruhl,14,Ridgecrest2019,5.794740352444203,7.1,,-1.305259647555797,,130,0.4598505835779196,0.6303720760389107
ruhl,15,Ridgecrest2019,5.846985993088131,7.1,,-1.2530140069118687,,130,0.4616975395690468,0.6708550679458325
ruhl,16,Ridgecrest2019,5.869061207227327,7.1,,-1.2309387927726725,,130,0.4604458617140533,0.6602517556414469
ruhl,17,Ridgecrest2019,5.901889716869041,7.1,,-1.1981102831309585,,130,0.4534357711926114,0.6507095346074045
ruhl,18,Ridgecrest2019,5.924674549747687,7.1,,-1.1753254502523127,,130,0.4464855240874422,0.6569485729646036
ruhl,19,Ridgecrest2019,5.928179932855487,7.1,,-1.1718200671445125,,130,0.4301140528082646,0.6344207767614174
ruhl,20,Ridgecrest2019,5.942334327170013,7.1,,-1.157665672829987,,130,0.4116900016162051,0.5927328581285236
ruhl,21,Ridgecrest2019,5.995620596935115,7.1,,-1.1043794030648844,,130,0.4011134526587535,0.5600995002117068
ruhl,22,Ridgecrest2019,6.056298859360036,7.1,,-1.043701140639964,,130,0.391689792526151,0.5323333678899997
ruhl,23,Ridgecrest2019,6.085248159346301,7.1,,-1.014751840653699,,130,0.3821406389976166,0.5292392900899259
ruhl,24,Ridgecrest2019,6.125945988080946,7.1,,-0.974054011919054,,130,0.3809259282379988,0.4962841712451684
ruhl,25,Ridgecrest2019,6.172978594143668,7.1,,-0.9270214058563316,,130,0.3857192584105798,0.5518419799974446
ruhl,26,Ridgecrest2019,6.194020517310275,7.1,,-0.905979482689725,,130,0.3877800471711072,0.5508914844094246
ruhl,27,Ridgecrest2019,6.228928034665989,7.1,,-0.8710719653340107,,130,0.3857107763921112,0.533674239258576
ruhl,28,Ridgecrest2019,6.2744146164248376,7.1,,-0.8255853835751621,,130,0.3798672341505942,0.5600740968349376
ruhl,29,Ridgecrest2019,6.284909933620291,7.1,,-0.8150900663797085,,130,0.3757582219606682,0.5680023365942715
ruhl,30,Ridgecrest2019,6.3037675903656325,7.1,,-0.7962324096343671,,130,0.3697775773622881,0.5446491158671227
ruhl,31,Ridgecrest2019,6.354694225245497,7.1,,-0.7453057747545024,,130,0.36646109079521,0.5257171982482713
ruhl,32,Ridgecrest2019,6.378571209679668,7.1,,-0.7214287903203314,,130,0.3554072338134042,0.5050952548580483
ruhl,33,Ridgecrest2019,6.398283015897553,7.1,,-0.7017169841024469,,130,0.3488388884259832,0.484981002108122
ruhl,34,Ridgecrest2019,6.411501229431657,7.1,,-0.6884987705683425,,130,0.3416371562948999,0.4489246729356706
ruhl,35,Ridgecrest2019,6.415332949274336,7.1,,-0.6846670507256638,,130,0.3343606321434479,0.4489246729356706
ruhl,36,Ridgecrest2019,6.431033512686742,7.1,,-0.6689664873132575,,130,0.328460589813577,0.4360744821651412
ruhl,37,Ridgecrest2019,6.432525252470137,7.1,,-0.6674747475298624,,130,0.3236746650925246,0.4450294750014452
ruhl,38,Ridgecrest2019,6.438024700129947,7.1,,-0.6619752998700523,,130,0.3202612600750696,0.4333218264926604
ruhl,39,Ridgecrest2019,6.442084853247233,7.1,,-0.6579151467527664,,130,0.3146667761871608,0.408632317208089
ruhl,40,Ridgecrest2019,6.444580794075327,7.1,,-0.6554192059246731,,130,0.3066892232853256,0.3996464390486807
ruhl,41,Ridgecrest2019,6.451387635347963,7.1,,-0.6486123646520365,,130,0.3042022375341698,0.3974215088008286
ruhl,42,Ridgecrest2019,6.451387635347963,7.1,,-0.6486123646520365,,130,0.3014908652655254,0.3929898741006372
ruhl,43,Ridgecrest2019,6.451387635347963,7.1,,-0.6486123646520365,,130,0.2978271324192871,0.3929898741006372
ruhl,44,Ridgecrest2019,6.451387635347963,7.1,,-0.6486123646520365,,130,0.2922268180816306,0.3699627818715907
ruhl,45,Ridgecrest2019,6.45806871494885,7.1,,-0.6419312850511494,,130,0.2897349244683218,0.3542954009064116
ruhl,46,Ridgecrest2019,6.464164241209112,7.1,,-0.635835758790888,,130,0.2928466757888534,0.351922256401342
ruhl,47,Ridgecrest2019,6.468725446961143,7.1,,-0.6312745530388568,,130,0.2864354776756505,0.3338123384233729
ruhl,48,Ridgecrest2019,6.472863423626508,7.1,,-0.6271365763734913,,130,0.2862682787529348,0.3392940647832194
ruhl,49,Ridgecrest2019,6.472863423626508,7.1,,-0.6271365763734913,,130,0.2869080847031002,0.3437419366657668
ruhl,50,Ridgecrest2019,6.476845646178113,7.1,,-0.6231543538218869,,130,0.2856736093172074,0.3159500862698499
ruhl,51,Ridgecrest2019,6.488470482652528,7.1,,-0.6115295173474715,,130,0.284048812176109,0.2975590237396499
ruhl,52,Ridgecrest2019,6.504154917950963,7.1,,-0.5958450820490366,,130,0.2829148748864375,0.2960022876819277
ruhl,53,Ridgecrest2019,6.508126114313825,7.1,,-0.5918738856861747,,130,0.281668691644571,0.3082793388927598
ruhl,54,Ridgecrest2019,6.512958065734104,7.1,,-0.5870419342658959,,130,0.2785373154685615,0.3032974654945599
ruhl,55,Ridgecrest2019,6.515932419904473,7.1,,-0.5840675800955264,,130,0.2756499816625177,0.3032974654945599
ruhl,56,Ridgecrest2019,6.517735831146216,7.1,,-0.5822641688537837,,130,0.2664879911077919,0.2812293372589707
ruhl,57,Ridgecrest2019,6.528827932182748,7.1,,-0.571172067817252,,130,0.2656923962492703,0.2837661578554895
ruhl,58,Ridgecrest2019,6.528827932182748,7.1,,-0.571172067817252,,130,0.264860081493384,0.2996386228385876
ruhl,59,Ridgecrest2019,6.540759883846056,7.1,,-0.5592401161539442,,130,0.2642973404133702,0.3039372081438776
ruhl,60,Ridgecrest2019,6.547953251309949,7.1,,-0.5520467486900502,,130,0.2655701944853024,0.3094289427124046
ruhl,61,Ridgecrest2019,6.547953251309949,7.1,,-0.5520467486900502,,130,0.2639421390355959,0.3129317917235905
ruhl,62,Ridgecrest2019,6.547953251309949,7.1,,-0.5520467486900502,,130,0.2589049512881586,0.3016932364417446
ruhl,63,Ridgecrest2019,6.551086940195741,7.1,,-0.5489130598042582,,130,0.2505573527921407,0.27822772399516
ruhl,64,Ridgecrest2019,6.563735706264383,7.1,,-0.5362642937356163,,130,0.2483140323483198,0.2783993891147185
ruhl,65,Ridgecrest2019,6.567088451907497,7.1,,-0.5329115480925024,,130,0.250248758848709,0.2817567690106859
ruhl,66,Ridgecrest2019,6.567088451907497,7.1,,-0.5329115480925024,,130,0.2497140384356456,0.2944666316216402
ruhl,67,Ridgecrest2019,6.573856778113644,7.1,,-0.5261432218863558,,130,0.2472457644737971,0.2991360970852659
ruhl,68,Ridgecrest2019,6.580176067897203,7.1,,-0.5198239321027964,,130,0.2466836330140967,0.287589875050557
ruhl,69,Ridgecrest2019,6.582446126486792,7.1,,-0.5175538735132079,,130,0.2471789125183381,0.2927979443445725
ruhl,70,Ridgecrest2019,6.582446126486792,7.1,,-0.5175538735132079,,130,0.249744669062633,0.2976529415100408
ruhl,71,Ridgecrest2019,6.5991725279918345,7.1,,-0.5008274720081651,,130,0.2506733752622,0.284967663142309
ruhl,72,Ridgecrest2019,6.601339053926491,7.1,,-0.4986609460735085,,130,0.2545987298947442,0.2905866647277575
ruhl,73,Ridgecrest2019,6.601339053926491,7.1,,-0.4986609460735085,,130,0.2595054746896695,0.2905866647277575
ruhl,74,Ridgecrest2019,6.601339053926491,7.1,,-0.4986609460735085,,130,0.2617783564810768,0.2959413679697622
ruhl,75,Ridgecrest2019,6.601339053926491,7.1,,-0.4986609460735085,,130,0.2621574737117802,0.2955700648745969
ruhl,76,Ridgecrest2019,6.601339053926491,7.1,,-0.4986609460735085,,130,0.2640675726707085,0.3084047708373045
ruhl,77,Ridgecrest2019,6.60192419698073,7.1,,-0.4980758030192698,,130,0.2696939371154013,0.3353082061319625
ruhl,78,Ridgecrest2019,6.6141892053478255,7.1,,-0.4858107946521741,,130,0.2679451672772165,0.3236852656911324
ruhl,79,Ridgecrest2019,6.6141892053478255,7.1,,-0.4858107946521741,,130,0.2672999654855429,0.3177012299735375
ruhl,80,Ridgecrest2019,6.616855633191419,7.1,,-0.4831443668085811,,130,0.2695807625950697,0.3311591433171088
ruhl,81,Ridgecrest2019,6.616855633191419,7.1,,-0.4831443668085811,,130,0.2710439017070758,0.3311591433171088
ruhl,82,Ridgecrest2019,6.616855633191419,7.1,,-0.4831443668085811,,130,0.2728472322111011,0.3288781529744948
ruhl,83,Ridgecrest2019,6.616855633191419,7.1,,-0.4831443668085811,,130,0.2723150635448627,0.3288456565172044
ruhl,84,Ridgecrest2019,6.616855633191419,7.1,,-0.4831443668085811,,130,0.2746587481511572,0.3288456565172044
ruhl,85,Ridgecrest2019,6.616855633191419,7.1,,-0.4831443668085811,,130,0.2765197877133146,0.3275595031120941
ruhl,86,Ridgecrest2019,6.622715611293584,7.1,,-0.4772843887064155,,130,0.2771965732125729,0.3291115715012074
ruhl,87,Ridgecrest2019,6.624632472271637,7.1,,-0.4753675277283626,,130,0.2809132499402175,0.3291115715012074
ruhl,88,Ridgecrest2019,6.630262791813939,7.1,,-0.4697372081860607,,130,0.2818179532293683,0.342130894811623
ruhl,89,Ridgecrest2019,6.630262791813939,7.1,,-0.4697372081860607,,130,0.2825277499123454,0.3546984169214875
ruhl,90,Ridgecrest2019,6.63797027881628,7.1,,-0.4620297211837201,,130,0.2823850481089497,0.3520288896552141
ruhl,91,Ridgecrest2019,6.63797027881628,7.1,,-0.4620297211837201,,130,0.2825104384646023,0.3520288896552141
ruhl,92,Ridgecrest2019,6.63797027881628,7.1,,-0.4620297211837201,,130,0.2828038303099166,0.3618528346280261
ruhl,93,Ridgecrest2019,6.63797027881628,7.1,,-0.4620297211837201,,130,0.2845099376199007,0.3618528346280261
ruhl,94,Ridgecrest2019,6.642777247122114,7.1,,-0.457222752877886,,130,0.2847037004860357,0.3618528346280261
ruhl,95,Ridgecrest2019,6.642777247122114,7.1,,-0.457222752877886,,130,0.2849448208602582,0.3618528346280261
ruhl,96,Ridgecrest2019,6.642777247122114,7.1,,-0.457222752877886,,130,0.2858098507118133,0.3618528346280261
ruhl,97,Ridgecrest2019,6.642777247122114,7.1,,-0.457222752877886,,130,0.286240571297557,0.3618528346280261
ruhl,98,Ridgecrest2019,6.642777247122114,7.1,,-0.457222752877886,,130,0.2864212919689479,0.3618528346280261
ruhl,99,Ridgecrest2019,6.642777247122114,7.1,,-0.457222752877886,,130,0.2867792242009334,0.3618528346280261
ruhl,100,Ridgecrest2019,6.642777247122114,7.1,,-0.457222752877886,,130,0.2867840069840874,0.3618528346280261
ruhl,101,Ridgecrest2019,6.642777247122114,7.1,,-0.457222752877886,,130,0.2868126043448799,0.3618528346280261
ruhl,102,Ridgecrest2019,6.6451849015604605,7.1,,-0.4548150984395391,,130,0.2867099803107159,0.3618528346280261
ruhl,103,Ridgecrest2019,6.649461475362296,7.1,,-0.4505385246377038,,130,0.2890703949998221,0.3537051258509187
ruhl,104,Ridgecrest2019,6.651330976759164,7.1,,-0.4486690232408357,,130,0.2944884671819088,0.3700750705988982
ruhl,105,Ridgecrest2019,6.653078999272567,7.1,,-0.4469210007274329,,130,0.2945450372309548,0.3700750705988982
ruhl,106,Ridgecrest2019,6.655623563416272,7.1,,-0.4443764365837275,,130,0.294915983565569,0.3789910858187513
ruhl,107,Ridgecrest2019,6.660036703293299,7.1,,-0.4399632967067006,,130,0.2952406928981377,0.3789910858187513
ruhl,108,Ridgecrest2019,6.660036703293299,7.1,,-0.4399632967067006,,130,0.2954559072323391,0.3789910858187513
ruhl,109,Ridgecrest2019,6.660036703293299,7.1,,-0.4399632967067006,,130,0.2962843877442461,0.3789910858187513
ruhl,110,Ridgecrest2019,6.660036703293299,7.1,,-0.4399632967067006,,130,0.2968146863271098,0.3789910858187513
ruhl,111,Ridgecrest2019,6.660036703293299,7.1,,-0.4399632967067006,,130,0.296967385639856,0.3789910858187513
ruhl,112,Ridgecrest2019,6.660036703293299,7.1,,-0.4399632967067006,,130,0.296996437718262,0.3789910858187513
ruhl,113,Ridgecrest2019,6.660036703293299,7.1,,-0.4399632967067006,,130,0.2972397439555462,0.3789910858187513
ruhl,114,Ridgecrest2019,6.660036703293299,7.1,,-0.4399632967067006,,130,0.2982853600720281,0.383031435016643
ruhl,115,Ridgecrest2019,6.660036703293299,7.1,,-0.4399632967067006,,130,0.3005092420440637,0.383031435016643
ruhl,116,Ridgecrest2019,6.66623412955915,7.1,,-0.4337658704408493,,130,0.3028921890847229,0.383031435016643
ruhl,117,Ridgecrest2019,6.671916863668361,7.1,,-0.4280831363316384,,130,0.3037642641920822,0.3848472971500776
ruhl,118,Ridgecrest2019,6.671916863668361,7.1,,-0.4280831363316384,,130,0.3046505050648561,0.3848472971500776
ruhl,119,Ridgecrest2019,6.671916863668361,7.1,,-0.4280831363316384,,130,0.3070885631068934,0.3848472971500776
ruhl,120,Ridgecrest2019,6.671916863668361,7.1,,-0.4280831363316384,,130,0.3077074005150372,0.3848472971500776
ruhl,121,Ridgecrest2019,6.671916863668361,7.1,,-0.4280831363316384,,130,0.3082411180825561,0.3878808408794345
ruhl,122,Ridgecrest2019,6.671916863668361,7.1,,-0.4280831363316384,,130,0.3102084600142868,0.3878808408794345
ruhl,123,Ridgecrest2019,6.671916863668361,7.1,,-0.4280831363316384,,130,0.3130995204723938,0.3946910155416301
ruhl,124,Ridgecrest2019,6.671916863668361,7.1,,-0.4280831363316384,,130,0.314386558264985,0.4031376320760449
ruhl,125,Ridgecrest2019,6.671916863668361,7.1,,-0.4280831363316384,,130,0.3156610599842557,0.4072123066190292
ruhl,126,Ridgecrest2019,6.671916863668361,7.1,,-0.4280831363316384,,130,0.3177097662744952,0.4194700086239642
ruhl,127,Ridgecrest2019,6.671916863668361,7.1,,-0.4280831363316384,,130,0.319752015251791,0.4194700086239642
ruhl,128,Ridgecrest2019,6.671916863668361,7.1,,-0.4280831363316384,,130,0.3198136676272241,0.4194700086239642
ruhl,129,Ridgecrest2019,6.671916863668361,7.1,,-0.4280831363316384,,130,0.3200951891050345,0.4194700086239642
ruhl,130,Ridgecrest2019,6.685686182619602,7.1,,-0.4143138173803979,,130,0.3245924497252918,0.4194700086239642
ruhl,131,Ridgecrest2019,6.685686182619602,7.1,,-0.4143138173803979,,130,0.3279391375740005,0.4221203546842069
ruhl,132,Ridgecrest2019,6.685686182619602,7.1,,-0.4143138173803979,,130,0.3282699968579065,0.4345145561299155
ruhl,133,Ridgecrest2019,6.685686182619602,7.1,,-0.4143138173803979,,130,0.3284278648590697,0.4345145561299155
ruhl,134,Ridgecrest2019,6.685686182619602,7.1,,-0.4143138173803979,,130,0.3288432828499096,0.4345145561299155
ruhl,135,Ridgecrest2019,6.685686182619602,7.1,,-0.4143138173803979,,130,0.3293461020060908,0.4345145561299155
ruhl,136,Ridgecrest2019,6.685686182619602,7.1,,-0.4143138173803979,,130,0.3294353903713288,0.4364382715603696
ruhl,137,Ridgecrest2019,6.685686182619602,7.1,,-0.4143138173803979,,130,0.3296588684302587,0.4364382715603696
ruhl,138,Ridgecrest2019,6.685686182619602,7.1,,-0.4143138173803979,,130,0.3297091523638573,0.4364382715603696
ruhl,139,Ridgecrest2019,6.685686182619602,7.1,,-0.4143138173803979,,130,0.3297091523638573,0.4364382715603696
ruhl,140,Ridgecrest2019,6.685686182619602,7.1,,-0.4143138173803979,,130,0.3297606073221731,0.4364382715603696
ruhl,141,Ridgecrest2019,6.685686182619602,7.1,,-0.4143138173803979,,130,0.3306143068266757,0.4364382715603696
ruhl,142,Ridgecrest2019,6.685686182619602,7.1,,-0.4143138173803979,,130,0.3306143068266757,0.4364382715603696
ruhl,143,Ridgecrest2019,6.685686182619602,7.1,,-0.4143138173803979,,130,0.3306143068266757,0.4364382715603696
ruhl,144,Ridgecrest2019,6.685686182619602,7.1,,-0.4143138173803979,,130,0.330618615330979,0.4364382715603696
ruhl,145,Ridgecrest2019,6.685686182619602,7.1,,-0.4143138173803979,,130,0.3323357264345489,0.4364382715603696
ruhl,146,Ridgecrest2019,6.685686182619602,7.1,,-0.4143138173803979,,130,0.3342237766441359,0.4364382715603696
ruhl,147,Ridgecrest2019,6.685686182619602,7.1,,-0.4143138173803979,,130,0.3356100242226846,0.4535742539158169
ruhl,148,Ridgecrest2019,6.685686182619602,7.1,,-0.4143138173803979,,130,0.3367456600343476,0.4554363015953804
ruhl,149,Ridgecrest2019,6.685686182619602,7.1,,-0.4143138173803979,,130,0.3373226524725798,0.4554363015953804
ruhl,150,Ridgecrest2019,6.685686182619602,7.1,,-0.4143138173803979,,130,0.3373912893491139,0.4554363015953804
ruhl,151,Ridgecrest2019,6.685686182619602,7.1,,-0.4143138173803979,,130,0.3373912893491139,0.4554363015953804
ruhl,152,Ridgecrest2019,6.685686182619602,7.1,,-0.4143138173803979,,130,0.3375913921869065,0.4554363015953804
ruhl,153,Ridgecrest2019,6.685686182619602,7.1,,-0.4143138173803979,,130,0.3384992511618732,0.4554363015953804
ruhl,154,Ridgecrest2019,6.699494555871448,7.1,,-0.4005054441285516,,130,0.3393251738263344,0.4554363015953804
ruhl,155,Ridgecrest2019,6.699494555871448,7.1,,-0.4005054441285516,,130,0.3398822076301562,0.4615315059979075
ruhl,156,Ridgecrest2019,6.699494555871448,7.1,,-0.4005054441285516,,130,0.3405510728339151,0.4615315059979075
ruhl,157,Ridgecrest2019,6.699494555871448,7.1,,-0.4005054441285516,,130,0.3407523713977079,0.4615315059979075
ruhl,158,Ridgecrest2019,6.699494555871448,7.1,,-0.4005054441285516,,130,0.3403791888060138,0.4517682053097891
ruhl,159,Ridgecrest2019,6.699494555871448,7.1,,-0.4005054441285516,,130,0.3409775989652903,0.4517682053097891
ruhl,160,Ridgecrest2019,6.699494555871448,7.1,,-0.4005054441285516,,130,0.3415944294808095,0.4517682053097891
ruhl,161,Ridgecrest2019,6.699494555871448,7.1,,-0.4005054441285516,,130,0.3423407811567931,0.4517682053097891
ruhl,162,Ridgecrest2019,6.699494555871448,7.1,,-0.4005054441285516,,130,0.3425612604116599,0.4517682053097891
ruhl,163,Ridgecrest2019,6.699494555871448,7.1,,-0.4005054441285516,,130,0.3425612604116599,0.4517682053097891
ruhl,164,Ridgecrest2019,6.699494555871448,7.1,,-0.4005054441285516,,130,0.3425612604116599,0.4517682053097891
ruhl,165,Ridgecrest2019,6.699494555871448,7.1,,-0.4005054441285516,,130,0.3425612604116599,0.4517682053097891
ruhl,166,Ridgecrest2019,6.699494555871448,7.1,,-0.4005054441285516,,130,0.3429123967691856,0.4517682053097891
ruhl,167,Ridgecrest2019,6.699494555871448,7.1,,-0.4005054441285516,,130,0.3431764482404913,0.4517682053097891
ruhl,168,Ridgecrest2019,6.699494555871448,7.1,,-0.4005054441285516,,130,0.3428398395451834,0.4517682053097891
ruhl,169,Ridgecrest2019,6.701328185345336,7.1,,-0.3986718146546639,,130,0.3426240393727604,0.4517682053097891
ruhl,170,Ridgecrest2019,6.701328185345336,7.1,,-0.3986718146546639,,130,0.3425983663464527,0.4517682053097891
ruhl,171,Ridgecrest2019,6.701328185345336,7.1,,-0.3986718146546639,,130,0.3425983663464527,0.4517682053097891
ruhl,172,Ridgecrest2019,6.701328185345336,7.1,,-0.3986718146546639,,130,0.3425443178748896,0.45114928872733
ruhl,173,Ridgecrest2019,6.701328185345336,7.1,,-0.3986718146546639,,130,0.3423643290575812,0.4510829471342381
ruhl,174,Ridgecrest2019,6.701328185345336,7.1,,-0.3986718146546639,,130,0.3433567180513827,0.4510829471342381
ruhl,175,Ridgecrest2019,6.701328185345336,7.1,,-0.3986718146546639,,130,0.3435286629469511,0.4510829471342381
ruhl,176,Ridgecrest2019,6.701328185345336,7.1,,-0.3986718146546639,,130,0.3434442993328089,0.4510829471342381
ruhl,177,Ridgecrest2019,6.701328185345336,7.1,,-0.3986718146546639,,130,0.3431528958075586,0.4567329797633652
ruhl,178,Ridgecrest2019,6.7074511365301,7.1,,-0.3925488634698997,,130,0.3428817534546236,0.4567329797633652
ruhl,179,Ridgecrest2019,6.7074511365301,7.1,,-0.3925488634698997,,130,0.3426828708307719,0.4560160054629909
ruhl,180,Ridgecrest2019,6.7074511365301,7.1,,-0.3925488634698997,,130,0.3428456496229509,0.4597978201962789
ruhl,181,Ridgecrest2019,6.7074511365301,7.1,,-0.3925488634698997,,130,0.3428470292964152,0.4597978201962789
ruhl,182,Ridgecrest2019,6.7074511365301,7.1,,-0.3925488634698997,,130,0.3428470292964152,0.4597978201962789
ruhl,183,Ridgecrest2019,6.7074511365301,7.1,,-0.3925488634698997,,130,0.3428321004217518,0.4597978201962789
ruhl,184,Ridgecrest2019,6.7074511365301,7.1,,-0.3925488634698997,,130,0.3428321004217518,0.4597978201962789
ruhl,185,Ridgecrest2019,6.7074511365301,7.1,,-0.3925488634698997,,130,0.3428321004217518,0.4597978201962789
ruhl,186,Ridgecrest2019,6.7074511365301,7.1,,-0.3925488634698997,,130,0.342888374800982,0.4597978201962789
ruhl,187,Ridgecrest2019,6.7074511365301,7.1,,-0.3925488634698997,,130,0.3429004913700257,0.4597978201962789
ruhl,188,Ridgecrest2019,6.7074511365301,7.1,,-0.3925488634698997,,130,0.3427122819375069,0.4597978201962789
ruhl,189,Ridgecrest2019,6.7074511365301,7.1,,-0.3925488634698997,,130,0.3427122819375069,0.4597978201962789
ruhl,190,Ridgecrest2019,6.7074511365301,7.1,,-0.3925488634698997,,130,0.3429726207944188,0.4597978201962789
ruhl,191,Ridgecrest2019,6.7074511365301,7.1,,-0.3925488634698997,,130,0.3429728089062633,0.4597978201962789
ruhl,192,Ridgecrest2019,6.7074511365301,7.1,,-0.3925488634698997,,130,0.3431823076298372,0.4597978201962789
ruhl,193,Ridgecrest2019,6.7074511365301,7.1,,-0.3925488634698997,,130,0.3433148014642029,0.4597978201962789
ruhl,194,Ridgecrest2019,6.7074511365301,7.1,,-0.3925488634698997,,130,0.3436470991316133,0.4597978201962789
ruhl,195,Ridgecrest2019,6.7074511365301,7.1,,-0.3925488634698997,,130,0.3440508036309166,0.4597978201962789
ruhl,196,Ridgecrest2019,6.7074511365301,7.1,,-0.3925488634698997,,130,0.3440642801688194,0.4597978201962789
ruhl,197,Ridgecrest2019,6.7074511365301,7.1,,-0.3925488634698997,,130,0.3451449183964521,0.4597978201962789
ruhl,198,Ridgecrest2019,6.7074511365301,7.1,,-0.3925488634698997,,130,0.3454750964950074,0.4597978201962789
ruhl,199,Ridgecrest2019,6.7074511365301,7.1,,-0.3925488634698997,,130,0.345471378440294,0.4597978201962789
ruhl,200,Ridgecrest2019,6.7074511365301,7.1,,-0.3925488634698997,,130,0.345471378440294,0.4597978201962789
crowell,2,Tokachi2003,6.505695836613823,8.16,,-1.6543041633861773,,228,0.3176203950874222,0.3844434660736864
crowell,3,Tokachi2003,6.65883796347487,8.16,,-1.5011620365251304,,228,0.2877777527645038,0.3510769571720198
crowell,4,Tokachi2003,6.690262262060863,8.16,,-1.4697377379391376,,228,0.2854040391325668,0.3833294232387896
crowell,5,Tokachi2003,6.766149811368127,8.16,,-1.3938501886318733,,228,0.2776692268681734,0.375316216209546
crowell,6,Tokachi2003,6.955179603831263,8.16,,-1.2048203961687367,,228,0.2366483456117613,0.3401777847457286
crowell,7,Tokachi2003,6.964789811049826,8.16,,-1.195210188950174,,228,0.2343757515616514,0.3259209648303303
crowell,8,Tokachi2003,6.969223825868535,8.16,,-1.1907761741314653,,228,0.2334645179222183,0.3272390212354246
crowell,9,Tokachi2003,6.989071369910782,8.16,,-1.170928630089218,,228,0.2314401007266331,0.3113441718570557
crowell,10,Tokachi2003,6.992578066619034,8.16,,-1.1674219333809663,,228,0.2274751036612748,0.3070415373920827
crowell,11,Tokachi2003,6.992578066619034,8.16,,-1.1674219333809663,,228,0.2278487650564665,0.3070415373920827
crowell,12,Tokachi2003,6.992578066619034,8.16,,-1.1674219333809663,,228,0.2270855684108144,0.2963142322684868
crowell,13,Tokachi2003,7.0019257624498765,8.16,,-1.1580742375501236,,228,0.2257036921787425,0.2939153584149121
crowell,14,Tokachi2003,7.004541192488485,8.16,,-1.1554588075115149,,228,0.2257104154886539,0.2939153584149121
crowell,15,Tokachi2003,7.004541192488485,8.16,,-1.1554588075115149,,228,0.2290936069478297,0.2948058567342437
crowell,16,Tokachi2003,7.012498894497387,8.16,,-1.147501105502613,,228,0.2297237474146141,0.2895265571537617
crowell,17,Tokachi2003,7.012498894497387,8.16,,-1.147501105502613,,228,0.2306722695639652,0.2895265571537617
crowell,18,Tokachi2003,7.012498894497387,8.16,,-1.147501105502613,,228,0.2306722695639652,0.2895265571537617
crowell,19,Tokachi2003,7.012498894497387,8.16,,-1.147501105502613,,228,0.231851947668744,0.2895265571537617
crowell,20,Tokachi2003,7.012498894497387,8.16,,-1.147501105502613,,228,0.2324611989569762,0.2838257212386192
crowell,21,Tokachi2003,7.012498894497387,8.16,,-1.147501105502613,,228,0.232257110523929,0.2876081953382341
crowell,22,Tokachi2003,7.012498894497387,8.16,,-1.147501105502613,,228,0.2331317452014535,0.2876081953382341
crowell,23,Tokachi2003,7.012498894497387,8.16,,-1.147501105502613,,228,0.2331876834561372,0.2881254812380955
crowell,24,Tokachi2003,7.015652316526344,8.16,,-1.144347683473656,,228,0.2302455962441263,0.279551911493221
crowell,25,Tokachi2003,7.063218488749801,8.16,,-1.0967815112501995,,228,0.2219104589145923,0.2786873584948548
crowell,26,Tokachi2003,7.148918012905904,8.16,,-1.011081987094096,,228,0.2198813886913865,0.2685954956646572
crowell,27,Tokachi2003,7.148918012905904,8.16,,-1.011081987094096,,228,0.2198590067111935,0.2685954956646572
crowell,28,Tokachi2003,7.148918012905904,8.16,,-1.011081987094096,,228,0.2199317053899078,0.2763706427539123
crowell,29,Tokachi2003,7.15257312755584,8.16,,-1.0074268724441602,,228,0.2195727643567374,0.2786827530096056
crowell,30,Tokachi2003,7.15257312755584,8.16,,-1.0074268724441602,,228,0.2201394168003076,0.2786827530096056
crowell,31,Tokachi2003,7.15257312755584,8.16,,-1.0074268724441602,,228,0.2211765651826238,0.2786827530096056
crowell,32,Tokachi2003,7.159584024124934,8.16,,-1.0004159758750664,,228,0.2310749147403732,0.2825478854158962
crowell,33,Tokachi2003,7.159584024124934,8.16,,-1.0004159758750664,,228,0.2311553279738934,0.2825478854158962
crowell,34,Tokachi2003,7.160404250941068,8.16,,-0.9995957490589324,,228,0.2320683736907137,0.2825478854158962
crowell,35,Tokachi2003,7.162773253283564,8.16,,-0.9972267467164356,,228,0.2333278125522676,0.2825478854158962
crowell,36,Tokachi2003,7.162773253283564,8.16,,-0.9972267467164356,,228,0.2333334286788827,0.2825478854158962
crowell,37,Tokachi2003,7.162773253283564,8.16,,-0.9972267467164356,,228,0.2346917182729513,0.2825478854158962
crowell,38,Tokachi2003,7.162773253283564,8.16,,-0.9972267467164356,,228,0.2348663004528756,0.2825478854158962
crowell,39,Tokachi2003,7.162773253283564,8.16,,-0.9972267467164356,,228,0.236062711239187,0.2825478854158962
crowell,40,Tokachi2003,7.162773253283564,8.16,,-0.9972267467164356,,228,0.2366499307980736,0.2825478854158962
crowell,41,Tokachi2003,7.162773253283564,8.16,,-0.9972267467164356,,228,0.2373117810778345,0.2824580005053541
crowell,42,Tokachi2003,7.162773253283564,8.16,,-0.9972267467164356,,228,0.2388738161864307,0.2824580005053541
crowell,43,Tokachi2003,7.162773253283564,8.16,,-0.9972267467164356,,228,0.2383852719311985,0.2824580005053541
crowell,44,Tokachi2003,7.173855841151401,8.16,,-0.9861441588485996,,228,0.23538285256616,0.2845669898738645
crowell,45,Tokachi2003,7.173855841151401,8.16,,-0.9861441588485996,,228,0.2348250971494933,0.2877916883265667
crowell,46,Tokachi2003,7.173855841151401,8.16,,-0.9861441588485996,,228,0.2356927347344958,0.2877916883265667
crowell,47,Tokachi2003,7.173855841151401,8.16,,-0.9861441588485996,,228,0.241764104657974,0.3047206826546276
crowell,48,Tokachi2003,7.173855841151401,8.16,,-0.9861441588485996,,228,0.2425417841205735,0.3058523900599983
crowell,49,Tokachi2003,7.173855841151401,8.16,,-0.9861441588485996,,228,0.2435283108670345,0.3135024291461974
crowell,50,Tokachi2003,7.173855841151401,8.16,,-0.9861441588485996,,228,0.2436836486649474,0.3135024291461974
crowell,51,Tokachi2003,7.173855841151401,8.16,,-0.9861441588485996,,228,0.2430862539113477,0.3135024291461974
crowell,52,Tokachi2003,7.173855841151401,8.16,,-0.9861441588485996,,228,0.2435633929570825,0.3093554148650188
crowell,53,Tokachi2003,7.177288513545311,8.16,,-0.9827114864546892,,228,0.2433591096390254,0.3093554148650188
crowell,54,Tokachi2003,7.177288513545311,8.16,,-0.9827114864546892,,228,0.2416274435253733,0.3118055521697576
crowell,55,Tokachi2003,7.179571749721957,8.16,,-0.9804282502780436,,228,0.2393822760226573,0.3064680331135347
crowell,56,Tokachi2003,7.180648535389697,8.16,,-0.9793514646103034,,228,0.2382986970880262,0.317026444046304
crowell,57,Tokachi2003,7.180648535389697,8.16,,-0.9793514646103034,,228,0.2387111287611365,0.3156431705320246
crowell,58,Tokachi2003,7.185851039264529,8.16,,-0.9741489607354712,,228,0.2397923369348075,0.3112895668370292
crowell,59,Tokachi2003,7.1911908720936655,8.16,,-0.9688091279063348,,228,0.2426030911250152,0.314157387418323
crowell,60,Tokachi2003,7.197762110725639,8.16,,-0.9622378892743608,,228,0.2467923751574401,0.3122861464444044
crowell,61,Tokachi2003,7.203343468753606,8.16,,-0.9566565312463942,,228,0.2534996422844121,0.3075800507296833
crowell,62,Tokachi2003,7.21969082201781,8.16,,-0.94030917798219,,228,0.264916126094312,0.3241200035528857
crowell,63,Tokachi2003,7.228664112669291,8.16,,-0.9313358873307092,,228,0.2745219990161326,0.3570378298390713
crowell,64,Tokachi2003,7.233072199218649,8.16,,-0.9269278007813516,,228,0.2806570192818558,0.3615186190620401
crowell,65,Tokachi2003,7.240118412452615,8.16,,-0.9198815875473852,,228,0.2866941176174726,0.355164089650577
crowell,66,Tokachi2003,7.241758411778062,8.16,,-0.918241588221938,,228,0.2915042057891747,0.3518492251367773
crowell,67,Tokachi2003,7.249583957167887,8.16,,-0.9104160428321136,,228,0.2967806051610531,0.3452966457364335
crowell,68,Tokachi2003,7.257918461286627,8.16,,-0.9020815387133734,,228,0.3035541570718904,0.3375069262869239
crowell,69,Tokachi2003,7.274689128964291,8.16,,-0.8853108710357089,,228,0.3118243945851746,0.3389677540480793
crowell,70,Tokachi2003,7.291324108451168,8.16,,-0.8686758915488317,,228,0.3116608073596888,0.3396356559363145
crowell,71,Tokachi2003,7.29409436603361,8.16,,-0.8659056339663902,,228,0.3141090703419036,0.3262908535582181
crowell,72,Tokachi2003,7.31600650926503,8.16,,-0.8439934907349702,,228,0.315785620124024,0.3229853189351255
crowell,73,Tokachi2003,7.325093572756637,8.16,,-0.8349064272433626,,228,0.318475722939686,0.348485953443773
crowell,74,Tokachi2003,7.338851741699127,8.16,,-0.8211482583008731,,228,0.3217463128701207,0.343643607023739
crowell,75,Tokachi2003,7.359906225874086,8.16,,-0.800093774125914,,228,0.3257934405508703,0.3708861523950277
crowell,76,Tokachi2003,7.368524045074016,8.16,,-0.7914759549259838,,228,0.3299116861317805,0.3877247099723702
crowell,77,Tokachi2003,7.415583168748654,8.16,,-0.7444168312513462,,228,0.3314428877677455,0.437565781269857
crowell,78,Tokachi2003,7.457377916014968,8.16,,-0.7026220839850321,,228,0.3267643031672362,0.4553734732266896
crowell,79,Tokachi2003,7.489972254019317,8.16,,-0.6700277459806827,,228,0.3265838915760573,0.4672312078147849
crowell,80,Tokachi2003,7.509266522014746,8.16,,-0.6507334779852538,,228,0.3305976801911294,0.4910034592776018
crowell,81,Tokachi2003,7.509266522014746,8.16,,-0.6507334779852538,,228,0.3353537347215543,0.5015834182119772
crowell,82,Tokachi2003,7.538463903592566,8.16,,-0.6215360964074339,,228,0.3403175613547779,0.5223197749540684
crowell,83,Tokachi2003,7.551877714674338,8.16,,-0.6081222853256616,,228,0.3433269293270133,0.550213940299531
crowell,84,Tokachi2003,7.576978135233507,8.16,,-0.5830218647664935,,228,0.3438796235079492,0.5660678279339795
crowell,85,Tokachi2003,7.597919368718715,8.16,,-0.5620806312812849,,228,0.3477384120566488,0.5795746433978604
crowell,86,Tokachi2003,7.619002721929256,8.16,,-0.5409972780707442,,228,0.3519147092295425,0.5713456894961926
crowell,87,Tokachi2003,7.637198160472613,8.16,,-0.5228018395273875,,228,0.3544646761691832,0.5737623024720557
crowell,88,Tokachi2003,7.664243686857361,8.16,,-0.495756313142639,,228,0.3553946784282161,0.5935646997541895
crowell,89,Tokachi2003,7.718082356229572,8.16,,-0.4419176437704282,,228,0.354143851796814,0.6009496318120622
crowell,90,Tokachi2003,7.753241394992284,8.16,,-0.4067586050077159,,228,0.3522005049352711,0.5914543752018346
crowell,91,Tokachi2003,7.759509420171662,8.16,,-0.4004905798283378,,228,0.3552886607678499,0.6000499555704444
crowell,92,Tokachi2003,7.774157346548813,8.16,,-0.3858426534511867,,228,0.3583512503865377,0.6079987287011992
crowell,93,Tokachi2003,7.8020086215448305,8.16,,-0.3579913784551696,,228,0.358068691204518,0.605831699545698
crowell,94,Tokachi2003,7.833671333418022,8.16,,-0.3263286665819782,,228,0.3552834060860627,0.6016919661160793
crowell,95,Tokachi2003,7.864832826588774,8.16,,-0.295167173411226,,228,0.3525956338538547,0.5898170245222314
crowell,96,Tokachi2003,7.890811553565056,8.16,,-0.2691884464349439,,228,0.3526037522754904,0.6031025962234011
crowell,97,Tokachi2003,7.901124204867508,8.16,,-0.258875795132492,,228,0.3522592489542712,0.5933552317108592
crowell,98,Tokachi2003,7.911750285156236,8.16,,-0.2482497148437641,,228,0.3501200759368296,0.5828275538642185
crowell,99,Tokachi2003,7.943623409634893,8.16,,-0.2163765903651073,,228,0.3487287045769795,0.5920568139540654
crowell,100,Tokachi2003,7.959060183920738,8.16,,-0.2009398160792619,,228,0.3477242632576063,0.5718290318941515
crowell,101,Tokachi2003,7.964131936354255,8.16,,-0.1958680636457455,,228,0.3471269192060777,0.5709369288180284
crowell,102,Tokachi2003,7.972824711175971,8.16,,-0.1871752888240294,,228,0.3458700551354342,0.5708497015059057
crowell,103,Tokachi2003,7.979836036881582,8.16,,-0.1801639631184182,,228,0.3442125885553518,0.5736634891036934
crowell,104,Tokachi2003,7.979836036881582,8.16,,-0.1801639631184182,,228,0.3429249065167525,0.5730370006740806
crowell,105,Tokachi2003,7.983005872981275,8.16,,-0.1769941270187249,,228,0.340404032105041,0.5722302576206211
crowell,106,Tokachi2003,7.987886532682957,8.16,,-0.1721134673170432,,228,0.3386477908355261,0.570328885152918
crowell,107,Tokachi2003,7.9970496318197055,8.16,,-0.1629503681802946,,228,0.3339717683415052,0.5620694874830559
crowell,108,Tokachi2003,8.004706291384867,8.16,,-0.1552937086151331,,228,0.326946813797891,0.564292391505985
crowell,109,Tokachi2003,8.023380583735836,8.16,,-0.136619416264164,,228,0.3253036760602818,0.5570741072277539
crowell,110,Tokachi2003,8.026953682667799,8.16,,-0.1330463173322016,,228,0.3234128890807869,0.5484920354552587
crowell,111,Tokachi2003,8.026953682667799,8.16,,-0.1330463173322016,,228,0.3209982541415426,0.5499973159475751
crowell,112,Tokachi2003,8.034482798895086,8.16,,-0.1255172011049143,,228,0.3197169127179005,0.5526111442176518
crowell,113,Tokachi2003,8.034482798895086,8.16,,-0.1255172011049143,,228,0.3186932722597287,0.5632099856208814
crowell,114,Tokachi2003,8.034482798895086,8.16,,-0.1255172011049143,,228,0.3157245428561227,0.5711511187892473
crowell,115,Tokachi2003,8.039539593040068,8.16,,-0.1204604069599319,,228,0.3119360642592122,0.5663436392411727
crowell,116,Tokachi2003,8.039539593040068,8.16,,-0.1204604069599319,,228,0.3078956162180806,0.5532564829169582
crowell,117,Tokachi2003,8.049749448473834,8.16,,-0.1102505515261658,,228,0.3028827716658492,0.5400816714482506
crowell,118,Tokachi2003,8.064178896435985,8.16,,-0.095821103564015,,228,0.298759044906257,0.5383779373575077
crowell,119,Tokachi2003,8.069247147370714,8.16,,-0.0907528526292864,,228,0.2956674944202758,0.5379040245884905
crowell,120,Tokachi2003,8.072654079163858,8.16,,-0.0873459208361424,,228,0.2938476300507754,0.5299118949230399
crowell,121,Tokachi2003,8.078415388836797,8.16,,-0.081584611163203,,228,0.2926310427667128,0.5327576820488762
crowell,122,Tokachi2003,8.083376231381067,8.16,,-0.0766237686189335,,228,0.2901851660981286,0.5171670967338198
crowell,123,Tokachi2003,8.088066841821721,8.16,,-0.0719331581782789,,228,0.2857311286656072,0.4979831460242518
crowell,124,Tokachi2003,8.091265014211356,8.16,,-0.0687349857886445,,228,0.2841421153992371,0.4889095631253033
crowell,125,Tokachi2003,8.096660021025047,8.16,,-0.0633399789749535,,228,0.2837161253737293,0.4829880927389816
crowell,126,Tokachi2003,8.10307512406429,8.16,,-0.0569248759357101,,228,0.2806859347054536,0.4767058539454814
crowell,127,Tokachi2003,8.10307512406429,8.16,,-0.0569248759357101,,228,0.2779077697064136,0.4605333452866942
crowell,128,Tokachi2003,8.10307512406429,8.16,,-0.0569248759357101,,228,0.2772831877300869,0.4576560699736056
crowell,129,Tokachi2003,8.10307512406429,8.16,,-0.0569248759357101,,228,0.2766208770449274,0.4493745090894006
crowell,130,Tokachi2003,8.10307512406429,8.16,,-0.0569248759357101,,228,0.2736338775470806,0.4416786119756581
crowell,131,Tokachi2003,8.10307512406429,8.16,,-0.0569248759357101,,228,0.2701028884250016,0.4416786119756581
crowell,132,Tokachi2003,8.10307512406429,8.16,,-0.0569248759357101,,228,0.2670184195663634,0.4416786119756581
crowell,133,Tokachi2003,8.10307512406429,8.16,,-0.0569248759357101,,228,0.264840951414831,0.428518788782962
crowell,134,Tokachi2003,8.10307512406429,8.16,,-0.0569248759357101,,228,0.2633091236179944,0.4295246018960865
crowell,135,Tokachi2003,8.10644447090922,8.16,,-0.0535555290907794,,228,0.2614530274522409,0.4295246018960865
crowell,136,Tokachi2003,8.110922100467322,8.16,,-0.0490778995326781,,228,0.2595853773125331,0.4278446160758156
crowell,137,Tokachi2003,8.110922100467322,8.16,,-0.0490778995326781,,228,0.2578661673724112,0.421630842843248
crowell,138,Tokachi2003,8.110922100467322,8.16,,-0.0490778995326781,,228,0.2571672327827822,0.4182242157908007
crowell,139,Tokachi2003,8.110922100467322,8.16,,-0.0490778995326781,,228,0.2559119960929282,0.4200121651642909
crowell,140,Tokachi2003,8.110922100467322,8.16,,-0.0490778995326781,,228,0.2537517081710072,0.4200121651642909
crowell,141,Tokachi2003,8.110922100467322,8.16,,-0.0490778995326781,,228,0.25215302591901,0.4200121651642909
crowell,142,Tokachi2003,8.110922100467322,8.16,,-0.0490778995326781,,228,0.2491255986017854,0.412574670832603
crowell,143,Tokachi2003,8.110922100467322,8.16,,-0.0490778995326781,,228,0.2468046012095758,0.4093645823185872
crowell,144,Tokachi2003,8.110922100467322,8.16,,-0.0490778995326781,,228,0.245577034861395,0.401179369114069
crowell,145,Tokachi2003,8.110922100467322,8.16,,-0.0490778995326781,,228,0.2445643968942191,0.401179369114069
crowell,146,Tokachi2003,8.110922100467322,8.16,,-0.0490778995326781,,228,0.2432903955252742,0.3889816885100785
crowell,147,Tokachi2003,8.110922100467322,8.16,,-0.0490778995326781,,228,0.241537443796847,0.3869184565275176
crowell,148,Tokachi2003,8.110922100467322,8.16,,-0.0490778995326781,,228,0.2404733989826916,0.3694408708817995
crowell,149,Tokachi2003,8.110922100467322,8.16,,-0.0490778995326781,,228,0.2403078782311705,0.3694408708817995
crowell,150,Tokachi2003,8.110922100467322,8.16,,-0.0490778995326781,,228,0.2398590847532692,0.3694408708817995
crowell,151,Tokachi2003,8.110922100467322,8.16,,-0.0490778995326781,,228,0.2380275702511765,0.3694408708817995
crowell,152,Tokachi2003,8.110922100467322,8.16,,-0.0490778995326781,,228,0.2345257210070048,0.3700762375415998
crowell,153,Tokachi2003,8.110922100467322,8.16,,-0.0490778995326781,,228,0.2318535111717612,0.3641843619337637
crowell,154,Tokachi2003,8.110922100467322,8.16,,-0.0490778995326781,,228,0.229466669965398,0.3643437168870518
crowell,155,Tokachi2003,8.110922100467322,8.16,,-0.0490778995326781,,228,0.2275814874012194,0.3542479065833843
crowell,156,Tokachi2003,8.110922100467322,8.16,,-0.0490778995326781,,228,0.2253946406076634,0.3542479065833843
crowell,157,Tokachi2003,8.110922100467322,8.16,,-0.0490778995326781,,228,0.2249349772398236,0.3542479065833843
crowell,158,Tokachi2003,8.110922100467322,8.16,,-0.0490778995326781,,228,0.2242386822538213,0.3519011741403428
crowell,159,Tokachi2003,8.110922100467322,8.16,,-0.0490778995326781,,228,0.2221299048500759,0.3519011741403428
crowell,160,Tokachi2003,8.110922100467322,8.16,,-0.0490778995326781,,228,0.2210009580912192,0.3519011741403428
crowell,161,Tokachi2003,8.110922100467322,8.16,,-0.0490778995326781,,228,0.2217210447529575,0.3450381060449707
crowell,162,Tokachi2003,8.110922100467322,8.16,,-0.0490778995326781,,228,0.2217683272773396,0.3450381060449707
crowell,163,Tokachi2003,8.110922100467322,8.16,,-0.0490778995326781,,228,0.2216782327791706,0.3450381060449707
crowell,164,Tokachi2003,8.110922100467322,8.16,,-0.0490778995326781,,228,0.2211400977107182,0.3450381060449707
crowell,165,Tokachi2003,8.110922100467322,8.16,,-0.0490778995326781,,228,0.2206750692032148,0.3450381060449707
crowell,166,Tokachi2003,8.110922100467322,8.16,,-0.0490778995326781,,228,0.220435259301461,0.3450381060449707
crowell,167,Tokachi2003,8.110922100467322,8.16,,-0.0490778995326781,,228,0.2199513708906449,0.3450381060449707
crowell,168,Tokachi2003,8.113624208057232,8.16,,-0.0463757919427685,,228,0.2197709317719945,0.3450381060449707
crowell,169,Tokachi2003,8.113624208057232,8.16,,-0.0463757919427685,,228,0.219482938637216,0.3450381060449707
crowell,170,Tokachi2003,8.113624208057232,8.16,,-0.0463757919427685,,228,0.2189768790845516,0.3392028369335023
crowell,171,Tokachi2003,8.113624208057232,8.16,,-0.0463757919427685,,228,0.2191028481855805,0.3392028369335023
crowell,172,Tokachi2003,8.113624208057232,8.16,,-0.0463757919427685,,228,0.2201413388669224,0.3407279565294239
crowell,173,Tokachi2003,8.113624208057232,8.16,,-0.0463757919427685,,228,0.2209932482043888,0.3407279565294239
crowell,174,Tokachi2003,8.113624208057232,8.16,,-0.0463757919427685,,228,0.2207355533689211,0.3319116765447365
crowell,175,Tokachi2003,8.113624208057232,8.16,,-0.0463757919427685,,228,0.2204255096074602,0.3279777717238632
crowell,176,Tokachi2003,8.113624208057232,8.16,,-0.0463757919427685,,228,0.2201888142345808,0.3279777717238632
crowell,177,Tokachi2003,8.113624208057232,8.16,,-0.0463757919427685,,228,0.2201115339171185,0.3304775353289377
crowell,178,Tokachi2003,8.113624208057232,8.16,,-0.0463757919427685,,228,0.2192898464048791,0.3295381833620849
crowell,179,Tokachi2003,8.113624208057232,8.16,,-0.0463757919427685,,228,0.2186189133561345,0.3295381833620849
crowell,180,Tokachi2003,8.113624208057232,8.16,,-0.0463757919427685,,228,0.2185807885076417,0.3295381833620849
crowell,181,Tokachi2003,8.113624208057232,8.16,,-0.0463757919427685,,228,0.2183258243882493,0.3295381833620849
crowell,182,Tokachi2003,8.114670794209735,8.16,,-0.0453292057902654,,228,0.2178862966814692,0.3295381833620849
crowell,183,Tokachi2003,8.114670794209735,8.16,,-0.0453292057902654,,228,0.2178563913053862,0.3295381833620849
crowell,184,Tokachi2003,8.114670794209735,8.16,,-0.0453292057902654,,228,0.2178100459290343,0.3295381833620849
crowell,185,Tokachi2003,8.114670794209735,8.16,,-0.0453292057902654,,228,0.2177741074965067,0.3295381833620849
crowell,186,Tokachi2003,8.114670794209735,8.16,,-0.0453292057902654,,228,0.2173736538345984,0.3295381833620849
crowell,187,Tokachi2003,8.114670794209735,8.16,,-0.0453292057902654,,228,0.2167982130602331,0.3295381833620849
crowell,188,Tokachi2003,8.114670794209735,8.16,,-0.0453292057902654,,228,0.2166728635607814,0.3295381833620849
crowell,189,Tokachi2003,8.114670794209735,8.16,,-0.0453292057902654,,228,0.2160322520209527,0.3295381833620849
crowell,190,Tokachi2003,8.114670794209735,8.16,,-0.0453292057902654,,228,0.215779961875656,0.3268653840052238
crowell,191,Tokachi2003,8.114670794209735,8.16,,-0.0453292057902654,,228,0.2151455473421324,0.3256938444808908
crowell,192,Tokachi2003,8.114670794209735,8.16,,-0.0453292057902654,,228,0.2149826911438437,0.322302093223441
crowell,193,Tokachi2003,8.114670794209735,8.16,,-0.0453292057902654,,228,0.2143711275029239,0.3201456716636439
crowell,194,Tokachi2003,8.114670794209735,8.16,,-0.0453292057902654,,228,0.2142828877905304,0.3201456716636439
crowell,195,Tokachi2003,8.114670794209735,8.16,,-0.0453292057902654,,228,0.2142828877905304,0.3201456716636439
crowell,196,Tokachi2003,8.114670794209735,8.16,,-0.0453292057902654,,228,0.2142136373536339,0.3164258947856071
crowell,197,Tokachi2003,8.114670794209735,8.16,,-0.0453292057902654,,228,0.2137890505699566,0.3164258947856071
crowell,198,Tokachi2003,8.114670794209735,8.16,,-0.0453292057902654,,228,0.2132901260698096,0.3164258947856071
crowell,199,Tokachi2003,8.114670794209735,8.16,,-0.0453292057902654,,228,0.2131977786131022,0.3164258947856071
crowell,200,Tokachi2003,8.114670794209735,8.16,,-0.0453292057902654,,228,0.2131977786131022,0.3164258947856071
direct,1,Tokachi2003,7.7151618003845215,8.15999984741211,8.057055473327637,-0.4448380470275879,-0.3418936729431152,228,0.2034725449032553,0.2278758287429809
direct,2,Tokachi2003,8.084107398986816,8.15999984741211,8.057055473327637,-0.0758924484252929,0.0270519256591796,228,0.1939887036262078,0.2477307319641113
direct,3,Tokachi2003,7.932826995849609,8.15999984741211,8.057055473327637,-0.2271728515625,-0.1242284774780273,228,0.1667207324069745,0.1942083835601806
direct,4,Tokachi2003,7.918242931365967,8.15999984741211,8.057055473327637,-0.2417569160461425,-0.1388125419616699,228,0.1601935347408764,0.1842293739318847
direct,5,Tokachi2003,7.892208337783813,8.15999984741211,8.057055473327637,-0.2677915096282959,-0.1648471355438232,228,0.152044299121007,0.1766614913940429
direct,6,Tokachi2003,7.8467116355896,8.15999984741211,8.057055473327637,-0.3132882118225097,-0.2103438377380371,228,0.1576216848199886,0.1792813539505005
direct,7,Tokachi2003,7.885957956314087,8.15999984741211,8.057055473327637,-0.2740418910980224,-0.1710975170135498,228,0.1752859883601358,0.2144970893859863
direct,8,Tokachi2003,7.810208320617676,8.15999984741211,8.057055473327637,-0.3497915267944336,-0.2468471527099609,228,0.1984741713954943,0.2579272985458374
direct,9,Tokachi2003,7.766052961349487,8.15999984741211,8.057055473327637,-0.393946886062622,-0.2910025119781494,228,0.2246666841216196,0.2775748968124389
direct,10,Tokachi2003,7.791279077529907,8.15999984741211,8.057055473327637,-0.3687207698822021,-0.2657763957977295,228,0.2325423157267726,0.2765120267868042
direct,11,Tokachi2003,7.881780624389648,8.15999984741211,8.057055473327637,-0.2782192230224609,-0.1752748489379882,228,0.2200515033606715,0.2524058818817138
direct,12,Tokachi2003,7.858974695205688,8.15999984741211,8.057055473327637,-0.3010251522064209,-0.1980807781219482,228,0.2110828600097944,0.2335544824600219
direct,13,Tokachi2003,7.837518692016602,8.15999984741211,8.057055473327637,-0.3224811553955078,-0.2195367813110351,228,0.1934415388171215,0.2020398378372192
direct,14,Tokachi2003,7.807706356048584,8.15999984741211,8.057055473327637,-0.3522934913635254,-0.2493491172790527,228,0.1970714424026626,0.2085152864456176
direct,15,Tokachi2003,7.802503824234009,8.15999984741211,8.057055473327637,-0.3574960231781006,-0.2545516490936279,228,0.1964605108311729,0.2209663391113281
direct,16,Tokachi2003,7.78303599357605,8.15999984741211,8.057055473327637,-0.3769638538360595,-0.2740194797515869,228,0.2031607181634583,0.2316732406616211
direct,17,Tokachi2003,7.872983455657959,8.15999984741211,8.057055473327637,-0.2870163917541504,-0.1840720176696777,228,0.2283673863356285,0.2746526002883911
direct,18,Tokachi2003,7.869859218597412,8.15999984741211,8.057055473327637,-0.2901406288146972,-0.1871962547302246,228,0.2385384404771736,0.2897300720214844
direct,19,Tokachi2003,7.878929853439331,8.15999984741211,8.057055473327637,-0.2810699939727783,-0.1781256198883056,228,0.249979677778195,0.3146026134490967
direct,20,Tokachi2003,7.869786739349365,8.15999984741211,8.057055473327637,-0.2902131080627441,-0.1872687339782714,228,0.2561033879429161,0.3371500968933105
direct,21,Tokachi2003,7.899993419647217,8.15999984741211,8.057055473327637,-0.2600064277648926,-0.1570620536804199,228,0.2629233970197152,0.3527411222457886
direct,22,Tokachi2003,7.924118995666504,8.15999984741211,8.057055473327637,-0.2358808517456054,-0.1329364776611328,228,0.2657596992030063,0.3434368371963501
direct,23,Tokachi2003,7.936095714569092,8.15999984741211,8.057055473327637,-0.2239041328430175,-0.1209597587585449,228,0.2703039342786265,0.3706847429275512
direct,24,Tokachi2003,7.953404903411865,8.15999984741211,8.057055473327637,-0.2065949440002441,-0.1036505699157714,228,0.2705891659570226,0.3446595668792724
direct,25,Tokachi2003,7.980445861816406,8.15999984741211,8.057055473327637,-0.1795539855957031,-0.0766096115112304,228,0.2576896880458786,0.3500188589096069
direct,26,Tokachi2003,8.000214099884033,8.15999984741211,8.057055473327637,-0.1597857475280761,-0.0568413734436035,228,0.2483374965716069,0.3151695728302002
direct,27,Tokachi2003,7.988430738449097,8.15999984741211,8.057055473327637,-0.1715691089630127,-0.06862473487854,228,0.2371838580022096,0.2761644124984741
direct,28,Tokachi2003,7.986919641494751,8.15999984741211,8.057055473327637,-0.1730802059173584,-0.0701358318328857,228,0.2329193921931387,0.2642525434494018
direct,29,Tokachi2003,7.965576887130737,8.15999984741211,8.057055473327637,-0.194422960281372,-0.0914785861968994,228,0.226764466120832,0.2416746616363525
direct,30,Tokachi2003,7.962101697921753,8.15999984741211,8.057055473327637,-0.1978981494903564,-0.0949537754058837,228,0.225428132862355,0.2408523559570312
direct,31,Tokachi2003,7.954967737197876,8.15999984741211,8.057055473327637,-0.2050321102142334,-0.1020877361297607,228,0.2245978349500284,0.2421751022338867
direct,32,Tokachi2003,7.958095073699951,8.15999984741211,8.057055473327637,-0.2019047737121582,-0.0989603996276855,228,0.2229934103124747,0.2358651161193847
direct,33,Tokachi2003,8.002480506896973,8.15999984741211,8.057055473327637,-0.1575193405151367,-0.054574966430664,228,0.2230595373847005,0.2304252386093139
direct,34,Tokachi2003,8.046385765075684,8.15999984741211,8.057055473327637,-0.1136140823364257,-0.0106697082519531,228,0.2245595120915532,0.2353327274322509
direct,35,Tokachi2003,8.07814884185791,8.15999984741211,8.057055473327637,-0.0818510055541992,0.0210933685302734,228,0.2275824635868196,0.2441822290420532
direct,36,Tokachi2003,8.102838039398193,8.15999984741211,8.057055473327637,-0.057161808013916,0.0457825660705566,228,0.2300552883037314,0.2464339733123779
direct,37,Tokachi2003,8.11607313156128,8.15999984741211,8.057055473327637,-0.04392671585083,0.0590176582336425,228,0.232075948013723,0.2628248929977417
direct,38,Tokachi2003,8.128142356872559,8.15999984741211,8.057055473327637,-0.0318574905395507,0.0710868835449218,228,0.2372330278858273,0.2914626598358154
direct,39,Tokachi2003,8.133863925933838,8.15999984741211,8.057055473327637,-0.0261359214782714,0.0768084526062011,228,0.2413676007479408,0.3061568737030029
direct,40,Tokachi2003,8.135524272918701,8.15999984741211,8.057055473327637,-0.0244755744934082,0.0784687995910644,228,0.2423089921622998,0.3156236410140991
direct,41,Tokachi2003,8.140225410461426,8.15999984741211,8.057055473327637,-0.0197744369506835,0.083169937133789,228,0.2421058772332509,0.3232501745223999
direct,42,Tokachi2003,8.143275260925293,8.15999984741211,8.057055473327637,-0.0167245864868164,0.0862197875976562,228,0.2433623758280714,0.3294503688812256
direct,43,Tokachi2003,8.14558219909668,8.15999984741211,8.057055473327637,-0.0144176483154296,0.0885267257690429,228,0.2451426864547267,0.3181087970733642
direct,44,Tokachi2003,8.139337539672852,8.15999984741211,8.057055473327637,-0.0206623077392578,0.0822820663452148,228,0.2476691160846149,0.3196680545806885
direct,45,Tokachi2003,8.14084243774414,8.15999984741211,8.057055473327637,-0.0191574096679687,0.0837869644165039,228,0.250580494484615,0.3155663013458252
direct,46,Tokachi2003,8.135543823242188,8.15999984741211,8.057055473327637,-0.0244560241699218,0.0784883499145507,228,0.2535698211387111,0.3259484767913818
direct,47,Tokachi2003,8.12263011932373,8.15999984741211,8.057055473327637,-0.0373697280883789,0.0655746459960937,228,0.2565526070775833,0.3450523614883423
direct,48,Tokachi2003,8.112631797790527,8.15999984741211,8.057055473327637,-0.047368049621582,0.0555763244628906,228,0.260294904754013,0.350979208946228
direct,49,Tokachi2003,8.102679252624512,8.15999984741211,8.057055473327637,-0.0573205947875976,0.045623779296875,228,0.2666028132083006,0.3488372564315796
direct,50,Tokachi2003,8.0850830078125,8.15999984741211,8.057055473327637,-0.0749168395996093,0.0280275344848632,228,0.2741198359201695,0.3518023490905761
direct,51,Tokachi2003,8.05730676651001,8.15999984741211,8.057055473327637,-0.1026930809020996,0.000251293182373,228,0.2801478307599809,0.3498985767364502
direct,52,Tokachi2003,8.034478187561035,8.15999984741211,8.057055473327637,-0.1255216598510742,-0.0225772857666015,228,0.2860804316497118,0.3626986742019653
direct,53,Tokachi2003,8.021668434143066,8.15999984741211,8.057055473327637,-0.1383314132690429,-0.0353870391845703,228,0.2885362965258954,0.3662827014923095
direct,54,Tokachi2003,7.999260425567627,8.15999984741211,8.057055473327637,-0.1607394218444824,-0.0577950477600097,228,0.2898701086186842,0.3761656284332275
direct,55,Tokachi2003,7.95697283744812,8.15999984741211,8.057055473327637,-0.2030270099639892,-0.1000826358795166,228,0.2921636113390606,0.3758866786956787
direct,56,Tokachi2003,7.923741817474365,8.15999984741211,8.057055473327637,-0.2362580299377441,-0.1333136558532714,228,0.2960971878590764,0.3857269287109375
direct,57,Tokachi2003,7.904871940612793,8.15999984741211,8.057055473327637,-0.2551279067993164,-0.1521835327148437,228,0.2985692850655605,0.3869471549987793
direct,58,Tokachi2003,7.889183759689331,8.15999984741211,8.057055473327637,-0.2708160877227783,-0.1678717136383056,228,0.2994418950565785,0.3921616077423095
direct,59,Tokachi2003,7.894304513931274,8.15999984741211,8.057055473327637,-0.2656953334808349,-0.1627509593963623,228,0.2987030016234435,0.3928310871124267
direct,60,Tokachi2003,7.902089595794678,8.15999984741211,8.057055473327637,-0.2579102516174316,-0.1549658775329589,228,0.2979445940720323,0.4049906730651855
direct,61,Tokachi2003,7.907895565032959,8.15999984741211,8.057055473327637,-0.2521042823791504,-0.1491599082946777,228,0.2968375617565651,0.396658182144165
direct,62,Tokachi2003,7.932492733001709,8.15999984741211,8.057055473327637,-0.2275071144104004,-0.1245627403259277,228,0.2951395414502726,0.3907420635223388
direct,63,Tokachi2003,7.960681915283203,8.15999984741211,8.057055473327637,-0.1993179321289062,-0.0963735580444336,228,0.2930019397438496,0.384174108505249
direct,64,Tokachi2003,7.969384670257568,8.15999984741211,8.057055473327637,-0.190615177154541,-0.0876708030700683,228,0.2923518019904567,0.3846337795257568
direct,65,Tokachi2003,7.983047008514404,8.15999984741211,8.057055473327637,-0.176952838897705,-0.0740084648132324,228,0.2916591455728785,0.3756299018859863
direct,66,Tokachi2003,7.987022399902344,8.15999984741211,8.057055473327637,-0.1729774475097656,-0.0700330734252929,228,0.2932062533349912,0.3677355051040649
direct,67,Tokachi2003,7.977850675582886,8.15999984741211,8.057055473327637,-0.1821491718292236,-0.0792047977447509,228,0.2954761068491751,0.3649135828018188
direct,68,Tokachi2003,7.968048810958862,8.15999984741211,8.057055473327637,-0.191951036453247,-0.0890066623687744,228,0.2990758601304344,0.3731136322021484
direct,69,Tokachi2003,7.955754041671753,8.15999984741211,8.057055473327637,-0.2042458057403564,-0.1013014316558837,228,0.3012944135949621,0.3552038669586181
direct,70,Tokachi2003,7.946613550186157,8.15999984741211,8.057055473327637,-0.2133862972259521,-0.1104419231414794,228,0.304430484526456,0.3480958938598633
direct,71,Tokachi2003,7.9380457401275635,8.15999984741211,8.057055473327637,-0.2219541072845459,-0.1190097332000732,228,0.3085464406632945,0.3614109754562378
direct,72,Tokachi2003,7.935594797134399,8.15999984741211,8.057055473327637,-0.2244050502777099,-0.1214606761932373,228,0.3144956990023129,0.3881251811981201
direct,73,Tokachi2003,7.92981219291687,8.15999984741211,8.057055473327637,-0.2301876544952392,-0.1272432804107666,228,0.3221440402784006,0.3914499282836914
direct,74,Tokachi2003,7.935373544692993,8.15999984741211,8.057055473327637,-0.2246263027191162,-0.1216819286346435,228,0.3289171767363821,0.4082223176956177
direct,75,Tokachi2003,7.942836761474609,8.15999984741211,8.057055473327637,-0.2171630859375,-0.1142187118530273,228,0.3353719363905967,0.4229426383972168
direct,76,Tokachi2003,7.95801568031311,8.15999984741211,8.057055473327637,-0.201984167098999,-0.0990397930145263,228,0.3392701462005432,0.4402867555618286
direct,77,Tokachi2003,7.966656446456909,8.15999984741211,8.057055473327637,-0.1933434009552002,-0.0903990268707275,228,0.3403304759847268,0.4510643482208252
direct,78,Tokachi2003,7.969341278076172,8.15999984741211,8.057055473327637,-0.1906585693359375,-0.0877141952514648,228,0.3409827802912751,0.4216701984405517
direct,79,Tokachi2003,7.981429576873779,8.15999984741211,8.057055473327637,-0.17857027053833,-0.0756258964538574,228,0.3425180876489332,0.4211206436157226
direct,80,Tokachi2003,8.008067607879639,8.15999984741211,8.057055473327637,-0.1519322395324707,-0.048987865447998,228,0.345612877671201,0.455672025680542
direct,81,Tokachi2003,8.04317045211792,8.15999984741211,8.057055473327637,-0.1168293952941894,-0.0138850212097167,228,0.3494137352203994,0.4841986894607544
direct,82,Tokachi2003,8.071322441101074,8.15999984741211,8.057055473327637,-0.0886774063110351,0.0142669677734375,228,0.3518296060502101,0.4850121736526489
direct,83,Tokachi2003,8.085879802703857,8.15999984741211,8.057055473327637,-0.0741200447082519,0.0288243293762207,228,0.356846307239978,0.4956716299057007
direct,84,Tokachi2003,8.068974018096924,8.15999984741211,8.057055473327637,-0.0910258293151855,0.0119185447692871,228,0.3619985049982133,0.505439281463623
direct,85,Tokachi2003,8.049163341522217,8.15999984741211,8.057055473327637,-0.1108365058898925,-0.0078921318054199,228,0.3686982933982302,0.5159732103347778
direct,86,Tokachi2003,8.027943134307861,8.15999984741211,8.057055473327637,-0.132056713104248,-0.0291123390197753,228,0.376669875122494,0.5610806941986084
direct,87,Tokachi2003,8.006120204925537,8.15999984741211,8.057055473327637,-0.1538796424865722,-0.0509352684020996,228,0.3825215537510228,0.6001895666122437
direct,88,Tokachi2003,7.990797996520996,8.15999984741211,8.057055473327637,-0.1692018508911132,-0.0662574768066406,228,0.3832031860819594,0.5963670015335083
direct,89,Tokachi2003,7.991045713424683,8.15999984741211,8.057055473327637,-0.1689541339874267,-0.0660097599029541,228,0.378297169866625,0.5928566455841064
direct,90,Tokachi2003,8.00041151046753,8.15999984741211,8.057055473327637,-0.15958833694458,-0.0566439628601074,228,0.3699091152569274,0.589697003364563
direct,91,Tokachi2003,8.019588470458984,8.15999984741211,8.057055473327637,-0.140411376953125,-0.0374670028686523,228,0.361770407185043,0.5898540019989014
direct,92,Tokachi2003,8.055887699127197,8.15999984741211,8.057055473327637,-0.1041121482849121,-0.0011677742004394,228,0.3581169078634083,0.6151971817016602
direct,93,Tokachi2003,8.069863319396973,8.15999984741211,8.057055473327637,-0.0901365280151367,0.0128078460693359,228,0.3588872126176976,0.5958859920501709
direct,94,Tokachi2003,8.078784942626953,8.15999984741211,8.057055473327637,-0.0812149047851562,0.0217294692993164,228,0.3620551564990175,0.6132625341415405
direct,95,Tokachi2003,8.127765655517578,8.15999984741211,8.057055473327637,-0.0322341918945312,0.0707101821899414,228,0.3648421624624502,0.62961745262146
direct,96,Tokachi2003,8.162891864776611,8.15999984741211,8.057055473327637,0.0028920173645019,0.1058363914489746,228,0.3649330329394357,0.6399263143539429
direct,97,Tokachi2003,8.17517614364624,8.15999984741211,8.057055473327637,0.0151762962341308,0.1181206703186035,228,0.3646967318498375,0.632002592086792
direct,98,Tokachi2003,8.174881935119629,8.15999984741211,8.057055473327637,0.0148820877075195,0.1178264617919921,228,0.3621505137353698,0.643618106842041
direct,99,Tokachi2003,8.179523944854736,8.15999984741211,8.057055473327637,0.0195240974426269,0.1224684715270996,228,0.3600708030812241,0.639183759689331
direct,100,Tokachi2003,8.190247535705566,8.15999984741211,8.057055473327637,0.030247688293457,0.1331920623779297,228,0.3590260421303987,0.6411826610565186
direct,101,Tokachi2003,8.208171367645264,8.15999984741211,8.057055473327637,0.0481715202331543,0.1511158943176269,228,0.3585510923707729,0.6515717506408691
direct,102,Tokachi2003,8.237116813659668,8.15999984741211,8.057055473327637,0.0771169662475586,0.1800613403320312,228,0.3591720204081388,0.6481876373291016
direct,103,Tokachi2003,8.255982875823975,8.15999984741211,8.057055473327637,0.0959830284118652,0.1989274024963379,228,0.361130232169647,0.6490238904953003
direct,104,Tokachi2003,8.288647174835205,8.15999984741211,8.057055473327637,0.1286473274230957,0.2315917015075683,228,0.3641741095511109,0.6549512147903442
direct,105,Tokachi2003,8.31193733215332,8.15999984741211,8.057055473327637,0.1519374847412109,0.2548818588256836,228,0.3669881469570001,0.6443058252334595
direct,106,Tokachi2003,8.304845333099365,8.15999984741211,8.057055473327637,0.1448454856872558,0.2477898597717285,228,0.3686545589056866,0.6576862335205078
direct,107,Tokachi2003,8.30277681350708,8.15999984741211,8.057055473327637,0.1427769660949707,0.2457213401794433,228,0.3687925533238353,0.6640002727508545
direct,108,Tokachi2003,8.291265487670898,8.15999984741211,8.057055473327637,0.131265640258789,0.2342100143432617,228,0.3687974096500489,0.6673786640167236
direct,109,Tokachi2003,8.274632930755615,8.15999984741211,8.057055473327637,0.1146330833435058,0.2175774574279785,228,0.3688149307101063,0.6702444553375244
direct,110,Tokachi2003,8.278608322143555,8.15999984741211,8.057055473327637,0.1186084747314453,0.2215528488159179,228,0.3685888157426405,0.6662640571594238
direct,111,Tokachi2003,8.261784076690674,8.15999984741211,8.057055473327637,0.1017842292785644,0.2047286033630371,228,0.3685854031011961,0.6648048162460327
direct,112,Tokachi2003,8.268223762512207,8.15999984741211,8.057055473327637,0.1082239151000976,0.2111682891845703,228,0.3691499701567217,0.6643306016921997
direct,113,Tokachi2003,8.261000633239746,8.15999984741211,8.057055473327637,0.1010007858276367,0.2039451599121093,228,0.369776101804653,0.6650437116622925
direct,114,Tokachi2003,8.241745471954346,8.15999984741211,8.057055473327637,0.0817456245422363,0.1846899986267089,228,0.3690226998616712,0.6706916093826294
direct,115,Tokachi2003,8.222456932067871,8.15999984741211,8.057055473327637,0.0624570846557617,0.1654014587402343,228,0.3665034182113094,0.6661214828491211
direct,116,Tokachi2003,8.216668605804443,8.15999984741211,8.057055473327637,0.0566687583923339,0.1596131324768066,228,0.3637267777633737,0.6539242267608643
direct,117,Tokachi2003,8.19697904586792,8.15999984741211,8.057055473327637,0.0369791984558105,0.1399235725402832,228,0.3614868277571243,0.6462600231170654
direct,118,Tokachi2003,8.197850704193115,8.15999984741211,8.057055473327637,0.0378508567810058,0.1407952308654785,228,0.3594130115232084,0.6486234664916992
direct,119,Tokachi2003,8.193846225738525,8.15999984741211,8.057055473327637,0.033846378326416,0.1367907524108886,228,0.3572881185976947,0.6496149301528931
direct,120,Tokachi2003,8.194506645202637,8.15999984741211,8.057055473327637,0.0345067977905273,0.137451171875,228,0.3554972576238431,0.6458234786987305
direct,121,Tokachi2003,8.185563564300537,8.15999984741211,8.057055473327637,0.0255637168884277,0.1285080909729004,228,0.3545737560554672,0.6296194791793823
direct,122,Tokachi2003,8.211568832397461,8.15999984741211,8.057055473327637,0.0515689849853515,0.1545133590698242,228,0.35520544705538,0.6416550874710083
direct,123,Tokachi2003,8.237861156463623,8.15999984741211,8.057055473327637,0.0778613090515136,0.1808056831359863,228,0.3581232865856142,0.6449240446090698
direct,124,Tokachi2003,8.229578018188477,8.15999984741211,8.057055473327637,0.0695781707763671,0.1725225448608398,228,0.3617823662293797,0.640976071357727
direct,125,Tokachi2003,8.246560096740723,8.15999984741211,8.057055473327637,0.0865602493286132,0.1895046234130859,228,0.3643349928054295,0.64304518699646
direct,126,Tokachi2003,8.259512901306152,8.15999984741211,8.057055473327637,0.0995130538940429,0.2024574279785156,228,0.3650271630858678,0.6321649551391602
direct,127,Tokachi2003,8.254324913024902,8.15999984741211,8.057055473327637,0.0943250656127929,0.1972694396972656,228,0.3641300214487264,0.6148608922958374
direct,128,Tokachi2003,8.25025987625122,8.15999984741211,8.057055473327637,0.0902600288391113,0.1932044029235839,228,0.362791743998052,0.605100154876709
direct,129,Tokachi2003,8.250512599945068,8.15999984741211,8.057055473327637,0.0905127525329589,0.1934571266174316,228,0.3617695827158094,0.5955150127410889
direct,130,Tokachi2003,8.241414070129395,8.15999984741211,8.057055473327637,0.0814142227172851,0.1843585968017578,228,0.3616221644695113,0.6154199838638306
direct,131,Tokachi2003,8.234908103942871,8.15999984741211,8.057055473327637,0.0749082565307617,0.1778526306152343,228,0.3617656949797292,0.6171942949295044
direct,132,Tokachi2003,8.233315467834473,8.15999984741211,8.057055473327637,0.0733156204223632,0.1762599945068359,228,0.3615857468404015,0.6182800531387329
direct,133,Tokachi2003,8.24742317199707,8.15999984741211,8.057055473327637,0.0874233245849609,0.1903676986694336,228,0.3612912804274354,0.6198509931564331
direct,134,Tokachi2003,8.238089561462402,8.15999984741211,8.057055473327637,0.0780897140502929,0.1810340881347656,228,0.3611348072694587,0.6175289154052734
direct,135,Tokachi2003,8.226905345916748,8.15999984741211,8.057055473327637,0.0669054985046386,0.1698498725891113,228,0.3615486453470607,0.6138144731521606
direct,136,Tokachi2003,8.226317405700684,8.15999984741211,8.057055473327637,0.0663175582885742,0.1692619323730468,228,0.3621928656962805,0.6104271411895752
direct,137,Tokachi2003,8.23098087310791,8.15999984741211,8.057055473327637,0.0709810256958007,0.1739253997802734,228,0.3615822336016748,0.6094589233398438
direct,138,Tokachi2003,8.239399433135986,8.15999984741211,8.057055473327637,0.0793995857238769,0.1823439598083496,228,0.3593572868653666,0.5978002548217773
direct,139,Tokachi2003,8.229372024536133,8.15999984741211,8.057055473327637,0.0693721771240234,0.1723165512084961,228,0.3564826609060128,0.5887758731842041
direct,140,Tokachi2003,8.226140022277832,8.15999984741211,8.057055473327637,0.0661401748657226,0.1690845489501953,228,0.354047535398209,0.5819997787475586
direct,141,Tokachi2003,8.22732925415039,8.15999984741211,8.057055473327637,0.0673294067382812,0.1702737808227539,228,0.3520814101497271,0.5657520294189453
direct,142,Tokachi2003,8.213008880615234,8.15999984741211,8.057055473327637,0.053009033203125,0.1559534072875976,228,0.3506793213134407,0.5660380125045776
direct,143,Tokachi2003,8.210829257965088,8.15999984741211,8.057055473327637,0.0508294105529785,0.1537737846374511,228,0.3496902576670488,0.5712168216705322
direct,144,Tokachi2003,8.21280574798584,8.15999984741211,8.057055473327637,0.0528059005737304,0.1557502746582031,228,0.3484726538576558,0.5744186639785767
direct,145,Tokachi2003,8.20015573501587,8.15999984741211,8.057055473327637,0.0401558876037597,0.1431002616882324,228,0.3469252823847558,0.5787537097930908
direct,146,Tokachi2003,8.193479061126709,8.15999984741211,8.057055473327637,0.0334792137145996,0.1364235877990722,228,0.3452634253614062,0.579033374786377
direct,147,Tokachi2003,8.185828685760498,8.15999984741211,8.057055473327637,0.0258288383483886,0.1287732124328613,228,0.3438405279272768,0.575793981552124
direct,148,Tokachi2003,8.183324813842773,8.15999984741211,8.057055473327637,0.023324966430664,0.1262693405151367,228,0.3426296972739472,0.571191668510437
direct,149,Tokachi2003,8.176817893981934,8.15999984741211,8.057055473327637,0.0168180465698242,0.1197624206542968,228,0.3416364661328293,0.5652166604995728
direct,150,Tokachi2003,8.164177894592285,8.15999984741211,8.057055473327637,0.0041780471801757,0.1071224212646484,228,0.3407573256918969,0.5607864856719971
direct,151,Tokachi2003,8.14452600479126,8.15999984741211,8.057055473327637,-0.0154738426208496,0.087470531463623,228,0.3398893425740677,0.5681203603744507
direct,152,Tokachi2003,8.13214635848999,8.15999984741211,8.057055473327637,-0.0278534889221191,0.0750908851623535,228,0.339116395727276,0.5630427598953247
direct,153,Tokachi2003,8.138650894165039,8.15999984741211,8.057055473327637,-0.0213489532470703,0.0815954208374023,228,0.3380765076278299,0.5574095249176025
direct,154,Tokachi2003,8.142173767089844,8.15999984741211,8.057055473327637,-0.0178260803222656,0.085118293762207,228,0.3360537078275869,0.5598901510238647
direct,155,Tokachi2003,8.146053314208984,8.15999984741211,8.057055473327637,-0.013946533203125,0.0889978408813476,228,0.3325849985263514,0.5586444139480591
direct,156,Tokachi2003,8.144955158233643,8.15999984741211,8.057055473327637,-0.0150446891784667,0.0878996849060058,228,0.328119094334488,0.556357741355896
direct,157,Tokachi2003,8.14200496673584,8.15999984741211,8.057055473327637,-0.0179948806762695,0.0849494934082031,228,0.3236441636334963,0.5508111715316772
direct,158,Tokachi2003,8.129694938659668,8.15999984741211,8.057055473327637,-0.0303049087524414,0.0726394653320312,228,0.320126060555842,0.5357785224914551
direct,159,Tokachi2003,8.133583068847656,8.15999984741211,8.057055473327637,-0.0264167785644531,0.0765275955200195,228,0.3181883678150827,0.5273780822753906
direct,160,Tokachi2003,8.134702205657959,8.15999984741211,8.057055473327637,-0.0252976417541503,0.0776467323303222,228,0.317648873429953,0.5255427360534668
direct,161,Tokachi2003,8.122678756713867,8.15999984741211,8.057055473327637,-0.0373210906982421,0.0656232833862304,228,0.3179293471901447,0.5243873596191406
direct,162,Tokachi2003,8.121061325073242,8.15999984741211,8.057055473327637,-0.0389385223388671,0.0640058517456054,228,0.318471200772406,0.5213831663131714
direct,163,Tokachi2003,8.12145709991455,8.15999984741211,8.057055473327637,-0.0385427474975585,0.064401626586914,228,0.3194699007824376,0.5183407068252563
direct,164,Tokachi2003,8.120348453521729,8.15999984741211,8.057055473327637,-0.0396513938903808,0.0632929801940918,228,0.3207392741193878,0.5240700244903564
direct,165,Tokachi2003,8.105430126190186,8.15999984741211,8.057055473327637,-0.0545697212219238,0.0483746528625488,228,0.3217662145834347,0.5262300968170166
direct,166,Tokachi2003,8.108291625976562,8.15999984741211,8.057055473327637,-0.0517082214355468,0.0512361526489257,228,0.3226829011876633,0.5327484607696533
direct,167,Tokachi2003,8.107651710510254,8.15999984741211,8.057055473327637,-0.0523481369018554,0.0505962371826171,228,0.3233542924156571,0.5354645252227783
direct,168,Tokachi2003,8.10297679901123,8.15999984741211,8.057055473327637,-0.0570230484008789,0.0459213256835937,228,0.3232419921993013,0.5352578163146973
direct,169,Tokachi2003,8.099592208862305,8.15999984741211,8.057055473327637,-0.0604076385498046,0.0425367355346679,228,0.3222704469984576,0.537889838218689
direct,170,Tokachi2003,8.095649719238281,8.15999984741211,8.057055473327637,-0.0643501281738281,0.0385942459106445,228,0.3211314196371751,0.534353494644165
direct,171,Tokachi2003,8.109374523162842,8.15999984741211,8.057055473327637,-0.0506253242492675,0.052319049835205,228,0.3206636375335995,0.5259343385696411
direct,172,Tokachi2003,8.106804847717285,8.15999984741211,8.057055473327637,-0.0531949996948242,0.0497493743896484,228,0.3207233083296374,0.5289958715438843
direct,173,Tokachi2003,8.092392444610596,8.15999984741211,8.057055473327637,-0.0676074028015136,0.0353369712829589,228,0.3209022544915322,0.5185155868530273
direct,174,Tokachi2003,8.092005252838135,8.15999984741211,8.057055473327637,-0.0679945945739746,0.034949779510498,228,0.3212168031583145,0.51407790184021
direct,175,Tokachi2003,8.11527681350708,8.15999984741211,8.057055473327637,-0.0447230339050293,0.0582213401794433,228,0.3214988751959833,0.5053000450134277
direct,176,Tokachi2003,8.115363121032715,8.15999984741211,8.057055473327637,-0.0446367263793945,0.0583076477050781,228,0.3212272528310348,0.5055829286575317
direct,177,Tokachi2003,8.117842197418213,8.15999984741211,8.057055473327637,-0.0421576499938964,0.0607867240905761,228,0.3203834662150259,0.5057557821273804
direct,178,Tokachi2003,8.130331993103027,8.15999984741211,8.057055473327637,-0.029667854309082,0.0732765197753906,228,0.3193076482372122,0.4995440244674682
direct,179,Tokachi2003,8.131895542144775,8.15999984741211,8.057055473327637,-0.0281043052673339,0.0748400688171386,228,0.3185638281839392,0.4934779405593872
direct,180,Tokachi2003,8.135544300079346,8.15999984741211,8.057055473327637,-0.0244555473327636,0.0784888267517089,228,0.3180079035179529,0.4920525550842285
direct,181,Tokachi2003,8.147117614746094,8.15999984741211,8.057055473327637,-0.0128822326660156,0.090062141418457,228,0.3168783782255325,0.4938888549804687
direct,182,Tokachi2003,8.154212474822998,8.15999984741211,8.057055473327637,-0.0057873725891113,0.0971570014953613,228,0.3152368663251647,0.4865775108337402
direct,183,Tokachi2003,8.175975322723389,8.15999984741211,8.057055473327637,0.0159754753112792,0.1189198493957519,228,0.313593976526679,0.4760425090789795
direct,184,Tokachi2003,8.17844820022583,8.15999984741211,8.057055473327637,0.0184483528137207,0.1213927268981933,228,0.3122106308497991,0.4704369306564331
direct,185,Tokachi2003,8.179028511047363,8.15999984741211,8.057055473327637,0.0190286636352539,0.1219730377197265,228,0.3111312295661831,0.4686722755432129
direct,186,Tokachi2003,8.169594287872314,8.15999984741211,8.057055473327637,0.009594440460205,0.1125388145446777,228,0.3104975548665185,0.469942569732666
direct,187,Tokachi2003,8.147212505340576,8.15999984741211,8.057055473327637,-0.0127873420715332,0.0901570320129394,228,0.3105400790919062,0.4632871150970459
direct,188,Tokachi2003,8.139245510101318,8.15999984741211,8.057055473327637,-0.020754337310791,0.0821900367736816,228,0.3111108520131815,0.4756708145141601
direct,189,Tokachi2003,8.14319658279419,8.15999984741211,8.057055473327637,-0.0168032646179199,0.0861411094665527,228,0.3116260426081421,0.4756160974502563
direct,190,Tokachi2003,8.137991428375244,8.15999984741211,8.057055473327637,-0.0220084190368652,0.0809359550476074,228,0.3117941113583751,0.4797178506851196
direct,191,Tokachi2003,8.1379976272583,8.15999984741211,8.057055473327637,-0.0220022201538085,0.080942153930664,228,0.3117327963158218,0.4753479957580566
direct,192,Tokachi2003,8.13295841217041,8.15999984741211,8.057055473327637,-0.0270414352416992,0.0759029388427734,228,0.3114468605963201,0.4705514907836914
direct,193,Tokachi2003,8.132705211639404,8.15999984741211,8.057055473327637,-0.027294635772705,0.0756497383117675,228,0.3110011232209915,0.4821386337280273
direct,194,Tokachi2003,8.132322788238525,8.15999984741211,8.057055473327637,-0.0276770591735839,0.0752673149108886,228,0.3104863343095905,0.4831845760345459
direct,195,Tokachi2003,8.134241580963135,8.15999984741211,8.057055473327637,-0.0257582664489746,0.077186107635498,228,0.3099185730780809,0.4763647317886352
direct,196,Tokachi2003,8.127714157104492,8.15999984741211,8.057055473327637,-0.0322856903076171,0.0706586837768554,228,0.309342382481116,0.4791017770767212
direct,197,Tokachi2003,8.124714851379395,8.15999984741211,8.057055473327637,-0.0352849960327148,0.0676593780517578,228,0.3087304238556273,0.4848464727401733
direct,198,Tokachi2003,8.119014739990234,8.15999984741211,8.057055473327637,-0.040985107421875,0.0619592666625976,228,0.3083264517832043,0.4882295131683349
direct,199,Tokachi2003,8.120720863342285,8.15999984741211,8.057055473327637,-0.0392789840698242,0.0636653900146484,228,0.3082635123626873,0.4816774129867553
direct,200,Tokachi2003,8.123043060302734,8.15999984741211,8.057055473327637,-0.036956787109375,0.0659875869750976,228,0.3085067503680707,0.478969931602478
melgar,2,Tokachi2003,5.786459350216578,8.16,,-2.373540649783422,,228,0.3524761040846694,0.4501889232897449
melgar,3,Tokachi2003,5.952766099048011,8.16,,-2.207233900951989,,228,0.2991692627300475,0.4099082263221554
melgar,4,Tokachi2003,6.015495802660008,8.16,,-2.144504197339992,,228,0.2955951075481149,0.3856886760531068
melgar,5,Tokachi2003,6.11979494519845,8.16,,-2.0402050548015502,,228,0.2843509158613848,0.3808003786710339
melgar,6,Tokachi2003,6.374840272176023,8.16,,-1.7851597278239772,,228,0.2302629523938293,0.3327865972881199
melgar,7,Tokachi2003,6.379481285560919,8.16,,-1.780518714439081,,228,0.2262411107464709,0.3251852492812208
melgar,8,Tokachi2003,6.390585495943931,8.16,,-1.7694145040560691,,228,0.2225506856567668,0.3106304968095896
melgar,9,Tokachi2003,6.42560653311846,8.16,,-1.7343934668815404,,228,0.2155795106791887,0.2977074360882348
melgar,10,Tokachi2003,6.4293077812440425,8.16,,-1.7306922187559577,,228,0.2089035878117339,0.2859511185320613
melgar,11,Tokachi2003,6.4293077812440425,8.16,,-1.7306922187559577,,228,0.2090743075883507,0.2859511185320613
melgar,12,Tokachi2003,6.4293077812440425,8.16,,-1.7306922187559577,,228,0.2073127147907758,0.2851635956959804
melgar,13,Tokachi2003,6.4293077812440425,8.16,,-1.7306922187559577,,228,0.2046897314844718,0.2761190791174517
melgar,14,Tokachi2003,6.430549270954414,8.16,,-1.7294507290455865,,228,0.2044778883998671,0.2761190791174517
melgar,15,Tokachi2003,6.430549270954414,8.16,,-1.7294507290455865,,228,0.2075710947730084,0.2770175198016282
melgar,16,Tokachi2003,6.441985578460326,8.16,,-1.7180144215396744,,228,0.2064846546732959,0.2834392921284969
melgar,17,Tokachi2003,6.441985578460326,8.16,,-1.7180144215396744,,228,0.2074262757445218,0.2834392921284969
melgar,18,Tokachi2003,6.441985578460326,8.16,,-1.7180144215396744,,228,0.2074262757445218,0.2834392921284969
melgar,19,Tokachi2003,6.441985578460326,8.16,,-1.7180144215396744,,228,0.2087543855028771,0.2834392921284969
melgar,20,Tokachi2003,6.441985578460326,8.16,,-1.7180144215396744,,228,0.2092372870489468,0.2721598850766114
melgar,21,Tokachi2003,6.441985578460326,8.16,,-1.7180144215396744,,228,0.2078576635667257,0.2662594453720421
melgar,22,Tokachi2003,6.441985578460326,8.16,,-1.7180144215396744,,228,0.2089360538569793,0.2662594453720421
melgar,23,Tokachi2003,6.441985578460326,8.16,,-1.7180144215396744,,228,0.2090134741302664,0.2681077799799158
melgar,24,Tokachi2003,6.448749308320721,8.16,,-1.711250691679279,,228,0.2035027544203684,0.2485062685162571
melgar,25,Tokachi2003,6.519895940675243,8.16,,-1.6401040593247576,,228,0.190147485526142,0.2524685750889839
melgar,26,Tokachi2003,6.6463452207222105,8.16,,-1.5136547792777897,,228,0.1883222640717478,0.2543565300638049
melgar,27,Tokachi2003,6.6463452207222105,8.16,,-1.5136547792777897,,228,0.1882726918719985,0.2543565300638049
melgar,28,Tokachi2003,6.6463452207222105,8.16,,-1.5136547792777897,,228,0.1881933397681605,0.2551145035443376
melgar,29,Tokachi2003,6.650454415815547,8.16,,-1.509545584184453,,228,0.1867377068916037,0.2521161584925915
melgar,30,Tokachi2003,6.650454415815547,8.16,,-1.509545584184453,,228,0.187199816655452,0.253333389475836
melgar,31,Tokachi2003,6.652937789054196,8.16,,-1.5070622109458045,,228,0.1877414008269225,0.2509576977166414
melgar,32,Tokachi2003,6.664418728925733,8.16,,-1.4955812710742675,,228,0.1981323001062643,0.2538696725950391
melgar,33,Tokachi2003,6.664418728925733,8.16,,-1.4955812710742675,,228,0.1978848284229427,0.2501906287212447
melgar,34,Tokachi2003,6.66573531225,8.16,,-1.4942646877500003,,228,0.1987434020801818,0.2501906287212447
melgar,35,Tokachi2003,6.66573531225,8.16,,-1.4942646877500003,,228,0.1999171430850959,0.248404971481313
melgar,36,Tokachi2003,6.66808086054648,8.16,,-1.49191913945352,,228,0.1999016600339313,0.248404971481313
melgar,37,Tokachi2003,6.66808086054648,8.16,,-1.49191913945352,,228,0.2015470801742495,0.248404971481313
melgar,38,Tokachi2003,6.66808086054648,8.16,,-1.49191913945352,,228,0.2016539309545766,0.248404971481313
melgar,39,Tokachi2003,6.66808086054648,8.16,,-1.49191913945352,,228,0.2030214264513145,0.2501344260674241
melgar,40,Tokachi2003,6.66808086054648,8.16,,-1.49191913945352,,228,0.2037769615988962,0.2501344260674241
melgar,41,Tokachi2003,6.66808086054648,8.16,,-1.49191913945352,,228,0.2046332768645957,0.2501344260674241
melgar,42,Tokachi2003,6.671011096357398,8.16,,-1.4889889036426025,,228,0.2067116177330446,0.2501344260674241
melgar,43,Tokachi2003,6.671011096357398,8.16,,-1.4889889036426025,,228,0.2060879483421132,0.2444625312876525
melgar,44,Tokachi2003,6.682262384623182,8.16,,-1.4777376153768182,,228,0.2026403603060622,0.2494067682920473
melgar,45,Tokachi2003,6.682262384623182,8.16,,-1.4777376153768182,,228,0.2019313319865931,0.2494067682920473
melgar,46,Tokachi2003,6.683043205504402,8.16,,-1.4769567944955986,,228,0.2030556748122768,0.2494067682920473
melgar,47,Tokachi2003,6.683043205504402,8.16,,-1.4769567944955986,,228,0.2108755631377553,0.2540190928316592
melgar,48,Tokachi2003,6.683043205504402,8.16,,-1.4769567944955986,,228,0.2121298215339345,0.2540190928316592
melgar,49,Tokachi2003,6.687048841335445,8.16,,-1.4729511586645554,,228,0.212641834426408,0.2577512950463445
melgar,50,Tokachi2003,6.687048841335445,8.16,,-1.4729511586645554,,228,0.2128200384694492,0.2577512950463445
melgar,51,Tokachi2003,6.687048841335445,8.16,,-1.4729511586645554,,228,0.212315514419858,0.2537701967306418
melgar,52,Tokachi2003,6.691303006866372,8.16,,-1.4686969931336282,,228,0.2139136670065486,0.2609996082648393
melgar,53,Tokachi2003,6.691303006866372,8.16,,-1.4686969931336282,,228,0.2158405307836769,0.2609996082648393
melgar,54,Tokachi2003,6.693836415895164,8.16,,-1.4661635841048364,,228,0.2169801507302635,0.2604463627019946
melgar,55,Tokachi2003,6.697076648673283,8.16,,-1.462923351326717,,228,0.2188788486385472,0.2639045915877736
melgar,56,Tokachi2003,6.700630472579316,8.16,,-1.4593695274206837,,228,0.2237751490326059,0.275279017073152
melgar,57,Tokachi2003,6.705103048036943,8.16,,-1.4548969519630577,,228,0.2321605015642852,0.2768452323666874
melgar,58,Tokachi2003,6.716281202683092,8.16,,-1.443718797316908,,228,0.2425682897047979,0.2782646293032202
melgar,59,Tokachi2003,6.720518916125238,8.16,,-1.439481083874762,,228,0.2548182558677977,0.2774427480811647
melgar,60,Tokachi2003,6.729989872794437,8.16,,-1.4300101272055628,,228,0.268461876234333,0.2974903906331887
melgar,61,Tokachi2003,6.740449281456824,8.16,,-1.4195507185431762,,228,0.285179828122178,0.3012336143431842
melgar,62,Tokachi2003,6.7464599365519184,8.16,,-1.4135400634480817,,228,0.3060427959760429,0.3078015610341786
melgar,63,Tokachi2003,6.747497987148962,8.16,,-1.4125020128510384,,228,0.3249734450232499,0.3096626980659556
melgar,64,Tokachi2003,6.756527195054438,8.16,,-1.4034728049455625,,228,0.3407185032345186,0.3090517487285593
melgar,65,Tokachi2003,6.773705811680571,8.16,,-1.3862941883194289,,228,0.3551609384175386,0.3127240250447824
melgar,66,Tokachi2003,6.776059957139829,8.16,,-1.3839400428601714,,228,0.3677353791182204,0.3136781298384186
melgar,67,Tokachi2003,6.779161749356533,8.16,,-1.3808382506434675,,228,0.3807523250540829,0.3202077943740775
melgar,68,Tokachi2003,6.782308336733205,8.16,,-1.3776916632667948,,228,0.395004250039797,0.3415379672648422
melgar,69,Tokachi2003,6.785534446593441,8.16,,-1.3744655534065595,,228,0.4085710214936552,0.3469139274545894
melgar,70,Tokachi2003,6.812272150248287,8.16,,-1.3477278497517131,,228,0.4134612044949255,0.3219058242780948
melgar,71,Tokachi2003,6.828517436105862,8.16,,-1.331482563894138,,228,0.4224875126791091,0.3129303527059983
melgar,72,Tokachi2003,6.846836245241006,8.16,,-1.3131637547589945,,228,0.4314213028143075,0.3453350933523555
melgar,73,Tokachi2003,6.861372820268255,8.16,,-1.2986271797317448,,228,0.4412052031500286,0.3689560041837145
melgar,74,Tokachi2003,6.876241781960447,8.16,,-1.2837582180395533,,228,0.4506686671057571,0.3639958727703094
melgar,75,Tokachi2003,6.898815674978617,8.16,,-1.2611843250213832,,228,0.4613174272384061,0.4595752540175422
melgar,76,Tokachi2003,6.905994473875616,8.16,,-1.2540055261243843,,228,0.4720473294443465,0.4920827887521506
melgar,77,Tokachi2003,6.953651641089158,8.16,,-1.2063483589108426,,228,0.4792116280924767,0.5064792917774827
melgar,78,Tokachi2003,7.005191059082417,8.16,,-1.154808940917583,,228,0.476971221508333,0.5494998054764757
melgar,79,Tokachi2003,7.038917367966674,8.16,,-1.1210826320333265,,228,0.4805357492317124,0.5859921332963776
melgar,80,Tokachi2003,7.044705778913834,8.16,,-1.1152942210861658,,228,0.4891363534524057,0.6038988648713035
melgar,81,Tokachi2003,7.061109102337532,8.16,,-1.0988908976624678,,228,0.498279223708001,0.5988323056834233
melgar,82,Tokachi2003,7.098100654341154,8.16,,-1.061899345658846,,228,0.507699234772281,0.6737965700969983
melgar,83,Tokachi2003,7.1063599368805885,8.16,,-1.0536400631194116,,228,0.5148351777538137,0.7094110066335642
melgar,84,Tokachi2003,7.125301588964562,8.16,,-1.0346984110354382,,228,0.5188203617462316,0.7554900151651252
melgar,85,Tokachi2003,7.149686475143193,8.16,,-1.010313524856807,,228,0.5261746407193075,0.7882983930498586
melgar,86,Tokachi2003,7.174073565195056,8.16,,-0.985926434804944,,228,0.5339184959435014,0.8302488291111629
melgar,87,Tokachi2003,7.23414392560023,8.16,,-0.9258560743997704,,228,0.5395952279503495,0.8653216145603695
melgar,88,Tokachi2003,7.264566062064027,8.16,,-0.895433937935973,,228,0.5432354699558013,0.8946590149748381
melgar,89,Tokachi2003,7.327807825554182,8.16,,-0.8321921744458178,,228,0.5432548154020851,0.9118235820270416
melgar,90,Tokachi2003,7.412921771425756,8.16,,-0.7470782285742441,,228,0.5396851127874351,0.9249621713324484
melgar,91,Tokachi2003,7.415945589798309,8.16,,-0.7440544102016915,,228,0.5441314970190524,0.9459957591873316
melgar,92,Tokachi2003,7.430633790464521,8.16,,-0.7293662095354794,,228,0.5477598246106676,0.9596532579317588
melgar,93,Tokachi2003,7.458762017891859,8.16,,-0.7012379821081414,,228,0.5471974361083586,0.9692866249133044
melgar,94,Tokachi2003,7.497824310788696,8.16,,-0.6621756892113044,,228,0.5437022908653004,0.9563971063884064
melgar,95,Tokachi2003,7.525478515243221,8.16,,-0.634521484756779,,228,0.5402657937991663,0.9429115150555134
melgar,96,Tokachi2003,7.553148849098164,8.16,,-0.6068511509018357,,228,0.5401979132928134,0.9438060668993078
melgar,97,Tokachi2003,7.56205434443814,8.16,,-0.5979456555618601,,228,0.5396507960748675,0.9392657165802092
melgar,98,Tokachi2003,7.585348028045331,8.16,,-0.574651971954669,,228,0.5368240280729054,0.9372540119159112
melgar,99,Tokachi2003,7.607922200984861,8.16,,-0.5520777990151391,,228,0.53443269545313,0.9240556075253732
melgar,100,Tokachi2003,7.607922200984861,8.16,,-0.5520777990151391,,228,0.5324539186934544,0.9323182121057308
melgar,101,Tokachi2003,7.66138256304771,8.16,,-0.4986174369522897,,228,0.5316273760050989,0.931156539841484
melgar,102,Tokachi2003,7.680018292073493,8.16,,-0.4799817079265072,,228,0.5303508674487317,0.9277322177666872
melgar,103,Tokachi2003,7.711765806697558,8.16,,-0.4482341933024418,,228,0.5280202484413922,0.9240349222214403
melgar,104,Tokachi2003,7.711765806697558,8.16,,-0.4482341933024418,,228,0.525986768369031,0.9201107078386316
melgar,105,Tokachi2003,7.711765806697558,8.16,,-0.4482341933024418,,228,0.5222099258773077,0.9111779862374734
melgar,106,Tokachi2003,7.72848075764834,8.16,,-0.4315192423516603,,228,0.5194242259414467,0.8954005596440613
melgar,107,Tokachi2003,7.738608274346527,8.16,,-0.4213917256534731,,228,0.5138379169572684,0.8862153687845025
melgar,108,Tokachi2003,7.76388783858193,8.16,,-0.3961121614180705,,228,0.5052019068767708,0.8857359192481233
melgar,109,Tokachi2003,7.782393060528442,8.16,,-0.3776069394715584,,228,0.503202777974384,0.8912515846507709
melgar,110,Tokachi2003,7.806463734429141,8.16,,-0.3535362655708587,,228,0.5009220747063553,0.915536595194455
melgar,111,Tokachi2003,7.829107373775631,8.16,,-0.3308926262243687,,228,0.4981104216195504,0.92082142708764
melgar,112,Tokachi2003,7.844235847997793,8.16,,-0.315764152002207,,228,0.4966373667261081,0.8908654153370614
melgar,113,Tokachi2003,7.849627154694033,8.16,,-0.3103728453059675,,228,0.4953974929559067,0.8897424493382289
melgar,114,Tokachi2003,7.849627154694033,8.16,,-0.3103728453059675,,228,0.4920497261223126,0.8895957049426437
melgar,115,Tokachi2003,7.852931677516593,8.16,,-0.3070683224834072,,228,0.4877029061991076,0.8751682088986392
melgar,116,Tokachi2003,7.852931677516593,8.16,,-0.3070683224834072,,228,0.4829777594799375,0.8668508453580452
melgar,117,Tokachi2003,7.866762548802416,8.16,,-0.2932374511975837,,228,0.47716182499555,0.8576205679212663
melgar,118,Tokachi2003,7.887018178168184,8.16,,-0.2729818218318156,,228,0.4717913144873403,0.8325555640128108
melgar,119,Tokachi2003,7.891817053171402,8.16,,-0.2681829468285981,,228,0.467773373214247,0.8236526451414026
melgar,120,Tokachi2003,7.891817053171402,8.16,,-0.2681829468285981,,228,0.4652026687621392,0.8176390296561626
melgar,121,Tokachi2003,7.895052820787749,8.16,,-0.2649471792122515,,228,0.4635229726146589,0.7987005747712743
melgar,122,Tokachi2003,7.909543175104675,8.16,,-0.2504568248953251,,228,0.4606001439663641,0.7760944727778663
melgar,123,Tokachi2003,7.909543175104675,8.16,,-0.2504568248953251,,228,0.455279076762766,0.7428824839833474
melgar,124,Tokachi2003,7.912727785563067,8.16,,-0.2472722144369328,,228,0.4531538103696989,0.7347719453490784
melgar,125,Tokachi2003,7.929428162837466,8.16,,-0.2305718371625342,,228,0.4523381986737076,0.7413825137685359
melgar,126,Tokachi2003,7.929428162837466,8.16,,-0.2305718371625342,,228,0.4481490070254388,0.7383404058044469
melgar,127,Tokachi2003,7.929428162837466,8.16,,-0.2305718371625342,,228,0.4438501204431673,0.7173112698711543
melgar,128,Tokachi2003,7.949906293511154,8.16,,-0.2100937064888457,,228,0.4426563694412779,0.7177882753027331
melgar,129,Tokachi2003,7.949906293511154,8.16,,-0.2100937064888457,,228,0.4417231002833779,0.7065247294264463
melgar,130,Tokachi2003,7.949906293511154,8.16,,-0.2100937064888457,,228,0.4378554156925237,0.7065247294264463
melgar,131,Tokachi2003,7.949906293511154,8.16,,-0.2100937064888457,,228,0.4333405695550651,0.7065247294264463
melgar,132,Tokachi2003,7.949906293511154,8.16,,-0.2100937064888457,,228,0.4291064034338694,0.7022441126467385
melgar,133,Tokachi2003,7.955093632411848,8.16,,-0.2049063675881521,,228,0.4260907447422627,0.6945629129762851
melgar,134,Tokachi2003,7.958382725926882,8.16,,-0.2016172740731185,,228,0.4239605008653619,0.6933742635301954
melgar,135,Tokachi2003,7.958382725926882,8.16,,-0.2016172740731185,,228,0.421354047419792,0.6865437603448781
melgar,136,Tokachi2003,7.9596326913567745,8.16,,-0.2003673086432256,,228,0.4186844103916883,0.6865437603448781
melgar,137,Tokachi2003,7.9596326913567745,8.16,,-0.2003673086432256,,228,0.4164312737442035,0.6685779036929995
melgar,138,Tokachi2003,7.9596326913567745,8.16,,-0.2003673086432256,,228,0.4153226063881307,0.6540097419227298
melgar,139,Tokachi2003,7.9596326913567745,8.16,,-0.2003673086432256,,228,0.413263414723826,0.6540097419227298
melgar,140,Tokachi2003,7.9596326913567745,8.16,,-0.2003673086432256,,228,0.4101941089313788,0.6540097419227298
melgar,141,Tokachi2003,7.960464412359686,8.16,,-0.1995355876403142,,228,0.4078301843347291,0.6549980379206435
melgar,142,Tokachi2003,7.961366213426514,8.16,,-0.1986337865734864,,228,0.4034522751957458,0.6483141630876945
melgar,143,Tokachi2003,7.961366213426514,8.16,,-0.1986337865734864,,228,0.4001271092811472,0.6415711298770859
melgar,144,Tokachi2003,7.961366213426514,8.16,,-0.1986337865734864,,228,0.3982344480210577,0.6375086137153829
melgar,145,Tokachi2003,7.961366213426514,8.16,,-0.1986337865734864,,228,0.3967466898602544,0.6375086137153829
melgar,146,Tokachi2003,7.961366213426514,8.16,,-0.1986337865734864,,228,0.3945760536990495,0.635897376744194
melgar,147,Tokachi2003,7.961366213426514,8.16,,-0.1986337865734864,,228,0.3918143105264798,0.6331353912616029
melgar,148,Tokachi2003,7.961366213426514,8.16,,-0.1986337865734864,,228,0.3902851625964209,0.6097755219418701
melgar,149,Tokachi2003,7.961366213426514,8.16,,-0.1986337865734864,,228,0.3899874007680939,0.6097755219418701
melgar,150,Tokachi2003,7.961366213426514,8.16,,-0.1986337865734864,,228,0.3893566933558005,0.6097755219418701
melgar,151,Tokachi2003,7.961366213426514,8.16,,-0.1986337865734864,,228,0.3867830556260538,0.6097755219418701
melgar,152,Tokachi2003,7.966726421677966,8.16,,-0.1932735783220343,,228,0.3817215991346056,0.6097755219418701
melgar,153,Tokachi2003,7.966726421677966,8.16,,-0.1932735783220343,,228,0.3776750115584253,0.6035073358315
melgar,154,Tokachi2003,7.966726421677966,8.16,,-0.1932735783220343,,228,0.3736907338219392,0.6035073358315
melgar,155,Tokachi2003,7.966726421677966,8.16,,-0.1932735783220343,,228,0.3705543110805183,0.5927270942259977
melgar,156,Tokachi2003,7.966726421677966,8.16,,-0.1932735783220343,,228,0.3671752822744102,0.582561957100797
melgar,157,Tokachi2003,7.966726421677966,8.16,,-0.1932735783220343,,228,0.3664078521041259,0.582561957100797
melgar,158,Tokachi2003,7.966726421677966,8.16,,-0.1932735783220343,,228,0.3653650083726195,0.5801466736426129
melgar,159,Tokachi2003,7.966726421677966,8.16,,-0.1932735783220343,,228,0.3621733046979399,0.5801466736426129
melgar,160,Tokachi2003,7.966726421677966,8.16,,-0.1932735783220343,,228,0.360361399405637,0.5801466736426129
melgar,161,Tokachi2003,7.966726421677966,8.16,,-0.1932735783220343,,228,0.3608340444887709,0.5801466736426129
melgar,162,Tokachi2003,7.966726421677966,8.16,,-0.1932735783220343,,228,0.3606092162735424,0.5801466736426129
melgar,163,Tokachi2003,7.966726421677966,8.16,,-0.1932735783220343,,228,0.3603673620373392,0.5801466736426129
melgar,164,Tokachi2003,7.966726421677966,8.16,,-0.1932735783220343,,228,0.3595085758457987,0.5801466736426129
melgar,165,Tokachi2003,7.966726421677966,8.16,,-0.1932735783220343,,228,0.3586453999146072,0.5801466736426129
melgar,166,Tokachi2003,7.968873321874581,8.16,,-0.1911266781254186,,228,0.3580256434708268,0.5765266546914978
melgar,167,Tokachi2003,7.968873321874581,8.16,,-0.1911266781254186,,228,0.3572030252957122,0.5746430261458837
melgar,168,Tokachi2003,7.968873321874581,8.16,,-0.1911266781254186,,228,0.3566064363980328,0.5746430261458837
melgar,169,Tokachi2003,7.968873321874581,8.16,,-0.1911266781254186,,228,0.3557778766698402,0.5746430261458837
melgar,170,Tokachi2003,7.968873321874581,8.16,,-0.1911266781254186,,228,0.3548515889215991,0.5746430261458837
melgar,171,Tokachi2003,7.968873321874581,8.16,,-0.1911266781254186,,228,0.3546322096972336,0.5776711341516627
melgar,172,Tokachi2003,7.976448175209484,8.16,,-0.1835518247905163,,228,0.3552480002561675,0.5803791544133361
melgar,173,Tokachi2003,7.976448175209484,8.16,,-0.1835518247905163,,228,0.3556184384044059,0.5803791544133361
melgar,174,Tokachi2003,7.976448175209484,8.16,,-0.1835518247905163,,228,0.3546785891181735,0.5803791544133361
melgar,175,Tokachi2003,7.976448175209484,8.16,,-0.1835518247905163,,228,0.3540649236232742,0.5803791544133361
melgar,176,Tokachi2003,7.976448175209484,8.16,,-0.1835518247905163,,228,0.3535293050393739,0.5802344378035267
melgar,177,Tokachi2003,7.983239360843317,8.16,,-0.1767606391566829,,228,0.3530593553011099,0.5802344378035267
melgar,178,Tokachi2003,7.983239360843317,8.16,,-0.1767606391566829,,228,0.3515374402119889,0.5802344378035267
melgar,179,Tokachi2003,7.983239360843317,8.16,,-0.1767606391566829,,228,0.3500403043492324,0.5802344378035267
melgar,180,Tokachi2003,7.983239360843317,8.16,,-0.1767606391566829,,228,0.3498519217497406,0.5734707828184602
melgar,181,Tokachi2003,7.983239360843317,8.16,,-0.1767606391566829,,228,0.3491889108375911,0.5734707828184602
melgar,182,Tokachi2003,7.983239360843317,8.16,,-0.1767606391566829,,228,0.3482731156421496,0.5734707828184602
melgar,183,Tokachi2003,7.983239360843317,8.16,,-0.1767606391566829,,228,0.3481481869901686,0.5734707828184602
melgar,184,Tokachi2003,7.983239360843317,8.16,,-0.1767606391566829,,228,0.3480301502896852,0.5734707828184602
melgar,185,Tokachi2003,7.983239360843317,8.16,,-0.1767606391566829,,228,0.347722906106878,0.5734707828184602
melgar,186,Tokachi2003,7.983239360843317,8.16,,-0.1767606391566829,,228,0.3466517928508639,0.5734707828184602
melgar,187,Tokachi2003,7.983239360843317,8.16,,-0.1767606391566829,,228,0.3455650346823405,0.5705721728182604
melgar,188,Tokachi2003,7.983239360843317,8.16,,-0.1767606391566829,,228,0.3453205625156424,0.5705721728182604
melgar,189,Tokachi2003,7.983239360843317,8.16,,-0.1767606391566829,,228,0.3442431492680287,0.5705721728182604
melgar,190,Tokachi2003,7.983239360843317,8.16,,-0.1767606391566829,,228,0.3437889593533342,0.5705721728182604
melgar,191,Tokachi2003,7.983239360843317,8.16,,-0.1767606391566829,,228,0.3426530744674853,0.5705721728182604
melgar,192,Tokachi2003,7.985807420483942,8.16,,-0.1741925795160579,,228,0.3414450272910211,0.5651921934940578
melgar,193,Tokachi2003,7.985807420483942,8.16,,-0.1741925795160579,,228,0.3396121854792902,0.5393171961647099
melgar,194,Tokachi2003,7.985807420483942,8.16,,-0.1741925795160579,,228,0.3393738719549534,0.5384582792138835
melgar,195,Tokachi2003,7.985807420483942,8.16,,-0.1741925795160579,,228,0.3393738719549534,0.5384582792138835
melgar,196,Tokachi2003,7.985807420483942,8.16,,-0.1741925795160579,,228,0.33923393021513,0.5384582792138835
melgar,197,Tokachi2003,7.985807420483942,8.16,,-0.1741925795160579,,228,0.338422159205796,0.5203482866697726
melgar,198,Tokachi2003,7.985807420483942,8.16,,-0.1741925795160579,,228,0.3375745796100865,0.5203482866697726
melgar,199,Tokachi2003,7.985807420483942,8.16,,-0.1741925795160579,,228,0.3373764036959791,0.5203482866697726
melgar,200,Tokachi2003,7.985807420483942,8.16,,-0.1741925795160579,,228,0.3373764036959791,0.5203482866697726
ruhl,2,Tokachi2003,5.48743914812184,8.16,,-2.67256085187816,,228,0.3831306954008501,0.4891342016654301
ruhl,3,Tokachi2003,5.667219766182017,8.16,,-2.4927802338179834,,228,0.3253931950808734,0.4468431584783667
ruhl,4,Tokachi2003,5.735362372341286,8.16,,-2.424637627658714,,228,0.3215515934887263,0.4176370142151926
ruhl,5,Tokachi2003,5.84851660389171,8.16,,-2.31148339610829,,228,0.3096393037546298,0.4137451671727064
ruhl,6,Tokachi2003,6.12592730676057,8.16,,-2.0340726932394304,,228,0.2513057808419514,0.362705388839414
ruhl,7,Tokachi2003,6.130407951865946,8.16,,-2.029592048134054,,228,0.2469552588047465,0.3535756682883368
ruhl,8,Tokachi2003,6.141909892393137,8.16,,-2.018090107606863,,228,0.2430231210865196,0.3388140669273793
ruhl,9,Tokachi2003,6.179915258606294,8.16,,-1.9800847413937064,,228,0.2355543284044804,0.3250318022262339
ruhl,10,Tokachi2003,6.185348923686477,8.16,,-1.9746510763135232,,228,0.2283384006519722,0.3130540531035723
ruhl,11,Tokachi2003,6.185348923686477,8.16,,-1.9746510763135232,,228,0.2285456609925375,0.3130540531035723
ruhl,12,Tokachi2003,6.185348923686477,8.16,,-1.9746510763135232,,228,0.2266497746164888,0.3117340923788303
ruhl,13,Tokachi2003,6.185348923686477,8.16,,-1.9746510763135232,,228,0.2238263896804928,0.3023448998463403
ruhl,14,Tokachi2003,6.187982520163377,8.16,,-1.972017479836623,,228,0.2235989457644251,0.3023448998463403
ruhl,15,Tokachi2003,6.187982520163377,8.16,,-1.972017479836623,,228,0.2270771329923392,0.303966168290672
ruhl,16,Tokachi2003,6.198519044331048,8.16,,-1.961480955668952,,228,0.2259896149836275,0.3102015621757177
ruhl,17,Tokachi2003,6.198519044331048,8.16,,-1.961480955668952,,228,0.2270364849126661,0.3102015621757177
ruhl,18,Tokachi2003,6.198519044331048,8.16,,-1.961480955668952,,228,0.2270364849126661,0.3102015621757177
ruhl,19,Tokachi2003,6.198519044331048,8.16,,-1.961480955668952,,228,0.2285101462784042,0.3102015621757177
ruhl,20,Tokachi2003,6.198519044331048,8.16,,-1.961480955668952,,228,0.2290698405828205,0.296840128259082
ruhl,21,Tokachi2003,6.198519044331048,8.16,,-1.961480955668952,,228,0.2276256396069632,0.2909297428687125
ruhl,22,Tokachi2003,6.198519044331048,8.16,,-1.961480955668952,,228,0.2288185724489523,0.2909297428687125
ruhl,23,Tokachi2003,6.198519044331048,8.16,,-1.961480955668952,,228,0.2289024524991164,0.2919781965243624
ruhl,24,Tokachi2003,6.205632149544637,8.16,,-1.9543678504553637,,228,0.2230032311083366,0.2701601750537863
ruhl,25,Tokachi2003,6.281324968431855,8.16,,-1.8786750315681449,,228,0.2088350170172923,0.2793593324428274
ruhl,26,Tokachi2003,6.418240303769313,8.16,,-1.7417596962306874,,228,0.2071741988778466,0.2784778645494032
ruhl,27,Tokachi2003,6.418240303769313,8.16,,-1.7417596962306874,,228,0.207120841476583,0.2784778645494032
ruhl,28,Tokachi2003,6.418240303769313,8.16,,-1.7417596962306874,,228,0.2070383680540045,0.2804926638854281
ruhl,29,Tokachi2003,6.423633944588007,8.16,,-1.7363660554119935,,228,0.2055039577423924,0.2731629157333
ruhl,30,Tokachi2003,6.423633944588007,8.16,,-1.7363660554119935,,228,0.2060249771245641,0.2737297805258096
ruhl,31,Tokachi2003,6.4264980821414746,8.16,,-1.7335019178585256,,228,0.2066604021664236,0.2731837637442975
ruhl,32,Tokachi2003,6.439368346509967,8.16,,-1.7206316534900328,,228,0.218252330536861,0.2766669816522826
ruhl,33,Tokachi2003,6.439368346509967,8.16,,-1.7206316534900328,,228,0.2179935939651233,0.2739694660318523
ruhl,34,Tokachi2003,6.440371831614158,8.16,,-1.7196281683858423,,228,0.2189562129574723,0.2739694660318523
ruhl,35,Tokachi2003,6.440371831614158,8.16,,-1.7196281683858423,,228,0.2202772805594649,0.2729925016309265
ruhl,36,Tokachi2003,6.442540746464114,8.16,,-1.7174592535358864,,228,0.2202609070668536,0.2729925016309265
ruhl,37,Tokachi2003,6.442540746464114,8.16,,-1.7174592535358864,,228,0.2220799072838639,0.2729925016309265
ruhl,38,Tokachi2003,6.442540746464114,8.16,,-1.7174592535358864,,228,0.2222016950049386,0.2729925016309265
ruhl,39,Tokachi2003,6.442540746464114,8.16,,-1.7174592535358864,,228,0.2237102135491354,0.2755982668795269
ruhl,40,Tokachi2003,6.442540746464114,8.16,,-1.7174592535358864,,228,0.2245373163600455,0.2755982668795269
ruhl,41,Tokachi2003,6.442540746464114,8.16,,-1.7174592535358864,,228,0.2254854592879654,0.2755982668795269
ruhl,42,Tokachi2003,6.4443506990270905,8.16,,-1.7156493009729097,,228,0.2277689249190526,0.2755982668795269
ruhl,43,Tokachi2003,6.4443506990270905,8.16,,-1.7156493009729097,,228,0.2270962493824549,0.271069928085013
ruhl,44,Tokachi2003,6.459197211034159,8.16,,-1.7008027889658417,,228,0.2233522666889059,0.2761362188883582
ruhl,45,Tokachi2003,6.459197211034159,8.16,,-1.7008027889658417,,228,0.2225873765246029,0.2761362188883582
ruhl,46,Tokachi2003,6.460967941599639,8.16,,-1.6990320584003609,,228,0.22382089780357,0.2761362188883582
ruhl,47,Tokachi2003,6.460967941599639,8.16,,-1.6990320584003609,,228,0.2324286756806833,0.2813263704738897
ruhl,48,Tokachi2003,6.460967941599639,8.16,,-1.6990320584003609,,228,0.233787056113522,0.2813263704738897
ruhl,49,Tokachi2003,6.464242122932037,8.16,,-1.6957578770679635,,228,0.234384571111575,0.2843809821993037
ruhl,50,Tokachi2003,6.464242122932037,8.16,,-1.6957578770679635,,228,0.2345830130085924,0.2843809821993037
ruhl,51,Tokachi2003,6.464242122932037,8.16,,-1.6957578770679635,,228,0.2340407724167419,0.2804040566868764
ruhl,52,Tokachi2003,6.467442014371889,8.16,,-1.6925579856281114,,228,0.2357613445248859,0.2873347989186818
ruhl,53,Tokachi2003,6.467442014371889,8.16,,-1.6925579856281114,,228,0.2377127153099983,0.2873347989186818
ruhl,54,Tokachi2003,6.4711640872514185,8.16,,-1.6888359127485817,,228,0.2387835614379996,0.2869015354887239
ruhl,55,Tokachi2003,6.476996549952624,8.16,,-1.6830034500473765,,228,0.2405878883759105,0.2895389340395322
ruhl,56,Tokachi2003,6.480618493593401,8.16,,-1.6793815064065996,,228,0.2455238828722305,0.3031740153688842
ruhl,57,Tokachi2003,6.48188080309793,8.16,,-1.6781191969020703,,228,0.2541469177082395,0.3055054544556181
ruhl,58,Tokachi2003,6.496235497926275,8.16,,-1.6637645020737253,,228,0.2649307588160607,0.3057261527395312
ruhl,59,Tokachi2003,6.500809811900387,8.16,,-1.659190188099613,,228,0.2777509556963812,0.3068132845758065
ruhl,60,Tokachi2003,6.51022018001783,8.16,,-1.6497798199821698,,228,0.292101306771806,0.3263328807555288
ruhl,61,Tokachi2003,6.520590111832691,8.16,,-1.6394098881673091,,228,0.3098391840115088,0.3294201081154231
ruhl,62,Tokachi2003,6.529382631132324,8.16,,-1.630617368867676,,228,0.3322730374346996,0.3381344037715035
ruhl,63,Tokachi2003,6.529945754925049,8.16,,-1.630054245074951,,228,0.3525475485094462,0.34139477122058
ruhl,64,Tokachi2003,6.538124317264989,8.16,,-1.621875682735011,,228,0.3692328826025908,0.3411748708669471
ruhl,65,Tokachi2003,6.557574954970188,8.16,,-1.602425045029812,,228,0.3845532799652578,0.3427167958541295
ruhl,66,Tokachi2003,6.559383228197097,8.16,,-1.600616771802903,,228,0.3978840658384253,0.3459248691681722
ruhl,67,Tokachi2003,6.564260042178413,8.16,,-1.5957399578215874,,228,0.4117197151781154,0.3453284774782759
ruhl,68,Tokachi2003,6.5667989208082025,8.16,,-1.5932010791917977,,228,0.4269685528094021,0.3750778867168067
ruhl,69,Tokachi2003,6.570951507649653,8.16,,-1.5890484923503472,,228,0.4416683408498205,0.380969440241885
ruhl,70,Tokachi2003,6.602016422807574,8.16,,-1.5579835771924264,,228,0.4467644387821511,0.3555074274163479
ruhl,71,Tokachi2003,6.619124485712194,8.16,,-1.540875514287806,,228,0.4563098549333318,0.3425651444335402
ruhl,72,Tokachi2003,6.637425737090508,8.16,,-1.522574262909492,,228,0.4657088985509184,0.378766785126551
ruhl,73,Tokachi2003,6.654040756997169,8.16,,-1.505959243002831,,228,0.4760654379472677,0.4053080553795558
ruhl,74,Tokachi2003,6.6737007658149725,8.16,,-1.4862992341850276,,228,0.4861327679141937,0.4004221510234069
ruhl,75,Tokachi2003,6.692657124778358,8.16,,-1.4673428752216422,,228,0.4974758965799054,0.4938307040079124
ruhl,76,Tokachi2003,6.704726613744006,8.16,,-1.4552733862559943,,228,0.5089089770780997,0.5485313601693775
ruhl,77,Tokachi2003,6.754666348114082,8.16,,-1.4053336518859183,,228,0.5164779350500753,0.5646580246498658
ruhl,78,Tokachi2003,6.812243196597324,8.16,,-1.3477568034026763,,228,0.5138648003627249,0.5889850615793515
ruhl,79,Tokachi2003,6.8460880341237225,8.16,,-1.3139119658762777,,228,0.5175609879186697,0.6420858747047413
ruhl,80,Tokachi2003,6.855393813805625,8.16,,-1.3046061861943752,,228,0.526770441331171,0.6623655348753585
ruhl,81,Tokachi2003,6.874087455699534,8.16,,-1.2859125443004658,,228,0.5365956269656647,0.6639155858497752
ruhl,82,Tokachi2003,6.914769161545644,8.16,,-1.245230838454356,,228,0.5467300265249463,0.7197309773288163
ruhl,83,Tokachi2003,6.927825107628335,8.16,,-1.232174892371665,,228,0.5543763397799795,0.7632502737148599
ruhl,84,Tokachi2003,6.940737652696058,8.16,,-1.2192623473039426,,228,0.5585859016956028,0.8123962012360932
ruhl,85,Tokachi2003,6.971179874409696,8.16,,-1.188820125590304,,228,0.5665037143368187,0.8452375081111629
ruhl,86,Tokachi2003,6.99207603760888,8.16,,-1.1679239623911195,,228,0.574845354839181,0.9081523457356075
ruhl,87,Tokachi2003,7.064612594986082,8.16,,-1.095387405013918,,228,0.5809367529891293,0.9300942411742188
ruhl,88,Tokachi2003,7.091218216814412,8.16,,-1.068781783185588,,228,0.5848201507354187,0.9683998873018512
ruhl,89,Tokachi2003,7.162600412826425,8.16,,-0.9973995871735752,,228,0.5848013034797513,0.9838669486795836
ruhl,90,Tokachi2003,7.259554891559927,8.16,,-0.9004451084400733,,228,0.5810063961053602,0.9931790012192544
ruhl,91,Tokachi2003,7.262610190477126,8.16,,-0.8973898095228741,,228,0.5858387565551537,1.0158206585106946
ruhl,92,Tokachi2003,7.27245194039332,8.16,,-0.8875480596066803,,228,0.5898128610538881,1.028957529726183
ruhl,93,Tokachi2003,7.313730654236522,8.16,,-0.8462693457634778,,228,0.5892163940429328,1.04240194969634
ruhl,94,Tokachi2003,7.342704417623832,8.16,,-0.8172955823761683,,228,0.5854131150212826,1.031021425673229
ruhl,95,Tokachi2003,7.380251229216286,8.16,,-0.7797487707837139,,228,0.5816831492093345,1.0141215123241798
ruhl,96,Tokachi2003,7.400401554449125,8.16,,-0.7595984455508749,,228,0.5816320041893651,1.0223935762252596
ruhl,97,Tokachi2003,7.42499829486413,8.16,,-0.7350017051358702,,228,0.581059427549543,1.0170220780173311
ruhl,98,Tokachi2003,7.448230551713518,8.16,,-0.711769448286482,,228,0.5779944759109392,1.0159259084640777
ruhl,99,Tokachi2003,7.471660011961225,8.16,,-0.6883399880387753,,228,0.5754227115099679,0.9915129050626196
ruhl,100,Tokachi2003,7.471660011961225,8.16,,-0.6883399880387753,,228,0.5733011427076914,0.993582856397846
ruhl,101,Tokachi2003,7.521415030217764,8.16,,-0.6385849697822366,,228,0.5724177328999488,0.9972505106185778
ruhl,102,Tokachi2003,7.546099512646672,8.16,,-0.6139004873533285,,228,0.5710234286390959,0.9963037363242462
ruhl,103,Tokachi2003,7.575881352071475,8.16,,-0.5841186479285252,,228,0.5684945200779314,0.9954682055980352
ruhl,104,Tokachi2003,7.575881352071475,8.16,,-0.5841186479285252,,228,0.5662976001217233,0.9937768999895829
ruhl,105,Tokachi2003,7.575881352071475,8.16,,-0.5841186479285252,,228,0.5622069517202017,0.9774107240210403
ruhl,106,Tokachi2003,7.596947900060277,8.16,,-0.563052099939723,,228,0.559206272606074,0.9587742005984364
ruhl,107,Tokachi2003,7.617361266936459,8.16,,-0.5426387330635407,,228,0.5531215104756145,0.9562821336319338
ruhl,108,Tokachi2003,7.639778246851094,8.16,,-0.5202217531489062,,228,0.5437066602738282,0.958417866908854
ruhl,109,Tokachi2003,7.659214598315834,8.16,,-0.5007854016841664,,228,0.541537372010906,0.9633601628708508
ruhl,110,Tokachi2003,7.680841160723942,8.16,,-0.4791588392760584,,228,0.5390542717096195,0.9867420407281484
ruhl,111,Tokachi2003,7.704797018588973,8.16,,-0.455202981411027,,228,0.5359993775698485,0.991864654730522
ruhl,112,Tokachi2003,7.720178784085382,8.16,,-0.439821215914618,,228,0.5344020336786761,0.9638734117557526
ruhl,113,Tokachi2003,7.72388547402635,8.16,,-0.4361145259736503,,228,0.5330572462524565,0.961079364417607
ruhl,114,Tokachi2003,7.72388547402635,8.16,,-0.4361145259736503,,228,0.5293961752524761,0.9625879586010856
ruhl,115,Tokachi2003,7.725238260648352,8.16,,-0.4347617393516483,,228,0.5246422636631394,0.9476273464474828
ruhl,116,Tokachi2003,7.725238260648352,8.16,,-0.4347617393516483,,228,0.5194753210516686,0.937534612473808
ruhl,117,Tokachi2003,7.743535276605602,8.16,,-0.4164647233943981,,228,0.5131225331500215,0.9271375081988475
ruhl,118,Tokachi2003,7.768963289062519,8.16,,-0.391036710937481,,228,0.5072884272777127,0.9042315577690944
ruhl,119,Tokachi2003,7.777783111503013,8.16,,-0.3822168884969867,,228,0.5029203686495978,0.8955182395545229
ruhl,120,Tokachi2003,7.777783111503013,8.16,,-0.3822168884969867,,228,0.5001355005636132,0.8802045285103315
ruhl,121,Tokachi2003,7.781920404828316,8.16,,-0.378079595171684,,228,0.4983273452563549,0.8683811789926548
ruhl,122,Tokachi2003,7.786987518422633,8.16,,-0.3730124815773674,,228,0.4951446706926483,0.8356800999375515
ruhl,123,Tokachi2003,7.788651292162505,8.16,,-0.3713487078374955,,228,0.4893314646919821,0.8053318239572169
ruhl,124,Tokachi2003,7.7966086609676095,8.16,,-0.3633913390323906,,228,0.4870263972760975,0.795278058277141
ruhl,125,Tokachi2003,7.809365962407171,8.16,,-0.3506340375928287,,228,0.4861624071942381,0.8002722378062046
ruhl,126,Tokachi2003,7.809365962407171,8.16,,-0.3506340375928287,,228,0.4816177012338711,0.7826325104625997
ruhl,127,Tokachi2003,7.814029481375924,8.16,,-0.3459705186240764,,228,0.4769723201806643,0.7549564438082461
ruhl,128,Tokachi2003,7.82614966061873,8.16,,-0.3338503393812697,,228,0.4756892770572621,0.7549564438082461
ruhl,129,Tokachi2003,7.82614966061873,8.16,,-0.3338503393812697,,228,0.4746788748231368,0.7552157696020414
ruhl,130,Tokachi2003,7.82614966061873,8.16,,-0.3338503393812697,,228,0.4704553983320019,0.7552157696020414
ruhl,131,Tokachi2003,7.82614966061873,8.16,,-0.3338503393812697,,228,0.4655250615141307,0.7552157696020414
ruhl,132,Tokachi2003,7.82614966061873,8.16,,-0.3338503393812697,,228,0.4609179227451908,0.7506378457676792
ruhl,133,Tokachi2003,7.843356535274818,8.16,,-0.3166434647251819,,228,0.4576459649195713,0.7456678365040474
ruhl,134,Tokachi2003,7.845032789342074,8.16,,-0.314967210657926,,228,0.4553341579458811,0.7487021423339577
ruhl,135,Tokachi2003,7.845032789342074,8.16,,-0.314967210657926,,228,0.4525013272987055,0.7386326250374626
ruhl,136,Tokachi2003,7.851277889820933,8.16,,-0.3087221101790671,,228,0.4496019796160278,0.7386326250374626
ruhl,137,Tokachi2003,7.851277889820933,8.16,,-0.3087221101790671,,228,0.4471441235974517,0.7208630443622424
ruhl,138,Tokachi2003,7.851277889820933,8.16,,-0.3087221101790671,,228,0.4459438886556464,0.7067033238104781
ruhl,139,Tokachi2003,7.851277889820933,8.16,,-0.3087221101790671,,228,0.4437184577255811,0.7067033238104781
ruhl,140,Tokachi2003,7.851277889820933,8.16,,-0.3087221101790671,,228,0.4403762314364531,0.7067033238104781
ruhl,141,Tokachi2003,7.852032904410281,8.16,,-0.3079670955897189,,228,0.4378082729618244,0.7087770454677429
ruhl,142,Tokachi2003,7.854792430911583,8.16,,-0.3052075690884166,,228,0.4330376914732887,0.6981104024624472
ruhl,143,Tokachi2003,7.854792430911583,8.16,,-0.3052075690884166,,228,0.4294187785691403,0.6899945114506556
ruhl,144,Tokachi2003,7.854792430911583,8.16,,-0.3052075690884166,,228,0.4273682158075148,0.6830705647497215
ruhl,145,Tokachi2003,7.854792430911583,8.16,,-0.3052075690884166,,228,0.4257512020920185,0.6830705647497215
ruhl,146,Tokachi2003,7.854792430911583,8.16,,-0.3052075690884166,,228,0.4234061096539383,0.6757985031940716
ruhl,147,Tokachi2003,7.854792430911583,8.16,,-0.3052075690884166,,228,0.4204122364942463,0.6752671443414604
ruhl,148,Tokachi2003,7.854792430911583,8.16,,-0.3052075690884166,,228,0.4187519438608241,0.6610440523749634
ruhl,149,Tokachi2003,7.854792430911583,8.16,,-0.3052075690884166,,228,0.4184313246392099,0.6610440523749634
ruhl,150,Tokachi2003,7.854792430911583,8.16,,-0.3052075690884166,,228,0.4177457704426296,0.6610440523749634
ruhl,151,Tokachi2003,7.854792430911583,8.16,,-0.3052075690884166,,228,0.4149299678223173,0.6610440523749634
ruhl,152,Tokachi2003,7.858898937522046,8.16,,-0.3011010624779544,,228,0.4094037129348658,0.6610440523749634
ruhl,153,Tokachi2003,7.858898937522046,8.16,,-0.3011010624779544,,228,0.4050023253393157,0.6415519514688128
ruhl,154,Tokachi2003,7.858898937522046,8.16,,-0.3011010624779544,,228,0.4006841450425928,0.6415519514688128
ruhl,155,Tokachi2003,7.858898937522046,8.16,,-0.3011010624779544,,228,0.3972787722086927,0.6353388584407771
ruhl,156,Tokachi2003,7.858898937522046,8.16,,-0.3011010624779544,,228,0.3935999592104878,0.631269676858282
ruhl,157,Tokachi2003,7.858898937522046,8.16,,-0.3011010624779544,,228,0.3927681380549016,0.631269676858282
ruhl,158,Tokachi2003,7.858898937522046,8.16,,-0.3011010624779544,,228,0.3916313425292865,0.6263142415969964
ruhl,159,Tokachi2003,7.858898937522046,8.16,,-0.3011010624779544,,228,0.3881507831340663,0.6263142415969964
ruhl,160,Tokachi2003,7.858898937522046,8.16,,-0.3011010624779544,,228,0.386178676376938,0.6263142415969964
ruhl,161,Tokachi2003,7.858898937522046,8.16,,-0.3011010624779544,,228,0.3867253376676166,0.6263142415969964
ruhl,162,Tokachi2003,7.858898937522046,8.16,,-0.3011010624779544,,228,0.3864950985399492,0.6263142415969964
ruhl,163,Tokachi2003,7.858898937522046,8.16,,-0.3011010624779544,,228,0.386237392999073,0.6263142415969964
ruhl,164,Tokachi2003,7.858898937522046,8.16,,-0.3011010624779544,,228,0.3853024026802671,0.6263142415969964
ruhl,165,Tokachi2003,7.858898937522046,8.16,,-0.3011010624779544,,228,0.3843673625797471,0.6263142415969964
ruhl,166,Tokachi2003,7.858898937522046,8.16,,-0.3011010624779544,,228,0.3837021109253518,0.6250263319847944
ruhl,167,Tokachi2003,7.858898937522046,8.16,,-0.3011010624779544,,228,0.3828096573386996,0.6250263319847944
ruhl,168,Tokachi2003,7.858898937522046,8.16,,-0.3011010624779544,,228,0.3821742661058885,0.6250263319847944
ruhl,169,Tokachi2003,7.858898937522046,8.16,,-0.3011010624779544,,228,0.3812878227927984,0.6250263319847944
ruhl,170,Tokachi2003,7.858898937522046,8.16,,-0.3011010624779544,,228,0.3802836897746136,0.6250263319847944
ruhl,171,Tokachi2003,7.858898937522046,8.16,,-0.3011010624779544,,228,0.3800652945403205,0.6267822845302815
ruhl,172,Tokachi2003,7.862033087580539,8.16,,-0.2979669124194615,,228,0.3807899041887889,0.6289504372251917
ruhl,173,Tokachi2003,7.862033087580539,8.16,,-0.2979669124194615,,228,0.3812424002439296,0.6289504372251917
ruhl,174,Tokachi2003,7.862033087580539,8.16,,-0.2979669124194615,,228,0.3802430996178014,0.6289504372251917
ruhl,175,Tokachi2003,7.862033087580539,8.16,,-0.2979669124194615,,228,0.3795792408783947,0.6289504372251917
ruhl,176,Tokachi2003,7.862033087580539,8.16,,-0.2979669124194615,,228,0.3790025518626211,0.6223966335969466
ruhl,177,Tokachi2003,7.868391370017922,8.16,,-0.2916086299820781,,228,0.3785050552558649,0.6223966335969466
ruhl,178,Tokachi2003,7.868391370017922,8.16,,-0.2916086299820781,,228,0.3768522406742358,0.6223966335969466
ruhl,179,Tokachi2003,7.868391370017922,8.16,,-0.2916086299820781,,228,0.3752358636313752,0.6223966335969466
ruhl,180,Tokachi2003,7.868391370017922,8.16,,-0.2916086299820781,,228,0.3750356392711835,0.615873559938704
ruhl,181,Tokachi2003,7.868391370017922,8.16,,-0.2916086299820781,,228,0.3743261400966813,0.615873559938704
ruhl,182,Tokachi2003,7.868391370017922,8.16,,-0.2916086299820781,,228,0.3733399320016606,0.615873559938704
ruhl,183,Tokachi2003,7.868391370017922,8.16,,-0.2916086299820781,,228,0.3732061453863335,0.615873559938704
ruhl,184,Tokachi2003,7.868391370017922,8.16,,-0.2916086299820781,,228,0.3730796052969797,0.615873559938704
ruhl,185,Tokachi2003,7.868391370017922,8.16,,-0.2916086299820781,,228,0.3727537689067147,0.615873559938704
ruhl,186,Tokachi2003,7.868391370017922,8.16,,-0.2916086299820781,,228,0.3716007894987709,0.6119090057174743
ruhl,187,Tokachi2003,7.868391370017922,8.16,,-0.2916086299820781,,228,0.3704221103082593,0.6077758009394651
ruhl,188,Tokachi2003,7.868391370017922,8.16,,-0.2916086299820781,,228,0.3701569794745747,0.6077758009394651
ruhl,189,Tokachi2003,7.868391370017922,8.16,,-0.2916086299820781,,228,0.36898679610866,0.6077758009394651
ruhl,190,Tokachi2003,7.868391370017922,8.16,,-0.2916086299820781,,228,0.3684950953152692,0.6077758009394651
ruhl,191,Tokachi2003,7.868391370017922,8.16,,-0.2916086299820781,,228,0.3672629136881793,0.6063672672443268
ruhl,192,Tokachi2003,7.873464972831728,8.16,,-0.2865350271682718,,228,0.3659917305409151,0.5983466220669706
ruhl,193,Tokachi2003,7.873464972831728,8.16,,-0.2865350271682718,,228,0.3640320976167066,0.5829096168361554
ruhl,194,Tokachi2003,7.873464972831728,8.16,,-0.2865350271682718,,228,0.3637774071277765,0.5829078616138457
ruhl,195,Tokachi2003,7.873464972831728,8.16,,-0.2865350271682718,,228,0.3637774071277765,0.5829078616138457
ruhl,196,Tokachi2003,7.873464972831728,8.16,,-0.2865350271682718,,228,0.3636263120424851,0.5829078616138457
ruhl,197,Tokachi2003,7.873464972831728,8.16,,-0.2865350271682718,,228,0.3627477507629762,0.5592855709349003
ruhl,198,Tokachi2003,7.873464972831728,8.16,,-0.2865350271682718,,228,0.3618257367347904,0.5592855709349003
ruhl,199,Tokachi2003,7.873464972831728,8.16,,-0.2865350271682718,,228,0.3616122441801363,0.5592855709349003
ruhl,200,Tokachi2003,7.873464972831728,8.16,,-0.2865350271682718,,228,0.3616122441801363,0.5592855709349003
crowell,1,ak014cbigci8,6.060440312712668,6.2,,-0.1395596872873321,,4,0.2772170404565396,0.2900930343043315
crowell,2,ak014cbigci8,6.117638803916745,6.2,,-0.0823611960832551,,4,0.3097664146158367,0.3792787529876822
crowell,3,ak014cbigci8,6.27827960515237,6.2,,0.0782796051523702,,4,0.2773836639649418,0.3664642833768115
crowell,4,ak014cbigci8,6.498384690469814,6.2,,0.2983846904698142,,4,0.2345997458495937,0.3899712700557849
crowell,5,ak014cbigci8,6.57655445678399,6.2,,0.3765544567839898,,4,0.1827213307657934,0.3344425570318368
crowell,6,ak014cbigci8,6.618781336839454,6.2,,0.4187813368394542,,4,0.1725747482076048,0.274851771950841
crowell,7,ak014cbigci8,6.648902912380194,6.2,,0.448902912380194,,4,0.1735155600286923,0.2377611557394781
crowell,8,ak014cbigci8,6.658395945686657,6.2,,0.4583959456866564,,4,0.1760202095302677,0.227075420236817
crowell,9,ak014cbigci8,6.658395945686657,6.2,,0.4583959456866564,,4,0.1760202095302677,0.227075420236817
crowell,10,ak014cbigci8,6.658395945686657,6.2,,0.4583959456866564,,4,0.1637766390592425,0.216153669744008
crowell,11,ak014cbigci8,6.666778747054966,6.2,,0.466778747054966,,4,0.1625033844497709,0.2002960630291319
crowell,12,ak014cbigci8,6.688020149681957,6.2,,0.4880201496819571,,4,0.1696502872228476,0.1764709524138785
crowell,13,ak014cbigci8,6.706107124327708,6.2,,0.5061071243277073,,4,0.1859509928382793,0.1620338212682854
crowell,14,ak014cbigci8,6.733571804966946,6.2,,0.5335718049669458,,4,0.1941381231564711,0.181635238077785
crowell,15,ak014cbigci8,6.7603716279855774,6.2,,0.5603716279855773,,4,0.1943267262894517,0.213218759597157
crowell,16,ak014cbigci8,6.767335260626801,6.2,,0.567335260626801,,4,0.195591054335198,0.216536826070536
crowell,17,ak014cbigci8,6.767335260626801,6.2,,0.567335260626801,,4,0.195591054335198,0.216536826070536
crowell,18,ak014cbigci8,6.767335260626801,6.2,,0.567335260626801,,4,0.195591054335198,0.216536826070536
crowell,19,ak014cbigci8,6.767335260626801,6.2,,0.567335260626801,,4,0.195591054335198,0.216536826070536
crowell,20,ak014cbigci8,6.767335260626801,6.2,,0.567335260626801,,4,0.195591054335198,0.216536826070536
crowell,21,ak014cbigci8,6.767335260626801,6.2,,0.567335260626801,,4,0.195591054335198,0.216536826070536
crowell,22,ak014cbigci8,6.767335260626801,6.2,,0.567335260626801,,4,0.195591054335198,0.216536826070536
crowell,23,ak014cbigci8,6.767335260626801,6.2,,0.567335260626801,,4,0.195591054335198,0.216536826070536
crowell,24,ak014cbigci8,6.767335260626801,6.2,,0.567335260626801,,4,0.195591054335198,0.216536826070536
crowell,25,ak014cbigci8,6.767335260626801,6.2,,0.567335260626801,,4,0.195591054335198,0.216536826070536
crowell,26,ak014cbigci8,6.767335260626801,6.2,,0.567335260626801,,4,0.195591054335198,0.216536826070536
crowell,27,ak014cbigci8,6.767335260626801,6.2,,0.567335260626801,,4,0.195591054335198,0.216536826070536
crowell,28,ak014cbigci8,6.767335260626801,6.2,,0.567335260626801,,4,0.195591054335198,0.216536826070536
crowell,29,ak014cbigci8,6.767335260626801,6.2,,0.567335260626801,,4,0.195591054335198,0.216536826070536
crowell,30,ak014cbigci8,6.767335260626801,6.2,,0.567335260626801,,4,0.195591054335198,0.216536826070536
crowell,31,ak014cbigci8,6.767335260626801,6.2,,0.567335260626801,,4,0.195591054335198,0.216536826070536
crowell,32,ak014cbigci8,6.767335260626801,6.2,,0.567335260626801,,4,0.195591054335198,0.216536826070536
crowell,33,ak014cbigci8,6.767335260626801,6.2,,0.567335260626801,,4,0.195591054335198,0.216536826070536
crowell,34,ak014cbigci8,6.767335260626801,6.2,,0.567335260626801,,4,0.195591054335198,0.216536826070536
crowell,35,ak014cbigci8,6.767335260626801,6.2,,0.567335260626801,,4,0.195591054335198,0.216536826070536
crowell,36,ak014cbigci8,6.767335260626801,6.2,,0.567335260626801,,4,0.1838272669530859,0.2051794184008866
crowell,37,ak014cbigci8,6.795387798043657,6.2,,0.5953877980436566,,4,0.1611068809826318,0.1557596964088681
crowell,38,ak014cbigci8,6.807119993569226,6.2,,0.607119993569226,,4,0.1579029401555705,0.138161403120514
crowell,39,ak014cbigci8,6.807119993569226,6.2,,0.607119993569226,,4,0.1579029401555705,0.138161403120514
crowell,40,ak014cbigci8,6.807119993569226,6.2,,0.607119993569226,,4,0.1579029401555705,0.138161403120514
crowell,41,ak014cbigci8,6.807119993569226,6.2,,0.607119993569226,,4,0.1579029401555705,0.138161403120514
crowell,42,ak014cbigci8,6.807119993569226,6.2,,0.607119993569226,,4,0.1579029401555705,0.138161403120514
crowell,43,ak014cbigci8,6.807119993569226,6.2,,0.607119993569226,,4,0.1579029401555705,0.138161403120514
crowell,44,ak014cbigci8,6.807119993569226,6.2,,0.607119993569226,,4,0.1579029401555705,0.138161403120514
crowell,45,ak014cbigci8,6.807119993569226,6.2,,0.607119993569226,,4,0.1579029401555705,0.138161403120514
crowell,46,ak014cbigci8,6.807119993569226,6.2,,0.607119993569226,,4,0.1579029401555705,0.138161403120514
crowell,47,ak014cbigci8,6.807119993569226,6.2,,0.607119993569226,,4,0.1579029401555705,0.138161403120514
crowell,48,ak014cbigci8,6.807119993569226,6.2,,0.607119993569226,,4,0.1579029401555705,0.138161403120514
crowell,49,ak014cbigci8,6.807119993569226,6.2,,0.607119993569226,,4,0.1579029401555705,0.138161403120514
crowell,50,ak014cbigci8,6.807119993569226,6.2,,0.607119993569226,,4,0.1579029401555705,0.138161403120514
crowell,51,ak014cbigci8,6.807119993569226,6.2,,0.607119993569226,,4,0.1579029401555705,0.138161403120514
crowell,52,ak014cbigci8,6.807119993569226,6.2,,0.607119993569226,,4,0.1579029401555705,0.138161403120514
crowell,53,ak014cbigci8,6.807119993569226,6.2,,0.607119993569226,,4,0.1579029401555705,0.138161403120514
crowell,54,ak014cbigci8,6.807119993569226,6.2,,0.607119993569226,,4,0.1579029401555705,0.138161403120514
crowell,55,ak014cbigci8,6.807119993569226,6.2,,0.607119993569226,,4,0.1579029401555705,0.138161403120514
crowell,56,ak014cbigci8,6.807119993569226,6.2,,0.607119993569226,,4,0.1579029401555705,0.138161403120514
crowell,57,ak014cbigci8,6.807119993569226,6.2,,0.607119993569226,,4,0.1579029401555705,0.138161403120514
crowell,58,ak014cbigci8,6.807119993569226,6.2,,0.607119993569226,,4,0.1579029401555705,0.138161403120514
crowell,59,ak014cbigci8,6.807119993569226,6.2,,0.607119993569226,,4,0.1579029401555705,0.138161403120514
crowell,60,ak014cbigci8,6.807119993569226,6.2,,0.607119993569226,,4,0.1579029401555705,0.138161403120514
crowell,61,ak014cbigci8,6.807119993569226,6.2,,0.607119993569226,,4,0.1579029401555705,0.138161403120514
crowell,62,ak014cbigci8,6.807119993569226,6.2,,0.607119993569226,,4,0.1579029401555705,0.138161403120514
crowell,63,ak014cbigci8,6.816175133806206,6.2,,0.6161751338062063,,4,0.157159767400191,0.1517441134759858
crowell,64,ak014cbigci8,6.816175133806206,6.2,,0.6161751338062063,,4,0.157159767400191,0.1517441134759858
crowell,65,ak014cbigci8,6.816175133806206,6.2,,0.6161751338062063,,4,0.157159767400191,0.1517441134759858
crowell,66,ak014cbigci8,6.816175133806206,6.2,,0.6161751338062063,,4,0.157159767400191,0.1517441134759858
crowell,67,ak014cbigci8,6.816175133806206,6.2,,0.6161751338062063,,4,0.157159767400191,0.1517441134759858
crowell,68,ak014cbigci8,6.816175133806206,6.2,,0.6161751338062063,,4,0.157159767400191,0.1517441134759858
crowell,69,ak014cbigci8,6.816175133806206,6.2,,0.6161751338062063,,4,0.157159767400191,0.1517441134759858
crowell,70,ak014cbigci8,6.816175133806206,6.2,,0.6161751338062063,,4,0.157159767400191,0.1517441134759858
crowell,71,ak014cbigci8,6.816175133806206,6.2,,0.6161751338062063,,4,0.157159767400191,0.1517441134759858
crowell,72,ak014cbigci8,6.824847713718476,6.2,,0.6248477137184754,,4,0.1550390536027301,0.1387352436075826
crowell,73,ak014cbigci8,6.834639559849551,6.2,,0.6346395598495507,,4,0.1530528571982655,0.12404747441097
crowell,74,ak014cbigci8,6.841391353417004,6.2,,0.6413913534170037,,4,0.1519440862420387,0.1139197840597905
crowell,75,ak014cbigci8,6.85464682582464,6.2,,0.6546468258246394,,4,0.1504060945794918,0.1137812794330397
crowell,76,ak014cbigci8,6.856564272600906,6.2,,0.6565642726009058,,4,0.15025494249314,0.1166574495974401
crowell,77,ak014cbigci8,6.856564272600906,6.2,,0.6565642726009058,,4,0.15025494249314,0.1166574495974401
crowell,78,ak014cbigci8,6.856564272600906,6.2,,0.6565642726009058,,4,0.15025494249314,0.1166574495974401
crowell,79,ak014cbigci8,6.856564272600906,6.2,,0.6565642726009058,,4,0.15025494249314,0.1166574495974401
crowell,80,ak014cbigci8,6.856564272600906,6.2,,0.6565642726009058,,4,0.15025494249314,0.1166574495974401
crowell,81,ak014cbigci8,6.856564272600906,6.2,,0.6565642726009058,,4,0.15025494249314,0.1166574495974401
crowell,82,ak014cbigci8,6.856564272600906,6.2,,0.6565642726009058,,4,0.15025494249314,0.1166574495974401
crowell,83,ak014cbigci8,6.856564272600906,6.2,,0.6565642726009058,,4,0.15025494249314,0.1166574495974401
crowell,84,ak014cbigci8,6.856564272600906,6.2,,0.6565642726009058,,4,0.15025494249314,0.1166574495974401
crowell,85,ak014cbigci8,6.856564272600906,6.2,,0.6565642726009058,,4,0.15025494249314,0.1166574495974401
crowell,86,ak014cbigci8,6.856564272600906,6.2,,0.6565642726009058,,4,0.15025494249314,0.1166574495974401
crowell,87,ak014cbigci8,6.856564272600906,6.2,,0.6565642726009058,,4,0.15025494249314,0.1166574495974401
crowell,88,ak014cbigci8,6.856564272600906,6.2,,0.6565642726009058,,4,0.15025494249314,0.1166574495974401
crowell,89,ak014cbigci8,6.856564272600906,6.2,,0.6565642726009058,,4,0.15025494249314,0.1166574495974401
crowell,90,ak014cbigci8,6.856564272600906,6.2,,0.6565642726009058,,4,0.15025494249314,0.1166574495974401
crowell,91,ak014cbigci8,6.856564272600906,6.2,,0.6565642726009058,,4,0.15025494249314,0.1166574495974401
crowell,92,ak014cbigci8,6.856564272600906,6.2,,0.6565642726009058,,4,0.15025494249314,0.1166574495974401
crowell,93,ak014cbigci8,6.856564272600906,6.2,,0.6565642726009058,,4,0.15025494249314,0.1166574495974401
crowell,94,ak014cbigci8,6.856564272600906,6.2,,0.6565642726009058,,4,0.15025494249314,0.1166574495974401
crowell,95,ak014cbigci8,6.856564272600906,6.2,,0.6565642726009058,,4,0.15025494249314,0.1166574495974401
crowell,96,ak014cbigci8,6.856564272600906,6.2,,0.6565642726009058,,4,0.15025494249314,0.1166574495974401
crowell,97,ak014cbigci8,6.856564272600906,6.2,,0.6565642726009058,,4,0.15025494249314,0.1166574495974401
crowell,98,ak014cbigci8,6.871181838244676,6.2,,0.6711818382446761,,4,0.1488721000905816,0.1130867537495907
crowell,99,ak014cbigci8,6.885013220628959,6.2,,0.6850132206289592,,4,0.1485483763812368,0.1338338273260149
crowell,100,ak014cbigci8,6.885013220628959,6.2,,0.6850132206289592,,4,0.1485483763812368,0.1338338273260149
crowell,101,ak014cbigci8,6.885013220628959,6.2,,0.6850132206289592,,4,0.1485483763812368,0.1338338273260149
crowell,102,ak014cbigci8,6.885013220628959,6.2,,0.6850132206289592,,4,0.1485483763812368,0.1338338273260149
crowell,103,ak014cbigci8,6.885013220628959,6.2,,0.6850132206289592,,4,0.1485483763812368,0.1338338273260149
crowell,104,ak014cbigci8,6.885013220628959,6.2,,0.6850132206289592,,4,0.1485483763812368,0.1338338273260149
crowell,105,ak014cbigci8,6.885013220628959,6.2,,0.6850132206289592,,4,0.1485483763812368,0.1338338273260149
crowell,106,ak014cbigci8,6.885013220628959,6.2,,0.6850132206289592,,4,0.1485483763812368,0.1338338273260149
crowell,107,ak014cbigci8,6.885013220628959,6.2,,0.6850132206289592,,4,0.1485483763812368,0.1338338273260149
crowell,108,ak014cbigci8,6.885013220628959,6.2,,0.6850132206289592,,4,0.1485483763812368,0.1338338273260149
crowell,109,ak014cbigci8,6.885013220628959,6.2,,0.6850132206289592,,4,0.1485483763812368,0.1338338273260149
crowell,110,ak014cbigci8,6.885013220628959,6.2,,0.6850132206289592,,4,0.1485483763812368,0.1338338273260149
crowell,111,ak014cbigci8,6.885013220628959,6.2,,0.6850132206289592,,4,0.1485483763812368,0.1338338273260149
crowell,112,ak014cbigci8,6.885013220628959,6.2,,0.6850132206289592,,4,0.1485483763812368,0.1338338273260149
crowell,113,ak014cbigci8,6.885013220628959,6.2,,0.6850132206289592,,4,0.1485483763812368,0.1338338273260149
crowell,114,ak014cbigci8,6.885013220628959,6.2,,0.6850132206289592,,4,0.1485483763812368,0.1338338273260149
crowell,115,ak014cbigci8,6.885013220628959,6.2,,0.6850132206289592,,4,0.1485483763812368,0.1338338273260149
crowell,116,ak014cbigci8,6.885013220628959,6.2,,0.6850132206289592,,4,0.1485483763812368,0.1338338273260149
crowell,117,ak014cbigci8,6.885013220628959,6.2,,0.6850132206289592,,4,0.1485483763812368,0.1338338273260149
crowell,118,ak014cbigci8,6.885013220628959,6.2,,0.6850132206289592,,4,0.1485483763812368,0.1338338273260149
crowell,119,ak014cbigci8,6.885013220628959,6.2,,0.6850132206289592,,4,0.1485483763812368,0.1338338273260149
crowell,120,ak014cbigci8,6.885013220628959,6.2,,0.6850132206289592,,4,0.1485483763812368,0.1338338273260149
crowell,121,ak014cbigci8,6.885013220628959,6.2,,0.6850132206289592,,4,0.1485483763812368,0.1338338273260149
crowell,122,ak014cbigci8,6.885013220628959,6.2,,0.6850132206289592,,4,0.1485483763812368,0.1338338273260149
crowell,123,ak014cbigci8,6.885013220628959,6.2,,0.6850132206289592,,4,0.1485483763812368,0.1338338273260149
crowell,124,ak014cbigci8,6.885013220628959,6.2,,0.6850132206289592,,4,0.1485483763812368,0.1338338273260149
crowell,125,ak014cbigci8,6.885013220628959,6.2,,0.6850132206289592,,4,0.1485483763812368,0.1338338273260149
crowell,126,ak014cbigci8,6.9070394295492,6.2,,0.7070394295491997,,4,0.1481240129261585,0.1446724134557868
crowell,127,ak014cbigci8,6.923604159551399,6.2,,0.7236041595513987,,4,0.1435713760346723,0.1525701182866923
crowell,128,ak014cbigci8,6.929877273313331,6.2,,0.7298772733133312,,4,0.136234878414584,0.1448740716953755
crowell,129,ak014cbigci8,6.941479832740882,6.2,,0.7414798327408816,,4,0.1302159798275487,0.1305065824085183
crowell,130,ak014cbigci8,6.962739202521282,6.2,,0.7627392025212822,,4,0.1209609924734542,0.106209138973651
crowell,131,ak014cbigci8,6.973734110927637,6.2,,0.773734110927637,,4,0.114492226493571,0.0853833875671066
crowell,132,ak014cbigci8,6.973734110927637,6.2,,0.773734110927637,,4,0.114492226493571,0.0853833875671066
crowell,133,ak014cbigci8,6.973734110927637,6.2,,0.773734110927637,,4,0.114492226493571,0.0853833875671066
crowell,134,ak014cbigci8,6.973734110927637,6.2,,0.773734110927637,,4,0.114492226493571,0.0853833875671066
crowell,135,ak014cbigci8,6.973734110927637,6.2,,0.773734110927637,,4,0.114492226493571,0.0853833875671066
crowell,136,ak014cbigci8,6.973734110927637,6.2,,0.773734110927637,,4,0.114492226493571,0.0853833875671066
crowell,137,ak014cbigci8,6.973734110927637,6.2,,0.773734110927637,,4,0.114492226493571,0.0853833875671066
crowell,138,ak014cbigci8,6.973734110927637,6.2,,0.773734110927637,,4,0.114492226493571,0.0853833875671066
crowell,139,ak014cbigci8,6.973734110927637,6.2,,0.773734110927637,,4,0.114492226493571,0.0853833875671066
crowell,140,ak014cbigci8,6.973734110927637,6.2,,0.773734110927637,,4,0.114492226493571,0.0853833875671066
crowell,141,ak014cbigci8,6.973734110927637,6.2,,0.773734110927637,,4,0.114492226493571,0.0853833875671066
crowell,142,ak014cbigci8,6.973734110927637,6.2,,0.773734110927637,,4,0.114492226493571,0.0853833875671066
crowell,143,ak014cbigci8,6.973734110927637,6.2,,0.773734110927637,,4,0.114492226493571,0.0853833875671066
crowell,144,ak014cbigci8,6.973734110927637,6.2,,0.773734110927637,,4,0.114492226493571,0.0853833875671066
crowell,145,ak014cbigci8,6.973734110927637,6.2,,0.773734110927637,,4,0.114492226493571,0.0853833875671066
crowell,146,ak014cbigci8,6.973734110927637,6.2,,0.773734110927637,,4,0.114492226493571,0.0853833875671066
crowell,147,ak014cbigci8,6.973734110927637,6.2,,0.773734110927637,,4,0.114492226493571,0.0853833875671066
crowell,148,ak014cbigci8,6.973734110927637,6.2,,0.773734110927637,,4,0.114492226493571,0.0853833875671066
crowell,149,ak014cbigci8,6.973734110927637,6.2,,0.773734110927637,,4,0.114492226493571,0.0853833875671066
crowell,150,ak014cbigci8,6.973734110927637,6.2,,0.773734110927637,,4,0.114492226493571,0.0853833875671066
crowell,151,ak014cbigci8,6.973734110927637,6.2,,0.773734110927637,,4,0.114492226493571,0.0853833875671066
crowell,152,ak014cbigci8,6.973734110927637,6.2,,0.773734110927637,,4,0.114492226493571,0.0853833875671066
crowell,153,ak014cbigci8,6.973734110927637,6.2,,0.773734110927637,,4,0.114492226493571,0.0853833875671066
crowell,154,ak014cbigci8,6.973734110927637,6.2,,0.773734110927637,,4,0.1317560952584483,0.097479797982225
crowell,155,ak014cbigci8,6.973734110927637,6.2,,0.773734110927637,,4,0.1384556588924618,0.1000029603680259
crowell,156,ak014cbigci8,6.973734110927637,6.2,,0.773734110927637,,4,0.1495275337592158,0.104217960880212
crowell,157,ak014cbigci8,6.983860077818877,6.2,,0.7838600778188765,,4,0.1558951324465454,0.1213248599857763
crowell,158,ak014cbigci8,7.00521421357199,6.2,,0.8052142135719897,,4,0.1566379259017223,0.1513437446750067
crowell,159,ak014cbigci8,7.032925715236765,6.2,,0.8329257152367644,,4,0.160712428685662,0.1863793972317342
crowell,160,ak014cbigci8,7.063897868285147,6.2,,0.8638978682851466,,4,0.1649289931091212,0.2117063807581578
crowell,161,ak014cbigci8,7.063897868285147,6.2,,0.8638978682851466,,4,0.1649289931091212,0.2117063807581578
crowell,162,ak014cbigci8,7.063897868285147,6.2,,0.8638978682851466,,4,0.1649289931091212,0.2117063807581578
crowell,163,ak014cbigci8,7.063897868285147,6.2,,0.8638978682851466,,4,0.1649289931091212,0.2117063807581578
crowell,164,ak014cbigci8,7.063897868285147,6.2,,0.8638978682851466,,4,0.1649289931091212,0.2117063807581578
crowell,165,ak014cbigci8,7.063897868285147,6.2,,0.8638978682851466,,4,0.1649289931091212,0.2117063807581578
crowell,166,ak014cbigci8,7.063897868285147,6.2,,0.8638978682851466,,4,0.1649289931091212,0.2117063807581578
crowell,167,ak014cbigci8,7.063897868285147,6.2,,0.8638978682851466,,4,0.1649289931091212,0.2117063807581578
crowell,168,ak014cbigci8,7.063897868285147,6.2,,0.8638978682851466,,4,0.1649289931091212,0.2117063807581578
crowell,169,ak014cbigci8,7.063897868285147,6.2,,0.8638978682851466,,4,0.1649289931091212,0.2117063807581578
crowell,170,ak014cbigci8,7.063897868285147,6.2,,0.8638978682851466,,4,0.1649289931091212,0.2117063807581578
crowell,171,ak014cbigci8,7.063897868285147,6.2,,0.8638978682851466,,4,0.1649289931091212,0.2117063807581578
crowell,172,ak014cbigci8,7.063897868285147,6.2,,0.8638978682851466,,4,0.1649289931091212,0.2117063807581578
crowell,173,ak014cbigci8,7.063897868285147,6.2,,0.8638978682851466,,4,0.1649289931091212,0.2117063807581578
crowell,174,ak014cbigci8,7.063897868285147,6.2,,0.8638978682851466,,4,0.1649289931091212,0.2117063807581578
crowell,175,ak014cbigci8,7.063897868285147,6.2,,0.8638978682851466,,4,0.1649289931091212,0.2117063807581578
crowell,176,ak014cbigci8,7.063897868285147,6.2,,0.8638978682851466,,4,0.1649289931091212,0.2117063807581578
crowell,177,ak014cbigci8,7.063897868285147,6.2,,0.8638978682851466,,4,0.1649289931091212,0.2117063807581578
crowell,178,ak014cbigci8,7.063897868285147,6.2,,0.8638978682851466,,4,0.1649289931091212,0.2117063807581578
crowell,179,ak014cbigci8,7.063897868285147,6.2,,0.8638978682851466,,4,0.1649289931091212,0.2117063807581578
crowell,180,ak014cbigci8,7.063897868285147,6.2,,0.8638978682851466,,4,0.1649289931091212,0.2117063807581578
crowell,181,ak014cbigci8,7.063897868285147,6.2,,0.8638978682851466,,4,0.1649289931091212,0.2117063807581578
crowell,182,ak014cbigci8,7.063897868285147,6.2,,0.8638978682851466,,4,0.1649289931091212,0.2117063807581578
crowell,183,ak014cbigci8,7.063897868285147,6.2,,0.8638978682851466,,4,0.1649289931091212,0.2117063807581578
crowell,184,ak014cbigci8,7.063897868285147,6.2,,0.8638978682851466,,4,0.1649289931091212,0.2117063807581578
crowell,185,ak014cbigci8,7.063897868285147,6.2,,0.8638978682851466,,4,0.1649289931091212,0.2117063807581578
crowell,186,ak014cbigci8,7.063897868285147,6.2,,0.8638978682851466,,4,0.1649289931091212,0.2117063807581578
crowell,187,ak014cbigci8,7.063897868285147,6.2,,0.8638978682851466,,4,0.1649289931091212,0.2117063807581578
crowell,188,ak014cbigci8,7.063897868285147,6.2,,0.8638978682851466,,4,0.1649289931091212,0.2117063807581578
crowell,189,ak014cbigci8,7.063897868285147,6.2,,0.8638978682851466,,4,0.1649289931091212,0.2117063807581578
crowell,190,ak014cbigci8,7.063897868285147,6.2,,0.8638978682851466,,4,0.1649289931091212,0.2117063807581578
crowell,191,ak014cbigci8,7.063897868285147,6.2,,0.8638978682851466,,4,0.1649289931091212,0.2117063807581578
crowell,192,ak014cbigci8,7.063897868285147,6.2,,0.8638978682851466,,4,0.1649289931091212,0.2117063807581578
crowell,193,ak014cbigci8,7.063897868285147,6.2,,0.8638978682851466,,4,0.1649289931091212,0.2117063807581578
crowell,194,ak014cbigci8,7.063897868285147,6.2,,0.8638978682851466,,4,0.1649289931091212,0.2117063807581578
crowell,195,ak014cbigci8,7.063897868285147,6.2,,0.8638978682851466,,4,0.1649289931091212,0.2117063807581578
crowell,196,ak014cbigci8,7.063897868285147,6.2,,0.8638978682851466,,4,0.1649289931091212,0.2117063807581578
crowell,197,ak014cbigci8,7.063897868285147,6.2,,0.8638978682851466,,4,0.1649289931091212,0.2117063807581578
crowell,198,ak014cbigci8,7.063897868285147,6.2,,0.8638978682851466,,4,0.1649289931091212,0.2117063807581578
crowell,199,ak014cbigci8,7.063897868285147,6.2,,0.8638978682851466,,4,0.1649289931091212,0.2117063807581578
crowell,200,ak014cbigci8,7.063897868285147,6.2,,0.8638978682851466,,4,0.1649289931091212,0.2117063807581578
direct,1,ak014cbigci8,7.616196393966675,6.199999809265137,6.266225814819336,1.416196584701538,1.3499705791473389,4,0.0732360743231891,0.1065300703048706
direct,2,ak014cbigci8,8.040555715560913,6.199999809265137,6.266225814819336,1.8405559062957764,1.7743299007415771,4,0.1058442053524148,0.1700351238250732
direct,3,ak014cbigci8,7.886301279067993,6.199999809265137,6.266225814819336,1.6863014698028564,1.6200754642486572,4,0.0754023413593283,0.1107937097549438
direct,4,ak014cbigci8,7.885188579559326,6.199999809265137,6.266225814819336,1.6851887702941897,1.6189627647399902,4,0.0714487449121189,0.0978041887283325
direct,5,ak014cbigci8,7.83229398727417,6.199999809265137,6.266225814819336,1.6322941780090332,1.566068172454834,4,0.0754270308824005,0.1176135540008544
direct,6,ak014cbigci8,7.767576932907104,6.199999809265137,6.266225814819336,1.5675771236419678,1.5013511180877686,4,0.0953559831715336,0.1361861228942871
direct,7,ak014cbigci8,7.807481288909912,6.199999809265137,6.266225814819336,1.6074814796447754,1.5412554740905762,4,0.1500459566130004,0.2327957153320312
direct,8,ak014cbigci8,7.791273355484009,6.199999809265137,6.266225814819336,1.591273546218872,1.5250475406646729,4,0.1756796806176033,0.2820973396301269
direct,9,ak014cbigci8,7.802820920944214,6.199999809265137,6.266225814819336,1.6028211116790771,1.536595106124878,4,0.2308044957723699,0.3870249986648559
direct,10,ak014cbigci8,7.857080698013306,6.199999809265137,6.266225814819336,1.657080888748169,1.5908548831939695,4,0.2372345704245231,0.4376367330551147
direct,11,ak014cbigci8,7.916415214538574,6.199999809265137,6.266225814819336,1.7164154052734375,1.6501893997192385,4,0.2419041235573243,0.459274411201477
direct,12,ak014cbigci8,7.875858783721924,6.199999809265137,6.266225814819336,1.675858974456787,1.609632968902588,4,0.227976245723564,0.4216868877410888
direct,13,ak014cbigci8,7.833199262619018,6.199999809265137,6.266225814819336,1.6331994533538818,1.5669734477996826,4,0.2170504546679952,0.3894091844558716
direct,14,ak014cbigci8,7.782088756561279,6.199999809265137,6.266225814819336,1.5820889472961426,1.5158629417419434,4,0.2084828482744469,0.3608694076538086
direct,15,ak014cbigci8,7.748369455337524,6.199999809265137,6.266225814819336,1.5483696460723877,1.4821436405181885,4,0.214375896775728,0.3655182123184204
direct,16,ak014cbigci8,7.696816921234131,6.199999809265137,6.266225814819336,1.496817111968994,1.430591106414795,4,0.2378223834221355,0.4145388603210449
direct,17,ak014cbigci8,7.786530494689941,6.199999809265137,6.266225814819336,1.586530685424805,1.5203046798706057,4,0.2562235306812251,0.4703119993209839
direct,18,ak014cbigci8,7.777140378952026,6.199999809265137,6.266225814819336,1.5771405696868896,1.5109145641326904,4,0.2750901956969845,0.5096583366394043
direct,19,ak014cbigci8,7.775718450546265,6.199999809265137,6.266225814819336,1.575718641281128,1.5094926357269287,4,0.2763996084800781,0.5143769979476929
direct,20,ak014cbigci8,7.761720180511475,6.199999809265137,6.266225814819336,1.561720371246338,1.495494365692139,4,0.2730488991238765,0.5074498653411865
direct,21,ak014cbigci8,7.778431177139282,6.199999809265137,6.266225814819336,1.5784313678741455,1.5122053623199463,4,0.2556464385574861,0.4699126482009887
direct,22,ak014cbigci8,7.794058799743652,6.199999809265137,6.266225814819336,1.5940589904785156,1.5278329849243164,4,0.2459839917793307,0.4493845701217651
direct,23,ak014cbigci8,7.811973810195923,6.199999809265137,6.266225814819336,1.611974000930786,1.545747995376587,4,0.2441024965825081,0.4444023370742798
direct,24,ak014cbigci8,7.831397533416748,6.199999809265137,6.266225814819336,1.631397724151611,1.565171718597412,4,0.2518912089410375,0.4558830261230469
direct,25,ak014cbigci8,7.849243402481079,6.199999809265137,6.266225814819336,1.6492435932159424,1.5830175876617432,4,0.2660427101275706,0.4771456718444824
direct,26,ak014cbigci8,7.854828596115112,6.199999809265137,6.266225814819336,1.6548287868499756,1.5886027812957764,4,0.2723106890224277,0.484653115272522
direct,27,ak014cbigci8,7.8435516357421875,6.199999809265137,6.266225814819336,1.6435518264770508,1.5773258209228516,4,0.2788472054078196,0.4901289939880371
direct,28,ak014cbigci8,7.809247970581055,6.199999809265137,6.266225814819336,1.609248161315918,1.5430221557617188,4,0.299716245922958,0.5161361694335938
direct,29,ak014cbigci8,7.776429653167725,6.199999809265137,6.266225814819336,1.576429843902588,1.510203838348389,4,0.3368223810554831,0.581138014793396
direct,30,ak014cbigci8,7.757544040679932,6.199999809265137,6.266225814819336,1.557544231414795,1.4913182258605957,4,0.3827864201866059,0.6659536361694336
direct,31,ak014cbigci8,7.752997398376465,6.199999809265137,6.266225814819336,1.552997589111328,1.486771583557129,4,0.4196647203449949,0.740843653678894
direct,32,ak014cbigci8,7.757960081100464,6.199999809265137,6.266225814819336,1.5579602718353271,1.491734266281128,4,0.449472720780986,0.8001800775527954
direct,33,ak014cbigci8,7.795666217803955,6.199999809265137,6.266225814819336,1.5956664085388184,1.5294404029846191,4,0.4689469242178057,0.8432724475860596
direct,34,ak014cbigci8,7.820945739746094,6.199999809265137,6.266225814819336,1.620945930480957,1.5547199249267578,4,0.493623784923267,0.8932006359100342
direct,35,ak014cbigci8,7.827797174453735,6.199999809265137,6.266225814819336,1.6277973651885986,1.5615713596343994,4,0.5149505353779272,0.9415282011032104
direct,36,ak014cbigci8,7.829766750335693,6.199999809265137,6.266225814819336,1.6297669410705566,1.5635409355163574,4,0.5322486756289551,0.984618067741394
direct,37,ak014cbigci8,7.838460445404053,6.199999809265137,6.266225814819336,1.638460636138916,1.5722346305847168,4,0.5255432058817073,0.9947117567062378
direct,38,ak014cbigci8,7.8367908000946045,6.199999809265137,6.266225814819336,1.6367909908294678,1.5705649852752686,4,0.5276525754409737,1.0179128646850586
direct,39,ak014cbigci8,7.839411735534668,6.199999809265137,6.266225814819336,1.6394119262695312,1.573185920715332,4,0.5375902085428282,1.0495175123214722
direct,40,ak014cbigci8,7.870522975921631,6.199999809265137,6.266225814819336,1.670523166656494,1.604297161102295,4,0.5430414368920718,1.052526831626892
direct,41,ak014cbigci8,7.886774063110352,6.199999809265137,6.266225814819336,1.6867742538452148,1.6205482482910156,4,0.5494825484364557,1.0656702518463137
direct,42,ak014cbigci8,7.894412994384766,6.199999809265137,6.266225814819336,1.694413185119629,1.6281871795654297,4,0.551825192263417,1.0723371505737305
direct,43,ak014cbigci8,7.892756938934326,6.199999809265137,6.266225814819336,1.6927571296691897,1.6265311241149902,4,0.554232916752618,1.0814933776855469
direct,44,ak014cbigci8,7.879703998565674,6.199999809265137,6.266225814819336,1.679704189300537,1.613478183746338,4,0.558049659187552,1.095842361450195
direct,45,ak014cbigci8,7.8587470054626465,6.199999809265137,6.266225814819336,1.6587471961975098,1.5925211906433103,4,0.5666543902083215,1.1225708723068235
direct,46,ak014cbigci8,7.83902907371521,6.199999809265137,6.266225814819336,1.6390292644500732,1.572803258895874,4,0.5869357441594967,1.1662770509719849
direct,47,ak014cbigci8,7.830691814422607,6.199999809265137,6.266225814819336,1.6306920051574707,1.5644659996032717,4,0.6072102894636464,1.195328950881958
direct,48,ak014cbigci8,7.825401782989502,6.199999809265137,6.266225814819336,1.6254019737243652,1.559175968170166,4,0.621055701575069,1.208003282546997
direct,49,ak014cbigci8,7.824451923370361,6.199999809265137,6.266225814819336,1.6244521141052246,1.5582261085510254,4,0.6174770618160298,1.1851541996002195
direct,50,ak014cbigci8,7.826587200164795,6.199999809265137,6.266225814819336,1.6265873908996582,1.560361385345459,4,0.6096901762958014,1.1552103757858276
direct,51,ak014cbigci8,7.824177026748657,6.199999809265137,6.266225814819336,1.6241772174835205,1.5579512119293213,4,0.6019946515476216,1.1320258378982544
direct,52,ak014cbigci8,7.819621086120605,6.199999809265137,6.266225814819336,1.6196212768554688,1.5533952713012695,4,0.58998202428779,1.1061155796051023
direct,53,ak014cbigci8,7.808378934860229,6.199999809265137,6.266225814819336,1.6083791255950928,1.5421531200408936,4,0.5789524822933286,1.0908108949661257
direct,54,ak014cbigci8,7.790661334991455,6.199999809265137,6.266225814819336,1.5906615257263184,1.5244355201721191,4,0.5760710361193756,1.0915746688842771
direct,55,ak014cbigci8,7.764546394348144,6.199999809265137,6.266225814819336,1.5645465850830078,1.4983205795288086,4,0.5777940809016312,1.1019611358642578
direct,56,ak014cbigci8,7.734717845916748,6.199999809265137,6.266225814819336,1.534718036651611,1.468492031097412,4,0.5847085532691715,1.1200766563415527
direct,57,ak014cbigci8,7.702845573425293,6.199999809265137,6.266225814819336,1.5028457641601562,1.436619758605957,4,0.5949315306943505,1.1463630199432373
direct,58,ak014cbigci8,7.681902647018433,6.199999809265137,6.266225814819336,1.481902837753296,1.415676832199097,4,0.6057322337560774,1.1757694482803345
direct,59,ak014cbigci8,7.66499137878418,6.199999809265137,6.266225814819336,1.464991569519043,1.3987655639648438,4,0.6139083678708894,1.1854329109191897
direct,60,ak014cbigci8,7.659408330917358,6.199999809265137,6.266225814819336,1.4594085216522217,1.3931825160980225,4,0.6293918843549159,1.206057071685791
direct,61,ak014cbigci8,7.672427654266357,6.199999809265137,6.266225814819336,1.4724278450012207,1.4062018394470217,4,0.6478581976164185,1.223124861717224
direct,62,ak014cbigci8,7.689917325973511,6.199999809265137,6.266225814819336,1.489917516708374,1.4236915111541748,4,0.6676967428182305,1.2369905710220337
direct,63,ak014cbigci8,7.709748268127441,6.199999809265137,6.266225814819336,1.509748458862305,1.4435224533081057,4,0.6817043239665438,1.2393276691436768
direct,64,ak014cbigci8,7.722423553466797,6.199999809265137,6.266225814819336,1.5224237442016602,1.456197738647461,4,0.6921730199678303,1.2405046224594116
direct,65,ak014cbigci8,7.7383363246917725,6.199999809265137,6.266225814819336,1.5383365154266355,1.4721105098724363,4,0.6894777066116761,1.2176324129104614
direct,66,ak014cbigci8,7.758000373840332,6.199999809265137,6.266225814819336,1.558000564575195,1.491774559020996,4,0.6709111069120403,1.1736369132995603
direct,67,ak014cbigci8,7.761910915374756,6.199999809265137,6.266225814819336,1.5619111061096191,1.49568510055542,4,0.6561109498784261,1.153703212738037
direct,68,ak014cbigci8,7.750709772109985,6.199999809265137,6.266225814819336,1.5507099628448486,1.4844839572906494,4,0.6385751624155084,1.1420671939849854
direct,69,ak014cbigci8,7.724778175354004,6.199999809265137,6.266225814819336,1.5247783660888672,1.458552360534668,4,0.635738934257237,1.154567003250122
direct,70,ak014cbigci8,7.706479787826538,6.199999809265137,6.266225814819336,1.5064799785614014,1.440253973007202,4,0.6324871960585696,1.1536242961883545
direct,71,ak014cbigci8,7.692324638366699,6.199999809265137,6.266225814819336,1.4923248291015625,1.4260988235473633,4,0.6373034326045587,1.162738800048828
direct,72,ak014cbigci8,7.685613632202148,6.199999809265137,6.266225814819336,1.4856138229370115,1.4193878173828125,4,0.6460115632531309,1.1850321292877195
direct,73,ak014cbigci8,7.683199882507324,6.199999809265137,6.266225814819336,1.4832000732421875,1.4169740676879885,4,0.651553270326803,1.201075792312622
direct,74,ak014cbigci8,7.683114051818848,6.199999809265137,6.266225814819336,1.483114242553711,1.4168882369995115,4,0.6526604218221637,1.2034984827041626
direct,75,ak014cbigci8,7.688440084457397,6.199999809265137,6.266225814819336,1.4884402751922607,1.4222142696380615,4,0.6509304097630686,1.196147084236145
direct,76,ak014cbigci8,7.702889919281006,6.199999809265137,6.266225814819336,1.5028901100158691,1.43666410446167,4,0.6476976217841451,1.1808803081512451
direct,77,ak014cbigci8,7.718427181243896,6.199999809265137,6.266225814819336,1.5184273719787598,1.4522013664245603,4,0.6458222274717931,1.1675479412078855
direct,78,ak014cbigci8,7.730827569961548,6.199999809265137,6.266225814819336,1.5308277606964111,1.464601755142212,4,0.6481725247298638,1.162769079208374
direct,79,ak014cbigci8,7.741930246353149,6.199999809265137,6.266225814819336,1.5419304370880127,1.4757044315338137,4,0.653476840328559,1.162952542304993
direct,80,ak014cbigci8,7.751298427581787,6.199999809265137,6.266225814819336,1.5512986183166504,1.4850726127624512,4,0.6613859091830775,1.1628551483154297
direct,81,ak014cbigci8,7.760703086853027,6.199999809265137,6.266225814819336,1.5607032775878906,1.4944772720336914,4,0.6688460254907802,1.1584699153900146
direct,82,ak014cbigci8,7.766766548156738,6.199999809265137,6.266225814819336,1.5667667388916016,1.5005407333374023,4,0.6722375556418746,1.1499624252319336
direct,83,ak014cbigci8,7.768700122833252,6.199999809265137,6.266225814819336,1.5687003135681152,1.502474308013916,4,0.672160598114663,1.1395602226257324
direct,84,ak014cbigci8,7.766360282897949,6.199999809265137,6.266225814819336,1.5663604736328125,1.5001344680786133,4,0.6726660417009273,1.133230209350586
direct,85,ak014cbigci8,7.759945392608643,6.199999809265137,6.266225814819336,1.559945583343506,1.4937195777893066,4,0.6751874823874819,1.1332347393035889
direct,86,ak014cbigci8,7.751540660858154,6.199999809265137,6.266225814819336,1.5515408515930176,1.4853148460388184,4,0.6760370104697708,1.133623719215393
direct,87,ak014cbigci8,7.748225688934326,6.199999809265137,6.266225814819336,1.5482258796691897,1.4819998741149902,4,0.6725266397923343,1.1260474920272827
direct,88,ak014cbigci8,7.754042625427246,6.199999809265137,6.266225814819336,1.5540428161621094,1.4878168106079102,4,0.6652415210083108,1.111316442489624
direct,89,ak014cbigci8,7.766716003417969,6.199999809265137,6.266225814819336,1.566716194152832,1.5004901885986328,4,0.6568969778688125,1.0993543863296509
direct,90,ak014cbigci8,7.775524616241455,6.199999809265137,6.266225814819336,1.5755248069763184,1.5092988014221191,4,0.6499176679389693,1.0915803909301758
direct,91,ak014cbigci8,7.774696350097656,6.199999809265137,6.266225814819336,1.5746965408325195,1.5084705352783203,4,0.6453500833653358,1.0850746631622314
direct,92,ak014cbigci8,7.765124320983887,6.199999809265137,6.266225814819336,1.56512451171875,1.4988985061645508,4,0.6402006871786916,1.071558952331543
direct,93,ak014cbigci8,7.749816417694092,6.199999809265137,6.266225814819336,1.549816608428955,1.483590602874756,4,0.6305556253824135,1.0451005697250366
direct,94,ak014cbigci8,7.733392953872681,6.199999809265137,6.266225814819336,1.533393144607544,1.4671671390533447,4,0.6181727237820597,1.0094698667526243
direct,95,ak014cbigci8,7.720041036605835,6.199999809265137,6.266225814819336,1.5200412273406982,1.453815221786499,4,0.6058982274085934,0.9746615886688232
direct,96,ak014cbigci8,7.711303472518921,6.199999809265137,6.266225814819336,1.5113036632537842,1.445077657699585,4,0.5962927359084358,0.9510806798934937
direct,97,ak014cbigci8,7.7043187618255615,6.199999809265137,6.266225814819336,1.5043189525604248,1.4380929470062256,4,0.5914599409666706,0.9498231410980223
direct,98,ak014cbigci8,7.712388515472412,6.199999809265137,6.266225814819336,1.5123887062072754,1.4461627006530762,4,0.5911452656568364,0.956107258796692
direct,99,ak014cbigci8,7.725479125976562,6.199999809265137,6.266225814819336,1.5254793167114258,1.4592533111572266,4,0.5981898267859083,0.978290557861328
direct,100,ak014cbigci8,7.743008375167847,6.199999809265137,6.266225814819336,1.54300856590271,1.4767825603485107,4,0.6017175402781618,0.9954298734664916
direct,101,ak014cbigci8,7.7466864585876465,6.199999809265137,6.266225814819336,1.5466866493225098,1.4804606437683103,4,0.5997849546961341,0.9877007007598876
direct,102,ak014cbigci8,7.744826793670654,6.199999809265137,6.266225814819336,1.5448269844055176,1.4786009788513184,4,0.594739185146872,0.9683277606964112
direct,103,ak014cbigci8,7.739308834075928,6.199999809265137,6.266225814819336,1.539309024810791,1.4730830192565918,4,0.586854297485188,0.9413516521453856
direct,104,ak014cbigci8,7.728331089019775,6.199999809265137,6.266225814819336,1.528331279754639,1.4621052742004397,4,0.5752214792891728,0.9101765155792236
direct,105,ak014cbigci8,7.712069272994995,6.199999809265137,6.266225814819336,1.5120694637298584,1.4458434581756592,4,0.5591786481936544,0.8731127977371216
direct,106,ak014cbigci8,7.692908048629761,6.199999809265137,6.266225814819336,1.492908239364624,1.4266822338104248,4,0.541005958668352,0.8346115350723267
direct,107,ak014cbigci8,7.673818826675415,6.199999809265137,6.266225814819336,1.4738190174102783,1.407593011856079,4,0.5258442404738939,0.8025439977645874
direct,108,ak014cbigci8,7.658071756362915,6.199999809265137,6.266225814819336,1.4580719470977783,1.391845941543579,4,0.5165379231298611,0.7822140455245972
direct,109,ak014cbigci8,7.646183967590332,6.199999809265137,6.266225814819336,1.446184158325195,1.379958152770996,4,0.5141054834972736,0.775050163269043
direct,110,ak014cbigci8,7.636723279953003,6.199999809265137,6.266225814819336,1.4367234706878662,1.370497465133667,4,0.5148343900870116,0.7730180025100708
direct,111,ak014cbigci8,7.626899242401123,6.199999809265137,6.266225814819336,1.4268994331359863,1.360673427581787,4,0.5162927263420585,0.7709097862243652
direct,112,ak014cbigci8,7.615923643112183,6.199999809265137,6.266225814819336,1.415923833847046,1.349697828292847,4,0.5176594607156924,0.7689411640167236
direct,113,ak014cbigci8,7.605187892913818,6.199999809265137,6.266225814819336,1.4051880836486816,1.3389620780944824,4,0.5162959550519325,0.7630496025085449
direct,114,ak014cbigci8,7.592380046844482,6.199999809265137,6.266225814819336,1.3923802375793457,1.3261542320251465,4,0.5145577291649687,0.7562596797943115
direct,115,ak014cbigci8,7.569641351699829,6.199999809265137,6.266225814819336,1.3696415424346924,1.3034155368804932,4,0.5108324114595396,0.7446802854537964
direct,116,ak014cbigci8,7.532709360122681,6.199999809265137,6.266225814819336,1.332709550857544,1.2664835453033447,4,0.5028111589189196,0.7217743396759033
direct,117,ak014cbigci8,7.4893271923065186,6.199999809265137,6.266225814819336,1.2893273830413818,1.2231013774871826,4,0.4922828248952055,0.6949554681777954
direct,118,ak014cbigci8,7.455170631408691,6.199999809265137,6.266225814819336,1.255170822143555,1.1889448165893557,4,0.4833787316480303,0.6752591133117676
direct,119,ak014cbigci8,7.433467388153076,6.199999809265137,6.266225814819336,1.2334675788879397,1.1672415733337402,4,0.4768916614160328,0.6639416217803955
direct,120,ak014cbigci8,7.420709609985352,6.199999809265137,6.266225814819336,1.2207098007202148,1.1544837951660156,4,0.4727437312313196,0.6612441539764404
direct,121,ak014cbigci8,7.418386697769165,6.199999809265137,6.266225814819336,1.2183868885040283,1.152160882949829,4,0.4719342886997469,0.6741762161254883
direct,122,ak014cbigci8,7.425581693649292,6.199999809265137,6.266225814819336,1.2255818843841553,1.159355878829956,4,0.4779655447655585,0.7071232795715332
direct,123,ak014cbigci8,7.439145088195801,6.199999809265137,6.266225814819336,1.239145278930664,1.1729192733764648,4,0.4861844825964597,0.7446292638778687
direct,124,ak014cbigci8,7.458460807800293,6.199999809265137,6.266225814819336,1.2584609985351562,1.192234992980957,4,0.4920025802647815,0.7782422304153442
direct,125,ak014cbigci8,7.485180139541626,6.199999809265137,6.266225814819336,1.2851803302764893,1.21895432472229,4,0.4957414203264124,0.8137021064758301
direct,126,ak014cbigci8,7.519838571548462,6.199999809265137,6.266225814819336,1.3198387622833252,1.253612756729126,4,0.5017108844556054,0.8575880527496338
direct,127,ak014cbigci8,7.563004970550537,6.199999809265137,6.266225814819336,1.3630051612854004,1.2967791557312012,4,0.5130624858216909,0.9032772779464722
direct,128,ak014cbigci8,7.6113440990448,6.199999809265137,6.266225814819336,1.411344289779663,1.345118284225464,4,0.52691850481231,0.946804404258728
direct,129,ak014cbigci8,7.685625314712524,6.199999809265137,6.266225814819336,1.4856255054473877,1.4193994998931885,4,0.5379682448997781,0.9652377367019652
direct,130,ak014cbigci8,7.760570049285889,6.199999809265137,6.266225814819336,1.560570240020752,1.4943442344665527,4,0.5428952719516306,0.9777415990829468
direct,131,ak014cbigci8,7.830035209655762,6.199999809265137,6.266225814819336,1.630035400390625,1.5638093948364258,4,0.5404240747117443,0.978377103805542
direct,132,ak014cbigci8,7.883419036865234,6.199999809265137,6.266225814819336,1.6834192276000977,1.6171932220458984,4,0.5332480426636174,0.9714690446853638
direct,133,ak014cbigci8,7.915780067443848,6.199999809265137,6.266225814819336,1.715780258178711,1.6495542526245115,4,0.5277124662282051,0.9702826738357544
direct,134,ak014cbigci8,7.925686836242676,6.199999809265137,6.266225814819336,1.725687026977539,1.6594610214233398,4,0.525466365249789,0.9802788496017456
direct,135,ak014cbigci8,7.892241477966309,6.199999809265137,6.266225814819336,1.692241668701172,1.6260156631469729,4,0.5257894404616934,0.9767887592315674
direct,136,ak014cbigci8,7.847046852111816,6.199999809265137,6.266225814819336,1.6470470428466797,1.5808210372924805,4,0.5259521277424787,0.9676605463027954
direct,137,ak014cbigci8,7.808327436447143,6.199999809265137,6.266225814819336,1.6083276271820068,1.5421016216278076,4,0.525626548733922,0.9569100141525269
direct,138,ak014cbigci8,7.7754950523376465,6.199999809265137,6.266225814819336,1.5754952430725098,1.5092692375183103,4,0.5246826554129682,0.9447640180587769
direct,139,ak014cbigci8,7.744474172592163,6.199999809265137,6.266225814819336,1.5444743633270264,1.4782483577728271,4,0.5208987830962524,0.9270901679992676
direct,140,ak014cbigci8,7.712512493133545,6.199999809265137,6.266225814819336,1.5125126838684082,1.446286678314209,4,0.5110932623039951,0.8959735631942749
direct,141,ak014cbigci8,7.676202297210693,6.199999809265137,6.266225814819336,1.4762024879455566,1.4099764823913574,4,0.4942144761873871,0.845388650894165
direct,142,ak014cbigci8,7.636338710784912,6.199999809265137,6.266225814819336,1.4363389015197754,1.3701128959655762,4,0.4734745245799316,0.7821972370147705
direct,143,ak014cbigci8,7.602346658706665,6.199999809265137,6.266225814819336,1.4023468494415283,1.336120843887329,4,0.4545195770383476,0.7257677316665649
direct,144,ak014cbigci8,7.579354047775267,6.199999809265137,6.266225814819336,1.3793542385101318,1.3131282329559326,4,0.4397247764148912,0.6854690313339233
direct,145,ak014cbigci8,7.566885232925415,6.199999809265137,6.266225814819336,1.3668854236602783,1.300659418106079,4,0.4302961696843535,0.663253664970398
direct,146,ak014cbigci8,7.561764478683472,6.199999809265137,6.266225814819336,1.361764669418335,1.2955386638641355,4,0.4265800635088518,0.6547869443893433
direct,147,ak014cbigci8,7.5611701011657715,6.199999809265137,6.266225814819336,1.3611702919006348,1.2949442863464355,4,0.4275726366036481,0.6556262969970703
direct,148,ak014cbigci8,7.560608148574829,6.199999809265137,6.266225814819336,1.3606083393096924,1.2943823337554932,4,0.430209229648729,0.6606149673461914
direct,149,ak014cbigci8,7.556788206100464,6.199999809265137,6.266225814819336,1.3567883968353271,1.290562391281128,4,0.4316491965487664,0.6662294864654541
direct,150,ak014cbigci8,7.549218654632568,6.199999809265137,6.266225814819336,1.3492188453674316,1.2829928398132324,4,0.43106010017159,0.6712901592254639
direct,151,ak014cbigci8,7.5416669845581055,6.199999809265137,6.266225814819336,1.3416671752929688,1.2754411697387695,4,0.427298849874394,0.6729612350463867
direct,152,ak014cbigci8,7.537473201751709,6.199999809265137,6.266225814819336,1.3374733924865725,1.271247386932373,4,0.4193986261472874,0.6690739393234253
direct,153,ak014cbigci8,7.537447690963745,6.199999809265137,6.266225814819336,1.3374478816986084,1.2712218761444092,4,0.4086230962813162,0.6615933179855347
direct,154,ak014cbigci8,7.539273262023926,6.199999809265137,6.266225814819336,1.339273452758789,1.2730474472045898,4,0.3969785136091239,0.6516139507293701
direct,155,ak014cbigci8,7.541127681732178,6.199999809265137,6.266225814819336,1.341127872467041,1.2749018669128418,4,0.384478698157412,0.6384035348892212
direct,156,ak014cbigci8,7.542790174484253,6.199999809265137,6.266225814819336,1.3427903652191162,1.276564359664917,4,0.3698106010363258,0.620132327079773
direct,157,ak014cbigci8,7.544452905654907,6.199999809265137,6.266225814819336,1.3444530963897705,1.2782270908355713,4,0.3540602610239711,0.5990322828292847
direct,158,ak014cbigci8,7.546535015106201,6.199999809265137,6.266225814819336,1.3465352058410645,1.2803092002868652,4,0.33899580073353,0.5775853395462036
direct,159,ak014cbigci8,7.552795648574829,6.199999809265137,6.266225814819336,1.3527958393096924,1.2865698337554932,4,0.3241989543071079,0.5560833215713501
direct,160,ak014cbigci8,7.572027921676636,6.199999809265137,6.266225814819336,1.372028112411499,1.3058021068572998,4,0.3088273838349195,0.5309221744537354
direct,161,ak014cbigci8,7.595115900039673,6.199999809265137,6.266225814819336,1.395116090774536,1.328890085220337,4,0.2919523644390103,0.5065698623657227
direct,162,ak014cbigci8,7.608976364135742,6.199999809265137,6.266225814819336,1.4089765548706057,1.3427505493164062,4,0.2731677207593431,0.4746538400650024
direct,163,ak014cbigci8,7.605941295623779,6.199999809265137,6.266225814819336,1.4059414863586426,1.3397154808044434,4,0.2535453981283967,0.433862566947937
direct,164,ak014cbigci8,7.58990740776062,6.199999809265137,6.266225814819336,1.3899075984954834,1.3236815929412842,4,0.2361716641074971,0.3894845247268677
direct,165,ak014cbigci8,7.568627834320068,6.199999809265137,6.266225814819336,1.3686280250549316,1.3024020195007324,4,0.2243251380647431,0.348423957824707
direct,166,ak014cbigci8,7.547329664230347,6.199999809265137,6.266225814819336,1.34732985496521,1.2811038494110107,4,0.2184308694825635,0.3167272806167602
direct,167,ak014cbigci8,7.528658628463745,6.199999809265137,6.266225814819336,1.3286588191986084,1.2624328136444092,4,0.2167595753639519,0.293931245803833
direct,168,ak014cbigci8,7.514019250869751,6.199999809265137,6.266225814819336,1.3140194416046145,1.247793436050415,4,0.2181126576060788,0.2785662412643432
direct,169,ak014cbigci8,7.503505945205688,6.199999809265137,6.266225814819336,1.3035061359405518,1.2372801303863523,4,0.2218631424517865,0.2709740400314331
direct,170,ak014cbigci8,7.495567560195923,6.199999809265137,6.266225814819336,1.295567750930786,1.229341745376587,4,0.227887771379668,0.2708076238632202
direct,171,ak014cbigci8,7.48839521408081,6.199999809265137,6.266225814819336,1.2883954048156738,1.2221693992614746,4,0.2375530198862154,0.2777409553527832
direct,172,ak014cbigci8,7.481226682662964,6.199999809265137,6.266225814819336,1.2812268733978271,1.215000867843628,4,0.2529072159714762,0.2922042608261108
direct,173,ak014cbigci8,7.4742255210876465,6.199999809265137,6.266225814819336,1.2742257118225098,1.2079997062683103,4,0.2712039603744171,0.3105084896087646
direct,174,ak014cbigci8,7.46750020980835,6.199999809265137,6.266225814819336,1.267500400543213,1.2012743949890137,4,0.2857689703735154,0.3260682821273803
direct,175,ak014cbigci8,7.46527624130249,6.199999809265137,6.266225814819336,1.2652764320373535,1.1990504264831543,4,0.2957301771650599,0.3361474275588989
direct,176,ak014cbigci8,7.469438552856445,6.199999809265137,6.266225814819336,1.2694387435913086,1.2032127380371094,4,0.3028913742876622,0.3432124853134155
direct,177,ak014cbigci8,7.475989818572998,6.199999809265137,6.266225814819336,1.275990009307861,1.209764003753662,4,0.3081182781013289,0.3496315479278564
direct,178,ak014cbigci8,7.482319831848144,6.199999809265137,6.266225814819336,1.2823200225830078,1.2160940170288086,4,0.3127548061509204,0.3552734851837158
direct,179,ak014cbigci8,7.486554622650146,6.199999809265137,6.266225814819336,1.2865548133850098,1.2203288078308103,4,0.3163146498209136,0.3578276634216308
direct,180,ak014cbigci8,7.487939834594727,6.199999809265137,6.266225814819336,1.2879400253295898,1.2217140197753906,4,0.31647365876531,0.3529645204544067
direct,181,ak014cbigci8,7.485005855560303,6.199999809265137,6.266225814819336,1.285006046295166,1.2187800407409668,4,0.3118981362880548,0.3355669975280761
direct,182,ak014cbigci8,7.478991985321045,6.199999809265137,6.266225814819336,1.2789921760559082,1.212766170501709,4,0.3050047809582327,0.3079183101654053
direct,183,ak014cbigci8,7.476487636566162,6.199999809265137,6.266225814819336,1.2764878273010254,1.2102618217468262,4,0.2978760295518368,0.2821837663650512
direct,184,ak014cbigci8,7.478312253952026,6.199999809265137,6.266225814819336,1.2783124446868896,1.2120864391326904,4,0.2901742541241719,0.2622190713882446
direct,185,ak014cbigci8,7.480640649795532,6.199999809265137,6.266225814819336,1.2806408405303955,1.2144148349761963,4,0.2828697264759275,0.246517539024353
direct,186,ak014cbigci8,7.482279539108276,6.199999809265137,6.266225814819336,1.2822797298431396,1.2160537242889404,4,0.2769617069324829,0.2346837520599365
direct,187,ak014cbigci8,7.48279595375061,6.199999809265137,6.266225814819336,1.2827961444854736,1.2165701389312744,4,0.2717031366118559,0.2238800525665283
direct,188,ak014cbigci8,7.482595443725586,6.199999809265137,6.266225814819336,1.2825956344604492,1.21636962890625,4,0.2643340639748234,0.2103052139282226
direct,189,ak014cbigci8,7.481178998947143,6.199999809265137,6.266225814819336,1.2811791896820068,1.2149531841278076,4,0.2546425438179106,0.1938844919204712
direct,190,ak014cbigci8,7.478120803833008,6.199999809265137,6.266225814819336,1.278120994567871,1.211894989013672,4,0.247642408061353,0.178424596786499
direct,191,ak014cbigci8,7.474799633026123,6.199999809265137,6.266225814819336,1.2747998237609863,1.208573818206787,4,0.2454378352229179,0.1651490926742553
direct,192,ak014cbigci8,7.472101449966431,6.199999809265137,6.266225814819336,1.272101640701294,1.2058756351470947,4,0.2443190019945182,0.1518042087554931
direct,193,ak014cbigci8,7.470143795013428,6.199999809265137,6.266225814819336,1.270143985748291,1.2039179801940918,4,0.2426853078151579,0.1529442071914672
direct,194,ak014cbigci8,7.469340085983276,6.199999809265137,6.266225814819336,1.2693402767181396,1.2031142711639404,4,0.2402781559598913,0.161023736000061
direct,195,ak014cbigci8,7.470261573791504,6.199999809265137,6.266225814819336,1.2702617645263672,1.204035758972168,4,0.2375661922342771,0.1669912338256836
direct,196,ak014cbigci8,7.472176551818848,6.199999809265137,6.266225814819336,1.272176742553711,1.2059507369995115,4,0.2357161160681541,0.170595645904541
direct,197,ak014cbigci8,7.473417520523071,6.199999809265137,6.266225814819336,1.2734177112579346,1.2071917057037354,4,0.2346530747769651,0.1739706993103027
direct,198,ak014cbigci8,7.473505735397339,6.199999809265137,6.266225814819336,1.273505926132202,1.207279920578003,4,0.2328729175988151,0.1760022640228271
direct,199,ak014cbigci8,7.472997188568115,6.199999809265137,6.266225814819336,1.2729973793029783,1.2067713737487793,4,0.2301584800301604,0.1769006252288818
direct,200,ak014cbigci8,7.472101449966431,6.199999809265137,6.266225814819336,1.272101640701294,1.2058756351470947,4,0.227482292062579,0.1767712831497192
melgar,1,ak014cbigci8,5.368864281710851,6.2,,-0.8311357182891488,,4,0.3455105077769703,0.254999225514263
melgar,2,ak014cbigci8,5.447897506131778,6.2,,-0.7521024938682226,,4,0.3874995623843119,0.3780791735475732
melgar,3,ak014cbigci8,5.670185945453621,6.2,,-0.529814054546379,,4,0.3359177442423792,0.3596826660991148
melgar,4,ak014cbigci8,5.974851853822111,6.2,,-0.2251481461778892,,4,0.2636185534413196,0.3910147017301328
melgar,5,ak014cbigci8,6.11002873142267,6.2,,-0.0899712685773304,,4,0.1828143516307716,0.3403493860147639
melgar,6,ak014cbigci8,6.168824421275815,6.2,,-0.0311755787241851,,4,0.1685980357115111,0.2573353988864744
melgar,7,ak014cbigci8,6.210637057690664,6.2,,0.0106370576906638,,4,0.1724848643530339,0.2057955445769028
melgar,8,ak014cbigci8,6.223814613744475,6.2,,0.0238146137444745,,4,0.1771584916625785,0.1909389596292445
melgar,9,ak014cbigci8,6.223814613744475,6.2,,0.0238146137444745,,4,0.1771584916625785,0.1909389596292445
melgar,10,ak014cbigci8,6.223814613744475,6.2,,0.0238146137444745,,4,0.1590919931051808,0.1757664878311944
melgar,11,ak014cbigci8,6.235451024505159,6.2,,0.0354510245051589,,4,0.1586740398799185,0.1536917627938514
melgar,12,ak014cbigci8,6.26493683422924,6.2,,0.0649368342292397,,4,0.171711975076464,0.1205568933716838
melgar,13,ak014cbigci8,6.290043890587713,6.2,,0.0900438905877125,,4,0.1972894905837738,0.1629728750815395
melgar,14,ak014cbigci8,6.328088911805258,6.2,,0.1280889118052579,,4,0.2071320906971297,0.1551844287073658
melgar,15,ak014cbigci8,6.365184500701867,6.2,,0.1651845007018666,,4,0.2044391459908609,0.1711471944314109
melgar,16,ak014cbigci8,6.374829357283986,6.2,,0.1748293572839854,,4,0.2058029254667387,0.1756829395158483
melgar,17,ak014cbigci8,6.374829357283986,6.2,,0.1748293572839854,,4,0.2058029254667387,0.1756829395158483
melgar,18,ak014cbigci8,6.374829357283986,6.2,,0.1748293572839854,,4,0.2058029254667387,0.1756829395158483
melgar,19,ak014cbigci8,6.374829357283986,6.2,,0.1748293572839854,,4,0.2058029254667387,0.1756829395158483
melgar,20,ak014cbigci8,6.374829357283986,6.2,,0.1748293572839854,,4,0.2058029254667387,0.1756829395158483
melgar,21,ak014cbigci8,6.374829357283986,6.2,,0.1748293572839854,,4,0.2058029254667387,0.1756829395158483
melgar,22,ak014cbigci8,6.374829357283986,6.2,,0.1748293572839854,,4,0.2058029254667387,0.1756829395158483
melgar,23,ak014cbigci8,6.374829357283986,6.2,,0.1748293572839854,,4,0.2058029254667387,0.1756829395158483
melgar,24,ak014cbigci8,6.374829357283986,6.2,,0.1748293572839854,,4,0.2058029254667387,0.1756829395158483
melgar,25,ak014cbigci8,6.374829357283986,6.2,,0.1748293572839854,,4,0.2058029254667387,0.1756829395158483
melgar,26,ak014cbigci8,6.374829357283986,6.2,,0.1748293572839854,,4,0.2058029254667387,0.1756829395158483
melgar,27,ak014cbigci8,6.374829357283986,6.2,,0.1748293572839854,,4,0.2058029254667387,0.1756829395158483
melgar,28,ak014cbigci8,6.374829357283986,6.2,,0.1748293572839854,,4,0.2058029254667387,0.1756829395158483
melgar,29,ak014cbigci8,6.374829357283986,6.2,,0.1748293572839854,,4,0.2058029254667387,0.1756829395158483
melgar,30,ak014cbigci8,6.374829357283986,6.2,,0.1748293572839854,,4,0.2058029254667387,0.1756829395158483
melgar,31,ak014cbigci8,6.374829357283986,6.2,,0.1748293572839854,,4,0.2058029254667387,0.1756829395158483
melgar,32,ak014cbigci8,6.374829357283986,6.2,,0.1748293572839854,,4,0.2058029254667387,0.1756829395158483
melgar,33,ak014cbigci8,6.374829357283986,6.2,,0.1748293572839854,,4,0.2058029254667387,0.1756829395158483
melgar,34,ak014cbigci8,6.374829357283986,6.2,,0.1748293572839854,,4,0.2058029254667387,0.1756829395158483
melgar,35,ak014cbigci8,6.374829357283986,6.2,,0.1748293572839854,,4,0.2058029254667387,0.1756829395158483
melgar,36,ak014cbigci8,6.374829357283986,6.2,,0.1748293572839854,,4,0.1895703983122245,0.159917556356965
melgar,37,ak014cbigci8,6.413575804179327,6.2,,0.2135758041793272,,4,0.1616092224630325,0.113515211703886
melgar,38,ak014cbigci8,6.429861435824813,6.2,,0.2298614358248132,,4,0.1589825372542575,0.1379436591721159
melgar,39,ak014cbigci8,6.429861435824813,6.2,,0.2298614358248132,,4,0.1589825372542575,0.1379436591721159
melgar,40,ak014cbigci8,6.429861435824813,6.2,,0.2298614358248132,,4,0.1589825372542575,0.1379436591721159
melgar,41,ak014cbigci8,6.429861435824813,6.2,,0.2298614358248132,,4,0.1589825372542575,0.1379436591721159
melgar,42,ak014cbigci8,6.429861435824813,6.2,,0.2298614358248132,,4,0.1589825372542575,0.1379436591721159
melgar,43,ak014cbigci8,6.429861435824813,6.2,,0.2298614358248132,,4,0.1589825372542575,0.1379436591721159
melgar,44,ak014cbigci8,6.429861435824813,6.2,,0.2298614358248132,,4,0.1589825372542575,0.1379436591721159
melgar,45,ak014cbigci8,6.429861435824813,6.2,,0.2298614358248132,,4,0.1589825372542575,0.1379436591721159
melgar,46,ak014cbigci8,6.429861435824813,6.2,,0.2298614358248132,,4,0.1589825372542575,0.1379436591721159
melgar,47,ak014cbigci8,6.429861435824813,6.2,,0.2298614358248132,,4,0.1589825372542575,0.1379436591721159
melgar,48,ak014cbigci8,6.429861435824813,6.2,,0.2298614358248132,,4,0.1589825372542575,0.1379436591721159
melgar,49,ak014cbigci8,6.429861435824813,6.2,,0.2298614358248132,,4,0.1589825372542575,0.1379436591721159
melgar,50,ak014cbigci8,6.429861435824813,6.2,,0.2298614358248132,,4,0.1589825372542575,0.1379436591721159
melgar,51,ak014cbigci8,6.429861435824813,6.2,,0.2298614358248132,,4,0.1589825372542575,0.1379436591721159
melgar,52,ak014cbigci8,6.429861435824813,6.2,,0.2298614358248132,,4,0.1589825372542575,0.1379436591721159
melgar,53,ak014cbigci8,6.429861435824813,6.2,,0.2298614358248132,,4,0.1589825372542575,0.1379436591721159
melgar,54,ak014cbigci8,6.429861435824813,6.2,,0.2298614358248132,,4,0.1589825372542575,0.1379436591721159
melgar,55,ak014cbigci8,6.429861435824813,6.2,,0.2298614358248132,,4,0.1589825372542575,0.1379436591721159
melgar,56,ak014cbigci8,6.429861435824813,6.2,,0.2298614358248132,,4,0.1589825372542575,0.1379436591721159
melgar,57,ak014cbigci8,6.429861435824813,6.2,,0.2298614358248132,,4,0.1589825372542575,0.1379436591721159
melgar,58,ak014cbigci8,6.429861435824813,6.2,,0.2298614358248132,,4,0.1589825372542575,0.1379436591721159
melgar,59,ak014cbigci8,6.429861435824813,6.2,,0.2298614358248132,,4,0.1589825372542575,0.1379436591721159
melgar,60,ak014cbigci8,6.429861435824813,6.2,,0.2298614358248132,,4,0.1589825372542575,0.1379436591721159
melgar,61,ak014cbigci8,6.429861435824813,6.2,,0.2298614358248132,,4,0.1589825372542575,0.1379436591721159
melgar,62,ak014cbigci8,6.429861435824813,6.2,,0.2298614358248132,,4,0.1589825372542575,0.1379436591721159
melgar,63,ak014cbigci8,6.442391018557153,6.2,,0.2423910185571527,,4,0.1559044245007683,0.1191492850736066
melgar,64,ak014cbigci8,6.442391018557153,6.2,,0.2423910185571527,,4,0.1559044245007683,0.1191492850736066
melgar,65,ak014cbigci8,6.442391018557153,6.2,,0.2423910185571527,,4,0.1559044245007683,0.1191492850736066
melgar,66,ak014cbigci8,6.442391018557153,6.2,,0.2423910185571527,,4,0.1559044245007683,0.1191492850736066
melgar,67,ak014cbigci8,6.442391018557153,6.2,,0.2423910185571527,,4,0.1559044245007683,0.1191492850736066
melgar,68,ak014cbigci8,6.442391018557153,6.2,,0.2423910185571527,,4,0.1559044245007683,0.1191492850736066
melgar,69,ak014cbigci8,6.442391018557153,6.2,,0.2423910185571527,,4,0.1559044245007683,0.1191492850736066
melgar,70,ak014cbigci8,6.442391018557153,6.2,,0.2423910185571527,,4,0.1559044245007683,0.1191492850736066
melgar,71,ak014cbigci8,6.442391018557153,6.2,,0.2423910185571527,,4,0.1559044245007683,0.1191492850736066
melgar,72,ak014cbigci8,6.454429553165568,6.2,,0.2544295531655676,,4,0.1544798402066457,0.1372070869862298
melgar,73,ak014cbigci8,6.4680217575294,6.2,,0.2680217575294001,,4,0.1537077446137185,0.1575953935319773
melgar,74,ak014cbigci8,6.4773940206106175,6.2,,0.2773940206106173,,4,0.1536991156152511,0.1716537881538027
melgar,75,ak014cbigci8,6.495794135103015,6.2,,0.2957941351030149,,4,0.1549240833044751,0.199253959892399
melgar,76,ak014cbigci8,6.498455770926425,6.2,,0.2984557709264246,,4,0.1552359567506408,0.2032464136275145
melgar,77,ak014cbigci8,6.498455770926425,6.2,,0.2984557709264246,,4,0.1552359567506408,0.2032464136275145
melgar,78,ak014cbigci8,6.498455770926425,6.2,,0.2984557709264246,,4,0.1552359567506408,0.2032464136275145
melgar,79,ak014cbigci8,6.498455770926425,6.2,,0.2984557709264246,,4,0.1552359567506408,0.2032464136275145
melgar,80,ak014cbigci8,6.498455770926425,6.2,,0.2984557709264246,,4,0.1552359567506408,0.2032464136275145
melgar,81,ak014cbigci8,6.498455770926425,6.2,,0.2984557709264246,,4,0.1552359567506408,0.2032464136275145
melgar,82,ak014cbigci8,6.498455770926425,6.2,,0.2984557709264246,,4,0.1552359567506408,0.2032464136275145
melgar,83,ak014cbigci8,6.498455770926425,6.2,,0.2984557709264246,,4,0.1552359567506408,0.2032464136275145
melgar,84,ak014cbigci8,6.498455770926425,6.2,,0.2984557709264246,,4,0.1552359567506408,0.2032464136275145
melgar,85,ak014cbigci8,6.498455770926425,6.2,,0.2984557709264246,,4,0.1552359567506408,0.2032464136275145
melgar,86,ak014cbigci8,6.498455770926425,6.2,,0.2984557709264246,,4,0.1552359567506408,0.2032464136275145
melgar,87,ak014cbigci8,6.498455770926425,6.2,,0.2984557709264246,,4,0.1552359567506408,0.2032464136275145
melgar,88,ak014cbigci8,6.498455770926425,6.2,,0.2984557709264246,,4,0.1552359567506408,0.2032464136275145
melgar,89,ak014cbigci8,6.498455770926425,6.2,,0.2984557709264246,,4,0.1552359567506408,0.2032464136275145
melgar,90,ak014cbigci8,6.498455770926425,6.2,,0.2984557709264246,,4,0.1552359567506408,0.2032464136275145
melgar,91,ak014cbigci8,6.498455770926425,6.2,,0.2984557709264246,,4,0.1552359567506408,0.2032464136275145
melgar,92,ak014cbigci8,6.498455770926425,6.2,,0.2984557709264246,,4,0.1552359567506408,0.2032464136275145
melgar,93,ak014cbigci8,6.498455770926425,6.2,,0.2984557709264246,,4,0.1552359567506408,0.2032464136275145
melgar,94,ak014cbigci8,6.498455770926425,6.2,,0.2984557709264246,,4,0.1552359567506408,0.2032464136275145
melgar,95,ak014cbigci8,6.498455770926425,6.2,,0.2984557709264246,,4,0.1552359567506408,0.2032464136275145
melgar,96,ak014cbigci8,6.498455770926425,6.2,,0.2984557709264246,,4,0.1552359567506408,0.2032464136275145
melgar,97,ak014cbigci8,6.498455770926425,6.2,,0.2984557709264246,,4,0.1552359567506408,0.2032464136275145
melgar,98,ak014cbigci8,6.518682072594404,6.2,,0.3186820725944033,,4,0.1498781239248647,0.1729069611255482
melgar,99,ak014cbigci8,6.5378205337723685,6.2,,0.3378205337723683,,4,0.1465662309591436,0.1441992693585989
melgar,100,ak014cbigci8,6.5378205337723685,6.2,,0.3378205337723683,,4,0.1465662309591436,0.1441992693585989
melgar,101,ak014cbigci8,6.5378205337723685,6.2,,0.3378205337723683,,4,0.1465662309591436,0.1441992693585989
melgar,102,ak014cbigci8,6.5378205337723685,6.2,,0.3378205337723683,,4,0.1465662309591436,0.1441992693585989
melgar,103,ak014cbigci8,6.5378205337723685,6.2,,0.3378205337723683,,4,0.1465662309591436,0.1441992693585989
melgar,104,ak014cbigci8,6.5378205337723685,6.2,,0.3378205337723683,,4,0.1465662309591436,0.1441992693585989
melgar,105,ak014cbigci8,6.5378205337723685,6.2,,0.3378205337723683,,4,0.1465662309591436,0.1441992693585989
melgar,106,ak014cbigci8,6.5378205337723685,6.2,,0.3378205337723683,,4,0.1465662309591436,0.1441992693585989
melgar,107,ak014cbigci8,6.5378205337723685,6.2,,0.3378205337723683,,4,0.1465662309591436,0.1441992693585989
melgar,108,ak014cbigci8,6.5378205337723685,6.2,,0.3378205337723683,,4,0.1465662309591436,0.1441992693585989
melgar,109,ak014cbigci8,6.5378205337723685,6.2,,0.3378205337723683,,4,0.1465662309591436,0.1441992693585989
melgar,110,ak014cbigci8,6.5378205337723685,6.2,,0.3378205337723683,,4,0.1465662309591436,0.1441992693585989
melgar,111,ak014cbigci8,6.5378205337723685,6.2,,0.3378205337723683,,4,0.1465662309591436,0.1441992693585989
melgar,112,ak014cbigci8,6.5378205337723685,6.2,,0.3378205337723683,,4,0.1465662309591436,0.1441992693585989
melgar,113,ak014cbigci8,6.5378205337723685,6.2,,0.3378205337723683,,4,0.1465662309591436,0.1441992693585989
melgar,114,ak014cbigci8,6.5378205337723685,6.2,,0.3378205337723683,,4,0.1465662309591436,0.1441992693585989
melgar,115,ak014cbigci8,6.5378205337723685,6.2,,0.3378205337723683,,4,0.1465662309591436,0.1441992693585989
melgar,116,ak014cbigci8,6.5378205337723685,6.2,,0.3378205337723683,,4,0.1465662309591436,0.1441992693585989
melgar,117,ak014cbigci8,6.5378205337723685,6.2,,0.3378205337723683,,4,0.1465662309591436,0.1441992693585989
melgar,118,ak014cbigci8,6.5378205337723685,6.2,,0.3378205337723683,,4,0.1465662309591436,0.1441992693585989
melgar,119,ak014cbigci8,6.5378205337723685,6.2,,0.3378205337723683,,4,0.1465662309591436,0.1441992693585989
melgar,120,ak014cbigci8,6.5378205337723685,6.2,,0.3378205337723683,,4,0.1465662309591436,0.1441992693585989
melgar,121,ak014cbigci8,6.5378205337723685,6.2,,0.3378205337723683,,4,0.1465662309591436,0.1441992693585989
melgar,122,ak014cbigci8,6.5378205337723685,6.2,,0.3378205337723683,,4,0.1465662309591436,0.1441992693585989
melgar,123,ak014cbigci8,6.5378205337723685,6.2,,0.3378205337723683,,4,0.1465662309591436,0.1441992693585989
melgar,124,ak014cbigci8,6.5378205337723685,6.2,,0.3378205337723683,,4,0.1465662309591436,0.1441992693585989
melgar,125,ak014cbigci8,6.5378205337723685,6.2,,0.3378205337723683,,4,0.1465662309591436,0.1441992693585989
melgar,126,ak014cbigci8,6.568330641264152,6.2,,0.3683306412641514,,4,0.1453446881679648,0.1288687649171107
melgar,127,ak014cbigci8,6.591270619671777,6.2,,0.3912706196717765,,4,0.137889756576461,0.1074966655442546
melgar,128,ak014cbigci8,6.599968330623118,6.2,,0.3999683306231176,,4,0.127688911321877,0.1039236020529106
melgar,129,ak014cbigci8,6.616064068116032,6.2,,0.4160640681160314,,4,0.1212593082955738,0.1135573189895389
melgar,130,ak014cbigci8,6.645554609766316,6.2,,0.4455546097663161,,4,0.1127989305995231,0.1308616901017698
melgar,131,ak014cbigci8,6.660816802413168,6.2,,0.4608168024131673,,4,0.1081057269359615,0.1477396758562976
melgar,132,ak014cbigci8,6.660816802413168,6.2,,0.4608168024131673,,4,0.1081057269359615,0.1477396758562976
melgar,133,ak014cbigci8,6.660816802413168,6.2,,0.4608168024131673,,4,0.1081057269359615,0.1477396758562976
melgar,134,ak014cbigci8,6.660816802413168,6.2,,0.4608168024131673,,4,0.1081057269359615,0.1477396758562976
melgar,135,ak014cbigci8,6.660816802413168,6.2,,0.4608168024131673,,4,0.1081057269359615,0.1477396758562976
melgar,136,ak014cbigci8,6.660816802413168,6.2,,0.4608168024131673,,4,0.1081057269359615,0.1477396758562976
melgar,137,ak014cbigci8,6.660816802413168,6.2,,0.4608168024131673,,4,0.1081057269359615,0.1477396758562976
melgar,138,ak014cbigci8,6.660816802413168,6.2,,0.4608168024131673,,4,0.1081057269359615,0.1477396758562976
melgar,139,ak014cbigci8,6.660816802413168,6.2,,0.4608168024131673,,4,0.1081057269359615,0.1477396758562976
melgar,140,ak014cbigci8,6.660816802413168,6.2,,0.4608168024131673,,4,0.1081057269359615,0.1477396758562976
melgar,141,ak014cbigci8,6.660816802413168,6.2,,0.4608168024131673,,4,0.1081057269359615,0.1477396758562976
melgar,142,ak014cbigci8,6.660816802413168,6.2,,0.4608168024131673,,4,0.1081057269359615,0.1477396758562976
melgar,143,ak014cbigci8,6.660816802413168,6.2,,0.4608168024131673,,4,0.1081057269359615,0.1477396758562976
melgar,144,ak014cbigci8,6.660816802413168,6.2,,0.4608168024131673,,4,0.1081057269359615,0.1477396758562976
melgar,145,ak014cbigci8,6.660816802413168,6.2,,0.4608168024131673,,4,0.1081057269359615,0.1477396758562976
melgar,146,ak014cbigci8,6.660816802413168,6.2,,0.4608168024131673,,4,0.1081057269359615,0.1477396758562976
melgar,147,ak014cbigci8,6.660816802413168,6.2,,0.4608168024131673,,4,0.1081057269359615,0.1477396758562976
melgar,148,ak014cbigci8,6.660816802413168,6.2,,0.4608168024131673,,4,0.1081057269359615,0.1477396758562976
melgar,149,ak014cbigci8,6.660816802413168,6.2,,0.4608168024131673,,4,0.1081057269359615,0.1477396758562976
melgar,150,ak014cbigci8,6.660816802413168,6.2,,0.4608168024131673,,4,0.1081057269359615,0.1477396758562976
melgar,151,ak014cbigci8,6.660816802413168,6.2,,0.4608168024131673,,4,0.1081057269359615,0.1477396758562976
melgar,152,ak014cbigci8,6.660816802413168,6.2,,0.4608168024131673,,4,0.1081057269359615,0.1477396758562976
melgar,153,ak014cbigci8,6.660816802413168,6.2,,0.4608168024131673,,4,0.1081057269359615,0.1477396758562976
melgar,154,ak014cbigci8,6.660816802413168,6.2,,0.4608168024131673,,4,0.1286416871034319,0.1644482349936735
melgar,155,ak014cbigci8,6.660816802413168,6.2,,0.4608168024131673,,4,0.1362565809498721,0.167869337648943
melgar,156,ak014cbigci8,6.660816802413168,6.2,,0.4608168024131673,,4,0.1514865400684704,0.1736430422394876
melgar,157,ak014cbigci8,6.674828086235209,6.2,,0.4748280862352088,,4,0.1582857595473085,0.1552326526941847
melgar,158,ak014cbigci8,6.70437576894293,6.2,,0.5043757689429302,,4,0.1553628560894104,0.1080750300823023
melgar,159,ak014cbigci8,6.742911945002176,6.2,,0.5429119450021753,,4,0.157459717023037,0.1325395744993391
melgar,160,ak014cbigci8,6.785805962391546,6.2,,0.5858059623915457,,4,0.1603738955218437,0.1675178682998757
melgar,161,ak014cbigci8,6.785805962391546,6.2,,0.5858059623915457,,4,0.1603738955218437,0.1675178682998757
melgar,162,ak014cbigci8,6.785805962391546,6.2,,0.5858059623915457,,4,0.1603738955218437,0.1675178682998757
melgar,163,ak014cbigci8,6.785805962391546,6.2,,0.5858059623915457,,4,0.1603738955218437,0.1675178682998757
melgar,164,ak014cbigci8,6.785805962391546,6.2,,0.5858059623915457,,4,0.1603738955218437,0.1675178682998757
melgar,165,ak014cbigci8,6.785805962391546,6.2,,0.5858059623915457,,4,0.1603738955218437,0.1675178682998757
melgar,166,ak014cbigci8,6.785805962391546,6.2,,0.5858059623915457,,4,0.1603738955218437,0.1675178682998757
melgar,167,ak014cbigci8,6.785805962391546,6.2,,0.5858059623915457,,4,0.1603738955218437,0.1675178682998757
melgar,168,ak014cbigci8,6.785805962391546,6.2,,0.5858059623915457,,4,0.1603738955218437,0.1675178682998757
melgar,169,ak014cbigci8,6.785805962391546,6.2,,0.5858059623915457,,4,0.1603738955218437,0.1675178682998757
melgar,170,ak014cbigci8,6.785805962391546,6.2,,0.5858059623915457,,4,0.1603738955218437,0.1675178682998757
melgar,171,ak014cbigci8,6.785805962391546,6.2,,0.5858059623915457,,4,0.1603738955218437,0.1675178682998757
melgar,172,ak014cbigci8,6.785805962391546,6.2,,0.5858059623915457,,4,0.1603738955218437,0.1675178682998757
melgar,173,ak014cbigci8,6.785805962391546,6.2,,0.5858059623915457,,4,0.1603738955218437,0.1675178682998757
melgar,174,ak014cbigci8,6.785805962391546,6.2,,0.5858059623915457,,4,0.1603738955218437,0.1675178682998757
melgar,175,ak014cbigci8,6.785805962391546,6.2,,0.5858059623915457,,4,0.1603738955218437,0.1675178682998757
melgar,176,ak014cbigci8,6.785805962391546,6.2,,0.5858059623915457,,4,0.1603738955218437,0.1675178682998757
melgar,177,ak014cbigci8,6.785805962391546,6.2,,0.5858059623915457,,4,0.1603738955218437,0.1675178682998757
melgar,178,ak014cbigci8,6.785805962391546,6.2,,0.5858059623915457,,4,0.1603738955218437,0.1675178682998757
melgar,179,ak014cbigci8,6.785805962391546,6.2,,0.5858059623915457,,4,0.1603738955218437,0.1675178682998757
melgar,180,ak014cbigci8,6.785805962391546,6.2,,0.5858059623915457,,4,0.1603738955218437,0.1675178682998757
melgar,181,ak014cbigci8,6.785805962391546,6.2,,0.5858059623915457,,4,0.1603738955218437,0.1675178682998757
melgar,182,ak014cbigci8,6.785805962391546,6.2,,0.5858059623915457,,4,0.1603738955218437,0.1675178682998757
melgar,183,ak014cbigci8,6.785805962391546,6.2,,0.5858059623915457,,4,0.1603738955218437,0.1675178682998757
melgar,184,ak014cbigci8,6.785805962391546,6.2,,0.5858059623915457,,4,0.1603738955218437,0.1675178682998757
melgar,185,ak014cbigci8,6.785805962391546,6.2,,0.5858059623915457,,4,0.1603738955218437,0.1675178682998757
melgar,186,ak014cbigci8,6.785805962391546,6.2,,0.5858059623915457,,4,0.1603738955218437,0.1675178682998757
melgar,187,ak014cbigci8,6.785805962391546,6.2,,0.5858059623915457,,4,0.1603738955218437,0.1675178682998757
melgar,188,ak014cbigci8,6.785805962391546,6.2,,0.5858059623915457,,4,0.1603738955218437,0.1675178682998757
melgar,189,ak014cbigci8,6.785805962391546,6.2,,0.5858059623915457,,4,0.1603738955218437,0.1675178682998757
melgar,190,ak014cbigci8,6.785805962391546,6.2,,0.5858059623915457,,4,0.1603738955218437,0.1675178682998757
melgar,191,ak014cbigci8,6.785805962391546,6.2,,0.5858059623915457,,4,0.1603738955218437,0.1675178682998757
melgar,192,ak014cbigci8,6.785805962391546,6.2,,0.5858059623915457,,4,0.1603738955218437,0.1675178682998757
melgar,193,ak014cbigci8,6.785805962391546,6.2,,0.5858059623915457,,4,0.1603738955218437,0.1675178682998757
melgar,194,ak014cbigci8,6.785805962391546,6.2,,0.5858059623915457,,4,0.1603738955218437,0.1675178682998757
melgar,195,ak014cbigci8,6.785805962391546,6.2,,0.5858059623915457,,4,0.1603738955218437,0.1675178682998757
melgar,196,ak014cbigci8,6.785805962391546,6.2,,0.5858059623915457,,4,0.1603738955218437,0.1675178682998757
melgar,197,ak014cbigci8,6.785805962391546,6.2,,0.5858059623915457,,4,0.1603738955218437,0.1675178682998757
melgar,198,ak014cbigci8,6.785805962391546,6.2,,0.5858059623915457,,4,0.1603738955218437,0.1675178682998757
melgar,199,ak014cbigci8,6.785805962391546,6.2,,0.5858059623915457,,4,0.1603738955218437,0.1675178682998757
melgar,200,ak014cbigci8,6.785805962391546,6.2,,0.5858059623915457,,4,0.1603738955218437,0.1675178682998757
ruhl,1,ak014cbigci8,5.038219691270486,6.2,,-1.1617803087295142,,4,0.371562839176568,0.2717007838658585
ruhl,2,ak014cbigci8,5.123553296087312,6.2,,-1.076446703912688,,4,0.4169146484594327,0.4047718243573506
ruhl,3,ak014cbigci8,5.362964412121629,6.2,,-0.8370355878783711,,4,0.3613389454472759,0.3859397598277718
ruhl,4,ak014cbigci8,5.691278346928765,6.2,,-0.5087216530712348,,4,0.2837350533048058,0.4211324262178646
ruhl,5,ak014cbigci8,5.836603073796015,6.2,,-0.3633969262039853,,4,0.1972923352141636,0.3671127272098609
ruhl,6,ak014cbigci8,5.899764422533144,6.2,,-0.3002355774668563,,4,0.182233356607034,0.2780706065500613
ruhl,7,ak014cbigci8,5.944681754132306,6.2,,-0.2553182458676941,,4,0.1864678864488577,0.2227667369704011
ruhl,8,ak014cbigci8,5.958837777423039,6.2,,-0.2411622225769614,,4,0.1915124416979642,0.2068346599232162
ruhl,9,ak014cbigci8,5.958837777423039,6.2,,-0.2411622225769614,,4,0.1915124416979642,0.2068346599232162
ruhl,10,ak014cbigci8,5.958837777423039,6.2,,-0.2411622225769614,,4,0.1721723689097315,0.1905493812471768
ruhl,11,ak014cbigci8,5.971338221441346,6.2,,-0.2286617785586537,,4,0.1718565814276205,0.1669091689968143
ruhl,12,ak014cbigci8,6.003013427943657,6.2,,-0.1969865720563435,,4,0.1859401562845598,0.131387828310844
ruhl,13,ak014cbigci8,6.029984747444855,6.2,,-0.170015252555145,,4,0.2135332233534405,0.1751805990216333
ruhl,14,ak014cbigci8,6.07094860959529,6.2,,-0.1290513904047099,,4,0.2241859748542291,0.1667272048387262
ruhl,15,ak014cbigci8,6.110923869587742,6.2,,-0.0890761304122582,,4,0.2213353385304965,0.1862311550463751
ruhl,16,ak014cbigci8,6.121310351812612,6.2,,-0.078689648187388,,4,0.2228955611505697,0.1911865642267214
ruhl,17,ak014cbigci8,6.121310351812612,6.2,,-0.078689648187388,,4,0.2228955611505697,0.1911865642267214
ruhl,18,ak014cbigci8,6.121310351812612,6.2,,-0.078689648187388,,4,0.2228955611505697,0.1911865642267214
ruhl,19,ak014cbigci8,6.121310351812612,6.2,,-0.078689648187388,,4,0.2228955611505697,0.1911865642267214
ruhl,20,ak014cbigci8,6.121310351812612,6.2,,-0.078689648187388,,4,0.2228955611505697,0.1911865642267214
ruhl,21,ak014cbigci8,6.121310351812612,6.2,,-0.078689648187388,,4,0.2228955611505697,0.1911865642267214
ruhl,22,ak014cbigci8,6.121310351812612,6.2,,-0.078689648187388,,4,0.2228955611505697,0.1911865642267214
ruhl,23,ak014cbigci8,6.121310351812612,6.2,,-0.078689648187388,,4,0.2228955611505697,0.1911865642267214
ruhl,24,ak014cbigci8,6.121310351812612,6.2,,-0.078689648187388,,4,0.2228955611505697,0.1911865642267214
ruhl,25,ak014cbigci8,6.121310351812612,6.2,,-0.078689648187388,,4,0.2228955611505697,0.1911865642267214
ruhl,26,ak014cbigci8,6.121310351812612,6.2,,-0.078689648187388,,4,0.2228955611505697,0.1911865642267214
ruhl,27,ak014cbigci8,6.121310351812612,6.2,,-0.078689648187388,,4,0.2228955611505697,0.1911865642267214
ruhl,28,ak014cbigci8,6.121310351812612,6.2,,-0.078689648187388,,4,0.2228955611505697,0.1911865642267214
ruhl,29,ak014cbigci8,6.121310351812612,6.2,,-0.078689648187388,,4,0.2228955611505697,0.1911865642267214
ruhl,30,ak014cbigci8,6.121310351812612,6.2,,-0.078689648187388,,4,0.2228955611505697,0.1911865642267214
ruhl,31,ak014cbigci8,6.121310351812612,6.2,,-0.078689648187388,,4,0.2228955611505697,0.1911865642267214
ruhl,32,ak014cbigci8,6.121310351812612,6.2,,-0.078689648187388,,4,0.2228955611505697,0.1911865642267214
ruhl,33,ak014cbigci8,6.121310351812612,6.2,,-0.078689648187388,,4,0.2228955611505697,0.1911865642267214
ruhl,34,ak014cbigci8,6.121310351812612,6.2,,-0.078689648187388,,4,0.2228955611505697,0.1911865642267214
ruhl,35,ak014cbigci8,6.121310351812612,6.2,,-0.078689648187388,,4,0.2228955611505697,0.1911865642267214
ruhl,36,ak014cbigci8,6.121310351812612,6.2,,-0.078689648187388,,4,0.2054803108326661,0.1742503659266585
ruhl,37,ak014cbigci8,6.162951336810628,6.2,,-0.0370486631893722,,4,0.1753727737296219,0.1217809451328246
ruhl,38,ak014cbigci8,6.18044641981686,6.2,,-0.0195535801831399,,4,0.1724990552006683,0.1480235696421745
ruhl,39,ak014cbigci8,6.18044641981686,6.2,,-0.0195535801831399,,4,0.1724990552006683,0.1480235696421745
ruhl,40,ak014cbigci8,6.18044641981686,6.2,,-0.0195535801831399,,4,0.1724990552006683,0.1480235696421745
ruhl,41,ak014cbigci8,6.18044641981686,6.2,,-0.0195535801831399,,4,0.1724990552006683,0.1480235696421745
ruhl,42,ak014cbigci8,6.18044641981686,6.2,,-0.0195535801831399,,4,0.1724990552006683,0.1480235696421745
ruhl,43,ak014cbigci8,6.18044641981686,6.2,,-0.0195535801831399,,4,0.1724990552006683,0.1480235696421745
ruhl,44,ak014cbigci8,6.18044641981686,6.2,,-0.0195535801831399,,4,0.1724990552006683,0.1480235696421745
ruhl,45,ak014cbigci8,6.18044641981686,6.2,,-0.0195535801831399,,4,0.1724990552006683,0.1480235696421745
ruhl,46,ak014cbigci8,6.18044641981686,6.2,,-0.0195535801831399,,4,0.1724990552006683,0.1480235696421745
ruhl,47,ak014cbigci8,6.18044641981686,6.2,,-0.0195535801831399,,4,0.1724990552006683,0.1480235696421745
ruhl,48,ak014cbigci8,6.18044641981686,6.2,,-0.0195535801831399,,4,0.1724990552006683,0.1480235696421745
ruhl,49,ak014cbigci8,6.18044641981686,6.2,,-0.0195535801831399,,4,0.1724990552006683,0.1480235696421745
ruhl,50,ak014cbigci8,6.18044641981686,6.2,,-0.0195535801831399,,4,0.1724990552006683,0.1480235696421745
ruhl,51,ak014cbigci8,6.18044641981686,6.2,,-0.0195535801831399,,4,0.1724990552006683,0.1480235696421745
ruhl,52,ak014cbigci8,6.18044641981686,6.2,,-0.0195535801831399,,4,0.1724990552006683,0.1480235696421745
ruhl,53,ak014cbigci8,6.18044641981686,6.2,,-0.0195535801831399,,4,0.1724990552006683,0.1480235696421745
ruhl,54,ak014cbigci8,6.18044641981686,6.2,,-0.0195535801831399,,4,0.1724990552006683,0.1480235696421745
ruhl,55,ak014cbigci8,6.18044641981686,6.2,,-0.0195535801831399,,4,0.1724990552006683,0.1480235696421745
ruhl,56,ak014cbigci8,6.18044641981686,6.2,,-0.0195535801831399,,4,0.1724990552006683,0.1480235696421745
ruhl,57,ak014cbigci8,6.18044641981686,6.2,,-0.0195535801831399,,4,0.1724990552006683,0.1480235696421745
ruhl,58,ak014cbigci8,6.18044641981686,6.2,,-0.0195535801831399,,4,0.1724990552006683,0.1480235696421745
ruhl,59,ak014cbigci8,6.18044641981686,6.2,,-0.0195535801831399,,4,0.1724990552006683,0.1480235696421745
ruhl,60,ak014cbigci8,6.18044641981686,6.2,,-0.0195535801831399,,4,0.1724990552006683,0.1480235696421745
ruhl,61,ak014cbigci8,6.18044641981686,6.2,,-0.0195535801831399,,4,0.1724990552006683,0.1480235696421745
ruhl,62,ak014cbigci8,6.18044641981686,6.2,,-0.0195535801831399,,4,0.1724990552006683,0.1480235696421745
ruhl,63,ak014cbigci8,6.193953743764231,6.2,,-0.006046256235769,,4,0.1692222394105263,0.1277625837211191
ruhl,64,ak014cbigci8,6.193953743764231,6.2,,-0.006046256235769,,4,0.1692222394105263,0.1277625837211191
ruhl,65,ak014cbigci8,6.193953743764231,6.2,,-0.006046256235769,,4,0.1692222394105263,0.1277625837211191
ruhl,66,ak014cbigci8,6.193953743764231,6.2,,-0.006046256235769,,4,0.1692222394105263,0.1277625837211191
ruhl,67,ak014cbigci8,6.193953743764231,6.2,,-0.006046256235769,,4,0.1692222394105263,0.1277625837211191
ruhl,68,ak014cbigci8,6.193953743764231,6.2,,-0.006046256235769,,4,0.1692222394105263,0.1277625837211191
ruhl,69,ak014cbigci8,6.193953743764231,6.2,,-0.006046256235769,,4,0.1692222394105263,0.1277625837211191
ruhl,70,ak014cbigci8,6.193953743764231,6.2,,-0.006046256235769,,4,0.1692222394105263,0.1277625837211191
ruhl,71,ak014cbigci8,6.193953743764231,6.2,,-0.006046256235769,,4,0.1692222394105263,0.1277625837211191
ruhl,72,ak014cbigci8,6.206886319351867,6.2,,0.0068863193518664,,4,0.1676453857578055,0.1471614471025715
ruhl,73,ak014cbigci8,6.2214879478769,6.2,,0.0214879478769001,,4,0.1667536000218687,0.169063889890122
ruhl,74,ak014cbigci8,6.231556241458105,6.2,,0.0315562414581052,,4,0.1666956033529573,0.18416633026193
ruhl,75,ak014cbigci8,6.2513228392405065,6.2,,0.0513228392405062,,4,0.1679040132967878,0.213816226935533
ruhl,76,ak014cbigci8,6.254182141272912,6.2,,0.0541821412729115,,4,0.1682223722807561,0.2181051799841391
ruhl,77,ak014cbigci8,6.254182141272912,6.2,,0.0541821412729115,,4,0.1682223722807561,0.2181051799841391
ruhl,78,ak014cbigci8,6.254182141272912,6.2,,0.0541821412729115,,4,0.1682223722807561,0.2181051799841391
ruhl,79,ak014cbigci8,6.254182141272912,6.2,,0.0541821412729115,,4,0.1682223722807561,0.2181051799841391
ruhl,80,ak014cbigci8,6.254182141272912,6.2,,0.0541821412729115,,4,0.1682223722807561,0.2181051799841391
ruhl,81,ak014cbigci8,6.254182141272912,6.2,,0.0541821412729115,,4,0.1682223722807561,0.2181051799841391
ruhl,82,ak014cbigci8,6.254182141272912,6.2,,0.0541821412729115,,4,0.1682223722807561,0.2181051799841391
ruhl,83,ak014cbigci8,6.254182141272912,6.2,,0.0541821412729115,,4,0.1682223722807561,0.2181051799841391
ruhl,84,ak014cbigci8,6.254182141272912,6.2,,0.0541821412729115,,4,0.1682223722807561,0.2181051799841391
ruhl,85,ak014cbigci8,6.254182141272912,6.2,,0.0541821412729115,,4,0.1682223722807561,0.2181051799841391
ruhl,86,ak014cbigci8,6.254182141272912,6.2,,0.0541821412729115,,4,0.1682223722807561,0.2181051799841391
ruhl,87,ak014cbigci8,6.254182141272912,6.2,,0.0541821412729115,,4,0.1682223722807561,0.2181051799841391
ruhl,88,ak014cbigci8,6.254182141272912,6.2,,0.0541821412729115,,4,0.1682223722807561,0.2181051799841391
ruhl,89,ak014cbigci8,6.254182141272912,6.2,,0.0541821412729115,,4,0.1682223722807561,0.2181051799841391
ruhl,90,ak014cbigci8,6.254182141272912,6.2,,0.0541821412729115,,4,0.1682223722807561,0.2181051799841391
ruhl,91,ak014cbigci8,6.254182141272912,6.2,,0.0541821412729115,,4,0.1682223722807561,0.2181051799841391
ruhl,92,ak014cbigci8,6.254182141272912,6.2,,0.0541821412729115,,4,0.1682223722807561,0.2181051799841391
ruhl,93,ak014cbigci8,6.254182141272912,6.2,,0.0541821412729115,,4,0.1682223722807561,0.2181051799841391
ruhl,94,ak014cbigci8,6.254182141272912,6.2,,0.0541821412729115,,4,0.1682223722807561,0.2181051799841391
ruhl,95,ak014cbigci8,6.254182141272912,6.2,,0.0541821412729115,,4,0.1682223722807561,0.2181051799841391
ruhl,96,ak014cbigci8,6.254182141272912,6.2,,0.0541821412729115,,4,0.1682223722807561,0.2181051799841391
ruhl,97,ak014cbigci8,6.254182141272912,6.2,,0.0541821412729115,,4,0.1682223722807561,0.2181051799841391
ruhl,98,ak014cbigci8,6.275986794685787,6.2,,0.0759867946857868,,4,0.1625177043821297,0.1853981998648262
ruhl,99,ak014cbigci8,6.296618718390454,6.2,,0.0966187183904541,,4,0.1590074831900711,0.1544503143078248
ruhl,100,ak014cbigci8,6.296618718390454,6.2,,0.0966187183904541,,4,0.1590074831900711,0.1544503143078248
ruhl,101,ak014cbigci8,6.296618718390454,6.2,,0.0966187183904541,,4,0.1590074831900711,0.1544503143078248
ruhl,102,ak014cbigci8,6.296618718390454,6.2,,0.0966187183904541,,4,0.1590074831900711,0.1544503143078248
ruhl,103,ak014cbigci8,6.296618718390454,6.2,,0.0966187183904541,,4,0.1590074831900711,0.1544503143078248
ruhl,104,ak014cbigci8,6.296618718390454,6.2,,0.0966187183904541,,4,0.1590074831900711,0.1544503143078248
ruhl,105,ak014cbigci8,6.296618718390454,6.2,,0.0966187183904541,,4,0.1590074831900711,0.1544503143078248
ruhl,106,ak014cbigci8,6.296618718390454,6.2,,0.0966187183904541,,4,0.1590074831900711,0.1544503143078248
ruhl,107,ak014cbigci8,6.296618718390454,6.2,,0.0966187183904541,,4,0.1590074831900711,0.1544503143078248
ruhl,108,ak014cbigci8,6.296618718390454,6.2,,0.0966187183904541,,4,0.1590074831900711,0.1544503143078248
ruhl,109,ak014cbigci8,6.296618718390454,6.2,,0.0966187183904541,,4,0.1590074831900711,0.1544503143078248
ruhl,110,ak014cbigci8,6.296618718390454,6.2,,0.0966187183904541,,4,0.1590074831900711,0.1544503143078248
ruhl,111,ak014cbigci8,6.296618718390454,6.2,,0.0966187183904541,,4,0.1590074831900711,0.1544503143078248
ruhl,112,ak014cbigci8,6.296618718390454,6.2,,0.0966187183904541,,4,0.1590074831900711,0.1544503143078248
ruhl,113,ak014cbigci8,6.296618718390454,6.2,,0.0966187183904541,,4,0.1590074831900711,0.1544503143078248
ruhl,114,ak014cbigci8,6.296618718390454,6.2,,0.0966187183904541,,4,0.1590074831900711,0.1544503143078248
ruhl,115,ak014cbigci8,6.296618718390454,6.2,,0.0966187183904541,,4,0.1590074831900711,0.1544503143078248
ruhl,116,ak014cbigci8,6.296618718390454,6.2,,0.0966187183904541,,4,0.1590074831900711,0.1544503143078248
ruhl,117,ak014cbigci8,6.296618718390454,6.2,,0.0966187183904541,,4,0.1590074831900711,0.1544503143078248
ruhl,118,ak014cbigci8,6.296618718390454,6.2,,0.0966187183904541,,4,0.1590074831900711,0.1544503143078248
ruhl,119,ak014cbigci8,6.296618718390454,6.2,,0.0966187183904541,,4,0.1590074831900711,0.1544503143078248
ruhl,120,ak014cbigci8,6.296618718390454,6.2,,0.0966187183904541,,4,0.1590074831900711,0.1544503143078248
ruhl,121,ak014cbigci8,6.296618718390454,6.2,,0.0966187183904541,,4,0.1590074831900711,0.1544503143078248
ruhl,122,ak014cbigci8,6.296618718390454,6.2,,0.0966187183904541,,4,0.1590074831900711,0.1544503143078248
ruhl,123,ak014cbigci8,6.296618718390454,6.2,,0.0966187183904541,,4,0.1590074831900711,0.1544503143078248
ruhl,124,ak014cbigci8,6.296618718390454,6.2,,0.0966187183904541,,4,0.1590074831900711,0.1544503143078248
ruhl,125,ak014cbigci8,6.296618718390454,6.2,,0.0966187183904541,,4,0.1590074831900711,0.1544503143078248
ruhl,126,ak014cbigci8,6.329471187157919,6.2,,0.129471187157919,,4,0.1576760635726697,0.1378664981008333
ruhl,127,ak014cbigci8,6.354178304563916,6.2,,0.1541783045639162,,4,0.1496828331145083,0.114812011570959
ruhl,128,ak014cbigci8,6.363533867671714,6.2,,0.1635338676717141,,4,0.1387201009979041,0.1109558072317487
ruhl,129,ak014cbigci8,6.380836699635167,6.2,,0.1808366996351669,,4,0.1317346305288161,0.1212874170365703
ruhl,130,ak014cbigci8,6.412540858203722,6.2,,0.212540858203722,,4,0.1224637659731655,0.1398417422676345
ruhl,131,ak014cbigci8,6.428936496581542,6.2,,0.2289364965815421,,4,0.1172542037945753,0.1579732449714717
ruhl,132,ak014cbigci8,6.428936496581542,6.2,,0.2289364965815421,,4,0.1172542037945753,0.1579732449714717
ruhl,133,ak014cbigci8,6.428936496581542,6.2,,0.2289364965815421,,4,0.1172542037945753,0.1579732449714717
ruhl,134,ak014cbigci8,6.428936496581542,6.2,,0.2289364965815421,,4,0.1172542037945753,0.1579732449714717
ruhl,135,ak014cbigci8,6.428936496581542,6.2,,0.2289364965815421,,4,0.1172542037945753,0.1579732449714717
ruhl,136,ak014cbigci8,6.428936496581542,6.2,,0.2289364965815421,,4,0.1172542037945753,0.1579732449714717
ruhl,137,ak014cbigci8,6.428936496581542,6.2,,0.2289364965815421,,4,0.1172542037945753,0.1579732449714717
ruhl,138,ak014cbigci8,6.428936496581542,6.2,,0.2289364965815421,,4,0.1172542037945753,0.1579732449714717
ruhl,139,ak014cbigci8,6.428936496581542,6.2,,0.2289364965815421,,4,0.1172542037945753,0.1579732449714717
ruhl,140,ak014cbigci8,6.428936496581542,6.2,,0.2289364965815421,,4,0.1172542037945753,0.1579732449714717
ruhl,141,ak014cbigci8,6.428936496581542,6.2,,0.2289364965815421,,4,0.1172542037945753,0.1579732449714717
ruhl,142,ak014cbigci8,6.428936496581542,6.2,,0.2289364965815421,,4,0.1172542037945753,0.1579732449714717
ruhl,143,ak014cbigci8,6.428936496581542,6.2,,0.2289364965815421,,4,0.1172542037945753,0.1579732449714717
ruhl,144,ak014cbigci8,6.428936496581542,6.2,,0.2289364965815421,,4,0.1172542037945753,0.1579732449714717
ruhl,145,ak014cbigci8,6.428936496581542,6.2,,0.2289364965815421,,4,0.1172542037945753,0.1579732449714717
ruhl,146,ak014cbigci8,6.428936496581542,6.2,,0.2289364965815421,,4,0.1172542037945753,0.1579732449714717
ruhl,147,ak014cbigci8,6.428936496581542,6.2,,0.2289364965815421,,4,0.1172542037945753,0.1579732449714717
ruhl,148,ak014cbigci8,6.428936496581542,6.2,,0.2289364965815421,,4,0.1172542037945753,0.1579732449714717
ruhl,149,ak014cbigci8,6.428936496581542,6.2,,0.2289364965815421,,4,0.1172542037945753,0.1579732449714717
ruhl,150,ak014cbigci8,6.428936496581542,6.2,,0.2289364965815421,,4,0.1172542037945753,0.1579732449714717
ruhl,151,ak014cbigci8,6.428936496581542,6.2,,0.2289364965815421,,4,0.1172542037945753,0.1579732449714717
ruhl,152,ak014cbigci8,6.428936496581542,6.2,,0.2289364965815421,,4,0.1172542037945753,0.1579732449714717
ruhl,153,ak014cbigci8,6.428936496581542,6.2,,0.2289364965815421,,4,0.1172542037945753,0.1579732449714717
ruhl,154,ak014cbigci8,6.428936496581542,6.2,,0.2289364965815421,,4,0.1396395880848797,0.1760202928954406
ruhl,155,ak014cbigci8,6.428936496581542,6.2,,0.2289364965815421,,4,0.1480887955818953,0.1797915462372197
ruhl,156,ak014cbigci8,6.428936496581542,6.2,,0.2289364965815421,,4,0.1646549638104537,0.1860852305573024
ruhl,157,ak014cbigci8,6.4440411455986535,6.2,,0.2440411455986533,,4,0.1721430218065076,0.1662942802960163
ruhl,158,ak014cbigci8,6.475894570469475,6.2,,0.2758945704694744,,4,0.1692011342529438,0.1155179454741626
ruhl,159,ak014cbigci8,6.517422356112833,6.2,,0.3174223561128331,,4,0.1716654281096243,0.1463527246350793
ruhl,160,ak014cbigci8,6.563618684433083,6.2,,0.3636186844330824,,4,0.1749407527609542,0.1841394697921226
ruhl,161,ak014cbigci8,6.563618684433083,6.2,,0.3636186844330824,,4,0.1749407527609542,0.1841394697921226
ruhl,162,ak014cbigci8,6.563618684433083,6.2,,0.3636186844330824,,4,0.1749407527609542,0.1841394697921226
ruhl,163,ak014cbigci8,6.563618684433083,6.2,,0.3636186844330824,,4,0.1749407527609542,0.1841394697921226
ruhl,164,ak014cbigci8,6.563618684433083,6.2,,0.3636186844330824,,4,0.1749407527609542,0.1841394697921226
ruhl,165,ak014cbigci8,6.563618684433083,6.2,,0.3636186844330824,,4,0.1749407527609542,0.1841394697921226
ruhl,166,ak014cbigci8,6.563618684433083,6.2,,0.3636186844330824,,4,0.1749407527609542,0.1841394697921226
ruhl,167,ak014cbigci8,6.563618684433083,6.2,,0.3636186844330824,,4,0.1749407527609542,0.1841394697921226
ruhl,168,ak014cbigci8,6.563618684433083,6.2,,0.3636186844330824,,4,0.1749407527609542,0.1841394697921226
ruhl,169,ak014cbigci8,6.563618684433083,6.2,,0.3636186844330824,,4,0.1749407527609542,0.1841394697921226
ruhl,170,ak014cbigci8,6.563618684433083,6.2,,0.3636186844330824,,4,0.1749407527609542,0.1841394697921226
ruhl,171,ak014cbigci8,6.563618684433083,6.2,,0.3636186844330824,,4,0.1749407527609542,0.1841394697921226
ruhl,172,ak014cbigci8,6.563618684433083,6.2,,0.3636186844330824,,4,0.1749407527609542,0.1841394697921226
ruhl,173,ak014cbigci8,6.563618684433083,6.2,,0.3636186844330824,,4,0.1749407527609542,0.1841394697921226
ruhl,174,ak014cbigci8,6.563618684433083,6.2,,0.3636186844330824,,4,0.1749407527609542,0.1841394697921226
ruhl,175,ak014cbigci8,6.563618684433083,6.2,,0.3636186844330824,,4,0.1749407527609542,0.1841394697921226
ruhl,176,ak014cbigci8,6.563618684433083,6.2,,0.3636186844330824,,4,0.1749407527609542,0.1841394697921226
ruhl,177,ak014cbigci8,6.563618684433083,6.2,,0.3636186844330824,,4,0.1749407527609542,0.1841394697921226
ruhl,178,ak014cbigci8,6.563618684433083,6.2,,0.3636186844330824,,4,0.1749407527609542,0.1841394697921226
ruhl,179,ak014cbigci8,6.563618684433083,6.2,,0.3636186844330824,,4,0.1749407527609542,0.1841394697921226
ruhl,180,ak014cbigci8,6.563618684433083,6.2,,0.3636186844330824,,4,0.1749407527609542,0.1841394697921226
ruhl,181,ak014cbigci8,6.563618684433083,6.2,,0.3636186844330824,,4,0.1749407527609542,0.1841394697921226
ruhl,182,ak014cbigci8,6.563618684433083,6.2,,0.3636186844330824,,4,0.1749407527609542,0.1841394697921226
ruhl,183,ak014cbigci8,6.563618684433083,6.2,,0.3636186844330824,,4,0.1749407527609542,0.1841394697921226
ruhl,184,ak014cbigci8,6.563618684433083,6.2,,0.3636186844330824,,4,0.1749407527609542,0.1841394697921226
ruhl,185,ak014cbigci8,6.563618684433083,6.2,,0.3636186844330824,,4,0.1749407527609542,0.1841394697921226
ruhl,186,ak014cbigci8,6.563618684433083,6.2,,0.3636186844330824,,4,0.1749407527609542,0.1841394697921226
ruhl,187,ak014cbigci8,6.563618684433083,6.2,,0.3636186844330824,,4,0.1749407527609542,0.1841394697921226
ruhl,188,ak014cbigci8,6.563618684433083,6.2,,0.3636186844330824,,4,0.1749407527609542,0.1841394697921226
ruhl,189,ak014cbigci8,6.563618684433083,6.2,,0.3636186844330824,,4,0.1749407527609542,0.1841394697921226
ruhl,190,ak014cbigci8,6.563618684433083,6.2,,0.3636186844330824,,4,0.1749407527609542,0.1841394697921226
ruhl,191,ak014cbigci8,6.563618684433083,6.2,,0.3636186844330824,,4,0.1749407527609542,0.1841394697921226
ruhl,192,ak014cbigci8,6.563618684433083,6.2,,0.3636186844330824,,4,0.1749407527609542,0.1841394697921226
ruhl,193,ak014cbigci8,6.563618684433083,6.2,,0.3636186844330824,,4,0.1749407527609542,0.1841394697921226
ruhl,194,ak014cbigci8,6.563618684433083,6.2,,0.3636186844330824,,4,0.1749407527609542,0.1841394697921226
ruhl,195,ak014cbigci8,6.563618684433083,6.2,,0.3636186844330824,,4,0.1749407527609542,0.1841394697921226
ruhl,196,ak014cbigci8,6.563618684433083,6.2,,0.3636186844330824,,4,0.1749407527609542,0.1841394697921226
ruhl,197,ak014cbigci8,6.563618684433083,6.2,,0.3636186844330824,,4,0.1749407527609542,0.1841394697921226
ruhl,198,ak014cbigci8,6.563618684433083,6.2,,0.3636186844330824,,4,0.1749407527609542,0.1841394697921226
ruhl,199,ak014cbigci8,6.563618684433083,6.2,,0.3636186844330824,,4,0.1749407527609542,0.1841394697921226
ruhl,200,ak014cbigci8,6.563618684433083,6.2,,0.3636186844330824,,4,0.1749407527609542,0.1841394697921226
crowell,1,us7000i9bw,6.311808067319797,7.6,,-1.2881919326802027,,11,0.3829421343106781,0.1016233507417974
crowell,2,us7000i9bw,6.396407835283506,7.6,,-1.203592164716493,,11,0.3852742866195203,0.1649852020952256
crowell,3,us7000i9bw,6.455024186839016,7.6,,-1.1449758131609835,,11,0.4127695754841573,0.2792473942844022
crowell,4,us7000i9bw,6.494108579222261,7.6,,-1.1058914207777386,,11,0.4228022126561277,0.3752926582602551
crowell,5,us7000i9bw,6.567293904401066,7.6,,-1.0327060955989331,,11,0.376562761712048,0.3828494058720562
crowell,6,us7000i9bw,6.678994994151079,7.6,,-0.9210050058489204,,11,0.378475544351932,0.3911828766714613
crowell,7,us7000i9bw,6.678994994151079,7.6,,-0.9210050058489204,,11,0.3732890157214154,0.3521211555796792
crowell,8,us7000i9bw,6.678994994151079,7.6,,-0.9210050058489204,,11,0.366831693649828,0.2938432846677035
crowell,9,us7000i9bw,6.678994994151079,7.6,,-0.9210050058489204,,11,0.3664267795511154,0.2799154232142768
crowell,10,us7000i9bw,6.678994994151079,7.6,,-0.9210050058489204,,11,0.3699370884204522,0.2946342369868322
crowell,11,us7000i9bw,6.716938007198105,7.6,,-0.8830619928018946,,11,0.3725780862188869,0.3340651100169882
crowell,12,us7000i9bw,6.829526698369081,7.6,,-0.7704733016309184,,11,0.3812915985289835,0.3564070665291936
crowell,13,us7000i9bw,6.853777041711253,7.6,,-0.7462229582887465,,11,0.3513816640752791,0.3564070665291936
crowell,14,us7000i9bw,6.853777041711253,7.6,,-0.7462229582887465,,11,0.2896079313496515,0.3126975799223732
crowell,15,us7000i9bw,6.898547121740098,7.6,,-0.7014528782599019,,11,0.2346563272961211,0.2769708924887126
crowell,16,us7000i9bw,6.900883064412063,7.6,,-0.699116935587937,,11,0.1996234191829896,0.2769708924887126
crowell,17,us7000i9bw,6.900883064412063,7.6,,-0.699116935587937,,11,0.1700533855317169,0.2734594191501047
crowell,18,us7000i9bw,6.900883064412063,7.6,,-0.699116935587937,,11,0.1472585678535368,0.2444793594929688
crowell,19,us7000i9bw,6.900883064412063,7.6,,-0.699116935587937,,11,0.139960428119139,0.2049371467937435
crowell,20,us7000i9bw,6.900883064412063,7.6,,-0.699116935587937,,11,0.1367888174233919,0.1862585186687813
crowell,21,us7000i9bw,6.910054322489086,7.6,,-0.6899456775109138,,11,0.1382219005835272,0.1914659298194294
crowell,22,us7000i9bw,6.910054322489086,7.6,,-0.6899456775109138,,11,0.1476517385404258,0.2233542878849341
crowell,23,us7000i9bw,6.910054322489086,7.6,,-0.6899456775109138,,11,0.1470363271575496,0.232786803623159
crowell,24,us7000i9bw,6.910054322489086,7.6,,-0.6899456775109138,,11,0.149272194109072,0.2332370225751372
crowell,25,us7000i9bw,6.910054322489086,7.6,,-0.6899456775109138,,11,0.1538874224296247,0.234238085251917
crowell,26,us7000i9bw,6.910054322489086,7.6,,-0.6899456775109138,,11,0.1600324011290837,0.2541674894972745
crowell,27,us7000i9bw,6.910054322489086,7.6,,-0.6899456775109138,,11,0.1539253012735316,0.195770812966102
crowell,28,us7000i9bw,6.922768431866099,7.6,,-0.6772315681339007,,11,0.1539412365586096,0.1613479023537811
crowell,29,us7000i9bw,6.922768431866099,7.6,,-0.6772315681339007,,11,0.1575601772371156,0.2073081977793123
crowell,30,us7000i9bw,6.922768431866099,7.6,,-0.6772315681339007,,11,0.163614493983263,0.2489400035491105
crowell,31,us7000i9bw,6.922768431866099,7.6,,-0.6772315681339007,,11,0.1762669186172487,0.2666311320955197
crowell,32,us7000i9bw,6.922768431866099,7.6,,-0.6772315681339007,,11,0.1961199868673634,0.2666311320955197
crowell,33,us7000i9bw,6.922768431866099,7.6,,-0.6772315681339007,,11,0.2150807418418181,0.2666311320955197
crowell,34,us7000i9bw,6.922768431866099,7.6,,-0.6772315681339007,,11,0.2288541878050154,0.2666311320955197
crowell,35,us7000i9bw,6.922768431866099,7.6,,-0.6772315681339007,,11,0.2376030324324427,0.2666311320955197
crowell,36,us7000i9bw,6.939733258235705,7.6,,-0.6602667417642945,,11,0.2370720491420242,0.2620455030570072
crowell,37,us7000i9bw,6.939733258235705,7.6,,-0.6602667417642945,,11,0.2330119304331427,0.2666939598049147
crowell,38,us7000i9bw,6.939733258235705,7.6,,-0.6602667417642945,,11,0.2354768096831513,0.2931968930452484
crowell,39,us7000i9bw,6.939733258235705,7.6,,-0.6602667417642945,,11,0.2401980551588692,0.3109850348357597
crowell,40,us7000i9bw,6.939733258235705,7.6,,-0.6602667417642945,,11,0.24039867564537,0.3026115131874682
crowell,41,us7000i9bw,6.939733258235705,7.6,,-0.6602667417642945,,11,0.2401452041796507,0.2907381965954823
crowell,42,us7000i9bw,6.939733258235705,7.6,,-0.6602667417642945,,11,0.2447989826203016,0.283494190915964
crowell,43,us7000i9bw,6.939733258235705,7.6,,-0.6602667417642945,,11,0.2519437826629264,0.283494190915964
crowell,44,us7000i9bw,6.939733258235705,7.6,,-0.6602667417642945,,11,0.2557632381902909,0.283494190915964
crowell,45,us7000i9bw,6.939733258235705,7.6,,-0.6602667417642945,,11,0.2558754048997048,0.2836279838548075
crowell,46,us7000i9bw,6.939733258235705,7.6,,-0.6602667417642945,,11,0.2513351521653887,0.2939925828563279
crowell,47,us7000i9bw,6.952922967562138,7.6,,-0.6470770324378616,,11,0.2562558343270836,0.3260981763436845
crowell,48,us7000i9bw,6.952922967562138,7.6,,-0.6470770324378616,,11,0.2587105094469351,0.3511409591576635
crowell,49,us7000i9bw,6.952922967562138,7.6,,-0.6470770324378616,,11,0.2625209478373735,0.3746114721928357
crowell,50,us7000i9bw,7.012330035132702,7.6,,-0.5876699648672981,,11,0.2622943479277409,0.3995254165952069
crowell,51,us7000i9bw,7.097668733408557,7.6,,-0.502331266591443,,11,0.2559860857111664,0.4043357240321938
crowell,52,us7000i9bw,7.127563067584769,7.6,,-0.4724369324152304,,11,0.2501910721488154,0.3842943708067015
crowell,53,us7000i9bw,7.127563067584769,7.6,,-0.4724369324152304,,11,0.2597589909253159,0.4001721105480085
crowell,54,us7000i9bw,7.162609814963697,7.6,,-0.4373901850363024,,11,0.2630889428609425,0.4001721105480085
crowell,55,us7000i9bw,7.162609814963697,7.6,,-0.4373901850363024,,11,0.2630889428609425,0.4001721105480085
crowell,56,us7000i9bw,7.162609814963697,7.6,,-0.4373901850363024,,11,0.2583003866503112,0.3934673014462992
crowell,57,us7000i9bw,7.1770541292944445,7.6,,-0.4229458707055551,,11,0.2543929881213193,0.3934673014462992
crowell,58,us7000i9bw,7.201033187036489,7.6,,-0.3989668129635104,,11,0.2570963039488704,0.4467940815228086
crowell,59,us7000i9bw,7.207557167455011,7.6,,-0.3924428325449884,,11,0.2616052557289819,0.4711704621178558
crowell,60,us7000i9bw,7.236515551657678,7.6,,-0.3634844483423221,,11,0.2639851326952908,0.5000868124314195
crowell,61,us7000i9bw,7.249342221643698,7.6,,-0.3506577783563021,,11,0.2785046155240934,0.5220445593847565
crowell,62,us7000i9bw,7.353454290993612,7.6,,-0.246545709006388,,11,0.2875384575992873,0.5446589606105654
crowell,63,us7000i9bw,7.353454290993612,7.6,,-0.246545709006388,,11,0.3035495090518155,0.6338357766125018
crowell,64,us7000i9bw,7.353454290993612,7.6,,-0.246545709006388,,11,0.3231451938450116,0.6676216226316427
crowell,65,us7000i9bw,7.353454290993612,7.6,,-0.246545709006388,,11,0.3369606207742238,0.6852441162419396
crowell,66,us7000i9bw,7.353454290993612,7.6,,-0.246545709006388,,11,0.3260946348054026,0.6164848260419991
crowell,67,us7000i9bw,7.353454290993612,7.6,,-0.246545709006388,,11,0.3213186568348644,0.5770201678921119
crowell,68,us7000i9bw,7.353454290993612,7.6,,-0.246545709006388,,11,0.3170733296431962,0.5646092187857938
crowell,69,us7000i9bw,7.353454290993612,7.6,,-0.246545709006388,,11,0.3111585739703932,0.5371710910146703
crowell,70,us7000i9bw,7.353454290993612,7.6,,-0.246545709006388,,11,0.2804457960723946,0.5133594587546488
crowell,71,us7000i9bw,7.353454290993612,7.6,,-0.246545709006388,,11,0.2711407886660294,0.4642063422475395
crowell,72,us7000i9bw,7.39130376712037,7.6,,-0.20869623287963,,11,0.2607977678709481,0.4324338504300264
crowell,73,us7000i9bw,7.526797924492953,7.6,,-0.073202075507047,,11,0.2521699683657877,0.401526721025446
crowell,74,us7000i9bw,7.585440543078592,7.6,,-0.0145594569214075,,11,0.2532572155431338,0.4207032881661545
crowell,75,us7000i9bw,7.585440543078592,7.6,,-0.0145594569214075,,11,0.2575089511224642,0.458330482718587
crowell,76,us7000i9bw,7.585440543078592,7.6,,-0.0145594569214075,,11,0.2536433013660879,0.4541760040359524
crowell,77,us7000i9bw,7.585440543078592,7.6,,-0.0145594569214075,,11,0.2502754292123121,0.4355974442338377
crowell,78,us7000i9bw,7.585440543078592,7.6,,-0.0145594569214075,,11,0.2502073673326174,0.4351970470257722
crowell,79,us7000i9bw,7.585440543078592,7.6,,-0.0145594569214075,,11,0.2500184759164074,0.4340798109254793
crowell,80,us7000i9bw,7.585440543078592,7.6,,-0.0145594569214075,,11,0.2455412502532863,0.408552900739469
crowell,81,us7000i9bw,7.585440543078592,7.6,,-0.0145594569214075,,11,0.2390055759661143,0.35299184697549
crowell,82,us7000i9bw,7.598777445905451,7.6,,-0.0012225540945483,,11,0.2421037691601562,0.2882215062150681
crowell,83,us7000i9bw,7.655109222963273,7.6,,0.0551092229632734,,11,0.2481074721861958,0.3036906045295708
crowell,84,us7000i9bw,7.655109222963273,7.6,,0.0551092229632734,,11,0.2508597647385317,0.3174030801604672
crowell,85,us7000i9bw,7.676365111841972,7.6,,0.0763651118419721,,11,0.2517292768873614,0.3174030801604672
crowell,86,us7000i9bw,7.69991286243493,7.6,,0.0999128624349303,,11,0.2563426751973947,0.3283059838121609
crowell,87,us7000i9bw,7.69991286243493,7.6,,0.0999128624349303,,11,0.2563426751973947,0.3283059838121609
crowell,88,us7000i9bw,7.69991286243493,7.6,,0.0999128624349303,,11,0.2563426751973947,0.3283059838121609
crowell,89,us7000i9bw,7.69991286243493,7.6,,0.0999128624349303,,11,0.2572832141225977,0.3340353296092271
crowell,90,us7000i9bw,7.69991286243493,7.6,,0.0999128624349303,,11,0.2572832141225977,0.3340353296092271
crowell,91,us7000i9bw,7.69991286243493,7.6,,0.0999128624349303,,11,0.2478835312817,0.3340353296092271
crowell,92,us7000i9bw,7.69991286243493,7.6,,0.0999128624349303,,11,0.2337601871974709,0.3340353296092271
crowell,93,us7000i9bw,7.69991286243493,7.6,,0.0999128624349303,,11,0.2345660374693766,0.3340353296092271
crowell,94,us7000i9bw,7.69991286243493,7.6,,0.0999128624349303,,11,0.2345660374693766,0.3340353296092271
crowell,95,us7000i9bw,7.69991286243493,7.6,,0.0999128624349303,,11,0.2345660374693766,0.3340353296092271
crowell,96,us7000i9bw,7.69991286243493,7.6,,0.0999128624349303,,11,0.2345660374693766,0.3340353296092271
crowell,97,us7000i9bw,7.69991286243493,7.6,,0.0999128624349303,,11,0.2384400470855182,0.3340353296092271
crowell,98,us7000i9bw,7.69991286243493,7.6,,0.0999128624349303,,11,0.2503878240628972,0.3340353296092271
crowell,99,us7000i9bw,7.69991286243493,7.6,,0.0999128624349303,,11,0.2503878240628972,0.3340353296092271
crowell,100,us7000i9bw,7.69991286243493,7.6,,0.0999128624349303,,11,0.2503878240628972,0.3340353296092271
crowell,101,us7000i9bw,7.69991286243493,7.6,,0.0999128624349303,,11,0.2503878240628972,0.3340353296092271
crowell,102,us7000i9bw,7.69991286243493,7.6,,0.0999128624349303,,11,0.2503878240628972,0.3340353296092271
crowell,103,us7000i9bw,7.69991286243493,7.6,,0.0999128624349303,,11,0.2503878240628972,0.3340353296092271
crowell,104,us7000i9bw,7.69991286243493,7.6,,0.0999128624349303,,11,0.2503878240628972,0.3340353296092271
crowell,105,us7000i9bw,7.69991286243493,7.6,,0.0999128624349303,,11,0.2503878240628972,0.3340353296092271
crowell,106,us7000i9bw,7.69991286243493,7.6,,0.0999128624349303,,11,0.2503878240628972,0.3340353296092271
crowell,107,us7000i9bw,7.69991286243493,7.6,,0.0999128624349303,,11,0.2503878240628972,0.3340353296092271
crowell,108,us7000i9bw,7.69991286243493,7.6,,0.0999128624349303,,11,0.2503878240628972,0.3340353296092271
crowell,109,us7000i9bw,7.69991286243493,7.6,,0.0999128624349303,,11,0.2503878240628972,0.3340353296092271
crowell,110,us7000i9bw,7.69991286243493,7.6,,0.0999128624349303,,11,0.2503878240628972,0.3340353296092271
crowell,111,us7000i9bw,7.69991286243493,7.6,,0.0999128624349303,,11,0.2503878240628972,0.3340353296092271
crowell,112,us7000i9bw,7.69991286243493,7.6,,0.0999128624349303,,11,0.2503878240628972,0.3340353296092271
crowell,113,us7000i9bw,7.69991286243493,7.6,,0.0999128624349303,,11,0.2503878240628972,0.3340353296092271
crowell,114,us7000i9bw,7.69991286243493,7.6,,0.0999128624349303,,11,0.2503878240628972,0.3340353296092271
crowell,115,us7000i9bw,7.69991286243493,7.6,,0.0999128624349303,,11,0.2503878240628972,0.3340353296092271
crowell,116,us7000i9bw,7.69991286243493,7.6,,0.0999128624349303,,11,0.2503878240628972,0.3340353296092271
crowell,117,us7000i9bw,7.69991286243493,7.6,,0.0999128624349303,,11,0.2503878240628972,0.3340353296092271
crowell,118,us7000i9bw,7.69991286243493,7.6,,0.0999128624349303,,11,0.2503878240628972,0.3340353296092271
crowell,119,us7000i9bw,7.69991286243493,7.6,,0.0999128624349303,,11,0.2503878240628972,0.3340353296092271
crowell,120,us7000i9bw,7.69991286243493,7.6,,0.0999128624349303,,11,0.2503878240628972,0.3340353296092271
crowell,121,us7000i9bw,7.69991286243493,7.6,,0.0999128624349303,,11,0.2503878240628972,0.3340353296092271
crowell,122,us7000i9bw,7.69991286243493,7.6,,0.0999128624349303,,11,0.2503878240628972,0.3340353296092271
crowell,123,us7000i9bw,7.69991286243493,7.6,,0.0999128624349303,,11,0.2503878240628972,0.3340353296092271
crowell,124,us7000i9bw,7.69991286243493,7.6,,0.0999128624349303,,11,0.2503878240628972,0.3340353296092271
crowell,125,us7000i9bw,7.69991286243493,7.6,,0.0999128624349303,,11,0.2503878240628972,0.3340353296092271
crowell,126,us7000i9bw,7.69991286243493,7.6,,0.0999128624349303,,11,0.2503878240628972,0.3340353296092271
crowell,127,us7000i9bw,7.69991286243493,7.6,,0.0999128624349303,,11,0.2503878240628972,0.3340353296092271
crowell,128,us7000i9bw,7.69991286243493,7.6,,0.0999128624349303,,11,0.2503878240628972,0.3340353296092271
crowell,129,us7000i9bw,7.69991286243493,7.6,,0.0999128624349303,,11,0.2503878240628972,0.3340353296092271
crowell,130,us7000i9bw,7.69991286243493,7.6,,0.0999128624349303,,11,0.2503878240628972,0.3340353296092271
crowell,131,us7000i9bw,7.69991286243493,7.6,,0.0999128624349303,,11,0.2503878240628972,0.3340353296092271
crowell,132,us7000i9bw,7.69991286243493,7.6,,0.0999128624349303,,11,0.2503878240628972,0.3340353296092271
crowell,133,us7000i9bw,7.69991286243493,7.6,,0.0999128624349303,,11,0.2503878240628972,0.3340353296092271
crowell,134,us7000i9bw,7.69991286243493,7.6,,0.0999128624349303,,11,0.2503878240628972,0.3340353296092271
crowell,135,us7000i9bw,7.69991286243493,7.6,,0.0999128624349303,,11,0.2503878240628972,0.3340353296092271
crowell,136,us7000i9bw,7.69991286243493,7.6,,0.0999128624349303,,11,0.2503878240628972,0.3340353296092271
crowell,137,us7000i9bw,7.69991286243493,7.6,,0.0999128624349303,,11,0.2503878240628972,0.3340353296092271
crowell,138,us7000i9bw,7.69991286243493,7.6,,0.0999128624349303,,11,0.2503878240628972,0.3340353296092271
crowell,139,us7000i9bw,7.69991286243493,7.6,,0.0999128624349303,,11,0.2503878240628972,0.3340353296092271
crowell,140,us7000i9bw,7.69991286243493,7.6,,0.0999128624349303,,11,0.2503878240628972,0.3340353296092271
crowell,141,us7000i9bw,7.69991286243493,7.6,,0.0999128624349303,,11,0.2503878240628972,0.3340353296092271
crowell,142,us7000i9bw,7.69991286243493,7.6,,0.0999128624349303,,11,0.2503878240628972,0.3340353296092271
crowell,143,us7000i9bw,7.69991286243493,7.6,,0.0999128624349303,,11,0.2503878240628972,0.3340353296092271
crowell,144,us7000i9bw,7.69991286243493,7.6,,0.0999128624349303,,11,0.2503878240628972,0.3340353296092271
crowell,145,us7000i9bw,7.69991286243493,7.6,,0.0999128624349303,,11,0.2503878240628972,0.3340353296092271
crowell,146,us7000i9bw,7.69991286243493,7.6,,0.0999128624349303,,11,0.2503878240628972,0.3340353296092271
crowell,147,us7000i9bw,7.69991286243493,7.6,,0.0999128624349303,,11,0.2503878240628972,0.3340353296092271
crowell,148,us7000i9bw,7.69991286243493,7.6,,0.0999128624349303,,11,0.2503878240628972,0.3340353296092271
crowell,149,us7000i9bw,7.69991286243493,7.6,,0.0999128624349303,,11,0.2503878240628972,0.3340353296092271
crowell,150,us7000i9bw,7.69991286243493,7.6,,0.0999128624349303,,11,0.2503878240628972,0.3340353296092271
crowell,151,us7000i9bw,7.69991286243493,7.6,,0.0999128624349303,,11,0.2503878240628972,0.3340353296092271
crowell,152,us7000i9bw,7.69991286243493,7.6,,0.0999128624349303,,11,0.2503878240628972,0.3340353296092271
crowell,153,us7000i9bw,7.69991286243493,7.6,,0.0999128624349303,,11,0.2503878240628972,0.3340353296092271
crowell,154,us7000i9bw,7.69991286243493,7.6,,0.0999128624349303,,11,0.2503878240628972,0.3340353296092271
crowell,155,us7000i9bw,7.69991286243493,7.6,,0.0999128624349303,,11,0.2503878240628972,0.3340353296092271
crowell,156,us7000i9bw,7.69991286243493,7.6,,0.0999128624349303,,11,0.2503878240628972,0.3340353296092271
crowell,157,us7000i9bw,7.69991286243493,7.6,,0.0999128624349303,,11,0.2503878240628972,0.3340353296092271
crowell,158,us7000i9bw,7.69991286243493,7.6,,0.0999128624349303,,11,0.2503878240628972,0.3340353296092271
crowell,159,us7000i9bw,7.69991286243493,7.6,,0.0999128624349303,,11,0.2503878240628972,0.3340353296092271
crowell,160,us7000i9bw,7.69991286243493,7.6,,0.0999128624349303,,11,0.2503878240628972,0.3340353296092271
crowell,161,us7000i9bw,7.69991286243493,7.6,,0.0999128624349303,,11,0.2503878240628972,0.3340353296092271
crowell,162,us7000i9bw,7.69991286243493,7.6,,0.0999128624349303,,11,0.2503878240628972,0.3340353296092271
crowell,163,us7000i9bw,7.69991286243493,7.6,,0.0999128624349303,,11,0.2503878240628972,0.3340353296092271
crowell,164,us7000i9bw,7.69991286243493,7.6,,0.0999128624349303,,11,0.2503878240628972,0.3340353296092271
crowell,165,us7000i9bw,7.69991286243493,7.6,,0.0999128624349303,,11,0.2503878240628972,0.3340353296092271
crowell,166,us7000i9bw,7.69991286243493,7.6,,0.0999128624349303,,11,0.2503878240628972,0.3340353296092271
crowell,167,us7000i9bw,7.69991286243493,7.6,,0.0999128624349303,,11,0.2503878240628972,0.3340353296092271
crowell,168,us7000i9bw,7.69991286243493,7.6,,0.0999128624349303,,11,0.2503878240628972,0.3340353296092271
crowell,169,us7000i9bw,7.69991286243493,7.6,,0.0999128624349303,,11,0.2503878240628972,0.3340353296092271
crowell,170,us7000i9bw,7.69991286243493,7.6,,0.0999128624349303,,11,0.2503878240628972,0.3340353296092271
crowell,171,us7000i9bw,7.69991286243493,7.6,,0.0999128624349303,,11,0.2503878240628972,0.3340353296092271
crowell,172,us7000i9bw,7.69991286243493,7.6,,0.0999128624349303,,11,0.2503878240628972,0.3340353296092271
crowell,173,us7000i9bw,7.69991286243493,7.6,,0.0999128624349303,,11,0.2503878240628972,0.3340353296092271
crowell,174,us7000i9bw,7.69991286243493,7.6,,0.0999128624349303,,11,0.2503878240628972,0.3340353296092271
crowell,175,us7000i9bw,7.69991286243493,7.6,,0.0999128624349303,,11,0.2503878240628972,0.3340353296092271
crowell,176,us7000i9bw,7.69991286243493,7.6,,0.0999128624349303,,11,0.2503878240628972,0.3340353296092271
crowell,177,us7000i9bw,7.69991286243493,7.6,,0.0999128624349303,,11,0.2503878240628972,0.3340353296092271
crowell,178,us7000i9bw,7.69991286243493,7.6,,0.0999128624349303,,11,0.2503878240628972,0.3340353296092271
crowell,179,us7000i9bw,7.69991286243493,7.6,,0.0999128624349303,,11,0.2503878240628972,0.3340353296092271
crowell,180,us7000i9bw,7.69991286243493,7.6,,0.0999128624349303,,11,0.2503878240628972,0.3340353296092271
crowell,181,us7000i9bw,7.69991286243493,7.6,,0.0999128624349303,,11,0.2503878240628972,0.3340353296092271
crowell,182,us7000i9bw,7.69991286243493,7.6,,0.0999128624349303,,11,0.2503878240628972,0.3340353296092271
crowell,183,us7000i9bw,7.69991286243493,7.6,,0.0999128624349303,,11,0.2503878240628972,0.3340353296092271
crowell,184,us7000i9bw,7.69991286243493,7.6,,0.0999128624349303,,11,0.2503878240628972,0.3340353296092271
crowell,185,us7000i9bw,7.69991286243493,7.6,,0.0999128624349303,,11,0.2503878240628972,0.3340353296092271
crowell,186,us7000i9bw,7.69991286243493,7.6,,0.0999128624349303,,11,0.2503878240628972,0.3340353296092271
crowell,187,us7000i9bw,7.69991286243493,7.6,,0.0999128624349303,,11,0.2503878240628972,0.3340353296092271
crowell,188,us7000i9bw,7.69991286243493,7.6,,0.0999128624349303,,11,0.2503878240628972,0.3340353296092271
crowell,189,us7000i9bw,7.69991286243493,7.6,,0.0999128624349303,,11,0.2503878240628972,0.3340353296092271
crowell,190,us7000i9bw,7.69991286243493,7.6,,0.0999128624349303,,11,0.2503878240628972,0.3340353296092271
crowell,191,us7000i9bw,7.69991286243493,7.6,,0.0999128624349303,,11,0.2503878240628972,0.3340353296092271
crowell,192,us7000i9bw,7.69991286243493,7.6,,0.0999128624349303,,11,0.2503878240628972,0.3340353296092271
crowell,193,us7000i9bw,7.69991286243493,7.6,,0.0999128624349303,,11,0.2503878240628972,0.3340353296092271
crowell,194,us7000i9bw,7.69991286243493,7.6,,0.0999128624349303,,11,0.2503878240628972,0.3340353296092271
crowell,195,us7000i9bw,7.69991286243493,7.6,,0.0999128624349303,,11,0.2503878240628972,0.3340353296092271
crowell,196,us7000i9bw,7.69991286243493,7.6,,0.0999128624349303,,11,0.2503878240628972,0.3340353296092271
crowell,197,us7000i9bw,7.69991286243493,7.6,,0.0999128624349303,,11,0.2503878240628972,0.3340353296092271
crowell,198,us7000i9bw,7.69991286243493,7.6,,0.0999128624349303,,11,0.2503878240628972,0.3340353296092271
crowell,199,us7000i9bw,7.69991286243493,7.6,,0.0999128624349303,,11,0.2503878240628972,0.3340353296092271
crowell,200,us7000i9bw,7.69991286243493,7.6,,0.0999128624349303,,11,0.2503878240628972,0.3340353296092271
direct,1,us7000i9bw,7.524333953857422,7.599999904632568,7.641707420349121,-0.0756659507751464,-0.1173734664916992,11,0.1868330810085333,0.1297988891601562
direct,2,us7000i9bw,7.923632621765137,7.599999904632568,7.641707420349121,0.3236327171325683,0.2819252014160156,11,0.1812796001605285,0.1082489490509033
direct,3,us7000i9bw,7.776044368743896,7.599999904632568,7.641707420349121,0.1760444641113281,0.1343369483947754,11,0.1553533067902386,0.1107380390167236
direct,4,us7000i9bw,7.780175685882568,7.599999904632568,7.641707420349121,0.18017578125,0.1384682655334472,11,0.159499791158107,0.1253230571746826
direct,5,us7000i9bw,7.744895935058594,7.599999904632568,7.641707420349121,0.1448960304260254,0.1031885147094726,11,0.1517025117594441,0.1103057861328125
direct,6,us7000i9bw,7.7068190574646,7.599999904632568,7.641707420349121,0.1068191528320312,0.0651116371154785,11,0.1705645914380093,0.1358184814453125
direct,7,us7000i9bw,7.758689880371094,7.599999904632568,7.641707420349121,0.1586899757385254,0.1169824600219726,11,0.1804902191784914,0.1628315448760986
direct,8,us7000i9bw,7.674105644226074,7.599999904632568,7.641707420349121,0.0741057395935058,0.0323982238769531,11,0.1973966235701774,0.1535487174987793
direct,9,us7000i9bw,7.596302032470703,7.599999904632568,7.641707420349121,-0.0036978721618652,-0.0454053878784179,11,0.2098355533086338,0.1178054809570312
direct,10,us7000i9bw,7.592704772949219,7.599999904632568,7.641707420349121,-0.0072951316833496,-0.0490026473999023,11,0.226032959738177,0.1136767864227294
direct,11,us7000i9bw,7.677918910980225,7.599999904632568,7.641707420349121,0.0779190063476562,0.0362114906311035,11,0.2266271603095384,0.1448078155517578
direct,12,us7000i9bw,7.6469573974609375,7.599999904632568,7.641707420349121,0.0469574928283691,0.0052499771118164,11,0.228840918814191,0.1619160175323486
direct,13,us7000i9bw,7.610797882080078,7.599999904632568,7.641707420349121,0.0107979774475097,-0.0309095382690429,11,0.223581945404785,0.1792583465576172
direct,14,us7000i9bw,7.582601070404053,7.599999904632568,7.641707420349121,-0.0173988342285156,-0.0591063499450683,11,0.2180773524333355,0.1836414337158203
direct,15,us7000i9bw,7.567723751068115,7.599999904632568,7.641707420349121,-0.0322761535644531,-0.0739836692810058,11,0.2045842647730437,0.1914341449737548
direct,16,us7000i9bw,7.506591796875,7.599999904632568,7.641707420349121,-0.0934081077575683,-0.1351156234741211,11,0.1869395827866384,0.2033767700195312
direct,17,us7000i9bw,7.640724182128906,7.599999904632568,7.641707420349121,0.0407242774963378,-0.0009832382202148,11,0.1808426566049127,0.190436840057373
direct,18,us7000i9bw,7.640143394470215,7.599999904632568,7.641707420349121,0.0401434898376464,-0.0015640258789062,11,0.1774135968169982,0.1967906951904297
direct,19,us7000i9bw,7.653529167175293,7.599999904632568,7.641707420349121,0.0535292625427246,0.0118217468261718,11,0.1761863103612458,0.2177746295928955
direct,20,us7000i9bw,7.659534454345703,7.599999904632568,7.641707420349121,0.0595345497131347,0.017827033996582,11,0.1732502914959367,0.2256228923797607
direct,21,us7000i9bw,7.66321325302124,7.599999904632568,7.641707420349121,0.0632133483886718,0.0215058326721191,11,0.1709620455246969,0.2351393699645996
direct,22,us7000i9bw,7.65558385848999,7.599999904632568,7.641707420349121,0.0555839538574218,0.0138764381408691,11,0.166929429559466,0.2258918285369873
direct,23,us7000i9bw,7.644680023193359,7.599999904632568,7.641707420349121,0.044680118560791,0.0029726028442382,11,0.1614860763984217,0.2204437255859375
direct,24,us7000i9bw,7.620439052581787,7.599999904632568,7.641707420349121,0.0204391479492187,-0.0212683677673339,11,0.1582519348005344,0.2040648460388183
direct,25,us7000i9bw,7.594743251800537,7.599999904632568,7.641707420349121,-0.0052566528320312,-0.0469641685485839,11,0.1524173994377347,0.2208099365234375
direct,26,us7000i9bw,7.575620174407959,7.599999904632568,7.641707420349121,-0.0243797302246093,-0.0660872459411621,11,0.1478712287581626,0.2264702320098877
direct,27,us7000i9bw,7.564005851745605,7.599999904632568,7.641707420349121,-0.0359940528869628,-0.0777015686035156,11,0.140475910097594,0.2092549800872802
direct,28,us7000i9bw,7.561968803405762,7.599999904632568,7.641707420349121,-0.0380311012268066,-0.0797386169433593,11,0.1308933332796573,0.1595878601074218
direct,29,us7000i9bw,7.54968786239624,7.599999904632568,7.641707420349121,-0.0503120422363281,-0.0920195579528808,11,0.1197292758743205,0.1087830066680908
direct,30,us7000i9bw,7.542632102966309,7.599999904632568,7.641707420349121,-0.0573678016662597,-0.0990753173828125,11,0.1051581771990314,0.1172595024108886
direct,31,us7000i9bw,7.542975425720215,7.599999904632568,7.641707420349121,-0.0570244789123535,-0.0987319946289062,11,0.1040519962985235,0.1380741596221923
direct,32,us7000i9bw,7.5925092697143555,7.599999904632568,7.641707420349121,-0.0074906349182128,-0.0491981506347656,11,0.1124348702767842,0.1620564460754394
direct,33,us7000i9bw,7.660333156585693,7.599999904632568,7.641707420349121,0.060333251953125,0.0186257362365722,11,0.1268493096090949,0.1675834655761718
direct,34,us7000i9bw,7.717578887939453,7.599999904632568,7.641707420349121,0.1175789833068847,0.075871467590332,11,0.1439717348783779,0.178016185760498
direct,35,us7000i9bw,7.746703147888184,7.599999904632568,7.641707420349121,0.1467032432556152,0.1049957275390625,11,0.1567211417694601,0.1836752891540527
direct,36,us7000i9bw,7.771770477294922,7.599999904632568,7.641707420349121,0.1717705726623535,0.1300630569458007,11,0.1689555108991531,0.2003853321075439
direct,37,us7000i9bw,7.766685485839844,7.599999904632568,7.641707420349121,0.1666855812072754,0.1249780654907226,11,0.1735461905715999,0.1931710243225097
direct,38,us7000i9bw,7.762284755706787,7.599999904632568,7.641707420349121,0.1622848510742187,0.120577335357666,11,0.1772719438956866,0.2095065116882324
direct,39,us7000i9bw,7.756285667419434,7.599999904632568,7.641707420349121,0.1562857627868652,0.1145782470703125,11,0.1814845805249461,0.219329833984375
direct,40,us7000i9bw,7.747897148132324,7.599999904632568,7.641707420349121,0.1478972434997558,0.1061897277832031,11,0.187601762284459,0.2265090942382812
direct,41,us7000i9bw,7.741509914398193,7.599999904632568,7.641707420349121,0.141510009765625,0.0998024940490722,11,0.1890936552908436,0.2166218757629394
direct,42,us7000i9bw,7.714715480804443,7.599999904632568,7.641707420349121,0.114715576171875,0.0730080604553222,11,0.1903095973651608,0.2304809093475341
direct,43,us7000i9bw,7.70111608505249,7.599999904632568,7.641707420349121,0.1011161804199218,0.0594086647033691,11,0.1891058907638854,0.2070038318634033
direct,44,us7000i9bw,7.699569702148437,7.599999904632568,7.641707420349121,0.0995697975158691,0.0578622817993164,11,0.1855752366940681,0.1829032897949218
direct,45,us7000i9bw,7.718195915222168,7.599999904632568,7.641707420349121,0.1181960105895996,0.0764884948730468,11,0.1818259193246267,0.1639690399169922
direct,46,us7000i9bw,7.737975120544434,7.599999904632568,7.641707420349121,0.1379752159118652,0.0962677001953125,11,0.1779782310597294,0.1467716693878173
direct,47,us7000i9bw,7.751300811767578,7.599999904632568,7.641707420349121,0.1513009071350097,0.109593391418457,11,0.1704487876744221,0.1221504211425781
direct,48,us7000i9bw,7.76852560043335,7.599999904632568,7.641707420349121,0.1685256958007812,0.1268181800842285,11,0.1624558173541847,0.1174037456512451
direct,49,us7000i9bw,7.779434204101562,7.599999904632568,7.641707420349121,0.1794342994689941,0.1377267837524414,11,0.1610118383893199,0.1530990600585937
direct,50,us7000i9bw,7.791747093200684,7.599999904632568,7.641707420349121,0.1917471885681152,0.1500396728515625,11,0.1623853011168228,0.1690993309020996
direct,51,us7000i9bw,7.791888236999512,7.599999904632568,7.641707420349121,0.1918883323669433,0.1501808166503906,11,0.1575878566099769,0.1688363552093505
direct,52,us7000i9bw,7.771102905273437,7.599999904632568,7.641707420349121,0.1711030006408691,0.1293954849243164,11,0.1470505667447601,0.1607363224029541
direct,53,us7000i9bw,7.746072292327881,7.599999904632568,7.641707420349121,0.1460723876953125,0.1043648719787597,11,0.1365438425669462,0.1420738697052002
direct,54,us7000i9bw,7.702792167663574,7.599999904632568,7.641707420349121,0.1027922630310058,0.0610847473144531,11,0.1270707881375935,0.1251194477081298
direct,55,us7000i9bw,7.669515132904053,7.599999904632568,7.641707420349121,0.0695152282714843,0.0278077125549316,11,0.1211331848348214,0.1135571002960205
direct,56,us7000i9bw,7.658597469329834,7.599999904632568,7.641707420349121,0.0585975646972656,0.0168900489807128,11,0.1155170271319285,0.0921399593353271
direct,57,us7000i9bw,7.64215612411499,7.599999904632568,7.641707420349121,0.0421562194824218,0.0004487037658691,11,0.1105861002104097,0.0801126956939697
direct,58,us7000i9bw,7.615294456481934,7.599999904632568,7.641707420349121,0.0152945518493652,-0.0264129638671875,11,0.1102911541250646,0.0869033336639404
direct,59,us7000i9bw,7.600167751312256,7.599999904632568,7.641707420349121,0.0001678466796875,-0.0415396690368652,11,0.1146925094695945,0.0931770801544189
direct,60,us7000i9bw,7.588515281677246,7.599999904632568,7.641707420349121,-0.0114846229553222,-0.053192138671875,11,0.121091555104795,0.0897951126098632
direct,61,us7000i9bw,7.569356441497803,7.599999904632568,7.641707420349121,-0.0306434631347656,-0.0723509788513183,11,0.1256869921742318,0.0807290077209472
direct,62,us7000i9bw,7.56182861328125,7.599999904632568,7.641707420349121,-0.0381712913513183,-0.0798788070678711,11,0.1300620069085149,0.0916409492492675
direct,63,us7000i9bw,7.569064140319824,7.599999904632568,7.641707420349121,-0.0309357643127441,-0.0726432800292968,11,0.1356439956810499,0.1080245971679687
direct,64,us7000i9bw,7.582201957702637,7.599999904632568,7.641707420349121,-0.0177979469299316,-0.0595054626464843,11,0.1425746870860584,0.1369080543518066
direct,65,us7000i9bw,7.589176177978516,7.599999904632568,7.641707420349121,-0.0108237266540527,-0.0525312423706054,11,0.1551461595118133,0.1662120819091797
direct,66,us7000i9bw,7.599202632904053,7.599999904632568,7.641707420349121,-0.0007972717285156,-0.0425047874450683,11,0.1720632729931726,0.2174725532531738
direct,67,us7000i9bw,7.616607666015625,7.599999904632568,7.641707420349121,0.0166077613830566,-0.025099754333496,11,0.1833665780037027,0.2629208564758301
direct,68,us7000i9bw,7.633022308349609,7.599999904632568,7.641707420349121,0.033022403717041,-0.0086851119995117,11,0.1885667210628485,0.2812130451202392
direct,69,us7000i9bw,7.633906364440918,7.599999904632568,7.641707420349121,0.0339064598083496,-0.0078010559082031,11,0.1871363672495352,0.2471034526824951
direct,70,us7000i9bw,7.627912044525146,7.599999904632568,7.641707420349121,0.0279121398925781,-0.0137953758239746,11,0.1826315141330131,0.2227005958557129
direct,71,us7000i9bw,7.609619140625,7.599999904632568,7.641707420349121,0.0096192359924316,-0.032088279724121,11,0.1750500609170217,0.1941280364990234
direct,72,us7000i9bw,7.577289581298828,7.599999904632568,7.641707420349121,-0.0227103233337402,-0.0644178390502929,11,0.1621852992046679,0.1769185066223144
direct,73,us7000i9bw,7.577281951904297,7.599999904632568,7.641707420349121,-0.0227179527282714,-0.0644254684448242,11,0.1516278872919911,0.1617026329040527
direct,74,us7000i9bw,7.5850067138671875,7.599999904632568,7.641707420349121,-0.0149931907653808,-0.0567007064819335,11,0.1475786931726841,0.1262779235839843
direct,75,us7000i9bw,7.577109336853027,7.599999904632568,7.641707420349121,-0.022890567779541,-0.0645980834960937,11,0.1582267855429021,0.1766071319580078
direct,76,us7000i9bw,7.574090480804443,7.599999904632568,7.641707420349121,-0.025909423828125,-0.0676169395446777,11,0.1659303761175134,0.2059662342071533
direct,77,us7000i9bw,7.573100090026855,7.599999904632568,7.641707420349121,-0.0268998146057128,-0.0686073303222656,11,0.1649558003074838,0.2010252475738525
direct,78,us7000i9bw,7.578974723815918,7.599999904632568,7.641707420349121,-0.0210251808166503,-0.0627326965332031,11,0.1597879703048821,0.1863727569580078
direct,79,us7000i9bw,7.5538153648376465,7.599999904632568,7.641707420349121,-0.0461845397949218,-0.0878920555114746,11,0.15426140676681,0.1797397136688232
direct,80,us7000i9bw,7.545468807220459,7.599999904632568,7.641707420349121,-0.0545310974121093,-0.0962386131286621,11,0.152576009185558,0.2113094329833984
direct,81,us7000i9bw,7.557319641113281,7.599999904632568,7.641707420349121,-0.0426802635192871,-0.0843877792358398,11,0.1531499743711387,0.2486484050750732
direct,82,us7000i9bw,7.555281639099121,7.599999904632568,7.641707420349121,-0.0447182655334472,-0.08642578125,11,0.1537050761200951,0.257392406463623
direct,83,us7000i9bw,7.549024105072021,7.599999904632568,7.641707420349121,-0.0509757995605468,-0.0926833152770996,11,0.1513356680626689,0.2424113750457763
direct,84,us7000i9bw,7.538476467132568,7.599999904632568,7.641707420349121,-0.0615234375,-0.1032309532165527,11,0.1560711951272447,0.2297089099884033
direct,85,us7000i9bw,7.53439474105835,7.599999904632568,7.641707420349121,-0.0656051635742187,-0.1073126792907714,11,0.1691336470744532,0.2171967029571533
direct,86,us7000i9bw,7.513381004333496,7.599999904632568,7.641707420349121,-0.0866189002990722,-0.128326416015625,11,0.1746095115446943,0.2025597095489502
direct,87,us7000i9bw,7.483193874359131,7.599999904632568,7.641707420349121,-0.1168060302734375,-0.1585135459899902,11,0.1743211153126264,0.1817266941070556
direct,88,us7000i9bw,7.48587703704834,7.599999904632568,7.641707420349121,-0.1141228675842285,-0.1558303833007812,11,0.1683759780379214,0.1929562091827392
direct,89,us7000i9bw,7.488964080810547,7.599999904632568,7.641707420349121,-0.1110358238220214,-0.1527433395385742,11,0.1589916458253044,0.2136762142181396
direct,90,us7000i9bw,7.484015464782715,7.599999904632568,7.641707420349121,-0.1159844398498535,-0.1576919555664062,11,0.1514872983494519,0.2227623462677002
direct,91,us7000i9bw,7.476863861083984,7.599999904632568,7.641707420349121,-0.1231360435485839,-0.1648435592651367,11,0.1432025840386332,0.2200825214385986
direct,92,us7000i9bw,7.499599456787109,7.599999904632568,7.641707420349121,-0.1004004478454589,-0.1421079635620117,11,0.1362319366981596,0.2074370384216308
direct,93,us7000i9bw,7.535943508148193,7.599999904632568,7.641707420349121,-0.064056396484375,-0.1057639122009277,11,0.133748313924368,0.2011590003967285
direct,94,us7000i9bw,7.524814605712891,7.599999904632568,7.641707420349121,-0.0751852989196777,-0.1168928146362304,11,0.145122720981912,0.2109448909759521
direct,95,us7000i9bw,7.509139060974121,7.599999904632568,7.641707420349121,-0.0908608436584472,-0.132568359375,11,0.1623061620311398,0.19775390625
direct,96,us7000i9bw,7.489765167236328,7.599999904632568,7.641707420349121,-0.1102347373962402,-0.1519422531127929,11,0.1729261909901816,0.1973500251770019
direct,97,us7000i9bw,7.512744903564453,7.599999904632568,7.641707420349121,-0.0872550010681152,-0.1289625167846679,11,0.1684113147600572,0.1813812255859375
direct,98,us7000i9bw,7.5128302574157715,7.599999904632568,7.641707420349121,-0.0871696472167968,-0.1288771629333496,11,0.1547506815370467,0.1653525829315185
direct,99,us7000i9bw,7.478579521179199,7.599999904632568,7.641707420349121,-0.1214203834533691,-0.1631278991699218,11,0.1369002534108172,0.1588265895843505
direct,100,us7000i9bw,7.446027278900146,7.599999904632568,7.641707420349121,-0.1539726257324218,-0.1956801414489746,11,0.1194405563895791,0.1363697052001953
direct,101,us7000i9bw,7.4343719482421875,7.599999904632568,7.641707420349121,-0.1656279563903808,-0.2073354721069336,11,0.1093753330052119,0.1151447296142578
direct,102,us7000i9bw,7.427014827728271,7.599999904632568,7.641707420349121,-0.1729850769042968,-0.2146925926208496,11,0.1062543443040432,0.0781173706054687
direct,103,us7000i9bw,7.442059993743896,7.599999904632568,7.641707420349121,-0.1579399108886718,-0.1996474266052246,11,0.1128104297718919,0.0980134010314941
direct,104,us7000i9bw,7.456803798675537,7.599999904632568,7.641707420349121,-0.1431961059570312,-0.1849036216735839,11,0.1257277555435395,0.1043586730957031
direct,105,us7000i9bw,7.467313289642334,7.599999904632568,7.641707420349121,-0.1326866149902343,-0.1743941307067871,11,0.1262098324536011,0.1094748973846435
direct,106,us7000i9bw,7.47241735458374,7.599999904632568,7.641707420349121,-0.1275825500488281,-0.1692900657653808,11,0.1202253836564598,0.1113085746765136
direct,107,us7000i9bw,7.471511840820312,7.599999904632568,7.641707420349121,-0.1284880638122558,-0.1701955795288086,11,0.1169476462847723,0.1124336719512939
direct,108,us7000i9bw,7.468688011169434,7.599999904632568,7.641707420349121,-0.1313118934631347,-0.1730194091796875,11,0.1176712709231501,0.1267299652099609
direct,109,us7000i9bw,7.466739654541016,7.599999904632568,7.641707420349121,-0.1332602500915527,-0.1749677658081054,11,0.1197217877840312,0.1393356323242187
direct,110,us7000i9bw,7.466880798339844,7.599999904632568,7.641707420349121,-0.1331191062927246,-0.1748266220092773,11,0.1204623310338484,0.1394245624542236
direct,111,us7000i9bw,7.468624114990234,7.599999904632568,7.641707420349121,-0.1313757896423339,-0.1730833053588867,11,0.1213086991491,0.138397216796875
direct,112,us7000i9bw,7.469752311706543,7.599999904632568,7.641707420349121,-0.1302475929260254,-0.1719551086425781,11,0.1222669452029661,0.1416373252868652
direct,113,us7000i9bw,7.469207763671875,7.599999904632568,7.641707420349121,-0.1307921409606933,-0.1724996566772461,11,0.1225834721142051,0.1367294788360595
direct,114,us7000i9bw,7.467288970947266,7.599999904632568,7.641707420349121,-0.1327109336853027,-0.1744184494018554,11,0.1215008506376303,0.1346819400787353
direct,115,us7000i9bw,7.449851989746094,7.599999904632568,7.641707420349121,-0.1501479148864746,-0.1918554306030273,11,0.1183955426972548,0.1310124397277832
direct,116,us7000i9bw,7.401054382324219,7.599999904632568,7.641707420349121,-0.1989455223083496,-0.2406530380249023,11,0.1166081634880968,0.1218800544738769
direct,117,us7000i9bw,7.370564937591553,7.599999904632568,7.641707420349121,-0.2294349670410156,-0.2711424827575683,11,0.1179946983599245,0.1181502342224121
direct,118,us7000i9bw,7.343868255615234,7.599999904632568,7.641707420349121,-0.256131649017334,-0.2978391647338867,11,0.1206095430247743,0.1326992511749267
direct,119,us7000i9bw,7.345741271972656,7.599999904632568,7.641707420349121,-0.2542586326599121,-0.2959661483764648,11,0.1235146677981025,0.1486198902130127
direct,120,us7000i9bw,7.341439723968506,7.599999904632568,7.641707420349121,-0.2585601806640625,-0.3002676963806152,11,0.1267302701989653,0.1634192466735839
direct,121,us7000i9bw,7.337697505950928,7.599999904632568,7.641707420349121,-0.2623023986816406,-0.3040099143981933,11,0.1304516746252137,0.1785254478454589
direct,122,us7000i9bw,7.332965850830078,7.599999904632568,7.641707420349121,-0.2670340538024902,-0.3087415695190429,11,0.1350232312709267,0.1875839233398437
direct,123,us7000i9bw,7.33026647567749,7.599999904632568,7.641707420349121,-0.2697334289550781,-0.3114409446716308,11,0.1398233454171593,0.1910552978515625
direct,124,us7000i9bw,7.326530456542969,7.599999904632568,7.641707420349121,-0.2734694480895996,-0.3151769638061523,11,0.1444473220481127,0.196197509765625
direct,125,us7000i9bw,7.330743312835693,7.599999904632568,7.641707420349121,-0.269256591796875,-0.3109641075134277,11,0.1469853153699077,0.1991450786590576
direct,126,us7000i9bw,7.337924003601074,7.599999904632568,7.641707420349121,-0.2620759010314941,-0.3037834167480469,11,0.1470075000379537,0.2016127109527588
direct,127,us7000i9bw,7.340348720550537,7.599999904632568,7.641707420349121,-0.2596511840820312,-0.301358699798584,11,0.1457301888062868,0.2014529705047607
direct,128,us7000i9bw,7.338729858398437,7.599999904632568,7.641707420349121,-0.2612700462341308,-0.3029775619506836,11,0.1455917365427731,0.2103607654571533
direct,129,us7000i9bw,7.33536434173584,7.599999904632568,7.641707420349121,-0.2646355628967285,-0.3063430786132812,11,0.147639778871787,0.2189104557037353
direct,130,us7000i9bw,7.331262111663818,7.599999904632568,7.641707420349121,-0.26873779296875,-0.3104453086853027,11,0.1510368903313288,0.2180995941162109
direct,131,us7000i9bw,7.329873561859131,7.599999904632568,7.641707420349121,-0.2701263427734375,-0.3118338584899902,11,0.1548400338722136,0.2202458381652832
direct,132,us7000i9bw,7.328701019287109,7.599999904632568,7.641707420349121,-0.271298885345459,-0.3130064010620117,11,0.1576915802892033,0.2209458351135254
direct,133,us7000i9bw,7.328182220458984,7.599999904632568,7.641707420349121,-0.271817684173584,-0.3135251998901367,11,0.1603067176514901,0.2242405414581298
direct,134,us7000i9bw,7.326968193054199,7.599999904632568,7.641707420349121,-0.2730317115783691,-0.3147392272949219,11,0.1616292505013975,0.2246241569519043
direct,135,us7000i9bw,7.325209617614746,7.599999904632568,7.641707420349121,-0.2747902870178222,-0.316497802734375,11,0.1622379707973361,0.2266204357147216
direct,136,us7000i9bw,7.322173118591309,7.599999904632568,7.641707420349121,-0.2778267860412597,-0.3195343017578125,11,0.1630325457758928,0.2306697368621826
direct,137,us7000i9bw,7.319352626800537,7.599999904632568,7.641707420349121,-0.2806472778320312,-0.322354793548584,11,0.1642453825660961,0.2345592975616455
direct,138,us7000i9bw,7.317787170410156,7.599999904632568,7.641707420349121,-0.2822127342224121,-0.3239202499389648,11,0.164722379662641,0.2352094650268554
direct,139,us7000i9bw,7.317214012145996,7.599999904632568,7.641707420349121,-0.2827858924865722,-0.324493408203125,11,0.1640793008398341,0.2313835620880127
direct,140,us7000i9bw,7.309243679046631,7.599999904632568,7.641707420349121,-0.2907562255859375,-0.3324637413024902,11,0.1635279265829531,0.2244689464569091
direct,141,us7000i9bw,7.30994701385498,7.599999904632568,7.641707420349121,-0.2900528907775879,-0.3317604064941406,11,0.163843472544372,0.2171902656555175
direct,142,us7000i9bw,7.310726165771484,7.599999904632568,7.641707420349121,-0.289273738861084,-0.3309812545776367,11,0.1642545202259965,0.2120461463928222
direct,143,us7000i9bw,7.310929775238037,7.599999904632568,7.641707420349121,-0.2890701293945312,-0.330777645111084,11,0.1637738528654871,0.209803819656372
direct,144,us7000i9bw,7.310723781585693,7.599999904632568,7.641707420349121,-0.289276123046875,-0.3309836387634277,11,0.1628718911915219,0.2094941139221191
direct,145,us7000i9bw,7.311473846435547,7.599999904632568,7.641707420349121,-0.2885260581970215,-0.3302335739135742,11,0.1621190070319853,0.2099590301513672
direct,146,us7000i9bw,7.312913417816162,7.599999904632568,7.641707420349121,-0.2870864868164062,-0.328794002532959,11,0.1612251572330645,0.2106094360351562
direct,147,us7000i9bw,7.315171718597412,7.599999904632568,7.641707420349121,-0.2848281860351562,-0.326535701751709,11,0.1604660056075458,0.2073554992675781
direct,148,us7000i9bw,7.317896842956543,7.599999904632568,7.641707420349121,-0.2821030616760254,-0.3238105773925781,11,0.1611549534618101,0.2090959548950195
direct,149,us7000i9bw,7.320387840270996,7.599999904632568,7.641707420349121,-0.2796120643615722,-0.321319580078125,11,0.1626069147194621,0.20870041847229
direct,150,us7000i9bw,7.322334289550781,7.599999904632568,7.641707420349121,-0.2776656150817871,-0.3193731307983398,11,0.1641811130841258,0.2074720859527588
direct,151,us7000i9bw,7.324091911315918,7.599999904632568,7.641707420349121,-0.2759079933166504,-0.3176155090332031,11,0.1655384503587996,0.2086691856384277
direct,152,us7000i9bw,7.325565338134766,7.599999904632568,7.641707420349121,-0.2744345664978027,-0.3161420822143554,11,0.1666026100860778,0.2095813751220703
direct,153,us7000i9bw,7.326023101806641,7.599999904632568,7.641707420349121,-0.2739768028259277,-0.3156843185424804,11,0.1672950009959143,0.2060120105743408
direct,154,us7000i9bw,7.32687520980835,7.599999904632568,7.641707420349121,-0.2731246948242187,-0.3148322105407715,11,0.1678174741547151,0.2013087272644043
direct,155,us7000i9bw,7.328338623046875,7.599999904632568,7.641707420349121,-0.2716612815856933,-0.3133687973022461,11,0.1681083960826653,0.1980500221252441
direct,156,us7000i9bw,7.329976558685303,7.599999904632568,7.641707420349121,-0.2700233459472656,-0.3117308616638183,11,0.1678816015931034,0.1961338520050048
direct,157,us7000i9bw,7.3313446044921875,7.599999904632568,7.641707420349121,-0.2686553001403808,-0.3103628158569336,11,0.1669329472154274,0.1942009925842285
direct,158,us7000i9bw,7.332288265228271,7.599999904632568,7.641707420349121,-0.2677116394042969,-0.3094191551208496,11,0.1647193311988013,0.1922450065612793
direct,159,us7000i9bw,7.3330817222595215,7.599999904632568,7.641707420349121,-0.2669181823730469,-0.3086256980895996,11,0.1622775598408739,0.1904525756835937
direct,160,us7000i9bw,7.333849906921387,7.599999904632568,7.641707420349121,-0.2661499977111816,-0.3078575134277344,11,0.1603932926335257,0.189540147781372
direct,161,us7000i9bw,7.3345046043396,7.599999904632568,7.641707420349121,-0.2654953002929687,-0.3072028160095215,11,0.1595597725175575,0.1899139881134033
direct,162,us7000i9bw,7.335052490234375,7.599999904632568,7.641707420349121,-0.2649474143981933,-0.3066549301147461,11,0.1598459694800218,0.1913344860076904
direct,163,us7000i9bw,7.3361663818359375,7.599999904632568,7.641707420349121,-0.2638335227966308,-0.3055410385131836,11,0.1606316576094597,0.1928467750549316
direct,164,us7000i9bw,7.338002681732178,7.599999904632568,7.641707420349121,-0.2619972229003906,-0.3037047386169433,11,0.1611758040359339,0.1946258544921875
direct,165,us7000i9bw,7.340118408203125,7.599999904632568,7.641707420349121,-0.2598814964294433,-0.3015890121459961,11,0.1614739906568001,0.1945610046386718
direct,166,us7000i9bw,7.344155788421631,7.599999904632568,7.641707420349121,-0.2558441162109375,-0.2975516319274902,11,0.1626115049183278,0.1954529285430908
direct,167,us7000i9bw,7.355734825134277,7.599999904632568,7.641707420349121,-0.244265079498291,-0.2859725952148437,11,0.1638837328167415,0.196218729019165
direct,168,us7000i9bw,7.359470367431641,7.599999904632568,7.641707420349121,-0.2405295372009277,-0.2822370529174804,11,0.1644458978247897,0.1997509002685547
direct,169,us7000i9bw,7.359821319580078,7.599999904632568,7.641707420349121,-0.2401785850524902,-0.2818861007690429,11,0.1638850377681792,0.2025394439697265
direct,170,us7000i9bw,7.360014915466309,7.599999904632568,7.641707420349121,-0.2399849891662597,-0.2816925048828125,11,0.1629121448892173,0.2031898498535156
direct,171,us7000i9bw,7.3625335693359375,7.599999904632568,7.641707420349121,-0.2374663352966308,-0.2791738510131836,11,0.1617970330640307,0.2034192085266113
direct,172,us7000i9bw,7.363761901855469,7.599999904632568,7.641707420349121,-0.2362380027770996,-0.2779455184936523,11,0.1608317165179264,0.2040643692016601
direct,173,us7000i9bw,7.363339900970459,7.599999904632568,7.641707420349121,-0.2366600036621093,-0.2783675193786621,11,0.1608006741090435,0.2046065330505371
direct,174,us7000i9bw,7.362962245941162,7.599999904632568,7.641707420349121,-0.2370376586914062,-0.278745174407959,11,0.1614026068728552,0.2042999267578125
direct,175,us7000i9bw,7.363628387451172,7.599999904632568,7.641707420349121,-0.2363715171813964,-0.2780790328979492,11,0.1617883571840256,0.2030861377716064
direct,176,us7000i9bw,7.365066528320312,7.599999904632568,7.641707420349121,-0.2349333763122558,-0.2766408920288086,11,0.1619097705560734,0.2018296718597412
direct,177,us7000i9bw,7.36722469329834,7.599999904632568,7.641707420349121,-0.2327752113342285,-0.2744827270507812,11,0.1618432835222746,0.2007670402526855
direct,178,us7000i9bw,7.369808197021484,7.599999904632568,7.641707420349121,-0.2301917076110839,-0.2718992233276367,11,0.1619461817195835,0.2009367942810058
direct,179,us7000i9bw,7.372023582458496,7.599999904632568,7.641707420349121,-0.2279763221740722,-0.269683837890625,11,0.1627463006487775,0.2056007385253906
direct,180,us7000i9bw,7.373332023620605,7.599999904632568,7.641707420349121,-0.2266678810119629,-0.2683753967285156,11,0.1635205281619278,0.2014784812927246
direct,181,us7000i9bw,7.373867034912109,7.599999904632568,7.641707420349121,-0.2261328697204589,-0.2678403854370117,11,0.1647669675441639,0.1983001232147216
direct,182,us7000i9bw,7.374384880065918,7.599999904632568,7.641707420349121,-0.2256150245666504,-0.2673225402832031,11,0.1659722245948552,0.1962177753448486
direct,183,us7000i9bw,7.375192165374756,7.599999904632568,7.641707420349121,-0.2248077392578125,-0.2665152549743652,11,0.1670800772306696,0.1965327262878418
direct,184,us7000i9bw,7.375662803649902,7.599999904632568,7.641707420349121,-0.224337100982666,-0.2660446166992187,11,0.1676954380740307,0.1961231231689453
direct,185,us7000i9bw,7.375971794128418,7.599999904632568,7.641707420349121,-0.2240281105041504,-0.2657356262207031,11,0.167919960065713,0.1960105895996093
direct,186,us7000i9bw,7.375370025634766,7.599999904632568,7.641707420349121,-0.2246298789978027,-0.2663373947143554,11,0.1676852543677188,0.1964595317840576
direct,187,us7000i9bw,7.373721122741699,7.599999904632568,7.641707420349121,-0.2262787818908691,-0.2679862976074219,11,0.1667541867154007,0.1964104175567627
direct,188,us7000i9bw,7.371509552001953,7.599999904632568,7.641707420349121,-0.2284903526306152,-0.2701978683471679,11,0.1653399527381892,0.1958465576171875
direct,189,us7000i9bw,7.369575500488281,7.599999904632568,7.641707420349121,-0.2304244041442871,-0.2721319198608398,11,0.1641546063749668,0.1948497295379638
direct,190,us7000i9bw,7.368553161621094,7.599999904632568,7.641707420349121,-0.2314467430114746,-0.2731542587280273,11,0.1632907523945185,0.1930694580078125
direct,191,us7000i9bw,7.367880821228027,7.599999904632568,7.641707420349121,-0.232119083404541,-0.2738265991210937,11,0.1625182429439111,0.191178560256958
direct,192,us7000i9bw,7.367116451263428,7.599999904632568,7.641707420349121,-0.2328834533691406,-0.2745909690856933,11,0.1617051054802218,0.1893818378448486
direct,193,us7000i9bw,7.366395473480225,7.599999904632568,7.641707420349121,-0.2336044311523437,-0.2753119468688965,11,0.1609424682328906,0.1869494915008545
direct,194,us7000i9bw,7.365714073181152,7.599999904632568,7.641707420349121,-0.234285831451416,-0.2759933471679687,11,0.15996428064357,0.1832664012908935
direct,195,us7000i9bw,7.36487340927124,7.599999904632568,7.641707420349121,-0.2351264953613281,-0.2768340110778808,11,0.1589206567355897,0.1815316677093505
direct,196,us7000i9bw,7.364349365234375,7.599999904632568,7.641707420349121,-0.2356505393981933,-0.2773580551147461,11,0.1579500281413801,0.1798152923583984
direct,197,us7000i9bw,7.363895416259766,7.599999904632568,7.641707420349121,-0.2361044883728027,-0.2778120040893554,11,0.1573006769344859,0.1783580780029297
direct,198,us7000i9bw,7.363133907318115,7.599999904632568,7.641707420349121,-0.2368659973144531,-0.2785735130310058,11,0.1568271320362917,0.1764760017395019
direct,199,us7000i9bw,7.361437797546387,7.599999904632568,7.641707420349121,-0.2385621070861816,-0.2802696228027344,11,0.1564048358933594,0.1750252246856689
direct,200,us7000i9bw,7.359869956970215,7.599999904632568,7.641707420349121,-0.2401299476623535,-0.2818374633789062,11,0.1560173735338873,0.1738009452819824
melgar,1,us7000i9bw,5.5682079203429495,7.6,,-2.03179207965705,,11,0.4245995731507654,0.1877621223063581
melgar,2,us7000i9bw,5.781803765130016,7.6,,-1.8181962348699836,,11,0.4486953043646443,0.2606252517404019
melgar,3,us7000i9bw,5.822904902276107,7.6,,-1.777095097723893,,11,0.4859190542827216,0.3697878000112737
melgar,4,us7000i9bw,5.91667386978832,7.6,,-1.6833261302116798,,11,0.4940115965148723,0.5085998741549229
melgar,5,us7000i9bw,6.1314790771107655,7.6,,-1.4685209228892342,,11,0.4396714690912015,0.5717344587397308
melgar,6,us7000i9bw,6.159211134186803,7.6,,-1.4407888658131969,,11,0.4478388318681171,0.5832074232219977
melgar,7,us7000i9bw,6.159211134186803,7.6,,-1.4407888658131969,,11,0.4359558022368076,0.5493760771808756
melgar,8,us7000i9bw,6.159211134186803,7.6,,-1.4407888658131969,,11,0.4220342619050956,0.4627607029176239
melgar,9,us7000i9bw,6.159211134186803,7.6,,-1.4407888658131969,,11,0.4201469081147651,0.4435889411405442
melgar,10,us7000i9bw,6.292677168501111,7.6,,-1.3073228314988885,,11,0.4254139949544203,0.4639627780756887
melgar,11,us7000i9bw,6.319881614053595,7.6,,-1.2801183859464045,,11,0.4267962328340905,0.4904927683510323
melgar,12,us7000i9bw,6.319881614053595,7.6,,-1.2801183859464045,,11,0.437812017802292,0.5233564338964118
melgar,13,us7000i9bw,6.319881614053595,7.6,,-1.2801183859464045,,11,0.4009508290185222,0.5233564338964118
melgar,14,us7000i9bw,6.319881614053595,7.6,,-1.2801183859464045,,11,0.3232259878030647,0.4615735886459111
melgar,15,us7000i9bw,6.360923896047801,7.6,,-1.2390761039521987,,11,0.2560194845998322,0.3619330618895722
melgar,16,us7000i9bw,6.364143099872986,7.6,,-1.235856900127014,,11,0.2305476838705702,0.2511090917304672
melgar,17,us7000i9bw,6.385612275371575,7.6,,-1.2143877246284251,,11,0.2114372464582242,0.2029489727687137
melgar,18,us7000i9bw,6.385612275371575,7.6,,-1.2143877246284251,,11,0.1985693433978167,0.2527048608575573
melgar,19,us7000i9bw,6.385612275371575,7.6,,-1.2143877246284251,,11,0.2097792628413353,0.2703214438844572
melgar,20,us7000i9bw,6.385612275371575,7.6,,-1.2143877246284251,,11,0.2262862240439881,0.2703214438844572
melgar,21,us7000i9bw,6.385612275371575,7.6,,-1.2143877246284251,,11,0.2463903276825562,0.2703214438844572
melgar,22,us7000i9bw,6.385612275371575,7.6,,-1.2143877246284251,,11,0.2705536625737661,0.3253918198448042
melgar,23,us7000i9bw,6.385612275371575,7.6,,-1.2143877246284251,,11,0.2763550820971644,0.3288881421761438
melgar,24,us7000i9bw,6.385612275371575,7.6,,-1.2143877246284251,,11,0.284059675131244,0.3288881421761438
melgar,25,us7000i9bw,6.385612275371575,7.6,,-1.2143877246284251,,11,0.2943830588600807,0.3303255281994151
melgar,26,us7000i9bw,6.385612275371575,7.6,,-1.2143877246284251,,11,0.3095757789892771,0.3417479300198121
melgar,27,us7000i9bw,6.451339606462334,7.6,,-1.148660393537666,,11,0.3172339568334047,0.3741018427830465
melgar,28,us7000i9bw,6.451339606462334,7.6,,-1.148660393537666,,11,0.3269225919266559,0.4517367807903873
melgar,29,us7000i9bw,6.451339606462334,7.6,,-1.148660393537666,,11,0.3365754973645353,0.5146522841987409
melgar,30,us7000i9bw,6.451339606462334,7.6,,-1.148660393537666,,11,0.3467892558708972,0.5146522841987409
melgar,31,us7000i9bw,6.451339606462334,7.6,,-1.148660393537666,,11,0.3644200345182993,0.5146522841987409
melgar,32,us7000i9bw,6.451339606462334,7.6,,-1.148660393537666,,11,0.389796150958865,0.5146522841987409
melgar,33,us7000i9bw,6.451339606462334,7.6,,-1.148660393537666,,11,0.4133766367010277,0.5146522841987409
melgar,34,us7000i9bw,6.451339606462334,7.6,,-1.148660393537666,,11,0.4304283614433049,0.5146522841987409
melgar,35,us7000i9bw,6.451339606462334,7.6,,-1.148660393537666,,11,0.4412682449291923,0.5146522841987409
melgar,36,us7000i9bw,6.451339606462334,7.6,,-1.148660393537666,,11,0.4395951208072634,0.5006968477412794
melgar,37,us7000i9bw,6.451339606462334,7.6,,-1.148660393537666,,11,0.4348908547065983,0.4718064435870914
melgar,38,us7000i9bw,6.451339606462334,7.6,,-1.148660393537666,,11,0.4382246347520708,0.4925390258471411
melgar,39,us7000i9bw,6.451339606462334,7.6,,-1.148660393537666,,11,0.4440573252817563,0.5224669922122107
melgar,40,us7000i9bw,6.451339606462334,7.6,,-1.148660393537666,,11,0.4442997033801717,0.5240165020560958
melgar,41,us7000i9bw,6.451339606462334,7.6,,-1.148660393537666,,11,0.4439943002396567,0.5350626071021933
melgar,42,us7000i9bw,6.451339606462334,7.6,,-1.148660393537666,,11,0.4493203646459951,0.5725796230125235
melgar,43,us7000i9bw,6.451339606462334,7.6,,-1.148660393537666,,11,0.4575266110547249,0.6141847524413837
melgar,44,us7000i9bw,6.451339606462334,7.6,,-1.148660393537666,,11,0.4619065741098345,0.6343907849817798
melgar,45,us7000i9bw,6.451339606462334,7.6,,-1.148660393537666,,11,0.4620334452595144,0.6351005122332367
melgar,46,us7000i9bw,6.452896856966008,7.6,,-1.1471031430339913,,11,0.4557321794395808,0.6651931506214304
melgar,47,us7000i9bw,6.452896856966008,7.6,,-1.1471031430339913,,11,0.4604609322531049,0.7248709337301076
melgar,48,us7000i9bw,6.452896856966008,7.6,,-1.1471031430339913,,11,0.4622621827898613,0.7594814415142395
melgar,49,us7000i9bw,6.452896856966008,7.6,,-1.1471031430339913,,11,0.4652212096082,0.7919189857015381
melgar,50,us7000i9bw,6.50900775008737,7.6,,-1.0909922499126292,,11,0.4603021959494545,0.7971774078745968
melgar,51,us7000i9bw,6.626585024290813,7.6,,-0.9734149757091864,,11,0.4486975208421795,0.8219763991248925
melgar,52,us7000i9bw,6.6677726026998965,7.6,,-0.9322273973001032,,11,0.4401687277053552,0.821789171752993
melgar,53,us7000i9bw,6.6677726026998965,7.6,,-0.9322273973001032,,11,0.4516119969166152,0.8271708234692188
melgar,54,us7000i9bw,6.71605903206622,7.6,,-0.8839409679337802,,11,0.4544415898338396,0.8271708234692188
melgar,55,us7000i9bw,6.71605903206622,7.6,,-0.8839409679337802,,11,0.4544415898338396,0.8271708234692188
melgar,56,us7000i9bw,6.71605903206622,7.6,,-0.8839409679337802,,11,0.4479881488671182,0.8271708234692188
melgar,57,us7000i9bw,6.801717683688546,7.6,,-0.7982823163114539,,11,0.4414044976240605,0.8271708234692188
melgar,58,us7000i9bw,6.856489896155256,7.6,,-0.743510103844744,,11,0.4422524318775414,0.8271708234692188
melgar,59,us7000i9bw,6.867526538238268,7.6,,-0.7324734617617317,,11,0.4429510213380458,0.8271708234692188
melgar,60,us7000i9bw,6.978999219129399,7.6,,-0.6210007808706006,,11,0.4399793228497644,0.8671348152927463
melgar,61,us7000i9bw,6.978999219129399,7.6,,-0.6210007808706006,,11,0.4562268509247373,0.925211126826076
melgar,62,us7000i9bw,7.058339628632664,7.6,,-0.5416603713673354,,11,0.4648802143692281,0.925211126826076
melgar,63,us7000i9bw,7.242626089326372,7.6,,-0.357373910673628,,11,0.4793289548229609,0.9698176655144976
melgar,64,us7000i9bw,7.290606691035518,7.6,,-0.3093933089644816,,11,0.4991199517936542,1.046455348851321
melgar,65,us7000i9bw,7.290606691035518,7.6,,-0.3093933089644816,,11,0.5138695726487448,1.1037122948655584
melgar,66,us7000i9bw,7.290606691035518,7.6,,-0.3093933089644816,,11,0.4965041527180011,1.008953903452405
melgar,67,us7000i9bw,7.290606691035518,7.6,,-0.3093933089644816,,11,0.4878948882813967,0.945101799183912
melgar,68,us7000i9bw,7.290606691035518,7.6,,-0.3093933089644816,,11,0.4809707737848763,0.901501175765742
melgar,69,us7000i9bw,7.290606691035518,7.6,,-0.3093933089644816,,11,0.4724525272962862,0.8636498156289063
melgar,70,us7000i9bw,7.290606691035518,7.6,,-0.3093933089644816,,11,0.4268726734066954,0.843223044271519
melgar,71,us7000i9bw,7.290606691035518,7.6,,-0.3093933089644816,,11,0.4105423202540339,0.7969560792750361
melgar,72,us7000i9bw,7.290606691035518,7.6,,-0.3093933089644816,,11,0.3894469511793151,0.6928438391479981
melgar,73,us7000i9bw,7.290606691035518,7.6,,-0.3093933089644816,,11,0.369001241335849,0.650300041297954
melgar,74,us7000i9bw,7.410488249533524,7.6,,-0.189511750466476,,11,0.362978772643824,0.6317910289336206
melgar,75,us7000i9bw,7.464639671235988,7.6,,-0.1353603287640119,,11,0.3638432688771104,0.6317910289336206
melgar,76,us7000i9bw,7.464639671235988,7.6,,-0.1353603287640119,,11,0.35650567840009,0.63326364795968
melgar,77,us7000i9bw,7.464639671235988,7.6,,-0.1353603287640119,,11,0.3509373852101844,0.63326364795968
melgar,78,us7000i9bw,7.464639671235988,7.6,,-0.1353603287640119,,11,0.3508232204364928,0.63326364795968
melgar,79,us7000i9bw,7.464639671235988,7.6,,-0.1353603287640119,,11,0.3505059892677336,0.63326364795968
melgar,80,us7000i9bw,7.464639671235988,7.6,,-0.1353603287640119,,11,0.3403824044941437,0.5885935678737617
melgar,81,us7000i9bw,7.464639671235988,7.6,,-0.1353603287640119,,11,0.3217079661050305,0.4627889755165792
melgar,82,us7000i9bw,7.464639671235988,7.6,,-0.1353603287640119,,11,0.308317409396424,0.2839478228978445
melgar,83,us7000i9bw,7.466058864753472,7.6,,-0.1339411352465278,,11,0.3091252407934996,0.2287718260066604
melgar,84,us7000i9bw,7.518101271738322,7.6,,-0.0818987282616774,,11,0.3109774279681903,0.2287718260066604
melgar,85,us7000i9bw,7.518101271738322,7.6,,-0.0818987282616774,,11,0.3112757192111191,0.214128941092655
melgar,86,us7000i9bw,7.53526881338054,7.6,,-0.0647311866194595,,11,0.3144727418460827,0.1937574686131444
melgar,87,us7000i9bw,7.53526881338054,7.6,,-0.0647311866194595,,11,0.3144727418460827,0.1937574686131444
melgar,88,us7000i9bw,7.53526881338054,7.6,,-0.0647311866194595,,11,0.3144727418460827,0.1937574686131444
melgar,89,us7000i9bw,7.553373379787774,7.6,,-0.0466266202122254,,11,0.3152967478783088,0.1937574686131444
melgar,90,us7000i9bw,7.553373379787774,7.6,,-0.0466266202122254,,11,0.3152967478783088,0.1937574686131444
melgar,91,us7000i9bw,7.553373379787774,7.6,,-0.0466266202122254,,11,0.2998431972091055,0.1937574686131444
melgar,92,us7000i9bw,7.553373379787774,7.6,,-0.0466266202122254,,11,0.2760503986078897,0.1937574686131444
melgar,93,us7000i9bw,7.567387746409264,7.6,,-0.0326122535907353,,11,0.2767798583680028,0.1937574686131444
melgar,94,us7000i9bw,7.567387746409264,7.6,,-0.0326122535907353,,11,0.2767798583680028,0.1937574686131444
melgar,95,us7000i9bw,7.567387746409264,7.6,,-0.0326122535907353,,11,0.2767798583680028,0.1937574686131444
melgar,96,us7000i9bw,7.567387746409264,7.6,,-0.0326122535907353,,11,0.2767798583680028,0.1937574686131444
melgar,97,us7000i9bw,7.567387746409264,7.6,,-0.0326122535907353,,11,0.2805944825490845,0.20444876089564
melgar,98,us7000i9bw,7.567387746409264,7.6,,-0.0326122535907353,,11,0.2941532410228448,0.20444876089564
melgar,99,us7000i9bw,7.567387746409264,7.6,,-0.0326122535907353,,11,0.2941532410228448,0.20444876089564
melgar,100,us7000i9bw,7.567387746409264,7.6,,-0.0326122535907353,,11,0.2941532410228448,0.20444876089564
melgar,101,us7000i9bw,7.567387746409264,7.6,,-0.0326122535907353,,11,0.2941532410228448,0.20444876089564
melgar,102,us7000i9bw,7.567387746409264,7.6,,-0.0326122535907353,,11,0.2941532410228448,0.20444876089564
melgar,103,us7000i9bw,7.567387746409264,7.6,,-0.0326122535907353,,11,0.2941532410228448,0.20444876089564
melgar,104,us7000i9bw,7.567387746409264,7.6,,-0.0326122535907353,,11,0.2941532410228448,0.20444876089564
melgar,105,us7000i9bw,7.567387746409264,7.6,,-0.0326122535907353,,11,0.2941532410228448,0.20444876089564
melgar,106,us7000i9bw,7.567387746409264,7.6,,-0.0326122535907353,,11,0.2941532410228448,0.20444876089564
melgar,107,us7000i9bw,7.567387746409264,7.6,,-0.0326122535907353,,11,0.2941532410228448,0.20444876089564
melgar,108,us7000i9bw,7.567387746409264,7.6,,-0.0326122535907353,,11,0.2941532410228448,0.20444876089564
melgar,109,us7000i9bw,7.567387746409264,7.6,,-0.0326122535907353,,11,0.2941532410228448,0.20444876089564
melgar,110,us7000i9bw,7.567387746409264,7.6,,-0.0326122535907353,,11,0.2941532410228448,0.20444876089564
melgar,111,us7000i9bw,7.567387746409264,7.6,,-0.0326122535907353,,11,0.2941532410228448,0.20444876089564
melgar,112,us7000i9bw,7.567387746409264,7.6,,-0.0326122535907353,,11,0.2941532410228448,0.20444876089564
melgar,113,us7000i9bw,7.567387746409264,7.6,,-0.0326122535907353,,11,0.2941532410228448,0.20444876089564
melgar,114,us7000i9bw,7.567387746409264,7.6,,-0.0326122535907353,,11,0.2941532410228448,0.20444876089564
melgar,115,us7000i9bw,7.567387746409264,7.6,,-0.0326122535907353,,11,0.2941532410228448,0.20444876089564
melgar,116,us7000i9bw,7.567387746409264,7.6,,-0.0326122535907353,,11,0.2941532410228448,0.20444876089564
melgar,117,us7000i9bw,7.567387746409264,7.6,,-0.0326122535907353,,11,0.2941532410228448,0.20444876089564
melgar,118,us7000i9bw,7.567387746409264,7.6,,-0.0326122535907353,,11,0.2941532410228448,0.20444876089564
melgar,119,us7000i9bw,7.567387746409264,7.6,,-0.0326122535907353,,11,0.2941532410228448,0.20444876089564
melgar,120,us7000i9bw,7.567387746409264,7.6,,-0.0326122535907353,,11,0.2941532410228448,0.20444876089564
melgar,121,us7000i9bw,7.567387746409264,7.6,,-0.0326122535907353,,11,0.2941532410228448,0.20444876089564
melgar,122,us7000i9bw,7.567387746409264,7.6,,-0.0326122535907353,,11,0.2941532410228448,0.20444876089564
melgar,123,us7000i9bw,7.567387746409264,7.6,,-0.0326122535907353,,11,0.2941532410228448,0.20444876089564
melgar,124,us7000i9bw,7.567387746409264,7.6,,-0.0326122535907353,,11,0.2941532410228448,0.20444876089564
melgar,125,us7000i9bw,7.567387746409264,7.6,,-0.0326122535907353,,11,0.2941532410228448,0.20444876089564
melgar,126,us7000i9bw,7.567387746409264,7.6,,-0.0326122535907353,,11,0.2941532410228448,0.20444876089564
melgar,127,us7000i9bw,7.567387746409264,7.6,,-0.0326122535907353,,11,0.2941532410228448,0.20444876089564
melgar,128,us7000i9bw,7.567387746409264,7.6,,-0.0326122535907353,,11,0.2941532410228448,0.20444876089564
melgar,129,us7000i9bw,7.567387746409264,7.6,,-0.0326122535907353,,11,0.2941532410228448,0.20444876089564
melgar,130,us7000i9bw,7.567387746409264,7.6,,-0.0326122535907353,,11,0.2941532410228448,0.20444876089564
melgar,131,us7000i9bw,7.567387746409264,7.6,,-0.0326122535907353,,11,0.2941532410228448,0.20444876089564
melgar,132,us7000i9bw,7.567387746409264,7.6,,-0.0326122535907353,,11,0.2941532410228448,0.20444876089564
melgar,133,us7000i9bw,7.567387746409264,7.6,,-0.0326122535907353,,11,0.2941532410228448,0.20444876089564
melgar,134,us7000i9bw,7.567387746409264,7.6,,-0.0326122535907353,,11,0.2941532410228448,0.20444876089564
melgar,135,us7000i9bw,7.567387746409264,7.6,,-0.0326122535907353,,11,0.2941532410228448,0.20444876089564
melgar,136,us7000i9bw,7.567387746409264,7.6,,-0.0326122535907353,,11,0.2941532410228448,0.20444876089564
melgar,137,us7000i9bw,7.567387746409264,7.6,,-0.0326122535907353,,11,0.2941532410228448,0.20444876089564
melgar,138,us7000i9bw,7.567387746409264,7.6,,-0.0326122535907353,,11,0.2941532410228448,0.20444876089564
melgar,139,us7000i9bw,7.567387746409264,7.6,,-0.0326122535907353,,11,0.2941532410228448,0.20444876089564
melgar,140,us7000i9bw,7.567387746409264,7.6,,-0.0326122535907353,,11,0.2941532410228448,0.20444876089564
melgar,141,us7000i9bw,7.567387746409264,7.6,,-0.0326122535907353,,11,0.2941532410228448,0.20444876089564
melgar,142,us7000i9bw,7.567387746409264,7.6,,-0.0326122535907353,,11,0.2941532410228448,0.20444876089564
melgar,143,us7000i9bw,7.567387746409264,7.6,,-0.0326122535907353,,11,0.2941532410228448,0.20444876089564
melgar,144,us7000i9bw,7.567387746409264,7.6,,-0.0326122535907353,,11,0.2941532410228448,0.20444876089564
melgar,145,us7000i9bw,7.567387746409264,7.6,,-0.0326122535907353,,11,0.2941532410228448,0.20444876089564
melgar,146,us7000i9bw,7.567387746409264,7.6,,-0.0326122535907353,,11,0.2941532410228448,0.20444876089564
melgar,147,us7000i9bw,7.567387746409264,7.6,,-0.0326122535907353,,11,0.2941532410228448,0.20444876089564
melgar,148,us7000i9bw,7.567387746409264,7.6,,-0.0326122535907353,,11,0.2941532410228448,0.20444876089564
melgar,149,us7000i9bw,7.567387746409264,7.6,,-0.0326122535907353,,11,0.2941532410228448,0.20444876089564
melgar,150,us7000i9bw,7.567387746409264,7.6,,-0.0326122535907353,,11,0.2941532410228448,0.20444876089564
melgar,151,us7000i9bw,7.567387746409264,7.6,,-0.0326122535907353,,11,0.2941532410228448,0.20444876089564
melgar,152,us7000i9bw,7.567387746409264,7.6,,-0.0326122535907353,,11,0.2941532410228448,0.20444876089564
melgar,153,us7000i9bw,7.567387746409264,7.6,,-0.0326122535907353,,11,0.2941532410228448,0.20444876089564
melgar,154,us7000i9bw,7.567387746409264,7.6,,-0.0326122535907353,,11,0.2941532410228448,0.20444876089564
melgar,155,us7000i9bw,7.567387746409264,7.6,,-0.0326122535907353,,11,0.2941532410228448,0.20444876089564
melgar,156,us7000i9bw,7.567387746409264,7.6,,-0.0326122535907353,,11,0.2941532410228448,0.20444876089564
melgar,157,us7000i9bw,7.567387746409264,7.6,,-0.0326122535907353,,11,0.2941532410228448,0.20444876089564
melgar,158,us7000i9bw,7.567387746409264,7.6,,-0.0326122535907353,,11,0.2941532410228448,0.20444876089564
melgar,159,us7000i9bw,7.567387746409264,7.6,,-0.0326122535907353,,11,0.2941532410228448,0.20444876089564
melgar,160,us7000i9bw,7.567387746409264,7.6,,-0.0326122535907353,,11,0.2941532410228448,0.20444876089564
melgar,161,us7000i9bw,7.567387746409264,7.6,,-0.0326122535907353,,11,0.2941532410228448,0.20444876089564
melgar,162,us7000i9bw,7.567387746409264,7.6,,-0.0326122535907353,,11,0.2941532410228448,0.20444876089564
melgar,163,us7000i9bw,7.567387746409264,7.6,,-0.0326122535907353,,11,0.2941532410228448,0.20444876089564
melgar,164,us7000i9bw,7.567387746409264,7.6,,-0.0326122535907353,,11,0.2941532410228448,0.20444876089564
melgar,165,us7000i9bw,7.567387746409264,7.6,,-0.0326122535907353,,11,0.2941532410228448,0.20444876089564
melgar,166,us7000i9bw,7.567387746409264,7.6,,-0.0326122535907353,,11,0.2941532410228448,0.20444876089564
melgar,167,us7000i9bw,7.567387746409264,7.6,,-0.0326122535907353,,11,0.2941532410228448,0.20444876089564
melgar,168,us7000i9bw,7.567387746409264,7.6,,-0.0326122535907353,,11,0.2941532410228448,0.20444876089564
melgar,169,us7000i9bw,7.567387746409264,7.6,,-0.0326122535907353,,11,0.2941532410228448,0.20444876089564
melgar,170,us7000i9bw,7.567387746409264,7.6,,-0.0326122535907353,,11,0.2941532410228448,0.20444876089564
melgar,171,us7000i9bw,7.567387746409264,7.6,,-0.0326122535907353,,11,0.2941532410228448,0.20444876089564
melgar,172,us7000i9bw,7.567387746409264,7.6,,-0.0326122535907353,,11,0.2941532410228448,0.20444876089564
melgar,173,us7000i9bw,7.567387746409264,7.6,,-0.0326122535907353,,11,0.2941532410228448,0.20444876089564
melgar,174,us7000i9bw,7.567387746409264,7.6,,-0.0326122535907353,,11,0.2941532410228448,0.20444876089564
melgar,175,us7000i9bw,7.567387746409264,7.6,,-0.0326122535907353,,11,0.2941532410228448,0.20444876089564
melgar,176,us7000i9bw,7.567387746409264,7.6,,-0.0326122535907353,,11,0.2941532410228448,0.20444876089564
melgar,177,us7000i9bw,7.567387746409264,7.6,,-0.0326122535907353,,11,0.2941532410228448,0.20444876089564
melgar,178,us7000i9bw,7.567387746409264,7.6,,-0.0326122535907353,,11,0.2941532410228448,0.20444876089564
melgar,179,us7000i9bw,7.567387746409264,7.6,,-0.0326122535907353,,11,0.2941532410228448,0.20444876089564
melgar,180,us7000i9bw,7.567387746409264,7.6,,-0.0326122535907353,,11,0.2941532410228448,0.20444876089564
melgar,181,us7000i9bw,7.567387746409264,7.6,,-0.0326122535907353,,11,0.2941532410228448,0.20444876089564
melgar,182,us7000i9bw,7.567387746409264,7.6,,-0.0326122535907353,,11,0.2941532410228448,0.20444876089564
melgar,183,us7000i9bw,7.567387746409264,7.6,,-0.0326122535907353,,11,0.2941532410228448,0.20444876089564
melgar,184,us7000i9bw,7.567387746409264,7.6,,-0.0326122535907353,,11,0.2941532410228448,0.20444876089564
melgar,185,us7000i9bw,7.567387746409264,7.6,,-0.0326122535907353,,11,0.2941532410228448,0.20444876089564
melgar,186,us7000i9bw,7.567387746409264,7.6,,-0.0326122535907353,,11,0.2941532410228448,0.20444876089564
melgar,187,us7000i9bw,7.567387746409264,7.6,,-0.0326122535907353,,11,0.2941532410228448,0.20444876089564
melgar,188,us7000i9bw,7.567387746409264,7.6,,-0.0326122535907353,,11,0.2941532410228448,0.20444876089564
melgar,189,us7000i9bw,7.567387746409264,7.6,,-0.0326122535907353,,11,0.2941532410228448,0.20444876089564
melgar,190,us7000i9bw,7.567387746409264,7.6,,-0.0326122535907353,,11,0.2941532410228448,0.20444876089564
melgar,191,us7000i9bw,7.567387746409264,7.6,,-0.0326122535907353,,11,0.2941532410228448,0.20444876089564
melgar,192,us7000i9bw,7.567387746409264,7.6,,-0.0326122535907353,,11,0.2941532410228448,0.20444876089564
melgar,193,us7000i9bw,7.567387746409264,7.6,,-0.0326122535907353,,11,0.2941532410228448,0.20444876089564
melgar,194,us7000i9bw,7.567387746409264,7.6,,-0.0326122535907353,,11,0.2941532410228448,0.20444876089564
melgar,195,us7000i9bw,7.567387746409264,7.6,,-0.0326122535907353,,11,0.2941532410228448,0.20444876089564
melgar,196,us7000i9bw,7.567387746409264,7.6,,-0.0326122535907353,,11,0.2941532410228448,0.20444876089564
melgar,197,us7000i9bw,7.567387746409264,7.6,,-0.0326122535907353,,11,0.2941532410228448,0.20444876089564
melgar,198,us7000i9bw,7.567387746409264,7.6,,-0.0326122535907353,,11,0.2941532410228448,0.20444876089564
melgar,199,us7000i9bw,7.567387746409264,7.6,,-0.0326122535907353,,11,0.2941532410228448,0.20444876089564
melgar,200,us7000i9bw,7.567387746409264,7.6,,-0.0326122535907353,,11,0.2941532410228448,0.20444876089564
ruhl,1,us7000i9bw,5.251189564318119,7.6,,-2.348810435681881,,11,0.4534517237333654,0.2032861283741667
ruhl,2,us7000i9bw,5.4820306387552025,7.6,,-2.117969361244797,,11,0.4811014046614624,0.2828500121776791
ruhl,3,us7000i9bw,5.526834141877075,7.6,,-2.073165858122925,,11,0.5211500285330637,0.3992498477566224
ruhl,4,us7000i9bw,5.62827664497347,7.6,,-1.9717233550265296,,11,0.5301372073928593,0.5496308547570576
ruhl,5,us7000i9bw,5.858942355632323,7.6,,-1.741057644367677,,11,0.4727089014905061,0.6178964771330753
ruhl,6,us7000i9bw,5.890138699103168,7.6,,-1.709861300896832,,11,0.4814348192759674,0.6303335615218852
ruhl,7,us7000i9bw,5.890138699103168,7.6,,-1.709861300896832,,11,0.4684760186359833,0.5937520323375463
ruhl,8,us7000i9bw,5.890138699103168,7.6,,-1.709861300896832,,11,0.4532955082624114,0.5001326657244309
ruhl,9,us7000i9bw,5.890138699103168,7.6,,-1.709861300896832,,11,0.4512283683137377,0.4793460200595767
ruhl,10,us7000i9bw,6.034319252124137,7.6,,-1.565680747875863,,11,0.4569032519995872,0.5013009054021271
ruhl,11,us7000i9bw,6.061255910389929,7.6,,-1.5387440896100708,,11,0.4582831007475521,0.5309236469394882
ruhl,12,us7000i9bw,6.061255910389929,7.6,,-1.5387440896100708,,11,0.4701735913469089,0.565788239951682
ruhl,13,us7000i9bw,6.061255910389929,7.6,,-1.5387440896100708,,11,0.4310588910146315,0.565788239951682
ruhl,14,us7000i9bw,6.061255910389929,7.6,,-1.5387440896100708,,11,0.3481608091042594,0.4989461964613788
ruhl,15,us7000i9bw,6.109122956604367,7.6,,-1.490877043395633,,11,0.276349920479713,0.3909164079087981
ruhl,16,us7000i9bw,6.112608827463604,7.6,,-1.4873911725363955,,11,0.2489696637053502,0.2732161610509278
ruhl,17,us7000i9bw,6.135989764655503,7.6,,-1.4640102353444968,,11,0.2279922711582913,0.220341181114362
ruhl,18,us7000i9bw,6.135989764655503,7.6,,-1.4640102353444968,,11,0.2135749184641712,0.2696283234539613
ruhl,19,us7000i9bw,6.135989764655503,7.6,,-1.4640102353444968,,11,0.225117255279536,0.2922565139201021
ruhl,20,us7000i9bw,6.135989764655503,7.6,,-1.4640102353444968,,11,0.2423091378293601,0.2922565139201021
ruhl,21,us7000i9bw,6.135989764655503,7.6,,-1.4640102353444968,,11,0.2633814840188638,0.2922565139201021
ruhl,22,us7000i9bw,6.135989764655503,7.6,,-1.4640102353444968,,11,0.2890667740059765,0.351600455556099
ruhl,23,us7000i9bw,6.135989764655503,7.6,,-1.4640102353444968,,11,0.2950287067302261,0.355368099134945
ruhl,24,us7000i9bw,6.135989764655503,7.6,,-1.4640102353444968,,11,0.3031205252909176,0.355368099134945
ruhl,25,us7000i9bw,6.135989764655503,7.6,,-1.4640102353444968,,11,0.3140187637818019,0.3568557298353934
ruhl,26,us7000i9bw,6.135989764655503,7.6,,-1.4640102353444968,,11,0.3301668953812069,0.3692253925170803
ruhl,27,us7000i9bw,6.205718950679891,7.6,,-1.3942810493201083,,11,0.3381056936096997,0.4000557071941903
ruhl,28,us7000i9bw,6.205718950679891,7.6,,-1.3942810493201083,,11,0.3483792728586569,0.4834229512691328
ruhl,29,us7000i9bw,6.205718950679891,7.6,,-1.3942810493201083,,11,0.3587191614495084,0.5519566091803307
ruhl,30,us7000i9bw,6.205718950679891,7.6,,-1.3942810493201083,,11,0.3697174745502982,0.5534268258484714
ruhl,31,us7000i9bw,6.205718950679891,7.6,,-1.3942810493201083,,11,0.3887180300476706,0.5534268258484714
ruhl,32,us7000i9bw,6.205718950679891,7.6,,-1.3942810493201083,,11,0.4160716828429282,0.5534268258484714
ruhl,33,us7000i9bw,6.205718950679891,7.6,,-1.3942810493201083,,11,0.4414864497413121,0.5534268258484714
ruhl,34,us7000i9bw,6.205718950679891,7.6,,-1.3942810493201083,,11,0.4598609994484807,0.5534268258484714
ruhl,35,us7000i9bw,6.205718950679891,7.6,,-1.3942810493201083,,11,0.4715400985574807,0.5534268258484714
ruhl,36,us7000i9bw,6.205718950679891,7.6,,-1.3942810493201083,,11,0.4697191811588092,0.5387406343938226
ruhl,37,us7000i9bw,6.205718950679891,7.6,,-1.3942810493201083,,11,0.464615039834035,0.5075068703490739
ruhl,38,us7000i9bw,6.205718950679891,7.6,,-1.3942810493201083,,11,0.4682347632069656,0.5297940582596512
ruhl,39,us7000i9bw,6.205718950679891,7.6,,-1.3942810493201083,,11,0.4745627127761191,0.5620281815344281
ruhl,40,us7000i9bw,6.205718950679891,7.6,,-1.3942810493201083,,11,0.4748353692419568,0.5636647424826595
ruhl,41,us7000i9bw,6.205718950679891,7.6,,-1.3942810493201083,,11,0.4745197715732308,0.5755209787694486
ruhl,42,us7000i9bw,6.205718950679891,7.6,,-1.3942810493201083,,11,0.4803260814938151,0.6159206700643338
ruhl,43,us7000i9bw,6.205718950679891,7.6,,-1.3942810493201083,,11,0.4892516633485028,0.6607544364864495
ruhl,44,us7000i9bw,6.205718950679891,7.6,,-1.3942810493201083,,11,0.4940137418402476,0.6825284954947941
ruhl,45,us7000i9bw,6.205718950679891,7.6,,-1.3942810493201083,,11,0.4941518430968277,0.6832936395498583
ruhl,46,us7000i9bw,6.20809425429662,7.6,,-1.3919057457033794,,11,0.4873847814991527,0.7151674592948725
ruhl,47,us7000i9bw,6.20809425429662,7.6,,-1.3919057457033794,,11,0.4925952184048597,0.7779414718297462
ruhl,48,us7000i9bw,6.20809425429662,7.6,,-1.3919057457033794,,11,0.4946265756806949,0.8153015768679017
ruhl,49,us7000i9bw,6.20809425429662,7.6,,-1.3919057457033794,,11,0.4979402879470622,0.8503160893846138
ruhl,50,us7000i9bw,6.269643732857298,7.6,,-1.3303562671427018,,11,0.4927698656354722,0.8565749029610519
ruhl,51,us7000i9bw,6.3969958039428425,7.6,,-1.2030041960571571,,11,0.480308070312662,0.8833440253249858
ruhl,52,us7000i9bw,6.441607515252964,7.6,,-1.1583924847470355,,11,0.4710927477283394,0.8821563735166205
ruhl,53,us7000i9bw,6.441607515252964,7.6,,-1.1583924847470355,,11,0.4835134677879363,0.8821563735166205
ruhl,54,us7000i9bw,6.493908241109961,7.6,,-1.106091758890039,,11,0.4866205288962606,0.8821563735166205
ruhl,55,us7000i9bw,6.493908241109961,7.6,,-1.106091758890039,,11,0.4866205288962606,0.8821563735166205
ruhl,56,us7000i9bw,6.493908241109961,7.6,,-1.106091758890039,,11,0.4796496422969442,0.8821563735166205
ruhl,57,us7000i9bw,6.584761780730869,7.6,,-1.015238219269131,,11,0.4726027611828481,0.8821563735166205
ruhl,58,us7000i9bw,6.643571939145738,7.6,,-0.956428060854262,,11,0.4736557474060819,0.8821563735166205
ruhl,59,us7000i9bw,6.657968011536312,7.6,,-0.942031988463688,,11,0.4746040151219454,0.8821563735166205
ruhl,60,us7000i9bw,6.7787079834154,7.6,,-0.8212920165846,,11,0.4715454295532714,0.9252952647915844
ruhl,61,us7000i9bw,6.7787079834154,7.6,,-0.8212920165846,,11,0.4892727147361979,0.9865804866459308
ruhl,62,us7000i9bw,6.862144796508829,7.6,,-0.7378552034911703,,11,0.4988173657232437,0.9865804866459308
ruhl,63,us7000i9bw,7.061340287157138,7.6,,-0.5386597128428621,,11,0.514791250804711,1.0447694496830184
ruhl,64,us7000i9bw,7.092637640415369,7.6,,-0.507362359584631,,11,0.536517123047627,1.127574372456296
ruhl,65,us7000i9bw,7.092637640415369,7.6,,-0.507362359584631,,11,0.5526677260845236,1.191108481209949
ruhl,66,us7000i9bw,7.092637640415369,7.6,,-0.507362359584631,,11,0.5339207850940307,1.0885006523079204
ruhl,67,us7000i9bw,7.092637640415369,7.6,,-0.507362359584631,,11,0.5246624920618626,1.0193592739866064
ruhl,68,us7000i9bw,7.092637640415369,7.6,,-0.507362359584631,,11,0.5172028744042132,0.9721676158034188
ruhl,69,us7000i9bw,7.092637640415369,7.6,,-0.507362359584631,,11,0.5079932232280122,0.9312265092318136
ruhl,70,us7000i9bw,7.092637640415369,7.6,,-0.507362359584631,,11,0.4586495312082446,0.9095805975399988
ruhl,71,us7000i9bw,7.092637640415369,7.6,,-0.507362359584631,,11,0.4410038837704411,0.8581091453462006
ruhl,72,us7000i9bw,7.092637640415369,7.6,,-0.507362359584631,,11,0.4183480703553537,0.7451562655171786
ruhl,73,us7000i9bw,7.092637640415369,7.6,,-0.507362359584631,,11,0.3964893232738367,0.6990289006235022
ruhl,74,us7000i9bw,7.245629370422433,7.6,,-0.3543706295775664,,11,0.3902897238481736,0.6789608293582026
ruhl,75,us7000i9bw,7.296282283482321,7.6,,-0.3037177165176787,,11,0.3914844355398545,0.6789608293582026
ruhl,76,us7000i9bw,7.296282283482321,7.6,,-0.3037177165176787,,11,0.3836162933984515,0.683316914954565
ruhl,77,us7000i9bw,7.296282283482321,7.6,,-0.3037177165176787,,11,0.377612824127133,0.683316914954565
ruhl,78,us7000i9bw,7.296282283482321,7.6,,-0.3037177165176787,,11,0.3774897971585313,0.683316914954565
ruhl,79,us7000i9bw,7.296282283482321,7.6,,-0.3037177165176787,,11,0.3771479548567615,0.683316914954565
ruhl,80,us7000i9bw,7.296282283482321,7.6,,-0.3037177165176787,,11,0.3662940277679822,0.6348841659269464
ruhl,81,us7000i9bw,7.296282283482321,7.6,,-0.3037177165176787,,11,0.3463912396261359,0.4985601907737065
ruhl,82,us7000i9bw,7.296282283482321,7.6,,-0.3037177165176787,,11,0.3326614197071219,0.3165400058048737
ruhl,83,us7000i9bw,7.307934722279317,7.6,,-0.2920652777206829,,11,0.3339366381772833,0.257514873787656
ruhl,84,us7000i9bw,7.364360787140683,7.6,,-0.2356392128593167,,11,0.3360645040012711,0.257514873787656
ruhl,85,us7000i9bw,7.364360787140683,7.6,,-0.2356392128593167,,11,0.3364379147934794,0.2416546513671296
ruhl,86,us7000i9bw,7.381223098600168,7.6,,-0.2187769013998313,,11,0.3400945938182977,0.2238095513169131
ruhl,87,us7000i9bw,7.381223098600168,7.6,,-0.2187769013998313,,11,0.3400945938182977,0.2238095513169131
ruhl,88,us7000i9bw,7.381223098600168,7.6,,-0.2187769013998313,,11,0.3400945938182977,0.2238095513169131
ruhl,89,us7000i9bw,7.400832789704911,7.6,,-0.199167210295089,,11,0.3410187107708106,0.2238095513169131
ruhl,90,us7000i9bw,7.400832789704911,7.6,,-0.199167210295089,,11,0.3410187107708106,0.2238095513169131
ruhl,91,us7000i9bw,7.400832789704911,7.6,,-0.199167210295089,,11,0.3243803740064824,0.2238095513169131
ruhl,92,us7000i9bw,7.400832789704911,7.6,,-0.199167210295089,,11,0.2987786244911877,0.2238095513169131
ruhl,93,us7000i9bw,7.410002885550164,7.6,,-0.1899971144498353,,11,0.2995966005950639,0.2238095513169131
ruhl,94,us7000i9bw,7.410002885550164,7.6,,-0.1899971144498353,,11,0.2995966005950639,0.2238095513169131
ruhl,95,us7000i9bw,7.410002885550164,7.6,,-0.1899971144498353,,11,0.2995966005950639,0.2238095513169131
ruhl,96,us7000i9bw,7.410002885550164,7.6,,-0.1899971144498353,,11,0.2995966005950639,0.2238095513169131
ruhl,97,us7000i9bw,7.410002885550164,7.6,,-0.1899971144498353,,11,0.3038471982363007,0.2283964974209524
ruhl,98,us7000i9bw,7.410002885550164,7.6,,-0.1899971144498353,,11,0.3188064481626968,0.2283964974209524
ruhl,99,us7000i9bw,7.410002885550164,7.6,,-0.1899971144498353,,11,0.3188064481626968,0.2283964974209524
ruhl,100,us7000i9bw,7.410002885550164,7.6,,-0.1899971144498353,,11,0.3188064481626968,0.2283964974209524
ruhl,101,us7000i9bw,7.410002885550164,7.6,,-0.1899971144498353,,11,0.3188064481626968,0.2283964974209524
ruhl,102,us7000i9bw,7.410002885550164,7.6,,-0.1899971144498353,,11,0.3188064481626968,0.2283964974209524
ruhl,103,us7000i9bw,7.410002885550164,7.6,,-0.1899971144498353,,11,0.3188064481626968,0.2283964974209524
ruhl,104,us7000i9bw,7.410002885550164,7.6,,-0.1899971144498353,,11,0.3188064481626968,0.2283964974209524
ruhl,105,us7000i9bw,7.410002885550164,7.6,,-0.1899971144498353,,11,0.3188064481626968,0.2283964974209524
ruhl,106,us7000i9bw,7.410002885550164,7.6,,-0.1899971144498353,,11,0.3188064481626968,0.2283964974209524
ruhl,107,us7000i9bw,7.410002885550164,7.6,,-0.1899971144498353,,11,0.3188064481626968,0.2283964974209524
ruhl,108,us7000i9bw,7.410002885550164,7.6,,-0.1899971144498353,,11,0.3188064481626968,0.2283964974209524
ruhl,109,us7000i9bw,7.410002885550164,7.6,,-0.1899971144498353,,11,0.3188064481626968,0.2283964974209524
ruhl,110,us7000i9bw,7.410002885550164,7.6,,-0.1899971144498353,,11,0.3188064481626968,0.2283964974209524
ruhl,111,us7000i9bw,7.410002885550164,7.6,,-0.1899971144498353,,11,0.3188064481626968,0.2283964974209524
ruhl,112,us7000i9bw,7.410002885550164,7.6,,-0.1899971144498353,,11,0.3188064481626968,0.2283964974209524
ruhl,113,us7000i9bw,7.410002885550164,7.6,,-0.1899971144498353,,11,0.3188064481626968,0.2283964974209524
ruhl,114,us7000i9bw,7.410002885550164,7.6,,-0.1899971144498353,,11,0.3188064481626968,0.2283964974209524
ruhl,115,us7000i9bw,7.410002885550164,7.6,,-0.1899971144498353,,11,0.3188064481626968,0.2283964974209524
ruhl,116,us7000i9bw,7.410002885550164,7.6,,-0.1899971144498353,,11,0.3188064481626968,0.2283964974209524
ruhl,117,us7000i9bw,7.410002885550164,7.6,,-0.1899971144498353,,11,0.3188064481626968,0.2283964974209524
ruhl,118,us7000i9bw,7.410002885550164,7.6,,-0.1899971144498353,,11,0.3188064481626968,0.2283964974209524
ruhl,119,us7000i9bw,7.410002885550164,7.6,,-0.1899971144498353,,11,0.3188064481626968,0.2283964974209524
ruhl,120,us7000i9bw,7.410002885550164,7.6,,-0.1899971144498353,,11,0.3188064481626968,0.2283964974209524
ruhl,121,us7000i9bw,7.410002885550164,7.6,,-0.1899971144498353,,11,0.3188064481626968,0.2283964974209524
ruhl,122,us7000i9bw,7.410002885550164,7.6,,-0.1899971144498353,,11,0.3188064481626968,0.2283964974209524
ruhl,123,us7000i9bw,7.410002885550164,7.6,,-0.1899971144498353,,11,0.3188064481626968,0.2283964974209524
ruhl,124,us7000i9bw,7.410002885550164,7.6,,-0.1899971144498353,,11,0.3188064481626968,0.2283964974209524
ruhl,125,us7000i9bw,7.410002885550164,7.6,,-0.1899971144498353,,11,0.3188064481626968,0.2283964974209524
ruhl,126,us7000i9bw,7.410002885550164,7.6,,-0.1899971144498353,,11,0.3188064481626968,0.2283964974209524
ruhl,127,us7000i9bw,7.410002885550164,7.6,,-0.1899971144498353,,11,0.3188064481626968,0.2283964974209524
ruhl,128,us7000i9bw,7.410002885550164,7.6,,-0.1899971144498353,,11,0.3188064481626968,0.2283964974209524
ruhl,129,us7000i9bw,7.410002885550164,7.6,,-0.1899971144498353,,11,0.3188064481626968,0.2283964974209524
ruhl,130,us7000i9bw,7.410002885550164,7.6,,-0.1899971144498353,,11,0.3188064481626968,0.2283964974209524
ruhl,131,us7000i9bw,7.410002885550164,7.6,,-0.1899971144498353,,11,0.3188064481626968,0.2283964974209524
ruhl,132,us7000i9bw,7.410002885550164,7.6,,-0.1899971144498353,,11,0.3188064481626968,0.2283964974209524
ruhl,133,us7000i9bw,7.410002885550164,7.6,,-0.1899971144498353,,11,0.3188064481626968,0.2283964974209524
ruhl,134,us7000i9bw,7.410002885550164,7.6,,-0.1899971144498353,,11,0.3188064481626968,0.2283964974209524
ruhl,135,us7000i9bw,7.410002885550164,7.6,,-0.1899971144498353,,11,0.3188064481626968,0.2283964974209524
ruhl,136,us7000i9bw,7.410002885550164,7.6,,-0.1899971144498353,,11,0.3188064481626968,0.2283964974209524
ruhl,137,us7000i9bw,7.410002885550164,7.6,,-0.1899971144498353,,11,0.3188064481626968,0.2283964974209524
ruhl,138,us7000i9bw,7.410002885550164,7.6,,-0.1899971144498353,,11,0.3188064481626968,0.2283964974209524
ruhl,139,us7000i9bw,7.410002885550164,7.6,,-0.1899971144498353,,11,0.3188064481626968,0.2283964974209524
ruhl,140,us7000i9bw,7.410002885550164,7.6,,-0.1899971144498353,,11,0.3188064481626968,0.2283964974209524
ruhl,141,us7000i9bw,7.410002885550164,7.6,,-0.1899971144498353,,11,0.3188064481626968,0.2283964974209524
ruhl,142,us7000i9bw,7.410002885550164,7.6,,-0.1899971144498353,,11,0.3188064481626968,0.2283964974209524
ruhl,143,us7000i9bw,7.410002885550164,7.6,,-0.1899971144498353,,11,0.3188064481626968,0.2283964974209524
ruhl,144,us7000i9bw,7.410002885550164,7.6,,-0.1899971144498353,,11,0.3188064481626968,0.2283964974209524
ruhl,145,us7000i9bw,7.410002885550164,7.6,,-0.1899971144498353,,11,0.3188064481626968,0.2283964974209524
ruhl,146,us7000i9bw,7.410002885550164,7.6,,-0.1899971144498353,,11,0.3188064481626968,0.2283964974209524
ruhl,147,us7000i9bw,7.410002885550164,7.6,,-0.1899971144498353,,11,0.3188064481626968,0.2283964974209524
ruhl,148,us7000i9bw,7.410002885550164,7.6,,-0.1899971144498353,,11,0.3188064481626968,0.2283964974209524
ruhl,149,us7000i9bw,7.410002885550164,7.6,,-0.1899971144498353,,11,0.3188064481626968,0.2283964974209524
ruhl,150,us7000i9bw,7.410002885550164,7.6,,-0.1899971144498353,,11,0.3188064481626968,0.2283964974209524
ruhl,151,us7000i9bw,7.410002885550164,7.6,,-0.1899971144498353,,11,0.3188064481626968,0.2283964974209524
ruhl,152,us7000i9bw,7.410002885550164,7.6,,-0.1899971144498353,,11,0.3188064481626968,0.2283964974209524
ruhl,153,us7000i9bw,7.410002885550164,7.6,,-0.1899971144498353,,11,0.3188064481626968,0.2283964974209524
ruhl,154,us7000i9bw,7.410002885550164,7.6,,-0.1899971144498353,,11,0.3188064481626968,0.2283964974209524
ruhl,155,us7000i9bw,7.410002885550164,7.6,,-0.1899971144498353,,11,0.3188064481626968,0.2283964974209524
ruhl,156,us7000i9bw,7.410002885550164,7.6,,-0.1899971144498353,,11,0.3188064481626968,0.2283964974209524
ruhl,157,us7000i9bw,7.410002885550164,7.6,,-0.1899971144498353,,11,0.3188064481626968,0.2283964974209524
ruhl,158,us7000i9bw,7.410002885550164,7.6,,-0.1899971144498353,,11,0.3188064481626968,0.2283964974209524
ruhl,159,us7000i9bw,7.410002885550164,7.6,,-0.1899971144498353,,11,0.3188064481626968,0.2283964974209524
ruhl,160,us7000i9bw,7.410002885550164,7.6,,-0.1899971144498353,,11,0.3188064481626968,0.2283964974209524
ruhl,161,us7000i9bw,7.410002885550164,7.6,,-0.1899971144498353,,11,0.3188064481626968,0.2283964974209524
ruhl,162,us7000i9bw,7.410002885550164,7.6,,-0.1899971144498353,,11,0.3188064481626968,0.2283964974209524
ruhl,163,us7000i9bw,7.410002885550164,7.6,,-0.1899971144498353,,11,0.3188064481626968,0.2283964974209524
ruhl,164,us7000i9bw,7.410002885550164,7.6,,-0.1899971144498353,,11,0.3188064481626968,0.2283964974209524
ruhl,165,us7000i9bw,7.410002885550164,7.6,,-0.1899971144498353,,11,0.3188064481626968,0.2283964974209524
ruhl,166,us7000i9bw,7.410002885550164,7.6,,-0.1899971144498353,,11,0.3188064481626968,0.2283964974209524
ruhl,167,us7000i9bw,7.410002885550164,7.6,,-0.1899971144498353,,11,0.3188064481626968,0.2283964974209524
ruhl,168,us7000i9bw,7.410002885550164,7.6,,-0.1899971144498353,,11,0.3188064481626968,0.2283964974209524
ruhl,169,us7000i9bw,7.410002885550164,7.6,,-0.1899971144498353,,11,0.3188064481626968,0.2283964974209524
ruhl,170,us7000i9bw,7.410002885550164,7.6,,-0.1899971144498353,,11,0.3188064481626968,0.2283964974209524
ruhl,171,us7000i9bw,7.410002885550164,7.6,,-0.1899971144498353,,11,0.3188064481626968,0.2283964974209524
ruhl,172,us7000i9bw,7.410002885550164,7.6,,-0.1899971144498353,,11,0.3188064481626968,0.2283964974209524
ruhl,173,us7000i9bw,7.410002885550164,7.6,,-0.1899971144498353,,11,0.3188064481626968,0.2283964974209524
ruhl,174,us7000i9bw,7.410002885550164,7.6,,-0.1899971144498353,,11,0.3188064481626968,0.2283964974209524
ruhl,175,us7000i9bw,7.410002885550164,7.6,,-0.1899971144498353,,11,0.3188064481626968,0.2283964974209524
ruhl,176,us7000i9bw,7.410002885550164,7.6,,-0.1899971144498353,,11,0.3188064481626968,0.2283964974209524
ruhl,177,us7000i9bw,7.410002885550164,7.6,,-0.1899971144498353,,11,0.3188064481626968,0.2283964974209524
ruhl,178,us7000i9bw,7.410002885550164,7.6,,-0.1899971144498353,,11,0.3188064481626968,0.2283964974209524
ruhl,179,us7000i9bw,7.410002885550164,7.6,,-0.1899971144498353,,11,0.3188064481626968,0.2283964974209524
ruhl,180,us7000i9bw,7.410002885550164,7.6,,-0.1899971144498353,,11,0.3188064481626968,0.2283964974209524
ruhl,181,us7000i9bw,7.410002885550164,7.6,,-0.1899971144498353,,11,0.3188064481626968,0.2283964974209524
ruhl,182,us7000i9bw,7.410002885550164,7.6,,-0.1899971144498353,,11,0.3188064481626968,0.2283964974209524
ruhl,183,us7000i9bw,7.410002885550164,7.6,,-0.1899971144498353,,11,0.3188064481626968,0.2283964974209524
ruhl,184,us7000i9bw,7.410002885550164,7.6,,-0.1899971144498353,,11,0.3188064481626968,0.2283964974209524
ruhl,185,us7000i9bw,7.410002885550164,7.6,,-0.1899971144498353,,11,0.3188064481626968,0.2283964974209524
ruhl,186,us7000i9bw,7.410002885550164,7.6,,-0.1899971144498353,,11,0.3188064481626968,0.2283964974209524
ruhl,187,us7000i9bw,7.410002885550164,7.6,,-0.1899971144498353,,11,0.3188064481626968,0.2283964974209524
ruhl,188,us7000i9bw,7.410002885550164,7.6,,-0.1899971144498353,,11,0.3188064481626968,0.2283964974209524
ruhl,189,us7000i9bw,7.410002885550164,7.6,,-0.1899971144498353,,11,0.3188064481626968,0.2283964974209524
ruhl,190,us7000i9bw,7.410002885550164,7.6,,-0.1899971144498353,,11,0.3188064481626968,0.2283964974209524
ruhl,191,us7000i9bw,7.410002885550164,7.6,,-0.1899971144498353,,11,0.3188064481626968,0.2283964974209524
ruhl,192,us7000i9bw,7.410002885550164,7.6,,-0.1899971144498353,,11,0.3188064481626968,0.2283964974209524
ruhl,193,us7000i9bw,7.410002885550164,7.6,,-0.1899971144498353,,11,0.3188064481626968,0.2283964974209524
ruhl,194,us7000i9bw,7.410002885550164,7.6,,-0.1899971144498353,,11,0.3188064481626968,0.2283964974209524
ruhl,195,us7000i9bw,7.410002885550164,7.6,,-0.1899971144498353,,11,0.3188064481626968,0.2283964974209524
ruhl,196,us7000i9bw,7.410002885550164,7.6,,-0.1899971144498353,,11,0.3188064481626968,0.2283964974209524
ruhl,197,us7000i9bw,7.410002885550164,7.6,,-0.1899971144498353,,11,0.3188064481626968,0.2283964974209524
ruhl,198,us7000i9bw,7.410002885550164,7.6,,-0.1899971144498353,,11,0.3188064481626968,0.2283964974209524
ruhl,199,us7000i9bw,7.410002885550164,7.6,,-0.1899971144498353,,11,0.3188064481626968,0.2283964974209524
ruhl,200,us7000i9bw,7.410002885550164,7.6,,-0.1899971144498353,,11,0.3188064481626968,0.2283964974209524
