event,station,test_class,method,method_label,mw_catalog,mw_pred,error_vs_catalog,absolute_error,pgd_3d_m,source_distance_km
2016p661332,ANAU,new,crowell,Crowell 2013,7.099999904632568,7.212130829492039,0.1121309248594704,0.1121309248594704,0.04435737932145842,180.9293430278008
2016p661332,GISB,new,crowell,Crowell 2013,7.099999904632568,7.391588739473112,0.2915888348405433,0.2915888348405433,0.04479656817434631,234.51585052894373
2016p661332,HIKB,new,crowell,Crowell 2013,7.099999904632568,6.963401797585873,-0.13659810704669528,0.13659810704669528,0.04174327196933828,127.4906108322191
2016p661332,PAKI,new,crowell,Crowell 2013,7.099999904632568,7.064460059661448,-0.035539844971120615,0.035539844971120615,0.03638041190540408,164.10840123239663
2016p661332,PUKE,new,crowell,Crowell 2013,7.099999904632568,7.149414162707048,0.04941425807447963,0.04941425807447963,0.04360623769846402,166.21588441542187
2016p661332,TAUW,new,crowell,Crowell 2013,7.099999904632568,7.201032128480542,0.10103222384797395,0.10103222384797395,0.040517200129825445,188.67089329858953
2016p661332,WMAT,new,crowell,Crowell 2013,7.099999904632568,6.987469830098725,-0.11253007453384356,0.11253007453384356,0.03943091694272247,137.6958195446054
Ecuador2016,ALTB,legacy,crowell,Crowell 2013,7.800000190734863,7.470706853078895,-0.3292933376559679,0.3292933376559679,0.09193269405695091,167.4971717439943
Ecuador2016,ARSH,legacy,crowell,Crowell 2013,7.800000190734863,7.414490438237484,-0.38550975249737895,0.38550975249737895,0.1856077279334275,98.95164447287222
Ecuador2016,BAHI,legacy,crowell,Crowell 2013,7.800000190734863,8.349372371830103,0.5493721810952401,0.5493721810952401,1.2237534996952792,125.43209339951918
Ecuador2016,CABP,legacy,crowell,Crowell 2013,7.800000190734863,8.202131244845768,0.4021310541109049,0.4021310541109049,1.2510841160976716,101.10778400249967
Ecuador2016,CHLW,legacy,crowell,Crowell 2013,7.800000190734863,7.5148681679687614,-0.28513202276610183,0.28513202276610183,0.06258831503825535,226.96461376539648
Ecuador2016,ESMR,legacy,crowell,Crowell 2013,7.800000190734863,7.103217744249187,-0.6967824464856767,0.6967824464856767,0.13937571989673714,72.03595014010887
Ecuador2016,HSPR,legacy,crowell,Crowell 2013,7.800000190734863,7.5458545391398,-0.2541456515950635,0.2541456515950635,0.13898523521264436,144.71253509236934
Ecuador2016,ISPT,legacy,crowell,Crowell 2013,7.800000190734863,8.09804185990341,0.2980416691685459,0.2980416691685459,0.2500552729724564,220.77683072386475
Ecuador2016,LGCB,legacy,crowell,Crowell 2013,7.800000190734863,7.090994077870589,-0.709006112864274,0.709006112864274,0.27756073224073324,44.824732848465835
Ecuador2016,LUMB,legacy,crowell,Crowell 2013,7.800000190734863,7.65741238044095,-0.14258781029391354,0.14258781029391354,0.057727587130656156,291.07672069168797
Ecuador2016,MHLA,legacy,crowell,Crowell 2013,7.800000190734863,8.005060387884605,0.20506019714974144,0.20506019714974144,0.19601473475864367,224.64286372406053
Ecuador2016,MLEC,legacy,crowell,Crowell 2013,7.800000190734863,8.017802687666526,0.21780249693166276,0.21780249693166276,0.2633217464128138,192.3886192833789
Ecuador2016,MOMP,legacy,crowell,Crowell 2013,7.800000190734863,6.666391811641058,-1.133608379093805,1.133608379093805,0.1659002153598176,29.304535983134542
Ecuador2016,MRO2,legacy,crowell,Crowell 2013,7.800000190734863,8.12665654654029,0.32665635580542585,0.32665635580542585,0.12813674541331002,336.77635160919436
Ecuador2016,PDNS,legacy,crowell,Crowell 2013,7.800000190734863,7.356567149324934,-0.44343304140992945,0.44343304140992945,0.8446277439194971,34.5095140889659
Ecuador2016,RIOP,legacy,crowell,Crowell 2013,7.800000190734863,7.792078678037561,-0.007921512697302013,0.007921512697302013,0.09135884323744752,264.85118590526145
Ecuador2016,RVRD,legacy,crowell,Crowell 2013,7.800000190734863,7.226723778132867,-0.573276412601996,0.573276412601996,0.11075153412116535,102.36479686720988
Ecuador2016,SLGO,legacy,crowell,Crowell 2013,7.800000190734863,8.08267788332262,0.28267769258775743,0.28267769258775743,0.20798834698995505,240.62155386274088
Ecuador2016,SNLR,legacy,crowell,Crowell 2013,7.800000190734863,7.463823387489005,-0.3361768032458583,0.3361768032458583,0.09634700026825704,161.00606855316437
Ecuador2016,TEN1,legacy,crowell,Crowell 2013,7.800000190734863,7.670615421185828,-0.1293847695490351,0.1293847695490351,0.06372171950547398,279.05782218190853
Iquique2014,AEDA,legacy,crowell,Crowell 2013,8.199999809265137,7.458575022426814,-0.7414247868383228,0.7414247868383228,0.14503150297939532,123.64568485637476
Iquique2014,AREQ,legacy,crowell,Crowell 2013,8.199999809265137,7.668918180326455,-0.5310816289386819,0.5310816289386819,0.04202743536557092,358.77592038916197
Iquique2014,COLC,legacy,crowell,Crowell 2013,8.199999809265137,8.053519930687488,-0.1464798785776491,0.1464798785776491,0.21367423858248177,227.9199673285368
Iquique2014,IACR,legacy,crowell,Crowell 2013,8.199999809265137,7.528277106181958,-0.6717227030831792,0.6717227030831792,0.14705986892308753,136.13240634434877
Iquique2014,IQQE,legacy,crowell,Crowell 2013,8.199999809265137,7.816907215043649,-0.38309259422148756,0.38309259422148756,0.4724135442349851,102.56536125846762
Iquique2014,MNMI,legacy,crowell,Crowell 2013,8.199999809265137,7.915585551824774,-0.2844142574403623,0.2844142574403623,0.371208863333154,136.49692086556144
Iquique2014,PB01,legacy,crowell,Crowell 2013,8.199999809265137,7.6738974811411085,-0.5261023281240282,0.5261023281240282,0.10276884030225665,209.53046889321305
Iquique2014,PB02,legacy,crowell,Crowell 2013,8.199999809265137,7.621691234929841,-0.5783085743352956,0.5783085743352956,0.08938913050231583,211.97031901251782
Iquique2014,PB03,legacy,crowell,Crowell 2013,8.199999809265137,7.74345147875696,-0.456548330508177,0.456548330508177,0.06956374639548533,292.1671092440152
Iquique2014,PB04,legacy,crowell,Crowell 2013,8.199999809265137,7.738414334423473,-0.4615854748416641,0.4615854748416641,0.06209638052297649,310.7806182352252
Iquique2014,PB05,legacy,crowell,Crowell 2013,8.199999809265137,7.925585406688799,-0.27441440257633776,0.27441440257633776,0.07129262657757283,366.2368909950705
Iquique2014,PB07,legacy,crowell,Crowell 2013,8.199999809265137,7.718701921741111,-0.48129788752402547,0.48129788752402547,0.08296383509542755,253.94845669831912
Iquique2014,PB08,legacy,crowell,Crowell 2013,8.199999809265137,7.962697033833429,-0.23730277543170786,0.23730277543170786,0.25908989977832597,180.13918205077806
Iquique2014,PB11,legacy,crowell,Crowell 2013,8.199999809265137,8.02096758483308,-0.17903222443205635,0.17903222443205635,0.5922653582494808,120.49154646584738
Iquique2014,PCHA,legacy,crowell,Crowell 2013,8.199999809265137,8.010580794661003,-0.1894190146041339,0.1894190146041339,0.4197727379271559,145.1365887212951
Iquique2014,PICC,legacy,crowell,Crowell 2013,8.199999809265137,7.89835294162612,-0.3016468676390165,0.3016468676390165,0.22153973427986562,180.7639745249968
Iquique2014,PSGA,legacy,crowell,Crowell 2013,8.199999809265137,7.889448391293732,-0.3105514179714044,0.3105514179714044,1.020501165183725,72.25050731646843
Iquique2014,RADO,legacy,crowell,Crowell 2013,8.199999809265137,7.948669425750771,-0.25133038351436543,0.25133038351436543,0.08681691956883562,336.02643151156826
Iquique2014,UCNF,legacy,crowell,Crowell 2013,8.199999809265137,8.132712261124446,-0.06728754814069049,0.06728754814069049,0.0770209404706883,454.6722907014519
Iquique2014,UTAR,legacy,crowell,Crowell 2013,8.199999809265137,7.539878225917233,-0.6601215833479035,0.6601215833479035,0.1508038257721969,136.36293155592554
Napa2014,CMBB,legacy,crowell,Crowell 2013,6.019999980926514,7.2145567506311865,1.1945567697046728,1.1945567697046728,0.049148877162169105,169.92336200744995
Napa2014,DIXN,legacy,crowell,Crowell 2013,6.019999980926514,6.606918712781564,0.5869187318550502,0.5869187318550502,0.06358721521574108,51.47628882138914
Napa2014,GASB,legacy,crowell,Crowell 2013,6.019999980926514,7.140398121096003,1.1203981401694891,1.1203981401694891,0.04368131830510302,163.7333028175875
Napa2014,MODB,legacy,crowell,Crowell 2013,6.019999980926514,7.895236659411878,1.875236678485364,1.875236678485364,0.04822729509584772,443.7550414377015
Napa2014,P059,legacy,crowell,Crowell 2013,6.019999980926514,6.9048995878868995,0.8848996069603858,0.8848996069603858,0.029489594635993373,146.576230444086
Napa2014,P095,legacy,crowell,Crowell 2013,6.019999980926514,7.830116205534662,1.810116224608148,1.810116224608148,0.08507686633354898,290.90131944953987
Napa2014,P127,legacy,crowell,Crowell 2013,6.019999980926514,7.483535908291851,1.4635359273653377,1.4635359273653377,0.04293140300404678,274.60266001671744
Napa2014,P140,legacy,crowell,Crowell 2013,6.019999980926514,7.051584788089682,1.031584807163168,1.031584807163168,0.03790779317043271,156.5097036740567
Napa2014,P146,legacy,crowell,Crowell 2013,6.019999980926514,7.23308526629605,1.2130852853695364,1.2130852853695364,0.04053551895092165,197.94978152770886
Napa2014,P186,legacy,crowell,Crowell 2013,6.019999980926514,7.186630057912111,1.166630076985597,1.166630076985597,0.057080617767531615,147.7181156292417
Napa2014,P197,legacy,crowell,Crowell 2013,6.019999980926514,6.32344692700768,0.3034469460811664,0.3034469460811664,0.03386072656702795,47.463057031614305
Napa2014,P199,legacy,crowell,Crowell 2013,6.019999980926514,6.0398602060146365,0.019860225088122796,0.019860225088122796,0.046646778900409094,20.812310703997028
Napa2014,P200,legacy,crowell,Crowell 2013,6.019999980926514,6.022121709565122,0.0021217286386079337,0.0021217286386079337,0.058239436344739645,16.856153055324345
Napa2014,P202,legacy,crowell,Crowell 2013,6.019999980926514,6.20062795669064,0.1806279757641267,0.1806279757641267,0.04502931026499919,30.021021092469383
Napa2014,P214,legacy,crowell,Crowell 2013,6.019999980926514,6.98574213931199,0.965742158385476,0.965742158385476,0.036987373937835896,143.31810384178272
Napa2014,P217,legacy,crowell,Crowell 2013,6.019999980926514,7.110619128847606,1.0906191479210925,1.0906191479210925,0.05317040533225219,137.38817430216716
Napa2014,P261,legacy,crowell,Crowell 2013,6.019999980926514,5.8477606838102725,-0.1722392971162412,0.1722392971162412,0.03881981970539604,15.671537663293918
Napa2014,P264,legacy,crowell,Crowell 2013,6.019999980926514,6.143594251878915,0.12359427095240161,0.12359427095240161,0.04013440485165884,29.11283258076223
Napa2014,P271,legacy,crowell,Crowell 2013,6.019999980926514,6.598839338037214,0.5788393571107004,0.5788393571107004,0.038803474152406016,71.94757734877055
Napa2014,P272,legacy,crowell,Crowell 2013,6.019999980926514,6.924434241701438,0.9044342607749245,0.9044342607749245,0.04837735131762821,108.30639023245166
Napa2014,P274,legacy,crowell,Crowell 2013,6.019999980926514,6.637134953064892,0.6171349721383788,0.6171349721383788,0.04005108736789507,75.34740687192006
Napa2014,P276,legacy,crowell,Crowell 2013,6.019999980926514,6.792084798577766,0.772084817651252,0.772084817651252,0.03148045587078328,116.43888254400076
Napa2014,P319,legacy,crowell,Crowell 2013,6.019999980926514,7.142409278092619,1.1224092971661053,1.1224092971661053,0.036017770962716106,186.3370955101442
Napa2014,P340,legacy,crowell,Crowell 2013,6.019999980926514,7.7467642894197395,1.7267643084932258,1.7267643084932258,0.217890817262191,147.39098990254385
Napa2014,SUTB,legacy,crowell,Crowell 2013,6.019999980926514,7.220367538393703,1.2003675574671897,1.2003675574671897,0.08744876582935193,118.07233064498303
Napa2014,SVIN,legacy,crowell,Crowell 2013,6.019999980926514,6.232847799492084,0.21284781856557,0.21284781856557,0.048709995966865365,30.2300854269597
Napa2014,UCD1,legacy,crowell,Crowell 2013,6.019999980926514,6.616949141979937,0.5969491610534234,0.5969491610534234,0.051181260012938726,61.12285120638343
Napa2014,WINT,legacy,crowell,Crowell 2013,6.019999980926514,6.465283118991882,0.4452831380653679,0.4452831380653679,0.03129550696581763,65.77797309654602
Puebla2017,TNAT,legacy,crowell,Crowell 2013,7.099999904632568,6.765717405327921,-0.3342824993046474,0.3342824993046474,0.0490292847089721,82.02338283770709
Puebla2017,TNGF,legacy,crowell,Crowell 2013,7.099999904632568,6.963206188906667,-0.1367937157259016,0.1367937157259016,0.044356248811902685,122.36158110567769
Ridgecrest2019,7ODM,legacy,crowell,Crowell 2013,7.099999904632568,7.186319579501303,0.08631967486873471,0.08631967486873471,0.03880734386446426,189.7535753368696
Ridgecrest2019,ARM2,legacy,crowell,Crowell 2013,7.099999904632568,7.448171203115334,0.3481712984827654,0.3481712984827654,0.12338171777690154,134.69777957683644
Ridgecrest2019,BCWR,legacy,crowell,Crowell 2013,7.099999904632568,7.334891671485714,0.2348917668531456,0.2348917668531456,0.05510605743191887,189.23625584338782
Ridgecrest2019,BEPK,legacy,crowell,Crowell 2013,7.099999904632568,6.831673897702932,-0.2683260069296365,0.2683260069296365,0.13860386736949748,45.125964658614016
Ridgecrest2019,BKAP,legacy,crowell,Crowell 2013,7.099999904632568,7.06326547545981,-0.03673442917275871,0.03673442917275871,0.042477207430746865,147.8439421787858
Ridgecrest2019,BKMS,legacy,crowell,Crowell 2013,7.099999904632568,7.3027281209590855,0.20272821632651716,0.20272821632651716,0.04471681568533179,206.16611027351664
Ridgecrest2019,BSRY,legacy,crowell,Crowell 2013,7.099999904632568,7.129326611146056,0.0293267065134879,0.0293267065134879,0.07921751317509841,108.95332613176939
Ridgecrest2019,BVPP,legacy,crowell,Crowell 2013,7.099999904632568,7.401711286344298,0.30171138171172984,0.30171138171172984,0.07457899806009607,172.48796915447298
Ridgecrest2019,CBHS,legacy,crowell,Crowell 2013,7.099999904632568,7.244592879242508,0.1445929746099397,0.1445929746099397,0.03961535274780358,204.3964180989405
Ridgecrest2019,CCCC,legacy,crowell,Crowell 2013,7.099999904632568,6.83213679977922,-0.2678631048533484,0.2678631048533484,0.3296795669173906,24.969184972907353
Ridgecrest2019,CHMS,legacy,crowell,Crowell 2013,7.099999904632568,6.881754772723796,-0.21824513190877237,0.21824513190877237,0.034250378649677594,127.53815356132935
Ridgecrest2019,CIT1,legacy,crowell,Crowell 2013,7.099999904632568,7.235300401810537,0.135300497177969,0.135300497177969,0.044118969228938,188.0344450908508
Ridgecrest2019,CJMG,legacy,crowell,Crowell 2013,7.099999904632568,7.092412403875262,-0.007587500757306742,0.007587500757306742,0.03763672104775776,167.61437746555524
Ridgecrest2019,CJMS,legacy,crowell,Crowell 2013,7.099999904632568,7.0840806080729335,-0.015919296559634866,0.015919296559634866,0.03868291242569678,162.4908603761107
Ridgecrest2019,CJVG,legacy,crowell,Crowell 2013,7.099999904632568,7.28103519678291,0.18103529215034175,0.18103529215034175,0.07228647192375036,146.67637824236039
Ridgecrest2019,CMP9,legacy,crowell,Crowell 2013,7.099999904632568,7.272944628933936,0.17294472430136754,0.17294472430136754,0.05426620482957253,174.173561468076
Ridgecrest2019,COPR,legacy,crowell,Crowell 2013,7.099999904632568,7.507818888687658,0.40781898405508965,0.40781898405508965,0.05060666084696508,256.46487309463845
Ridgecrest2019,CPBN,legacy,crowell,Crowell 2013,7.099999904632568,6.865370303663277,-0.2346296009692912,0.2346296009692912,0.06767359050082318,78.09678002401223
Ridgecrest2019,CRHS,legacy,crowell,Crowell 2013,7.099999904632568,7.405398594550556,0.3053986899179879,0.3053986899179879,0.049324629312161125,225.1309192928716
Ridgecrest2019,CSN1,legacy,crowell,Crowell 2013,7.099999904632568,7.397753669949554,0.29775376531698594,0.29775376531698594,0.06414327936947567,188.60697136414626
Ridgecrest2019,CVHS,legacy,crowell,Crowell 2013,7.099999904632568,7.2787081675534235,0.17870826292085518,0.17870826292085518,0.04808833165044374,189.86991801470276
Ridgecrest2019,DAM2,legacy,crowell,Crowell 2013,7.099999904632568,7.376718702100639,0.27671879746807093,0.27671879746807093,0.06843840206989392,175.480130533085
Ridgecrest2019,DAM3,legacy,crowell,Crowell 2013,7.099999904632568,7.435961071032282,0.33596116639971374,0.33596116639971374,0.07857844524778451,175.58374915544087
Ridgecrest2019,ELLY,legacy,crowell,Crowell 2013,7.099999904632568,7.8976668657736,0.7976669611410321,0.7976669611410321,0.12958889318970654,248.0229879755868
Ridgecrest2019,FHOG,legacy,crowell,Crowell 2013,7.099999904632568,7.367816984689393,0.26781708005682425,0.26781708005682425,0.05622903861559238,196.15326611349604
Ridgecrest2019,FMTP,legacy,crowell,Crowell 2013,7.099999904632568,7.5568509362654375,0.4568510316328691,0.4568510316328691,0.09045360840514927,191.82871374307697
Ridgecrest2019,FMVT,legacy,crowell,Crowell 2013,7.099999904632568,7.559183001274431,0.45918309664186285,0.45918309664186285,0.08781023853199056,196.03531041686185
Ridgecrest2019,HAR7,legacy,crowell,Crowell 2013,7.099999904632568,7.05928558784573,-0.04071431678683801,0.04071431678683801,0.09057596751449179,88.99959755535922
Ridgecrest2019,HIVI,legacy,crowell,Crowell 2013,7.099999904632568,7.0871570608660805,-0.01284284376648781,0.01284284376648781,0.0666560249802426,114.04987797186497
Ridgecrest2019,ISLK,legacy,crowell,Crowell 2013,7.099999904632568,6.887162876231611,-0.21283702840095753,0.21283702840095753,0.06870465317932732,80.23575889993526
Ridgecrest2019,JNHG,legacy,crowell,Crowell 2013,7.099999904632568,7.0347888654394195,-0.06521103919314886,0.06521103919314886,0.038597992429030024,150.60535900989325
Ridgecrest2019,KBRC,legacy,crowell,Crowell 2013,7.099999904632568,7.6081967868858715,0.5081968822533032,0.5081968822533032,0.09576134509231758,199.3430378193079
Ridgecrest2019,LAPC,legacy,crowell,Crowell 2013,7.099999904632568,7.199517399644227,0.09951749501165885,0.09951749501165885,0.03753343790836849,197.8205274262141
Ridgecrest2019,LFRS,legacy,crowell,Crowell 2013,7.099999904632568,7.167780711598091,0.0677808069655228,0.0677808069655228,0.03412939031781095,200.59561795466288
Ridgecrest2019,LINJ,legacy,crowell,Crowell 2013,7.099999904632568,7.051917792681829,-0.048082111950739304,0.048082111950739304,0.048597574753125934,132.8246779598285
Ridgecrest2019,LONG,legacy,crowell,Crowell 2013,7.099999904632568,7.649028477523571,0.5490285728910029,0.5490285728910029,0.11570146516445888,188.17273029606883
Ridgecrest2019,LPHS,legacy,crowell,Crowell 2013,7.099999904632568,7.2325876693605675,0.13258776472799916,0.13258776472799916,0.04088499611814928,196.70800098398058
Ridgecrest2019,MPWD,legacy,crowell,Crowell 2013,7.099999904632568,7.495162183050505,0.3951622784179367,0.3951622784179367,0.07257486542037421,201.2055060762712
Ridgecrest2019,MSOB,legacy,crowell,Crowell 2013,7.099999904632568,7.149138948612655,0.049139043980086505,0.049139043980086505,0.04028350755541615,174.97944152743437
Ridgecrest2019,ORMT,legacy,crowell,Crowell 2013,7.099999904632568,7.251045255150598,0.1510453505180296,0.1510453505180296,0.07128316339184612,141.33237737959251
Ridgecrest2019,OVLS,legacy,crowell,Crowell 2013,7.099999904632568,7.650160473538495,0.5501605689059268,0.5501605689059268,0.09448776770945247,213.29826341294552
Ridgecrest2019,P056,legacy,crowell,Crowell 2013,7.099999904632568,6.7316971567115615,-0.3683027479210068,0.3683027479210068,0.021941365224531297,135.0775021940751
Ridgecrest2019,P068,legacy,crowell,Crowell 2013,7.099999904632568,7.9214815824062415,0.8214816777736731,0.8214816777736731,0.06224030464716063,394.68191587529225
Ridgecrest2019,P091,legacy,crowell,Crowell 2013,7.099999904632568,6.796810527655051,-0.30318937697751736,0.30318937697751736,0.0431951114540752,94.42241245446652
Ridgecrest2019,P092,legacy,crowell,Crowell 2013,7.099999904632568,6.803133425900429,-0.2968664787321398,0.2968664787321398,0.03228662759975216,116.56900293002296
Ridgecrest2019,P093,legacy,crowell,Crowell 2013,7.099999904632568,6.953628814231526,-0.14637109040104246,0.14637109040104246,0.05870951006647863,99.78076865915637
Ridgecrest2019,P127,legacy,crowell,Crowell 2013,7.099999904632568,8.082652678298068,0.9826527736654995,0.9826527736654995,0.07028007083815926,450.5501693718806
Ridgecrest2019,P133,legacy,crowell,Crowell 2013,7.099999904632568,7.692706418960362,0.5927065143277934,0.5927065143277934,0.0490081882038187,337.3337097010584
Ridgecrest2019,P135,legacy,crowell,Crowell 2013,7.099999904632568,7.716166314940774,0.6161664103082058,0.6161664103082058,0.0486531590230333,349.62033806345767
Ridgecrest2019,P214,legacy,crowell,Crowell 2013,7.099999904632568,8.149603374618,1.0496034699854313,1.0496034699854313,0.09991618915314912,399.86125056104515
Ridgecrest2019,P217,legacy,crowell,Crowell 2013,7.099999904632568,7.852100806990151,0.7521009023575829,0.7521009023575829,0.054233882049279286,391.5991540713535
Ridgecrest2019,P271,legacy,crowell,Crowell 2013,7.099999904632568,7.984488187065081,0.8844882824325122,0.8844882824325122,0.050088289804795655,485.60272054152296
Ridgecrest2019,P274,legacy,crowell,Crowell 2013,7.099999904632568,7.725415267128418,0.6254153624958496,0.6254153624958496,0.03367390128983043,442.19368134678723
Ridgecrest2019,P300,legacy,crowell,Crowell 2013,7.099999904632568,7.5220299861668165,0.42203008153424815,0.42203008153424815,0.055146386031142254,248.0512772546956
Ridgecrest2019,P302,legacy,crowell,Crowell 2013,7.099999904632568,7.558016066465913,0.4580161618333447,0.4580161618333447,0.0471381153724261,287.50534975148366
Ridgecrest2019,P462,legacy,crowell,Crowell 2013,7.099999904632568,7.007906168805849,-0.09209373582671976,0.09209373582671976,0.07341089534828295,94.00214077680798
Ridgecrest2019,P463,legacy,crowell,Crowell 2013,7.099999904632568,6.800129868185321,-0.2998700364472473,0.2998700364472473,0.11351637314559561,48.88507646796504
Ridgecrest2019,P464,legacy,crowell,Crowell 2013,7.099999904632568,6.901071966570882,-0.1989279380616864,0.1989279380616864,0.15579276235797127,47.195136820784604
Ridgecrest2019,P465,legacy,crowell,Crowell 2013,7.099999904632568,6.978814316121326,-0.12118558851124206,0.12118558851124206,0.07122112056839015,91.40080092366043
Ridgecrest2019,P466,legacy,crowell,Crowell 2013,7.099999904632568,6.818009678374133,-0.2819902262584355,0.2819902262584355,0.05155924667040541,86.70455638524139
Ridgecrest2019,P467,legacy,crowell,Crowell 2013,7.099999904632568,6.988390343431717,-0.11160956120085164,0.11160956120085164,0.0641430674976666,99.60121290566761
Ridgecrest2019,P490,legacy,crowell,Crowell 2013,7.099999904632568,7.572815961116471,0.4728160564839028,0.4728160564839028,0.053302722163237184,272.0210672452911
Ridgecrest2019,P496,legacy,crowell,Crowell 2013,7.099999904632568,7.888384781491803,0.7883848768592348,0.7883848768592348,0.06093279020098913,382.9954053717602
Ridgecrest2019,P499,legacy,crowell,Crowell 2013,7.099999904632568,7.9104693781290605,0.8104694734964921,0.8104694734964921,0.06907434433429908,365.91181000824224
Ridgecrest2019,P501,legacy,crowell,Crowell 2013,7.099999904632568,7.878862327706818,0.7788624230742496,0.7788624230742496,0.060438681458782145,380.13802039143684
Ridgecrest2019,P506,legacy,crowell,Crowell 2013,7.099999904632568,7.886668937314062,0.7866690326814938,0.7866690326814938,0.0689385633451388,355.19404252500425
Ridgecrest2019,P537,legacy,crowell,Crowell 2013,7.099999904632568,7.173213957732526,0.07321405309995743,0.07321405309995743,0.03055621102744181,217.35748320365232
Ridgecrest2019,P544,legacy,crowell,Crowell 2013,7.099999904632568,7.276626121927684,0.17662621729511585,0.17662621729511585,0.0465968656630801,193.14766552829033
Ridgecrest2019,P545,legacy,crowell,Crowell 2013,7.099999904632568,7.440854498792762,0.34085459416019326,0.34085459416019326,0.07799654221422245,177.68270209772058
Ridgecrest2019,P547,legacy,crowell,Crowell 2013,7.099999904632568,7.146420814175319,0.0464209095427508,0.0464209095427508,0.030483423284302105,209.09088428419057
Ridgecrest2019,P556,legacy,crowell,Crowell 2013,7.099999904632568,7.163072402595552,0.06307249796298375,0.06307249796298375,0.058205922104823206,140.60002419635998
Ridgecrest2019,P561,legacy,crowell,Crowell 2013,7.099999904632568,7.726142082537683,0.6261421779051144,0.6261421779051144,0.20737977145852432,147.41336902193063
Ridgecrest2019,P563,legacy,crowell,Crowell 2013,7.099999904632568,7.462282149280921,0.3622822446483527,0.3622822446483527,0.08849068272840574,169.42701765767683
Ridgecrest2019,P564,legacy,crowell,Crowell 2013,7.099999904632568,7.219567383194499,0.11956747856193051,0.11956747856193051,0.05509757371408887,159.0207920559172
Ridgecrest2019,P565,legacy,crowell,Crowell 2013,7.099999904632568,7.120038655208889,0.020038750576320652,0.020038750576320652,0.04859196960159696,147.93094130924487
Ridgecrest2019,P568,legacy,crowell,Crowell 2013,7.099999904632568,6.922475746445662,-0.17752415818690626,0.17752415818690626,0.08300137481032167,74.98766564877852
Ridgecrest2019,P570,legacy,crowell,Crowell 2013,7.099999904632568,6.8295939413077225,-0.2704059633248459,0.2704059633248459,0.08832101369073911,61.19330084512307
Ridgecrest2019,P571,legacy,crowell,Crowell 2013,7.099999904632568,6.880004606533406,-0.21999529809916218,0.21999529809916218,0.038677145420444446,117.09501326723817
Ridgecrest2019,P573,legacy,crowell,Crowell 2013,7.099999904632568,6.806702399747409,-0.2932975048851594,0.2932975048851594,0.06854606854671126,69.93783308455335
Ridgecrest2019,P579,legacy,crowell,Crowell 2013,7.099999904632568,6.8431080165678155,-0.2568918880647528,0.2568918880647528,0.052322522964322646,89.59499387930994
Ridgecrest2019,P580,legacy,crowell,Crowell 2013,7.099999904632568,7.04113779340828,-0.05886211122428797,0.05886211122428797,0.27659043670311356,41.17084608624383
Ridgecrest2019,P582,legacy,crowell,Crowell 2013,7.099999904632568,6.894394761678641,-0.20560514295392718,0.20560514295392718,0.03569005813860022,126.62236600856829
Ridgecrest2019,P583,legacy,crowell,Crowell 2013,7.099999904632568,6.87341866434434,-0.2265812402882288,0.2265812402882288,0.058344685557466754,87.58284414129884
Ridgecrest2019,P588,legacy,crowell,Crowell 2013,7.099999904632568,7.0521891786815685,-0.04781072595099989,0.04781072595099989,0.06136999637398492,113.8455985793352
Ridgecrest2019,P589,legacy,crowell,Crowell 2013,7.099999904632568,7.114706767560175,0.014706862927607034,0.014706862927607034,0.05480088428345311,135.56031675010715
Ridgecrest2019,P590,legacy,crowell,Crowell 2013,7.099999904632568,6.9592230595864715,-0.1407768450460969,0.1407768450460969,0.08908676951889916,76.1146646096091
Ridgecrest2019,P591,legacy,crowell,Crowell 2013,7.099999904632568,6.855087872377375,-0.24491203225519342,0.24491203225519342,0.06512951379625098,78.7593484358568
Ridgecrest2019,P592,legacy,crowell,Crowell 2013,7.099999904632568,7.032118028843812,-0.06788187578875604,0.06788187578875604,0.13457102382086067,65.40110927188164
Ridgecrest2019,P594,legacy,crowell,Crowell 2013,7.099999904632568,6.68158484275442,-0.41841506187814836,0.41841506187814836,0.21814679729245154,24.910427732351266
Ridgecrest2019,P595,legacy,crowell,Crowell 2013,7.099999904632568,6.973812119695151,-0.1261877849374171,0.1261877849374171,0.6266953067263247,21.11003482236609
Ridgecrest2019,P596,legacy,crowell,Crowell 2013,7.099999904632568,6.923036530685817,-0.17696337394675155,0.17696337394675155,0.09338618530102569,69.31841875170082
Ridgecrest2019,P597,legacy,crowell,Crowell 2013,7.099999904632568,6.924122847206116,-0.17587705742645277,0.17587705742645277,0.10287582429378413,65.05702283226886
Ridgecrest2019,P605,legacy,crowell,Crowell 2013,7.099999904632568,7.0748082975361575,-0.025191607096410884,0.025191607096410884,0.038013343924788674,162.0125183384237
Ridgecrest2019,P615,legacy,crowell,Crowell 2013,7.099999904632568,7.122927320125466,0.022927415492898007,0.022927415492898007,0.0905305972206641,98.79622789454567
Ridgecrest2019,P616,legacy,crowell,Crowell 2013,7.099999904632568,6.8302279732303175,-0.26977193140225086,0.26977193140225086,0.12868747004682785,47.35319038933505
Ridgecrest2019,P617,legacy,crowell,Crowell 2013,7.099999904632568,7.028268328649171,-0.07173157598339763,0.07173157598339763,0.06453030385518262,105.91543278377333
Ridgecrest2019,P618,legacy,crowell,Crowell 2013,7.099999904632568,7.134311863097202,0.03431195846463364,0.03431195846463364,0.047918004902004,152.65594465613577
Ridgecrest2019,P619,legacy,crowell,Crowell 2013,7.099999904632568,7.0976103611762715,-0.0023895434562968276,0.0023895434562968276,0.05202801252918693,136.53096534319963
Ridgecrest2019,P620,legacy,crowell,Crowell 2013,7.099999904632568,6.821743884389051,-0.2782560202435169,0.2782560202435169,0.028326814916845796,131.52023645755617
Ridgecrest2019,P729,legacy,crowell,Crowell 2013,7.099999904632568,7.726168550765463,0.6261686461328946,0.6261686461328946,0.11018634375388786,216.10201609496903
Ridgecrest2019,P789,legacy,crowell,Crowell 2013,7.099999904632568,7.383906828064039,0.28390692343147084,0.28390692343147084,0.037474539874856286,259.6551396995064
Ridgecrest2019,P799,legacy,crowell,Crowell 2013,7.099999904632568,7.460716379909634,0.36071647527706574,0.36071647527706574,0.0603107164185797,214.91457789274224
Ridgecrest2019,P800,legacy,crowell,Crowell 2013,7.099999904632568,7.324748983421497,0.22474907878892836,0.22474907878892836,0.047038148692315616,206.2104145213412
Ridgecrest2019,P809,legacy,crowell,Crowell 2013,7.099999904632568,7.075890180772446,-0.024109723860122223,0.024109723860122223,0.0437324665378593,147.93994955516843
Ridgecrest2019,P810,legacy,crowell,Crowell 2013,7.099999904632568,7.049754074763543,-0.05024582986902537,0.05024582986902537,0.04109402189826884,147.93063094887376
Ridgecrest2019,P811,legacy,crowell,Crowell 2013,7.099999904632568,6.89447012200529,-0.20552978262727795,0.20552978262727795,0.07191744667240084,78.76368656462887
Ridgecrest2019,P812,legacy,crowell,Crowell 2013,7.099999904632568,6.865209691187735,-0.23479021344483364,0.23479021344483364,0.06682387908223243,78.7496418542342
Ridgecrest2019,PBPP,legacy,crowell,Crowell 2013,7.099999904632568,6.965400712217766,-0.134599192414802,0.134599192414802,0.03514197373410924,143.56222222416466
Ridgecrest2019,PKRD,legacy,crowell,Crowell 2013,7.099999904632568,7.367575461106867,0.26757555647429854,0.26757555647429854,0.05553557431836541,197.63285737660556
Ridgecrest2019,RAMT,legacy,crowell,Crowell 2013,7.099999904632568,6.848599620713183,-0.2514002839193852,0.2514002839193852,0.12767828536562742,49.202921562925745
Ridgecrest2019,RCSC,legacy,crowell,Crowell 2013,7.099999904632568,7.59644889939648,0.49644899476391124,0.49644899476391124,0.06097964887464663,258.75492880880506
Ridgecrest2019,RHCL,legacy,crowell,Crowell 2013,7.099999904632568,7.094173765243853,-0.005826139388715568,0.005826139388715568,0.02919202503996126,198.69397619188817
Ridgecrest2019,RSTP,legacy,crowell,Crowell 2013,7.099999904632568,6.9810401091159076,-0.1189597955166608,0.1189597955166608,0.05189135012380756,113.39847219923216
Ridgecrest2019,RTHS,legacy,crowell,Crowell 2013,7.099999904632568,7.409061564060936,0.3090616594283677,0.3090616594283677,0.06596442253841557,188.4144169364675
Ridgecrest2019,SCIA,legacy,crowell,Crowell 2013,7.099999904632568,6.967826172433278,-0.1321737321992904,0.1321737321992904,0.04054383198741175,130.94335036069577
Ridgecrest2019,SHOS,legacy,crowell,Crowell 2013,7.099999904632568,6.889726953889842,-0.21027295074272612,0.21027295074272612,0.03838076935905378,119.61244867571101
Ridgecrest2019,SOMT,legacy,crowell,Crowell 2013,7.099999904632568,7.662302391876176,0.562302487243608,0.562302487243608,0.10018808960074259,209.35769389842048
Ridgecrest2019,SPMS,legacy,crowell,Crowell 2013,7.099999904632568,7.209526415491069,0.10952651085850107,0.10952651085850107,0.03803998222095943,199.0861274928685
Ridgecrest2019,TABL,legacy,crowell,Crowell 2013,7.099999904632568,7.213371071607501,0.11337116697493244,0.11337116697493244,0.05664139046973208,154.7209997846468
Ridgecrest2019,TOST,legacy,crowell,Crowell 2013,7.099999904632568,7.386092679657348,0.2860927750247795,0.2860927750247795,0.055379882475120025,203.4451808973308
Ridgecrest2019,TPOG,legacy,crowell,Crowell 2013,7.099999904632568,7.0080213581500646,-0.09197854648250381,0.09197854648250381,0.0545527138288642,114.6039385277861
Ridgecrest2019,USGC,legacy,crowell,Crowell 2013,7.099999904632568,7.780664870618708,0.6806649659861392,0.6806649659861392,0.06022292246378632,334.9437687739817
Ridgecrest2019,VNCO,legacy,crowell,Crowell 2013,7.099999904632568,7.81304485559291,0.7130449509603416,0.7130449509603416,0.12733265163798144,223.3939012657285
Ridgecrest2019,VNCX,legacy,crowell,Crowell 2013,7.099999904632568,7.284720310735987,0.1847204061034189,0.1847204061034189,0.05162006721818898,183.06993674976104
Ridgecrest2019,WASG,legacy,crowell,Crowell 2013,7.099999904632568,6.873168194216366,-0.2268317104162021,0.2268317104162021,0.05908487184583006,86.79847268777017
Ridgecrest2019,WCHS,legacy,crowell,Crowell 2013,7.099999904632568,7.171036672837569,0.07103676820500038,0.07103676820500038,0.03671862973498895,192.20472410235678
Ridgecrest2019,WHFG,legacy,crowell,Crowell 2013,7.099999904632568,6.832090131087271,-0.26790977354529755,0.26790977354529755,0.07481189176791479,68.85274592937999
Ridgecrest2019,WLSN,legacy,crowell,Crowell 2013,7.099999904632568,7.229276636008719,0.1292767313761507,0.1292767313761507,0.04785122158991723,176.80535010052986
Ridgecrest2019,WNRA,legacy,crowell,Crowell 2013,7.099999904632568,7.358180879209875,0.25818097457730627,0.25818097457730627,0.05474842118106245,196.68822458424606
Ridgecrest2019,WORG,legacy,crowell,Crowell 2013,7.099999904632568,6.965894314101165,-0.13410559053140325,0.13410559053140325,0.1320578374697996,59.11546450322608
Tokachi2003,0001,legacy,crowell,Crowell 2013,8.15999984741211,8.462015677294733,0.3020158298826239,0.3020158298826239,0.16800696546637467,436.5135294839057
Tokachi2003,0002,legacy,crowell,Crowell 2013,8.15999984741211,8.218731544808561,0.058731697396451565,0.058731697396451565,0.19446716018876795,298.2257089649345
Tokachi2003,0003,legacy,crowell,Crowell 2013,8.15999984741211,8.405729475692485,0.24572962828037603,0.24572962828037603,0.23606317662530435,337.7770744588617
Tokachi2003,0004,legacy,crowell,Crowell 2013,8.15999984741211,8.128740594300606,-0.03125925311150368,0.03125925311150368,0.22578558290748563,243.81582814956877
Tokachi2003,0005,legacy,crowell,Crowell 2013,8.15999984741211,7.98271448386513,-0.17728536354697955,0.17728536354697955,0.23560129333712235,195.74415828512258
Tokachi2003,0007,legacy,crowell,Crowell 2013,8.15999984741211,8.313353710420577,0.15335386300846743,0.15335386300846743,0.3776253471709385,231.28939629739574
Tokachi2003,0008,legacy,crowell,Crowell 2013,8.15999984741211,8.246485026452044,0.08648517903993458,0.08648517903993458,0.20344277510072503,301.0944710672287
Tokachi2003,0009,legacy,crowell,Crowell 2013,8.15999984741211,8.113088467177034,-0.04691138023507513,0.04691138023507513,0.3902503306516076,174.28770472733498
Tokachi2003,0011,legacy,crowell,Crowell 2013,8.15999984741211,8.162783939853668,0.0027840924415585278,0.0027840924415585278,0.6194014439725285,143.03499355828671
Tokachi2003,0012,legacy,crowell,Crowell 2013,8.15999984741211,8.42351577160117,0.2635159241890612,0.2635159241890612,0.7510042204350083,181.66401531965406
Tokachi2003,0013,legacy,crowell,Crowell 2013,8.15999984741211,8.220751224348934,0.06075137693682464,0.06075137693682464,0.21543560828092276,282.0853630129269
Tokachi2003,0014,legacy,crowell,Crowell 2013,8.15999984741211,8.365831389687841,0.20583154227573175,0.20583154227573175,0.4542381797542045,223.09226564080922
Tokachi2003,0017,legacy,crowell,Crowell 2013,8.15999984741211,8.167927136048677,0.007927288636567553,0.007927288636567553,0.13614500552413428,342.7091816626146
Tokachi2003,0018,legacy,crowell,Crowell 2013,8.15999984741211,8.12073614796953,-0.03926369944257857,0.03926369944257857,0.20620413678410915,254.2008434341821
Tokachi2003,0020,legacy,crowell,Crowell 2013,8.15999984741211,8.155877013322007,-0.004122834090102501,0.004122834090102501,0.11828029036440546,365.8608380996649
Tokachi2003,0021,legacy,crowell,Crowell 2013,8.15999984741211,8.134043867537503,-0.025955979874606072,0.025955979874606072,0.14504922229734554,316.578052758474
Tokachi2003,0022,legacy,crowell,Crowell 2013,8.15999984741211,8.022480281613433,-0.13751956579867652,0.13751956579867652,0.1552021088662085,263.42951908173313
Tokachi2003,0023,legacy,crowell,Crowell 2013,8.15999984741211,8.034123661455101,-0.1258761859570079,0.1258761859570079,0.11110102190150706,324.9043391145899
Tokachi2003,0024,legacy,crowell,Crowell 2013,8.15999984741211,7.860192651355261,-0.29980719605684847,0.29980719605684847,0.13220974063568827,232.98104563572258
Tokachi2003,0026,legacy,crowell,Crowell 2013,8.15999984741211,8.04652908334437,-0.11347076406774015,0.11347076406774015,0.11363157630541477,325.8437116852945
Tokachi2003,0030,legacy,crowell,Crowell 2013,8.15999984741211,7.97613324425827,-0.18386660315383896,0.18386660315383896,0.06730012024759485,404.2023437246948
Tokachi2003,0031,legacy,crowell,Crowell 2013,8.15999984741211,7.956866124873409,-0.2031337225387002,0.2031337225387002,0.059762562720016774,422.89596080671106
Tokachi2003,0032,legacy,crowell,Crowell 2013,8.15999984741211,8.092539501452235,-0.0674603459598746,0.0674603459598746,0.06529275411493768,475.9084285316286
Tokachi2003,0101,legacy,crowell,Crowell 2013,8.15999984741211,8.330566218532933,0.17056637112082385,0.17056637112082385,0.1372249070230854,417.21116405961317
Tokachi2003,0102,legacy,crowell,Crowell 2013,8.15999984741211,8.274718205098248,0.11471835768613836,0.11471835768613836,0.10623653222788473,450.3055719107177
Tokachi2003,0103,legacy,crowell,Crowell 2013,8.15999984741211,8.249939635847626,0.08993978843551709,0.08993978843551709,0.14056304670945455,372.8636031401621
Tokachi2003,0104,legacy,crowell,Crowell 2013,8.15999984741211,8.606195440389973,0.4461955929778636,0.4461955929778636,0.2875330303131136,385.9135216614619
Tokachi2003,0105,legacy,crowell,Crowell 2013,8.15999984741211,8.303856065424158,0.14385621801204884,0.14385621801204884,0.17536780468364943,351.8010813592655
Tokachi2003,0106,legacy,crowell,Crowell 2013,8.15999984741211,8.275248222235485,0.11524837482337524,0.11524837482337524,0.15849711736766342,359.4793494097204
Tokachi2003,0107,legacy,crowell,Crowell 2013,8.15999984741211,8.284347128237586,0.12434728082547686,0.12434728082547686,0.22743707396525975,296.54996725856995
Tokachi2003,0108,legacy,crowell,Crowell 2013,8.15999984741211,8.136906765101015,-0.023093082311094193,0.023093082311094193,0.21678211459844757,252.2609288274585
Tokachi2003,0110,legacy,crowell,Crowell 2013,8.15999984741211,8.268250548163866,0.10825070075175702,0.10825070075175702,0.23622227191532572,284.4215314981978
Tokachi2003,0111,legacy,crowell,Crowell 2013,8.15999984741211,8.2260301991632,0.06603035175109007,0.06603035175109007,0.2695052868247698,250.07039639679425
Tokachi2003,0113,legacy,crowell,Crowell 2013,8.15999984741211,7.98329726209742,-0.17670258531468974,0.17670258531468974,0.20224486279070258,214.2105999345888
Tokachi2003,0114,legacy,crowell,Crowell 2013,8.15999984741211,8.14699405810648,-0.013005789305628568,0.013005789305628568,0.2634839542163631,228.5364851235753
Tokachi2003,0116,legacy,crowell,Crowell 2013,8.15999984741211,7.9551233833434525,-0.2048764640686569,0.2048764640686569,0.2259105289939436,193.21523473440448
Tokachi2003,0117,legacy,crowell,Crowell 2013,8.15999984741211,8.24478281992349,0.08478297251138045,0.08478297251138045,0.24442321318573854,270.7669823366324
Tokachi2003,0118,legacy,crowell,Crowell 2013,8.15999984741211,8.074984972114537,-0.08501487529757235,0.08501487529757235,0.27520339992096227,202.5575654225585
Tokachi2003,0119,legacy,crowell,Crowell 2013,8.15999984741211,7.962996984498024,-0.19700286291408542,0.19700286291408542,0.1662651965973338,233.79695786419776
Tokachi2003,0120,legacy,crowell,Crowell 2013,8.15999984741211,8.18917293620561,0.029173088793500668,0.029173088793500668,0.16210102057120795,318.63264262602314
Tokachi2003,0121,legacy,crowell,Crowell 2013,8.15999984741211,8.168475938779977,0.008476091367867866,0.008476091367867866,0.46846323969335985,169.12748364021783
Tokachi2003,0123,legacy,crowell,Crowell 2013,8.15999984741211,8.247111522429075,0.08711167501696515,0.08711167501696515,0.570115895089826,168.06492111128125
Tokachi2003,0125,legacy,crowell,Crowell 2013,8.15999984741211,8.114159948937429,-0.045839898474680396,0.045839898474680396,0.45027396826675314,160.73632183833843
Tokachi2003,0126,legacy,crowell,Crowell 2013,8.15999984741211,8.236636507185235,0.07663665977312561,0.07663665977312561,0.18534538516710858,313.5017636316111
Tokachi2003,0127,legacy,crowell,Crowell 2013,8.15999984741211,8.246102246279435,0.08610239886732529,0.08610239886732529,0.196526700252733,306.90530711944757
Tokachi2003,0128,legacy,crowell,Crowell 2013,8.15999984741211,8.266196379956956,0.10619653254484618,0.10619653254484618,0.2905458281292985,252.35580733810727
Tokachi2003,0129,legacy,crowell,Crowell 2013,8.15999984741211,8.202636103935934,0.0426362565238243,0.0426362565238243,0.21488006351175995,276.0267177845389
Tokachi2003,0130,legacy,crowell,Crowell 2013,8.15999984741211,8.190474679122117,0.030474831710007422,0.030474831710007422,0.186442565323934,294.6737980550929
Tokachi2003,0131,legacy,crowell,Crowell 2013,8.15999984741211,8.178413196210716,0.018413348798606677,0.018413348798606677,0.15505278238364006,322.39845086983945
Tokachi2003,0132,legacy,crowell,Crowell 2013,8.15999984741211,8.345210989953927,0.18521114254181725,0.18521114254181725,0.5322996973666516,198.79373666322823
Tokachi2003,0133,legacy,crowell,Crowell 2013,8.15999984741211,8.410770272731797,0.2507704253196881,0.2507704253196881,0.8247304192809193,169.61931657997272
Tokachi2003,0134,legacy,crowell,Crowell 2013,8.15999984741211,8.301582775958906,0.14158292854679644,0.14158292854679644,1.1430616421753719,122.12743659815841
Tokachi2003,0135,legacy,crowell,Crowell 2013,8.15999984741211,8.172893925133248,0.012894077721139041,0.012894077721139041,0.23314467979575165,253.55327080805705
Tokachi2003,0136,legacy,crowell,Crowell 2013,8.15999984741211,8.324394196741073,0.16439434932896368,0.16439434932896368,0.445945399835534,213.68574773910635
Tokachi2003,0137,legacy,crowell,Crowell 2013,8.15999984741211,8.184225938269575,0.024226090857466076,0.024226090857466076,0.21184980049922872,271.7667990340552
Tokachi2003,0139,legacy,crowell,Crowell 2013,8.15999984741211,8.218342691879945,0.058342844467835775,0.058342844467835775,0.31366569484246987,227.13218601741173
Tokachi2003,0140,legacy,crowell,Crowell 2013,8.15999984741211,8.173768777338493,0.013768929926383677,0.013768929926383677,0.17005820376832134,304.0186405564264
Tokachi2003,0143,legacy,crowell,Crowell 2013,8.15999984741211,8.13918560797347,-0.020814239438639248,0.020814239438639248,0.1545546702155857,307.25748328504324
Tokachi2003,0145,legacy,crowell,Crowell 2013,8.15999984741211,8.15239148974145,-0.007608357670658705,0.007608357670658705,0.14356251915850016,325.9815578533736
Tokachi2003,0146,legacy,crowell,Crowell 2013,8.15999984741211,8.118414059892304,-0.04158578751980535,0.04158578751980535,0.17402175910028136,279.4329845518238
Tokachi2003,0147,legacy,crowell,Crowell 2013,8.15999984741211,8.084906657203076,-0.07509319020903327,0.07509319020903327,0.18340198850752712,259.5303398138289
Tokachi2003,0149,legacy,crowell,Crowell 2013,8.15999984741211,8.066516865101164,-0.09348298231094532,0.09348298231094532,0.13660724840449082,300.4842329000409
Tokachi2003,0150,legacy,crowell,Crowell 2013,8.15999984741211,7.961949336288875,-0.19805051112323468,0.19805051112323468,0.1418631513092072,256.2621963050986
Tokachi2003,0151,legacy,crowell,Crowell 2013,8.15999984741211,7.940178458273059,-0.21982138913905036,0.21982138913905036,0.11123521042761422,287.23225081282754
Tokachi2003,0152,legacy,crowell,Crowell 2013,8.15999984741211,7.773767392861848,-0.3862324545502611,0.3862324545502611,0.10820628875838255,233.35433731075724
Tokachi2003,0153,legacy,crowell,Crowell 2013,8.15999984741211,7.802158944827049,-0.3578409025850604,0.3578409025850604,0.09414231959494818,263.706512005557
Tokachi2003,0154,legacy,crowell,Crowell 2013,8.15999984741211,7.993188178502667,-0.16681166890944255,0.16681166890944255,0.08464528090402706,361.2213399833819
Tokachi2003,0155,legacy,crowell,Crowell 2013,8.15999984741211,7.903326398297904,-0.25667344911420553,0.25667344911420553,0.08781945246660215,314.5614361220206
Tokachi2003,0156,legacy,crowell,Crowell 2013,8.15999984741211,7.625862992472131,-0.5341368549399785,0.5341368549399785,0.06961605529904952,248.52414714382743
Tokachi2003,0157,legacy,crowell,Crowell 2013,8.15999984741211,7.776815015634273,-0.3831848317778368,0.3831848317778368,0.07471684655804504,292.735862745121
Tokachi2003,0158,legacy,crowell,Crowell 2013,8.15999984741211,7.552863692980748,-0.6071361544313616,0.6071361544313616,0.06119198473808912,242.90135020778823
Tokachi2003,0159,legacy,crowell,Crowell 2013,8.15999984741211,7.725934589237737,-0.434065258174372,0.434065258174372,0.07254768300754977,278.16144367544297
Tokachi2003,0161,legacy,crowell,Crowell 2013,8.15999984741211,7.760347503935512,-0.39965234347659706,0.39965234347659706,0.06727141145221617,304.99081668979636
Tokachi2003,0162,legacy,crowell,Crowell 2013,8.15999984741211,7.622724302567171,-0.5372755448449382,0.5372755448449382,0.059351283984694934,272.8591315928874
Tokachi2003,0163,legacy,crowell,Crowell 2013,8.15999984741211,7.673275814733382,-0.486724032678727,0.486724032678727,0.051574491676458466,318.57604839226445
Tokachi2003,0164,legacy,crowell,Crowell 2013,8.15999984741211,7.547238584627388,-0.612761262784721,0.612761262784721,0.04740910342827354,282.23191126592087
Tokachi2003,0165,legacy,crowell,Crowell 2013,8.15999984741211,7.819415402162341,-0.3405844452497684,0.3405844452497684,0.06323070200637755,342.40971995842955
Tokachi2003,0181,legacy,crowell,Crowell 2013,8.15999984741211,7.877395242473915,-0.2826046049381947,0.2826046049381947,0.07821011555183041,325.61805725459806
Tokachi2003,0182,legacy,crowell,Crowell 2013,8.15999984741211,7.947142470211489,-0.2128573772006206,0.2128573772006206,0.08017961035302396,351.4161864785254
Tokachi2003,0183,legacy,crowell,Crowell 2013,8.15999984741211,7.812346595847788,-0.3476532515643216,0.3476532515643216,0.07063896052840563,317.48028975262287
Tokachi2003,0184,legacy,crowell,Crowell 2013,8.15999984741211,8.05028422622783,-0.10971562118427869,0.10971562118427869,0.09269586320876094,368.5039483051336
Tokachi2003,0187,legacy,crowell,Crowell 2013,8.15999984741211,7.890853964946384,-0.26914588246572535,0.26914588246572535,0.06739413588059971,361.95763324496085
Tokachi2003,0188,legacy,crowell,Crowell 2013,8.15999984741211,7.8722159723921665,-0.28778387501994285,0.28778387501994285,0.05650692103452474,392.23152935013223
Tokachi2003,0191,legacy,crowell,Crowell 2013,8.15999984741211,8.024491978198574,-0.13550786921353541,0.13550786921353541,0.06310809271444401,446.0632274528872
Tokachi2003,0193,legacy,crowell,Crowell 2013,8.15999984741211,7.9290303847474135,-0.23096946266469587,0.23096946266469587,0.05822018881344077,414.51328123959655
Tokachi2003,0194,legacy,crowell,Crowell 2013,8.15999984741211,7.948101408362781,-0.21189843904932815,0.21189843904932815,0.04882332462376269,471.0002158712125
Tokachi2003,0196,legacy,crowell,Crowell 2013,8.15999984741211,7.9235766883741565,-0.23642315903795286,0.23642315903795286,0.04208825605910476,498.44621871544683
Tokachi2003,0198,legacy,crowell,Crowell 2013,8.15999984741211,7.82525277302624,-0.33474707438586915,0.33474707438586915,0.030044533715097296,538.0995162805277
Tokachi2003,0204,legacy,crowell,Crowell 2013,8.15999984741211,7.828239110955384,-0.331760736456725,0.331760736456725,0.024414092196737784,611.3541464274172
Tokachi2003,0210,legacy,crowell,Crowell 2013,8.15999984741211,7.935005427676111,-0.22499441973599854,0.22499441973599854,0.03075334951474799,608.242148659681
Tokachi2003,0211,legacy,crowell,Crowell 2013,8.15999984741211,7.9209362051466385,-0.23906364226547083,0.23906364226547083,0.03065313116374642,598.9738325548321
Tokachi2003,0217,legacy,crowell,Crowell 2013,8.15999984741211,8.12136060066917,-0.03863924674293884,0.03863924674293884,0.041024050851538846,644.2045534463466
Tokachi2003,0218,legacy,crowell,Crowell 2013,8.15999984741211,8.033692723658506,-0.12630712375360353,0.12630712375360353,0.031077899581080152,681.2845305346183
Tokachi2003,0243,legacy,crowell,Crowell 2013,8.15999984741211,8.201225452481248,0.04122560506913864,0.04122560506913864,0.03997186457237663,718.3840467734033
Tokachi2003,0501,legacy,crowell,Crowell 2013,8.15999984741211,8.28410865665854,0.1241088092464313,0.1241088092464313,0.11670035643936964,431.9479252922734
Tokachi2003,0502,legacy,crowell,Crowell 2013,8.15999984741211,8.207894716722144,0.04789486931003495,0.04789486931003495,0.16886515878797465,318.75757172367065
Tokachi2003,0503,legacy,crowell,Crowell 2013,8.15999984741211,8.229023092948815,0.06902324553670525,0.06902324553670525,0.23650867643550838,270.3636477723049
Tokachi2003,0504,legacy,crowell,Crowell 2013,8.15999984741211,8.267686332421384,0.10768648500927469,0.10768648500927469,0.25087898718813245,274.71053652003116
Tokachi2003,0505,legacy,crowell,Crowell 2013,8.15999984741211,8.10875573375761,-0.05124411365449966,0.05124411365449966,0.21278290358578722,245.76182395216128
Tokachi2003,0506,legacy,crowell,Crowell 2013,8.15999984741211,8.245297530673126,0.08529768326101639,0.08529768326101639,0.26508432440215557,258.7669261246172
Tokachi2003,0507,legacy,crowell,Crowell 2013,8.15999984741211,8.091303001982347,-0.06869684542976273,0.06869684542976273,0.23528665285154685,226.64014109581973
Tokachi2003,0508,legacy,crowell,Crowell 2013,8.15999984741211,8.284033594156313,0.1240337467442032,0.1240337467442032,0.3111350653311623,248.4054703144328
Tokachi2003,0509,legacy,crowell,Crowell 2013,8.15999984741211,8.35439781753791,0.1943979701258005,0.1943979701258005,0.3087643683832618,272.82347023787275
Tokachi2003,0510,legacy,crowell,Crowell 2013,8.15999984741211,8.322682093845772,0.16268224643366302,0.16268224643366302,0.3760838809108488,234.6170813551394
Tokachi2003,0511,legacy,crowell,Crowell 2013,8.15999984741211,8.16061604566452,0.0006161982524108822,0.0006161982524108822,0.31410789192310823,210.38434883742949
Tokachi2003,0512,legacy,crowell,Crowell 2013,8.15999984741211,8.05935485287225,-0.10064499453985931,0.10064499453985931,0.28385857841314655,194.81866119084177
Tokachi2003,0513,legacy,crowell,Crowell 2013,8.15999984741211,8.039003342994478,-0.1209965044176311,0.1209965044176311,0.2997047349590938,183.64067081989086
Tokachi2003,0514,legacy,crowell,Crowell 2013,8.15999984741211,8.386984286232131,0.22698443882002195,0.22698443882002195,0.5228808265403705,211.9271384904103
Tokachi2003,0515,legacy,crowell,Crowell 2013,8.15999984741211,7.968691832453908,-0.19130801495820116,0.19130801495820116,0.2687003864938209,177.79056906735693
Tokachi2003,0516,legacy,crowell,Crowell 2013,8.15999984741211,8.335030538647768,0.1750306912356585,0.1750306912356585,0.3956227541254534,231.68629352258316
Tokachi2003,0517,legacy,crowell,Crowell 2013,8.15999984741211,8.219440052906341,0.05944020549423179,0.05944020549423179,0.19777616364072986,295.64467536476263
Tokachi2003,0519,legacy,crowell,Crowell 2013,8.15999984741211,8.029294658493658,-0.1307051889184514,0.1307051889184514,0.2432263314916745,204.64764694089598
Tokachi2003,0520,legacy,crowell,Crowell 2013,8.15999984741211,8.326281391394126,0.16628154398201644,0.16628154398201644,0.3597008028055351,241.66896373528445
Tokachi2003,0521,legacy,crowell,Crowell 2013,8.15999984741211,8.316484755090148,0.15648490767803835,0.15648490767803835,0.9057927021801838,142.03877877925683
Tokachi2003,0522,legacy,crowell,Crowell 2013,8.15999984741211,8.375085798572048,0.21508595115993856,0.21508595115993856,0.44810963788810465,227.47113100459802
Tokachi2003,0523,legacy,crowell,Crowell 2013,8.15999984741211,8.26819009475178,0.10819024733967098,0.10819024733967098,0.33455351931376054,233.61855515812047
Tokachi2003,0525,legacy,crowell,Crowell 2013,8.15999984741211,8.159596276840158,-0.0004035705719509508,0.0004035705719509508,0.19875851485033963,273.0556205210582
Tokachi2003,0526,legacy,crowell,Crowell 2013,8.15999984741211,8.150537804808357,-0.009462042603752607,0.009462042603752607,0.20907440044378986,262.16200247822496
Tokachi2003,0527,legacy,crowell,Crowell 2013,8.15999984741211,8.176738900490667,0.01673905307855783,0.01673905307855783,0.12069739272461086,371.2261768693469
Tokachi2003,0528,legacy,crowell,Crowell 2013,8.15999984741211,8.170485008255143,0.01048516084303408,0.01048516084303408,0.2054633904248916,271.70958270583264
Tokachi2003,0529,legacy,crowell,Crowell 2013,8.15999984741211,8.040075843085656,-0.11992400432645312,0.11992400432645312,0.15838535495841125,266.4293129169463
Tokachi2003,0530,legacy,crowell,Crowell 2013,8.15999984741211,8.066526025948132,-0.0934738214639772,0.0934738214639772,0.12301513047660541,319.2960632492213
Tokachi2003,0531,legacy,crowell,Crowell 2013,8.15999984741211,8.143599325508628,-0.01640052190348129,0.01640052190348129,0.5522046908815589,148.8074779413694
Tokachi2003,0533,legacy,crowell,Crowell 2013,8.15999984741211,7.845490130192715,-0.31450971721939425,0.31450971721939425,0.1505548623527557,211.35377212750424
Tokachi2003,0534,legacy,crowell,Crowell 2013,8.15999984741211,8.01492741873045,-0.14507242868165982,0.14507242868165982,0.12613795546901743,294.33553684497986
Tokachi2003,0535,legacy,crowell,Crowell 2013,8.15999984741211,7.920311908666893,-0.23968793874521666,0.23968793874521666,0.11889687254699723,268.99879601195653
Tokachi2003,0537,legacy,crowell,Crowell 2013,8.15999984741211,7.771401159926768,-0.38859868748534154,0.38859868748534154,0.09215446128918264,256.1737412654726
Tokachi2003,0538,legacy,crowell,Crowell 2013,8.15999984741211,7.970405986927037,-0.18959386048507199,0.18959386048507199,0.1076482555638454,304.6765555598716
Tokachi2003,0539,legacy,crowell,Crowell 2013,8.15999984741211,7.713052987545869,-0.44694685986624005,0.44694685986624005,0.08519125148188633,247.9718014125788
Tokachi2003,0540,legacy,crowell,Crowell 2013,8.15999984741211,7.9249737304191425,-0.23502611699296683,0.23502611699296683,0.09096314176357519,316.97320845351373
Tokachi2003,0541,legacy,crowell,Crowell 2013,8.15999984741211,7.9083453262397505,-0.25165452117235887,0.25165452117235887,0.1009548714109255,291.6075639560204
Tokachi2003,0542,legacy,crowell,Crowell 2013,8.15999984741211,7.930553395384386,-0.22944645202772307,0.22944645202772307,0.09742096928738794,306.6501293165949
Tokachi2003,0543,legacy,crowell,Crowell 2013,8.15999984741211,7.682920479508534,-0.47707936790357497,0.47707936790357497,0.05311926942912215,317.01091635754597
Tokachi2003,0544,legacy,crowell,Crowell 2013,8.15999984741211,7.858686209824149,-0.3013136375879606,0.3013136375879606,0.05740696714821908,381.82054415777554
Tokachi2003,0547,legacy,crowell,Crowell 2013,8.15999984741211,7.6251572171655075,-0.5348426302466018,0.5348426302466018,0.04817226438004713,311.12866688286573
Tokachi2003,0548,legacy,crowell,Crowell 2013,8.15999984741211,7.874849379567771,-0.2851504678443382,0.2851504678443382,0.04554958498495761,447.2714521717776
Tokachi2003,0551,legacy,crowell,Crowell 2013,8.15999984741211,8.006048517300927,-0.15395133011118212,0.15395133011118212,0.07200280967825365,403.5793085439296
Tokachi2003,0552,legacy,crowell,Crowell 2013,8.15999984741211,8.016388260895361,-0.143611586516748,0.143611586516748,0.0767678816893217,393.89988824876497
Tokachi2003,0553,legacy,crowell,Crowell 2013,8.15999984741211,7.830226863887695,-0.3297729835244141,0.3297729835244141,0.0604764366746005,356.67061861164285
Tokachi2003,0555,legacy,crowell,Crowell 2013,8.15999984741211,7.972040185220121,-0.18795966219198856,0.18795966219198856,0.05366351369329642,459.1763115708733
Tokachi2003,0556,legacy,crowell,Crowell 2013,8.15999984741211,7.950997451041335,-0.20900239637077433,0.20900239637077433,0.0481521136096592,476.5778735426666
Tokachi2003,0559,legacy,crowell,Crowell 2013,8.15999984741211,7.896577143688103,-0.26342270372400645,0.26342270372400645,0.03222188584268212,564.3210122054594
Tokachi2003,0563,legacy,crowell,Crowell 2013,8.15999984741211,8.249364953831217,0.08936510641910722,0.08936510641910722,0.05370859530948099,642.5714131833427
Tokachi2003,0566,legacy,crowell,Crowell 2013,8.15999984741211,8.031718809856018,-0.128281037556091,0.128281037556091,0.033415199112336626,651.5980342010272
Tokachi2003,0581,legacy,crowell,Crowell 2013,8.15999984741211,8.263349976549321,0.10335012913721187,0.10335012913721187,0.05632810320563002,635.8237283135402
Tokachi2003,0586,legacy,crowell,Crowell 2013,8.15999984741211,8.301560622934515,0.14156077552240554,0.14156077552240554,0.05977824629164109,642.929637235483
Tokachi2003,0752,legacy,crowell,Crowell 2013,8.15999984741211,8.43946658550047,0.2794667380883613,0.2794667380883613,0.06477450202957552,720.2959164229343
Tokachi2003,0778,legacy,crowell,Crowell 2013,8.15999984741211,8.637309541826733,0.47730969441462356,0.47730969441462356,0.25934419828427663,423.31714193592165
Tokachi2003,0779,legacy,crowell,Crowell 2013,8.15999984741211,8.312161940655681,0.15216209324357166,0.15216209324357166,0.14829227648500176,390.5717827716569
Tokachi2003,0780,legacy,crowell,Crowell 2013,8.15999984741211,8.212115434178063,0.052115586765953736,0.052115586765953736,0.14823867759176745,345.1206495467904
Tokachi2003,0781,legacy,crowell,Crowell 2013,8.15999984741211,8.450023172963107,0.2900233255509974,0.2900233255509974,0.23276436510823367,359.33308318538633
Tokachi2003,0782,legacy,crowell,Crowell 2013,8.15999984741211,8.335466675265717,0.175466827853608,0.175466827853608,0.2288063287207958,315.1101815898347
Tokachi2003,0783,legacy,crowell,Crowell 2013,8.15999984741211,8.299026506818269,0.13902665940615933,0.13902665940615933,0.20655038274160606,318.91826670606633
Tokachi2003,0784,legacy,crowell,Crowell 2013,8.15999984741211,7.953016003803457,-0.2069838436086524,0.2069838436086524,0.1804386927216691,219.85681258353867
Tokachi2003,0785,legacy,crowell,Crowell 2013,8.15999984741211,8.233569938731305,0.0735700913191959,0.0735700913191959,0.21040312442263628,290.60583050259197
Tokachi2003,0790,legacy,crowell,Crowell 2013,8.15999984741211,8.370516480219841,0.2105166328077317,0.2105166328077317,0.5735016487499535,197.04670999790366
Tokachi2003,0792,legacy,crowell,Crowell 2013,8.15999984741211,8.091227026440366,-0.06877282097174309,0.06877282097174309,0.20629909744745947,244.49493557386455
Tokachi2003,0794,legacy,crowell,Crowell 2013,8.15999984741211,8.102017040067746,-0.0579828073443629,0.0579828073443629,0.1530727301310757,294.55847697792245
Tokachi2003,0795,legacy,crowell,Crowell 2013,8.15999984741211,7.63841388732543,-0.5215859600866795,0.5215859600866795,0.052180987572181814,301.6760849674468
Tokachi2003,0797,legacy,crowell,Crowell 2013,8.15999984741211,7.83736681414071,-0.3226330332713996,0.3226330332713996,0.03382834034377309,509.05027631654553
Tokachi2003,0798,legacy,crowell,Crowell 2013,8.15999984741211,7.872045627349867,-0.28795422006224225,0.28795422006224225,0.07700747184653473,326.32301433674826
Tokachi2003,0844,legacy,crowell,Crowell 2013,8.15999984741211,7.816136551214723,-0.3438632961973864,0.3438632961973864,0.08689393069426649,281.9217172998054
Tokachi2003,0848,legacy,crowell,Crowell 2013,8.15999984741211,8.349114132558883,0.18911428514677375,0.18911428514677375,0.12902300379592926,441.65864856542487
Tokachi2003,0849,legacy,crowell,Crowell 2013,8.15999984741211,8.414877276454607,0.254877429042498,0.254877429042498,0.16639202961583627,414.8116432575651
Tokachi2003,0850,legacy,crowell,Crowell 2013,8.15999984741211,8.270776410924583,0.11077656351247356,0.11077656351247356,0.14361231827764384,377.9760182925834
Tokachi2003,0851,legacy,crowell,Crowell 2013,8.15999984741211,8.368993831577962,0.20899398416585235,0.20899398416585235,0.17748997805737074,378.5447580947147
Tokachi2003,0852,legacy,crowell,Crowell 2013,8.15999984741211,8.362600880037169,0.20260103262505957,0.20260103262505957,0.19091489567410314,360.6078858917269
Tokachi2003,0853,legacy,crowell,Crowell 2013,8.15999984741211,8.257521878699794,0.097522031287685,0.097522031287685,0.18299539071661078,324.18339282737577
Tokachi2003,0854,legacy,crowell,Crowell 2013,8.15999984741211,8.251454350012267,0.09145450260015764,0.09145450260015764,0.21629840537359268,292.65850105430354
Tokachi2003,0856,legacy,crowell,Crowell 2013,8.15999984741211,8.2335874104501,0.07358756303799119,0.07358756303799119,0.22834463812760095,277.4242009772763
Tokachi2003,0857,legacy,crowell,Crowell 2013,8.15999984741211,8.306819292197128,0.1468194447850184,0.1468194447850184,0.24808181903400958,290.4997340257239
Tokachi2003,0858,legacy,crowell,Crowell 2013,8.15999984741211,8.310100298645201,0.1501004512330919,0.1501004512330919,0.2688847272912343,278.78912878314384
Tokachi2003,0859,legacy,crowell,Crowell 2013,8.15999984741211,7.985933383755401,-0.17406646365670841,0.17406646365670841,0.1394938138932799,267.1663474353328
Tokachi2003,0860,legacy,crowell,Crowell 2013,8.15999984741211,8.23281963335212,0.07281978594001082,0.07281978594001082,0.1972417891356328,301.170802935153
Tokachi2003,0861,legacy,crowell,Crowell 2013,8.15999984741211,8.197527206130266,0.03752735871815638,0.03752735871815638,0.2774650740638055,237.0406773459859
Tokachi2003,0862,legacy,crowell,Crowell 2013,8.15999984741211,8.234074488308785,0.0740746408966757,0.0740746408966757,0.24010553345534494,269.79652546299604
Tokachi2003,0865,legacy,crowell,Crowell 2013,8.15999984741211,8.286411494195939,0.1264116467838292,0.1264116467838292,0.29020757254795343,259.14236106836137
Tokachi2003,0866,legacy,crowell,Crowell 2013,8.15999984741211,8.183847254048151,0.023847406636042123,0.023847406636042123,0.3130353629659532,217.35244785400823
Tokachi2003,0867,legacy,crowell,Crowell 2013,8.15999984741211,8.30974937062192,0.14974952320981139,0.14974952320981139,0.3924832014577957,225.27661484086553
Tokachi2003,0868,legacy,crowell,Crowell 2013,8.15999984741211,8.070323186213177,-0.0896766611989328,0.0896766611989328,0.2646913561449779,205.88538695228507
Tokachi2003,0870,legacy,crowell,Crowell 2013,8.15999984741211,7.892442711157081,-0.26755713625502864,0.26755713625502864,0.1754867542252614,205.81414786022864
Tokachi2003,0871,legacy,crowell,Crowell 2013,8.15999984741211,8.304461141685493,0.14446129427338406,0.14446129427338406,0.3509399691238815,238.2820162730626
Tokachi2003,0872,legacy,crowell,Crowell 2013,8.15999984741211,8.279570205576071,0.119570358163962,0.119570358163962,0.2707313752073475,267.15829289937454
Tokachi2003,0873,legacy,crowell,Crowell 2013,8.15999984741211,8.104133208060833,-0.05586663935127589,0.05586663935127589,0.3370184703915456,187.37935703126794
Tokachi2003,0874,legacy,crowell,Crowell 2013,8.15999984741211,8.2757587925047,0.11575894509259044,0.11575894509259044,0.5151018746023411,184.8932017615027
Tokachi2003,0875,legacy,crowell,Crowell 2013,8.15999984741211,8.1979892729158,0.037989425503690555,0.037989425503690555,0.1509885393668003,335.5182648247401
Tokachi2003,0876,legacy,crowell,Crowell 2013,8.15999984741211,8.32893838297182,0.16893853555971106,0.16893853555971106,0.3072896837858578,264.89169255389805
Tokachi2003,0877,legacy,crowell,Crowell 2013,8.15999984741211,8.440408961436786,0.2804091140246765,0.2804091140246765,0.4582260096918916,244.09854689871378
Tokachi2003,0878,legacy,crowell,Crowell 2013,8.15999984741211,8.081845805559057,-0.07815404185305219,0.07815404185305219,0.33929743069642054,181.12032726833115
Tokachi2003,0880,legacy,crowell,Crowell 2013,8.15999984741211,8.414722138514078,0.2547222911019684,0.2547222911019684,0.687961566314434,188.56048112818362
Tokachi2003,0882,legacy,crowell,Crowell 2013,8.15999984741211,8.246229566099707,0.08622971868759777,0.08622971868759777,0.2495364547462347,268.1040755019326
Tokachi2003,0883,legacy,crowell,Crowell 2013,8.15999984741211,8.120696564460722,-0.039303282951387075,0.039303282951387075,0.5111307311140414,150.7647756853112
Tokachi2003,0884,legacy,crowell,Crowell 2013,8.15999984741211,8.24232112043118,0.08232127301907077,0.08232127301907077,0.21248749051528112,292.2159078943739
Tokachi2003,0885,legacy,crowell,Crowell 2013,8.15999984741211,8.421707408457037,0.2617075610449273,0.2617075610449273,0.8676882906777628,167.28120784758192
Tokachi2003,0887,legacy,crowell,Crowell 2013,8.15999984741211,8.365489306025198,0.20548945861308887,0.20548945861308887,1.0690695542183337,138.24604743406977
Tokachi2003,0888,legacy,crowell,Crowell 2013,8.15999984741211,8.195864965817734,0.03586511840562423,0.03586511840562423,0.14962889876596366,336.35190543388035
Tokachi2003,0892,legacy,crowell,Crowell 2013,8.15999984741211,7.9801128644928525,-0.17988698291925687,0.17988698291925687,0.15552902901187893,248.75249137666472
Tokachi2003,0893,legacy,crowell,Crowell 2013,8.15999984741211,8.023809985636742,-0.1361898617753674,0.1361898617753674,0.13896619528142318,281.4312585887137
Tokachi2003,0894,legacy,crowell,Crowell 2013,8.15999984741211,7.9639238184829475,-0.19607602892916187,0.19607602892916187,0.16094456624549408,238.59805057243895
Tokachi2003,0895,legacy,crowell,Crowell 2013,8.15999984741211,7.895042105677571,-0.26495774173453857,0.26495774173453857,0.12343302022764924,254.371158913832
Tokachi2003,0896,legacy,crowell,Crowell 2013,8.15999984741211,7.797102418707395,-0.36289742870471464,0.36289742870471464,0.1222591793735902,223.93679752112445
Tokachi2003,0897,legacy,crowell,Crowell 2013,8.15999984741211,7.935561855373624,-0.22443799203848513,0.22443799203848513,0.09563603649744871,312.0517627692759
Tokachi2003,0898,legacy,crowell,Crowell 2013,8.15999984741211,8.04845187141078,-0.11154797600132937,0.11154797600132937,0.10175770510841982,348.2671282151475
Tokachi2003,0899,legacy,crowell,Crowell 2013,8.15999984741211,7.767821341564044,-0.39217850584806513,0.39217850584806513,0.0822936605923128,272.8861716076625
Tokachi2003,0901,legacy,crowell,Crowell 2013,8.15999984741211,7.722053243869116,-0.43794660354299353,0.43794660354299353,0.07979018698454703,261.21286233468857
Tokachi2003,0902,legacy,crowell,Crowell 2013,8.15999984741211,7.809338285407299,-0.35066156200481036,0.35066156200481036,0.08053139469985351,292.3616461747448
Tokachi2003,0903,legacy,crowell,Crowell 2013,8.15999984741211,7.61644209601121,-0.5435577514008996,0.5435577514008996,0.06056801535149951,267.1524066737822
Tokachi2003,0904,legacy,crowell,Crowell 2013,8.15999984741211,7.742111135685898,-0.4178887117262118,0.4178887117262118,0.06380681507493946,307.24733552804776
Tokachi2003,0905,legacy,crowell,Crowell 2013,8.15999984741211,7.624121554447474,-0.5358782929646351,0.5358782929646351,0.05717736906876814,279.7109259888942
Tokachi2003,0908,legacy,crowell,Crowell 2013,8.15999984741211,7.801870739838981,-0.3581291075731281,0.3581291075731281,0.05553164404409118,361.62320983584135
Tokachi2003,0909,legacy,crowell,Crowell 2013,8.15999984741211,7.812815139314276,-0.3471847080978332,0.3471847080978332,0.06221483815568674,342.74637865358545
Tokachi2003,0913,legacy,crowell,Crowell 2013,8.15999984741211,7.9230816564117825,-0.23691819100032685,0.23691819100032685,0.057742387620492816,413.38222128791733
Tokachi2003,0916,legacy,crowell,Crowell 2013,8.15999984741211,7.832347720436743,-0.3276521269753667,0.3276521269753667,0.045898374053285444,421.64028397128794
Tokachi2003,0921,legacy,crowell,Crowell 2013,8.15999984741211,7.976749855393763,-0.18324999201834657,0.18324999201834657,0.0801487666050798,365.1631614654314
Tokachi2003,0922,legacy,crowell,Crowell 2013,8.15999984741211,7.838458123409171,-0.32154172400293834,0.32154172400293834,0.06476712402043726,346.0997796614606
Tokachi2003,0923,legacy,crowell,Crowell 2013,8.15999984741211,8.039627896250458,-0.12037195116165122,0.12037195116165122,0.08591489882161714,379.9523628659286
Tokachi2003,0925,legacy,crowell,Crowell 2013,8.15999984741211,7.994419903253856,-0.16557994415825306,0.16557994415825306,0.0673969763310994,413.3374143342115
Tokachi2003,0926,legacy,crowell,Crowell 2013,8.15999984741211,7.845897293726294,-0.3141025536858155,0.3141025536858155,0.05629634009838602,379.9230432559877
Tokachi2003,0928,legacy,crowell,Crowell 2013,8.15999984741211,7.849100684794351,-0.3108991626177584,0.3108991626177584,0.051604769312369174,401.7923172545577
Tokachi2003,0929,legacy,crowell,Crowell 2013,8.15999984741211,7.901739718994987,-0.2582601284171222,0.2582601284171222,0.052654986952678194,424.79008953145416
Tokachi2003,0934,legacy,crowell,Crowell 2013,8.15999984741211,7.806200873233397,-0.3537989741787122,0.3537989741787122,0.03218439561617212,504.12006452604635
Tokachi2003,0936,legacy,crowell,Crowell 2013,8.15999984741211,8.068150486526722,-0.0918493608853872,0.0918493608853872,0.05104465609233843,532.5391091631798
Tokachi2003,0939,legacy,crowell,Crowell 2013,8.15999984741211,8.1477325613798,-0.012267286032308533,0.012267286032308533,0.04951139975191268,596.7350013487669
Tokachi2003,0941,legacy,crowell,Crowell 2013,8.15999984741211,8.11518163948204,-0.044818207930068965,0.044818207930068965,0.043708382709179865,616.5601535592307
Tokachi2003,0949,legacy,crowell,Crowell 2013,8.15999984741211,8.093797163235314,-0.06620268417679576,0.06620268417679576,0.0364494433443976,667.3670950768551
Tokachi2003,0952,legacy,crowell,Crowell 2013,8.15999984741211,8.206633283953652,0.046633436541542395,0.046633436541542395,0.043066803866873664,692.8692817833567
Tokachi2003,2005,legacy,crowell,Crowell 2013,8.15999984741211,8.307881460975473,0.1478816135633636,0.1478816135633636,0.31044991527190474,256.41577294645543
Tokachi2003,3006,legacy,crowell,Crowell 2013,8.15999984741211,7.997490723300058,-0.16250912411205132,0.16250912411205132,0.027105741781579543,706.5234694125365
ak014cbigci8,AC36,new,crowell,Crowell 2013,6.199999809265137,7.136124665564017,0.9361248562988802,0.9361248562988802,0.04173376897241248,167.58542116085886
ak014cbigci8,AC51,new,crowell,Crowell 2013,6.199999809265137,6.991671071006277,0.7916712617411399,0.7916712617411399,0.049115149869733386,119.70185529645819
ak014cbigci8,AC75,new,crowell,Crowell 2013,6.199999809265137,7.384192226477096,1.1841924172119596,1.1841924172119596,0.05842159840412104,196.12929840001334
ak014cbigci8,AC80,new,crowell,Crowell 2013,6.199999809265137,6.970727487117684,0.7707276778525474,0.7707276778525474,0.04659922172990806,119.8377973604971
us7000i9bw,PENA,new,crowell,Crowell 2013,7.599999904632568,7.585440543078592,-0.014559361553976302,0.014559361553976302,0.12794171740900068,161.42141986981363
us7000i9bw,TECO,new,crowell,Crowell 2013,7.599999904632568,7.59489391862149,-0.005105986011078478,0.005105986011078478,0.22636196421181448,115.20712642347236
us7000i9bw,TNAM,new,crowell,Crowell 2013,7.599999904632568,7.933982661254049,0.3339827566214808,0.3339827566214808,0.1335089518173062,255.85412389555668
us7000i9bw,TNCC,new,crowell,Crowell 2013,7.599999904632568,7.201033187036489,-0.39896671759607916,0.39896671759607916,0.3004309922991665,51.413424917573025
us7000i9bw,TNCM,new,crowell,Crowell 2013,7.599999904632568,7.776127558053127,0.1761276534205587,0.1761276534205587,0.09712417885191328,249.81772284373878
us7000i9bw,TNCT,new,crowell,Crowell 2013,7.599999904632568,7.768658718193854,0.16865881356128565,0.16865881356128565,0.07944504362465546,279.04694808974665
us7000i9bw,TNLC,new,crowell,Crowell 2013,7.599999904632568,7.758276010325727,0.15827610569315897,0.15827610569315897,0.12844896365242517,206.0104606763712
us7000i9bw,TNMO,new,crowell,Crowell 2013,7.599999904632568,7.273423526222534,-0.3265763784100342,0.3265763784100342,0.036075885741650965,226.5753583102458
us7000i9bw,TNMT,new,crowell,Crowell 2013,7.599999904632568,7.69991286243493,0.09991295780236165,0.09991295780236165,0.1293385732447348,189.0079014324077
us7000i9bw,TNTM,new,crowell,Crowell 2013,7.599999904632568,7.735394219296334,0.13539431466376595,0.13539431466376595,0.11487382716319283,213.453887416357
us7000i9bw,UCOE,new,crowell,Crowell 2013,7.599999904632568,7.152209182098046,-0.44779072253452235,0.44779072253452235,0.032392808223133014,202.71758144576404
2016p661332,ANAU,new,melgar,Melgar 2015,7.099999904632568,6.908519733773096,-0.19148017085947266,0.19148017085947266,0.04435737932145842,180.9293430278008
2016p661332,GISB,new,melgar,Melgar 2015,7.099999904632568,7.063661699065029,-0.03633820556753964,0.03633820556753964,0.04479656817434631,234.51585052894373
2016p661332,HIKB,new,melgar,Melgar 2015,7.099999904632568,6.682036519653333,-0.41796338497923546,0.41796338497923546,0.04174327196933828,127.4906108322191
2016p661332,PAKI,new,melgar,Melgar 2015,7.099999904632568,6.73787550319402,-0.36212440143854874,0.36212440143854874,0.03638041190540408,164.10840123239663
2016p661332,PUKE,new,melgar,Melgar 2015,7.099999904632568,6.851080762279298,-0.2489191423532704,0.2489191423532704,0.04360623769846402,166.21588441542187
2016p661332,TAUW,new,melgar,Melgar 2015,7.099999904632568,6.8785329097914065,-0.22146699484116183,0.22146699484116183,0.040517200129825445,188.67089329858953
2016p661332,WMAT,new,melgar,Melgar 2015,7.099999904632568,6.6901347329217495,-0.4098651717108188,0.4098651717108188,0.03943091694272247,137.6958195446054
Ecuador2016,ALTB,legacy,melgar,Melgar 2015,7.800000190734863,7.293021253547577,-0.5069789371872861,0.5069789371872861,0.09193269405695091,167.4971717439943
Ecuador2016,ARSH,legacy,melgar,Melgar 2015,7.800000190734863,7.390308897107255,-0.40969129362760803,0.40969129362760803,0.1856077279334275,98.95164447287222
Ecuador2016,BAHI,legacy,melgar,Melgar 2015,7.800000190734863,8.610410817084677,0.8104106263498139,0.8104106263498139,1.2237534996952792,125.43209339951918
Ecuador2016,CABP,legacy,melgar,Melgar 2015,7.800000190734863,8.478449555746288,0.6784493650114243,0.6784493650114243,1.2510841160976716,101.10778400249967
Ecuador2016,CHLW,legacy,melgar,Melgar 2015,7.800000190734863,7.245677094041503,-0.5543230966933601,0.5543230966933601,0.06258831503825535,226.96461376539648
Ecuador2016,ESMR,legacy,melgar,Melgar 2015,7.800000190734863,7.055118301034763,-0.7448818897001006,0.7448818897001006,0.13937571989673714,72.03595014010887
Ecuador2016,HSPR,legacy,melgar,Melgar 2015,7.800000190734863,7.447376031604695,-0.3526241591301682,0.3526241591301682,0.13898523521264436,144.71253509236934
Ecuador2016,ISPT,legacy,melgar,Melgar 2015,7.800000190734863,8.060481815556845,0.26048162482198123,0.26048162482198123,0.2500552729724564,220.77683072386475
Ecuador2016,LGCB,legacy,melgar,Melgar 2015,7.800000190734863,7.175467939696468,-0.6245322510383957,0.6245322510383957,0.27756073224073324,44.824732848465835
Ecuador2016,LUMB,legacy,melgar,Melgar 2015,7.800000190734863,7.348834720351985,-0.451165470382878,0.451165470382878,0.057727587130656156,291.07672069168797
Ecuador2016,MHLA,legacy,melgar,Melgar 2015,7.800000190734863,7.92572475418357,0.1257245634487063,0.1257245634487063,0.19601473475864367,224.64286372406053
Ecuador2016,MLEC,legacy,melgar,Melgar 2015,7.800000190734863,8.000301673911856,0.20030148317699314,0.20030148317699314,0.2633217464128138,192.3886192833789
Ecuador2016,MOMP,legacy,melgar,Melgar 2015,7.800000190734863,6.694405285513903,-1.1055949052209604,1.1055949052209604,0.1659002153598176,29.304535983134542
Ecuador2016,MRO2,legacy,melgar,Melgar 2015,7.800000190734863,7.9367810083872,0.13678081765233685,0.13678081765233685,0.12813674541331002,336.77635160919436
Ecuador2016,PDNS,legacy,melgar,Melgar 2015,7.800000190734863,7.619712869751681,-0.18028732098318212,0.18028732098318212,0.8446277439194971,34.5095140889659
Ecuador2016,RIOP,legacy,melgar,Melgar 2015,7.800000190734863,7.57024385833696,-0.22975633239790305,0.22975633239790305,0.09135884323744752,264.85118590526145
Ecuador2016,RVRD,legacy,melgar,Melgar 2015,7.800000190734863,7.118445103315347,-0.6815550874195164,0.6815550874195164,0.11075153412116535,102.36479686720988
Ecuador2016,SLGO,legacy,melgar,Melgar 2015,7.800000190734863,8.00700513701008,0.20700494627521593,0.20700494627521593,0.20798834698995505,240.62155386274088
Ecuador2016,SNLR,legacy,melgar,Melgar 2015,7.800000190734863,7.297186466389801,-0.5028137243450619,0.5028137243450619,0.09634700026825704,161.00606855316437
Ecuador2016,TEN1,legacy,melgar,Melgar 2015,7.800000190734863,7.383129395850811,-0.4168707948840522,0.4168707948840522,0.06372171950547398,279.05782218190853
Iquique2014,AEDA,legacy,melgar,Melgar 2015,8.199999809265137,7.379157424120295,-0.8208423851448421,0.8208423851448421,0.14503150297939532,123.64568485637476
Iquique2014,AREQ,legacy,melgar,Melgar 2015,8.199999809265137,7.2829528437079905,-0.9170469655571463,0.9170469655571463,0.04202743536557092,358.77592038916197
Iquique2014,COLC,legacy,melgar,Melgar 2015,8.199999809265137,7.98717328135792,-0.21282652790721635,0.21282652790721635,0.21367423858248177,227.9199673285368
Iquique2014,IACR,legacy,melgar,Melgar 2015,8.199999809265137,7.443714416407054,-0.756285392858083,0.756285392858083,0.14705986892308753,136.13240634434877
Iquique2014,IQQE,legacy,melgar,Melgar 2015,8.199999809265137,7.938227434419752,-0.2617723748453846,0.2617723748453846,0.4724135442349851,102.56536125846762
Iquique2014,MNMI,legacy,melgar,Melgar 2015,8.199999809265137,7.979788702451346,-0.22021110681379064,0.22021110681379064,0.371208863333154,136.49692086556144
Iquique2014,PB01,legacy,melgar,Melgar 2015,8.199999809265137,7.494292154669899,-0.7057076545952379,0.7057076545952379,0.10276884030225665,209.53046889321305
Iquique2014,PB02,legacy,melgar,Melgar 2015,8.199999809265137,7.418012761690351,-0.7819870475747859,0.7819870475747859,0.08938913050231583,211.97031901251782
Iquique2014,PB03,legacy,melgar,Melgar 2015,8.199999809265137,7.465774516125975,-0.7342252931391613,0.7342252931391613,0.06956374639548533,292.1671092440152
Iquique2014,PB04,legacy,melgar,Melgar 2015,8.199999809265137,7.434934269486287,-0.76506553977885,0.76506553977885,0.06209638052297649,310.7806182352252
Iquique2014,PB05,legacy,melgar,Melgar 2015,8.199999809265137,7.627002699702971,-0.5729971095621655,0.5729971095621655,0.07129262657757283,366.2368909950705
Iquique2014,PB07,legacy,melgar,Melgar 2015,8.199999809265137,7.485038690520782,-0.7149611187443545,0.7149611187443545,0.08296383509542755,253.94845669831912
Iquique2014,PB08,legacy,melgar,Melgar 2015,8.199999809265137,7.9478636401293326,-0.25213616913580417,0.25213616913580417,0.25908989977832597,180.13918205077806
Iquique2014,PB11,legacy,melgar,Melgar 2015,8.199999809265137,8.168317560411849,-0.031682248853288186,0.031682248853288186,0.5922653582494808,120.49154646584738
Iquique2014,PCHA,legacy,melgar,Melgar 2015,8.199999809265137,8.09031416742116,-0.109685641843976,0.109685641843976,0.4197727379271559,145.1365887212951
Iquique2014,PICC,legacy,melgar,Melgar 2015,8.199999809265137,7.8576557306452735,-0.34234407861986327,0.34234407861986327,0.22153973427986562,180.7639745249968
Iquique2014,PSGA,legacy,melgar,Melgar 2015,8.199999809265137,8.150508382475014,-0.04949142679012297,0.04949142679012297,1.020501165183725,72.25050731646843
Iquique2014,RADO,legacy,melgar,Melgar 2015,8.199999809265137,7.693167982995495,-0.5068318262696421,0.5068318262696421,0.08681691956883562,336.02643151156826
Iquique2014,UCNF,legacy,melgar,Melgar 2015,8.199999809265137,7.82169164006775,-0.3783081691973864,0.3783081691973864,0.0770209404706883,454.6722907014519
Iquique2014,UTAR,legacy,melgar,Melgar 2015,8.199999809265137,7.459228529437098,-0.7407712798280386,0.7407712798280386,0.1508038257721969,136.36293155592554
Napa2014,CMBB,legacy,melgar,Melgar 2015,6.019999980926514,6.933630616474956,0.9136306355484427,0.9136306355484427,0.049148877162169105,169.92336200744995
Napa2014,DIXN,legacy,melgar,Melgar 2015,6.019999980926514,6.459523208178733,0.43952322725221915,0.43952322725221915,0.06358721521574108,51.47628882138914
Napa2014,GASB,legacy,melgar,Melgar 2015,6.019999980926514,6.843754748932636,0.8237547680061219,0.8237547680061219,0.04368131830510302,163.7333028175875
Napa2014,MODB,legacy,melgar,Melgar 2015,6.019999980926514,7.506727679209875,1.486727698283361,1.486727698283361,0.04822729509584772,443.7550414377015
Napa2014,P059,legacy,melgar,Melgar 2015,6.019999980926514,6.554977580297088,0.5349775993705741,0.5349775993705741,0.029489594635993373,146.576230444086
Napa2014,P095,legacy,melgar,Melgar 2015,6.019999980926514,7.586687421525811,1.5666874405992974,1.5666874405992974,0.08507686633354898,290.90131944953987
Napa2014,P127,legacy,melgar,Melgar 2015,6.019999980926514,7.131694993885094,1.11169501295858,1.11169501295858,0.04293140300404678,274.60266001671744
Napa2014,P140,legacy,melgar,Melgar 2015,6.019999980926514,6.73615029282279,0.7161503118962766,0.7161503118962766,0.03790779317043271,156.5097036740567
Napa2014,P146,legacy,melgar,Melgar 2015,6.019999980926514,6.9059109426798395,0.8859109617533258,0.8859109617533258,0.04053551895092165,197.94978152770886
Napa2014,P186,legacy,melgar,Melgar 2015,6.019999980926514,6.942700261269718,0.9227002803432045,0.9227002803432045,0.057080617767531615,147.7181156292417
Napa2014,P197,legacy,melgar,Melgar 2015,6.019999980926514,6.085475013237117,0.06547503231060325,0.06547503231060325,0.03386072656702795,47.463057031614305
Napa2014,P199,legacy,melgar,Melgar 2015,6.019999980926514,5.8987261735826575,-0.12127380734385618,0.12127380734385618,0.046646778900409094,20.812310703997028
Napa2014,P200,legacy,melgar,Melgar 2015,6.019999980926514,5.923634194938863,-0.09636578598765055,0.09636578598765055,0.058239436344739645,16.856153055324345
Napa2014,P202,legacy,melgar,Melgar 2015,6.019999980926514,6.0341632701473475,0.014163289220833875,0.014163289220833875,0.04502931026499919,30.021021092469383
Napa2014,P214,legacy,melgar,Melgar 2015,6.019999980926514,6.6744732180232695,0.6544732370967559,0.6544732370967559,0.036987373937835896,143.31810384178272
Napa2014,P217,legacy,melgar,Melgar 2015,6.019999980926514,6.861600961773218,0.841600980846704,0.841600980846704,0.05317040533225219,137.38817430216716
Napa2014,P261,legacy,melgar,Melgar 2015,6.019999980926514,5.694590374818387,-0.32540960610812686,0.32540960610812686,0.03881981970539604,15.671537663293918
Napa2014,P264,legacy,melgar,Melgar 2015,6.019999980926514,5.961866387898225,-0.058133593028288466,0.058133593028288466,0.04013440485165884,29.11283258076223
Napa2014,P271,legacy,melgar,Melgar 2015,6.019999980926514,6.3521801128998625,0.33218013197334884,0.33218013197334884,0.038803474152406016,71.94757734877055
Napa2014,P272,legacy,melgar,Melgar 2015,6.019999980926514,6.68040145929351,0.660401478366996,0.660401478366996,0.04837735131762821,108.30639023245166
Napa2014,P274,legacy,melgar,Melgar 2015,6.019999980926514,6.391929895060887,0.37192991413437326,0.37192991413437326,0.04005108736789507,75.34740687192006
Napa2014,P276,legacy,melgar,Melgar 2015,6.019999980926514,6.473527201460879,0.4535272205343652,0.4535272205343652,0.03148045587078328,116.43888254400076
Napa2014,P319,legacy,melgar,Melgar 2015,6.019999980926514,6.801861412037779,0.781861431111265,0.781861431111265,0.036017770962716106,186.3370955101442
Napa2014,P340,legacy,melgar,Melgar 2015,6.019999980926514,7.7194665655407,1.6994665846141865,1.6994665846141865,0.217890817262191,147.39098990254385
Napa2014,SUTB,legacy,melgar,Melgar 2015,6.019999980926514,7.063660986898725,1.0436610059722113,1.0436610059722113,0.08744876582935193,118.07233064498303
Napa2014,SVIN,legacy,melgar,Melgar 2015,6.019999980926514,6.077633730688053,0.05763374976153912,0.05763374976153912,0.048709995966865365,30.2300854269597
Napa2014,UCD1,legacy,melgar,Melgar 2015,6.019999980926514,6.42484184895715,0.40484186803063604,0.40484186803063604,0.051181260012938726,61.12285120638343
Napa2014,WINT,legacy,melgar,Melgar 2015,6.019999980926514,6.192000621681136,0.1720006407546224,0.1720006407546224,0.03129550696581763,65.77797309654602
Puebla2017,TNAT,legacy,melgar,Melgar 2015,7.099999904632568,6.5456746992711485,-0.5543252053614198,0.5543252053614198,0.0490292847089721,82.02338283770709
Puebla2017,TNGF,legacy,melgar,Melgar 2015,7.099999904632568,6.695113290752404,-0.4048866138801648,0.4048866138801648,0.044356248811902685,122.36158110567769
Ridgecrest2019,7ODM,legacy,melgar,Melgar 2015,7.099999904632568,6.856192785478087,-0.24380711915448128,0.24380711915448128,0.03880734386446426,189.7535753368696
Ridgecrest2019,ARM2,legacy,melgar,Melgar 2015,7.099999904632568,7.336206040362007,0.2362061357294385,0.2362061357294385,0.12338171777690154,134.69777957683644
Ridgecrest2019,BCWR,legacy,melgar,Melgar 2015,7.099999904632568,7.06248253467764,-0.03751736995492827,0.03751736995492827,0.05510605743191887,189.23625584338782
Ridgecrest2019,BEPK,legacy,melgar,Melgar 2015,7.099999904632568,6.810613521556237,-0.289386383076331,0.289386383076331,0.13860386736949748,45.125964658614016
Ridgecrest2019,BKAP,legacy,melgar,Melgar 2015,7.099999904632568,6.771507031525726,-0.3284928731068426,0.3284928731068426,0.042477207430746865,147.8439421787858
Ridgecrest2019,BKMS,legacy,melgar,Melgar 2015,7.099999904632568,6.987637753300337,-0.11236215133223126,0.11236215133223126,0.04471681568533179,206.16611027351664
Ridgecrest2019,BSRY,legacy,melgar,Melgar 2015,7.099999904632568,6.963172839474565,-0.1368270651580037,0.1368270651580037,0.07921751317509841,108.95332613176939
Ridgecrest2019,BVPP,legacy,melgar,Melgar 2015,7.099999904632568,7.187349914890924,0.08735001025835576,0.08735001025835576,0.07457899806009607,172.48796915447298
Ridgecrest2019,CBHS,legacy,melgar,Melgar 2015,7.099999904632568,6.910432103941246,-0.1895678006913224,0.1895678006913224,0.03961535274780358,204.3964180989405
Ridgecrest2019,CCCC,legacy,melgar,Melgar 2015,7.099999904632568,6.968371958611478,-0.13162794602109074,0.13162794602109074,0.3296795669173906,24.969184972907353
Ridgecrest2019,CHMS,legacy,melgar,Melgar 2015,7.099999904632568,6.5686450057892705,-0.5313548988432979,0.5313548988432979,0.034250378649677594,127.53815356132935
Ridgecrest2019,CIT1,legacy,melgar,Melgar 2015,7.099999904632568,6.927080515457123,-0.17291938917544503,0.17291938917544503,0.044118969228938,188.0344450908508
Ridgecrest2019,CJMG,legacy,melgar,Melgar 2015,7.099999904632568,6.769333588941296,-0.33066631569127214,0.33066631569127214,0.03763672104775776,167.61437746555524
Ridgecrest2019,CJMS,legacy,melgar,Melgar 2015,7.099999904632568,6.768407086294957,-0.33159281833761156,0.33159281833761156,0.03868291242569678,162.4908603761107
Ridgecrest2019,CJVG,legacy,melgar,Melgar 2015,7.099999904632568,7.075879346342175,-0.02412055829039339,0.02412055829039339,0.07228647192375036,146.67637824236039
Ridgecrest2019,CMP9,legacy,melgar,Melgar 2015,7.099999904632568,7.005853363101874,-0.09414654153069435,0.09414654153069435,0.05426620482957253,174.173561468076
Ridgecrest2019,COPR,legacy,melgar,Melgar 2015,7.099999904632568,7.190788373407472,0.09078846877490321,0.09078846877490321,0.05060666084696508,256.46487309463845
Ridgecrest2019,CPBN,legacy,melgar,Melgar 2015,7.099999904632568,6.699297303326344,-0.40070260130622426,0.40070260130622426,0.06767359050082318,78.09678002401223
Ridgecrest2019,CRHS,legacy,melgar,Melgar 2015,7.099999904632568,7.097618631040701,-0.002381273591867128,0.002381273591867128,0.049324629312161125,225.1309192928716
Ridgecrest2019,CSN1,legacy,melgar,Melgar 2015,7.099999904632568,7.1505375137270155,0.050537609094447156,0.050537609094447156,0.06414327936947567,188.60697136414626
Ridgecrest2019,CVHS,legacy,melgar,Melgar 2015,7.099999904632568,6.983658098654203,-0.11634180597836519,0.11634180597836519,0.04808833165044374,189.86991801470276
Ridgecrest2019,DAM2,legacy,melgar,Melgar 2015,7.099999904632568,7.146784981477069,0.046785076844500395,0.046785076844500395,0.06843840206989392,175.480130533085
Ridgecrest2019,DAM3,legacy,melgar,Melgar 2015,7.099999904632568,7.228515065044072,0.1285151604115038,0.1285151604115038,0.07857844524778451,175.58374915544087
Ridgecrest2019,ELLY,legacy,melgar,Melgar 2015,7.099999904632568,7.7405477648477365,0.6405478602151682,0.6405478602151682,0.12958889318970654,248.0229879755868
Ridgecrest2019,FHOG,legacy,melgar,Melgar 2015,7.099999904632568,7.095272208040867,-0.00472769659170158,0.00472769659170158,0.05622903861559238,196.15326611349604
Ridgecrest2019,FMTP,legacy,melgar,Melgar 2015,7.099999904632568,7.364393144337986,0.2643932397054174,0.2643932397054174,0.09045360840514927,191.82871374307697
Ridgecrest2019,FMVT,legacy,melgar,Melgar 2015,7.099999904632568,7.359867603567597,0.2598676989350288,0.2598676989350288,0.08781023853199056,196.03531041686185
Ridgecrest2019,HAR7,legacy,melgar,Melgar 2015,7.099999904632568,6.929461098039957,-0.170538806592611,0.170538806592611,0.09057596751449179,88.99959755535922
Ridgecrest2019,HIVI,legacy,melgar,Melgar 2015,7.099999904632568,6.8899165433339356,-0.2100833612986328,0.2100833612986328,0.0666560249802426,114.04987797186497
Ridgecrest2019,ISLK,legacy,melgar,Melgar 2015,7.099999904632568,6.721505778576831,-0.3784941260557373,0.3784941260557373,0.06870465317932732,80.23575889993526
Ridgecrest2019,JNHG,legacy,melgar,Melgar 2015,7.099999904632568,6.725850046012883,-0.37414985861968564,0.37414985861968564,0.038597992429030024,150.60535900989325
Ridgecrest2019,KBRC,legacy,melgar,Melgar 2015,7.099999904632568,7.4215757468061145,0.3215758421735462,0.3215758421735462,0.09576134509231758,199.3430378193079
Ridgecrest2019,LAPC,legacy,melgar,Melgar 2015,7.099999904632568,6.859770601185869,-0.24022930344669913,0.24022930344669913,0.03753343790836849,197.8205274262141
Ridgecrest2019,LFRS,legacy,melgar,Melgar 2015,7.099999904632568,6.811006711935641,-0.28899319269692736,0.28899319269692736,0.03412939031781095,200.59561795466288
Ridgecrest2019,LINJ,legacy,melgar,Melgar 2015,7.099999904632568,6.791378366364098,-0.3086215382684703,0.3086215382684703,0.048597574753125934,132.8246779598285
Ridgecrest2019,LONG,legacy,melgar,Melgar 2015,7.099999904632568,7.49864281018678,0.3986429055542118,0.3986429055542118,0.11570146516445888,188.17273029606883
Ridgecrest2019,LPHS,legacy,melgar,Melgar 2015,7.099999904632568,6.907449207942849,-0.19255069668971903,0.19255069668971903,0.04088499611814928,196.70800098398058
Ridgecrest2019,MPWD,legacy,melgar,Melgar 2015,7.099999904632568,7.2621080073533015,0.16210810272073317,0.16210810272073317,0.07257486542037421,201.2055060762712
Ridgecrest2019,MSOB,legacy,melgar,Melgar 2015,7.099999904632568,6.833013378889633,-0.2669865257429356,0.2669865257429356,0.04028350755541615,174.97944152743437
Ridgecrest2019,ORMT,legacy,melgar,Melgar 2015,7.099999904632568,7.046810573640671,-0.0531893309918976,0.0531893309918976,0.07128316339184612,141.33237737959251
Ridgecrest2019,OVLS,legacy,melgar,Melgar 2015,7.099999904632568,7.455040591763024,0.35504068713045545,0.35504068713045545,0.09448776770945247,213.29826341294552
Ridgecrest2019,P056,legacy,melgar,Melgar 2015,7.099999904632568,6.341823878837025,-0.7581760257955432,0.7581760257955432,0.021941365224531297,135.0775021940751
Ridgecrest2019,P068,legacy,melgar,Melgar 2015,7.099999904632568,7.591020709610064,0.491020804977496,0.491020804977496,0.06224030464716063,394.68191587529225
Ridgecrest2019,P091,legacy,melgar,Melgar 2015,7.099999904632568,6.545938966702588,-0.5540609379299806,0.5540609379299806,0.0431951114540752,94.42241245446652
Ridgecrest2019,P092,legacy,melgar,Melgar 2015,7.099999904632568,6.488511212066284,-0.6114886925662848,0.6114886925662848,0.03228662759975216,116.56900293002296
Ridgecrest2019,P093,legacy,melgar,Melgar 2015,7.099999904632568,6.746849554967116,-0.35315034966545245,0.35315034966545245,0.05870951006647863,99.78076865915637
Ridgecrest2019,P127,legacy,melgar,Melgar 2015,7.099999904632568,7.756992674872981,0.6569927702404126,0.6569927702404126,0.07028007083815926,450.5501693718806
Ridgecrest2019,P133,legacy,melgar,Melgar 2015,7.099999904632568,7.340015643941348,0.24001573930878006,0.24001573930878006,0.0490081882038187,337.3337097010584
Ridgecrest2019,P135,legacy,melgar,Melgar 2015,7.099999904632568,7.358090944411726,0.25809103977915804,0.25809103977915804,0.0486531590230333,349.62033806345767
Ridgecrest2019,P214,legacy,melgar,Melgar 2015,7.099999904632568,7.898455383721978,0.7984554790894096,0.7984554790894096,0.09991618915314912,399.86125056104515
Ridgecrest2019,P217,legacy,melgar,Melgar 2015,7.099999904632568,7.499074125129371,0.39907422049680275,0.39907422049680275,0.054233882049279286,391.5991540713535
Ridgecrest2019,P271,legacy,melgar,Melgar 2015,7.099999904632568,7.590991825750758,0.4909919211181899,0.4909919211181899,0.050088289804795655,485.60272054152296
Ridgecrest2019,P274,legacy,melgar,Melgar 2015,7.099999904632568,7.275632252592585,0.1756323479600166,0.1756323479600166,0.03367390128983043,442.19368134678723
Ridgecrest2019,P300,legacy,melgar,Melgar 2015,7.099999904632568,7.22279447929256,0.12279457465999144,0.12279457465999144,0.055146386031142254,248.0512772546956
Ridgecrest2019,P302,legacy,melgar,Melgar 2015,7.099999904632568,7.216790583701366,0.11679067906879759,0.11679067906879759,0.0471381153724261,287.50534975148366
Ridgecrest2019,P462,legacy,melgar,Melgar 2015,7.099999904632568,6.840987083439426,-0.2590128211931422,0.2590128211931422,0.07341089534828295,94.00214077680798
Ridgecrest2019,P463,legacy,melgar,Melgar 2015,7.099999904632568,6.744196083786493,-0.3558038208460754,0.3558038208460754,0.11351637314559561,48.88507646796504
Ridgecrest2019,P464,legacy,melgar,Melgar 2015,7.099999904632568,6.895260109217667,-0.20473979541490106,0.20473979541490106,0.15579276235797127,47.195136820784604
Ridgecrest2019,P465,legacy,melgar,Melgar 2015,7.099999904632568,6.809227699827441,-0.2907722048051271,0.2907722048051271,0.07122112056839015,91.40080092366043
Ridgecrest2019,P466,legacy,melgar,Melgar 2015,7.099999904632568,6.601635743907262,-0.4983641607253064,0.4983641607253064,0.05155924667040541,86.70455638524139
Ridgecrest2019,P467,legacy,melgar,Melgar 2015,7.099999904632568,6.795748728200383,-0.30425117643218513,0.30425117643218513,0.0641430674976666,99.60121290566761
Ridgecrest2019,P490,legacy,melgar,Melgar 2015,7.099999904632568,7.258184285570755,0.1581843809381862,0.1581843809381862,0.053302722163237184,272.0210672452911
Ridgecrest2019,P496,legacy,melgar,Melgar 2015,7.099999904632568,7.557864284078745,0.45786437944617653,0.45786437944617653,0.06093279020098913,382.9954053717602
Ridgecrest2019,P499,legacy,melgar,Melgar 2015,7.099999904632568,7.606615132832095,0.5066152281995269,0.5066152281995269,0.06907434433429908,365.91181000824224
Ridgecrest2019,P501,legacy,melgar,Melgar 2015,7.099999904632568,7.547837571243152,0.44783766661058344,0.44783766661058344,0.060438681458782145,380.13802039143684
Ridgecrest2019,P506,legacy,melgar,Melgar 2015,7.099999904632568,7.585886519175114,0.48588661454254556,0.48588661454254556,0.0689385633451388,355.19404252500425
Ridgecrest2019,P537,legacy,melgar,Melgar 2015,7.099999904632568,6.789929384653324,-0.3100705199792442,0.3100705199792442,0.03055621102744181,217.35748320365232
Ridgecrest2019,P544,legacy,melgar,Melgar 2015,7.099999904632568,6.974746575345134,-0.1252533292874345,0.1252533292874345,0.0465968656630801,193.14766552829033
Ridgecrest2019,P545,legacy,melgar,Melgar 2015,7.099999904632568,7.23112185587709,0.13112195124452164,0.13112195124452164,0.07799654221422245,177.68270209772058
Ridgecrest2019,P547,legacy,melgar,Melgar 2015,7.099999904632568,6.766794147640853,-0.33320575699171506,0.33320575699171506,0.030483423284302105,209.09088428419057
Ridgecrest2019,P556,legacy,melgar,Melgar 2015,7.099999904632568,6.926617975583986,-0.17338192904858207,0.17338192904858207,0.058205922104823206,140.60002419635998
Ridgecrest2019,P561,legacy,melgar,Melgar 2015,7.099999904632568,7.690843995222866,0.5908440905902976,0.5908440905902976,0.20737977145852432,147.41336902193063
Ridgecrest2019,P563,legacy,melgar,Melgar 2015,7.099999904632568,7.277379892667899,0.17737998803533106,0.17737998803533106,0.08849068272840574,169.42701765767683
Ridgecrest2019,P564,legacy,melgar,Melgar 2015,7.099999904632568,6.963316644770217,-0.13668325986235175,0.13668325986235175,0.05509757371408887,159.0207920559172
Ridgecrest2019,P565,legacy,melgar,Melgar 2015,7.099999904632568,6.849961600564962,-0.25003830406760663,0.25003830406760663,0.04859196960159696,147.93094130924487
Ridgecrest2019,P568,legacy,melgar,Melgar 2015,7.099999904632568,6.791088815703506,-0.3089110889290625,0.3089110889290625,0.08300137481032167,74.98766564877852
Ridgecrest2019,P570,legacy,melgar,Melgar 2015,7.099999904632568,6.72142641879034,-0.37857348584222805,0.37857348584222805,0.08832101369073911,61.19330084512307
Ridgecrest2019,P571,legacy,melgar,Melgar 2015,7.099999904632568,6.593800980559936,-0.5061989240726321,0.5061989240726321,0.038677145420444446,117.09501326723817
Ridgecrest2019,P573,legacy,melgar,Melgar 2015,7.099999904632568,6.650410019181442,-0.4495898854511262,0.4495898854511262,0.06854606854671126,69.93783308455335
Ridgecrest2019,P579,legacy,melgar,Melgar 2015,7.099999904632568,6.626529209777517,-0.47347069485505155,0.47347069485505155,0.052322522964322646,89.59499387930994
Ridgecrest2019,P580,legacy,melgar,Melgar 2015,7.099999904632568,7.12925579967939,0.02925589504682158,0.02925589504682158,0.27659043670311356,41.17084608624383
Ridgecrest2019,P582,legacy,melgar,Melgar 2015,7.099999904632568,6.588523209005069,-0.5114766956274996,0.5114766956274996,0.03569005813860022,126.62236600856829
Ridgecrest2019,P583,legacy,melgar,Melgar 2015,7.099999904632568,6.675687603618884,-0.42431230101368467,0.42431230101368467,0.058344685557466754,87.58284414129884
Ridgecrest2019,P588,legacy,melgar,Melgar 2015,7.099999904632568,6.8419314370000555,-0.2580684676325129,0.2580684676325129,0.06136999637398492,113.8455985793352
Ridgecrest2019,P589,legacy,melgar,Melgar 2015,7.099999904632568,6.87170992838122,-0.2282899762513484,0.2282899762513484,0.05480088428345311,135.56031675010715
Ridgecrest2019,P590,legacy,melgar,Melgar 2015,7.099999904632568,6.837826659583083,-0.26217324504948536,0.26217324504948536,0.08908676951889916,76.1146646096091
Ridgecrest2019,P591,legacy,melgar,Melgar 2015,7.099999904632568,6.68242576396577,-0.4175741406667983,0.4175741406667983,0.06512951379625098,78.7593484358568
Ridgecrest2019,P592,legacy,melgar,Melgar 2015,7.099999904632568,6.984690521336656,-0.11530938329591223,0.11530938329591223,0.13457102382086067,65.40110927188164
Ridgecrest2019,P594,legacy,melgar,Melgar 2015,7.099999904632568,6.7572900846735475,-0.34270981995902083,0.34270981995902083,0.21814679729245154,24.910427732351266
Ridgecrest2019,P595,legacy,melgar,Melgar 2015,7.099999904632568,7.2100306142824,0.11003070964983142,0.11003070964983142,0.6266953067263247,21.11003482236609
Ridgecrest2019,P596,legacy,melgar,Melgar 2015,7.099999904632568,6.815303372018788,-0.28469653261378003,0.28469653261378003,0.09338618530102569,69.31841875170082
Ridgecrest2019,P597,legacy,melgar,Melgar 2015,7.099999904632568,6.835529393177211,-0.2644705114553574,0.2644705114553574,0.10287582429378413,65.05702283226886
Ridgecrest2019,P605,legacy,melgar,Melgar 2015,7.099999904632568,6.7565768587825605,-0.3434230458500078,0.3434230458500078,0.038013343924788674,162.0125183384237
Ridgecrest2019,P615,legacy,melgar,Melgar 2015,7.099999904632568,6.98537638201734,-0.11462352261522835,0.11462352261522835,0.0905305972206641,98.79622789454567
Ridgecrest2019,P616,legacy,melgar,Melgar 2015,7.099999904632568,6.795199807172761,-0.3048000974598075,0.3048000974598075,0.12868747004682785,47.35319038933505
Ridgecrest2019,P617,legacy,melgar,Melgar 2015,7.099999904632568,6.831770291234963,-0.2682296133976054,0.2682296133976054,0.06453030385518262,105.91543278377333
Ridgecrest2019,P618,legacy,melgar,Melgar 2015,7.099999904632568,6.859137438364481,-0.24086246626808716,0.24086246626808716,0.047918004902004,152.65594465613577
Ridgecrest2019,P619,legacy,melgar,Melgar 2015,7.099999904632568,6.845641922924854,-0.25435798170771395,0.25435798170771395,0.05202801252918693,136.53096534319963
Ridgecrest2019,P620,legacy,melgar,Melgar 2015,7.099999904632568,6.475395671885687,-0.624604232746881,0.624604232746881,0.028326814916845796,131.52023645755617
Ridgecrest2019,P729,legacy,melgar,Melgar 2015,7.099999904632568,7.555185853862157,0.45518594922958844,0.45518594922958844,0.11018634375388786,216.10201609496903
Ridgecrest2019,P789,legacy,melgar,Melgar 2015,7.099999904632568,7.015471466401191,-0.08452843823137712,0.08452843823137712,0.037474539874856286,259.6551396995064
Ridgecrest2019,P799,legacy,melgar,Melgar 2015,7.099999904632568,7.190807193302868,0.09080728867029997,0.09080728867029997,0.0603107164185797,214.91457789274224
Ridgecrest2019,P800,legacy,melgar,Melgar 2015,7.099999904632568,7.017968394664123,-0.082031509968445,0.082031509968445,0.047038148692315616,206.2104145213412
Ridgecrest2019,P809,legacy,melgar,Melgar 2015,7.099999904632568,6.788779251578801,-0.3112206530537671,0.3112206530537671,0.0437324665378593,147.93994955516843
Ridgecrest2019,P810,legacy,melgar,Melgar 2015,7.099999904632568,6.7525922330510495,-0.34740767158151886,0.34740767158151886,0.04109402189826884,147.93063094887376
Ridgecrest2019,P811,legacy,melgar,Melgar 2015,7.099999904632568,6.737281358656654,-0.36271854597591435,0.36271854597591435,0.07191744667240084,78.76368656462887
Ridgecrest2019,P812,legacy,melgar,Melgar 2015,7.099999904632568,6.696565882033659,-0.40343402259890926,0.40343402259890926,0.06682387908223243,78.7496418542342
Ridgecrest2019,PBPP,legacy,melgar,Melgar 2015,7.099999904632568,6.645718721068339,-0.45428118356422953,0.45428118356422953,0.03514197373410924,143.56222222416466
Ridgecrest2019,PKRD,legacy,melgar,Melgar 2015,7.099999904632568,7.092267654754032,-0.007732249878536379,0.007732249878536379,0.05553557431836541,197.63285737660556
Ridgecrest2019,RAMT,legacy,melgar,Melgar 2015,7.099999904632568,6.810179766881199,-0.28982013775136917,0.28982013775136917,0.12767828536562742,49.202921562925745
Ridgecrest2019,RCSC,legacy,melgar,Melgar 2015,7.099999904632568,7.309564036265923,0.2095641316333543,0.2095641316333543,0.06097964887464663,258.75492880880506
Ridgecrest2019,RHCL,legacy,melgar,Melgar 2015,7.099999904632568,6.712695472695086,-0.38730443193748254,0.38730443193748254,0.02919202503996126,198.69397619188817
Ridgecrest2019,RSTP,legacy,melgar,Melgar 2015,7.099999904632568,6.744382946115036,-0.3556169585175324,0.3556169585175324,0.05189135012380756,113.39847219923216
Ridgecrest2019,RTHS,legacy,melgar,Melgar 2015,7.099999904632568,7.166527028155999,0.06652712352343038,0.06652712352343038,0.06596442253841557,188.4144169364675
Ridgecrest2019,SCIA,legacy,melgar,Melgar 2015,7.099999904632568,6.679439618030556,-0.4205602866020124,0.4205602866020124,0.04054383198741175,130.94335036069577
Ridgecrest2019,SHOS,legacy,melgar,Melgar 2015,7.099999904632568,6.600463526898862,-0.4995363777337065,0.4995363777337065,0.03838076935905378,119.61244867571101
Ridgecrest2019,SOMT,legacy,melgar,Melgar 2015,7.099999904632568,7.478583328566328,0.37858342393376,0.37858342393376,0.10018808960074259,209.35769389842048
Ridgecrest2019,SPMS,legacy,melgar,Melgar 2015,7.099999904632568,6.871341745152718,-0.22865815947985002,0.22865815947985002,0.03803998222095943,199.0861274928685
Ridgecrest2019,TABL,legacy,melgar,Melgar 2015,7.099999904632568,6.964070905713656,-0.13592899891891275,0.13592899891891275,0.05664139046973208,154.7209997846468
Ridgecrest2019,TOST,legacy,melgar,Melgar 2015,7.099999904632568,7.107507608353941,0.007507703721372216,0.007507703721372216,0.055379882475120025,203.4451808973308
Ridgecrest2019,TPOG,legacy,melgar,Melgar 2015,7.099999904632568,6.778460759841101,-0.3215391447914673,0.3215391447914673,0.0545527138288642,114.6039385277861
Ridgecrest2019,USGC,legacy,melgar,Melgar 2015,7.099999904632568,7.463650257099878,0.36365035246730937,0.36365035246730937,0.06022292246378632,334.9437687739817
Ridgecrest2019,VNCO,legacy,melgar,Melgar 2015,7.099999904632568,7.6628721711712515,0.5628722665386832,0.5628722665386832,0.12733265163798144,223.3939012657285
Ridgecrest2019,VNCX,legacy,melgar,Melgar 2015,7.099999904632568,7.004772474882082,-0.09522742975048626,0.09522742975048626,0.05162006721818898,183.06993674976104
Ridgecrest2019,WASG,legacy,melgar,Melgar 2015,7.099999904632568,6.6780939690336,-0.4219059355989687,0.4219059355989687,0.05908487184583006,86.79847268777017
Ridgecrest2019,WCHS,legacy,melgar,Melgar 2015,7.099999904632568,6.830567665787431,-0.26943223884513756,0.26943223884513756,0.03671862973498895,192.20472410235678
Ridgecrest2019,WHFG,legacy,melgar,Melgar 2015,7.099999904632568,6.690436503315754,-0.4095634013168148,0.4095634013168148,0.07481189176791479,68.85274592937999
Ridgecrest2019,WLSN,legacy,melgar,Melgar 2015,7.099999904632568,6.940250155865487,-0.15974974876708092,0.15974974876708092,0.04785122158991723,176.80535010052986
Ridgecrest2019,WNRA,legacy,melgar,Melgar 2015,7.099999904632568,7.080992265225441,-0.019007639407127463,0.019007639407127463,0.05474842118106245,196.68822458424606
Ridgecrest2019,WORG,legacy,melgar,Melgar 2015,7.099999904632568,6.921779265306989,-0.17822063932557963,0.17822063932557963,0.1320578374697996,59.11546450322608
Tokachi2003,0001,legacy,melgar,Melgar 2015,8.15999984741211,8.28986445585972,0.12986460844761005,0.12986460844761005,0.16800696546637467,436.5135294839057
Tokachi2003,0002,legacy,melgar,Melgar 2015,8.15999984741211,8.111612493145747,-0.04838735426636198,0.04838735426636198,0.19446716018876795,298.2257089649345
Tokachi2003,0003,legacy,melgar,Melgar 2015,8.15999984741211,8.318940279090121,0.15894043167801186,0.15894043167801186,0.23606317662530435,337.7770744588617
Tokachi2003,0004,legacy,melgar,Melgar 2015,8.15999984741211,8.065514901417973,-0.09448494599413593,0.09448494599413593,0.22578558290748563,243.81582814956877
Tokachi2003,0005,legacy,melgar,Melgar 2015,8.15999984741211,7.945538077327903,-0.2144617700842062,0.2144617700842062,0.23560129333712235,195.74415828512258
Tokachi2003,0007,legacy,melgar,Melgar 2015,8.15999984741211,8.340048896169252,0.18004904875714267,0.18004904875714267,0.3776253471709385,231.28939629739574
Tokachi2003,0008,legacy,melgar,Melgar 2015,8.15999984741211,8.146012830668205,-0.013987016743904235,0.013987016743904235,0.20344277510072503,301.0944710672287
Tokachi2003,0009,legacy,melgar,Melgar 2015,8.15999984741211,8.167684563183077,0.007684715770967188,0.007684715770967188,0.3902503306516076,174.28770472733498
Tokachi2003,0011,legacy,melgar,Melgar 2015,8.15999984741211,8.30629154996357,0.1462917025514603,0.1462917025514603,0.6194014439725285,143.03499355828671
Tokachi2003,0012,legacy,melgar,Melgar 2015,8.15999984741211,8.5819683021207,0.42196845470859046,0.42196845470859046,0.7510042204350083,181.66401531965406
Tokachi2003,0013,legacy,melgar,Melgar 2015,8.15999984741211,8.136189545302013,-0.02381030211009616,0.02381030211009616,0.21543560828092276,282.0853630129269
Tokachi2003,0014,legacy,melgar,Melgar 2015,8.15999984741211,8.426070888537865,0.2660710411257554,0.2660710411257554,0.4542381797542045,223.09226564080922
Tokachi2003,0017,legacy,melgar,Melgar 2015,8.15999984741211,7.98645935647284,-0.1735404909392697,0.1735404909392697,0.13614500552413428,342.7091816626146
Tokachi2003,0018,legacy,melgar,Melgar 2015,8.15999984741211,8.038614633664098,-0.12138521374801137,0.12138521374801137,0.20620413678410915,254.2008434341821
Tokachi2003,0020,legacy,melgar,Melgar 2015,8.15999984741211,7.943474740920032,-0.21652510649207724,0.21652510649207724,0.11828029036440546,365.8608380996649
Tokachi2003,0021,legacy,melgar,Melgar 2015,8.15999984741211,7.971573113227378,-0.18842673418473144,0.18842673418473144,0.14504922229734554,316.578052758474
Tokachi2003,0022,legacy,melgar,Melgar 2015,8.15999984741211,7.889628966925158,-0.27037088048695157,0.27037088048695157,0.1552021088662085,263.42951908173313
Tokachi2003,0023,legacy,melgar,Melgar 2015,8.15999984741211,7.823946629246815,-0.33605321816529443,0.33605321816529443,0.11110102190150706,324.9043391145899
Tokachi2003,0024,legacy,melgar,Melgar 2015,8.15999984741211,7.712325686497307,-0.4476741609148025,0.4476741609148025,0.13220974063568827,232.98104563572258
Tokachi2003,0026,legacy,melgar,Melgar 2015,8.15999984741211,7.839848759816466,-0.3201510875956437,0.3201510875956437,0.11363157630541477,325.8437116852945
Tokachi2003,0030,legacy,melgar,Melgar 2015,8.15999984741211,7.656186946160075,-0.5038129012520347,0.5038129012520347,0.06730012024759485,404.2023437246948
Tokachi2003,0031,legacy,melgar,Melgar 2015,8.15999984741211,7.611135219761395,-0.5488646276507145,0.5488646276507145,0.059762562720016774,422.89596080671106
Tokachi2003,0032,legacy,melgar,Melgar 2015,8.15999984741211,7.7473819410487375,-0.4126179063633719,0.4126179063633719,0.06529275411493768,475.9084285316286
Tokachi2003,0101,legacy,melgar,Melgar 2015,8.15999984741211,8.128840176159452,-0.031159671252657617,0.031159671252657617,0.1372249070230854,417.21116405961317
Tokachi2003,0102,legacy,melgar,Melgar 2015,8.15999984741211,8.020190430864414,-0.13980941654769552,0.13980941654769552,0.10623653222788473,450.3055719107177
Tokachi2003,0103,legacy,melgar,Melgar 2015,8.15999984741211,8.064818178465574,-0.09518166894653568,0.09518166894653568,0.14056304670945455,372.8636031401621
Tokachi2003,0104,legacy,melgar,Melgar 2015,8.15999984741211,8.539330397413963,0.37933055000185334,0.37933055000185334,0.2875330303131136,385.9135216614619
Tokachi2003,0105,legacy,melgar,Melgar 2015,8.15999984741211,8.162536162645026,0.0025363152329163086,0.0025363152329163086,0.17536780468364943,351.8010813592655
Tokachi2003,0106,legacy,melgar,Melgar 2015,8.15999984741211,8.114479994070804,-0.045519853341305705,0.045519853341305705,0.15849711736766342,359.4793494097204
Tokachi2003,0107,legacy,melgar,Melgar 2015,8.15999984741211,8.20409041422393,0.04409056681182122,0.04409056681182122,0.22743707396525975,296.54996725856995
Tokachi2003,0108,legacy,melgar,Melgar 2015,8.15999984741211,8.063819685469612,-0.09618016194249712,0.09618016194249712,0.21678211459844757,252.2609288274585
Tokachi2003,0110,legacy,melgar,Melgar 2015,8.15999984741211,8.198340903666171,0.03834105625406181,0.03834105625406181,0.23622227191532572,284.4215314981978
Tokachi2003,0111,legacy,melgar,Melgar 2015,8.15999984741211,8.189965425068253,0.02996557765614405,0.02996557765614405,0.2695052868247698,250.07039639679425
Tokachi2003,0113,legacy,melgar,Melgar 2015,8.15999984741211,7.913318248347028,-0.2466815990650817,0.2466815990650817,0.20224486279070258,214.2105999345888
Tokachi2003,0114,legacy,melgar,Melgar 2015,8.15999984741211,8.115100791089857,-0.04489905632225266,0.04489905632225266,0.2634839542163631,228.5364851235753
Tokachi2003,0116,legacy,melgar,Melgar 2015,8.15999984741211,7.912137322779107,-0.2478625246330024,0.2478625246330024,0.2259105289939436,193.21523473440448
Tokachi2003,0117,legacy,melgar,Melgar 2015,8.15999984741211,8.185192991936821,0.025193144524711997,0.025193144524711997,0.24442321318573854,270.7669823366324
Tokachi2003,0118,legacy,melgar,Melgar 2015,8.15999984741211,8.060496126440887,-0.09950372097122262,0.09950372097122262,0.27520339992096227,202.5575654225585
Tokachi2003,0119,legacy,melgar,Melgar 2015,8.15999984741211,7.852797503269414,-0.307202344142695,0.307202344142695,0.1662651965973338,233.79695786419776
Tokachi2003,0120,legacy,melgar,Melgar 2015,8.15999984741211,8.044784240423512,-0.11521560698859723,0.11521560698859723,0.16210102057120795,318.63264262602314
Tokachi2003,0121,legacy,melgar,Melgar 2015,8.15999984741211,8.25506739289245,0.09506754548034024,0.09506754548034024,0.46846323969335985,169.12748364021783
Tokachi2003,0123,legacy,melgar,Melgar 2015,8.15999984741211,8.366124664826911,0.2061248174148016,0.2061248174148016,0.570115895089826,168.06492111128125
Tokachi2003,0125,legacy,melgar,Melgar 2015,8.15999984741211,8.19800078673416,0.03800093932205151,0.03800093932205151,0.45027396826675314,160.73632183833843
Tokachi2003,0126,legacy,melgar,Melgar 2015,8.15999984741211,8.116481886050204,-0.04351796136190522,0.04351796136190522,0.18534538516710858,313.5017636316111
Tokachi2003,0127,legacy,melgar,Melgar 2015,8.15999984741211,8.137930277762546,-0.022069569649563192,0.022069569649563192,0.196526700252733,306.90530711944757
Tokachi2003,0128,legacy,melgar,Melgar 2015,8.15999984741211,8.241833641936932,0.08183379452482242,0.08183379452482242,0.2905458281292985,252.35580733810727
Tokachi2003,0129,legacy,melgar,Melgar 2015,8.15999984741211,8.119701910557037,-0.040297936855072436,0.040297936855072436,0.21488006351175995,276.0267177845389
Tokachi2003,0130,legacy,melgar,Melgar 2015,8.15999984741211,8.07745074753412,-0.08254909987798875,0.08254909987798875,0.186442565323934,294.6737980550929
Tokachi2003,0131,legacy,melgar,Melgar 2015,8.15999984741211,8.025320089909982,-0.13467975750212702,0.13467975750212702,0.15505278238364006,322.39845086983945
Tokachi2003,0132,legacy,melgar,Melgar 2015,8.15999984741211,8.440646472189004,0.28064662477689417,0.28064662477689417,0.5322996973666516,198.79373666322823
Tokachi2003,0133,legacy,melgar,Melgar 2015,8.15999984741211,8.589251533123479,0.4292516857113693,0.4292516857113693,0.8247304192809193,169.61931657997272
Tokachi2003,0134,legacy,melgar,Melgar 2015,8.15999984741211,8.553228631347281,0.3932287839351716,0.3932287839351716,1.1430616421753719,122.12743659815841
Tokachi2003,0135,legacy,melgar,Melgar 2015,8.15999984741211,8.111456432022832,-0.0485434153892772,0.0485434153892772,0.23314467979575165,253.55327080805705
Tokachi2003,0136,legacy,melgar,Melgar 2015,8.15999984741211,8.3850549674909,0.2250551200787907,0.2250551200787907,0.445945399835534,213.68574773910635
Tokachi2003,0137,legacy,melgar,Melgar 2015,8.15999984741211,8.100383633297339,-0.05961621411477047,0.05961621411477047,0.21184980049922872,271.7667990340552
Tokachi2003,0139,legacy,melgar,Melgar 2015,8.15999984741211,8.215837416281955,0.05583756886984581,0.05583756886984581,0.31366569484246987,227.13218601741173
Tokachi2003,0140,legacy,melgar,Melgar 2015,8.15999984741211,8.042193526100062,-0.11780632131204705,0.11780632131204705,0.17005820376832134,304.0186405564264
Tokachi2003,0143,legacy,melgar,Melgar 2015,8.15999984741211,7.990457714690263,-0.1695421327218467,0.1695421327218467,0.1545546702155857,307.25748328504324
Tokachi2003,0145,legacy,melgar,Melgar 2015,8.15999984741211,7.985155484495044,-0.1748443629170655,0.1748443629170655,0.14356251915850016,325.9815578533736
Tokachi2003,0146,legacy,melgar,Melgar 2015,8.15999984741211,7.9990049548946995,-0.16099489251740984,0.16099489251740984,0.17402175910028136,279.4329845518238
Tokachi2003,0147,legacy,melgar,Melgar 2015,8.15999984741211,7.98132323719159,-0.17867661022051973,0.17867661022051973,0.18340198850752712,259.5303398138289
Tokachi2003,0149,legacy,melgar,Melgar 2015,8.15999984741211,7.8992836764822645,-0.2607161709298449,0.2607161709298449,0.13660724840449082,300.4842329000409
Tokachi2003,0150,legacy,melgar,Melgar 2015,8.15999984741211,7.816761293517276,-0.3432385538948335,0.3432385538948335,0.1418631513092072,256.2621963050986
Tokachi2003,0151,legacy,melgar,Melgar 2015,8.15999984741211,7.74303819975749,-0.4169616476546194,0.4169616476546194,0.11123521042761422,287.23225081282754
Tokachi2003,0152,legacy,melgar,Melgar 2015,8.15999984741211,7.592540484866344,-0.5674593625457653,0.5674593625457653,0.10820628875838255,233.35433731075724
Tokachi2003,0153,legacy,melgar,Melgar 2015,8.15999984741211,7.585771129315565,-0.5742287180965446,0.5742287180965446,0.09414231959494818,263.706512005557
Tokachi2003,0154,legacy,melgar,Melgar 2015,8.15999984741211,7.725348808991939,-0.4346510384201707,0.4346510384201707,0.08464528090402706,361.2213399833819
Tokachi2003,0155,legacy,melgar,Melgar 2015,8.15999984741211,7.656931914811609,-0.5030679326005005,0.5030679326005005,0.08781945246660215,314.5614361220206
Tokachi2003,0156,legacy,melgar,Melgar 2015,8.15999984741211,7.365188692779366,-0.7948111546327432,0.7948111546327432,0.06961605529904952,248.52414714382743
Tokachi2003,0157,legacy,melgar,Melgar 2015,8.15999984741211,7.510926740304353,-0.649073107107756,0.649073107107756,0.07471684655804504,292.735862745121
Tokachi2003,0158,legacy,melgar,Melgar 2015,8.15999984741211,7.273080157718936,-0.8869196896931735,0.8869196896931735,0.06119198473808912,242.90135020778823
Tokachi2003,0159,legacy,melgar,Melgar 2015,8.15999984741211,7.460504943646564,-0.6994949037655456,0.6994949037655456,0.07254768300754977,278.16144367544297
Tokachi2003,0161,legacy,melgar,Melgar 2015,8.15999984741211,7.472403391336849,-0.6875964560752603,0.6875964560752603,0.06727141145221617,304.99081668979636
Tokachi2003,0162,legacy,melgar,Melgar 2015,8.15999984741211,7.3257365140598445,-0.8342633333522649,0.8342633333522649,0.059351283984694934,272.8591315928874
Tokachi2003,0163,legacy,melgar,Melgar 2015,8.15999984741211,7.335737465345076,-0.8242623820670332,0.8242623820670332,0.051574491676458466,318.57604839226445
Tokachi2003,0164,legacy,melgar,Melgar 2015,8.15999984741211,7.209006535877671,-0.9509933115344387,0.9509933115344387,0.04740910342827354,282.23191126592087
Tokachi2003,0165,legacy,melgar,Melgar 2015,8.15999984741211,7.508151082723738,-0.6518487646883715,0.6518487646883715,0.06323070200637755,342.40971995842955
Tokachi2003,0181,legacy,melgar,Melgar 2015,8.15999984741211,7.607699551958091,-0.5523002954540184,0.5523002954540184,0.07821011555183041,325.61805725459806
Tokachi2003,0182,legacy,melgar,Melgar 2015,8.15999984741211,7.673197524696731,-0.48680232271537793,0.48680232271537793,0.08017961035302396,351.4161864785254
Tokachi2003,0183,legacy,melgar,Melgar 2015,8.15999984741211,7.528244795327628,-0.6317550520844817,0.6317550520844817,0.07063896052840563,317.48028975262287
Tokachi2003,0184,legacy,melgar,Melgar 2015,8.15999984741211,7.795639165023445,-0.36436068238866426,0.36436068238866426,0.09269586320876094,368.5039483051336
Tokachi2003,0187,legacy,melgar,Melgar 2015,8.15999984741211,7.584064605980985,-0.5759352414311243,0.5759352414311243,0.06739413588059971,361.95763324496085
Tokachi2003,0188,legacy,melgar,Melgar 2015,8.15999984741211,7.526002558899863,-0.633997288512246,0.633997288512246,0.05650692103452474,392.23152935013223
Tokachi2003,0191,legacy,melgar,Melgar 2015,8.15999984741211,7.681557653651449,-0.4784421937606602,0.4784421937606602,0.06310809271444401,446.0632274528872
Tokachi2003,0193,legacy,melgar,Melgar 2015,8.15999984741211,7.581259194409489,-0.5787406530026207,0.5787406530026207,0.05822018881344077,414.51328123959655
Tokachi2003,0194,legacy,melgar,Melgar 2015,8.15999984741211,7.554126153414007,-0.6058736939981024,0.6058736939981024,0.04882332462376269,471.0002158712125
Tokachi2003,0196,legacy,melgar,Melgar 2015,8.15999984741211,7.4965851123897185,-0.6634147350223909,0.6634147350223909,0.04208825605910476,498.44621871544683
Tokachi2003,0198,legacy,melgar,Melgar 2015,8.15999984741211,7.329451196516818,-0.8305486508952917,0.8305486508952917,0.030044533715097296,538.0995162805277
Tokachi2003,0204,legacy,melgar,Melgar 2015,8.15999984741211,7.278040490242505,-0.8819593571696043,0.8819593571696043,0.024414092196737784,611.3541464274172
Tokachi2003,0210,legacy,melgar,Melgar 2015,8.15999984741211,7.42593757413075,-0.7340622732813591,0.7340622732813591,0.03075334951474799,608.242148659681
Tokachi2003,0211,legacy,melgar,Melgar 2015,8.15999984741211,7.413505349422615,-0.7464944979894943,0.7464944979894943,0.03065313116374642,598.9738325548321
Tokachi2003,0217,legacy,melgar,Melgar 2015,8.15999984741211,7.654511922190615,-0.5054879252214945,0.5054879252214945,0.041024050851538846,644.2045534463466
Tokachi2003,0218,legacy,melgar,Melgar 2015,8.15999984741211,7.509827254328697,-0.6501725930834121,0.6501725930834121,0.031077899581080152,681.2845305346183
Tokachi2003,0243,legacy,melgar,Melgar 2015,8.15999984741211,7.7138154106937975,-0.44618443671831187,0.44618443671831187,0.03997186457237663,718.3840467734033
Tokachi2003,0501,legacy,melgar,Melgar 2015,8.15999984741211,8.050618922611502,-0.10938092480060746,0.10938092480060746,0.11670035643936964,431.9479252922734
Tokachi2003,0502,legacy,melgar,Melgar 2015,8.15999984741211,8.070361904311875,-0.0896379431002341,0.0896379431002341,0.16886515878797465,318.75757172367065
Tokachi2003,0503,legacy,melgar,Melgar 2015,8.15999984741211,8.164070076518676,0.004070229106567069,0.004070229106567069,0.23650867643550838,270.3636477723049
Tokachi2003,0504,legacy,melgar,Melgar 2015,8.15999984741211,8.211113746193522,0.051113898781412814,0.051113898781412814,0.25087898718813245,274.71053652003116
Tokachi2003,0505,legacy,melgar,Melgar 2015,8.15999984741211,8.034952359970413,-0.12504748744169625,0.12504748744169625,0.21278290358578722,245.76182395216128
Tokachi2003,0506,legacy,melgar,Melgar 2015,8.15999984741211,8.20340552390635,0.0434056764942401,0.0434056764942401,0.26508432440215557,258.7669261246172
Tokachi2003,0507,legacy,melgar,Melgar 2015,8.15999984741211,8.041399812125638,-0.11860003528647134,0.11860003528647134,0.23528665285154685,226.64014109581973
Tokachi2003,0508,legacy,melgar,Melgar 2015,8.15999984741211,8.272457304949556,0.11245745753744707,0.11245745753744707,0.3111350653311623,248.4054703144328
Tokachi2003,0509,legacy,melgar,Melgar 2015,8.15999984741211,8.333180227134328,0.17318037972221845,0.17318037972221845,0.3087643683832618,272.82347023787275
Tokachi2003,0510,legacy,melgar,Melgar 2015,8.15999984741211,8.347499784555337,0.18749993714322777,0.18749993714322777,0.3760838809108488,234.6170813551394
Tokachi2003,0511,legacy,melgar,Melgar 2015,8.15999984741211,8.164760041771684,0.004760194359574754,0.004760194359574754,0.31410789192310823,210.38434883742949
Tokachi2003,0512,legacy,melgar,Melgar 2015,8.15999984741211,8.05314980694018,-0.10685004047192947,0.10685004047192947,0.28385857841314655,194.81866119084177
Tokachi2003,0513,legacy,melgar,Melgar 2015,8.15999984741211,8.046442314206082,-0.11355753320602702,0.11355753320602702,0.2997047349590938,183.64067081989086
Tokachi2003,0514,legacy,melgar,Melgar 2015,8.15999984741211,8.47454437822993,0.3145445308178214,0.3145445308178214,0.5228808265403705,211.9271384904103
Tokachi2003,0515,legacy,melgar,Melgar 2015,8.15999984741211,7.960852696724473,-0.19914715068763655,0.19914715068763655,0.2687003864938209,177.79056906735693
Tokachi2003,0516,legacy,melgar,Melgar 2015,8.15999984741211,8.369296532878703,0.20929668546659386,0.20929668546659386,0.3956227541254534,231.68629352258316
Tokachi2003,0517,legacy,melgar,Melgar 2015,8.15999984741211,8.11600592553769,-0.04399392187441897,0.04399392187441897,0.19777616364072986,295.64467536476263
Tokachi2003,0519,legacy,melgar,Melgar 2015,8.15999984741211,7.993629895536792,-0.16636995187531767,0.16636995187531767,0.2432263314916745,204.64764694089598
Tokachi2003,0520,legacy,melgar,Melgar 2015,8.15999984741211,8.341194768978504,0.18119492156639438,0.18119492156639438,0.3597008028055351,241.66896373528445
Tokachi2003,0521,legacy,melgar,Melgar 2015,8.15999984741211,8.521737126414475,0.36173727900236585,0.36173727900236585,0.9057927021801838,142.03877877925683
Tokachi2003,0522,legacy,melgar,Melgar 2015,8.15999984741211,8.431497637928137,0.27149779051602785,0.27149779051602785,0.44810963788810465,227.47113100459802
Tokachi2003,0523,legacy,melgar,Melgar 2015,8.15999984741211,8.273969031876396,0.1139691844642865,0.1139691844642865,0.33455351931376054,233.61855515812047
Tokachi2003,0525,legacy,melgar,Melgar 2015,8.15999984741211,8.06464146242499,-0.09535838498711868,0.09535838498711868,0.19875851485033963,273.0556205210582
Tokachi2003,0526,legacy,melgar,Melgar 2015,8.15999984741211,8.067862202618658,-0.09213764479345166,0.09213764479345166,0.20907440044378986,262.16200247822496
Tokachi2003,0527,legacy,melgar,Melgar 2015,8.15999984741211,7.966173530521785,-0.19382631689032426,0.19382631689032426,0.12069739272461086,371.2261768693469
Tokachi2003,0528,legacy,melgar,Melgar 2015,8.15999984741211,8.081545281749026,-0.07845456566308329,0.07845456566308329,0.2054633904248916,271.70958270583264
Tokachi2003,0529,legacy,melgar,Melgar 2015,8.15999984741211,7.909525217802405,-0.25047462960970446,0.25047462960970446,0.15838535495841125,266.4293129169463
Tokachi2003,0530,legacy,melgar,Melgar 2015,8.15999984741211,7.875379069210447,-0.28462077820166254,0.28462077820166254,0.12301513047660541,319.2960632492213
Tokachi2003,0531,legacy,melgar,Melgar 2015,8.15999984741211,8.265904349245895,0.10590450183378586,0.10590450183378586,0.5522046908815589,148.8074779413694
Tokachi2003,0533,legacy,melgar,Melgar 2015,8.15999984741211,7.728025138503848,-0.4319747089082613,0.4319747089082613,0.1505548623527557,211.35377212750424
Tokachi2003,0534,legacy,melgar,Melgar 2015,8.15999984741211,7.836398245056247,-0.3236016023558621,0.3236016023558621,0.12613795546901743,294.33553684497986
Tokachi2003,0535,legacy,melgar,Melgar 2015,8.15999984741211,7.740920844905579,-0.4190790025065301,0.4190790025065301,0.11889687254699723,268.99879601195653
Tokachi2003,0537,legacy,melgar,Melgar 2015,8.15999984741211,7.554363950242045,-0.6056358971700639,0.6056358971700639,0.09215446128918264,256.1737412654726
Tokachi2003,0538,legacy,melgar,Melgar 2015,8.15999984741211,7.761676361748149,-0.39832348566396014,0.39832348566396014,0.1076482555638454,304.6765555598716
Tokachi2003,0539,legacy,melgar,Melgar 2015,8.15999984741211,7.486186150541297,-0.6738136968708126,0.6738136968708126,0.08519125148188633,247.9718014125788
Tokachi2003,0540,legacy,melgar,Melgar 2015,8.15999984741211,7.6836890572107155,-0.4763107902013939,0.4763107902013939,0.09096314176357519,316.97320845351373
Tokachi2003,0541,legacy,melgar,Melgar 2015,8.15999984741211,7.693382641526409,-0.46661720588570077,0.46661720588570077,0.1009548714109255,291.6075639560204
Tokachi2003,0542,legacy,melgar,Melgar 2015,8.15999984741211,7.7043467913843555,-0.45565305602775386,0.45565305602775386,0.09742096928738794,306.6501293165949
Tokachi2003,0543,legacy,melgar,Melgar 2015,8.15999984741211,7.350914256038319,-0.8090855913737904,0.8090855913737904,0.05311926942912215,317.01091635754597
Tokachi2003,0544,legacy,melgar,Melgar 2015,8.15999984741211,7.518371084507025,-0.6416287629050847,0.6416287629050847,0.05740696714821908,381.82054415777554
Tokachi2003,0547,legacy,melgar,Melgar 2015,8.15999984741211,7.278782787683401,-0.8812170597287086,0.8812170597287086,0.04817226438004713,311.12866688286573
Tokachi2003,0548,legacy,melgar,Melgar 2015,8.15999984741211,7.475522773775665,-0.6844770736364447,0.6844770736364447,0.04554958498495761,447.2714521717776
Tokachi2003,0551,legacy,melgar,Melgar 2015,8.15999984741211,7.69783160433871,-0.46216824307339976,0.46216824307339976,0.07200280967825365,403.5793085439296
Tokachi2003,0552,legacy,melgar,Melgar 2015,8.15999984741211,7.721974102315593,-0.4380257450965166,0.4380257450965166,0.0767678816893217,393.89988824876497
Tokachi2003,0553,legacy,melgar,Melgar 2015,8.15999984741211,7.506740030032886,-0.6532598173792232,0.6532598173792232,0.0604764366746005,356.67061861164285
Tokachi2003,0555,legacy,melgar,Melgar 2015,8.15999984741211,7.597591659278933,-0.5624081881331762,0.5624081881331762,0.05366351369329642,459.1763115708733
Tokachi2003,0556,legacy,melgar,Melgar 2015,8.15999984741211,7.5531192572141626,-0.6068805901979468,0.6068805901979468,0.0481521136096592,476.5778735426666
Tokachi2003,0559,legacy,melgar,Melgar 2015,8.15999984741211,7.406308405304945,-0.7536914421071641,0.7536914421071641,0.03222188584268212,564.3210122054594
Tokachi2003,0563,legacy,melgar,Melgar 2015,8.15999984741211,7.830159489345531,-0.3298403580665781,0.3298403580665781,0.05370859530948099,642.5714131833427
Tokachi2003,0566,legacy,melgar,Melgar 2015,8.15999984741211,7.527195847653718,-0.6328039997583916,0.6328039997583916,0.033415199112336626,651.5980342010272
Tokachi2003,0581,legacy,melgar,Melgar 2015,8.15999984741211,7.8539837154916246,-0.3060161319204848,0.3060161319204848,0.05632810320563002,635.8237283135402
Tokachi2003,0586,legacy,melgar,Melgar 2015,8.15999984741211,7.901065939557988,-0.2589339078541215,0.2589339078541215,0.05977824629164109,642.929637235483
Tokachi2003,0752,legacy,melgar,Melgar 2015,8.15999984741211,8.036919752759133,-0.12308009465297687,0.12308009465297687,0.06477450202957552,720.2959164229343
Tokachi2003,0778,legacy,melgar,Melgar 2015,8.15999984741211,8.543031000396343,0.38303115298423407,0.38303115298423407,0.25934419828427663,423.31714193592165
Tokachi2003,0779,legacy,melgar,Melgar 2015,8.15999984741211,8.131075512791213,-0.028924334620896275,0.028924334620896275,0.14829227648500176,390.5717827716569
Tokachi2003,0780,legacy,melgar,Melgar 2015,8.15999984741211,8.044321509674997,-0.115678337737112,0.115678337737112,0.14823867759176745,345.1206495467904
Tokachi2003,0781,legacy,melgar,Melgar 2015,8.15999984741211,8.354559602913067,0.19455975550095772,0.19455975550095772,0.23276436510823367,359.33308318538633
Tokachi2003,0782,legacy,melgar,Melgar 2015,8.15999984741211,8.25030975839124,0.09030991097912988,0.09030991097912988,0.2288063287207958,315.1101815898347
Tokachi2003,0783,legacy,melgar,Melgar 2015,8.15999984741211,8.195423481163987,0.035423633751877404,0.035423633751877404,0.20655038274160606,318.91826670606633
Tokachi2003,0784,legacy,melgar,Melgar 2015,8.15999984741211,7.861909419274887,-0.29809042813722275,0.29809042813722275,0.1804386927216691,219.85681258353867
Tokachi2003,0785,legacy,melgar,Melgar 2015,8.15999984741211,8.142193856911375,-0.017805990500734836,0.017805990500734836,0.21040312442263628,290.60583050259197
Tokachi2003,0790,legacy,melgar,Melgar 2015,8.15999984741211,8.478865361502386,0.31886551409027675,0.31886551409027675,0.5735016487499535,197.04670999790366
Tokachi2003,0792,legacy,melgar,Melgar 2015,8.15999984741211,8.0127502406836,-0.14724960672850962,0.14724960672850962,0.20629909744745947,244.49493557386455
Tokachi2003,0794,legacy,melgar,Melgar 2015,8.15999984741211,7.95591275512929,-0.20408709228281907,0.20408709228281907,0.1530727301310757,294.55847697792245
Tokachi2003,0795,legacy,melgar,Melgar 2015,8.15999984741211,7.308940935417416,-0.8510589119946932,0.8510589119946932,0.052180987572181814,301.6760849674468
Tokachi2003,0797,legacy,melgar,Melgar 2015,8.15999984741211,7.369745653496373,-0.7902541939157368,0.7902541939157368,0.03382834034377309,509.05027631654553
Tokachi2003,0798,legacy,melgar,Melgar 2015,8.15999984741211,7.599495195142585,-0.5605046522695245,0.5605046522695245,0.07700747184653473,326.32301433674826
Tokachi2003,0844,legacy,melgar,Melgar 2015,8.15999984741211,7.579523042151988,-0.5804768052601217,0.5804768052601217,0.08689393069426649,281.9217172998054
Tokachi2003,0848,legacy,melgar,Melgar 2015,8.15999984741211,8.130272391062688,-0.029727456349421644,0.029727456349421644,0.12902300379592926,441.65864856542487
Tokachi2003,0849,legacy,melgar,Melgar 2015,8.15999984741211,8.246800246675521,0.08680039926341188,0.08680039926341188,0.16639202961583627,414.8116432575651
Tokachi2003,0850,legacy,melgar,Melgar 2015,8.15999984741211,8.087821998778871,-0.07217784863323828,0.07217784863323828,0.14361231827764384,377.9760182925834
Tokachi2003,0851,legacy,melgar,Melgar 2015,8.15999984741211,8.22194859038176,0.06194874296965125,0.06194874296965125,0.17748997805737074,378.5447580947147
Tokachi2003,0852,legacy,melgar,Melgar 2015,8.15999984741211,8.233107483737061,0.0731076363249521,0.0731076363249521,0.19091489567410314,360.6078858917269
Tokachi2003,0853,legacy,melgar,Melgar 2015,8.15999984741211,8.131836858995182,-0.028162988416926993,0.028162988416926993,0.18299539071661078,324.18339282737577
Tokachi2003,0854,legacy,melgar,Melgar 2015,8.15999984741211,8.164037792736574,0.0040379453244643315,0.0040379453244643315,0.21629840537359268,292.65850105430354
Tokachi2003,0856,legacy,melgar,Melgar 2015,8.15999984741211,8.160347682322103,0.00034783490999323874,0.00034783490999323874,0.22834463812760095,277.4242009772763
Tokachi2003,0857,legacy,melgar,Melgar 2015,8.15999984741211,8.243121573403897,0.0831217259917878,0.0831217259917878,0.24808181903400958,290.4997340257239
Tokachi2003,0858,legacy,melgar,Melgar 2015,8.15999984741211,8.26375892620911,0.10375907879700108,0.10375907879700108,0.2688847272912343,278.78912878314384
Tokachi2003,0859,legacy,melgar,Melgar 2015,8.15999984741211,7.833903507674707,-0.3260963397374024,0.3260963397374024,0.1394938138932799,267.1663474353328
Tokachi2003,0860,legacy,melgar,Melgar 2015,8.15999984741211,8.127117760975606,-0.032882086436503144,0.032882086436503144,0.1972417891356328,301.170802935153
Tokachi2003,0861,legacy,melgar,Melgar 2015,8.15999984741211,8.171023430972019,0.011023583559909511,0.011023583559909511,0.2774650740638055,237.0406773459859
Tokachi2003,0862,legacy,melgar,Melgar 2015,8.15999984741211,8.171838908651885,0.011839061239776072,0.011839061239776072,0.24010553345534494,269.79652546299604
Tokachi2003,0865,legacy,melgar,Melgar 2015,8.15999984741211,8.259485811961415,0.0994859645493058,0.0994859645493058,0.29020757254795343,259.14236106836137
Tokachi2003,0866,legacy,melgar,Melgar 2015,8.15999984741211,8.184718221576238,0.02471837416412903,0.02471837416412903,0.3130353629659532,217.35244785400823
Tokachi2003,0867,legacy,melgar,Melgar 2015,8.15999984741211,8.345024192095506,0.1850243446833968,0.1850243446833968,0.3924832014577957,225.27661484086553
Tokachi2003,0868,legacy,melgar,Melgar 2015,8.15999984741211,8.048071170082872,-0.11192867732923695,0.11192867732923695,0.2646913561449779,205.88538695228507
Tokachi2003,0870,legacy,melgar,Melgar 2015,8.15999984741211,7.80256832496326,-0.35743152244884957,0.35743152244884957,0.1754867542252614,205.81414786022864
Tokachi2003,0871,legacy,melgar,Melgar 2015,8.15999984741211,8.31648651775862,0.15648667034650998,0.15648667034650998,0.3509399691238815,238.2820162730626
Tokachi2003,0872,legacy,melgar,Melgar 2015,8.15999984741211,8.23829487117435,0.07829502376224085,0.07829502376224085,0.2707313752073475,267.15829289937454
Tokachi2003,0873,legacy,melgar,Melgar 2015,8.15999984741211,8.129183403303783,-0.030816444108326735,0.030816444108326735,0.3370184703915456,187.37935703126794
Tokachi2003,0874,legacy,melgar,Melgar 2015,8.15999984741211,8.371270606840834,0.21127075942872509,0.21127075942872509,0.5151018746023411,184.8932017615027
Tokachi2003,0875,legacy,melgar,Melgar 2015,8.15999984741211,8.036272589242408,-0.12372725816970132,0.12372725816970132,0.1509885393668003,335.5182648247401
Tokachi2003,0876,legacy,melgar,Melgar 2015,8.15999984741211,8.309585035661616,0.14958518824950673,0.14958518824950673,0.3072896837858578,264.89169255389805
Tokachi2003,0877,legacy,melgar,Melgar 2015,8.15999984741211,8.494695183867236,0.33469533645512684,0.33469533645512684,0.4582260096918916,244.09854689871378
Tokachi2003,0878,legacy,melgar,Melgar 2015,8.15999984741211,8.110655826897462,-0.04934402051464737,0.04934402051464737,0.33929743069642054,181.12032726833115
Tokachi2003,0880,legacy,melgar,Melgar 2015,8.15999984741211,8.556164401549132,0.3961645541370231,0.3961645541370231,0.687961566314434,188.56048112818362
Tokachi2003,0882,legacy,melgar,Melgar 2015,8.15999984741211,8.191012913610024,0.03101306619791444,0.03101306619791444,0.2495364547462347,268.1040755019326
Tokachi2003,0883,legacy,melgar,Melgar 2015,8.15999984741211,8.229603836315269,0.06960398890315922,0.06960398890315922,0.5111307311140414,150.7647756853112
Tokachi2003,0884,legacy,melgar,Melgar 2015,8.15999984741211,8.15206654168017,-0.007933305731938844,0.007933305731938844,0.21248749051528112,292.2159078943739
Tokachi2003,0885,legacy,melgar,Melgar 2015,8.15999984741211,8.609390916479157,0.4493910690670475,0.4493910690670475,0.8676882906777628,167.28120784758192
Tokachi2003,0887,legacy,melgar,Melgar 2015,8.15999984741211,8.599112033856727,0.4391121864446177,0.4391121864446177,1.0690695542183337,138.24604743406977
Tokachi2003,0888,legacy,melgar,Melgar 2015,8.15999984741211,8.032358381352811,-0.12764146605929838,0.12764146605929838,0.14962889876596366,336.35190543388035
Tokachi2003,0892,legacy,melgar,Melgar 2015,8.15999984741211,7.8530658517637715,-0.3069339956483379,0.3069339956483379,0.15552902901187893,248.75249137666472
Tokachi2003,0893,legacy,melgar,Melgar 2015,8.15999984741211,7.866028815185813,-0.2939710322262963,0.2939710322262963,0.13896619528142318,281.4312585887137
Tokachi2003,0894,legacy,melgar,Melgar 2015,8.15999984741211,7.846456806118651,-0.31354304129345856,0.31354304129345856,0.16094456624549408,238.59805057243895
Tokachi2003,0895,legacy,melgar,Melgar 2015,8.15999984741211,7.7273849911557875,-0.4326148562563219,0.4326148562563219,0.12343302022764924,254.371158913832
Tokachi2003,0896,legacy,melgar,Melgar 2015,8.15999984741211,7.639980288317004,-0.5200195590951058,0.5200195590951058,0.1222591793735902,223.93679752112445
Tokachi2003,0897,legacy,melgar,Melgar 2015,8.15999984741211,7.7043921619134945,-0.45560768549861486,0.45560768549861486,0.09563603649744871,312.0517627692759
Tokachi2003,0898,legacy,melgar,Melgar 2015,8.15999984741211,7.815917332212184,-0.3440825151999256,0.3440825151999256,0.10175770510841982,348.2671282151475
Tokachi2003,0899,legacy,melgar,Melgar 2015,8.15999984741211,7.525473245680707,-0.6345266017314026,0.6345266017314026,0.0822936605923128,272.8861716076625
Tokachi2003,0901,legacy,melgar,Melgar 2015,8.15999984741211,7.479029995277264,-0.6809698521348455,0.6809698521348455,0.07979018698454703,261.21286233468857
Tokachi2003,0902,legacy,melgar,Melgar 2015,8.15999984741211,7.556166216829535,-0.6038336305825744,0.6038336305825744,0.08053139469985351,292.3616461747448
Tokachi2003,0903,legacy,melgar,Melgar 2015,8.15999984741211,7.3250811258672766,-0.8349187215448328,0.8349187215448328,0.06056801535149951,267.1524066737822
Tokachi2003,0904,legacy,melgar,Melgar 2015,8.15999984741211,7.444463203717894,-0.7155366436942154,0.7155366436942154,0.06380681507493946,307.24733552804776
Tokachi2003,0905,legacy,melgar,Melgar 2015,8.15999984741211,7.318240888262849,-0.84175895914926,0.84175895914926,0.05717736906876814,279.7109259888942
Tokachi2003,0908,legacy,melgar,Melgar 2015,8.15999984741211,7.462297282423661,-0.6977025649884485,0.6977025649884485,0.05553164404409118,361.62320983584135
Tokachi2003,0909,legacy,melgar,Melgar 2015,8.15999984741211,7.49869602259301,-0.6613038248190994,0.6613038248190994,0.06221483815568674,342.74637865358545
Tokachi2003,0913,legacy,melgar,Melgar 2015,8.15999984741211,7.574231840849563,-0.5857680065625468,0.5857680065625468,0.057742387620492816,413.38222128791733
Tokachi2003,0916,legacy,melgar,Melgar 2015,8.15999984741211,7.441749305541773,-0.7182505418703364,0.7182505418703364,0.045898374053285444,421.64028397128794
Tokachi2003,0921,legacy,melgar,Melgar 2015,8.15999984741211,7.698407050051393,-0.46159279736071657,0.46159279736071657,0.0801487666050798,365.1631614654314
Tokachi2003,0922,legacy,melgar,Melgar 2015,8.15999984741211,7.530043462064576,-0.6299563853475334,0.6299563853475334,0.06476712402043726,346.0997796614606
Tokachi2003,0923,legacy,melgar,Melgar 2015,8.15999984741211,7.768580111834621,-0.39141973557748866,0.39141973557748866,0.08591489882161714,379.9523628659286
Tokachi2003,0925,legacy,melgar,Melgar 2015,8.15999984741211,7.672047241479603,-0.4879526059325068,0.4879526059325068,0.0673969763310994,413.3374143342115
Tokachi2003,0926,legacy,melgar,Melgar 2015,8.15999984741211,7.5028439053651335,-0.6571559420469759,0.6571559420469759,0.05629634009838602,379.9230432559877
Tokachi2003,0928,legacy,melgar,Melgar 2015,8.15999984741211,7.484485554737471,-0.675514292674638,0.675514292674638,0.051604769312369174,401.7923172545577
Tokachi2003,0929,legacy,melgar,Melgar 2015,8.15999984741211,7.5337565186485165,-0.6262433287635929,0.6262433287635929,0.052654986952678194,424.79008953145416
Tokachi2003,0934,legacy,melgar,Melgar 2015,8.15999984741211,7.331270800333431,-0.8287290470786788,0.8287290470786788,0.03218439561617212,504.12006452604635
Tokachi2003,0936,legacy,melgar,Melgar 2015,8.15999984741211,7.665817152687395,-0.49418269472471454,0.49418269472471454,0.05104465609233843,532.5391091631798
Tokachi2003,0939,legacy,melgar,Melgar 2015,8.15999984741211,7.724626602223257,-0.43537324518885256,0.43537324518885256,0.04951139975191268,596.7350013487669
Tokachi2003,0941,legacy,melgar,Melgar 2015,8.15999984741211,7.665698013313929,-0.49430183409817996,0.49430183409817996,0.043708382709179865,616.5601535592307
Tokachi2003,0949,legacy,melgar,Melgar 2015,8.15999984741211,7.601041771717438,-0.5589580756946715,0.5589580756946715,0.0364494433443976,667.3670950768551
Tokachi2003,0952,legacy,melgar,Melgar 2015,8.15999984741211,7.737739075758893,-0.4222607716532165,0.4222607716532165,0.043066803866873664,692.8692817833567
Tokachi2003,2005,legacy,melgar,Melgar 2015,8.15999984741211,8.293138274526074,0.1331384271139644,0.1331384271139644,0.31044991527190474,256.41577294645543
Tokachi2003,3006,legacy,melgar,Melgar 2015,8.15999984741211,7.444032532026172,-0.7159673153859369,0.7159673153859369,0.027105741781579543,706.5234694125365
ak014cbigci8,AC36,new,melgar,Melgar 2015,6.199999809265137,6.8298773451963255,0.6298775359311888,0.6298775359311888,0.04173376897241248,167.58542116085886
ak014cbigci8,AC51,new,melgar,Melgar 2015,6.199999809265137,6.741734579586767,0.5417347703216304,0.5417347703216304,0.049115149869733386,119.70185529645819
ak014cbigci8,AC75,new,melgar,Melgar 2015,6.199999809265137,7.117938720344492,0.9179389110793554,0.9179389110793554,0.05842159840412104,196.12929840001334
ak014cbigci8,AC80,new,melgar,Melgar 2015,6.199999809265137,6.712295543973666,0.5122957347085295,0.5122957347085295,0.04659922172990806,119.8377973604971
us7000i9bw,PENA,new,melgar,Melgar 2015,7.599999904632568,7.464639671235988,-0.13536023339658065,0.13536023339658065,0.12794171740900068,161.42141986981363
us7000i9bw,TECO,new,melgar,Melgar 2015,7.599999904632568,7.591715569026374,-0.008284335606194126,0.008284335606194126,0.22636196421181448,115.20712642347236
us7000i9bw,TNAM,new,melgar,Melgar 2015,7.599999904632568,7.778834988270739,0.17883508363817047,0.17883508363817047,0.1335089518173062,255.85412389555668
us7000i9bw,TNCC,new,melgar,Melgar 2015,7.599999904632568,7.290606691035518,-0.3093932135970503,0.3093932135970503,0.3004309922991665,51.413424917573025
us7000i9bw,TNCM,new,melgar,Melgar 2015,7.599999904632568,7.570332984461382,-0.029666920171186106,0.029666920171186106,0.09712417885191328,249.81772284373878
us7000i9bw,TNCT,new,melgar,Melgar 2015,7.599999904632568,7.518101271738322,-0.08189863289424615,0.08189863289424615,0.07944504362465546,279.04694808974665
us7000i9bw,TNLC,new,melgar,Melgar 2015,7.599999904632568,7.6169547312710195,0.01695482663845116,0.01695482663845116,0.12844896365242517,206.0104606763712
us7000i9bw,TNMO,new,melgar,Melgar 2015,7.599999904632568,6.913228210952191,-0.6867716936803774,0.6867716936803774,0.036075885741650965,226.5753583102458
us7000i9bw,TNMT,new,melgar,Melgar 2015,7.599999904632568,7.567387746409264,-0.0326121582233041,0.0326121582233041,0.1293385732447348,189.0079014324077
us7000i9bw,TNTM,new,melgar,Melgar 2015,7.599999904632568,7.5724283150364124,-0.02757158959615591,0.02757158959615591,0.11487382716319283,213.453887416357
us7000i9bw,UCOE,new,melgar,Melgar 2015,7.599999904632568,6.785775736386361,-0.8142241682462075,0.8142241682462075,0.032392808223133014,202.71758144576404
2016p661332,ANAU,new,ruhl,Ruhl 2019,7.099999904632568,6.698292229659997,-0.4017076749725712,0.4017076749725712,0.04435737932145842,180.9293430278008
2016p661332,GISB,new,ruhl,Ruhl 2019,7.099999904632568,6.869191045993779,-0.23080885863878908,0.23080885863878908,0.04479656817434631,234.51585052894373
2016p661332,HIKB,new,ruhl,Ruhl 2019,7.099999904632568,6.4509733839233325,-0.6490265207092358,0.6490265207092358,0.04174327196933828,127.4906108322191
2016p661332,PAKI,new,ruhl,Ruhl 2019,7.099999904632568,6.513271771685435,-0.5867281329471332,0.5867281329471332,0.03638041190540408,164.10840123239663
2016p661332,PUKE,new,ruhl,Ruhl 2019,7.099999904632568,6.635417956383602,-0.46458194824896637,0.46458194824896637,0.04360623769846402,166.21588441542187
2016p661332,TAUW,new,ruhl,Ruhl 2019,7.099999904632568,6.666402810150076,-0.43359709448249273,0.43359709448249273,0.040517200129825445,188.67089329858953
2016p661332,WMAT,new,ruhl,Ruhl 2019,7.099999904632568,6.460320449037693,-0.6396794555948757,0.6396794555948757,0.03943091694272247,137.6958195446054
Ecuador2016,ALTB,legacy,ruhl,Ruhl 2019,7.800000190734863,7.11192346748069,-0.6880767232541736,0.6880767232541736,0.09193269405695091,167.4971717439943
Ecuador2016,ARSH,legacy,ruhl,Ruhl 2019,7.800000190734863,7.208361799571809,-0.5916383911630545,0.5916383911630545,0.1856077279334275,98.95164447287222
Ecuador2016,BAHI,legacy,ruhl,Ruhl 2019,7.800000190734863,8.52338855422216,0.7233883634872971,0.7233883634872971,1.2237534996952792,125.43209339951918
Ecuador2016,CABP,legacy,ruhl,Ruhl 2019,7.800000190734863,8.375656821760217,0.5756566310253532,0.5756566310253532,1.2510841160976716,101.10778400249967
Ecuador2016,CHLW,legacy,ruhl,Ruhl 2019,7.800000190734863,7.0656153695041155,-0.7343848212307478,0.7343848212307478,0.06258831503825535,226.96461376539648
Ecuador2016,ESMR,legacy,ruhl,Ruhl 2019,7.800000190734863,6.845332900269665,-0.9546672904651983,0.9546672904651983,0.13937571989673714,72.03595014010887
Ecuador2016,HSPR,legacy,ruhl,Ruhl 2019,7.800000190734863,7.275801454297998,-0.5241987364368654,0.5241987364368654,0.13898523521264436,144.71253509236934
Ecuador2016,ISPT,legacy,ruhl,Ruhl 2019,7.800000190734863,7.946231518234406,0.14623132749954237,0.14623132749954237,0.2500552729724564,220.77683072386475
Ecuador2016,LGCB,legacy,ruhl,Ruhl 2019,7.800000190734863,6.968355357071295,-0.8316448336635682,0.8316448336635682,0.27756073224073324,44.824732848465835
Ecuador2016,LUMB,legacy,ruhl,Ruhl 2019,7.800000190734863,7.181598213650336,-0.6184019770845275,0.6184019770845275,0.057727587130656156,291.07672069168797
Ecuador2016,MHLA,legacy,ruhl,Ruhl 2019,7.800000190734863,7.800938396216496,0.0009382054816331475,0.0009382054816331475,0.19601473475864367,224.64286372406053
Ecuador2016,MLEC,legacy,ruhl,Ruhl 2019,7.800000190734863,7.877742800728686,0.07774260999382232,0.07774260999382232,0.2633217464128138,192.3886192833789
Ecuador2016,MOMP,legacy,ruhl,Ruhl 2019,7.800000190734863,6.45345069258434,-1.346549498150523,1.346549498150523,0.1659002153598176,29.304535983134542
Ecuador2016,MRO2,legacy,ruhl,Ruhl 2019,7.800000190734863,7.823184750896035,0.02318456016117132,0.02318456016117132,0.12813674541331002,336.77635160919436
Ecuador2016,PDNS,legacy,ruhl,Ruhl 2019,7.800000190734863,7.43724397566882,-0.3627562150660433,0.3627562150660433,0.8446277439194971,34.5095140889659
Ecuador2016,RIOP,legacy,ruhl,Ruhl 2019,7.800000190734863,7.419815042179095,-0.38018514855576857,0.38018514855576857,0.09135884323744752,264.85118590526145
Ecuador2016,RVRD,legacy,ruhl,Ruhl 2019,7.800000190734863,6.917289154252931,-0.8827110364819326,0.8827110364819326,0.11075153412116535,102.36479686720988
Ecuador2016,SLGO,legacy,ruhl,Ruhl 2019,7.800000190734863,7.8905947944783765,0.09059460374351325,0.09059460374351325,0.20798834698995505,240.62155386274088
Ecuador2016,SNLR,legacy,ruhl,Ruhl 2019,7.800000190734863,7.115794143677169,-0.6842060470576943,0.6842060470576943,0.09634700026825704,161.00606855316437
Ecuador2016,TEN1,legacy,ruhl,Ruhl 2019,7.800000190734863,7.218020620975746,-0.5819795697591177,0.5819795697591177,0.06372171950547398,279.05782218190853
Iquique2014,AEDA,legacy,ruhl,Ruhl 2019,8.199999809265137,7.199854296259449,-1.0001455130056875,1.0001455130056875,0.14503150297939532,123.64568485637476
Iquique2014,AREQ,legacy,ruhl,Ruhl 2019,8.199999809265137,7.113817953982598,-1.0861818552825389,1.0861818552825389,0.04202743536557092,358.77592038916197
Iquique2014,COLC,legacy,ruhl,Ruhl 2019,8.199999809265137,7.8677598102233315,-0.33223999904180523,0.33223999904180523,0.21367423858248177,227.9199673285368
Iquique2014,IACR,legacy,ruhl,Ruhl 2019,8.199999809265137,7.270828662883922,-0.9291711463812149,0.9291711463812149,0.14705986892308753,136.13240634434877
Iquique2014,IQQE,legacy,ruhl,Ruhl 2019,8.199999809265137,7.7966046343514614,-0.40339517491367527,0.40339517491367527,0.4724135442349851,102.56536125846762
Iquique2014,MNMI,legacy,ruhl,Ruhl 2019,8.199999809265137,7.847529231123659,-0.3524705781414781,0.3524705781414781,0.371208863333154,136.49692086556144
Iquique2014,PB01,legacy,ruhl,Ruhl 2019,8.199999809265137,7.333017502044684,-0.8669823072204528,0.8669823072204528,0.10276884030225665,209.53046889321305
Iquique2014,PB02,legacy,ruhl,Ruhl 2019,8.199999809265137,7.250791083216658,-0.9492087260484787,0.9492087260484787,0.08938913050231583,211.97031901251782
Iquique2014,PB03,legacy,ruhl,Ruhl 2019,8.199999809265137,7.308524727809537,-0.8914750814555994,0.8914750814555994,0.06956374639548533,292.1671092440152
Iquique2014,PB04,legacy,ruhl,Ruhl 2019,8.199999809265137,7.276264097576416,-0.923735711688721,0.923735711688721,0.06209638052297649,310.7806182352252
Iquique2014,PB05,legacy,ruhl,Ruhl 2019,8.199999809265137,7.488443999516719,-0.7115558097484174,0.7115558097484174,0.07129262657757283,366.2368909950705
Iquique2014,PB07,legacy,ruhl,Ruhl 2019,8.199999809265137,7.3266722650270255,-0.8733275442381112,0.8733275442381112,0.08296383509542755,253.94845669831912
Iquique2014,PB08,legacy,ruhl,Ruhl 2019,8.199999809265137,7.819566830260509,-0.38043297900462747,0.38043297900462747,0.25908989977832597,180.13918205077806
Iquique2014,PB11,legacy,ruhl,Ruhl 2019,8.199999809265137,8.0472611219515,-0.1527386873136365,0.1527386873136365,0.5922653582494808,120.49154646584738
Iquique2014,PCHA,legacy,ruhl,Ruhl 2019,8.199999809265137,7.967903387838968,-0.23209642142616893,0.23209642142616893,0.4197727379271559,145.1365887212951
Iquique2014,PICC,legacy,ruhl,Ruhl 2019,8.199999809265137,7.722321589146361,-0.4776782201187757,0.4776782201187757,0.22153973427986562,180.7639745249968
Iquique2014,PSGA,legacy,ruhl,Ruhl 2019,8.199999809265137,8.016321123869751,-0.18367868539538534,0.18367868539538534,1.020501165183725,72.25050731646843
Iquique2014,RADO,legacy,ruhl,Ruhl 2019,8.199999809265137,7.558405007763865,-0.641594801501272,0.641594801501272,0.08681691956883562,336.02643151156826
Iquique2014,UCNF,legacy,ruhl,Ruhl 2019,8.199999809265137,7.705819407465365,-0.4941804017997713,0.4941804017997713,0.0770209404706883,454.6722907014519
Iquique2014,UTAR,legacy,ruhl,Ruhl 2019,8.199999809265137,7.287545444098582,-0.9124543651665551,0.9124543651665551,0.1508038257721969,136.36293155592554
Napa2014,CMBB,legacy,ruhl,Ruhl 2019,6.019999980926514,6.7246559971446205,0.7046560162181068,0.7046560162181068,0.049148877162169105,169.92336200744995
Napa2014,DIXN,legacy,ruhl,Ruhl 2019,6.019999980926514,6.206972379358039,0.18697239843152502,0.18697239843152502,0.06358721521574108,51.47628882138914
Napa2014,GASB,legacy,ruhl,Ruhl 2019,6.019999980926514,6.627363709327205,0.6073637284006912,0.6073637284006912,0.04368131830510302,163.7333028175875
Napa2014,MODB,legacy,ruhl,Ruhl 2019,6.019999980926514,7.361734319218187,1.3417343382916735,1.3417343382916735,0.04822729509584772,443.7550414377015
Napa2014,P059,legacy,ruhl,Ruhl 2019,6.019999980926514,6.315351180504904,0.2953511995783904,0.2953511995783904,0.029489594635993373,146.576230444086
Napa2014,P095,legacy,ruhl,Ruhl 2019,6.019999980926514,7.439601594619127,1.4196016136926133,1.4196016136926133,0.08507686633354898,290.90131944953987
Napa2014,P127,legacy,ruhl,Ruhl 2019,6.019999980926514,6.945162838165442,0.9251628572389281,0.9251628572389281,0.04293140300404678,274.60266001671744
Napa2014,P140,legacy,ruhl,Ruhl 2019,6.019999980926514,6.5109782016982605,0.4909782207717468,0.4909782207717468,0.03790779317043271,156.5097036740567
Napa2014,P146,legacy,ruhl,Ruhl 2019,6.019999980926514,6.696507313938877,0.6765073330123634,0.6765073330123634,0.04053551895092165,197.94978152770886
Napa2014,P186,legacy,ruhl,Ruhl 2019,6.019999980926514,6.732823311806422,0.7128233308799086,0.7128233308799086,0.057080617767531615,147.7181156292417
Napa2014,P197,legacy,ruhl,Ruhl 2019,6.019999980926514,5.808240224860825,-0.21175975606568898,0.21175975606568898,0.03386072656702795,47.463057031614305
Napa2014,P199,legacy,ruhl,Ruhl 2019,6.019999980926514,5.609656790674428,-0.4103431902520853,0.4103431902520853,0.046646778900409094,20.812310703997028
Napa2014,P200,legacy,ruhl,Ruhl 2019,6.019999980926514,5.636029739078736,-0.38397024184777795,0.38397024184777795,0.058239436344739645,16.856153055324345
Napa2014,P202,legacy,ruhl,Ruhl 2019,6.019999980926514,5.753206916571777,-0.2667930643547365,0.2667930643547365,0.04502931026499919,30.021021092469383
Napa2014,P214,legacy,ruhl,Ruhl 2019,6.019999980926514,6.4438019297466615,0.4238019488201479,0.4238019488201479,0.036987373937835896,143.31810384178272
Napa2014,P217,legacy,ruhl,Ruhl 2019,6.019999980926514,6.6447605439285065,0.6247605630019928,0.6247605630019928,0.05317040533225219,137.38817430216716
Napa2014,P261,legacy,ruhl,Ruhl 2019,6.019999980926514,5.39428737060005,-0.6257126103264641,0.6257126103264641,0.03881981970539604,15.671537663293918
Napa2014,P264,legacy,ruhl,Ruhl 2019,6.019999980926514,5.676506612247334,-0.34349336867917923,0.34349336867917923,0.04013440485165884,29.11283258076223
Napa2014,P271,legacy,ruhl,Ruhl 2019,6.019999980926514,6.093918636941142,0.07391865601462833,0.07391865601462833,0.038803474152406016,71.94757734877055
Napa2014,P272,legacy,ruhl,Ruhl 2019,6.019999980926514,6.447902331026185,0.4279023500996715,0.4279023500996715,0.04837735131762821,108.30639023245166
Napa2014,P274,legacy,ruhl,Ruhl 2019,6.019999980926514,6.13661823164425,0.11661825071773624,0.11661825071773624,0.04005108736789507,75.34740687192006
Napa2014,P276,legacy,ruhl,Ruhl 2019,6.019999980926514,6.22630776073804,0.20630777981152626,0.20630777981152626,0.03148045587078328,116.43888254400076
Napa2014,P319,legacy,ruhl,Ruhl 2019,6.019999980926514,6.58351484515946,0.5635148642329462,0.5635148642329462,0.036017770962716106,186.3370955101442
Napa2014,P340,legacy,ruhl,Ruhl 2019,6.019999980926514,7.569036889021018,1.5490369080945046,1.5490369080945046,0.217890817262191,147.39098990254385
Napa2014,SUTB,legacy,ruhl,Ruhl 2019,6.019999980926514,6.860253247244514,0.8402532663180002,0.8402532663180002,0.08744876582935193,118.07233064498303
Napa2014,SVIN,legacy,ruhl,Ruhl 2019,6.019999980926514,5.799329764380597,-0.22067021654591645,0.22067021654591645,0.048709995966865365,30.2300854269597
Napa2014,UCD1,legacy,ruhl,Ruhl 2019,6.019999980926514,6.170810703897505,0.1508107229709914,0.1508107229709914,0.051181260012938726,61.12285120638343
Napa2014,WINT,legacy,ruhl,Ruhl 2019,6.019999980926514,5.922471605453811,-0.09752837547270232,0.09752837547270232,0.03129550696581763,65.77797309654602
Puebla2017,TNAT,legacy,ruhl,Ruhl 2019,7.099999904632568,6.301555239326341,-0.7984446653062269,0.7984446653062269,0.0490292847089721,82.02338283770709
Puebla2017,TNGF,legacy,ruhl,Ruhl 2019,7.099999904632568,6.464689222031612,-0.6353106826009567,0.6353106826009567,0.044356248811902685,122.36158110567769
Ridgecrest2019,7ODM,legacy,ruhl,Ruhl 2019,7.099999904632568,6.642350534727088,-0.45764936990548044,0.45764936990548044,0.03880734386446426,189.7535753368696
Ridgecrest2019,ARM2,legacy,ruhl,Ruhl 2019,7.099999904632568,7.155020037942025,0.055020133309456654,0.055020133309456654,0.12338171777690154,134.69777957683644
Ridgecrest2019,BCWR,legacy,ruhl,Ruhl 2019,7.099999904632568,6.8650020509969325,-0.23499785363563586,0.23499785363563586,0.05510605743191887,189.23625584338782
Ridgecrest2019,BEPK,legacy,ruhl,Ruhl 2019,7.099999904632568,6.580056781223139,-0.5199431234094289,0.5199431234094289,0.13860386736949748,45.125964658614016
Ridgecrest2019,BKAP,legacy,ruhl,Ruhl 2019,7.099999904632568,6.54852654414426,-0.5514733604883082,0.5514733604883082,0.042477207430746865,147.8439421787858
Ridgecrest2019,BKMS,legacy,ruhl,Ruhl 2019,7.099999904632568,6.785283147323255,-0.3147167573093137,0.3147167573093137,0.04471681568533179,206.16611027351664
Ridgecrest2019,BSRY,legacy,ruhl,Ruhl 2019,7.099999904632568,6.7514298445047505,-0.3485700601278179,0.3485700601278179,0.07921751317509841,108.95332613176939
Ridgecrest2019,BVPP,legacy,ruhl,Ruhl 2019,7.099999904632568,6.998432435307712,-0.1015674693248565,0.1015674693248565,0.07457899806009607,172.48796915447298
Ridgecrest2019,CBHS,legacy,ruhl,Ruhl 2019,7.099999904632568,6.701763134335756,-0.3982367702968119,0.3982367702968119,0.03961535274780358,204.3964180989405
Ridgecrest2019,CCCC,legacy,ruhl,Ruhl 2019,7.099999904632568,6.742623239730447,-0.3573766649021213,0.3573766649021213,0.3296795669173906,24.969184972907353
Ridgecrest2019,CHMS,legacy,ruhl,Ruhl 2019,7.099999904632568,6.329086471151797,-0.7709134334807715,0.7709134334807715,0.034250378649677594,127.53815356132935
Ridgecrest2019,CIT1,legacy,ruhl,Ruhl 2019,7.099999904632568,6.718766690471246,-0.3812332141613224,0.3812332141613224,0.044118969228938,188.0344450908508
Ridgecrest2019,CJMG,legacy,ruhl,Ruhl 2019,7.099999904632568,6.547379958475639,-0.5526199461569297,0.5526199461569297,0.03763672104775776,167.61437746555524
Ridgecrest2019,CJMS,legacy,ruhl,Ruhl 2019,7.099999904632568,6.546083767234265,-0.5539161373983035,0.5539161373983035,0.03868291242569678,162.4908603761107
Ridgecrest2019,CJVG,legacy,ruhl,Ruhl 2019,7.099999904632568,6.876111462955442,-0.22388844167712652,0.22388844167712652,0.07228647192375036,146.67637824236039
Ridgecrest2019,CMP9,legacy,ruhl,Ruhl 2019,7.099999904632568,6.8028329936934435,-0.29716691093912484,0.29716691093912484,0.05426620482957253,174.173561468076
Ridgecrest2019,COPR,legacy,ruhl,Ruhl 2019,7.099999904632568,7.00814167721705,-0.09185822741551863,0.09185822741551863,0.05060666084696508,256.46487309463845
Ridgecrest2019,CPBN,legacy,ruhl,Ruhl 2019,7.099999904632568,6.4655933133754955,-0.6344065912570729,0.6344065912570729,0.06767359050082318,78.09678002401223
Ridgecrest2019,CRHS,legacy,ruhl,Ruhl 2019,7.099999904632568,6.905352910586512,-0.19464699404605668,0.19464699404605668,0.049324629312161125,225.1309192928716
Ridgecrest2019,CSN1,legacy,ruhl,Ruhl 2019,7.099999904632568,6.960005938118371,-0.13999396651419715,0.13999396651419715,0.06414327936947567,188.60697136414626
Ridgecrest2019,CVHS,legacy,ruhl,Ruhl 2019,7.099999904632568,6.77995573966549,-0.32004416496707844,0.32004416496707844,0.04808833165044374,189.86991801470276
Ridgecrest2019,DAM2,legacy,ruhl,Ruhl 2019,7.099999904632568,6.9549307206520465,-0.14506918398052182,0.14506918398052182,0.06843840206989392,175.480130533085
Ridgecrest2019,DAM3,legacy,ruhl,Ruhl 2019,7.099999904632568,7.043091250383212,-0.05690865424935598,0.05690865424935598,0.07857844524778451,175.58374915544087
Ridgecrest2019,ELLY,legacy,ruhl,Ruhl 2019,7.099999904632568,7.602867780329568,0.5028678756969995,0.5028678756969995,0.12958889318970654,248.0229879755868
Ridgecrest2019,FHOG,legacy,ruhl,Ruhl 2019,7.099999904632568,6.900890516235796,-0.1991093883967725,0.1991093883967725,0.05622903861559238,196.15326611349604
Ridgecrest2019,FMTP,legacy,ruhl,Ruhl 2019,7.099999904632568,7.191132022222369,0.091132117589801,0.091132117589801,0.09045360840514927,191.82871374307697
Ridgecrest2019,FMVT,legacy,ruhl,Ruhl 2019,7.099999904632568,7.186612954938452,0.08661305030588373,0.08661305030588373,0.08781023853199056,196.03531041686185
Ridgecrest2019,HAR7,legacy,ruhl,Ruhl 2019,7.099999904632568,6.713139138724443,-0.3868607659081258,0.3868607659081258,0.09057596751449179,88.99959755535922
Ridgecrest2019,HIVI,legacy,ruhl,Ruhl 2019,7.099999904632568,6.673276489851224,-0.42672341478134435,0.42672341478134435,0.0666560249802426,114.04987797186497
Ridgecrest2019,ISLK,legacy,ruhl,Ruhl 2019,7.099999904632568,6.4895655755514206,-0.6104343290811478,0.6104343290811478,0.06870465317932732,80.23575889993526
Ridgecrest2019,JNHG,legacy,ruhl,Ruhl 2019,7.099999904632568,6.499537397423339,-0.6004625072092296,0.6004625072092296,0.038597992429030024,150.60535900989325
Ridgecrest2019,KBRC,legacy,ruhl,Ruhl 2019,7.099999904632568,7.253546498496152,0.1535465938635836,0.1535465938635836,0.09576134509231758,199.3430378193079
Ridgecrest2019,LAPC,legacy,ruhl,Ruhl 2019,7.099999904632568,6.646668839830783,-0.45333106480178564,0.45333106480178564,0.03753343790836849,197.8205274262141
Ridgecrest2019,LFRS,legacy,ruhl,Ruhl 2019,7.099999904632568,6.594149786095923,-0.5058501185366451,0.5058501185366451,0.03412939031781095,200.59561795466288
Ridgecrest2019,LINJ,legacy,ruhl,Ruhl 2019,7.099999904632568,6.568896227897022,-0.5311036767355466,0.5311036767355466,0.048597574753125934,132.8246779598285
Ridgecrest2019,LONG,legacy,ruhl,Ruhl 2019,7.099999904632568,7.335714802640328,0.23571489800775947,0.23571489800775947,0.11570146516445888,188.17273029606883
Ridgecrest2019,LPHS,legacy,ruhl,Ruhl 2019,7.099999904632568,6.69809587538798,-0.4019040292445881,0.4019040292445881,0.04088499611814928,196.70800098398058
Ridgecrest2019,MPWD,legacy,ruhl,Ruhl 2019,7.099999904632568,7.081456238717313,-0.01854366591525558,0.01854366591525558,0.07257486542037421,201.2055060762712
Ridgecrest2019,MSOB,legacy,ruhl,Ruhl 2019,7.099999904632568,6.6164761742312805,-0.4835237304012878,0.4835237304012878,0.04028350755541615,174.97944152743437
Ridgecrest2019,ORMT,legacy,ruhl,Ruhl 2019,7.099999904632568,6.844355395976288,-0.25564450865627997,0.25564450865627997,0.07128316339184612,141.33237737959251
Ridgecrest2019,OVLS,legacy,ruhl,Ruhl 2019,7.099999904632568,7.290926021082854,0.190926116450286,0.190926116450286,0.09448776770945247,213.29826341294552
Ridgecrest2019,P056,legacy,ruhl,Ruhl 2019,7.099999904632568,6.085521823665492,-1.0144780809670761,1.0144780809670761,0.021941365224531297,135.0775021940751
Ridgecrest2019,P068,legacy,ruhl,Ruhl 2019,7.099999904632568,7.450976655060032,0.35097675042746346,0.35097675042746346,0.06224030464716063,394.68191587529225
Ridgecrest2019,P091,legacy,ruhl,Ruhl 2019,7.099999904632568,6.302720256497302,-0.797279648135266,0.797279648135266,0.0431951114540752,94.42241245446652
Ridgecrest2019,P092,legacy,ruhl,Ruhl 2019,7.099999904632568,6.242406524017789,-0.8575933806147793,0.8575933806147793,0.03228662759975216,116.56900293002296
Ridgecrest2019,P093,legacy,ruhl,Ruhl 2019,7.099999904632568,6.518508414160215,-0.5814914904723532,0.5814914904723532,0.05870951006647863,99.78076865915637
Ridgecrest2019,P127,legacy,ruhl,Ruhl 2019,7.099999904632568,7.635015854381751,0.5350159497491829,0.5350159497491829,0.07028007083815926,450.5501693718806
Ridgecrest2019,P133,legacy,ruhl,Ruhl 2019,7.099999904632568,7.1747257320831785,0.07472582745061018,0.07472582745061018,0.0490081882038187,337.3337097010584
Ridgecrest2019,P135,legacy,ruhl,Ruhl 2019,7.099999904632568,7.19504198692683,0.09504208229426148,0.09504208229426148,0.0486531590230333,349.62033806345767
Ridgecrest2019,P214,legacy,ruhl,Ruhl 2019,7.099999904632568,7.78606241087614,0.6860625062435712,0.6860625062435712,0.09991618915314912,399.86125056104515
Ridgecrest2019,P217,legacy,ruhl,Ruhl 2019,7.099999904632568,7.350697875946597,0.25069797131402893,0.25069797131402893,0.054233882049279286,391.5991540713535
Ridgecrest2019,P271,legacy,ruhl,Ruhl 2019,7.099999904632568,7.455716602766837,0.35571669813426876,0.35571669813426876,0.050088289804795655,485.60272054152296
Ridgecrest2019,P274,legacy,ruhl,Ruhl 2019,7.099999904632568,7.109676479707705,0.00967657507513664,0.00967657507513664,0.03367390128983043,442.19368134678723
Ridgecrest2019,P300,legacy,ruhl,Ruhl 2019,7.099999904632568,7.042274110190062,-0.05772579444250603,0.05772579444250603,0.055146386031142254,248.0512772546956
Ridgecrest2019,P302,legacy,ruhl,Ruhl 2019,7.099999904632568,7.038157814339071,-0.06184209029349752,0.06184209029349752,0.0471381153724261,287.50534975148366
Ridgecrest2019,P462,legacy,ruhl,Ruhl 2019,7.099999904632568,6.618887032866567,-0.48111287176600115,0.48111287176600115,0.07341089534828295,94.00214077680798
Ridgecrest2019,P463,legacy,ruhl,Ruhl 2019,7.099999904632568,6.509956122114905,-0.5900437825176637,0.5900437825176637,0.11351637314559561,48.88507646796504
Ridgecrest2019,P464,legacy,ruhl,Ruhl 2019,7.099999904632568,6.670557237485499,-0.429442667147069,0.429442667147069,0.15579276235797127,47.195136820784604
Ridgecrest2019,P465,legacy,ruhl,Ruhl 2019,7.099999904632568,6.5845968984023155,-0.5154030062302528,0.5154030062302528,0.07122112056839015,91.40080092366043
Ridgecrest2019,P466,legacy,ruhl,Ruhl 2019,7.099999904632568,6.361825345820948,-0.73817455881162,0.73817455881162,0.05155924667040541,86.70455638524139
Ridgecrest2019,P467,legacy,ruhl,Ruhl 2019,7.099999904632568,6.5709266885904505,-0.5290732160421179,0.5290732160421179,0.0641430674976666,99.60121290566761
Ridgecrest2019,P490,legacy,ruhl,Ruhl 2019,7.099999904632568,7.082122551188912,-0.01787735344365604,0.01787735344365604,0.053302722163237184,272.0210672452911
Ridgecrest2019,P496,legacy,ruhl,Ruhl 2019,7.099999904632568,7.414213800002664,0.3142138953700959,0.3142138953700959,0.06093279020098913,382.9954053717602
Ridgecrest2019,P499,legacy,ruhl,Ruhl 2019,7.099999904632568,7.466246645239983,0.3662467406074148,0.3662467406074148,0.06907434433429908,365.91181000824224
Ridgecrest2019,P501,legacy,ruhl,Ruhl 2019,7.099999904632568,7.403137468441344,0.3031375638087752,0.3031375638087752,0.060438681458782145,380.13802039143684
Ridgecrest2019,P506,legacy,ruhl,Ruhl 2019,7.099999904632568,7.443042318445302,0.3430424138127339,0.3430424138127339,0.0689385633451388,355.19404252500425
Ridgecrest2019,P537,legacy,ruhl,Ruhl 2019,7.099999904632568,6.5722069226718824,-0.5277929819606859,0.5277929819606859,0.03055621102744181,217.35748320365232
Ridgecrest2019,P544,legacy,ruhl,Ruhl 2019,7.099999904632568,6.770546230995293,-0.32945367363727573,0.32945367363727573,0.0465968656630801,193.14766552829033
Ridgecrest2019,P545,legacy,ruhl,Ruhl 2019,7.099999904632568,7.046082469408139,-0.053917435224429155,0.053917435224429155,0.07799654221422245,177.68270209772058
Ridgecrest2019,P547,legacy,ruhl,Ruhl 2019,7.099999904632568,6.54680618796468,-0.553193716667888,0.553193716667888,0.030483423284302105,209.09088428419057
Ridgecrest2019,P556,legacy,ruhl,Ruhl 2019,7.099999904632568,6.7149596492542285,-0.38504025537833986,0.38504025537833986,0.058205922104823206,140.60002419635998
Ridgecrest2019,P561,legacy,ruhl,Ruhl 2019,7.099999904632568,7.53822586568315,0.4382259610505814,0.4382259610505814,0.20737977145852432,147.41336902193063
Ridgecrest2019,P563,legacy,ruhl,Ruhl 2019,7.099999904632568,7.095239412155461,-0.004760492477107192,0.004760492477107192,0.08849068272840574,169.42701765767683
Ridgecrest2019,P564,legacy,ruhl,Ruhl 2019,7.099999904632568,6.755879319870164,-0.34412058476240404,0.34412058476240404,0.05509757371408887,159.0207920559172
Ridgecrest2019,P565,legacy,ruhl,Ruhl 2019,7.099999904632568,6.6329967136573655,-0.4670031909752028,0.4670031909752028,0.04859196960159696,147.93094130924487
Ridgecrest2019,P568,legacy,ruhl,Ruhl 2019,7.099999904632568,6.563439866082147,-0.5365600385504212,0.5365600385504212,0.08300137481032167,74.98766564877852
Ridgecrest2019,P570,legacy,ruhl,Ruhl 2019,7.099999904632568,6.487375389753636,-0.6126245148789327,0.6126245148789327,0.08832101369073911,61.19330084512307
Ridgecrest2019,P571,legacy,ruhl,Ruhl 2019,7.099999904632568,6.3555159431037405,-0.7444839615288279,0.7444839615288279,0.038677145420444446,117.09501326723817
Ridgecrest2019,P573,legacy,ruhl,Ruhl 2019,7.099999904632568,6.412508749056071,-0.6874911555764971,0.6874911555764971,0.06854606854671126,69.93783308455335
Ridgecrest2019,P579,legacy,ruhl,Ruhl 2019,7.099999904632568,6.388714980892434,-0.7112849237401342,0.7112849237401342,0.052322522964322646,89.59499387930994
Ridgecrest2019,P580,legacy,ruhl,Ruhl 2019,7.099999904632568,6.918240456972698,-0.1817594476598705,0.1817594476598705,0.27659043670311356,41.17084608624383
Ridgecrest2019,P582,legacy,ruhl,Ruhl 2019,7.099999904632568,6.3504029457205,-0.7495969589120683,0.7495969589120683,0.03569005813860022,126.62236600856829
Ridgecrest2019,P583,legacy,ruhl,Ruhl 2019,7.099999904632568,6.441199158629916,-0.6588007460026519,0.6588007460026519,0.058344685557466754,87.58284414129884
Ridgecrest2019,P588,legacy,ruhl,Ruhl 2019,7.099999904632568,6.621736074572762,-0.47826383005980677,0.47826383005980677,0.06136999637398492,113.8455985793352
Ridgecrest2019,P589,legacy,ruhl,Ruhl 2019,7.099999904632568,6.655496109914545,-0.44450379471802304,0.44450379471802304,0.05480088428345311,135.56031675010715
Ridgecrest2019,P590,legacy,ruhl,Ruhl 2019,7.099999904632568,6.61355417717938,-0.48644572745318815,0.48644572745318815,0.08908676951889916,76.1146646096091
Ridgecrest2019,P591,legacy,ruhl,Ruhl 2019,7.099999904632568,6.447608277069806,-0.6523916275627624,0.6523916275627624,0.06512951379625098,78.7593484358568
Ridgecrest2019,P592,legacy,ruhl,Ruhl 2019,7.099999904632568,6.769048843200892,-0.3309510614316764,0.3309510614316764,0.13457102382086067,65.40110927188164
Ridgecrest2019,P594,legacy,ruhl,Ruhl 2019,7.099999904632568,6.5190175296966615,-0.5809823749359069,0.5809823749359069,0.21814679729245154,24.910427732351266
Ridgecrest2019,P595,legacy,ruhl,Ruhl 2019,7.099999904632568,6.996833004983496,-0.10316689964907244,0.10316689964907244,0.6266953067263247,21.11003482236609
Ridgecrest2019,P596,legacy,ruhl,Ruhl 2019,7.099999904632568,6.588646448118132,-0.5113534565144366,0.5113534565144366,0.09338618530102569,69.31841875170082
Ridgecrest2019,P597,legacy,ruhl,Ruhl 2019,7.099999904632568,6.609698607865536,-0.49030129676703194,0.49030129676703194,0.10287582429378413,65.05702283226886
Ridgecrest2019,P605,legacy,ruhl,Ruhl 2019,7.099999904632568,6.533306839893578,-0.5666930647389901,0.5666930647389901,0.038013343924788674,162.0125183384237
Ridgecrest2019,P615,legacy,ruhl,Ruhl 2019,7.099999904632568,6.774171184726891,-0.32582871990567774,0.32582871990567774,0.0905305972206641,98.79622789454567
Ridgecrest2019,P616,legacy,ruhl,Ruhl 2019,7.099999904632568,6.56403154644662,-0.535968358185948,0.535968358185948,0.12868747004682785,47.35319038933505
Ridgecrest2019,P617,legacy,ruhl,Ruhl 2019,7.099999904632568,6.610134052478422,-0.48986585215414635,0.48986585215414635,0.06453030385518262,105.91543278377333
Ridgecrest2019,P618,legacy,ruhl,Ruhl 2019,7.099999904632568,6.643203959517138,-0.45679594511543,0.45679594511543,0.047918004902004,152.65594465613577
Ridgecrest2019,P619,legacy,ruhl,Ruhl 2019,7.099999904632568,6.627528869970512,-0.472471034662056,0.472471034662056,0.05202801252918693,136.53096534319963
Ridgecrest2019,P620,legacy,ruhl,Ruhl 2019,7.099999904632568,6.229030551043472,-0.8709693535890963,0.8709693535890963,0.028326814916845796,131.52023645755617
Ridgecrest2019,P729,legacy,ruhl,Ruhl 2019,7.099999904632568,7.399428292517159,0.2994283878845909,0.2994283878845909,0.11018634375388786,216.10201609496903
Ridgecrest2019,P789,legacy,ruhl,Ruhl 2019,7.099999904632568,6.818411665865679,-0.2815882387668891,0.2815882387668891,0.037474539874856286,259.6551396995064
Ridgecrest2019,P799,legacy,ruhl,Ruhl 2019,7.099999904632568,7.005432668705143,-0.09456723592742566,0.09456723592742566,0.0603107164185797,214.91457789274224
Ridgecrest2019,P800,legacy,ruhl,Ruhl 2019,7.099999904632568,6.818057642952655,-0.2819422616799132,0.2819422616799132,0.047038148692315616,206.2104145213412
Ridgecrest2019,P809,legacy,ruhl,Ruhl 2019,7.099999904632568,6.5671280425866545,-0.5328718620459139,0.5328718620459139,0.0437324665378593,147.93994955516843
Ridgecrest2019,P810,legacy,ruhl,Ruhl 2019,7.099999904632568,6.528168292152417,-0.5718316124801515,0.5718316124801515,0.04109402189826884,147.93063094887376
Ridgecrest2019,P811,legacy,ruhl,Ruhl 2019,7.099999904632568,6.506296106512745,-0.5937037981198232,0.5937037981198232,0.07191744667240084,78.76368656462887
Ridgecrest2019,P812,legacy,ruhl,Ruhl 2019,7.099999904632568,6.462735169042728,-0.6372647355898406,0.6372647355898406,0.06682387908223243,78.7496418542342
Ridgecrest2019,PBPP,legacy,ruhl,Ruhl 2019,7.099999904632568,6.41286850646712,-0.6871313981654481,0.6871313981654481,0.03514197373410924,143.56222222416466
Ridgecrest2019,PKRD,legacy,ruhl,Ruhl 2019,7.099999904632568,6.89774936800716,-0.20225053662540837,0.20225053662540837,0.05553557431836541,197.63285737660556
Ridgecrest2019,RAMT,legacy,ruhl,Ruhl 2019,7.099999904632568,6.580295354571267,-0.5197045500613013,0.5197045500613013,0.12767828536562742,49.202921562925745
Ridgecrest2019,RCSC,legacy,ruhl,Ruhl 2019,7.099999904632568,7.136948284220722,0.03694837958815356,0.03694837958815356,0.06097964887464663,258.75492880880506
Ridgecrest2019,RHCL,legacy,ruhl,Ruhl 2019,7.099999904632568,6.48787046054719,-0.6121294440853786,0.6121294440853786,0.02919202503996126,198.69397619188817
Ridgecrest2019,RSTP,legacy,ruhl,Ruhl 2019,7.099999904632568,6.516963248132217,-0.5830366565003517,0.5830366565003517,0.05189135012380756,113.39847219923216
Ridgecrest2019,RTHS,legacy,ruhl,Ruhl 2019,7.099999904632568,6.977250478346036,-0.12274942628653207,0.12274942628653207,0.06596442253841557,188.4144169364675
Ridgecrest2019,SCIA,legacy,ruhl,Ruhl 2019,7.099999904632568,6.448400463759172,-0.6515994408733965,0.6515994408733965,0.04054383198741175,130.94335036069577
Ridgecrest2019,SHOS,legacy,ruhl,Ruhl 2019,7.099999904632568,6.362824631262122,-0.737175273370446,0.737175273370446,0.03838076935905378,119.61244867571101
Ridgecrest2019,SOMT,legacy,ruhl,Ruhl 2019,7.099999904632568,7.3160260023387815,0.21602609770621317,0.21602609770621317,0.10018808960074259,209.35769389842048
Ridgecrest2019,SPMS,legacy,ruhl,Ruhl 2019,7.099999904632568,6.659236571746074,-0.44076333288649394,0.44076333288649394,0.03803998222095943,199.0861274928685
Ridgecrest2019,TABL,legacy,ruhl,Ruhl 2019,7.099999904632568,6.756370426003935,-0.3436294786286336,0.3436294786286336,0.05664139046973208,154.7209997846468
Ridgecrest2019,TOST,legacy,ruhl,Ruhl 2019,7.099999904632568,6.914613708950472,-0.18538619568209658,0.18538619568209658,0.055379882475120025,203.4451808973308
Ridgecrest2019,TPOG,legacy,ruhl,Ruhl 2019,7.099999904632568,6.553647336247222,-0.5463525683853465,0.5463525683853465,0.0545527138288642,114.6039385277861
Ridgecrest2019,USGC,legacy,ruhl,Ruhl 2019,7.099999904632568,7.308935717614268,0.20893581298170005,0.20893581298170005,0.06022292246378632,334.9437687739817
Ridgecrest2019,VNCO,legacy,ruhl,Ruhl 2019,7.099999904632568,7.516539630835586,0.41653972620301793,0.41653972620301793,0.12733265163798144,223.3939012657285
Ridgecrest2019,VNCX,legacy,ruhl,Ruhl 2019,7.099999904632568,6.80228948712001,-0.2977104175125582,0.2977104175125582,0.05162006721818898,183.06993674976104
Ridgecrest2019,WASG,legacy,ruhl,Ruhl 2019,7.099999904632568,6.443707683675222,-0.6562922209573463,0.6562922209573463,0.05908487184583006,86.79847268777017
Ridgecrest2019,WCHS,legacy,ruhl,Ruhl 2019,7.099999904632568,6.61482423351627,-0.48517567111629845,0.48517567111629845,0.03671862973498895,192.20472410235678
Ridgecrest2019,WHFG,legacy,ruhl,Ruhl 2019,7.099999904632568,6.45516699362612,-0.6448329110064481,0.6448329110064481,0.07481189176791479,68.85274592937999
Ridgecrest2019,WLSN,legacy,ruhl,Ruhl 2019,7.099999904632568,6.732256460541288,-0.3677434440912801,0.3677434440912801,0.04785122158991723,176.80535010052986
Ridgecrest2019,WNRA,legacy,ruhl,Ruhl 2019,7.099999904632568,6.885506918933021,-0.21449298569954767,0.21449298569954767,0.05474842118106245,196.68822458424606
Ridgecrest2019,WORG,legacy,ruhl,Ruhl 2019,7.099999904632568,6.700893236354915,-0.3991066682776534,0.3991066682776534,0.1320578374697996,59.11546450322608
Tokachi2003,0001,legacy,ruhl,Ruhl 2019,8.15999984741211,8.21514621303211,0.05514636562000064,0.05514636562000064,0.16800696546637467,436.5135294839057
Tokachi2003,0002,legacy,ruhl,Ruhl 2019,8.15999984741211,8.009718013674092,-0.15028183373801696,0.15028183373801696,0.19446716018876795,298.2257089649345
Tokachi2003,0003,legacy,ruhl,Ruhl 2019,8.15999984741211,8.238560865548228,0.07856101813611893,0.07856101813611893,0.23606317662530435,337.7770744588617
Tokachi2003,0004,legacy,ruhl,Ruhl 2019,8.15999984741211,7.95427200243017,-0.20572784498193908,0.20572784498193908,0.22578558290748563,243.81582814956877
Tokachi2003,0005,legacy,ruhl,Ruhl 2019,8.15999984741211,7.819030023376486,-0.34096982403562315,0.34096982403562315,0.23560129333712235,195.74415828512258
Tokachi2003,0007,legacy,ruhl,Ruhl 2019,8.15999984741211,8.249898559568665,0.08989871215655576,0.08989871215655576,0.3776253471709385,231.28939629739574
Tokachi2003,0008,legacy,ruhl,Ruhl 2019,8.15999984741211,8.047318442386885,-0.11268140502522428,0.11268140502522428,0.20344277510072503,301.0944710672287
Tokachi2003,0009,legacy,ruhl,Ruhl 2019,8.15999984741211,8.055865202518897,-0.10413464489321278,0.10413464489321278,0.3902503306516076,174.28770472733498
Tokachi2003,0011,legacy,ruhl,Ruhl 2019,8.15999984741211,8.19999010577644,0.039990258364330344,0.039990258364330344,0.6194014439725285,143.03499355828671
Tokachi2003,0012,legacy,ruhl,Ruhl 2019,8.15999984741211,8.503949639633479,0.3439497922213697,0.3439497922213697,0.7510042204350083,181.66401531965406
Tokachi2003,0013,legacy,ruhl,Ruhl 2019,8.15999984741211,8.034815829529606,-0.12518401788250344,0.12518401788250344,0.21543560828092276,282.0853630129269
Tokachi2003,0014,legacy,ruhl,Ruhl 2019,8.15999984741211,8.341863895407789,0.18186404799567946,0.18186404799567946,0.4542381797542045,223.09226564080922
Tokachi2003,0017,legacy,ruhl,Ruhl 2019,8.15999984741211,7.877642576661669,-0.28235727075044004,0.28235727075044004,0.13614500552413428,342.7091816626146
Tokachi2003,0018,legacy,ruhl,Ruhl 2019,8.15999984741211,7.926244043800333,-0.2337558036117766,0.2337558036117766,0.20620413678410915,254.2008434341821
Tokachi2003,0020,legacy,ruhl,Ruhl 2019,8.15999984741211,7.832672314542301,-0.3273275328698082,0.3273275328698082,0.11828029036440546,365.8608380996649
Tokachi2003,0021,legacy,ruhl,Ruhl 2019,8.15999984741211,7.859340031411349,-0.30065981600076075,0.30065981600076075,0.14504922229734554,316.578052758474
Tokachi2003,0022,legacy,ruhl,Ruhl 2019,8.15999984741211,7.7657586988346585,-0.39424114857745085,0.39424114857745085,0.1552021088662085,263.42951908173313
Tokachi2003,0023,legacy,ruhl,Ruhl 2019,8.15999984741211,7.699679095233277,-0.4603207521788324,0.4603207521788324,0.11110102190150706,324.9043391145899
Tokachi2003,0024,legacy,ruhl,Ruhl 2019,8.15999984741211,7.570935651060939,-0.5890641963511705,0.5890641963511705,0.13220974063568827,232.98104563572258
Tokachi2003,0026,legacy,ruhl,Ruhl 2019,8.15999984741211,7.71702409515432,-0.44297575225778907,0.44297575225778907,0.11363157630541477,325.8437116852945
Tokachi2003,0030,legacy,ruhl,Ruhl 2019,8.15999984741211,7.522489848021946,-0.6375099993901632,0.6375099993901632,0.06730012024759485,404.2023437246948
Tokachi2003,0031,legacy,ruhl,Ruhl 2019,8.15999984741211,7.474463682658782,-0.6855361647533273,0.6855361647533273,0.059762562720016774,422.89596080671106
Tokachi2003,0032,legacy,ruhl,Ruhl 2019,8.15999984741211,7.625929173830991,-0.5340706735811187,0.5340706735811187,0.06529275411493768,475.9084285316286
Tokachi2003,0101,legacy,ruhl,Ruhl 2019,8.15999984741211,8.038225697733456,-0.12177414967865374,0.12177414967865374,0.1372249070230854,417.21116405961317
Tokachi2003,0102,legacy,ruhl,Ruhl 2019,8.15999984741211,7.922053201111271,-0.23794664630083862,0.23794664630083862,0.10623653222788473,450.3055719107177
Tokachi2003,0103,legacy,ruhl,Ruhl 2019,8.15999984741211,7.965209921687157,-0.1947899257249528,0.1947899257249528,0.14056304670945455,372.8636031401621
Tokachi2003,0104,legacy,ruhl,Ruhl 2019,8.15999984741211,8.482706547614121,0.3227067002020121,0.3227067002020121,0.2875330303131136,385.9135216614619
Tokachi2003,0105,legacy,ruhl,Ruhl 2019,8.15999984741211,8.069796024107157,-0.09020382330495202,0.09020382330495202,0.17536780468364943,351.8010813592655
Tokachi2003,0106,legacy,ruhl,Ruhl 2019,8.15999984741211,8.018174578288797,-0.14182526912331284,0.14182526912331284,0.15849711736766342,359.4793494097204
Tokachi2003,0107,legacy,ruhl,Ruhl 2019,8.15999984741211,8.109899717885897,-0.050100129526212456,0.050100129526212456,0.22743707396525975,296.54996725856995
Tokachi2003,0108,legacy,ruhl,Ruhl 2019,8.15999984741211,7.953338760107107,-0.20666108730500277,0.20666108730500277,0.21678211459844757,252.2609288274585
Tokachi2003,0110,legacy,ruhl,Ruhl 2019,8.15999984741211,8.10244921000384,-0.05755063740826927,0.05755063740826927,0.23622227191532572,284.4215314981978
Tokachi2003,0111,legacy,ruhl,Ruhl 2019,8.15999984741211,8.089703982981051,-0.07029586443105806,0.07029586443105806,0.2695052868247698,250.07039639679425
Tokachi2003,0113,legacy,ruhl,Ruhl 2019,8.15999984741211,7.786377055405954,-0.373622792006155,0.373622792006155,0.20224486279070258,214.2105999345888
Tokachi2003,0114,legacy,ruhl,Ruhl 2019,8.15999984741211,8.00621125143057,-0.15378859598154015,0.15378859598154015,0.2634839542163631,228.5364851235753
Tokachi2003,0116,legacy,ruhl,Ruhl 2019,8.15999984741211,7.782656346521505,-0.3773435008906043,0.3773435008906043,0.2259105289939436,193.21523473440448
Tokachi2003,0117,legacy,ruhl,Ruhl 2019,8.15999984741211,8.086783110974206,-0.07321673643790305,0.07321673643790305,0.24442321318573854,270.7669823366324
Tokachi2003,0118,legacy,ruhl,Ruhl 2019,8.15999984741211,7.944036831728876,-0.21596301568323373,0.21596301568323373,0.27520339992096227,202.5575654225585
Tokachi2003,0119,legacy,ruhl,Ruhl 2019,8.15999984741211,7.723004523345244,-0.43699532406686536,0.43699532406686536,0.1662651965973338,233.79695786419776
Tokachi2003,0120,legacy,ruhl,Ruhl 2019,8.15999984741211,7.93901525435612,-0.22098459305598972,0.22098459305598972,0.16210102057120795,318.63264262602314
Tokachi2003,0121,legacy,ruhl,Ruhl 2019,8.15999984741211,8.14929674818139,-0.010703099230719104,0.010703099230719104,0.46846323969335985,169.12748364021783
Tokachi2003,0123,legacy,ruhl,Ruhl 2019,8.15999984741211,8.268854716344189,0.10885486893207919,0.10885486893207919,0.570115895089826,168.06492111128125
Tokachi2003,0125,legacy,ruhl,Ruhl 2019,8.15999984741211,8.086443108320333,-0.07355673909177618,0.07355673909177618,0.45027396826675314,160.73632183833843
Tokachi2003,0126,legacy,ruhl,Ruhl 2019,8.15999984741211,8.016413325737975,-0.1435865216741341,0.1435865216741341,0.18534538516710858,313.5017636316111
Tokachi2003,0127,legacy,ruhl,Ruhl 2019,8.15999984741211,8.039092035491446,-0.12090781192066302,0.12090781192066302,0.196526700252733,306.90530711944757
Tokachi2003,0128,legacy,ruhl,Ruhl 2019,8.15999984741211,8.146131219013272,-0.013868628398837402,0.013868628398837402,0.2905458281292985,252.35580733810727
Tokachi2003,0129,legacy,ruhl,Ruhl 2019,8.15999984741211,8.016333450805936,-0.1436663966061733,0.1436663966061733,0.21488006351175995,276.0267177845389
Tokachi2003,0130,legacy,ruhl,Ruhl 2019,8.15999984741211,7.972319085727755,-0.1876807616843541,0.1876807616843541,0.186442565323934,294.6737980550929
Tokachi2003,0131,legacy,ruhl,Ruhl 2019,8.15999984741211,7.918199276246282,-0.2418005711658271,0.2418005711658271,0.15505278238364006,322.39845086983945
Tokachi2003,0132,legacy,ruhl,Ruhl 2019,8.15999984741211,8.354139638755212,0.19413979134310289,0.19413979134310289,0.5322996973666516,198.79373666322823
Tokachi2003,0133,legacy,ruhl,Ruhl 2019,8.15999984741211,8.50968365054788,0.3496838031357701,0.3496838031357701,0.8247304192809193,169.61931657997272
Tokachi2003,0134,legacy,ruhl,Ruhl 2019,8.15999984741211,8.461165686089966,0.30116583867785707,0.30116583867785707,1.1430616421753719,122.12743659815841
Tokachi2003,0135,legacy,ruhl,Ruhl 2019,8.15999984741211,8.005066249471554,-0.1549335979405555,0.1549335979405555,0.23314467979575165,253.55327080805705
Tokachi2003,0136,legacy,ruhl,Ruhl 2019,8.15999984741211,8.296225424764918,0.1362255773528087,0.1362255773528087,0.445945399835534,213.68574773910635
Tokachi2003,0137,legacy,ruhl,Ruhl 2019,8.15999984741211,7.9949635540800434,-0.16503629333206593,0.16503629333206593,0.21184980049922872,271.7667990340552
Tokachi2003,0139,legacy,ruhl,Ruhl 2019,8.15999984741211,8.115009350302524,-0.0449904971095858,0.0449904971095858,0.31366569484246987,227.13218601741173
Tokachi2003,0140,legacy,ruhl,Ruhl 2019,8.15999984741211,7.934916021646917,-0.2250838257651928,0.2250838257651928,0.17005820376832134,304.0186405564264
Tokachi2003,0143,legacy,ruhl,Ruhl 2019,8.15999984741211,7.879047455483088,-0.28095239192902177,0.28095239192902177,0.1545546702155857,307.25748328504324
Tokachi2003,0145,legacy,ruhl,Ruhl 2019,8.15999984741211,7.874873349377342,-0.2851264980347672,0.2851264980347672,0.14356251915850016,325.9815578533736
Tokachi2003,0146,legacy,ruhl,Ruhl 2019,8.15999984741211,7.885808465585667,-0.27419138182644254,0.27419138182644254,0.17402175910028136,279.4329845518238
Tokachi2003,0147,legacy,ruhl,Ruhl 2019,8.15999984741211,7.864726143749729,-0.2952737036623807,0.2952737036623807,0.18340198850752712,259.5303398138289
Tokachi2003,0149,legacy,ruhl,Ruhl 2019,8.15999984741211,7.779514234572885,-0.380485612839224,0.380485612839224,0.13660724840449082,300.4842329000409
Tokachi2003,0150,legacy,ruhl,Ruhl 2019,8.15999984741211,7.686155010330156,-0.4738448370819537,0.4738448370819537,0.1418631513092072,256.2621963050986
Tokachi2003,0151,legacy,ruhl,Ruhl 2019,8.15999984741211,7.608911521878028,-0.5510883255340815,0.5510883255340815,0.11123521042761422,287.23225081282754
Tokachi2003,0152,legacy,ruhl,Ruhl 2019,8.15999984741211,7.441364151278136,-0.7186356961339735,0.7186356961339735,0.10820628875838255,233.35433731075724
Tokachi2003,0153,legacy,ruhl,Ruhl 2019,8.15999984741211,7.436549934439689,-0.7234499129724208,0.7234499129724208,0.09414231959494818,263.706512005557
Tokachi2003,0154,legacy,ruhl,Ruhl 2019,8.15999984741211,7.595093478777751,-0.5649063686343583,0.5649063686343583,0.08464528090402706,361.2213399833819
Tokachi2003,0155,legacy,ruhl,Ruhl 2019,8.15999984741211,7.517539981015856,-0.6424598663962531,0.6424598663962531,0.08781945246660215,314.5614361220206
Tokachi2003,0156,legacy,ruhl,Ruhl 2019,8.15999984741211,7.196484994868053,-0.9635148525440567,0.9635148525440567,0.06961605529904952,248.52414714382743
Tokachi2003,0157,legacy,ruhl,Ruhl 2019,8.15999984741211,7.357546133787343,-0.8024537136247663,0.8024537136247663,0.07471684655804504,292.735862745121
Tokachi2003,0158,legacy,ruhl,Ruhl 2019,8.15999984741211,7.096372639622166,-1.0636272077899438,1.0636272077899438,0.06119198473808912,242.90135020778823
Tokachi2003,0159,legacy,ruhl,Ruhl 2019,8.15999984741211,7.301851346768021,-0.8581485006440888,0.8581485006440888,0.07254768300754977,278.16144367544297
Tokachi2003,0161,legacy,ruhl,Ruhl 2019,8.15999984741211,7.316566639859624,-0.8434332075524855,0.8434332075524855,0.06727141145221617,304.99081668979636
Tokachi2003,0162,legacy,ruhl,Ruhl 2019,8.15999984741211,7.155397088715478,-1.004602758696631,1.004602758696631,0.059351283984694934,272.8591315928874
Tokachi2003,0163,legacy,ruhl,Ruhl 2019,8.15999984741211,7.169025558321496,-0.9909742890906132,0.9909742890906132,0.051574491676458466,318.57604839226445
Tokachi2003,0164,legacy,ruhl,Ruhl 2019,8.15999984741211,7.029414204151022,-1.130585643261087,1.130585643261087,0.04740910342827354,282.23191126592087
Tokachi2003,0165,legacy,ruhl,Ruhl 2019,8.15999984741211,7.357748346334589,-0.80225150107752,0.80225150107752,0.06323070200637755,342.40971995842955
Tokachi2003,0181,legacy,ruhl,Ruhl 2019,8.15999984741211,7.464839302047162,-0.6951605453649474,0.6951605453649474,0.07821011555183041,325.61805725459806
Tokachi2003,0182,legacy,ruhl,Ruhl 2019,8.15999984741211,7.5377352293630375,-0.6222646180490718,0.6222646180490718,0.08017961035302396,351.4161864785254
Tokachi2003,0183,legacy,ruhl,Ruhl 2019,8.15999984741211,7.378006058677853,-0.7819937887342565,0.7819937887342565,0.07063896052840563,317.48028975262287
Tokachi2003,0184,legacy,ruhl,Ruhl 2019,8.15999984741211,7.672039652514379,-0.4879601948977301,0.4879601948977301,0.09269586320876094,368.5039483051336
Tokachi2003,0187,legacy,ruhl,Ruhl 2019,8.15999984741211,7.4414766251482565,-0.7185232222638529,0.7185232222638529,0.06739413588059971,361.95763324496085
Tokachi2003,0188,legacy,ruhl,Ruhl 2019,8.15999984741211,7.380049727933439,-0.77995011947867,0.77995011947867,0.05650692103452474,392.23152935013223
Tokachi2003,0191,legacy,ruhl,Ruhl 2019,8.15999984741211,7.552499511046072,-0.6075003363660372,0.6075003363660372,0.06310809271444401,446.0632274528872
Tokachi2003,0193,legacy,ruhl,Ruhl 2019,8.15999984741211,7.441452187667918,-0.7185476597441918,0.7185476597441918,0.05822018881344077,414.51328123959655
Tokachi2003,0194,legacy,ruhl,Ruhl 2019,8.15999984741211,7.414771193968248,-0.7452286534438617,0.7452286534438617,0.04882332462376269,471.0002158712125
Tokachi2003,0196,legacy,ruhl,Ruhl 2019,8.15999984741211,7.353233236806912,-0.8067666106051972,0.8067666106051972,0.04208825605910476,498.44621871544683
Tokachi2003,0198,legacy,ruhl,Ruhl 2019,8.15999984741211,7.172245866338257,-0.987753981073852,0.987753981073852,0.030044533715097296,538.0995162805277
Tokachi2003,0204,legacy,ruhl,Ruhl 2019,8.15999984741211,7.118560848244029,-1.0414389991680801,1.0414389991680801,0.024414092196737784,611.3541464274172
Tokachi2003,0210,legacy,ruhl,Ruhl 2019,8.15999984741211,7.280402422248313,-0.8795974251637961,0.8795974251637961,0.03075334951474799,608.242148659681
Tokachi2003,0211,legacy,ruhl,Ruhl 2019,8.15999984741211,7.266452651664783,-0.8935471957473267,0.8935471957473267,0.03065313116374642,598.9738325548321
Tokachi2003,0217,legacy,ruhl,Ruhl 2019,8.15999984741211,7.532162515319927,-0.6278373320921826,0.6278373320921826,0.041024050851538846,644.2045534463466
Tokachi2003,0218,legacy,ruhl,Ruhl 2019,8.15999984741211,7.374945422466249,-0.7850544249458604,0.7850544249458604,0.031077899581080152,681.2845305346183
Tokachi2003,0243,legacy,ruhl,Ruhl 2019,8.15999984741211,7.600099975000929,-0.5598998724111803,0.5598998724111803,0.03997186457237663,718.3840467734033
Tokachi2003,0501,legacy,ruhl,Ruhl 2019,8.15999984741211,7.954013193129362,-0.20598665428274732,0.20598665428274732,0.11670035643936964,431.9479252922734
Tokachi2003,0502,legacy,ruhl,Ruhl 2019,8.15999984741211,7.966802144164883,-0.1931977032472263,0.1931977032472263,0.16886515878797465,318.75757172367065
Tokachi2003,0503,legacy,ruhl,Ruhl 2019,8.15999984741211,8.063847010705475,-0.09615283670663466,0.09615283670663466,0.23650867643550838,270.3636477723049
Tokachi2003,0504,legacy,ruhl,Ruhl 2019,8.15999984741211,8.115294342927742,-0.04470550448436761,0.04470550448436761,0.25087898718813245,274.71053652003116
Tokachi2003,0505,legacy,ruhl,Ruhl 2019,8.15999984741211,7.921394213241144,-0.23860563417096525,0.23860563417096525,0.21278290358578722,245.76182395216128
Tokachi2003,0506,legacy,ruhl,Ruhl 2019,8.15999984741211,8.105227197573685,-0.05477264983842467,0.05477264983842467,0.26508432440215557,258.7669261246172
Tokachi2003,0507,legacy,ruhl,Ruhl 2019,8.15999984741211,7.926271548804408,-0.2337282986077014,0.2337282986077014,0.23528665285154685,226.64014109581973
Tokachi2003,0508,legacy,ruhl,Ruhl 2019,8.15999984741211,8.178835738081068,0.0188358906689583,0.0188358906689583,0.3111350653311623,248.4054703144328
Tokachi2003,0509,legacy,ruhl,Ruhl 2019,8.15999984741211,8.247408794270246,0.08740894685813672,0.08740894685813672,0.3087643683832618,272.82347023787275
Tokachi2003,0510,legacy,ruhl,Ruhl 2019,8.15999984741211,8.258383349782065,0.09838350236995552,0.09838350236995552,0.3760838809108488,234.6170813551394
Tokachi2003,0511,legacy,ruhl,Ruhl 2019,8.15999984741211,8.057686040012218,-0.10231380739989149,0.10231380739989149,0.31410789192310823,210.38434883742949
Tokachi2003,0512,legacy,ruhl,Ruhl 2019,8.15999984741211,7.935116245643482,-0.2248836017686271,0.2248836017686271,0.28385857841314655,194.81866119084177
Tokachi2003,0513,legacy,ruhl,Ruhl 2019,8.15999984741211,7.926398264106966,-0.23360158330514302,0.23360158330514302,0.2997047349590938,183.64067081989086
Tokachi2003,0514,legacy,ruhl,Ruhl 2019,8.15999984741211,8.392702078134064,0.23270223072195506,0.23270223072195506,0.5228808265403705,211.9271384904103
Tokachi2003,0515,legacy,ruhl,Ruhl 2019,8.15999984741211,7.8332692978609755,-0.3267305495511339,0.3267305495511339,0.2687003864938209,177.79056906735693
Tokachi2003,0516,legacy,ruhl,Ruhl 2019,8.15999984741211,8.281592297221739,0.12159244980962924,0.12159244980962924,0.3956227541254534,231.68629352258316
Tokachi2003,0517,legacy,ruhl,Ruhl 2019,8.15999984741211,8.014241084857522,-0.1457587625545873,0.1457587625545873,0.19777616364072986,295.64467536476263
Tokachi2003,0519,legacy,ruhl,Ruhl 2019,8.15999984741211,7.872056596286115,-0.28794325112599406,0.28794325112599406,0.2432263314916745,204.64764694089598
Tokachi2003,0520,legacy,ruhl,Ruhl 2019,8.15999984741211,8.252440916709693,0.09244106929758367,0.09244106929758367,0.3597008028055351,241.66896373528445
Tokachi2003,0521,legacy,ruhl,Ruhl 2019,8.15999984741211,8.43165508129928,0.27165523388717006,0.27165523388717006,0.9057927021801838,142.03877877925683
Tokachi2003,0522,legacy,ruhl,Ruhl 2019,8.15999984741211,8.348325634309305,0.18832578689719526,0.18832578689719526,0.44810963788810465,227.47113100459802
Tokachi2003,0523,legacy,ruhl,Ruhl 2019,8.15999984741211,8.178696074908244,0.0186962274961342,0.0186962274961342,0.33455351931376054,233.61855515812047
Tokachi2003,0525,legacy,ruhl,Ruhl 2019,8.15999984741211,7.956350381600029,-0.20364946581208,0.20364946581208,0.19875851485033963,273.0556205210582
Tokachi2003,0526,legacy,ruhl,Ruhl 2019,8.15999984741211,7.95874535890101,-0.20125448851109962,0.20125448851109962,0.20907440044378986,262.16200247822496
Tokachi2003,0527,legacy,ruhl,Ruhl 2019,8.15999984741211,7.857760839404272,-0.3022390080078372,0.3022390080078372,0.12069739272461086,371.2261768693469
Tokachi2003,0528,legacy,ruhl,Ruhl 2019,8.15999984741211,7.974539014359969,-0.18546083305214012,0.18546083305214012,0.2054633904248916,271.70958270583264
Tokachi2003,0529,legacy,ruhl,Ruhl 2019,8.15999984741211,7.787597981439311,-0.37240186597279834,0.37240186597279834,0.15838535495841125,266.4293129169463
Tokachi2003,0530,legacy,ruhl,Ruhl 2019,8.15999984741211,7.755103096834893,-0.4048967505772163,0.4048967505772163,0.12301513047660541,319.2960632492213
Tokachi2003,0531,legacy,ruhl,Ruhl 2019,8.15999984741211,8.157564306212866,-0.002435541199243829,0.002435541199243829,0.5522046908815589,148.8074779413694
Tokachi2003,0533,legacy,ruhl,Ruhl 2019,8.15999984741211,7.585794662939013,-0.5742051844730964,0.5742051844730964,0.1505548623527557,211.35377212750424
Tokachi2003,0534,legacy,ruhl,Ruhl 2019,8.15999984741211,7.710765699521271,-0.44923414789083793,0.44923414789083793,0.12613795546901743,294.33553684497986
Tokachi2003,0535,legacy,ruhl,Ruhl 2019,8.15999984741211,7.605109444351838,-0.5548904030602717,0.5548904030602717,0.11889687254699723,268.99879601195653
Tokachi2003,0537,legacy,ruhl,Ruhl 2019,8.15999984741211,7.401931001325533,-0.7580688460865765,0.7580688460865765,0.09215446128918264,256.1737412654726
Tokachi2003,0538,legacy,ruhl,Ruhl 2019,8.15999984741211,7.630512165600069,-0.5294876818120402,0.5294876818120402,0.1076482555638454,304.6765555598716
Tokachi2003,0539,legacy,ruhl,Ruhl 2019,8.15999984741211,7.32745468307811,-0.8325451643339994,0.8325451643339994,0.08519125148188633,247.9718014125788
Tokachi2003,0540,legacy,ruhl,Ruhl 2019,8.15999984741211,7.54676630402538,-0.6132335433867295,0.6132335433867295,0.09096314176357519,316.97320845351373
Tokachi2003,0541,legacy,ruhl,Ruhl 2019,8.15999984741211,7.555395529715223,-0.6046043176968867,0.6046043176968867,0.1009548714109255,291.6075639560204
Tokachi2003,0542,legacy,ruhl,Ruhl 2019,8.15999984741211,7.56843670523883,-0.5915631421732792,0.5915631421732792,0.09742096928738794,306.6501293165949
Tokachi2003,0543,legacy,ruhl,Ruhl 2019,8.15999984741211,7.18541578469971,-0.974584062712399,0.974584062712399,0.05311926942912215,317.01091635754597
Tokachi2003,0544,legacy,ruhl,Ruhl 2019,8.15999984741211,7.371163726219752,-0.7888361211923574,0.7888361211923574,0.05740696714821908,381.82054415777554
Tokachi2003,0547,legacy,ruhl,Ruhl 2019,8.15999984741211,7.106762409128443,-1.0532374382836664,1.0532374382836664,0.04817226438004713,311.12866688286573
Tokachi2003,0548,legacy,ruhl,Ruhl 2019,8.15999984741211,7.32787727359586,-0.8321225738162497,0.8321225738162497,0.04554958498495761,447.2714521717776
Tokachi2003,0551,legacy,ruhl,Ruhl 2019,8.15999984741211,7.567809190673276,-0.5921906567388335,0.5921906567388335,0.07200280967825365,403.5793085439296
Tokachi2003,0552,legacy,ruhl,Ruhl 2019,8.15999984741211,7.593511255297046,-0.5664885921150633,0.5664885921150633,0.0767678816893217,393.89988824876497
Tokachi2003,0553,legacy,ruhl,Ruhl 2019,8.15999984741211,7.357066765459029,-0.8029330819530802,0.8029330819530802,0.0604764366746005,356.67061861164285
Tokachi2003,0555,legacy,ruhl,Ruhl 2019,8.15999984741211,7.461608800504878,-0.698391046907231,0.698391046907231,0.05366351369329642,459.1763115708733
Tokachi2003,0556,legacy,ruhl,Ruhl 2019,8.15999984741211,7.4139413775768475,-0.7460584698352619,0.7460584698352619,0.0481521136096592,476.5778735426666
Tokachi2003,0559,legacy,ruhl,Ruhl 2019,8.15999984741211,7.257283091499407,-0.9027167559127021,0.9027167559127021,0.03222188584268212,564.3210122054594
Tokachi2003,0563,legacy,ruhl,Ruhl 2019,8.15999984741211,7.724570912288549,-0.43542893512356073,0.43542893512356073,0.05370859530948099,642.5714131833427
Tokachi2003,0566,legacy,ruhl,Ruhl 2019,8.15999984741211,7.392918718714492,-0.7670811286976171,0.7670811286976171,0.033415199112336626,651.5980342010272
Tokachi2003,0581,legacy,ruhl,Ruhl 2019,8.15999984741211,7.750373066928804,-0.4096267804833058,0.4096267804833058,0.05632810320563002,635.8237283135402
Tokachi2003,0586,legacy,ruhl,Ruhl 2019,8.15999984741211,7.802286457556304,-0.3577133898558058,0.3577133898558058,0.05977824629164109,642.929637235483
Tokachi2003,0752,legacy,ruhl,Ruhl 2019,8.15999984741211,7.954792367407703,-0.20520748000440658,0.20520748000440658,0.06477450202957552,720.2959164229343
Tokachi2003,0778,legacy,ruhl,Ruhl 2019,8.15999984741211,8.490037473101959,0.3300376256898492,0.3300376256898492,0.25934419828427663,423.31714193592165
Tokachi2003,0779,legacy,ruhl,Ruhl 2019,8.15999984741211,8.03867878083357,-0.12132106657854003,0.12132106657854003,0.14829227648500176,390.5717827716569
Tokachi2003,0780,legacy,ruhl,Ruhl 2019,8.15999984741211,7.9407293064445295,-0.21927054096757992,0.21927054096757992,0.14823867759176745,345.1206495467904
Tokachi2003,0781,legacy,ruhl,Ruhl 2019,8.15999984741211,8.27925826314399,0.11925841573188123,0.11925841573188123,0.23276436510823367,359.33308318538633
Tokachi2003,0782,legacy,ruhl,Ruhl 2019,8.15999984741211,8.161869095585127,0.0018692481730173682,0.0018692481730173682,0.2288063287207958,315.1101815898347
Tokachi2003,0783,legacy,ruhl,Ruhl 2019,8.15999984741211,8.102627773445443,-0.05737207396666655,0.05737207396666655,0.20655038274160606,318.91826670606633
Tokachi2003,0784,legacy,ruhl,Ruhl 2019,8.15999984741211,7.731415034616693,-0.4285848127954166,0.4285848127954166,0.1804386927216691,219.85681258353867
Tokachi2003,0785,legacy,ruhl,Ruhl 2019,8.15999984741211,8.042166799143072,-0.11783304826903773,0.11783304826903773,0.21040312442263628,290.60583050259197
Tokachi2003,0790,legacy,ruhl,Ruhl 2019,8.15999984741211,8.395149905416293,0.23515005800418365,0.23515005800418365,0.5735016487499535,197.04670999790366
Tokachi2003,0792,legacy,ruhl,Ruhl 2019,8.15999984741211,7.897224179506636,-0.2627756679054736,0.2627756679054736,0.20629909744745947,244.49493557386455
Tokachi2003,0794,legacy,ruhl,Ruhl 2019,8.15999984741211,7.84044858967242,-0.31955125773968973,0.31955125773968973,0.1530727301310757,294.55847697792245
Tokachi2003,0795,legacy,ruhl,Ruhl 2019,8.15999984741211,7.138954481633202,-1.0210453657789076,1.0210453657789076,0.052180987572181814,301.6760849674468
Tokachi2003,0797,legacy,ruhl,Ruhl 2019,8.15999984741211,7.215147672721976,-0.9448521746901335,0.9448521746901335,0.03382834034377309,509.05027631654553
Tokachi2003,0798,legacy,ruhl,Ruhl 2019,8.15999984741211,7.455974665724326,-0.7040251816877836,0.7040251816877836,0.07700747184653473,326.32301433674826
Tokachi2003,0844,legacy,ruhl,Ruhl 2019,8.15999984741211,7.431170843909888,-0.7288290035022218,0.7288290035022218,0.08689393069426649,281.9217172998054
Tokachi2003,0848,legacy,ruhl,Ruhl 2019,8.15999984741211,8.041517707647534,-0.11848213976457522,0.11848213976457522,0.12902300379592926,441.65864856542487
Tokachi2003,0849,legacy,ruhl,Ruhl 2019,8.15999984741211,8.16656764026212,0.006567792850010079,0.006567792850010079,0.16639202961583627,414.8116432575651
Tokachi2003,0850,legacy,ruhl,Ruhl 2019,8.15999984741211,7.990634212634727,-0.16936563477738265,0.16936563477738265,0.14361231827764384,377.9760182925834
Tokachi2003,0851,legacy,ruhl,Ruhl 2019,8.15999984741211,8.136639671632873,-0.02336017577923677,0.02336017577923677,0.17748997805737074,378.5447580947147
Tokachi2003,0852,legacy,ruhl,Ruhl 2019,8.15999984741211,8.147283401258035,-0.012716446154074745,0.012716446154074745,0.19091489567410314,360.6078858917269
Tokachi2003,0853,legacy,ruhl,Ruhl 2019,8.15999984741211,8.034045949738353,-0.12595389767375664,0.12595389767375664,0.18299539071661078,324.18339282737577
Tokachi2003,0854,legacy,ruhl,Ruhl 2019,8.15999984741211,8.066063435916599,-0.0939364114955108,0.0939364114955108,0.21629840537359268,292.65850105430354
Tokachi2003,0856,legacy,ruhl,Ruhl 2019,8.15999984741211,8.060540078002637,-0.09945976940947254,0.09945976940947254,0.22834463812760095,277.4242009772763
Tokachi2003,0857,legacy,ruhl,Ruhl 2019,8.15999984741211,8.151637531456318,-0.008362315955791289,0.008362315955791289,0.24808181903400958,290.4997340257239
Tokachi2003,0858,legacy,ruhl,Ruhl 2019,8.15999984741211,8.172799594265138,0.012799746853028537,0.012799746853028537,0.2688847272912343,278.78912878314384
Tokachi2003,0859,legacy,ruhl,Ruhl 2019,8.15999984741211,7.7057170606671646,-0.4542827867449448,0.4542827867449448,0.1394938138932799,267.1663474353328
Tokachi2003,0860,legacy,ruhl,Ruhl 2019,8.15999984741211,8.026820514357576,-0.13317933305453344,0.13317933305453344,0.1972417891356328,301.170802935153
Tokachi2003,0861,legacy,ruhl,Ruhl 2019,8.15999984741211,8.06770904691229,-0.09229080049981953,0.09229080049981953,0.2774650740638055,237.0406773459859
Tokachi2003,0862,legacy,ruhl,Ruhl 2019,8.15999984741211,8.0722077033022,-0.0877921441099101,0.0877921441099101,0.24010553345534494,269.79652546299604
Tokachi2003,0865,legacy,ruhl,Ruhl 2019,8.15999984741211,8.166019979543712,0.006020132131602907,0.006020132131602907,0.29020757254795343,259.14236106836137
Tokachi2003,0866,legacy,ruhl,Ruhl 2019,8.15999984741211,8.080142322115023,-0.07985752529708634,0.07985752529708634,0.3130353629659532,217.35244785400823
Tokachi2003,0867,legacy,ruhl,Ruhl 2019,8.15999984741211,8.25450354723105,0.09450369981894013,0.09450369981894013,0.3924832014577957,225.27661484086553
Tokachi2003,0868,legacy,ruhl,Ruhl 2019,8.15999984741211,7.931027530312205,-0.2289723170999043,0.2289723170999043,0.2646913561449779,205.88538695228507
Tokachi2003,0870,legacy,ruhl,Ruhl 2019,8.15999984741211,7.665762447671404,-0.49423739974070546,0.49423739974070546,0.1754867542252614,205.81414786022864
Tokachi2003,0871,legacy,ruhl,Ruhl 2019,8.15999984741211,8.225280443960417,0.0652805965483072,0.0652805965483072,0.3509399691238815,238.2820162730626
Tokachi2003,0872,legacy,ruhl,Ruhl 2019,8.15999984741211,8.143946987053948,-0.01605286035816178,0.01605286035816178,0.2707313752073475,267.15829289937454
Tokachi2003,0873,legacy,ruhl,Ruhl 2019,8.15999984741211,8.016205519161012,-0.14379432825109717,0.14379432825109717,0.3370184703915456,187.37935703126794
Tokachi2003,0874,legacy,ruhl,Ruhl 2019,8.15999984741211,8.277116572847502,0.11711672543539287,0.11711672543539287,0.5151018746023411,184.8932017615027
Tokachi2003,0875,legacy,ruhl,Ruhl 2019,8.15999984741211,7.93119594448541,-0.22880390292669972,0.22880390292669972,0.1509885393668003,335.5182648247401
Tokachi2003,0876,legacy,ruhl,Ruhl 2019,8.15999984741211,8.220947507241908,0.06094765982979844,0.06094765982979844,0.3072896837858578,264.89169255389805
Tokachi2003,0877,legacy,ruhl,Ruhl 2019,8.15999984741211,8.4189108111748,0.2589109637626912,0.2589109637626912,0.4582260096918916,244.09854689871378
Tokachi2003,0878,legacy,ruhl,Ruhl 2019,8.15999984741211,7.99533816295812,-0.1646616844539892,0.1646616844539892,0.33929743069642054,181.12032726833115
Tokachi2003,0880,legacy,ruhl,Ruhl 2019,8.15999984741211,8.477258458596548,0.3172586111844389,0.3172586111844389,0.687961566314434,188.56048112818362
Tokachi2003,0882,legacy,ruhl,Ruhl 2019,8.15999984741211,8.092809154780127,-0.06719069263198207,0.06719069263198207,0.2495364547462347,268.1040755019326
Tokachi2003,0883,legacy,ruhl,Ruhl 2019,8.15999984741211,8.118820276556383,-0.041179570855726766,0.041179570855726766,0.5111307311140414,150.7647756853112
Tokachi2003,0884,legacy,ruhl,Ruhl 2019,8.15999984741211,8.053033421379007,-0.10696642603310202,0.10696642603310202,0.21248749051528112,292.2159078943739
Tokachi2003,0885,legacy,ruhl,Ruhl 2019,8.15999984741211,8.530967595447038,0.3709677480349285,0.3709677480349285,0.8676882906777628,167.28120784758192
Tokachi2003,0887,legacy,ruhl,Ruhl 2019,8.15999984741211,8.514114468172073,0.35411462075996347,0.35411462075996347,1.0690695542183337,138.24604743406977
Tokachi2003,0888,legacy,ruhl,Ruhl 2019,8.15999984741211,7.92701133083733,-0.23298851657477915,0.23298851657477915,0.14962889876596366,336.35190543388035
Tokachi2003,0892,legacy,ruhl,Ruhl 2019,8.15999984741211,7.724766424707456,-0.4352334227046537,0.4352334227046537,0.15552902901187893,248.75249137666472
Tokachi2003,0893,legacy,ruhl,Ruhl 2019,8.15999984741211,7.741804317000377,-0.4181955304117322,0.4181955304117322,0.13896619528142318,281.4312585887137
Tokachi2003,0894,legacy,ruhl,Ruhl 2019,8.15999984741211,7.7166226527049435,-0.44337719470716586,0.44337719470716586,0.16094456624549408,238.59805057243895
Tokachi2003,0895,legacy,ruhl,Ruhl 2019,8.15999984741211,7.589180588261768,-0.5708192591503414,0.5708192591503414,0.12343302022764924,254.371158913832
Tokachi2003,0896,legacy,ruhl,Ruhl 2019,8.15999984741211,7.491833548836502,-0.6681662985756072,0.6681662985756072,0.1222591793735902,223.93679752112445
Tokachi2003,0897,legacy,ruhl,Ruhl 2019,8.15999984741211,7.568886887194073,-0.5911129602180365,0.5911129602180365,0.09563603649744871,312.0517627692759
Tokachi2003,0898,legacy,ruhl,Ruhl 2019,8.15999984741211,7.692680760932792,-0.46731908647931775,0.46731908647931775,0.10175770510841982,348.2671282151475
Tokachi2003,0899,legacy,ruhl,Ruhl 2019,8.15999984741211,7.371903132825902,-0.7880967145862074,0.7880967145862074,0.0822936605923128,272.8861716076625
Tokachi2003,0901,legacy,ruhl,Ruhl 2019,8.15999984741211,7.320709918648841,-0.839289928763268,0.839289928763268,0.07979018698454703,261.21286233468857
Tokachi2003,0902,legacy,ruhl,Ruhl 2019,8.15999984741211,7.406597381278899,-0.7534024661332106,0.7534024661332106,0.08053139469985351,292.3616461747448
Tokachi2003,0903,legacy,ruhl,Ruhl 2019,8.15999984741211,7.1543155452081875,-1.005684302203922,1.005684302203922,0.06056801535149951,267.1524066737822
Tokachi2003,0904,legacy,ruhl,Ruhl 2019,8.15999984741211,7.2863850711132265,-0.8736147762988828,0.8736147762988828,0.06380681507493946,307.24733552804776
Tokachi2003,0905,legacy,ruhl,Ruhl 2019,8.15999984741211,7.147707479136921,-1.0122923682751885,1.0122923682751885,0.05717736906876814,279.7109259888942
Tokachi2003,0908,legacy,ruhl,Ruhl 2019,8.15999984741211,7.309019349117505,-0.8509804982946045,0.8509804982946045,0.05553164404409118,361.62320983584135
Tokachi2003,0909,legacy,ruhl,Ruhl 2019,8.15999984741211,7.347492032515945,-0.812507814896164,0.812507814896164,0.06221483815568674,342.74637865358545
Tokachi2003,0913,legacy,ruhl,Ruhl 2019,8.15999984741211,7.433734490827704,-0.7262653565844053,0.7262653565844053,0.057742387620492816,413.38222128791733
Tokachi2003,0916,legacy,ruhl,Ruhl 2019,8.15999984741211,7.289812765190214,-0.8701870822218956,0.8701870822218956,0.045898374053285444,421.64028397128794
Tokachi2003,0921,legacy,ruhl,Ruhl 2019,8.15999984741211,7.566047707937586,-0.5939521394745233,0.5939521394745233,0.0801487666050798,365.1631614654314
Tokachi2003,0922,legacy,ruhl,Ruhl 2019,8.15999984741211,7.381769538436243,-0.778230308975866,0.778230308975866,0.06476712402043726,346.0997796614606
Tokachi2003,0923,legacy,ruhl,Ruhl 2019,8.15999984741211,7.643358486504776,-0.5166413609073333,0.5166413609073333,0.08591489882161714,379.9523628659286
Tokachi2003,0925,legacy,ruhl,Ruhl 2019,8.15999984741211,7.5402959831253416,-0.6197038642867678,0.6197038642867678,0.0673969763310994,413.3374143342115
Tokachi2003,0926,legacy,ruhl,Ruhl 2019,8.15999984741211,7.354159082591062,-0.8058407648210473,0.8058407648210473,0.05629634009838602,379.9230432559877
Tokachi2003,0928,legacy,ruhl,Ruhl 2019,8.15999984741211,7.335357722027155,-0.8246421253849547,0.8246421253849547,0.051604769312369174,401.7923172545577
Tokachi2003,0929,legacy,ruhl,Ruhl 2019,8.15999984741211,7.390238507031817,-0.7697613403802928,0.7697613403802928,0.052654986952678194,424.79008953145416
Tokachi2003,0934,legacy,ruhl,Ruhl 2019,8.15999984741211,7.172924515260953,-0.9870753321511563,0.9870753321511563,0.03218439561617212,504.12006452604635
Tokachi2003,0936,legacy,ruhl,Ruhl 2019,8.15999984741211,7.53969101966925,-0.6203088277428597,0.6203088277428597,0.05104465609233843,532.5391091631798
Tokachi2003,0939,legacy,ruhl,Ruhl 2019,8.15999984741211,7.606951936736047,-0.553047910676062,0.553047910676062,0.04951139975191268,596.7350013487669
Tokachi2003,0941,legacy,ruhl,Ruhl 2019,8.15999984741211,7.543283794219741,-0.6167160531923681,0.6167160531923681,0.043708382709179865,616.5601535592307
Tokachi2003,0949,legacy,ruhl,Ruhl 2019,8.15999984741211,7.474456661769542,-0.6855431856425671,0.6855431856425671,0.0364494433443976,667.3670950768551
Tokachi2003,0952,legacy,ruhl,Ruhl 2019,8.15999984741211,7.625356292520528,-0.5346435548915816,0.5346435548915816,0.043066803866873664,692.8692817833567
Tokachi2003,2005,legacy,ruhl,Ruhl 2019,8.15999984741211,8.202162848011191,0.04216300059908207,0.04216300059908207,0.31044991527190474,256.41577294645543
Tokachi2003,3006,legacy,ruhl,Ruhl 2019,8.15999984741211,7.303627924287701,-0.8563719231244082,0.8563719231244082,0.027105741781579543,706.5234694125365
ak014cbigci8,AC36,new,ruhl,Ruhl 2019,6.199999809265137,6.612646562091519,0.4126467528263822,0.4126467528263822,0.04173376897241248,167.58542116085886
ak014cbigci8,AC51,new,ruhl,Ruhl 2019,6.199999809265137,6.514590806774646,0.3145909975095096,0.3145909975095096,0.049115149869733386,119.70185529645819
ak014cbigci8,AC75,new,ruhl,Ruhl 2019,6.199999809265137,6.925366027666373,0.7253662184012359,0.7253662184012359,0.05842159840412104,196.12929840001334
ak014cbigci8,AC80,new,ruhl,Ruhl 2019,6.199999809265137,6.482975414448501,0.2829756051833643,0.2829756051833643,0.04659922172990806,119.8377973604971
us7000i9bw,PENA,new,ruhl,Ruhl 2019,7.599999904632568,7.296282283482321,-0.3037176211502475,0.3037176211502475,0.12794171740900068,161.42141986981363
us7000i9bw,TECO,new,ruhl,Ruhl 2019,7.599999904632568,7.426997861996704,-0.17300204263586405,0.17300204263586405,0.22636196421181448,115.20712642347236
us7000i9bw,TNAM,new,ruhl,Ruhl 2019,7.599999904632568,7.645038168551352,0.04503826391878363,0.04503826391878363,0.1335089518173062,255.85412389555668
us7000i9bw,TNCC,new,ruhl,Ruhl 2019,7.599999904632568,7.092637640415369,-0.5073622642171998,0.5073622642171998,0.3004309922991665,51.413424917573025
us7000i9bw,TNCM,new,ruhl,Ruhl 2019,7.599999904632568,7.418715056742888,-0.18128484788968002,0.18128484788968002,0.09712417885191328,249.81772284373878
us7000i9bw,TNCT,new,ruhl,Ruhl 2019,7.599999904632568,7.364360787140683,-0.23563911749188549,0.23563911749188549,0.07944504362465546,279.04694808974665
us7000i9bw,TNLC,new,ruhl,Ruhl 2019,7.599999904632568,7.465233414308026,-0.1347664903245427,0.1347664903245427,0.12844896365242517,206.0104606763712
us7000i9bw,TNMO,new,ruhl,Ruhl 2019,7.599999904632568,6.706001725881986,-0.8939981787505822,0.8939981787505822,0.036075885741650965,226.5753583102458
us7000i9bw,TNMT,new,ruhl,Ruhl 2019,7.599999904632568,7.410002885550164,-0.18999701908240407,0.18999701908240407,0.1293385732447348,189.0079014324077
us7000i9bw,TNTM,new,ruhl,Ruhl 2019,7.599999904632568,7.417823969788626,-0.18217593484394268,0.18217593484394268,0.11487382716319283,213.453887416357
us7000i9bw,UCOE,new,ruhl,Ruhl 2019,7.599999904632568,6.567003276016808,-1.0329966286157601,1.0329966286157601,0.032392808223133014,202.71758144576404
