event,station,mw_catalog,mw_pred,prediction_seed_mean,prediction_seed_std,error_vs_catalog
2013p543824,BTHL,6.5,6.704441070556641,6.662575721740723,0.07449135961935544,0.20444107055664062
2013p543824,CMBL,6.5,6.5825324058532715,6.494712511698405,0.15428942442044566,0.08253240585327148
2013p543824,KAPT,6.5,6.67484188079834,6.6195387840271,0.09775149932559561,0.17484188079833984
2013p543824,OKOH,6.5,7.089946746826172,7.104288736979167,0.08720645986303725,0.5899467468261719
2013p543824,TORY,6.5,6.608081817626953,6.5408034324646,0.1352507429893335,0.10808181762695312
2013p543824,TRWH,6.5,6.59753942489624,6.610559463500977,0.029667201303176793,0.09753942489624023
2013p543824,WGTT,6.5,6.680899620056152,6.668331305185954,0.03339061333432233,0.18089962005615234
2013p543824,WITH,6.5,6.663285732269287,6.632999579111735,0.15067028700729682,0.1632857322692871
2013p613797,AVLN,6.5,6.7371344566345215,6.728331883748372,0.14373651636506404,0.23713445663452148
2013p613797,BTHL,6.5,6.4880499839782715,6.528118292490642,0.22487677616098983,-0.011950016021728516
2013p613797,CMBL,6.5,6.412712097167969,6.395446141560872,0.10309588190260895,-0.08728790283203125
2013p613797,KORO,6.5,6.6966094970703125,6.732427914937337,0.25103098926033446,0.1966094970703125
2013p613797,OKOH,6.5,6.684346675872803,6.746815363566081,0.2915603152843359,0.18434667587280273
2013p613797,PAEK,6.5,6.8942413330078125,6.887616952260335,0.16726571234845344,0.3942413330078125
2013p613797,TORY,6.5,6.660368919372559,6.581862767537435,0.11655128613089945,0.1603689193725586
2013p613797,TRWH,6.5,6.860926628112793,6.814669926961263,0.10339011944681033,0.36092662811279297
2013p613797,WGTT,6.5,6.593967437744141,6.572805722554524,0.06316701813432253,0.09396743774414062
2013p613797,WITH,6.5,6.2403998374938965,6.256846268971761,0.12452861676576155,-0.2596001625061035
2016p661332,ANAU,7.099999904632568,7.8323493003845215,7.843401273091634,0.02115855547388667,0.7323493957519531
2016p661332,GISB,7.099999904632568,7.7154059410095215,7.752820173899333,0.05632158653846094,0.6154060363769531
2016p661332,HIKB,7.099999904632568,7.271553039550781,7.277321497599284,0.08034262429780258,0.1715531349182129
2016p661332,PAKI,7.099999904632568,7.621645927429199,7.61943244934082,0.061854524079986824,0.5216460227966309
2016p661332,PUKE,7.099999904632568,7.760073661804199,7.726824760437012,0.06379973356954344,0.6600737571716309
2016p661332,TAUW,7.099999904632568,7.753127098083496,7.758014837900798,0.013597743008018739,0.6531271934509277
2016p661332,WMAT,7.099999904632568,7.400935173034668,7.467336972554524,0.11691602224546307,0.3009352684020996
2021p169083,AHTI,7.199999809265137,7.627355098724365,7.609863917032878,0.0332633114453061,0.4273552894592285
2021p169083,ANAU,7.199999809265137,7.352535247802734,7.269853909810384,0.15653572366072513,0.15253543853759766
2021p169083,CNST,7.199999809265137,7.80341100692749,7.786696275075276,0.07551457528851675,0.6034111976623535
2021p169083,GISB,7.199999809265137,7.412810325622559,7.475160598754883,0.14516731326482774,0.21281051635742188
2021p169083,HIKB,7.199999809265137,7.233730316162109,7.284402847290039,0.2188031304995826,0.033730506896972656
2021p169083,PUKE,7.199999809265137,7.087676048278809,7.161376317342122,0.2794162583213405,-0.11232376098632812
2021p169083,RGWI,7.199999809265137,7.570098876953125,7.449479420979817,0.3557582650748312,0.3700990676879883
2021p169083,TAUW,7.199999809265137,6.996868133544922,7.073283354441325,0.18966907044649434,-0.20313167572021484
2021p169083,TKAR,7.199999809265137,7.228359222412109,7.190558751424153,0.15083778868985573,0.028359413146972656
2021p169083,WMAT,7.199999809265137,7.375316619873047,7.41273848215739,0.15743176487322066,0.17531681060791016
Aegean2014,ALEX,6.900000095367432,6.447089195251465,6.457490921020508,0.06511463378077437,-0.4529109001159668
Aegean2014,CANA,6.900000095367432,7.215106964111328,7.308259010314941,0.1423124767343292,0.3151068687438965
Aegean2014,IPSA,6.900000095367432,7.069270133972168,6.977499485015869,0.13937219414353108,0.16927003860473633
Aegean2014,LEMN,6.900000095367432,6.782783508300781,6.825342496236165,0.18149931663985144,-0.11721658706665039
Anchorage2018,AC11,7.099999904632568,6.828927516937256,6.813724676767985,0.054141718696695144,-0.2710723876953125
Anchorage2018,AC14,7.099999904632568,7.221865653991699,7.198469161987305,0.034691955964486286,0.12186574935913086
Anchorage2018,AC15,7.099999904632568,7.138876914978027,7.206954797108968,0.13803064661470563,0.038877010345458984
Anchorage2018,AC32,7.099999904632568,7.309178829193115,7.25845734278361,0.10611380897581911,0.20917892456054688
Anchorage2018,AC36,7.099999904632568,7.269290924072266,7.284429550170898,0.12865908063121284,0.16929101943969727
Anchorage2018,AC48,7.099999904632568,7.6416754722595215,7.583209832509358,0.20017032658492334,0.5416755676269531
Anchorage2018,AC53,7.099999904632568,7.095071315765381,7.0128655433654785,0.11822938976088987,-0.0049285888671875
Anchorage2018,ATW2,7.099999904632568,6.508762359619141,6.41074260075887,0.16001917951956965,-0.5912375450134277
Chignic2021,AB07,8.199999809265137,7.830543518066406,7.7511665026346845,0.1191988701248971,-0.36945629119873047
Chignic2021,AB08,8.199999809265137,7.456923484802246,7.4137851397196455,0.06419139585771796,-0.7430763244628906
Chignic2021,AB13,8.199999809265137,8.038256645202637,8.029163360595703,0.07606001091934833,-0.1617431640625
Chignic2021,AB14,8.199999809265137,7.79001522064209,7.781434535980225,0.04094705031882753,-0.4099845886230469
Chignic2021,AB15,8.199999809265137,7.262336730957031,7.234696388244629,0.12173642034360405,-0.9376630783081055
Chignic2021,AC02,8.199999809265137,7.754322052001953,7.741187413533528,0.13289070974011552,-0.4456777572631836
Chignic2021,AC03,8.199999809265137,8.767492294311523,8.778900464375814,0.07187274308016632,0.5674924850463867
Chignic2021,AC08,8.199999809265137,7.703234672546387,7.690252304077148,0.022245085432308676,-0.49676513671875
Chignic2021,AC12,8.199999809265137,7.212211608886719,7.229394435882568,0.03839863542951009,-0.987788200378418
Chignic2021,AC13,8.199999809265137,7.8445281982421875,7.859701951344808,0.03057703335630296,-0.3554716110229492
Chignic2021,AC17,8.199999809265137,7.462113857269287,7.79258394241333,0.4812248706387134,-0.7378859519958496
Chignic2021,AC18,8.199999809265137,7.819853782653809,7.7975131670633955,0.06591438155695169,-0.3801460266113281
Chignic2021,AC20,8.199999809265137,7.27405309677124,7.33212677637736,0.13794928893321218,-0.9259467124938965
Chignic2021,AC21,8.199999809265137,7.949221611022949,7.97710116704305,0.08822737108184757,-0.2507781982421875
Chignic2021,AC23,8.199999809265137,8.09701919555664,8.102248509724935,0.3264635280844804,-0.1029806137084961
Chignic2021,AC24,8.199999809265137,7.723692893981934,7.713295936584473,0.029008818965452307,-0.4763069152832031
Chignic2021,AC25,8.199999809265137,7.618396759033203,7.665518601735433,0.12414749899309331,-0.5816030502319336
Chignic2021,AC26,8.199999809265137,7.828919887542725,7.853896458943685,0.03936794192266182,-0.3710799217224121
Chignic2021,AC27,8.199999809265137,7.609338283538818,7.613125006357829,0.021585257365137323,-0.5906615257263184
Chignic2021,AC28,8.199999809265137,7.218467712402344,7.293832778930664,0.11302785449265196,-0.981532096862793
Chignic2021,AC34,8.199999809265137,7.464290618896484,7.536693572998047,0.11449772001553621,-0.7357091903686523
Chignic2021,AC35,8.199999809265137,8.20431137084961,8.07546297709147,0.42346908458985,0.004311561584472656
Chignic2021,AC36,8.199999809265137,7.744115352630615,7.707144260406494,0.0697630343505737,-0.4558844566345215
Chignic2021,AC37,8.199999809265137,8.122169494628906,8.042667706807455,0.13147735089880092,-0.07783031463623047
Chignic2021,AC38,8.199999809265137,7.796497344970703,7.833110491434733,0.07778826033057246,-0.4035024642944336
Chignic2021,AC39,8.199999809265137,7.836526393890381,7.853227138519287,0.0789589004368561,-0.36347341537475586
Chignic2021,AC40,8.199999809265137,8.177528381347656,8.187910397847494,0.0657653376210236,-0.02247142791748047
Chignic2021,AC41,8.199999809265137,7.919515132904053,7.985739549001058,0.11729069992825823,-0.280484676361084
Chignic2021,AC45,8.199999809265137,7.927731990814209,7.955911159515381,0.052257157527768085,-0.27226781845092773
Chignic2021,AC47,8.199999809265137,7.767265319824219,7.866774400075276,0.18915595208628297,-0.43273448944091797
Chignic2021,AC67,8.199999809265137,7.823815822601318,7.75335168838501,0.12395429189645345,-0.37618398666381836
Chignic2021,AV01,8.199999809265137,7.630546569824219,7.635457833607991,0.047300181408419587,-0.569453239440918
Chignic2021,AV02,8.199999809265137,7.715362548828125,7.6885271072387695,0.11423629741902468,-0.4846372604370117
Chignic2021,AV04,8.199999809265137,7.615187644958496,7.589554786682129,0.0427497029905769,-0.5848121643066406
Chignic2021,AV11,8.199999809265137,7.520347595214844,7.507063229878743,0.04626978132156834,-0.679652214050293
Chignic2021,AV16,8.199999809265137,7.57037353515625,7.5970150629679365,0.06073809536521022,-0.6296262741088867
Chignic2021,AV17,8.199999809265137,7.541435241699219,7.529262224833171,0.021678716502081665,-0.658564567565918
Chignic2021,AV18,8.199999809265137,7.660881042480469,7.6520759264628095,0.08920824141894254,-0.539118766784668
Chignic2021,AV19,8.199999809265137,7.554537773132324,7.551156520843506,0.02420483469298167,-0.6454620361328125
Chignic2021,AV20,8.199999809265137,7.5719428062438965,7.591447353363037,0.050057794864796175,-0.6280570030212402
Chignic2021,SELD,8.199999809265137,8.355606079101562,8.379486083984375,0.22851082985366034,0.15560626983642578
Ecuador2016,ALTB,7.800000190734863,7.7002272605896,7.758503119150798,0.1492561661300729,-0.09977293014526367
Ecuador2016,ARSH,7.800000190734863,8.042816162109375,8.080583572387695,0.07734379359905443,0.24281597137451172
Ecuador2016,BAHI,7.800000190734863,7.870899200439453,7.847854773203532,0.037050429691758216,0.07089900970458984
Ecuador2016,CABP,7.800000190734863,8.167980194091797,8.135224342346191,0.12293892856643557,0.3679800033569336
Ecuador2016,CHLW,7.800000190734863,7.677257537841797,7.729022185007731,0.16455487708769387,-0.1227426528930664
Ecuador2016,ESMR,7.800000190734863,7.295742034912109,7.316908200581868,0.038047997315045885,-0.5042581558227539
Ecuador2016,HSPR,7.800000190734863,8.097338676452637,8.066816965738932,0.059593819819502354,0.29733848571777344
Ecuador2016,ISPT,7.800000190734863,7.994052886962891,8.008330980936686,0.039201295009157165,0.19405269622802734
Ecuador2016,LGCB,7.800000190734863,7.81585693359375,7.782821337381999,0.0670077490562543,0.01585674285888672
Ecuador2016,LUMB,7.800000190734863,8.092986106872559,8.03202756245931,0.09218707892183765,0.2929859161376953
Ecuador2016,MHLA,7.800000190734863,7.997645378112793,8.004727045694986,0.04345089823829424,0.1976451873779297
Ecuador2016,MLEC,7.800000190734863,8.010307312011719,8.040357907613119,0.0645303173842158,0.21030712127685547
Ecuador2016,MOMP,7.800000190734863,6.888331413269043,7.015975793202718,0.19494598670971677,-0.9116687774658203
Ecuador2016,MRO2,7.800000190734863,7.856954097747803,7.894227981567383,0.0793853624382132,0.05695390701293945
Ecuador2016,PDNS,7.800000190734863,7.35186767578125,7.344517230987549,0.04682995639293558,-0.4481325149536133
Ecuador2016,RIOP,7.800000190734863,7.915125846862793,7.8783003489176435,0.12656514341006106,0.11512565612792969
Ecuador2016,RVRD,7.800000190734863,6.800817012786865,6.864427089691162,0.09257240128157991,-0.999183177947998
Ecuador2016,SLGO,7.800000190734863,7.985808372497559,7.973963578542073,0.02004469554354119,0.1858081817626953
Ecuador2016,SNLR,7.800000190734863,7.361576080322266,7.398540178934733,0.17551641862956985,-0.43842411041259766
Ecuador2016,TEN1,7.800000190734863,7.763352870941162,7.781927426656087,0.05314428545142874,-0.03664731979370117
ElMayor2010,BILL,7.199999809265137,7.17950439453125,7.224661668141683,0.08576812367533276,-0.02049541473388672
ElMayor2010,BOMG,7.199999809265137,7.502503871917725,7.490424474080403,0.017435703783044033,0.3025040626525879
ElMayor2010,CACT,7.199999809265137,7.183773040771484,7.245284716288249,0.12817034634413133,-0.016226768493652344
ElMayor2010,CIT1,7.199999809265137,7.081931114196777,6.957133134206136,0.19063773248632573,-0.11806869506835938
ElMayor2010,CNPP,7.199999809265137,7.051544189453125,7.130296230316162,0.15505252504831965,-0.14845561981201172
ElMayor2010,COTD,7.199999809265137,7.093536376953125,7.149205207824707,0.11994576352532738,-0.10646343231201172
ElMayor2010,CRRS,7.199999809265137,7.529576778411865,7.461074511210124,0.09979228467271752,0.3295769691467285
ElMayor2010,CSDH,7.199999809265137,7.310727596282959,7.38393497467041,0.17902468517899578,0.11072778701782227
ElMayor2010,CSN1,7.199999809265137,7.527979850769043,7.517388025919597,0.0624914978840118,0.32798004150390625
ElMayor2010,DESC,7.199999809265137,6.831475734710693,6.855974197387695,0.03641617978988168,-0.36852407455444336
ElMayor2010,DHLG,7.199999809265137,7.543505668640137,7.512571652730306,0.05070600940193335,0.343505859375
ElMayor2010,ESRW,7.199999809265137,7.099593162536621,7.125012397766113,0.0875469146912473,-0.10040664672851562
ElMayor2010,EWPP,7.199999809265137,7.250899314880371,7.34947141011556,0.16155072232726114,0.050899505615234375
ElMayor2010,FVPK,7.199999809265137,7.271965026855469,7.410301685333252,0.22451332408418423,0.07196521759033203
ElMayor2010,FXHS,7.199999809265137,7.242267608642578,7.306222438812256,0.26982864668577017,0.042267799377441406
ElMayor2010,GLRS,7.199999809265137,7.534959316253662,7.509769121805827,0.11174110891270309,0.3349595069885254
ElMayor2010,GMPK,7.199999809265137,6.702573299407959,6.70197868347168,0.13651369205431518,-0.49742650985717773
ElMayor2010,GVRS,7.199999809265137,7.228885650634766,7.281741778055827,0.1341741557629911,0.028885841369628906
ElMayor2010,HBCO,7.199999809265137,7.4995880126953125,7.494555632273356,0.10006402528229225,0.2995882034301758
ElMayor2010,HNPS,7.199999809265137,6.895282745361328,6.868982632954915,0.05704827977646256,-0.3047170639038086
ElMayor2010,IID2,7.199999809265137,6.600846767425537,6.51776138941447,0.15155984518538904,-0.5991530418395996
ElMayor2010,KYVW,7.199999809265137,7.009281158447266,7.054422696431478,0.0992003161197972,-0.1907186508178711
ElMayor2010,MAT2,7.199999809265137,7.107685089111328,6.987986882527669,0.18096783463556207,-0.0923147201538086
ElMayor2010,MJPK,7.199999809265137,7.427266597747803,7.4012125333150225,0.11373509687421825,0.22726678848266602
ElMayor2010,MLFP,7.199999809265137,7.280280113220215,7.344498793284099,0.16668248635323876,0.08028030395507812
ElMayor2010,MONP,7.199999809265137,6.78339147567749,6.879033088684082,0.14533403425959912,-0.4166083335876465
ElMayor2010,MSCG,7.199999809265137,7.093836784362793,7.004184405008952,0.2012828992101692,-0.10616302490234375
ElMayor2010,MVFD,7.199999809265137,7.163712978363037,7.2252068519592285,0.1429124323733673,-0.03628683090209961
ElMayor2010,NSSS,7.199999809265137,6.877948760986328,6.902381896972656,0.05252563120305987,-0.3220510482788086
ElMayor2010,P003,7.199999809265137,6.637516021728516,6.601696014404297,0.06687701846168541,-0.5624837875366211
ElMayor2010,P066,7.199999809265137,7.1553144454956055,7.133551120758057,0.04870257881316153,-0.04468536376953125
ElMayor2010,P472,7.199999809265137,6.95166540145874,6.977540969848633,0.06830241944744507,-0.24833440780639648
ElMayor2010,P473,7.199999809265137,6.9267072677612305,6.9498640696207685,0.10224796240401612,-0.27329254150390625
ElMayor2010,P475,7.199999809265137,6.955722808837891,6.975874741872151,0.08083158056901871,-0.2442770004272461
ElMayor2010,P478,7.199999809265137,7.012058258056641,7.084378242492676,0.12928197257696497,-0.1879415512084961
ElMayor2010,P480,7.199999809265137,6.787670135498047,6.807024796803792,0.08146131444363688,-0.41232967376708984
ElMayor2010,P481,7.199999809265137,6.634486198425293,6.556797981262207,0.1313149101969495,-0.5655136108398438
ElMayor2010,P482,7.199999809265137,7.035996913909912,7.222915808359782,0.2686652043972122,-0.1640028953552246
ElMayor2010,P483,7.199999809265137,6.89227294921875,6.9405412673950195,0.09524904731994792,-0.3077268600463867
ElMayor2010,P484,7.199999809265137,7.427996635437012,7.474483807881673,0.09818909089478127,0.227996826171875
ElMayor2010,P485,7.199999809265137,7.374538421630859,7.311668078104655,0.09914753579002736,0.17453861236572266
ElMayor2010,P486,7.199999809265137,7.265223503112793,7.285086154937744,0.08376460576407703,0.06522369384765625
ElMayor2010,P487,7.199999809265137,7.222772121429443,7.2517828941345215,0.05330526649281582,0.02277231216430664
ElMayor2010,P491,7.199999809265137,7.192671775817871,7.185800234476726,0.17060767741058916,-0.007328033447265625
ElMayor2010,P492,7.199999809265137,7.2967848777771,7.188617547353108,0.18820034161208585,0.09678506851196289
ElMayor2010,P493,7.199999809265137,7.3962225914001465,7.405817826588948,0.1080114681867142,0.19622278213500977
ElMayor2010,P494,7.199999809265137,7.722493648529053,7.688564777374268,0.10436493330424124,0.522493839263916
ElMayor2010,P495,7.199999809265137,7.541804313659668,7.4600874582926435,0.11730446411234448,0.34180450439453125
ElMayor2010,P496,7.199999809265137,7.681575775146484,7.646170775095622,0.09014738299538659,0.48157596588134766
ElMayor2010,P497,7.199999809265137,7.525299072265625,7.5106574694315595,0.06520561631042349,0.3252992630004883
ElMayor2010,P498,7.199999809265137,7.478912353515625,7.447708606719971,0.10550941515803187,0.2789125442504883
ElMayor2010,P499,7.199999809265137,7.4376325607299805,7.406511306762695,0.10563069644142699,0.23763275146484375
ElMayor2010,P500,7.199999809265137,7.2298078536987305,7.2599592208862305,0.045683841019671094,0.02980804443359375
ElMayor2010,P501,7.199999809265137,7.4004974365234375,7.40479834874471,0.07873206049365551,0.20049762725830078
ElMayor2010,P502,7.199999809265137,7.334020137786865,7.259702205657959,0.14937180268681058,0.13402032852172852
ElMayor2010,P503,7.199999809265137,7.489653587341309,7.486489295959473,0.07026093265732933,0.2896537780761719
ElMayor2010,P504,7.199999809265137,7.3318328857421875,7.349945704142253,0.03674501027768986,0.13183307647705078
ElMayor2010,P505,7.199999809265137,7.531108856201172,7.508288542429606,0.08179414579385749,0.33110904693603516
ElMayor2010,P506,7.199999809265137,7.498255729675293,7.439747492472331,0.11535909251765118,0.29825592041015625
ElMayor2010,P507,7.199999809265137,7.518816947937012,7.480034510294597,0.08442054772940072,0.318817138671875
ElMayor2010,P508,7.199999809265137,7.4386725425720215,7.457523028055827,0.09048669861216557,0.23867273330688477
ElMayor2010,P509,7.199999809265137,7.210343837738037,7.256946722666423,0.12228578515506662,0.01034402847290039
ElMayor2010,P510,7.199999809265137,7.323004722595215,7.289902369181315,0.13874025787161418,0.12300491333007812
ElMayor2010,P741,7.199999809265137,6.786679744720459,6.818790117899577,0.061617193431836435,-0.41332006454467773
ElMayor2010,P742,7.199999809265137,7.181212425231934,7.2030636469523115,0.14852924737566908,-0.018787384033203125
ElMayor2010,P744,7.199999809265137,7.506472587585449,7.421199957529704,0.12109914886572633,0.3064727783203125
ElMayor2010,PIN1,7.199999809265137,7.20688009262085,7.18389908472697,0.07134182039724583,0.006880283355712891
ElMayor2010,PIN2,7.199999809265137,7.053096771240234,7.1183803876241045,0.1319883185671308,-0.14690303802490234
ElMayor2010,PMOB,7.199999809265137,7.459096431732178,7.444723129272461,0.09637380793200925,0.259096622467041
ElMayor2010,PSAP,7.199999809265137,7.052424430847168,7.03262186050415,0.1218492409256459,-0.14757537841796875
ElMayor2010,PSDM,7.199999809265137,7.021661281585693,6.991267045338948,0.09591114875618748,-0.17833852767944336
ElMayor2010,RAAP,7.199999809265137,6.9694342613220215,7.041784286499023,0.17382339178462594,-0.23056554794311523
ElMayor2010,SACY,7.199999809265137,7.209995269775391,7.303694883982341,0.2140069744890383,0.009995460510253906
ElMayor2010,SIO5,7.199999809265137,6.889972686767578,6.91214640935262,0.09280714787860751,-0.3100271224975586
ElMayor2010,SLMS,7.199999809265137,7.235385894775391,7.249333381652832,0.043700897541541446,0.035386085510253906
ElMayor2010,SNOG,7.199999809265137,6.910455226898193,6.900188604990642,0.0434612955604522,-0.28954458236694336
ElMayor2010,TABL,7.199999809265137,7.075896263122559,7.155572096506755,0.14628194140924616,-0.12410354614257812
ElMayor2010,THMG,7.199999809265137,7.3484649658203125,7.356733640034993,0.0771682210189195,0.14846515655517578
ElMayor2010,TRAK,7.199999809265137,7.147149562835693,7.189704259236653,0.15976114045689435,-0.05285024642944336
ElMayor2010,UCLP,7.199999809265137,6.967362880706787,7.074295202891032,0.2404501368615844,-0.2326369285583496
ElMayor2010,USGC,7.199999809265137,7.43936824798584,7.349693934122722,0.1507457238312747,0.23936843872070312
ElMayor2010,WIDC,7.199999809265137,7.027683258056641,6.995434284210205,0.09431153647228631,-0.1723165512084961
ElMayor2010,WMAP,7.199999809265137,7.394614219665527,7.406667709350586,0.08392737151706639,0.19461441040039062
ElMayor2010,WWMT,7.199999809265137,6.783424377441406,6.708737373352051,0.15465724971321504,-0.41657543182373047
Eureka2014,P156,6.800000190734863,6.705059051513672,6.800091743469238,0.16121548975495267,-0.0949411392211914
Eureka2014,P158,6.800000190734863,6.826145172119141,6.786278247833252,0.0683053618347576,0.026144981384277344
Eureka2014,P159,6.800000190734863,6.803709983825684,6.807384808858235,0.05951302095467959,0.0037097930908203125
Eureka2014,P160,6.800000190734863,6.797350883483887,6.789400100708008,0.051311927491524585,-0.0026493072509765625
Eureka2014,P161,6.800000190734863,6.731555938720703,6.715510527292888,0.09203612559566543,-0.06844425201416016
Eureka2014,P162,6.800000190734863,6.585638999938965,6.597159703572591,0.11026886585052875,-0.21436119079589844
Eureka2014,P166,6.800000190734863,6.700934410095215,6.745648384094238,0.1240106459607806,-0.09906578063964844
Eureka2014,P312,6.800000190734863,6.6791486740112305,6.663087368011475,0.08198661741814708,-0.12085151672363281
Eureka2014,P315,6.800000190734863,6.678798675537109,6.666591326395671,0.034286675335339,-0.1212015151977539
Eureka2014,P316,6.800000190734863,7.141047477722168,7.120633602142334,0.1268587634899121,0.3410472869873047
Eureka2014,P321,6.800000190734863,7.3088483810424805,7.312042395273845,0.1674399910224013,0.5088481903076172
Eureka2014,P329,6.800000190734863,6.661174774169922,6.632490952809651,0.05642028679311898,-0.1388254165649414
Eureka2014,P330,6.800000190734863,6.3530426025390625,6.395182768503825,0.0730775378033118,-0.4469575881958008
Eureka2014,P331,6.800000190734863,6.480129241943359,6.593833923339844,0.18046368645955954,-0.3198709487915039
Eureka2014,P733,6.800000190734863,6.7441205978393555,6.742656071980794,0.010788867603611559,-0.05587959289550781
Ibaraki2011,0018,7.900000095367432,8.292587280273438,8.268266359965006,0.06978115979742913,0.39258718490600586
Ibaraki2011,0024,7.900000095367432,7.752791404724121,7.7186916669209795,0.11683910250082483,-0.14720869064331055
Ibaraki2011,0029,7.900000095367432,7.599490165710449,7.554477055867513,0.1430932695978595,-0.3005099296569824
Ibaraki2011,0030,7.900000095367432,7.95148229598999,8.012516180674234,0.1887052674635709,0.051482200622558594
Ibaraki2011,0032,7.900000095367432,7.892423152923584,7.840803146362305,0.11331043289697462,-0.007576942443847656
Ibaraki2011,0033,7.900000095367432,7.869976043701172,7.79463259379069,0.1180947884529192,-0.030024051666259766
Ibaraki2011,0035,7.900000095367432,7.634164333343506,7.627984841664632,0.02888013686043351,-0.2658357620239258
Ibaraki2011,0037,7.900000095367432,7.509185791015625,7.525807857513428,0.06997112294034379,-0.39081430435180664
Ibaraki2011,0040,7.900000095367432,7.672232627868652,7.653359095255534,0.028097299088685697,-0.2277674674987793
Ibaraki2011,0041,7.900000095367432,7.929404258728027,7.918691953023274,0.029171391855261488,0.029404163360595703
Ibaraki2011,0042,7.900000095367432,7.5066328048706055,7.503981908162435,0.02168463933768443,-0.39336729049682617
Ibaraki2011,0043,7.900000095367432,7.884459495544434,7.899847507476807,0.0661173946247752,-0.015540599822998047
Ibaraki2011,0044,7.900000095367432,7.737571716308594,7.741511980692546,0.05471078125938617,-0.1624283790588379
Ibaraki2011,0045,7.900000095367432,7.687638759613037,7.730876286824544,0.07400419303496202,-0.21236133575439453
Ibaraki2011,0046,7.900000095367432,7.9957685470581055,7.987212498982747,0.012493242946013092,0.09576845169067383
Ibaraki2011,0047,7.900000095367432,7.968554496765137,7.97837766011556,0.014627421598767829,0.06855440139770508
Ibaraki2011,0048,7.900000095367432,7.892701625823975,7.89248005549113,0.025800987737156646,-0.007298469543457031
Ibaraki2011,0049,7.900000095367432,7.748531341552734,7.76845645904541,0.06391540218731562,-0.15146875381469727
Ibaraki2011,0050,7.900000095367432,7.8951849937438965,7.921894550323486,0.04556724393436565,-0.004815101623535156
Ibaraki2011,0051,7.900000095367432,7.972291469573975,7.9650851885477705,0.03071287810394864,0.07229137420654297
Ibaraki2011,0054,7.900000095367432,8.020254135131836,8.046326955159506,0.09752497420632791,0.1202540397644043
Ibaraki2011,0055,7.900000095367432,8.060091972351074,8.052279472351074,0.04201436196593751,0.16009187698364258
Ibaraki2011,0056,7.900000095367432,7.9972968101501465,8.053692976633707,0.0933104002438826,0.09729671478271484
Ibaraki2011,0058,7.900000095367432,7.835989952087402,7.841479619344075,0.07359154828045363,-0.0640101432800293
Ibaraki2011,0059,7.900000095367432,7.906713008880615,7.9086174964904785,0.018735028603481543,0.006712913513183594
Ibaraki2011,0060,7.900000095367432,8.154975891113281,8.115431785583496,0.0959182474658831,0.2549757957458496
Ibaraki2011,0061,7.900000095367432,7.939272880554199,7.937268892923991,0.02991588903907588,0.03927278518676758
Ibaraki2011,0064,7.900000095367432,8.127410888671875,8.145323117574057,0.060180121413631306,0.22741079330444336
Ibaraki2011,0065,7.900000095367432,8.011065483093262,8.048015276590982,0.09015215610522673,0.11106538772583008
Ibaraki2011,0066,7.900000095367432,7.902857780456543,7.7763902346293134,0.31804034846806295,0.002857685089111328
Ibaraki2011,0067,7.900000095367432,7.9689483642578125,7.8496575355529785,0.23049323643425293,0.06894826889038086
Ibaraki2011,0070,7.900000095367432,7.965582847595215,8.001525402069092,0.05367219252463348,0.0655827522277832
Ibaraki2011,0174,7.900000095367432,7.787258148193359,7.676807880401611,0.22352242469198452,-0.11274194717407227
Ibaraki2011,0176,7.900000095367432,7.559255123138428,7.59240706761678,0.11199479258827529,-0.3407449722290039
Ibaraki2011,0177,7.900000095367432,7.599084377288818,7.63059123357137,0.05939206507734428,-0.3009157180786133
Ibaraki2011,0179,7.900000095367432,7.274284362792969,7.274853706359863,0.04258123557006604,-0.6257157325744629
Ibaraki2011,0180,7.900000095367432,7.512545585632324,7.505383491516113,0.023919558230236455,-0.3874545097351074
Ibaraki2011,0182,7.900000095367432,7.333843231201172,7.365678310394287,0.13648076640180545,-0.5661568641662598
Ibaraki2011,0185,7.900000095367432,7.900012969970703,7.928742408752441,0.10146934577029444,1.2874603271484375e-05
Ibaraki2011,0187,7.900000095367432,7.572901725769043,7.576321601867676,0.030354108799616714,-0.32709836959838867
Ibaraki2011,0189,7.900000095367432,8.009428977966309,7.982431411743164,0.10328755017909398,0.10942888259887695
Ibaraki2011,0191,7.900000095367432,7.730809688568115,7.702694892883301,0.06943106940212772,-0.1691904067993164
Ibaraki2011,0192,7.900000095367432,7.874429225921631,7.842154343922933,0.07468675774726984,-0.02557086944580078
Ibaraki2011,0194,7.900000095367432,7.810993194580078,7.843899726867676,0.05749938835232471,-0.08900690078735352
Ibaraki2011,0195,7.900000095367432,7.916867733001709,7.837684313456218,0.13272767719373293,0.016867637634277344
Ibaraki2011,0196,7.900000095367432,7.875197410583496,7.789530595143636,0.1833248037081886,-0.024802684783935547
Ibaraki2011,0197,7.900000095367432,7.763370513916016,7.771933237711589,0.04023892448845126,-0.13662958145141602
Ibaraki2011,0198,7.900000095367432,7.719496726989746,7.728378454844157,0.02305826081754261,-0.18050336837768555
Ibaraki2011,0204,7.900000095367432,7.781414031982422,7.7287139892578125,0.07704585654276547,-0.11858606338500977
Ibaraki2011,0205,7.900000095367432,7.864203453063965,7.886337598164876,0.0391504254737707,-0.0357966423034668
Ibaraki2011,0206,7.900000095367432,7.60309362411499,7.622214953104655,0.03100709929580982,-0.2969064712524414
Ibaraki2011,0207,7.900000095367432,7.813865661621094,7.790117263793945,0.03600096350076989,-0.08613443374633789
Ibaraki2011,0209,7.900000095367432,7.843772888183594,7.845463275909424,0.020034122237255106,-0.05622720718383789
Ibaraki2011,0210,7.900000095367432,7.857301235198975,7.8741380373636884,0.034985692695031094,-0.04269886016845703
Ibaraki2011,0212,7.900000095367432,7.910695552825928,7.9208723704020185,0.0419761010416456,0.010695457458496094
Ibaraki2011,0213,7.900000095367432,7.814788818359375,7.856477578481038,0.07364413331660392,-0.08521127700805664
Ibaraki2011,0214,7.900000095367432,7.866469383239746,7.866517543792725,0.01455906148967254,-0.03353071212768555
Ibaraki2011,0216,7.900000095367432,7.320399284362793,7.294565995534261,0.08731907541677125,-0.5796008110046387
Ibaraki2011,0218,7.900000095367432,7.923381805419922,7.910421371459961,0.020409706939989877,0.023381710052490234
Ibaraki2011,0219,7.900000095367432,7.866621971130371,7.9128828048706055,0.08766974442245747,-0.03337812423706055
Ibaraki2011,0220,7.900000095367432,7.793862819671631,7.791861057281494,0.04877941286345981,-0.10613727569580078
Ibaraki2011,0221,7.900000095367432,7.7327985763549805,7.708478927612305,0.057848269435546766,-0.16720151901245117
Ibaraki2011,0222,7.900000095367432,7.904636383056641,7.896158536275228,0.017333373072649278,0.004636287689208984
Ibaraki2011,0223,7.900000095367432,7.766501426696777,7.75430949529012,0.02155745758618185,-0.1334986686706543
Ibaraki2011,0224,7.900000095367432,7.967189788818359,7.968833287556966,0.03530620214846771,0.06718969345092773
Ibaraki2011,0226,7.900000095367432,8.069337844848633,8.046099980672201,0.07495608026895376,0.16933774948120117
Ibaraki2011,0227,7.900000095367432,8.046812057495117,8.038190205891928,0.02170408878858243,0.14681196212768555
Ibaraki2011,0228,7.900000095367432,7.817798614501953,7.868531227111816,0.07395397776230507,-0.08220148086547852
Ibaraki2011,0229,7.900000095367432,7.736231803894043,7.737135410308838,0.07100625927364976,-0.16376829147338867
Ibaraki2011,0230,7.900000095367432,7.873146057128906,7.849637349446614,0.06602167587949792,-0.02685403823852539
Ibaraki2011,0231,7.900000095367432,7.846156120300293,7.846835772196452,0.05748667721857892,-0.05384397506713867
Ibaraki2011,0232,7.900000095367432,7.81583309173584,7.8402072588602705,0.04146630264356795,-0.0841670036315918
Ibaraki2011,0233,7.900000095367432,7.930959224700928,7.917372067769368,0.02304261318223187,0.030959129333496094
Ibaraki2011,0234,7.900000095367432,7.786426544189453,7.7746866544087725,0.048572774139212065,-0.11357355117797852
Ibaraki2011,0235,7.900000095367432,7.93756103515625,7.909188747406006,0.05213701749305493,0.03756093978881836
Ibaraki2011,0236,7.900000095367432,7.704705715179443,7.72190793355306,0.05844425812856207,-0.19529438018798828
Ibaraki2011,0237,7.900000095367432,7.927532196044922,7.936315536499023,0.05114401686327276,0.027532100677490234
Ibaraki2011,0238,7.900000095367432,7.792745113372803,7.808646043141683,0.02872942666844508,-0.1072549819946289
Ibaraki2011,0239,7.900000095367432,7.786829948425293,7.797655900319417,0.02954060950997735,-0.11317014694213867
Ibaraki2011,0240,7.900000095367432,7.8650336265563965,7.868510087331136,0.044428603051625444,-0.034966468811035156
Ibaraki2011,0241,7.900000095367432,8.000999450683594,7.9880631764729815,0.04331027039131264,0.10099935531616211
Ibaraki2011,0242,7.900000095367432,7.7559051513671875,7.738141059875488,0.04733614949298956,-0.14409494400024414
Ibaraki2011,0246,7.900000095367432,7.778124809265137,7.760219732920329,0.032715491143292454,-0.12187528610229492
Ibaraki2011,0247,7.900000095367432,7.881525993347168,7.879949887593587,0.04078025852196855,-0.018474102020263672
Ibaraki2011,0248,7.900000095367432,8.00086498260498,8.003177642822266,0.0817282359194581,0.10086488723754883
Ibaraki2011,0249,7.900000095367432,7.9818243980407715,7.987699031829834,0.07742000703176743,0.08182430267333984
Ibaraki2011,0250,7.900000095367432,7.957850456237793,7.956093788146973,0.025928395672710665,0.05785036087036133
Ibaraki2011,0251,7.900000095367432,8.057594299316406,8.044759750366211,0.06621243507741946,0.1575942039489746
Ibaraki2011,0252,7.900000095367432,8.058660507202148,8.050519307454428,0.08542527014094907,0.1586604118347168
Ibaraki2011,0253,7.900000095367432,8.042440414428711,8.02889601389567,0.07363647733232023,0.1424403190612793
Ibaraki2011,0255,7.900000095367432,8.025562286376953,8.050728797912598,0.046261594942021436,0.12556219100952148
Ibaraki2011,0256,7.900000095367432,8.045615196228027,8.028387069702148,0.06274141542657656,0.1456151008605957
Ibaraki2011,0257,7.900000095367432,8.188827514648438,8.126200040181478,0.09997963362328194,0.28882741928100586
Ibaraki2011,0258,7.900000095367432,8.104726791381836,8.088300069173178,0.04868607059130546,0.2047266960144043
Ibaraki2011,0259,7.900000095367432,7.984025478363037,8.020496527353922,0.16144958874536325,0.08402538299560547
Ibaraki2011,0260,7.900000095367432,8.134318351745605,8.11137835184733,0.08444316316881043,0.23431825637817383
Ibaraki2011,0261,7.900000095367432,7.943153381347656,7.950595219930013,0.14262286261591592,0.04315328598022461
Ibaraki2011,0262,7.900000095367432,8.0618314743042,7.921713193257649,0.22844713463537555,0.16183137893676758
Ibaraki2011,0263,7.900000095367432,7.897963523864746,7.892618656158447,0.021969346849551444,-0.002036571502685547
Ibaraki2011,0264,7.900000095367432,7.788901329040527,7.794810930887858,0.02079577546908136,-0.1110987663269043
Ibaraki2011,0265,7.900000095367432,7.775893211364746,7.782181739807129,0.027627721104600086,-0.12410688400268555
Ibaraki2011,0266,7.900000095367432,8.030481338500977,8.049681345621744,0.04182077799777878,0.13048124313354492
Ibaraki2011,0267,7.900000095367432,7.885387420654297,7.880661964416504,0.011815121224621644,-0.014612674713134766
Ibaraki2011,0268,7.900000095367432,7.787829399108887,7.782662391662598,0.01334250112272546,-0.11217069625854492
Ibaraki2011,0269,7.900000095367432,7.698653221130371,7.651881217956543,0.0843546448787726,-0.20134687423706055
Ibaraki2011,0270,7.900000095367432,7.957765102386475,7.966574509938558,0.017124619530667094,0.05776500701904297
Ibaraki2011,0271,7.900000095367432,7.822539329528809,7.838868776957194,0.04217102126831407,-0.07746076583862305
Ibaraki2011,0272,7.900000095367432,7.801115989685059,7.768213589986165,0.0500461725969563,-0.09888410568237305
Ibaraki2011,0273,7.900000095367432,7.8482184410095215,7.869532426198323,0.08074886187526904,-0.051781654357910156
Ibaraki2011,0274,7.900000095367432,8.015883445739746,8.012960116068522,0.00658630076167945,0.11588335037231445
Ibaraki2011,0275,7.900000095367432,7.990467071533203,7.984390735626221,0.03613540635631814,0.09046697616577148
Ibaraki2011,0276,7.900000095367432,7.974430084228516,7.962621688842773,0.020938904260649652,0.07442998886108398
Ibaraki2011,0277,7.900000095367432,7.980035305023193,7.931408564249675,0.07549868304716527,0.08003520965576172
Ibaraki2011,0278,7.900000095367432,7.8728346824646,7.893095811208089,0.03019213168609086,-0.02716541290283203
Ibaraki2011,0279,7.900000095367432,8.015105247497559,8.018528620402018,0.06668930057426478,0.11510515213012695
Ibaraki2011,0280,7.900000095367432,8.072938919067383,8.080942471822103,0.1286268252232406,0.17293882369995117
Ibaraki2011,0281,7.900000095367432,8.001727104187012,7.971431414286296,0.04959244726364223,0.10172700881958008
Ibaraki2011,0282,7.900000095367432,8.110828399658203,8.041308244069418,0.10393280812455997,0.21082830429077148
Ibaraki2011,0283,7.900000095367432,8.043024063110352,8.045400460561117,0.12040859970791472,0.14302396774291992
Ibaraki2011,0284,7.900000095367432,7.926032066345215,7.921078364054362,0.015569233861146272,0.026031970977783203
Ibaraki2011,0285,7.900000095367432,8.157136917114258,8.08740234375,0.1121619103994374,0.25713682174682617
Ibaraki2011,0286,7.900000095367432,8.139060020446777,8.09208869934082,0.07262349434359885,0.2390599250793457
Ibaraki2011,0287,7.900000095367432,7.959102630615234,7.979771773020427,0.083013830536108,0.059102535247802734
Ibaraki2011,0288,7.900000095367432,8.103560447692871,8.082860946655273,0.05578140601500039,0.20356035232543945
Ibaraki2011,0289,7.900000095367432,7.984560966491699,8.006195704142252,0.10409827931334846,0.08456087112426758
Ibaraki2011,0291,7.900000095367432,8.142352104187012,8.122161865234375,0.05827360624156885,0.24235200881958008
Ibaraki2011,0292,7.900000095367432,8.07142162322998,8.045456250508627,0.09175189276762057,0.17142152786254883
Ibaraki2011,0293,7.900000095367432,7.9409613609313965,7.976059277852376,0.07133804752696349,0.040961265563964844
Ibaraki2011,0294,7.900000095367432,8.142035484313965,8.136837641398111,0.045107773817873544,0.2420353889465332
Ibaraki2011,0295,7.900000095367432,7.9381208419799805,7.94171937306722,0.05906181023040512,0.03812074661254883
Ibaraki2011,0296,7.900000095367432,7.967027187347412,7.94222354888916,0.03576666519116456,0.06702709197998047
Ibaraki2011,0297,7.900000095367432,7.994229793548584,7.984545707702637,0.026599137216610048,0.09422969818115234
Ibaraki2011,0298,7.900000095367432,8.110201835632324,8.075152397155762,0.058632125142567056,0.21020174026489258
Ibaraki2011,0299,7.900000095367432,8.11652946472168,8.113370259602865,0.028207214842726147,0.21652936935424805
Ibaraki2011,0300,7.900000095367432,7.976592063903809,7.997419357299805,0.07834077758854704,0.07659196853637695
Ibaraki2011,0302,7.900000095367432,8.076754570007324,8.065059661865234,0.01666603615833111,0.17675447463989258
Ibaraki2011,0303,7.900000095367432,8.076095581054688,8.083446820576986,0.06217464502800699,0.17609548568725586
Ibaraki2011,0304,7.900000095367432,8.10969352722168,8.125714937845865,0.04121158748279965,0.20969343185424805
Ibaraki2011,0305,7.900000095367432,8.125650405883789,8.10071881612142,0.05200917778189053,0.22565031051635742
Ibaraki2011,0306,7.900000095367432,7.983262538909912,7.962728023529053,0.02947113318096956,0.08326244354248047
Ibaraki2011,0307,7.900000095367432,8.157550811767578,8.131296475728353,0.0834692878508557,0.2575507164001465
Ibaraki2011,0309,7.900000095367432,8.111601829528809,8.160893122355143,0.08149805716202567,0.21160173416137695
Ibaraki2011,0310,7.900000095367432,8.097556114196777,8.043887774149576,0.15158347665693594,0.1975560188293457
Ibaraki2011,0311,7.900000095367432,7.915053367614746,7.983693599700928,0.1061238697686805,0.015053272247314453
Ibaraki2011,0312,7.900000095367432,8.03534984588623,7.972431023915608,0.19966809240785227,0.13534975051879883
Ibaraki2011,0314,7.900000095367432,7.845574855804443,7.90438985824585,0.1210268145470835,-0.05442523956298828
Ibaraki2011,0317,7.900000095367432,8.158317565917969,8.106245517730713,0.08359449230834146,0.2583174705505371
Ibaraki2011,0319,7.900000095367432,8.050673484802246,8.013388633728027,0.15309105234965315,0.15067338943481445
Ibaraki2011,0320,7.900000095367432,8.052669525146484,8.074127038319906,0.11291317193178899,0.15266942977905273
Ibaraki2011,0321,7.900000095367432,8.133792877197266,8.127960205078125,0.05520326575031956,0.23379278182983398
Ibaraki2011,0322,7.900000095367432,8.046279907226562,7.98954439163208,0.20515192250517322,0.14627981185913086
Ibaraki2011,0323,7.900000095367432,8.08491039276123,8.085402011871338,0.1177098014612989,0.18491029739379883
Ibaraki2011,0324,7.900000095367432,8.110466003417969,8.13158130645752,0.0635406466145154,0.2104659080505371
Ibaraki2011,0326,7.900000095367432,8.0794677734375,8.04570229848226,0.11536500245691761,0.17946767807006836
Ibaraki2011,0327,7.900000095367432,8.114526748657227,8.154276212056478,0.061041900124772897,0.21452665328979492
Ibaraki2011,0328,7.900000095367432,8.054460525512695,8.030110677083334,0.08128079918639644,0.15446043014526367
Ibaraki2011,0333,7.900000095367432,8.09354019165039,7.891367435455322,0.3031461908179027,0.19354009628295898
Ibaraki2011,0334,7.900000095367432,8.133932113647461,8.157041549682617,0.10874750516523753,0.2339320182800293
Ibaraki2011,0335,7.900000095367432,8.117293357849121,8.092822074890137,0.08694621833613742,0.21729326248168945
Ibaraki2011,0336,7.900000095367432,8.065048217773438,8.118911743164062,0.07879048766955453,0.16504812240600586
Ibaraki2011,0337,7.900000095367432,8.10792064666748,8.158132235209147,0.07653093094770028,0.20792055130004883
Ibaraki2011,0338,7.900000095367432,8.034747123718262,7.988574981689453,0.13325370279513782,0.13474702835083008
Ibaraki2011,0339,7.900000095367432,8.089059829711914,8.11603037516276,0.09207577301461932,0.18905973434448242
Ibaraki2011,0340,7.900000095367432,8.041598320007324,8.013542493184408,0.062297634162653936,0.14159822463989258
Ibaraki2011,0342,7.900000095367432,7.955695152282715,7.852223078409831,0.25142802232512085,0.0556950569152832
Ibaraki2011,0345,7.900000095367432,7.8570990562438965,7.828494389851888,0.20064300079409292,-0.042901039123535156
Ibaraki2011,0346,7.900000095367432,7.894401550292969,7.909825801849365,0.16405746941031968,-0.005598545074462891
Ibaraki2011,0348,7.900000095367432,8.063596725463867,8.03976551691691,0.1305859270833431,0.16359663009643555
Ibaraki2011,0349,7.900000095367432,7.809440612792969,7.786967118581136,0.10163541216908753,-0.09055948257446289
Ibaraki2011,0350,7.900000095367432,8.044524192810059,7.995449384053548,0.0956612892763767,0.14452409744262695
Ibaraki2011,0351,7.900000095367432,7.965538024902344,7.953812599182129,0.10494841906942984,0.06553792953491211
Ibaraki2011,0353,7.900000095367432,7.826169490814209,7.752268632253011,0.24469514741241527,-0.07383060455322266
Ibaraki2011,0354,7.900000095367432,7.919817924499512,7.9412862459818525,0.09739079188551711,0.019817829132080078
Ibaraki2011,0355,7.900000095367432,8.060343742370605,8.079950968424479,0.05264385045202333,0.16034364700317383
Ibaraki2011,0356,7.900000095367432,8.040830612182617,8.018517017364502,0.03836642130065682,0.14083051681518555
Ibaraki2011,0360,7.900000095367432,8.094462394714355,8.095906893412272,0.04735971307052356,0.19446229934692383
Ibaraki2011,0361,7.900000095367432,8.165475845336914,8.158465067545572,0.035215704834426986,0.2654757499694824
Ibaraki2011,0362,7.900000095367432,7.9669928550720215,7.962831815083821,0.06825271364547082,0.06699275970458984
Ibaraki2011,0363,7.900000095367432,8.016983032226562,7.950106302897136,0.09737767960803746,0.11698293685913086
Ibaraki2011,0365,7.900000095367432,7.9770660400390625,7.959973017374675,0.08187501617497032,0.07706594467163086
Ibaraki2011,0366,7.900000095367432,8.00388240814209,7.919418652852376,0.22658693291826865,0.1038823127746582
Ibaraki2011,0367,7.900000095367432,8.007121086120605,7.941341400146484,0.19099437777282946,0.10712099075317383
Ibaraki2011,0370,7.900000095367432,8.088748931884766,8.10958735148112,0.03409228554093395,0.18874883651733398
Ibaraki2011,0372,7.900000095367432,8.102911949157715,8.06689182917277,0.07279626916902351,0.2029118537902832
Ibaraki2011,0373,7.900000095367432,8.00125503540039,7.921647389729817,0.2482167238841417,0.10125494003295898
Ibaraki2011,0374,7.900000095367432,8.089595794677734,8.069498538970947,0.12302845045304091,0.18959569931030273
Ibaraki2011,0382,7.900000095367432,8.066661834716797,8.078817049662272,0.017321058330705998,0.16666173934936523
Ibaraki2011,0383,7.900000095367432,8.026968002319336,8.057524840037027,0.08644053784377503,0.1269679069519043
Ibaraki2011,0398,7.900000095367432,7.651866912841797,7.608313242594401,0.06640648741987427,-0.24813318252563477
Ibaraki2011,0416,7.900000095367432,7.844290733337402,7.850536028544108,0.1307839875955478,-0.0557093620300293
Ibaraki2011,0538,7.900000095367432,7.420522212982178,7.602447668711345,0.26667980393630897,-0.4794778823852539
Ibaraki2011,0540,7.900000095367432,7.963258266448975,7.951677004496257,0.05791723485692653,0.06325817108154297
Ibaraki2011,0546,7.900000095367432,7.620660305023193,7.684983412424724,0.15437194493132708,-0.2793397903442383
Ibaraki2011,0547,7.900000095367432,8.132356643676758,8.182902018229166,0.17191209727792098,0.23235654830932617
Ibaraki2011,0548,7.900000095367432,7.728177547454834,7.701127529144287,0.14452857948807787,-0.17182254791259766
Ibaraki2011,0549,7.900000095367432,7.494195461273193,7.446201006571452,0.08131120332124428,-0.4058046340942383
Ibaraki2011,0551,7.900000095367432,7.950709342956543,7.937088330586751,0.2129378390698373,0.05070924758911133
Ibaraki2011,0556,7.900000095367432,7.7700347900390625,7.731846332550049,0.14940735624006626,-0.12996530532836914
Ibaraki2011,0557,7.900000095367432,7.611316680908203,7.630027453104655,0.050049863928725145,-0.2886834144592285
Ibaraki2011,0559,7.900000095367432,7.8108649253845215,7.801345984141032,0.0650617960345413,-0.08913516998291016
Ibaraki2011,0561,7.900000095367432,7.834270477294922,7.833483854929606,0.010479148362994883,-0.06572961807250977
Ibaraki2011,0563,7.900000095367432,7.788990020751953,7.80609655380249,0.028652458817007165,-0.11101007461547852
Ibaraki2011,0564,7.900000095367432,7.816554069519043,7.783733526865642,0.07348677001646521,-0.08344602584838867
Ibaraki2011,0565,7.900000095367432,7.824001312255859,7.8517177899678545,0.03960840726559347,-0.07599878311157227
Ibaraki2011,0566,7.900000095367432,7.9027814865112305,7.926585515340169,0.03413101627538698,0.002781391143798828
Ibaraki2011,0567,7.900000095367432,7.949611663818359,7.943123022715251,0.02888115274984197,0.049611568450927734
Ibaraki2011,0568,7.900000095367432,7.67807149887085,7.700204690297444,0.03218271490358074,-0.22192859649658203
Ibaraki2011,0569,7.900000095367432,7.974739074707031,7.958520889282227,0.027650726964858627,0.07473897933959961
Ibaraki2011,0570,7.900000095367432,8.00631332397461,8.013142267862955,0.018096821644456827,0.10631322860717773
Ibaraki2011,0572,7.900000095367432,7.933833122253418,7.937184015909831,0.026265405331937067,0.03383302688598633
Ibaraki2011,0573,7.900000095367432,7.996217250823975,8.00752878189087,0.06980979522329588,0.09621715545654297
Ibaraki2011,0574,7.900000095367432,8.049993515014648,8.03287124633789,0.09476540069718535,0.1499934196472168
Ibaraki2011,0575,7.900000095367432,7.945339202880859,7.902999083201091,0.06963405515414839,0.045339107513427734
Ibaraki2011,0576,7.900000095367432,8.011228561401367,7.986516952514648,0.07710279684836817,0.11122846603393555
Ibaraki2011,0577,7.900000095367432,8.046584129333496,8.020207722981771,0.07724470119039141,0.14658403396606445
Ibaraki2011,0578,7.900000095367432,7.889494895935059,7.927392641703288,0.07163149541869922,-0.010505199432373047
Ibaraki2011,0579,7.900000095367432,8.154574394226074,8.104305585225424,0.07688783537857989,0.2545742988586426
Ibaraki2011,0580,7.900000095367432,7.93390417098999,7.975618044535319,0.11432233673438529,0.033904075622558594
Ibaraki2011,0581,7.900000095367432,7.898075103759766,7.90871016184489,0.045377735105198345,-0.0019249916076660156
Ibaraki2011,0582,7.900000095367432,7.905109405517578,7.919155756632487,0.0911281166542546,0.005109310150146484
Ibaraki2011,0583,7.900000095367432,7.957602500915527,7.96649694442749,0.05458034914533738,0.0576024055480957
Ibaraki2011,0584,7.900000095367432,7.605025291442871,7.643986860911052,0.08224880305575988,-0.29497480392456055
Ibaraki2011,0585,7.900000095367432,7.877253532409668,7.889783541361491,0.05533925636264753,-0.022746562957763672
Ibaraki2011,0586,7.900000095367432,7.876573085784912,7.887258529663086,0.020396758140224912,-0.02342700958251953
Ibaraki2011,0587,7.900000095367432,7.891090393066406,7.912074247996013,0.061080891193624594,-0.00890970230102539
Ibaraki2011,0589,7.900000095367432,7.884792327880859,7.893923918406169,0.018031613609261272,-0.015207767486572266
Ibaraki2011,0590,7.900000095367432,7.81497859954834,7.852892239888509,0.08811800989973123,-0.0850214958190918
Ibaraki2011,0591,7.900000095367432,7.721137046813965,7.686040878295898,0.06601000638001972,-0.1788630485534668
Ibaraki2011,0592,7.900000095367432,7.868941307067871,7.851025263468425,0.02572448151307572,-0.031058788299560547
Ibaraki2011,0593,7.900000095367432,7.719213008880615,7.7292710940043134,0.026281231667954725,-0.1807870864868164
Ibaraki2011,0594,7.900000095367432,8.053796768188477,8.063095728556315,0.03185469616822065,0.15379667282104492
Ibaraki2011,0595,7.900000095367432,8.048812866210938,8.035475571950277,0.025695923737165758,0.14881277084350586
Ibaraki2011,0598,7.900000095367432,7.956954002380371,7.914865493774414,0.08978051777520933,0.05695390701293945
Ibaraki2011,0600,7.900000095367432,8.118278503417969,8.070606072743734,0.07843238051557079,0.2182784080505371
Ibaraki2011,0601,7.900000095367432,8.014727592468262,7.977022647857666,0.06806649568982315,0.11472749710083008
Ibaraki2011,0602,7.900000095367432,8.345065116882324,8.260162035624186,0.12464587821767588,0.4450650215148926
Ibaraki2011,0606,7.900000095367432,7.851687431335449,7.834178765614827,0.02483925812988802,-0.04831266403198242
Ibaraki2011,0607,7.900000095367432,7.8286237716674805,7.820842107137044,0.014450260055349967,-0.07137632369995117
Ibaraki2011,0608,7.900000095367432,7.923099517822266,7.899563789367676,0.06616816328013557,0.023099422454833984
Ibaraki2011,0609,7.900000095367432,7.999034881591797,7.998080253601074,0.007471155484911503,0.09903478622436523
Ibaraki2011,0610,7.900000095367432,7.746479034423828,7.704311847686768,0.06575254557323633,-0.15352106094360352
Ibaraki2011,0611,7.900000095367432,8.029869079589844,8.017776489257812,0.017301496542700353,0.1298689842224121
Ibaraki2011,0612,7.900000095367432,7.844249725341797,7.859623908996582,0.037119469202640816,-0.055750370025634766
Ibaraki2011,0613,7.900000095367432,7.755363464355469,7.729838212331136,0.06509913607739039,-0.1446366310119629
Ibaraki2011,0614,7.900000095367432,8.041193962097168,8.0433988571167,0.018227763214849445,0.14119386672973633
Ibaraki2011,0615,7.900000095367432,7.913712978363037,7.9438371658325195,0.042926129072114086,0.013712882995605469
Ibaraki2011,0617,7.900000095367432,8.035192489624023,7.942622343699138,0.13746319271796809,0.1351923942565918
Ibaraki2011,0618,7.900000095367432,7.92389440536499,7.914064884185791,0.02440956922188445,0.023894309997558594
Ibaraki2011,0619,7.900000095367432,7.937258720397949,7.939346472422282,0.11603869471117867,0.03725862503051758
Ibaraki2011,0620,7.900000095367432,7.9400458335876465,7.925438563028972,0.04456923850445637,0.040045738220214844
Ibaraki2011,0621,7.900000095367432,7.914862632751465,7.9106550216674805,0.04059233000891651,0.014862537384033203
Ibaraki2011,0622,7.900000095367432,8.079523086547852,8.08266798655192,0.029122090170442812,0.17952299118041992
Ibaraki2011,0623,7.900000095367432,8.08906078338623,8.086576143900553,0.033914647129284825,0.18906068801879883
Ibaraki2011,0625,7.900000095367432,8.08575439453125,8.094158808390299,0.02330821724643759,0.18575429916381836
Ibaraki2011,0628,7.900000095367432,7.953215599060059,7.964843114217122,0.023013647436098218,0.05321550369262695
Ibaraki2011,0630,7.900000095367432,8.050508499145508,8.062085469563803,0.026604580932197988,0.15050840377807617
Ibaraki2011,0631,7.900000095367432,8.100194931030273,8.104763984680176,0.01932337907490015,0.2001948356628418
Ibaraki2011,0632,7.900000095367432,8.09811782836914,8.109613736470541,0.04076571281764971,0.19811773300170898
Ibaraki2011,0634,7.900000095367432,8.070308685302734,8.120720863342285,0.13868112153340934,0.17030858993530273
Ibaraki2011,0635,7.900000095367432,8.04037857055664,8.065500577290853,0.07017147819194149,0.14037847518920898
Ibaraki2011,0637,7.900000095367432,7.930871486663818,7.874394575754802,0.15277666159331435,0.03087139129638672
Ibaraki2011,0638,7.900000095367432,8.14075756072998,8.124261538187662,0.0886840540452764,0.24075746536254883
Ibaraki2011,0640,7.900000095367432,8.067216873168945,7.97116216023763,0.21884682140976203,0.16721677780151367
Ibaraki2011,0641,7.900000095367432,8.130644798278809,8.112242698669434,0.04760202485246779,0.23064470291137695
Ibaraki2011,0644,7.900000095367432,8.033832550048828,7.945700009663899,0.2428070655299747,0.13383245468139648
Ibaraki2011,0648,7.900000095367432,7.908738613128662,7.82319704691569,0.24370853962193348,0.008738517761230469
Ibaraki2011,0649,7.900000095367432,7.525347709655762,7.562210877736409,0.3691695002338474,-0.3746523857116699
Ibaraki2011,0650,7.900000095367432,8.039851188659668,8.001901785532633,0.11476514197878421,0.13985109329223633
Ibaraki2011,0652,7.900000095367432,7.204174041748047,7.2963236172993975,0.13858537608136853,-0.6958260536193848
Ibaraki2011,0656,7.900000095367432,8.174480438232422,8.181475003560385,0.06688298209028298,0.27448034286499023
Ibaraki2011,0666,7.900000095367432,7.3063063621521,7.415993849436442,0.24344520965494443,-0.593693733215332
Ibaraki2011,0672,7.900000095367432,7.962523460388184,7.962135473887126,0.12465261732162124,0.06252336502075195
Ibaraki2011,0673,7.900000095367432,8.067224502563477,8.046589533487955,0.05273624879539482,0.16722440719604492
Ibaraki2011,0674,7.900000095367432,7.959551811218262,7.944661776224772,0.08596782084707219,0.05955171585083008
Ibaraki2011,0675,7.900000095367432,8.159833908081055,8.168180147806803,0.04123124398453274,0.25983381271362305
Ibaraki2011,0681,7.900000095367432,7.868586540222168,7.875157833099365,0.07725543288857702,-0.03141355514526367
Ibaraki2011,0752,7.900000095367432,7.812539577484131,7.818040370941162,0.04470644264769758,-0.08746051788330078
Ibaraki2011,0753,7.900000095367432,7.866667747497559,7.876048405965169,0.017555001890390103,-0.03333234786987305
Ibaraki2011,0754,7.900000095367432,7.753413200378418,7.769349257151286,0.027388730565362118,-0.14658689498901367
Ibaraki2011,0755,7.900000095367432,7.831643581390381,7.8178474108378095,0.02870506886098271,-0.06835651397705078
Ibaraki2011,0756,7.900000095367432,8.039352416992188,7.992887496948242,0.09226726163367918,0.13935232162475586
Ibaraki2011,0758,7.900000095367432,7.722403526306152,7.70263687769572,0.07399405357907644,-0.1775965690612793
Ibaraki2011,0759,7.900000095367432,7.793698787689209,7.79700231552124,0.1058982699271317,-0.10630130767822266
Ibaraki2011,0760,7.900000095367432,8.130006790161133,8.155253092447916,0.09576322912303621,0.23000669479370117
Ibaraki2011,0761,7.900000095367432,8.14649772644043,8.166444778442383,0.05509411059665284,0.24649763107299805
Ibaraki2011,0763,7.900000095367432,8.108748435974121,8.059712409973145,0.12735825068765072,0.20874834060668945
Ibaraki2011,0764,7.900000095367432,8.134982109069824,8.121565183003744,0.08175224930234386,0.23498201370239258
Ibaraki2011,0795,7.900000095367432,7.6909308433532715,7.708374977111816,0.11961659806039247,-0.20906925201416016
Ibaraki2011,0796,7.900000095367432,7.633697509765625,7.564342975616455,0.10742373443080984,-0.26630258560180664
Ibaraki2011,0797,7.900000095367432,7.587283134460449,7.61331574122111,0.03848580090305024,-0.3127169609069824
Ibaraki2011,0799,7.900000095367432,7.69830846786499,7.686411698659261,0.0828645354562601,-0.2016916275024414
Ibaraki2011,0800,7.900000095367432,7.95361328125,7.941490809122722,0.03797479233780228,0.05361318588256836
Ibaraki2011,0801,7.900000095367432,7.742911338806152,7.747374057769775,0.021358790090788053,-0.1570887565612793
Ibaraki2011,0802,7.900000095367432,7.792500972747803,7.810324509938558,0.04951032777309094,-0.1074991226196289
Ibaraki2011,0803,7.900000095367432,7.574206352233887,7.626718044281006,0.0960354215929483,-0.3257937431335449
Ibaraki2011,0804,7.900000095367432,7.777574062347412,7.7579037348429365,0.06574510870796799,-0.12242603302001953
Ibaraki2011,0805,7.900000095367432,7.813175201416016,7.81930669148763,0.013403590609178421,-0.08682489395141602
Ibaraki2011,0806,7.900000095367432,7.8734540939331055,7.9060408274332685,0.05045195039962555,-0.026546001434326172
Ibaraki2011,0807,7.900000095367432,7.870482444763184,7.873186111450195,0.02222624235001607,-0.029517650604248047
Ibaraki2011,0809,7.900000095367432,7.9111762046813965,7.907715956370036,0.011558901643565626,0.011176109313964844
Ibaraki2011,0810,7.900000095367432,7.790849208831787,7.778120835622151,0.04519722194197923,-0.10915088653564453
Ibaraki2011,0811,7.900000095367432,7.912942409515381,7.9323757489522295,0.05810242953060309,0.012942314147949219
Ibaraki2011,0812,7.900000095367432,8.170614242553711,8.137004534403482,0.054969703901990324,0.2706141471862793
Ibaraki2011,0813,7.900000095367432,7.958041191101074,7.974487940470378,0.0564624845212485,0.05804109573364258
Ibaraki2011,0814,7.900000095367432,7.922011375427246,7.928120295206706,0.05271233229050269,0.022011280059814453
Ibaraki2011,0815,7.900000095367432,7.9323272705078125,7.888408819834392,0.06425211144244536,0.03232717514038086
Ibaraki2011,0819,7.900000095367432,7.964622497558594,7.962508996327718,0.05983175902513285,0.06462240219116211
Ibaraki2011,0820,7.900000095367432,8.015628814697266,8.00499439239502,0.06371896957587823,0.11562871932983398
Ibaraki2011,0821,7.900000095367432,8.025688171386719,8.028950055440268,0.04104751931400333,0.1256880760192871
Ibaraki2011,0822,7.900000095367432,8.072417259216309,8.08210277557373,0.022390821283672487,0.17241716384887695
Ibaraki2011,0823,7.900000095367432,8.082491874694824,8.08570130666097,0.015885107064289722,0.18249177932739258
Ibaraki2011,0825,7.900000095367432,8.029474258422852,8.032056172688803,0.027037238052019012,0.12947416305541992
Ibaraki2011,0826,7.900000095367432,7.93454647064209,7.93034013112386,0.11540323761360513,0.0345463752746582
Ibaraki2011,0838,7.900000095367432,7.965717315673828,7.985263188680013,0.03377695268870909,0.06571722030639648
Ibaraki2011,0840,7.900000095367432,7.981844902038574,8.023693084716797,0.06007731787062276,0.08184480667114258
Ibaraki2011,0841,7.900000095367432,8.022335052490234,8.034010887145996,0.020640547186058192,0.12233495712280273
Ibaraki2011,0842,7.900000095367432,7.933658599853516,7.8593471844991045,0.12089882345265719,0.033658504486083984
Ibaraki2011,0845,7.900000095367432,7.908073425292969,7.904512246449788,0.030896726725991377,0.00807332992553711
Ibaraki2011,0847,7.900000095367432,7.7924933433532715,7.798161506652832,0.08039913257810946,-0.10750675201416016
Ibaraki2011,0902,7.900000095367432,7.433226585388184,7.471957842508952,0.08248280680917236,-0.46677350997924805
Ibaraki2011,0905,7.900000095367432,7.648915767669678,7.665445804595947,0.07806661119677247,-0.2510843276977539
Ibaraki2011,0909,7.900000095367432,7.354821681976318,7.348889350891113,0.16336217536657424,-0.5451784133911133
Ibaraki2011,0912,7.900000095367432,7.257769584655762,7.289286931355794,0.13022791882593882,-0.6422305107116699
Ibaraki2011,0913,7.900000095367432,7.90426778793335,7.866958777109782,0.0993612109116257,0.004267692565917969
Ibaraki2011,0914,7.900000095367432,7.4439520835876465,7.46298869450887,0.0326659748994341,-0.45604801177978516
Ibaraki2011,0915,7.900000095367432,7.5609564781188965,7.581435521443685,0.04400895159731502,-0.33904361724853516
Ibaraki2011,0916,7.900000095367432,7.520220756530762,7.508313337961833,0.02271633535249199,-0.3797793388366699
Ibaraki2011,0920,7.900000095367432,7.6136322021484375,7.640116373697917,0.08077204722934254,-0.28636789321899414
Ibaraki2011,0921,7.900000095367432,7.862796783447266,7.896528085072835,0.062460110395725216,-0.037203311920166016
Ibaraki2011,0924,7.900000095367432,8.017976760864258,8.010323683420816,0.05684212373609435,0.11797666549682617
Ibaraki2011,0926,7.900000095367432,7.488561153411865,7.539061069488525,0.10863144100879496,-0.4114389419555664
Ibaraki2011,0927,7.900000095367432,7.7671637535095215,7.73184855779012,0.22747347657287173,-0.13283634185791016
Ibaraki2011,0930,7.900000095367432,7.57474422454834,7.542052586873372,0.07632261697661642,-0.3252558708190918
Ibaraki2011,0931,7.900000095367432,7.684560298919678,7.669044176737468,0.12633927955419727,-0.2154397964477539
Ibaraki2011,0932,7.900000095367432,7.858153343200684,7.82859484354655,0.1242448234617983,-0.04184675216674805
Ibaraki2011,0933,7.900000095367432,7.743316650390625,7.774843851725261,0.08559603937054835,-0.15668344497680664
Ibaraki2011,0934,7.900000095367432,7.606559753417969,7.626913388570149,0.02938863768405751,-0.2934403419494629
Ibaraki2011,0935,7.900000095367432,7.658454895019531,7.649912516276042,0.08082789580675477,-0.2415452003479004
Ibaraki2011,0937,7.900000095367432,7.724967002868652,7.723737716674805,0.03349416926359903,-0.1750330924987793
Ibaraki2011,0939,7.900000095367432,7.68506383895874,7.686848799387614,0.022403708002831008,-0.2149362564086914
Ibaraki2011,0940,7.900000095367432,7.871192932128906,7.869265715281169,0.03080890912383154,-0.02880716323852539
Ibaraki2011,0941,7.900000095367432,7.703112602233887,7.704227765401204,0.020732343593274333,-0.19688749313354492
Ibaraki2011,0942,7.900000095367432,7.828574180603027,7.83246390024821,0.04065726970077473,-0.0714259147644043
Ibaraki2011,0943,7.900000095367432,7.870042324066162,7.902355670928955,0.0479689574796425,-0.02995777130126953
Ibaraki2011,0944,7.900000095367432,7.935211181640625,7.928741931915283,0.02406924201708369,0.03521108627319336
Ibaraki2011,0945,7.900000095367432,7.924834251403809,7.948475519816081,0.05510390869004119,0.024834156036376953
Ibaraki2011,0946,7.900000095367432,7.948814392089844,7.938138008117676,0.03121844411801311,0.04881429672241211
Ibaraki2011,0949,7.900000095367432,7.877357482910156,7.85914961496989,0.029784435836133837,-0.02264261245727539
Ibaraki2011,0950,7.900000095367432,7.893566131591797,7.874139308929443,0.061756214130689456,-0.006433963775634766
Ibaraki2011,0951,7.900000095367432,7.886508941650391,7.906261603037517,0.09515861740092373,-0.013491153717041016
Ibaraki2011,0952,7.900000095367432,7.7898268699646,7.768716812133789,0.034727868298297535,-0.11017322540283203
Ibaraki2011,0954,7.900000095367432,7.722953796386719,7.7093556722005205,0.07020938847603918,-0.1770462989807129
Ibaraki2011,0955,7.900000095367432,7.782314300537109,7.785082658131917,0.04336074876673672,-0.11768579483032227
Ibaraki2011,0956,7.900000095367432,7.9203643798828125,7.923556486765544,0.019093570785409394,0.02036428451538086
Ibaraki2011,0958,7.900000095367432,7.718962669372559,7.719126542409261,0.005872912773238404,-0.18103742599487305
Ibaraki2011,0959,7.900000095367432,7.934737205505371,7.963462829589844,0.040740210331752985,0.03473711013793945
Ibaraki2011,0960,7.900000095367432,7.639678955078125,7.63878599802653,0.018850931662909295,-0.26032114028930664
Ibaraki2011,0962,7.900000095367432,7.842947959899902,7.862885157267253,0.033892180123820774,-0.0570521354675293
Ibaraki2011,0963,7.900000095367432,7.662877559661865,7.6315843264261884,0.05359635473881554,-0.2371225357055664
Ibaraki2011,0965,7.900000095367432,7.858860015869141,7.896938800811768,0.07304349676169575,-0.041140079498291016
Ibaraki2011,0966,7.900000095367432,7.998279571533203,7.958859761555989,0.08312386730071263,0.09827947616577148
Ibaraki2011,0967,7.900000095367432,7.962405204772949,7.9490048090616865,0.025380600035836653,0.06240510940551758
Ibaraki2011,0968,7.900000095367432,8.020434379577637,8.016292889912924,0.08326739108218185,0.12043428421020508
Ibaraki2011,0969,7.900000095367432,8.005281448364258,7.998044013977051,0.0627515611722383,0.10528135299682617
Ibaraki2011,0970,7.900000095367432,7.787265777587891,7.659096717834473,0.1848351709473925,-0.11273431777954102
Ibaraki2011,0972,7.900000095367432,8.059122085571289,8.023530960083008,0.06132744541865458,0.15912199020385742
Ibaraki2011,0973,7.900000095367432,7.975078582763672,7.981360117594401,0.07848819822383463,0.07507848739624023
Ibaraki2011,0974,7.900000095367432,7.956564903259277,7.863890965779622,0.15997352888018052,0.0565648078918457
Ibaraki2011,0976,7.900000095367432,8.127093315124512,8.087812741597494,0.07101282206380687,0.22709321975708008
Ibaraki2011,0977,7.900000095367432,8.201079368591309,8.168084144592285,0.0852714087249715,0.30107927322387695
Ibaraki2011,0978,7.900000095367432,8.06790542602539,8.112980524698893,0.09496318876502768,0.16790533065795898
Ibaraki2011,0979,7.900000095367432,7.889923095703125,7.904534339904785,0.03265317522558828,-0.01007699966430664
Ibaraki2011,0980,7.900000095367432,7.663741111755371,7.655780633290608,0.06716216653445145,-0.23625898361206055
Ibaraki2011,0981,7.900000095367432,7.941129207611084,7.934690475463867,0.03231080002117796,0.041129112243652344
Ibaraki2011,0982,7.900000095367432,7.73291015625,7.73433780670166,0.03020247811583914,-0.16708993911743164
Ibaraki2011,0983,7.900000095367432,7.9213714599609375,7.9208442370096845,0.032150990177536996,0.02137136459350586
Ibaraki2011,0984,7.900000095367432,7.843718528747559,7.84715461730957,0.03045127073392405,-0.05628156661987305
Ibaraki2011,0985,7.900000095367432,7.855569362640381,7.84816837310791,0.014075720112418658,-0.04443073272705078
Ibaraki2011,0986,7.900000095367432,7.974801540374756,7.951637427012126,0.040498444622987635,0.07480144500732422
Ibaraki2011,0988,7.900000095367432,7.945180416107178,7.93401575088501,0.025096717413262536,0.045180320739746094
Ibaraki2011,0989,7.900000095367432,7.9446845054626465,7.968946139017741,0.04028667923593357,0.044684410095214844
Ibaraki2011,0990,7.900000095367432,8.010412216186523,7.9953187306722,0.0489644011140616,0.1104121208190918
Ibaraki2011,0991,7.900000095367432,8.086395263671875,8.060060818990072,0.09091979223428327,0.18639516830444336
Ibaraki2011,0992,7.900000095367432,7.908946990966797,7.951338291168213,0.06775442427004123,0.008946895599365234
Ibaraki2011,0993,7.900000095367432,8.153633117675781,8.120286623636881,0.04776590960300958,0.2536330223083496
Ibaraki2011,0994,7.900000095367432,7.998963832855225,7.9848707516988116,0.07629071495085095,0.09896373748779297
Ibaraki2011,0995,7.900000095367432,7.9380011558532715,7.9305845896403,0.04163025430208497,0.038001060485839844
Ibaraki2011,0996,7.900000095367432,8.151182174682617,8.115907669067383,0.06548867853129188,0.25118207931518555
Ibaraki2011,0997,7.900000095367432,8.030470848083496,8.019120375315348,0.02386618352449059,0.13047075271606445
Ibaraki2011,0998,7.900000095367432,8.052993774414062,8.07755978902181,0.05360806048149498,0.15299367904663086
Ibaraki2011,1000,7.900000095367432,8.293758392333984,8.212162653605143,0.1404329395638628,0.39375829696655273
Ibaraki2011,1002,7.900000095367432,8.144525527954102,8.115468819936117,0.10059322621873867,0.24452543258666992
Ibaraki2011,1003,7.900000095367432,7.985407829284668,7.898011525472005,0.21968084494439524,0.08540773391723633
Ibaraki2011,1004,7.900000095367432,7.858695983886719,7.898996353149414,0.09571007376677543,-0.04130411148071289
Ibaraki2011,1007,7.900000095367432,8.1071195602417,8.13971201578776,0.08062427483916751,0.20711946487426758
Ibaraki2011,1008,7.900000095367432,8.020771026611328,8.093606313069662,0.10963016597107789,0.12077093124389648
Ibaraki2011,1010,7.900000095367432,8.128931999206543,8.16517194112142,0.06455150234651413,0.22893190383911133
Ibaraki2011,1011,7.900000095367432,8.116336822509766,8.126754760742188,0.022478832712651328,0.21633672714233398
Ibaraki2011,1012,7.900000095367432,8.144007682800293,8.175387700398764,0.0650662174812652,0.24400758743286133
Ibaraki2011,1013,7.900000095367432,8.305839538574219,8.29870319366455,0.04929000314593267,0.4058394432067871
Ibaraki2011,1014,7.900000095367432,7.998799800872803,8.05574337641398,0.10702112098505878,0.0987997055053711
Ibaraki2011,1021,7.900000095367432,8.075758934020996,8.00522518157959,0.2665248570729124,0.17575883865356445
Ibaraki2011,1026,7.900000095367432,7.979450225830078,8.027685483296713,0.07716237487971775,0.07945013046264648
Ibaraki2011,1030,7.900000095367432,7.8866400718688965,7.806868712107341,0.2797082906879224,-0.013360023498535156
Ibaraki2011,1032,7.900000095367432,8.038691520690918,8.072717348734537,0.06850849878788928,0.13869142532348633
Ibaraki2011,1055,7.900000095367432,7.278420925140381,7.171327908833821,0.17000470502560322,-0.6215791702270508
Ibaraki2011,1059,7.900000095367432,7.767226219177246,7.815484205881755,0.10541786382649117,-0.13277387619018555
Ibaraki2011,1101,7.900000095367432,8.209203720092773,8.171297709147135,0.05465441106013017,0.3092036247253418
Ibaraki2011,1102,7.900000095367432,7.917571067810059,7.885591824849446,0.08197887163335475,0.017570972442626953
Ibaraki2011,1103,7.900000095367432,8.017581939697266,8.012405713399252,0.03487115873137362,0.11758184432983398
Ibaraki2011,1104,7.900000095367432,8.08364486694336,8.095478057861328,0.07394108652684953,0.18364477157592773
Ibaraki2011,1105,7.900000095367432,7.985240936279297,7.9769032796223955,0.12228933102745104,0.08524084091186523
Ibaraki2011,1106,7.900000095367432,8.012258529663086,7.987253030141194,0.16514798667889544,0.1122584342956543
Ibaraki2011,1108,7.900000095367432,8.100994110107422,8.09179655710856,0.07649764438773292,0.20099401473999023
Ibaraki2011,1111,7.900000095367432,8.144302368164062,8.139739354451498,0.01672622058022024,0.24430227279663086
Ibaraki2011,1112,7.900000095367432,8.18392562866211,8.203659375508627,0.09998158003443956,0.28392553329467773
Ibaraki2011,1113,7.900000095367432,8.030440330505371,8.044121742248535,0.019778195263103062,0.13044023513793945
Ibaraki2011,1114,7.900000095367432,8.192010879516602,8.18203862508138,0.03056813673694958,0.2920107841491699
Ibaraki2011,1121,7.900000095367432,7.715423583984375,7.656298478444417,0.14062838809687822,-0.18457651138305664
Ibaraki2011,1128,7.900000095367432,8.08053207397461,8.069477240244547,0.055390565002158214,0.18053197860717773
Ibaraki2011,1129,7.900000095367432,8.030230522155762,8.04663340250651,0.13136067792763276,0.13023042678833008
Ibaraki2011,1130,7.900000095367432,7.620245933532715,7.641278425852458,0.253580562096926,-0.2797541618347168
Ibaraki2011,1134,7.900000095367432,7.560882568359375,7.571854114532471,0.02396004126141125,-0.33911752700805664
Ibaraki2011,1136,7.900000095367432,8.0462646484375,8.05545711517334,0.022214790817949345,0.14626455307006836
Ibaraki2011,1139,7.900000095367432,7.968505859375,7.9384721120198565,0.1120701518831706,0.06850576400756836
Ibaraki2011,2106,7.900000095367432,8.011215209960938,7.988470872243245,0.050431698499683986,0.11121511459350586
Ibaraki2011,3001,7.900000095367432,7.913612365722656,7.9308977127075195,0.03540748741379771,0.01361227035522461
Ibaraki2011,3002,7.900000095367432,7.730624198913574,7.798760890960693,0.12106133772521661,-0.16937589645385742
Ibaraki2011,3003,7.900000095367432,7.9177985191345215,7.935220877329509,0.07527953584419021,0.017798423767089844
Ibaraki2011,3004,7.900000095367432,7.661715507507324,7.664356867472331,0.07755134307337254,-0.23828458786010742
Ibaraki2011,3005,7.900000095367432,7.9326300621032715,7.9380160967508955,0.01940044864352729,0.032629966735839844
Ibaraki2011,3006,7.900000095367432,7.710116386413574,7.687028090159099,0.08689397607187846,-0.18988370895385742
Ibaraki2011,3009,7.900000095367432,7.785974025726318,7.778147538503011,0.07402679954062903,-0.11402606964111328
Ibaraki2011,3010,7.900000095367432,7.784198760986328,7.746227423350017,0.08113567998172101,-0.11580133438110352
Ibaraki2011,3011,7.900000095367432,7.91891622543335,7.917360623677571,0.01457683386397189,0.01891613006591797
Ibaraki2011,3012,7.900000095367432,7.961200714111328,7.976506392161052,0.04150348168951952,0.061200618743896484
Ibaraki2011,3013,7.900000095367432,7.918050289154053,7.943468888600667,0.03886548247947082,0.018050193786621094
Ibaraki2011,3014,7.900000095367432,7.8153204917907715,7.828290144602458,0.062689423455901,-0.08467960357666016
Ibaraki2011,3015,7.900000095367432,8.005340576171875,7.999212900797526,0.019801829155919687,0.10534048080444336
Ibaraki2011,3016,7.900000095367432,7.97458028793335,7.993715763092041,0.02988686989667186,0.07458019256591797
Ibaraki2011,3018,7.900000095367432,7.9801435470581055,7.952574729919434,0.042191808243816825,0.08014345169067383
Ibaraki2011,3019,7.900000095367432,7.845767974853516,7.825257778167725,0.07310846689413118,-0.054232120513916016
Ibaraki2011,3020,7.900000095367432,7.6446533203125,7.712074438730876,0.12516510890899385,-0.25534677505493164
Ibaraki2011,3021,7.900000095367432,7.874205589294434,7.880216598510742,0.041665677098001674,-0.025794506072998047
Ibaraki2011,3022,7.900000095367432,7.843050956726074,7.861865361531575,0.0453382533760124,-0.05694913864135742
Ibaraki2011,3023,7.900000095367432,8.006654739379883,7.999849001566569,0.029103640460385573,0.10665464401245117
Ibaraki2011,3024,7.900000095367432,7.834716796875,7.86666997273763,0.08444233870849273,-0.06528329849243164
Ibaraki2011,3025,7.900000095367432,7.833881378173828,7.870214780171712,0.07707994089507163,-0.06611871719360352
Ibaraki2011,3026,7.900000095367432,7.8610663414001465,7.864463170369466,0.03157572022614664,-0.038933753967285156
Ibaraki2011,3027,7.900000095367432,7.73642635345459,7.836339155832927,0.14628488856834523,-0.1635737419128418
Ibaraki2011,3028,7.900000095367432,7.793341636657715,7.757800420125325,0.06151510608463133,-0.1066584587097168
Ibaraki2011,3029,7.900000095367432,7.7870941162109375,7.733162879943848,0.09003162239070261,-0.11290597915649414
Ibaraki2011,3032,7.900000095367432,7.754482269287109,7.766324361165364,0.0412729870772674,-0.14551782608032227
Ibaraki2011,3033,7.900000095367432,7.896151542663574,7.903488794962565,0.11779070517174671,-0.003848552703857422
Ibaraki2011,3034,7.900000095367432,7.740985870361328,7.73314889272054,0.02072407220921632,-0.15901422500610352
Ibaraki2011,3035,7.900000095367432,7.7065253257751465,7.700647354125977,0.02367701198912938,-0.19347476959228516
Ibaraki2011,3036,7.900000095367432,7.7800612449646,7.805416266123454,0.06324554532736734,-0.11993885040283203
Ibaraki2011,3037,7.900000095367432,7.902392387390137,7.900002638498942,0.00636042326203304,0.002392292022705078
Ibaraki2011,3038,7.900000095367432,7.9046950340271,7.907419204711914,0.05775293387708742,0.004694938659667969
Ibaraki2011,3041,7.900000095367432,8.04170036315918,8.021012941996256,0.03322556267922113,0.14170026779174805
Ibaraki2011,3042,7.900000095367432,7.963522911071777,7.904737790425618,0.1038438878492167,0.0635228157043457
Ibaraki2011,3043,7.900000095367432,8.001554489135742,7.973900159200032,0.04845717512599666,0.10155439376831055
Ibaraki2011,3046,7.900000095367432,8.015905380249023,7.976449171702067,0.07119417878991816,0.1159052848815918
Ibaraki2011,3047,7.900000095367432,8.037184715270996,8.059245109558105,0.06195143073689243,0.13718461990356445
Ibaraki2011,3048,7.900000095367432,8.045214653015137,8.054009755452475,0.01710715928668577,0.14521455764770508
Ibaraki2011,3049,7.900000095367432,7.97540807723999,7.974737644195557,0.002203841099150482,0.0754079818725586
Ibaraki2011,3050,7.900000095367432,8.001585960388184,8.025746981302897,0.03884404661902971,0.10158586502075195
Ibaraki2011,3051,7.900000095367432,8.003668785095215,7.997317949930827,0.02630809479724181,0.1036686897277832
Ibaraki2011,3052,7.900000095367432,8.044601440429688,8.064813296000162,0.02950642836066777,0.14460134506225586
Ibaraki2011,3053,7.900000095367432,8.003351211547852,8.007976849873861,0.0072473237279199335,0.10335111618041992
Ibaraki2011,3055,7.900000095367432,8.062602996826172,8.061482111612955,0.004599889163404146,0.16260290145874023
Ibaraki2011,3057,7.900000095367432,8.00995922088623,7.998373031616211,0.056018452177119066,0.10995912551879883
Ibaraki2011,3059,7.900000095367432,7.964298248291016,7.964250405629476,0.05210814508273721,0.06429815292358398
Ibaraki2011,3060,7.900000095367432,7.980632781982422,7.926158905029297,0.09010365028683574,0.08063268661499023
Ibaraki2011,3062,7.900000095367432,8.091474533081055,8.084701855977377,0.009706420118967447,0.19147443771362305
Ibaraki2011,3063,7.900000095367432,7.786717891693115,7.7476396560668945,0.06758748002513579,-0.1132822036743164
Ibaraki2011,3064,7.900000095367432,7.723233699798584,7.732962926228841,0.05978392130790142,-0.17676639556884766
Ibaraki2011,3065,7.900000095367432,7.68988037109375,7.688536485036214,0.0048415402711886706,-0.21011972427368164
Ibaraki2011,3066,7.900000095367432,7.624335289001465,7.631734371185303,0.024425996682961054,-0.2756648063659668
Ibaraki2011,3067,7.900000095367432,7.832472801208496,7.828067143758138,0.03634705040815379,-0.06752729415893555
Ibaraki2011,3069,7.900000095367432,7.907417297363281,7.903406937917073,0.009963827072933631,0.007417201995849609
Ibaraki2011,3070,7.900000095367432,7.8902082443237305,7.882564703623454,0.041250868360797874,-0.009791851043701172
Ibaraki2011,3071,7.900000095367432,7.921034812927246,7.926379998524983,0.01771561831875668,0.021034717559814453
Ibaraki2011,3073,7.900000095367432,7.90241003036499,7.8773477872212725,0.0376291298113444,0.0024099349975585938
Ibaraki2011,3074,7.900000095367432,8.032867431640625,7.990323702494304,0.06524879185570294,0.13286733627319336
Ibaraki2011,3075,7.900000095367432,7.906047821044922,7.881350676218669,0.06083713228777865,0.006047725677490234
Ibaraki2011,3076,7.900000095367432,7.9211745262146,7.93319050470988,0.017186722882700924,0.02117443084716797
Ibaraki2011,3077,7.900000095367432,7.919822692871094,7.877444903055827,0.07695016872749007,0.01982259750366211
Ibaraki2011,3078,7.900000095367432,7.924037933349609,7.876984596252441,0.07800586814969025,0.024037837982177734
Ibaraki2011,3081,7.900000095367432,7.938677787780762,7.896271705627441,0.11402413786761646,0.03867769241333008
Ibaraki2011,3085,7.900000095367432,7.959929466247559,7.978631019592285,0.027007596850297917,0.05992937088012695
Ibaraki2011,3086,7.900000095367432,7.926012992858887,7.949018478393555,0.053059466145259374,0.026012897491455078
Ibaraki2011,3089,7.900000095367432,8.093775749206543,8.106697718302408,0.03193343875488937,0.19377565383911133
Ibaraki2011,3090,7.900000095367432,7.989816188812256,7.989405473073323,0.025473178789572733,0.08981609344482422
Ibaraki2011,3091,7.900000095367432,8.012679100036621,8.00931708017985,0.0807303283880846,0.11267900466918945
Ibaraki2011,3092,7.900000095367432,8.000895500183105,8.034530798594156,0.04829321806774607,0.10089540481567383
Ibaraki2011,3094,7.900000095367432,8.103636741638184,8.10838794708252,0.019627207468207366,0.20363664627075195
Ibaraki2011,3095,7.900000095367432,8.126943588256836,8.132248560587565,0.020256328959892732,0.2269434928894043
Ibaraki2011,3096,7.900000095367432,8.071361541748047,8.091510454813639,0.03174775338668465,0.17136144638061523
Ibaraki2011,3097,7.900000095367432,8.086130142211914,8.099945386250814,0.038920767696678495,0.18613004684448242
Ibaraki2011,3098,7.900000095367432,8.09610366821289,8.081576665242514,0.021077904975287793,0.19610357284545898
Ibaraki2011,3099,7.900000095367432,7.977475643157959,7.983884811401367,0.014027632157775862,0.07747554779052734
Ibaraki2011,3102,7.900000095367432,8.101412773132324,8.065881252288818,0.05276460510443891,0.20141267776489258
Ibaraki2011,3103,7.900000095367432,8.065481185913086,8.046884854634603,0.030382405375034106,0.1654810905456543
Ibaraki2011,3104,7.900000095367432,8.041472434997559,8.043450673421225,0.0431264595949275,0.14147233963012695
Ibaraki2011,5105,7.900000095367432,8.02254867553711,8.009886582692465,0.03389471456477056,0.12254858016967773
Ibaraki2011,5113,7.900000095367432,8.13833999633789,8.119559288024902,0.07933961385276998,0.23833990097045898
Illapel2015,ARJF,8.300000190734863,7.266460418701172,7.298277219136556,0.09995334552168447,-1.0335397720336914
Illapel2015,CATA,8.300000190734863,7.226907253265381,7.163990656534831,0.12442564326534207,-1.0730929374694824
Illapel2015,CNBA,8.300000190734863,7.990960597991943,8.0020219484965,0.08271324081808103,-0.3090395927429199
Illapel2015,JUNT,8.300000190734863,8.226892471313477,8.217266718546549,0.03081472835824998,-0.07310771942138672
Illapel2015,LSCH,8.300000190734863,8.148077964782715,8.179632186889648,0.05033304519442745,-0.15192222595214844
Illapel2015,LVIL,8.300000190734863,7.917884826660156,7.946736812591553,0.1683582535693787,-0.38211536407470703
Illapel2015,MRCG,8.300000190734863,7.170284271240234,7.575623035430908,0.6142942241310311,-1.129715919494629
Illapel2015,MZSR,8.300000190734863,7.265216827392578,7.52508544921875,0.3844123485764798,-1.0347833633422852
Illapel2015,NAVI,8.300000190734863,7.567250728607178,7.635306199391683,0.22041607022989962,-0.7327494621276855
Illapel2015,OVLL,8.300000190734863,8.211027145385742,8.210132280985514,0.04589966812610689,-0.0889730453491211
Illapel2015,PCMU,8.300000190734863,8.07459831237793,7.868906656901042,0.2979007409158307,-0.2254018783569336
Illapel2015,PEDR,8.300000190734863,8.16971206665039,8.184878985087076,0.050687067585540556,-0.13028812408447266
Illapel2015,PFRJ,8.300000190734863,8.1075439453125,8.14760939280192,0.0618541990931388,-0.19245624542236328
Illapel2015,RCSD,8.300000190734863,7.496007442474365,7.5558468500773115,0.24721096935135878,-0.803992748260498
Illapel2015,RIO4,8.300000190734863,7.099501609802246,7.211489995320638,0.17109658641679823,-1.2004985809326172
Illapel2015,SANT,8.300000190734863,7.646587371826172,7.6829423904418945,0.09364810165006433,-0.6534128189086914
Illapel2015,SL01,8.300000190734863,7.242345333099365,7.206276098887126,0.06503656177853055,-1.057654857635498
Illapel2015,TAMR,8.300000190734863,7.632213592529297,7.621669928232829,0.04807649405968222,-0.6677865982055664
Illapel2015,TOLO,8.300000190734863,8.176287651062012,8.186461130777994,0.03207418463645061,-0.12371253967285156
Illapel2015,UAIB,8.300000190734863,7.1301116943359375,7.204407374064128,0.10791529602899072,-1.1698884963989258
Illapel2015,UDAT,8.300000190734863,7.200273036956787,7.170262495676677,0.2146226567840566,-1.0997271537780762
Illapel2015,VALL,8.300000190734863,7.937252044677734,7.943172613779704,0.042393517078447504,-0.3627481460571289
Illapel2015,VALN,8.300000190734863,7.534876823425293,7.552174250284831,0.030306632670320077,-0.7651233673095703
Illapel2015,ZAPA,8.300000190734863,7.3533172607421875,7.293019612630208,0.1591445359644201,-0.9466829299926758
Iquique2014,AEDA,8.199999809265137,7.865333557128906,7.805427710215251,0.0875065512187378,-0.33466625213623047
Iquique2014,AREQ,8.199999809265137,7.159030914306641,7.188634395599365,0.22181134691693713,-1.040968894958496
Iquique2014,COLC,8.199999809265137,8.300017356872559,8.342358271280924,0.06955925808933643,0.10001754760742188
Iquique2014,IACR,8.199999809265137,7.9809675216674805,7.991852919260661,0.023038466473034255,-0.21903228759765625
Iquique2014,IQQE,8.199999809265137,8.186832427978516,8.204538345336914,0.030168024176066177,-0.013167381286621094
Iquique2014,MNMI,8.199999809265137,8.408424377441406,8.40438715616862,0.01146043430040247,0.20842456817626953
Iquique2014,PB01,8.199999809265137,7.961904048919678,7.950481096903483,0.05886780597417685,-0.23809576034545898
Iquique2014,PB02,8.199999809265137,7.6767706871032715,7.68176794052124,0.0732908955440199,-0.5232291221618652
Iquique2014,PB03,8.199999809265137,7.60623836517334,7.693200747172038,0.13189670468178172,-0.5937614440917969
Iquique2014,PB04,8.199999809265137,7.911262512207031,7.910730361938477,0.11397870859202769,-0.28873729705810547
Iquique2014,PB05,8.199999809265137,7.882707118988037,7.886423269907634,0.1906490403823671,-0.3172926902770996
Iquique2014,PB07,8.199999809265137,7.730063438415527,7.815296490987142,0.15162569284642025,-0.4699363708496094
Iquique2014,PB08,8.199999809265137,8.30671501159668,8.320375442504883,0.023282797389496172,0.10671520233154297
Iquique2014,PB11,8.199999809265137,8.422385215759277,8.421923319498697,0.04380423279109902,0.22238540649414062
Iquique2014,PCHA,8.199999809265137,8.417312622070312,8.393546104431152,0.0577682216868698,0.21731281280517578
Iquique2014,PICC,8.199999809265137,8.269125938415527,8.273969014485678,0.02812504458458964,0.06912612915039062
Iquique2014,PSGA,8.199999809265137,8.505544662475586,8.505895296732584,0.03080953747377388,0.3055448532104492
Iquique2014,RADO,8.199999809265137,7.7882399559021,7.789657751719157,0.10828518671791465,-0.4117598533630371
Iquique2014,UCNF,8.199999809265137,8.000577926635742,7.965062777201335,0.10713800031688261,-0.19942188262939453
Iquique2014,UTAR,8.199999809265137,8.023813247680664,8.011084715525309,0.03293341499238917,-0.17618656158447266
Kaikoura2016,AVLN,7.800000190734863,8.042540550231934,8.06687068939209,0.08896529079243633,0.2425403594970703
Kaikoura2016,CLSK,7.800000190734863,6.94159460067749,7.019977728525798,0.14694695527869805,-0.858405590057373
Kaikoura2016,DNVK,7.800000190734863,8.358447074890137,8.432343482971191,0.10861407578427487,0.5584468841552734
Kaikoura2016,GISB,7.800000190734863,8.503989219665527,8.433603604634603,0.09971364941689759,0.7039890289306641
Kaikoura2016,GLDB,7.800000190734863,7.99561071395874,8.028659184773764,0.07304482398442384,0.19561052322387695
Kaikoura2016,HAAS,7.800000190734863,8.451311111450195,8.4716583887736,0.14148422335421296,0.651310920715332
Kaikoura2016,HANM,7.800000190734863,8.121355056762695,8.10739008585612,0.11332366750922705,0.32135486602783203
Kaikoura2016,HAST,7.800000190734863,8.556905746459961,8.557752927144369,0.09296639048183737,0.7569055557250977
Kaikoura2016,HOKI,7.800000190734863,8.175552368164062,8.159818649291992,0.0335094037204502,0.3755521774291992
Kaikoura2016,KAIK,7.800000190734863,7.765860557556152,7.794245719909668,0.05686947587413881,-0.03413963317871094
Kaikoura2016,LKTA,7.800000190734863,8.053420066833496,8.027918497721354,0.054039244877745175,0.2534198760986328
Kaikoura2016,MAHA,7.800000190734863,8.281001091003418,8.229733149210611,0.08343694872825744,0.4810009002685547
Kaikoura2016,MAHO,7.800000190734863,8.278619766235352,8.230570793151855,0.17362460710497515,0.4786195755004883
Kaikoura2016,METH,7.800000190734863,7.250730037689209,7.347662766774495,0.22762680258494072,-0.5492701530456543
Kaikoura2016,MQZG,7.800000190734863,7.6062116622924805,7.580963293711345,0.04576840133752726,-0.1937885284423828
Kaikoura2016,MRBL,7.800000190734863,7.375453948974609,7.377623716990153,0.057928003235314926,-0.4245462417602539
Kaikoura2016,MTJO,7.800000190734863,8.03253173828125,8.07423766454061,0.10982409652937421,0.23253154754638672
Kaikoura2016,NLSN,7.800000190734863,7.679006099700928,7.797672748565674,0.23869793829517053,-0.12099409103393555
Kaikoura2016,NPLY,7.800000190734863,8.571917533874512,8.545137723286947,0.082376495995024,0.7719173431396484
Kaikoura2016,PAEK,7.800000190734863,8.110896110534668,8.127481460571289,0.08147409779947914,0.3108959197998047
Kaikoura2016,TAUP,7.800000190734863,7.872824668884277,7.843443870544434,0.22180332583228507,0.07282447814941406
Kaikoura2016,TKHL,7.800000190734863,7.999022483825684,8.013942241668701,0.06499048346186484,0.1990222930908203
Kaikoura2016,TORY,7.800000190734863,8.313867568969727,8.256098111470541,0.09152500479805153,0.5138673782348633
Kaikoura2016,TRWH,7.800000190734863,8.10047721862793,8.120784123738607,0.03120513040043284,0.3004770278930664
Kaikoura2016,VGMT,7.800000190734863,8.627043724060059,8.664992014567057,0.0584925152664763,0.8270435333251953
Kaikoura2016,WAIM,7.800000190734863,7.845059871673584,7.8172604242960615,0.08060961705346456,0.0450596809387207
Kaikoura2016,WANG,7.800000190734863,8.474018096923828,8.428382873535156,0.07305537849879801,0.6740179061889648
Kaikoura2016,WEST,7.800000190734863,8.212519645690918,8.213815371195475,0.05338036597710961,0.4125194549560547
Kaikoura2016,WGTN,7.800000190734863,8.100996017456055,8.047512372334799,0.11906653458644965,0.3009958267211914
Kaikoura2016,WITH,7.800000190734863,8.515153884887695,8.547540028889975,0.05566333339128373,0.715153694152832
Kaikoura2016,WRPA,7.800000190734863,8.157928466796875,8.152316411336264,0.06516650965845662,0.3579282760620117
Kaikoura2016,YALD,7.800000190734863,7.239768981933594,7.363043626149495,0.1843473994021555,-0.5602312088012695
Kilauea2018,AHUP,6.900000095367432,7.430459499359131,7.380478064219157,0.14899043286041036,0.5304594039916992
Kilauea2018,AINP,6.900000095367432,6.767796993255615,6.736800829569499,0.06288600484868725,-0.1322031021118164
Kilauea2018,BYRL,6.900000095367432,7.407128810882568,7.339084307352702,0.10287580437854402,0.5071287155151367
Kilauea2018,CNPK,6.900000095367432,7.388018608093262,7.331103324890137,0.09381237708492657,0.4880185127258301
Kilauea2018,CRIM,6.900000095367432,7.405501365661621,7.346335411071777,0.1337325733607075,0.5055012702941895
Kilauea2018,JCUZ,6.900000095367432,7.647434234619141,7.681464831034343,0.09772047918977177,0.747434139251709
Kilauea2018,KAEP,6.900000095367432,7.595808982849121,7.6013312339782715,0.10683721741448093,0.6958088874816895
Kilauea2018,KOSM,6.900000095367432,7.365778923034668,7.2942274411519366,0.12545044314978984,0.46577882766723633
Kilauea2018,MLPR,6.900000095367432,6.787615776062012,6.767854690551758,0.15303351913215793,-0.11238431930541992
Kilauea2018,MMAU,6.900000095367432,7.626686096191406,7.584474881490071,0.1134083041209971,0.7266860008239746
Kilauea2018,NPIT,6.900000095367432,7.430393218994141,7.340390682220459,0.1478084019618247,0.530393123626709
Kilauea2018,NPOC,6.900000095367432,7.648436546325684,7.679004828135173,0.08961622208686715,0.748436450958252
Kilauea2018,NUPM,6.900000095367432,7.640746116638184,7.599358240763347,0.11331514587433175,0.740746021270752
Kilauea2018,OUTL,6.900000095367432,7.363941192626953,7.320770422617595,0.1534478504051251,0.4639410972595215
Kilauea2018,UWEV,6.900000095367432,7.289459228515625,7.225770791371663,0.1278239080382482,0.38945913314819336
Kumamoto2016,0079,7.0,7.138800621032715,7.1409071286519366,0.1106365166566838,0.13880062103271484
Kumamoto2016,0083,7.0,6.639916896820068,6.843215306599935,0.38586327535291415,-0.36008310317993164
Kumamoto2016,0084,7.0,6.672369956970215,6.738842964172363,0.17577168324074793,-0.32763004302978516
Kumamoto2016,0085,7.0,7.162837028503418,7.152424494425456,0.06214781328966058,0.16283702850341797
Kumamoto2016,0086,7.0,6.868920803070068,6.878511428833008,0.07321459331832691,-0.13107919692993164
Kumamoto2016,0088,7.0,6.5261945724487305,6.67962121963501,0.237850642703561,-0.47380542755126953
Kumamoto2016,0089,7.0,7.705630302429199,7.696634769439697,0.033726258009701804,0.7056303024291992
Kumamoto2016,0090,7.0,7.232119560241699,7.304235458374023,0.1154653723862874,0.23211956024169922
Kumamoto2016,0093,7.0,7.181270599365234,7.043234666188558,0.30651494196600654,0.18127059936523438
Kumamoto2016,0094,7.0,6.927082061767578,6.857515652974446,0.1344743747411425,-0.07291793823242188
Kumamoto2016,0095,7.0,7.316173553466797,7.375662485758464,0.12986643790507735,0.3161735534667969
Kumamoto2016,0096,7.0,7.122608184814453,7.12236754099528,0.10595128565605509,0.12260818481445312
Kumamoto2016,0407,7.0,7.029204368591309,7.101545810699463,0.13145150558121124,0.029204368591308594
Kumamoto2016,0411,7.0,6.725181579589844,6.762858231862386,0.1133895434445837,-0.27481842041015625
Kumamoto2016,0412,7.0,7.098641872406006,7.01821247736613,0.12936658744036528,0.09864187240600586
Kumamoto2016,0413,7.0,6.973685264587402,6.9924289385477705,0.06735048111975438,-0.026314735412597656
Kumamoto2016,0420,7.0,7.388670921325684,7.270021915435791,0.2302223902905834,0.3886709213256836
Kumamoto2016,0435,7.0,7.184958457946777,7.103978633880615,0.14493702519972884,0.18495845794677734
Kumamoto2016,0436,7.0,7.286635398864746,7.224509080251058,0.14554219136715346,0.2866353988647461
Kumamoto2016,0437,7.0,7.201663017272949,7.190712134043376,0.08461765808169698,0.20166301727294922
Kumamoto2016,0439,7.0,7.126851558685303,7.128833452860515,0.19335960853931644,0.12685155868530273
Kumamoto2016,0441,7.0,7.341222286224365,7.359607060750325,0.10910355477082317,0.34122228622436523
Kumamoto2016,0443,7.0,7.28415584564209,7.27548615137736,0.167027657348015,0.28415584564208984
Kumamoto2016,0447,7.0,7.1232757568359375,7.024830500284831,0.23711351420247104,0.1232757568359375
Kumamoto2016,0448,7.0,7.1101813316345215,7.154906590779622,0.09419195328343,0.11018133163452148
Kumamoto2016,0449,7.0,7.173595428466797,7.203429539998372,0.07909559456038455,0.17359542846679688
Kumamoto2016,0450,7.0,7.016721248626709,7.032737572987874,0.14160035151873665,0.016721248626708984
Kumamoto2016,0451,7.0,7.50018835067749,7.460409959157308,0.1205944845294394,0.5001883506774902
Kumamoto2016,0452,7.0,7.620755672454834,7.6395188967386884,0.07132225553487036,0.620755672454834
Kumamoto2016,0453,7.0,7.510997772216797,7.501878579457601,0.031553671026722914,0.5109977722167969
Kumamoto2016,0454,7.0,6.794473171234131,6.7890275319417315,0.13208559250933444,-0.20552682876586914
Kumamoto2016,0455,7.0,7.113154411315918,7.094660758972168,0.0661287552114159,0.11315441131591797
Kumamoto2016,0461,7.0,7.190952301025391,7.19020144144694,0.1399376770958451,0.19095230102539062
Kumamoto2016,0463,7.0,7.176052093505859,7.181835651397705,0.13868628078608825,0.17605209350585938
Kumamoto2016,0464,7.0,7.00342321395874,7.031328996022542,0.05238818233351037,0.0034232139587402344
Kumamoto2016,0465,7.0,7.1626105308532715,7.094393889109294,0.22101238746694166,0.16261053085327148
Kumamoto2016,0466,7.0,7.401148796081543,7.384909947713216,0.1397085404226149,0.40114879608154297
Kumamoto2016,0468,7.0,6.869729518890381,6.942795753479004,0.170220751344834,-0.13027048110961914
Kumamoto2016,0469,7.0,7.832920074462891,7.813600063323975,0.038838720737827986,0.8329200744628906
Kumamoto2016,0470,7.0,6.591571807861328,6.68471622467041,0.16127598467728257,-0.4084281921386719
Kumamoto2016,0471,7.0,7.3952789306640625,7.456047058105469,0.19279892402145504,0.3952789306640625
Kumamoto2016,0472,7.0,6.80142879486084,6.749133904774983,0.14900879883836224,-0.19857120513916016
Kumamoto2016,0473,7.0,6.9877777099609375,6.9130814870198565,0.2760238933249682,-0.0122222900390625
Kumamoto2016,0474,7.0,7.1992597579956055,7.219001452128093,0.1612128080484022,0.19925975799560547
Kumamoto2016,0475,7.0,7.2618207931518555,7.3244907061258955,0.13031298460010043,0.26182079315185547
Kumamoto2016,0476,7.0,7.219969749450684,7.190623124440511,0.32160696067966044,0.2199697494506836
Kumamoto2016,0477,7.0,7.104300498962402,7.209432601928711,0.18473585639007586,0.10430049896240234
Kumamoto2016,0478,7.0,7.821595668792725,7.789109706878662,0.07428620330110806,0.8215956687927246
Kumamoto2016,0479,7.0,7.844088554382324,7.8094150225321455,0.06842326839042515,0.8440885543823242
Kumamoto2016,0480,7.0,7.1060309410095215,7.069997310638428,0.061546870466059646,0.10603094100952148
Kumamoto2016,0481,7.0,7.669229030609131,7.627867539723714,0.08312724125920307,0.6692290306091309
Kumamoto2016,0482,7.0,7.185442924499512,7.1583248774210615,0.22846329898955584,0.18544292449951172
Kumamoto2016,0483,7.0,6.857649803161621,6.989631334940593,0.20166981381179802,-0.1423501968383789
Kumamoto2016,0485,7.0,7.095946311950684,7.1723151206970215,0.12675263143201937,0.0959463119506836
Kumamoto2016,0486,7.0,7.484193325042725,7.552963892618815,0.15715149654810331,0.4841933250427246
Kumamoto2016,0489,7.0,6.982814788818359,7.073222319285075,0.17853481583045566,-0.017185211181640625
Kumamoto2016,0659,7.0,7.077950954437256,7.08272647857666,0.143568205990022,0.07795095443725586
Kumamoto2016,0669,7.0,6.877201080322266,6.879398028055827,0.11888569391560777,-0.12279891967773438
Kumamoto2016,0670,7.0,6.875752925872803,6.729620297749837,0.25847872248424325,-0.12424707412719727
Kumamoto2016,0681,7.0,7.321284294128418,7.284745375315349,0.11317896373724237,0.32128429412841797
Kumamoto2016,0683,7.0,6.724315643310547,6.721899032592773,0.22680239132553018,-0.2756843566894531
Kumamoto2016,0684,7.0,6.919299125671387,6.964175860087077,0.1418739721630835,-0.08070087432861328
Kumamoto2016,0685,7.0,7.459281921386719,7.339786529541016,0.19396117203827984,0.45928192138671875
Kumamoto2016,0686,7.0,7.523911952972412,7.465214888254802,0.14878935200018117,0.5239119529724121
Kumamoto2016,0687,7.0,7.424283504486084,7.4195685386657715,0.1023986309323437,0.424283504486084
Kumamoto2016,0688,7.0,7.648632049560547,7.622161865234375,0.0387173710794848,0.6486320495605469
Kumamoto2016,0689,7.0,7.069322109222412,6.952871640523274,0.22757672093355935,0.06932210922241211
Kumamoto2016,0693,7.0,7.202800750732422,7.20706574122111,0.12698949535765983,0.20280075073242188
Kumamoto2016,0694,7.0,7.252955436706543,7.234914302825928,0.16953128067357476,0.25295543670654297
Kumamoto2016,0695,7.0,7.227268218994141,7.208415349324544,0.13856113203103573,0.22726821899414062
Kumamoto2016,0696,7.0,7.257659912109375,7.240553696950276,0.1869733152497624,0.257659912109375
Kumamoto2016,0697,7.0,7.1807990074157715,7.202355861663818,0.1647234925691124,0.18079900741577148
Kumamoto2016,0699,7.0,7.69119930267334,7.652891159057617,0.0586055395801934,0.6911993026733398
Kumamoto2016,0700,7.0,7.431068420410156,7.441535631815593,0.059938360936382024,0.43106842041015625
Kumamoto2016,0701,7.0,7.917203426361084,8.005912621816,0.14222933955349254,0.917203426361084
Kumamoto2016,0702,7.0,7.624825954437256,7.648061752319336,0.05840529786175715,0.6248259544372559
Kumamoto2016,0703,7.0,6.8767523765563965,6.813804308573405,0.13203836980016664,-0.12324762344360352
Kumamoto2016,0704,7.0,7.538532257080078,7.532769203186035,0.24518739840347126,0.5385322570800781
Kumamoto2016,0705,7.0,6.8668928146362305,6.861043453216553,0.21558129673384716,-0.13310718536376953
Kumamoto2016,0706,7.0,7.024247646331787,6.936472733815511,0.1471266417199707,0.02424764633178711
Kumamoto2016,0707,7.0,7.688509941101074,7.684781551361084,0.06442734602980134,0.6885099411010742
Kumamoto2016,0709,7.0,6.790233612060547,6.733011881510417,0.19782075591746898,-0.20976638793945312
Kumamoto2016,0710,7.0,7.690123558044434,7.685813585917155,0.028234521865572935,0.6901235580444336
Kumamoto2016,0711,7.0,7.210835933685303,7.15929381052653,0.20155923448864035,0.21083593368530273
Kumamoto2016,0712,7.0,7.295060634613037,7.304220199584961,0.033954683028401406,0.2950606346130371
Kumamoto2016,0714,7.0,7.602902889251709,7.587406317392985,0.09590361773354934,0.602902889251709
Kumamoto2016,0715,7.0,7.17932653427124,7.31805944442749,0.23129079384808884,0.17932653427124023
Kumamoto2016,0716,7.0,7.40561056137085,7.466972192128499,0.15862859994236045,0.4056105613708496
Kumamoto2016,0719,7.0,7.242842674255371,7.297800064086914,0.17749272589008014,0.2428426742553711
Kumamoto2016,0720,7.0,7.264594078063965,7.289784113566081,0.17003462505348071,0.26459407806396484
Kumamoto2016,0721,7.0,7.049067497253418,7.146017869313558,0.15911349892696783,0.04906749725341797
Kumamoto2016,0771,7.0,7.2360358238220215,7.142470677693685,0.14140510508931564,0.23603582382202148
Kumamoto2016,0772,7.0,7.230640411376953,7.196237564086914,0.10111522308029106,0.23064041137695312
Kumamoto2016,0773,7.0,7.1634368896484375,7.153057257334392,0.16536966465191053,0.1634368896484375
Kumamoto2016,0774,7.0,7.110831260681152,7.121963659922282,0.09628524948706343,0.11083126068115234
Kumamoto2016,0775,7.0,7.073859214782715,7.095572312672933,0.0777434591595589,0.07385921478271484
Kumamoto2016,0777,7.0,7.057849884033203,7.153944333394368,0.15111219191619804,0.057849884033203125
Kumamoto2016,0828,7.0,7.002666473388672,6.82691748936971,0.2646180664302522,0.002666473388671875
Kumamoto2016,0829,7.0,7.164301872253418,7.106555779774983,0.11903166075748815,0.16430187225341797
Kumamoto2016,0830,7.0,6.500979423522949,6.605106512705485,0.2270813124797902,-0.4990205764770508
Kumamoto2016,0831,7.0,6.8117170333862305,6.858544826507568,0.1988925516894372,-0.18828296661376953
Kumamoto2016,0832,7.0,7.06662654876709,7.050283432006836,0.1963258825477464,0.06662654876708984
Kumamoto2016,0833,7.0,7.527729034423828,7.543324947357178,0.10152960757882788,0.5277290344238281
Kumamoto2016,0837,7.0,6.96722936630249,6.985709508260091,0.053581176629969966,-0.032770633697509766
Kumamoto2016,0846,7.0,6.76929235458374,6.836273829142253,0.09955511689775387,-0.23070764541625977
Kumamoto2016,1000,7.0,7.4775848388671875,7.503476142883301,0.04888533605123254,0.4775848388671875
Kumamoto2016,1023,7.0,6.603293418884277,6.618486722310384,0.1802528105453811,-0.39670658111572266
Kumamoto2016,1025,7.0,6.632749080657959,6.629025459289551,0.1203591009065922,-0.367250919342041
Kumamoto2016,1033,7.0,6.887290000915527,6.994488875071208,0.20563620235650423,-0.11270999908447266
Kumamoto2016,1037,7.0,6.94763708114624,7.0266397794087725,0.14146241203456153,-0.052362918853759766
Kumamoto2016,1039,7.0,7.142208099365234,7.166949113210042,0.0686323689950434,0.14220809936523438
Kumamoto2016,1042,7.0,7.718228816986084,7.470591386159261,0.3869965600054918,0.718228816986084
Kumamoto2016,1047,7.0,6.364706993103027,6.387122790018718,0.03858334963165883,-0.6352930068969727
Kumamoto2016,1048,7.0,7.0020551681518555,6.9736253420511884,0.04515454648741766,0.0020551681518554688
Kumamoto2016,1049,7.0,7.087203025817871,7.115245660146077,0.08884856385970813,0.0872030258178711
Kumamoto2016,1050,7.0,7.248053550720215,7.242532730102539,0.0689860128263824,0.24805355072021484
Kumamoto2016,1051,7.0,6.710594177246094,6.855852444966634,0.24304394060734566,-0.28940582275390625
Kumamoto2016,1052,7.0,7.283607482910156,7.317498207092285,0.11078248903185332,0.28360748291015625
Kumamoto2016,1054,7.0,7.378207206726074,7.38009786605835,0.017480403817618582,0.3782072067260742
Kumamoto2016,1056,7.0,7.051736354827881,7.006926377614339,0.1099185778603326,0.05173635482788086
Kumamoto2016,1058,7.0,7.145381927490234,7.114073435465495,0.15747581300322233,0.14538192749023438
Kumamoto2016,1059,7.0,6.981365203857422,7.072396755218506,0.1427833809610816,-0.018634796142578125
Kumamoto2016,1060,7.0,7.364920616149902,7.290023485819499,0.11435472245435169,0.36492061614990234
Kumamoto2016,1061,7.0,7.17318868637085,7.002386093139648,0.26963737638649715,0.1731886863708496
Kumamoto2016,1062,7.0,6.981578826904297,7.037500699361165,0.13530968891290585,-0.018421173095703125
Kumamoto2016,1063,7.0,7.482874870300293,7.578699588775635,0.16841461535658334,0.48287487030029297
Kumamoto2016,1064,7.0,7.769579887390137,7.728344599405925,0.12013136735430292,0.7695798873901367
Kumamoto2016,1065,7.0,6.949746608734131,6.960817337036133,0.08946737774607287,-0.05025339126586914
Kumamoto2016,1067,7.0,7.1176300048828125,6.995591163635254,0.2334954821731259,0.1176300048828125
Kumamoto2016,1068,7.0,7.1114959716796875,7.168081601460774,0.1361846384755671,0.1114959716796875
Kumamoto2016,1069,7.0,7.241042137145996,7.274577458699544,0.06681861143920194,0.2410421371459961
Kumamoto2016,1070,7.0,7.659889221191406,7.608230749766032,0.08992576793840583,0.6598892211914062
Kumamoto2016,1071,7.0,6.796617031097412,6.696831862131755,0.15745216036838117,-0.2033829689025879
Kumamoto2016,1073,7.0,7.631248474121094,7.5741777420043945,0.16646862452810063,0.6312484741210938
Kumamoto2016,1074,7.0,6.988198757171631,6.937548001607259,0.1345340131306999,-0.01180124282836914
Kumamoto2016,1075,7.0,7.261837005615234,7.306046009063721,0.0686379672917725,0.2618370056152344
Kumamoto2016,1076,7.0,7.857186794281006,7.844330787658691,0.04337959248590289,0.8571867942810059
Kumamoto2016,1077,7.0,6.782474517822266,6.774019559224446,0.19011914920288023,-0.21752548217773438
Kumamoto2016,1078,7.0,6.874415397644043,6.939514795939128,0.13276723621928527,-0.12558460235595703
Kumamoto2016,1079,7.0,7.140917778015137,7.053010622660319,0.2229638010418837,0.14091777801513672
Kumamoto2016,1080,7.0,7.233172416687012,7.18035364151001,0.31270169804443637,0.23317241668701172
Kumamoto2016,1081,7.0,7.420106410980225,7.4233832359313965,0.1887751708515831,0.4201064109802246
Kumamoto2016,1082,7.0,7.3304877281188965,7.380046208699544,0.14294135193309523,0.3304877281188965
Kumamoto2016,1083,7.0,7.015785217285156,6.924581050872803,0.1329663725107785,0.01578521728515625
Kumamoto2016,1084,7.0,6.320594787597656,6.271103541056315,0.2089122249046296,-0.6794052124023438
Kumamoto2016,1085,7.0,7.847545623779297,7.849309921264648,0.1354284555719626,0.8475456237792969
Kumamoto2016,1086,7.0,7.620797634124756,7.58200216293335,0.10912043406466508,0.6207976341247559
Kumamoto2016,1087,7.0,7.631893157958984,7.6620551745096845,0.07411018138101426,0.6318931579589844
Kumamoto2016,1088,7.0,7.370394706726074,7.407934665679932,0.08628557792612541,0.3703947067260742
Kumamoto2016,1089,7.0,7.455492973327637,7.515156904856364,0.09260432362639928,0.4554929733276367
Kumamoto2016,1118,7.0,6.958926200866699,6.8839826583862305,0.12900097348765707,-0.04107379913330078
Kumamoto2016,1119,7.0,6.727394104003906,6.96743106842041,0.34542293736029966,-0.27260589599609375
Kumamoto2016,1120,7.0,6.910002708435059,6.902581850687663,0.12732757259231223,-0.0899972915649414
Kumamoto2016,1123,7.0,7.190962791442871,7.112643559773763,0.3026456053539222,0.1909627914428711
Kumamoto2016,1124,7.0,7.200963497161865,7.059794743855794,0.24653171987103759,0.20096349716186523
Kumamoto2016,1125,7.0,6.981584072113037,6.958908716837565,0.14143305747347149,-0.01841592788696289
Kumamoto2016,1126,7.0,6.93295431137085,6.918070157368978,0.16428429337503447,-0.06704568862915039
Kumamoto2016,1132,7.0,7.065566062927246,6.95608123143514,0.24351974382787997,0.0655660629272461
Kumamoto2016,1133,7.0,7.106375694274902,7.17713737487793,0.11424840047684261,0.10637569427490234
Kumamoto2016,1134,7.0,6.595792293548584,6.676092147827148,0.2644676658997052,-0.404207706451416
Kumamoto2016,1137,7.0,6.999992370605469,6.949363390604655,0.11026414919471261,-7.62939453125e-06
Lefkada2015,PONT,6.5,6.8984174728393555,6.94750452041626,0.16010220460025082,0.39841747283935547
Lefkada2015,SPAN,6.5,6.516368865966797,6.4984893798828125,0.04127123527973856,0.016368865966796875
Lefkada2015,VLSM,6.5,6.654796600341797,6.6882883707682295,0.1791267169403272,0.15479660034179688
Maule2010,BTON,8.800000190734863,8.870477676391602,8.871933937072754,0.04883552723025076,0.07047748565673828
Maule2010,CMBA,8.800000190734863,8.839879989624023,8.862594286600748,0.04857018606399496,0.039879798889160156
Maule2010,CNBA,8.800000190734863,8.893037796020508,8.895482699076334,0.043814554062289374,0.09303760528564453
Maule2010,CONS,8.800000190734863,8.673454284667969,8.682024637858072,0.046108025435234214,-0.12654590606689453
Maule2010,CONZ,8.800000190734863,8.208610534667969,8.2015749613444,0.06600110337066342,-0.5913896560668945
Maule2010,CRZL,8.800000190734863,8.07532024383545,8.087976137797037,0.20016696401746337,-0.7246799468994141
Maule2010,EMAT,8.800000190734863,8.925337791442871,8.910520553588867,0.05638488631071204,0.1253376007080078
Maule2010,JUNT,8.800000190734863,7.813838005065918,7.92133903503418,0.4248133982662738,-0.9861621856689453
Maule2010,LSCH,8.800000190734863,7.551942348480225,7.82611099878947,0.4651872110389708,-1.2480578422546387
Maule2010,MAUL,8.800000190734863,8.724689483642578,8.759852091471354,0.07101378561031901,-0.07531070709228516
Maule2010,OVLL,8.800000190734863,8.865415573120117,8.860756874084473,0.027770015230690302,0.0654153823852539
Maule2010,PEDR,8.800000190734863,8.851595878601074,8.863333384195963,0.03480957243744765,0.05159568786621094
Maule2010,PFRJ,8.800000190734863,8.705276489257812,8.705222447713217,0.10130598948714041,-0.09472370147705078
Maule2010,RCSD,8.800000190734863,8.752473831176758,8.807296435038248,0.07866039848608246,-0.04752635955810547
Maule2010,ROBL,8.800000190734863,8.70172119140625,8.737135251363119,0.07431340571894596,-0.09827899932861328
Maule2010,SILL,8.800000190734863,8.173624038696289,8.161712646484375,0.15418298786832516,-0.6263761520385742
Maule2010,SJAV,8.800000190734863,8.656634330749512,8.678868929545084,0.045147600629354155,-0.14336585998535156
Maule2010,TOLO,8.800000190734863,8.905658721923828,8.897122065226236,0.0412934833840136,0.10565853118896484
Melinka2016,FUTF,7.599999904632568,7.6885175704956055,7.671525160471599,0.11098486622012485,0.08851766586303711
Melinka2016,MUER,7.599999904632568,6.744630336761475,6.730941454569499,0.14354530129484855,-0.8553695678710938
Melinka2016,QLLN,7.599999904632568,7.684863090515137,7.676588376363118,0.06192604696461036,0.08486318588256836
Melinka2016,RMBA,7.599999904632568,7.699363708496094,7.6613359451293945,0.18206259318380869,0.09936380386352539
Melinka2016,UDEC,7.599999904632568,7.232217311859131,7.315344174702962,0.2702409538106175,-0.3677825927734375
Mentawai2010,BSAT,7.800000190734863,7.996180534362793,8.011278629302979,0.0959122651302919,0.1961803436279297
Mentawai2010,KTET,7.800000190734863,7.554465293884277,7.501212437947591,0.12180238775876304,-0.24553489685058594
Mentawai2010,LNNG,7.800000190734863,6.770320892333984,6.694234689076741,0.10914597750624111,-1.029679298400879
Mentawai2010,MKMK,7.800000190734863,6.93772029876709,7.0425848960876465,0.17032444511251704,-0.8622798919677734
Mentawai2010,NGNG,7.800000190734863,7.045550346374512,7.039323329925537,0.09252441583044634,-0.7544498443603516
Mentawai2010,PKRT,7.800000190734863,7.43380880355835,7.450174649556478,0.08213235853169372,-0.36619138717651367
Mentawai2010,PRKB,7.800000190734863,7.980008602142334,7.979513645172119,0.08616152623302441,0.1800084114074707
Mentawai2010,SLBU,7.800000190734863,7.95740270614624,8.00103267033895,0.09363675135377429,0.15740251541137695
Mentawai2010,SMGY,7.800000190734863,7.801185607910156,7.837813059488933,0.11726866345018239,0.0011854171752929688
Miyagi2011A,0016,7.300000190734863,7.997725486755371,8.022374788920084,0.09111312163192929,0.6977252960205078
Miyagi2011A,0026,7.300000190734863,7.394556999206543,7.422953446706136,0.04362849882297535,0.09455680847167969
Miyagi2011A,0028,7.300000190734863,7.435333251953125,7.422079881032308,0.02362236411999657,0.13533306121826172
Miyagi2011A,0032,7.300000190734863,7.599998474121094,7.600441137949626,0.005802740007698334,0.29999828338623047
Miyagi2011A,0036,7.300000190734863,7.496402740478516,7.507413228352864,0.054254068109763194,0.19640254974365234
Miyagi2011A,0144,7.300000190734863,8.147968292236328,8.120319048563639,0.13094493298105225,0.8479681015014648
Miyagi2011A,0145,7.300000190734863,7.5767011642456055,7.565970420837402,0.2351365158273953,0.2767009735107422
Miyagi2011A,0149,7.300000190734863,7.9730987548828125,7.970925649007161,0.07328445766732353,0.6730985641479492
Miyagi2011A,0151,7.300000190734863,7.540831565856934,7.557342688242595,0.10931596072578473,0.2408313751220703
Miyagi2011A,0152,7.300000190734863,7.442790985107422,7.497061093648274,0.250837898141019,0.1427907943725586
Miyagi2011A,0153,7.300000190734863,7.557614803314209,7.56616226832072,0.0584694932697707,0.2576146125793457
Miyagi2011A,0158,7.300000190734863,7.503279685974121,7.449728965759277,0.08264500368216178,0.2032794952392578
Miyagi2011A,0159,7.300000190734863,7.43979024887085,7.440855820973714,0.04474376592929816,0.13979005813598633
Miyagi2011A,0160,7.300000190734863,7.515948295593262,7.520422458648682,0.019220293666321147,0.21594810485839844
Miyagi2011A,0161,7.300000190734863,7.451352596282959,7.459635575612386,0.01685431288414018,0.1513524055480957
Miyagi2011A,0162,7.300000190734863,7.4443182945251465,7.424567063649495,0.08014160001055268,0.1443181037902832
Miyagi2011A,0163,7.300000190734863,7.435216426849365,7.458921432495117,0.06122789714746417,0.13521623611450195
Miyagi2011A,0164,7.300000190734863,7.388505458831787,7.409605026245117,0.04617966257249033,0.08850526809692383
Miyagi2011A,0165,7.300000190734863,7.597023010253906,7.592849095662435,0.01981244729203171,0.29702281951904297
Miyagi2011A,0166,7.300000190734863,7.415306091308594,7.415370146433513,0.0636013462726725,0.11530590057373047
Miyagi2011A,0167,7.300000190734863,7.459339141845703,7.464897632598877,0.02468328177267587,0.15933895111083984
Miyagi2011A,0169,7.300000190734863,7.426344871520996,7.429385503133138,0.021593586643573418,0.1263446807861328
Miyagi2011A,0170,7.300000190734863,7.617098808288574,7.599935213724772,0.043761744305375064,0.31709861755371094
Miyagi2011A,0172,7.300000190734863,7.63254451751709,7.651129086812337,0.044105981822247876,0.33254432678222656
Miyagi2011A,0173,7.300000190734863,7.4714155197143555,7.463193416595459,0.040968826707497345,0.1714153289794922
Miyagi2011A,0174,7.300000190734863,7.448570251464844,7.464325904846191,0.09235834652891817,0.14857006072998047
Miyagi2011A,0175,7.300000190734863,7.542545318603516,7.573643684387207,0.053773649232037445,0.24254512786865234
Miyagi2011A,0181,7.300000190734863,7.511404991149902,7.524362564086914,0.18820738093557723,0.21140480041503906
Miyagi2011A,0182,7.300000190734863,7.594210624694824,7.572335720062256,0.10109951485954718,0.29421043395996094
Miyagi2011A,0184,7.300000190734863,7.664851188659668,7.57923952738444,0.13927337740406345,0.3648509979248047
Miyagi2011A,0186,7.300000190734863,7.522672176361084,7.496577421824138,0.1630408119537714,0.2226719856262207
Miyagi2011A,0187,7.300000190734863,7.354836940765381,7.388303756713867,0.09676720273197915,0.05483675003051758
Miyagi2011A,0188,7.300000190734863,7.713146209716797,7.666854540506999,0.07271594796607739,0.4131460189819336
Miyagi2011A,0189,7.300000190734863,7.740645408630371,7.705109755198161,0.07781007731428094,0.4406452178955078
Miyagi2011A,0191,7.300000190734863,7.573920249938965,7.588919957478841,0.06676246010229726,0.27392005920410156
Miyagi2011A,0194,7.300000190734863,7.567206382751465,7.5304215749104815,0.13648783684293941,0.26720619201660156
Miyagi2011A,0201,7.300000190734863,7.276967525482178,7.295333067576091,0.0684182337194573,-0.023032665252685547
Miyagi2011A,0232,7.300000190734863,7.27161169052124,7.28801949818929,0.07944715494927419,-0.028388500213623047
Miyagi2011A,0265,7.300000190734863,7.211099147796631,7.2040635744730634,0.19093947609057432,-0.08890104293823242
Miyagi2011A,0336,7.300000190734863,7.293702602386475,7.286513169606526,0.09552383670268662,-0.006297588348388672
Miyagi2011A,0527,7.300000190734863,7.616442680358887,7.64611832300822,0.12841498067731819,0.31644248962402344
Miyagi2011A,0533,7.300000190734863,7.25281286239624,7.216593265533447,0.1405288122016052,-0.04718732833862305
Miyagi2011A,0535,7.300000190734863,7.705234527587891,7.700636227925618,0.08503980649643898,0.40523433685302734
Miyagi2011A,0538,7.300000190734863,7.9482831954956055,7.942620913187663,0.04022194852336578,0.6482830047607422
Miyagi2011A,0540,7.300000190734863,7.424289703369141,7.409940242767334,0.11437628636057164,0.12428951263427734
Miyagi2011A,0541,7.300000190734863,7.395464897155762,7.3821760813395185,0.07203025917778083,0.09546470642089844
Miyagi2011A,0542,7.300000190734863,7.415805816650391,7.374517758687337,0.07163933256803202,0.11580562591552734
Miyagi2011A,0543,7.300000190734863,7.571019649505615,7.56706428527832,0.01615474792402957,0.27101945877075195
Miyagi2011A,0546,7.300000190734863,7.558917999267578,7.568328062693278,0.03687524738565012,0.25891780853271484
Miyagi2011A,0547,7.300000190734863,7.333825588226318,7.313351154327393,0.03944838081352384,0.03382539749145508
Miyagi2011A,0548,7.300000190734863,7.497495174407959,7.514878749847412,0.08494122187628453,0.1974949836730957
Miyagi2011A,0549,7.300000190734863,7.4171600341796875,7.415293057759603,0.03020123189687311,0.11715984344482422
Miyagi2011A,0552,7.300000190734863,7.615355491638184,7.541446050008138,0.12502527450070836,0.3153553009033203
Miyagi2011A,0553,7.300000190734863,7.523820400238037,7.587991237640381,0.09113355449353201,0.22382020950317383
Miyagi2011A,0592,7.300000190734863,7.301490783691406,7.321590582529704,0.07081989134384802,0.0014905929565429688
Miyagi2011A,0630,7.300000190734863,7.6687750816345215,7.655099709828694,0.06418809394006796,0.3687748908996582
Miyagi2011A,0792,7.300000190734863,7.727236747741699,7.548391819000244,0.299578603166855,0.42723655700683594
Miyagi2011A,0795,7.300000190734863,7.433367729187012,7.401589552561442,0.07227528586141925,0.13336753845214844
Miyagi2011A,0796,7.300000190734863,7.458290100097656,7.461681048075358,0.05905216733937337,0.15828990936279297
Miyagi2011A,0798,7.300000190734863,7.538194179534912,7.541884740193685,0.11592941972762966,0.23819398880004883
Miyagi2011A,0807,7.300000190734863,7.583182334899902,7.502658526102702,0.1824167963245557,0.28318214416503906
Miyagi2011A,0892,7.300000190734863,7.965867519378662,7.9530917803446455,0.09618235163840226,0.6658673286437988
Miyagi2011A,0897,7.300000190734863,7.365231990814209,7.421624660491943,0.13708860131936157,0.0652318000793457
Miyagi2011A,0899,7.300000190734863,7.5494794845581055,7.5207390785217285,0.041187422627745426,0.2494792938232422
Miyagi2011A,0901,7.300000190734863,7.328848838806152,7.352959791819255,0.046148369846049205,0.028848648071289062
Miyagi2011A,0902,7.300000190734863,7.277369499206543,7.360671838124593,0.13828126586458658,-0.022630691528320312
Miyagi2011A,0903,7.300000190734863,7.736328125,7.747734546661377,0.031632362535281594,0.4363279342651367
Miyagi2011A,0904,7.300000190734863,7.414484977722168,7.42141056060791,0.011990626203990138,0.11448478698730469
Miyagi2011A,0905,7.300000190734863,7.360820770263672,7.414074897766113,0.08309285141775513,0.060820579528808594
Miyagi2011A,0906,7.300000190734863,7.2009124755859375,7.21324888865153,0.0839947786585487,-0.09908771514892578
Miyagi2011A,0907,7.300000190734863,7.338320732116699,7.362242221832275,0.057036547559619295,0.03832054138183594
Miyagi2011A,0908,7.300000190734863,7.325734615325928,7.387550036112468,0.08800990786969631,0.025734424591064453
Miyagi2011A,0909,7.300000190734863,7.397280693054199,7.428998629252116,0.06415231110458659,0.09728050231933594
Miyagi2011A,0910,7.300000190734863,7.449336051940918,7.455564975738525,0.036563847477873446,0.1493358612060547
Miyagi2011A,0912,7.300000190734863,7.422570705413818,7.4364190101623535,0.031934601292125775,0.12257051467895508
Miyagi2011A,0913,7.300000190734863,7.4938812255859375,7.537654558817546,0.08903042969488735,0.19388103485107422
Miyagi2011A,0914,7.300000190734863,7.553786277770996,7.55259895324707,0.023419203325660533,0.2537860870361328
Miyagi2011A,0916,7.300000190734863,7.505221366882324,7.515838464101155,0.04056505473375448,0.20522117614746094
Miyagi2011A,0917,7.300000190734863,7.379927635192871,7.402129491170247,0.05855953922116514,0.07992744445800781
Miyagi2011A,0922,7.300000190734863,7.368798732757568,7.445999304453532,0.1522147680636941,0.06879854202270508
Miyagi2011A,0924,7.300000190734863,7.493377685546875,7.493404070536296,0.008505063402715037,0.19337749481201172
Miyagi2011A,0926,7.300000190734863,7.618686676025391,7.641615708669026,0.04719347058616538,0.31868648529052734
Miyagi2011A,0928,7.300000190734863,7.419553279876709,7.4012447992960615,0.032864148812975544,0.1195530891418457
Miyagi2011A,0970,7.300000190734863,7.454746246337891,7.458653450012207,0.024170711560927538,0.15474605560302734
Miyagi2011B,0032,7.099999904632568,6.993915557861328,7.0976559321085615,0.16939410330437568,-0.10608434677124023
Miyagi2011B,0037,7.099999904632568,6.719871520996094,6.67753537495931,0.12852733083425033,-0.3801283836364746
Miyagi2011B,0059,7.099999904632568,7.119433403015137,7.1529107093811035,0.05681367966029634,0.01943349838256836
Miyagi2011B,0112,7.099999904632568,7.142730712890625,7.242550373077393,0.2028066317833976,0.04273080825805664
Miyagi2011B,0129,7.099999904632568,7.17071533203125,7.289688269297282,0.2042176565690599,0.07071542739868164
Miyagi2011B,0173,7.099999904632568,6.464653015136719,6.417379220326741,0.23572463030796537,-0.6353468894958496
Miyagi2011B,0176,7.099999904632568,6.825969696044922,6.750253995259603,0.1665726454398109,-0.2740302085876465
Miyagi2011B,0187,7.099999904632568,6.839241027832031,6.872663815816243,0.11672467207346375,-0.2607588768005371
Miyagi2011B,0195,7.099999904632568,7.122749328613281,7.0858354568481445,0.13045196247551488,0.02274942398071289
Miyagi2011B,0228,7.099999904632568,7.421262264251709,7.395084540049235,0.11890296149502064,0.3212623596191406
Miyagi2011B,0335,7.099999904632568,7.086086273193359,7.0733160972595215,0.03795276900955387,-0.013913631439208984
Miyagi2011B,0533,7.099999904632568,7.263152122497559,7.124522527058919,0.23978974344397383,0.16315221786499023
Miyagi2011B,0537,7.099999904632568,6.7470245361328125,6.771804491678874,0.08697580961977994,-0.35297536849975586
Miyagi2011B,0538,7.099999904632568,6.226598262786865,6.360329310099284,0.19766553232789238,-0.8734016418457031
Miyagi2011B,0540,7.099999904632568,7.238819122314453,7.213924884796143,0.05295182970676417,0.13881921768188477
Miyagi2011B,0544,7.099999904632568,6.674007415771484,6.715189774831136,0.21966840536967686,-0.425992488861084
Miyagi2011B,0546,7.099999904632568,6.633103847503662,6.605058670043945,0.04443246520980297,-0.46689605712890625
Miyagi2011B,0548,7.099999904632568,6.6176605224609375,6.674146970113118,0.10117568739554529,-0.48233938217163086
Miyagi2011B,0552,7.099999904632568,7.050266265869141,7.04919449488322,0.11641020513327105,-0.049733638763427734
Miyagi2011B,0556,7.099999904632568,6.717252254486084,6.721284866333008,0.051690052704617184,-0.3827476501464844
Miyagi2011B,0590,7.099999904632568,6.858479976654053,6.887919267018636,0.0652900676182301,-0.24151992797851562
Miyagi2011B,0634,7.099999904632568,6.838922023773193,6.825050512949626,0.10420006938538769,-0.261077880859375
Miyagi2011B,0648,7.099999904632568,6.958591461181641,6.988404750823975,0.07124529085919526,-0.14140844345092773
Miyagi2011B,0779,7.099999904632568,7.168263912200928,7.18769645690918,0.06583729255829013,0.06826400756835938
Miyagi2011B,0795,7.099999904632568,6.768248558044434,6.736545244852702,0.38055770433518715,-0.33175134658813477
Miyagi2011B,0796,7.099999904632568,6.501490592956543,6.431429862976074,0.13115764925642345,-0.5985093116760254
Miyagi2011B,0797,7.099999904632568,6.529107570648193,6.589611530303955,0.2945570410043341,-0.570892333984375
Miyagi2011B,0803,7.099999904632568,7.050149440765381,7.0161722501118975,0.1839005966392376,-0.0498504638671875
Miyagi2011B,0844,7.099999904632568,6.546868801116943,6.42689307530721,0.28471425519083166,-0.553131103515625
Miyagi2011B,0845,7.099999904632568,7.009622097015381,6.968270301818848,0.07996676821838924,-0.0903778076171875
Miyagi2011B,0867,7.099999904632568,7.36004638671875,7.400042692820231,0.24952206710277666,0.26004648208618164
Miyagi2011B,0877,7.099999904632568,7.151902675628662,7.042733669281006,0.2832757667000012,0.05190277099609375
Miyagi2011B,0902,7.099999904632568,6.5576019287109375,6.712112903594971,0.40464150325632653,-0.5423979759216309
Miyagi2011B,0907,7.099999904632568,6.510400295257568,6.379273891448975,0.19831871875431228,-0.589599609375
Miyagi2011B,0908,7.099999904632568,6.687894344329834,6.696070194244385,0.12833548080535861,-0.4121055603027344
Miyagi2011B,0909,7.099999904632568,6.5670318603515625,6.505800565083821,0.30254730033160854,-0.5329680442810059
Miyagi2011B,0912,7.099999904632568,6.1966657638549805,6.251456578572591,0.19614032918771382,-0.9033341407775879
Miyagi2011B,0914,7.099999904632568,7.0271148681640625,6.968377908070882,0.20953171489452685,-0.07288503646850586
Miyagi2011B,0915,7.099999904632568,6.8269476890563965,6.800027847290039,0.126912947821725,-0.2730522155761719
Miyagi2011B,0916,7.099999904632568,6.544750213623047,6.641008694966634,0.2531491353256085,-0.5552496910095215
Miyagi2011B,0931,7.099999904632568,6.744664669036865,6.681278387705485,0.1339457872732633,-0.3553352355957031
Miyagi2011B,0944,7.099999904632568,7.760201930999756,7.661800543467204,0.15359702960875915,0.6602020263671875
Miyagi2011B,0949,7.099999904632568,6.649949550628662,6.732861042022705,0.11764960812538275,-0.45005035400390625
Miyagi2011B,0957,7.099999904632568,7.267993927001953,7.237263202667236,0.2085923777063659,0.16799402236938477
Miyagi2011B,0980,7.099999904632568,7.760321617126465,7.850288391113281,0.218371870983197,0.6603217124938965
Miyagi2011B,1102,7.099999904632568,7.028759002685547,7.066578070322673,0.1127796017119895,-0.07124090194702148
Napa2014,CMBB,6.019999980926514,6.935910701751709,6.97621218363444,0.11805498261447069,0.9159107208251953
Napa2014,DIXN,6.019999980926514,6.8228302001953125,6.832878589630127,0.06250637129318136,0.8028302192687988
Napa2014,GASB,6.019999980926514,7.037357330322266,7.068707466125488,0.05060951580981308,1.017357349395752
Napa2014,MODB,6.019999980926514,8.037137985229492,8.029635111490885,0.03500927618228246,2.0171380043029785
Napa2014,P059,6.019999980926514,7.480368614196777,7.353645960489909,0.2138031816224028,1.4603686332702637
Napa2014,P095,6.019999980926514,7.939337730407715,7.975623766581218,0.07406853715525534,1.9193377494812012
Napa2014,P127,6.019999980926514,7.784148216247559,7.754677454630534,0.25702803049225953,1.764148235321045
Napa2014,P140,6.019999980926514,7.005910396575928,6.991755326588948,0.08333752124353548,0.9859104156494141
Napa2014,P146,6.019999980926514,6.947199821472168,6.987132708231608,0.0855253338150228,0.9271998405456543
Napa2014,P186,6.019999980926514,7.238089561462402,7.189961592356364,0.1302689576549073,1.2180895805358887
Napa2014,P197,6.019999980926514,6.495900630950928,6.499783992767334,0.032086863561007435,0.47590065002441406
Napa2014,P199,6.019999980926514,6.399415493011475,6.389735062917073,0.02676235230895808,0.37941551208496094
Napa2014,P200,6.019999980926514,6.340267181396484,6.344544092814128,0.007942712116130627,0.3202672004699707
Napa2014,P202,6.019999980926514,6.348941802978516,6.316761016845703,0.05014656001344998,0.32894182205200195
Napa2014,P214,6.019999980926514,6.916110992431641,6.945789019266765,0.05390432195779819,0.896111011505127
Napa2014,P217,6.019999980926514,6.72616720199585,6.725765864054362,0.004443801552007303,0.7061672210693359
Napa2014,P261,6.019999980926514,6.264403343200684,6.276853879292806,0.019270318270875945,0.24440336227416992
Napa2014,P264,6.019999980926514,6.323429107666016,6.304511706034343,0.0498954887246252,0.30342912673950195
Napa2014,P271,6.019999980926514,6.734748840332031,6.7208638191223145,0.07900966843966067,0.7147488594055176
Napa2014,P272,6.019999980926514,6.9884748458862305,6.887601375579834,0.18053391790536374,0.9684748649597168
Napa2014,P274,6.019999980926514,6.887685298919678,6.816257158915202,0.10983694865326078,0.8676853179931641
Napa2014,P276,6.019999980926514,6.914874076843262,6.897909164428711,0.07014363267680843,0.894874095916748
Napa2014,P319,6.019999980926514,7.353448390960693,7.392268816630046,0.10008434430921807,1.3334484100341797
Napa2014,P340,6.019999980926514,6.9535064697265625,6.887435595194499,0.17662533399143684,0.9335064888000488
Napa2014,SUTB,6.019999980926514,6.807061672210693,6.787522315979004,0.032924108287044035,0.7870616912841797
Napa2014,SVIN,6.019999980926514,6.607985496520996,6.610927899678548,0.13346499450986068,0.5879855155944824
Napa2014,UCD1,6.019999980926514,6.8922834396362305,6.848875045776367,0.07620281786574626,0.8722834587097168
Napa2014,WINT,6.019999980926514,6.8975067138671875,6.91309118270874,0.05788207405403139,0.8775067329406738
Nepal2015,CHLM,7.800000190734863,7.797084808349609,7.801063219706218,0.005836960833719637,-0.0029153823852539062
Nepal2015,KKN4,7.800000190734863,7.690333366394043,7.652417341868083,0.08952063090840667,-0.10966682434082031
Nepal2015,NAST,7.800000190734863,7.775182247161865,7.727756977081299,0.08390111305483243,-0.024817943572998047
Nepal2015,RMTE,7.800000190734863,7.875843048095703,7.910590807596843,0.08090241853569066,0.07584285736083984
Nepal2015,SNDL,7.800000190734863,7.960483551025391,7.983487447102864,0.039360608387329396,0.16048336029052734
Nepal2015,SYBC,7.800000190734863,7.566928863525391,7.614315986633301,0.07203643058725066,-0.23307132720947266
Nicoya2012,CABA,7.599999904632568,7.323871612548828,7.401514371236165,0.13658301678407422,-0.27612829208374023
Nicoya2012,EPZA,7.599999904632568,7.111537933349609,7.130322456359863,0.13360609512105856,-0.488461971282959
Nicoya2012,HATI,7.599999904632568,7.312392234802246,7.22424856821696,0.17634921572049952,-0.28760766983032227
Nicoya2012,LMNL,7.599999904632568,7.503009796142578,7.495601812998454,0.01988361674525864,-0.09699010848999023
Nicoya2012,PUJE,7.599999904632568,7.343878746032715,7.352902094523112,0.21863787789062172,-0.2561211585998535
Nicoya2012,PUMO,7.599999904632568,7.128344535827637,7.141911506652832,0.032803680460893936,-0.47165536880493164
Nicoya2012,QSEC,7.599999904632568,7.3574934005737305,7.350371678670247,0.1276800527349524,-0.2425065040588379
Nicoya2012,SAJU,7.599999904632568,7.422811031341553,7.401164213816325,0.11351585896169811,-0.17718887329101562
Nicoya2012,VERA,7.599999904632568,7.741645812988281,7.75942325592041,0.04478613246237594,0.1416459083557129
Noto2024,0030,7.5,7.602563381195068,7.4460476239522295,0.30008636657653015,0.10256338119506836
Noto2024,0031,7.5,7.106864929199219,7.176749070485433,0.1370482602181068,-0.39313507080078125
Noto2024,0032,7.5,7.539872646331787,7.498412450154622,0.22236995197116727,0.03987264633178711
Noto2024,0038,7.5,7.328387260437012,7.386420885721843,0.23284658141209025,-0.17161273956298828
Noto2024,0040,7.5,7.472251892089844,7.565153439839681,0.21542358595505948,-0.02774810791015625
Noto2024,0041,7.5,7.7000555992126465,7.8033553759257,0.23815721781805083,0.20005559921264648
Noto2024,0042,7.5,7.738702297210693,7.849733034769694,0.2439280700992338,0.23870229721069336
Noto2024,0043,7.5,7.605345726013184,7.669779300689697,0.22769233995957217,0.1053457260131836
Noto2024,0044,7.5,7.720026969909668,7.807254632314046,0.2231721118368389,0.22002696990966797
Noto2024,0045,7.5,7.595571041107178,7.731965700785319,0.19804650203637425,0.09557104110717773
Noto2024,0046,7.5,7.7981061935424805,7.865720113118489,0.14666158292229153,0.29810619354248047
Noto2024,0047,7.5,7.257678031921387,7.221092542012532,0.13048850780409518,-0.24232196807861328
Noto2024,0048,7.5,7.717842102050781,7.836102485656738,0.2220303444814744,0.21784210205078125
Noto2024,0049,7.5,7.371966361999512,7.375354448954265,0.02228083090016174,-0.12803363800048828
Noto2024,0050,7.5,7.8454999923706055,7.8703293800354,0.04415153040304924,0.34549999237060547
Noto2024,0051,7.5,7.8692779541015625,7.8897294998168945,0.15029927300304233,0.3692779541015625
Noto2024,0052,7.5,7.91397762298584,7.965019067128499,0.11018903730852264,0.41397762298583984
Noto2024,0054,7.5,6.852252006530762,6.960714340209961,0.22624684260422928,-0.6477479934692383
Noto2024,0055,7.5,7.386794090270996,7.359297275543213,0.09819063428514087,-0.1132059097290039
Noto2024,0058,7.5,7.522475242614746,7.579832394917806,0.24354780295132705,0.022475242614746094
Noto2024,0059,7.5,6.918243408203125,6.89683469136556,0.10446667188013428,-0.581756591796875
Noto2024,0067,7.5,7.272429466247559,7.193632920583089,0.15675067911684548,-0.2275705337524414
Noto2024,0184,7.5,7.422248840332031,7.501146634419759,0.12342849405452476,-0.07775115966796875
Noto2024,0186,7.5,7.5108642578125,7.29648478825887,0.41736416976506235,0.0108642578125
Noto2024,0188,7.5,7.262493133544922,7.191620508829753,0.36216520674877567,-0.23750686645507812
Noto2024,0191,7.5,6.942988395690918,7.1047797203063965,0.24233650395971823,-0.557011604309082
Noto2024,0192,7.5,6.757803916931152,6.942117691040039,0.2859640185975421,-0.7421960830688477
Noto2024,0194,7.5,7.373702049255371,7.122874577840169,0.3705278728393588,-0.1262979507446289
Noto2024,0195,7.5,7.237229824066162,7.119965076446533,0.2160331564340787,-0.2627701759338379
Noto2024,0196,7.5,7.198248863220215,7.252648989359538,0.5698485839501327,-0.30175113677978516
Noto2024,0197,7.5,7.489981651306152,7.45890744527181,0.14791964368619054,-0.010018348693847656
Noto2024,0198,7.5,7.238521575927734,7.396089871724446,0.3495805460843185,-0.2614784240722656
Noto2024,0201,7.5,6.9448089599609375,6.76000181833903,0.2941642255935213,-0.5551910400390625
Noto2024,0202,7.5,7.337033748626709,7.406854470570882,0.21643045396426627,-0.16296625137329102
Noto2024,0203,7.5,7.467652797698975,7.562136173248291,0.37515276364561634,-0.03234720230102539
Noto2024,0204,7.5,7.478026390075684,7.538388729095459,0.22133290828696212,-0.021973609924316406
Noto2024,0205,7.5,7.344808101654053,7.470219771067302,0.48132180726745816,-0.15519189834594727
Noto2024,0206,7.5,7.42392635345459,7.5846207936604815,0.2304475301143252,-0.07607364654541016
Noto2024,0207,7.5,7.5892157554626465,7.651426633199056,0.20027001839580846,0.08921575546264648
Noto2024,0209,7.5,7.491368770599365,7.416850407918294,0.11629520083721055,-0.008631229400634766
Noto2024,0210,7.5,7.242698669433594,7.452720483144124,0.39590773961613934,-0.25730133056640625
Noto2024,0211,7.5,7.404087066650391,7.540858427683513,0.40375383067924175,-0.09591293334960938
Noto2024,0212,7.5,7.2850494384765625,7.487885475158691,0.36912905199977736,-0.2149505615234375
Noto2024,0213,7.5,7.404757499694824,7.634354750315349,0.35418495103861497,-0.09524250030517578
Noto2024,0214,7.5,7.729865074157715,7.797929922739665,0.26304849955390247,0.22986507415771484
Noto2024,0215,7.5,7.369293212890625,7.602049191792806,0.34126229152928655,-0.130706787109375
Noto2024,0216,7.5,7.866683006286621,7.928967157999675,0.21394557061218006,0.3666830062866211
Noto2024,0217,7.5,7.635334014892578,7.679797808329265,0.3338059191446352,0.13533401489257812
Noto2024,0218,7.5,7.5849127769470215,7.62480354309082,0.2590449200657279,0.08491277694702148
Noto2024,0219,7.5,7.6219611167907715,7.720382372538249,0.3301340988559887,0.12196111679077148
Noto2024,0220,7.5,7.5958051681518555,7.696645100911458,0.22296253552181178,0.09580516815185547
Noto2024,0221,7.5,7.783011436462402,7.895347436269124,0.17367939986159783,0.28301143646240234
Noto2024,0222,7.5,7.682120323181152,7.746448834737142,0.2467233429439984,0.18212032318115234
Noto2024,0223,7.5,7.740560054779053,7.803741296132405,0.22214103969500051,0.24056005477905273
Noto2024,0224,7.5,7.745081901550293,7.858756383260091,0.20780732250932654,0.24508190155029297
Noto2024,0225,7.5,8.086109161376953,8.118308226267496,0.13443098672683734,0.5861091613769531
Noto2024,0226,7.5,8.07254409790039,7.991197268168132,0.24138183467724053,0.5725440979003906
Noto2024,0227,7.5,8.060440063476562,8.064778486887613,0.20633209965131663,0.5604400634765625
Noto2024,0228,7.5,7.662589073181152,7.654932816823323,0.03931493633037496,0.16258907318115234
Noto2024,0229,7.5,7.824542999267578,7.920624891916911,0.20093804341023153,0.3245429992675781
Noto2024,0230,7.5,7.7778425216674805,7.893587430318196,0.1647161212879079,0.27784252166748047
Noto2024,0231,7.5,7.3575897216796875,7.3043365478515625,0.20940642024740005,-0.1424102783203125
Noto2024,0232,7.5,7.121452331542969,7.09553877512614,0.15642081378625522,-0.37854766845703125
Noto2024,0233,7.5,7.544148921966553,7.511458237965901,0.266250563099313,0.044148921966552734
Noto2024,0235,7.5,7.703646659851074,7.7351118723551435,0.15097896525264778,0.20364665985107422
Noto2024,0236,7.5,7.51367712020874,7.565263748168945,0.2462869653079642,0.013677120208740234
Noto2024,0237,7.5,7.621738433837891,7.625631650288899,0.20820117298907534,0.12173843383789062
Noto2024,0238,7.5,7.5059943199157715,7.589784622192383,0.24010060473938644,0.005994319915771484
Noto2024,0239,7.5,7.581703186035156,7.552802403767903,0.2614897583298452,0.08170318603515625
Noto2024,0240,7.5,7.722560882568359,7.754582405090332,0.20266258767347176,0.22256088256835938
Noto2024,0241,7.5,7.941349029541016,7.9688460032145185,0.11852325000044628,0.4413490295410156
Noto2024,0242,7.5,7.6898908615112305,7.719544569651286,0.15989756759971593,0.18989086151123047
Noto2024,0243,7.5,7.982507228851318,8.015635013580322,0.10995596987118246,0.48250722885131836
Noto2024,0244,7.5,7.833152770996094,7.900745868682861,0.11981154296953322,0.33315277099609375
Noto2024,0246,7.5,7.684818267822266,7.743656158447266,0.18314456524954054,0.18481826782226562
Noto2024,0247,7.5,7.944447994232178,8.002981980641684,0.09946533886998865,0.44444799423217773
Noto2024,0248,7.5,7.329872131347656,7.2696882883707685,0.2123443073086008,-0.17012786865234375
Noto2024,0250,7.5,7.761562347412109,7.8199154535929365,0.12823747785005485,0.2615623474121094
Noto2024,0251,7.5,7.1354217529296875,7.1822404861450195,0.23370671109239763,-0.3645782470703125
Noto2024,0253,7.5,7.199313163757324,7.345392227172852,0.2485985510306337,-0.3006868362426758
Noto2024,0255,7.5,7.290106773376465,7.356109778086345,0.13975227165670565,-0.20989322662353516
Noto2024,0256,7.5,7.338708400726318,7.375754674275716,0.14455335000480438,-0.16129159927368164
Noto2024,0257,7.5,7.261435508728027,7.34596061706543,0.12322866739563783,-0.23856449127197266
Noto2024,0258,7.5,7.40155029296875,7.418323993682861,0.07049767632022237,-0.09844970703125
Noto2024,0259,7.5,7.470361232757568,7.4704108238220215,0.14803641828669933,-0.02963876724243164
Noto2024,0263,7.5,7.6031012535095215,7.66975752512614,0.17407172873318044,0.10310125350952148
Noto2024,0264,7.5,7.730645656585693,7.793548425038655,0.18494025114602483,0.23064565658569336
Noto2024,0265,7.5,7.8307342529296875,7.92673937479655,0.15187805047818737,0.3307342529296875
Noto2024,0266,7.5,7.919558525085449,7.962597688039144,0.11796906825701962,0.4195585250854492
Noto2024,0267,7.5,7.917296409606934,7.967527548472087,0.11223791108926401,0.4172964096069336
Noto2024,0268,7.5,7.793801784515381,7.883894761403401,0.15611060174653102,0.29380178451538086
Noto2024,0269,7.5,7.780490875244141,7.867401758829753,0.12559858750624642,0.2804908752441406
Noto2024,0270,7.5,7.683223724365234,7.7787675857543945,0.2023028391221331,0.18322372436523438
Noto2024,0271,7.5,7.7326178550720215,7.822407404581706,0.15517595552394337,0.23261785507202148
Noto2024,0272,7.5,7.676425933837891,7.7556149164835615,0.11681619476897255,0.17642593383789062
Noto2024,0273,7.5,7.4926910400390625,7.589037577311198,0.16172921994319558,-0.0073089599609375
Noto2024,0274,7.5,7.116746425628662,7.040341854095459,0.1721040045224292,-0.3832535743713379
Noto2024,0275,7.5,7.453088283538818,7.566169102986653,0.17209105054946972,-0.04691171646118164
Noto2024,0276,7.5,7.1070098876953125,7.091451962788899,0.07174381002866066,-0.3929901123046875
Noto2024,0277,7.5,7.539235591888428,7.617979049682617,0.1571803459546044,0.039235591888427734
Noto2024,0278,7.5,7.493102073669434,7.522278944651286,0.12292315226064258,-0.006897926330566406
Noto2024,0279,7.5,7.129927635192871,7.168965021769206,0.08112514101996303,-0.3700723648071289
Noto2024,0280,7.5,7.414886474609375,7.480977853139241,0.2871196198260091,-0.085113525390625
Noto2024,0281,7.5,7.284602165222168,7.292630672454834,0.12696230674976647,-0.21539783477783203
Noto2024,0284,7.5,7.071414947509766,7.021453062693278,0.14659581187530532,-0.4285850524902344
Noto2024,0287,7.5,6.724795341491699,6.68507448832194,0.1875968448519854,-0.7752046585083008
Noto2024,0292,7.5,7.319825649261475,7.325832525889079,0.021896742823848434,-0.1801743507385254
Noto2024,0293,7.5,7.430568695068359,7.460899035135905,0.17131622956994552,-0.06943130493164062
Noto2024,0295,7.5,7.458582878112793,7.52003796895345,0.3759146903973561,-0.04141712188720703
Noto2024,0296,7.5,7.8094611167907715,7.936959425608317,0.19825046559215273,0.3094611167907715
Noto2024,0297,7.5,7.742393493652344,7.7061052322387695,0.23146657398554418,0.24239349365234375
Noto2024,0309,7.5,7.566993713378906,7.496023495992024,0.1055746928557017,0.06699371337890625
Noto2024,0351,7.5,6.980831146240234,6.991178035736084,0.07267725244946151,-0.5191688537597656
Noto2024,0383,7.5,7.380705833435059,7.35646120707194,0.2384805986182624,-0.1192941665649414
Noto2024,0551,7.5,7.278234004974365,7.131959756215413,0.3825863144012699,-0.22176599502563477
Noto2024,0552,7.5,7.924968719482422,7.960330009460449,0.07433677085855318,0.4249687194824219
Noto2024,0555,7.5,7.304495811462402,7.271424452463786,0.23535545622066711,-0.19550418853759766
Noto2024,0556,7.5,6.729638576507568,6.741837978363037,0.08954829535030327,-0.7703614234924316
Noto2024,0557,7.5,7.093810081481934,7.073589166005452,0.18272957088866112,-0.4061899185180664
Noto2024,0559,7.5,7.444194793701172,7.4282816251118975,0.20020366148299362,-0.055805206298828125
Noto2024,0561,7.5,7.186641693115234,7.312058925628662,0.2012130342289123,-0.3133583068847656
Noto2024,0563,7.5,7.562034606933594,7.595415910085042,0.2521717688960369,0.06203460693359375
Noto2024,0564,7.5,7.561887264251709,7.577124913533528,0.029331256599202608,0.061887264251708984
Noto2024,0565,7.5,7.546065330505371,7.5025315284729,0.2238648327399486,0.046065330505371094
Noto2024,0566,7.5,7.793214321136475,7.811036904652913,0.17547830536723696,0.2932143211364746
Noto2024,0567,7.5,7.8698554039001465,7.89627726872762,0.1496947257285255,0.3698554039001465
Noto2024,0568,7.5,7.502239227294922,7.455461025238037,0.16960991276539397,0.002239227294921875
Noto2024,0569,7.5,7.955613613128662,7.9996256828308105,0.115700959517096,0.4556136131286621
Noto2024,0570,7.5,7.953734397888184,8.01053269704183,0.1027940423587326,0.4537343978881836
Noto2024,0571,7.5,7.656330108642578,7.779748439788818,0.18656082822972803,0.15633010864257812
Noto2024,0572,7.5,7.780590057373047,7.839779376983643,0.12450063101507232,0.2805900573730469
Noto2024,0573,7.5,7.572292327880859,7.526529312133789,0.1641248380874074,0.07229232788085938
Noto2024,0577,7.5,6.9463324546813965,6.896716753641765,0.19434229026113775,-0.5536675453186035
Noto2024,0578,7.5,6.888835906982422,6.858195463816325,0.1256728129042048,-0.6111640930175781
Noto2024,0579,7.5,7.459552764892578,7.518960475921631,0.14123201494284374,-0.040447235107421875
Noto2024,0581,7.5,7.395755767822266,7.582228978474935,0.38056115550024683,-0.10424423217773438
Noto2024,0582,7.5,7.581611633300781,7.768044471740723,0.3233602253563191,0.08161163330078125
Noto2024,0583,7.5,7.587654113769531,7.773713270823161,0.3453389992400071,0.08765411376953125
Noto2024,0584,7.5,7.896543025970459,7.988557656606038,0.20734900772605996,0.396543025970459
Noto2024,0585,7.5,7.5187811851501465,7.572101434071858,0.24801159788149338,0.018781185150146484
Noto2024,0586,7.5,7.43173885345459,7.524986108144124,0.2411892484906793,-0.06826114654541016
Noto2024,0587,7.5,7.620993614196777,7.7059652010599775,0.32664352938903984,0.12099361419677734
Noto2024,0588,7.5,7.350930690765381,7.558666706085205,0.3639067553386301,-0.14906930923461914
Noto2024,0589,7.5,7.715659141540527,7.7104902267456055,0.23748098420597058,0.21565914154052734
Noto2024,0590,7.5,7.419864654541016,7.566914717356364,0.3213674601627595,-0.08013534545898438
Noto2024,0591,7.5,7.816359519958496,7.902579148610433,0.16533101644858564,0.3163595199584961
Noto2024,0592,7.5,7.565497398376465,7.637393315633138,0.26862299208574336,0.06549739837646484
Noto2024,0593,7.5,7.701436519622803,7.818926175435384,0.17289088908014566,0.20143651962280273
Noto2024,0594,7.5,7.923312187194824,7.9628729820251465,0.22940280730281243,0.4233121871948242
Noto2024,0595,7.5,7.845675468444824,7.843373934427897,0.2605237561626556,0.3456754684448242
Noto2024,0597,7.5,7.30303955078125,7.412744839986165,0.2579020900595817,-0.19696044921875
Noto2024,0598,7.5,7.379988670349121,7.534064292907715,0.27848458341364063,-0.1200113296508789
Noto2024,0599,7.5,7.564986228942871,7.557347456614177,0.020413378494196416,0.0649862289428711
Noto2024,0601,7.5,8.092920303344727,8.060315132141113,0.09916330284481067,0.5929203033447266
Noto2024,0606,7.5,7.716200828552246,7.80816666285197,0.21604887215262208,0.2162008285522461
Noto2024,0607,7.5,7.73618221282959,7.859574158986409,0.2740356818453545,0.23618221282958984
Noto2024,0608,7.5,7.6852850914001465,7.801627318064372,0.197614697168657,0.18528509140014648
Noto2024,0609,7.5,7.597535610198975,7.698897520701091,0.23500102490436303,0.09753561019897461
Noto2024,0610,7.5,7.740740776062012,7.84749698638916,0.1580979780851788,0.24074077606201172
Noto2024,0611,7.5,7.486512660980225,7.540319283803304,0.2226454803148132,-0.01348733901977539
Noto2024,0612,7.5,7.5364813804626465,7.629556179046631,0.13177063043344955,0.036481380462646484
Noto2024,0613,7.5,7.667052268981934,7.793010234832764,0.2092046835106817,0.1670522689819336
Noto2024,0614,7.5,6.91440486907959,6.891822973887126,0.15923490256714004,-0.5855951309204102
Noto2024,0615,7.5,7.398421287536621,7.47917366027832,0.1694477194673475,-0.1015787124633789
Noto2024,0616,7.5,7.405158042907715,7.460646470387776,0.1503111728800726,-0.09484195709228516
Noto2024,0617,7.5,7.340461730957031,7.440677324930827,0.2518628307709372,-0.15953826904296875
Noto2024,0618,7.5,7.567739009857178,7.606285572052002,0.19805837550945557,0.06773900985717773
Noto2024,0619,7.5,7.204181671142578,7.250904083251953,0.20448708865283044,-0.2958183288574219
Noto2024,0621,7.5,7.689685821533203,7.799036979675293,0.16194308276432193,0.18968582153320312
Noto2024,0622,7.5,7.597232818603516,7.590549468994141,0.1803711670224988,0.09723281860351562
Noto2024,0623,7.5,7.563170433044434,7.6840895016988116,0.224159384648096,0.0631704330444336
Noto2024,0624,7.5,7.604949951171875,7.7259416580200195,0.22374954846786652,0.104949951171875
Noto2024,0625,7.5,7.524680137634277,7.529998143513997,0.21943040579153403,0.024680137634277344
Noto2024,0626,7.5,7.718068599700928,7.797747611999512,0.18199297575869838,0.21806859970092773
Noto2024,0627,7.5,7.7932844161987305,7.95425287882487,0.25886343468035716,0.29328441619873047
Noto2024,0631,7.5,7.572402000427246,7.597736199696858,0.11772265214879743,0.0724020004272461
Noto2024,0633,7.5,7.581040859222412,7.494501908620198,0.15876137970741422,0.08104085922241211
Noto2024,0675,7.5,7.2455854415893555,7.239883263905843,0.10069508538304407,-0.25441455841064453
Noto2024,0752,7.5,7.664100646972656,7.7381618817647295,0.2611717753994391,0.16410064697265625
Noto2024,0753,7.5,7.675332546234131,7.8006720542907715,0.25220426338566726,0.17533254623413086
Noto2024,0754,7.5,7.78861141204834,7.872758229573567,0.2474307733264031,0.28861141204833984
Noto2024,0755,7.5,7.693016052246094,7.847285429636638,0.3037697767635425,0.19301605224609375
Noto2024,0758,7.5,7.813995361328125,7.932371139526367,0.27417674595464864,0.313995361328125
Noto2024,0759,7.5,7.742501735687256,7.8543267250061035,0.2047786093325394,0.24250173568725586
Noto2024,0763,7.5,7.478201866149902,7.324913660685222,0.25459822479713784,-0.021798133850097656
Noto2024,0800,7.5,7.763453483581543,7.858679453531901,0.22049520113443974,0.26345348358154297
Noto2024,0801,7.5,7.554252624511719,7.5358812014261884,0.1474753432455242,0.05425262451171875
Noto2024,0802,7.5,7.742697715759277,7.794408798217773,0.24967004320060016,0.24269771575927734
Noto2024,0803,7.5,7.085417747497559,7.19096024831136,0.1733138015971401,-0.4145822525024414
Noto2024,0804,7.5,8.075335502624512,8.117799441019693,0.1294700262548895,0.5753355026245117
Noto2024,0806,7.5,7.659598350524902,7.717610041300456,0.14909839563196803,0.15959835052490234
Noto2024,0807,7.5,7.755439758300781,7.7677788734436035,0.19696235316536104,0.25543975830078125
Noto2024,0809,7.5,7.721439361572266,7.7735850016276045,0.19550874736013027,0.22143936157226562
Noto2024,0810,7.5,7.719064235687256,7.7965593338012695,0.13274212360116458,0.21906423568725586
Noto2024,0813,7.5,7.839552879333496,7.936299482981364,0.16798319104838477,0.3395528793334961
Noto2024,0814,7.5,7.616551876068115,7.79149055480957,0.2499567325590803,0.11655187606811523
Noto2024,0815,7.5,7.752389430999756,7.843018372853597,0.18469556343712162,0.25238943099975586
Noto2024,0817,7.5,7.50458288192749,7.64239517847697,0.20117450670083092,0.004582881927490234
Noto2024,0818,7.5,7.420037746429443,7.540807565053304,0.2452202286079455,-0.07996225357055664
Noto2024,0819,7.5,7.41016149520874,7.561640898386638,0.28941512071342346,-0.08983850479125977
Noto2024,0820,7.5,7.39398717880249,7.410161813100179,0.14178009747883935,-0.10601282119750977
Noto2024,0840,7.5,7.482677459716797,7.47084395090739,0.2001064101993549,-0.017322540283203125
Noto2024,0841,7.5,7.8368048667907715,7.859968344370524,0.18167785173745862,0.3368048667907715
Noto2024,0842,7.5,7.533679008483887,7.636319796244304,0.15107174255463726,0.03367900848388672
Noto2024,0845,7.5,7.458491325378418,7.5289686520894366,0.3325423284611457,-0.04150867462158203
Noto2024,0892,7.5,6.494800567626953,6.53372319539388,0.28946047824913146,-1.0051994323730469
Noto2024,0907,7.5,6.650824546813965,6.801993370056152,0.2635781980672365,-0.8491754531860352
Noto2024,0921,7.5,7.506523132324219,7.294874509175618,0.3416653860516331,0.00652313232421875
Noto2024,0922,7.5,7.204740047454834,7.3806149164835615,0.3214014702160208,-0.295259952545166
Noto2024,0923,7.5,7.6115264892578125,7.368499755859375,0.37575431087214634,0.1115264892578125
Noto2024,0925,7.5,7.592974662780762,7.60321060816447,0.02509116565331819,0.09297466278076172
Noto2024,0935,7.5,7.4152984619140625,7.4808274904886884,0.19614763427715926,-0.0847015380859375
Noto2024,0936,7.5,7.600958824157715,7.6734358469645185,0.27730228050132727,0.10095882415771484
Noto2024,0937,7.5,7.562886714935303,7.612041632334392,0.19828166842409958,0.06288671493530273
Noto2024,0938,7.5,7.170192718505859,7.36944564183553,0.5428483994531793,-0.3298072814941406
Noto2024,0939,7.5,7.584252834320068,7.633586565653483,0.23723986027024127,0.08425283432006836
Noto2024,0940,7.5,7.117279052734375,7.44285249710083,0.4754921105214254,-0.382720947265625
Noto2024,0941,7.5,7.627936363220215,7.658744176228841,0.15084682420027087,0.12793636322021484
Noto2024,0942,7.5,7.447765350341797,7.545135498046875,0.3411954118990266,-0.052234649658203125
Noto2024,0943,7.5,7.157769680023193,7.3662848472595215,0.4387483579546342,-0.34223031997680664
Noto2024,0944,7.5,7.478360652923584,7.654812018076579,0.3135282257499649,-0.021639347076416016
Noto2024,0945,7.5,7.1714019775390625,7.443219184875488,0.4221402249879958,-0.3285980224609375
Noto2024,0946,7.5,7.685899257659912,7.844292004903157,0.24480432192028476,0.1858992576599121
Noto2024,0947,7.5,7.847041130065918,7.959671974182129,0.21093494836048682,0.34704113006591797
Noto2024,0948,7.5,7.364138603210449,7.341739813486735,0.13984965873584349,-0.13586139678955078
Noto2024,0949,7.5,7.631659507751465,7.676135698954265,0.21907163447647832,0.13165950775146484
Noto2024,0950,7.5,7.637587547302246,7.701704025268555,0.351842438906338,0.1375875473022461
Noto2024,0951,7.5,7.5268964767456055,7.6884768803914385,0.34305422769097377,0.02689647674560547
Noto2024,0952,7.5,7.655839443206787,7.726970513661702,0.2255158986647701,0.1558394432067871
Noto2024,0954,7.5,7.689216613769531,7.775418758392334,0.2695555447987606,0.18921661376953125
Noto2024,0955,7.5,7.732982635498047,7.818710009256999,0.2208099692883928,0.23298263549804688
Noto2024,0956,7.5,7.856849670410156,7.900392532348633,0.28718409598136474,0.35684967041015625
Noto2024,0957,7.5,7.715086936950684,7.804819583892822,0.12805024568077644,0.2150869369506836
Noto2024,0958,7.5,7.660700798034668,7.742369651794434,0.23099826445496296,0.16070079803466797
Noto2024,0959,7.5,8.054350852966309,8.078804651896158,0.22298109448500678,0.5543508529663086
Noto2024,0961,7.5,7.496713161468506,7.522079149881999,0.2731921325167243,-0.0032868385314941406
Noto2024,0962,7.5,7.841325283050537,7.873367786407471,0.14220490728448584,0.3413252830505371
Noto2024,0963,7.5,7.343624114990234,7.447127024332683,0.2041047176321156,-0.15637588500976562
Noto2024,0964,7.5,7.919612884521484,7.957040150960286,0.11357331615943345,0.4196128845214844
Noto2024,0965,7.5,7.219757080078125,7.452653884887695,0.3728067257594465,-0.280242919921875
Noto2024,0966,7.5,7.750308990478516,7.764275868733724,0.08662983171605561,0.2503089904785156
Noto2024,0967,7.5,7.906588554382324,7.9644975662231445,0.11189639671954597,0.4065885543823242
Noto2024,0968,7.5,7.776910305023193,7.816299597422282,0.10640173306679848,0.27691030502319336
Noto2024,0969,7.5,6.995051383972168,6.9557498296101885,0.17388551204685979,-0.504948616027832
Noto2024,0970,7.5,7.65582275390625,7.6842935880025225,0.0747942852176529,0.15582275390625
Noto2024,0972,7.5,7.882152557373047,7.872846921284993,0.14159442822735624,0.3821525573730469
Noto2024,0973,7.5,7.2410101890563965,7.145925045013428,0.18464567743974117,-0.2589898109436035
Noto2024,0975,7.5,7.425174713134766,7.4078976313273115,0.09931425683855358,-0.07482528686523438
Noto2024,0976,7.5,7.41919469833374,7.383454004923503,0.06079618243834498,-0.08080530166625977
Noto2024,0979,7.5,7.736131191253662,7.827711582183838,0.19028283303215277,0.2361311912536621
Noto2024,0981,7.5,7.647372245788574,7.812058925628662,0.2612798000197119,0.14737224578857422
Noto2024,0982,7.5,7.8315277099609375,7.9141591389973955,0.14022768171783906,0.3315277099609375
Noto2024,0983,7.5,7.892396450042725,7.961467425028483,0.11348857524657836,0.3923964500427246
Noto2024,0984,7.5,7.847553253173828,7.913365364074707,0.13430411395941314,0.3475532531738281
Noto2024,0985,7.5,7.770196437835693,7.859347502390544,0.14565996009667034,0.27019643783569336
Noto2024,0986,7.5,7.291506767272949,7.373256365458171,0.2193801864529362,-0.20849323272705078
Noto2024,0987,7.5,7.335477352142334,7.302757898966472,0.07258866690022008,-0.16452264785766602
Noto2024,0988,7.5,6.941916465759277,6.89550240834554,0.22480968631061907,-0.5580835342407227
Noto2024,0989,7.5,6.928473472595215,6.880328019460042,0.08664750708994352,-0.5715265274047852
Noto2024,0990,7.5,7.2535529136657715,7.297242641448975,0.15133648929339089,-0.24644708633422852
Noto2024,0992,7.5,6.737360954284668,6.773534774780273,0.07222067151140514,-0.762639045715332
Noto2024,0995,7.5,7.5985541343688965,7.683292071024577,0.17436781221914216,0.09855413436889648
Noto2024,1011,7.5,7.193119049072266,7.182547410329183,0.02973562729138934,-0.3068809509277344
Noto2024,1079,7.5,7.4343109130859375,7.391371409098308,0.10335375422184942,-0.0656890869140625
Noto2024,1102,7.5,7.6147308349609375,7.675705909729004,0.16198888174137338,0.1147308349609375
Noto2024,1119,7.5,7.4748640060424805,7.504125912984212,0.08518383066230882,-0.02513599395751953
Noto2024,1127,7.5,7.107948303222656,7.007293860117595,0.25725938384804803,-0.39205169677734375
Noto2024,1128,7.5,7.17913818359375,7.120936552683513,0.08549412658520805,-0.32086181640625
Noto2024,1144,7.5,7.819270133972168,7.848151683807373,0.14087372949509422,0.31927013397216797
Noto2024,1158,7.5,6.72113037109375,6.726792653401692,0.04781485672845506,-0.77886962890625
Noto2024,1160,7.5,7.426131248474121,7.487588564554851,0.19800372558342844,-0.0738687515258789
Noto2024,1162,7.5,7.33465576171875,7.343890031178792,0.17774650221012828,-0.16534423828125
Noto2024,1171,7.5,7.953086853027344,7.974907875061035,0.2607680520180954,0.45308685302734375
Noto2024,1178,7.5,7.642729759216309,7.757843812306722,0.2456865224774711,0.1427297592163086
Noto2024,1181,7.5,7.5205488204956055,7.686655680338542,0.2904132855963018,0.02054882049560547
Noto2024,1186,7.5,7.6248931884765625,7.720491250356038,0.16340653321276094,0.1248931884765625
Noto2024,1187,7.5,7.348317623138428,7.283005714416504,0.20847736080345602,-0.15168237686157227
Noto2024,1194,7.5,7.7471418380737305,7.852620283762614,0.22216404922708569,0.24714183807373047
Noto2024,1202,7.5,7.253569602966309,7.272832870483398,0.0879854470760924,-0.2464303970336914
Noto2024,1206,7.5,7.696061611175537,7.81854263941447,0.19033217895694376,0.1960616111755371
Noto2024,1209,7.5,7.51151180267334,7.477237542470296,0.28561033231363225,0.011511802673339844
Noto2024,1212,7.5,7.499759674072266,7.517322699228923,0.09435896803699674,-0.000240325927734375
Noto2024,1214,7.5,7.245876312255859,7.308141231536865,0.1453695667345663,-0.2541236877441406
Noto2024,1216,7.5,7.392382621765137,7.456245581309001,0.2946984301611345,-0.10761737823486328
Noto2024,1217,7.5,7.682197570800781,7.786764144897461,0.18892410467760945,0.18219757080078125
Noto2024,1222,7.5,7.99664306640625,7.962302843729655,0.18427045831651057,0.49664306640625
Noto2024,1223,7.5,7.9084014892578125,8.020728747049967,0.18911341680844349,0.4084014892578125
Noto2024,1224,7.5,8.227180480957031,8.227153778076172,0.18030924731854303,0.7271804809570312
Noto2024,1229,7.5,7.678065299987793,7.791481653849284,0.24017275692972898,0.17806529998779297
Noto2024,1231,7.5,7.714696407318115,7.828560034434001,0.2847360420136408,0.21469640731811523
Noto2024,1238,7.5,7.567843437194824,7.571181297302246,0.08352410399000401,0.06784343719482422
Noto2024,1248,7.5,7.823631286621094,7.901947498321533,0.17621990897917827,0.32363128662109375
Noto2024,2009,7.5,7.756874084472656,7.923538049062093,0.2359429330138447,0.25687408447265625
Noto2024,2110,7.5,7.715395927429199,7.858391125996907,0.2612984914820293,0.21539592742919922
Noto2024,3001,7.5,7.7557196617126465,7.842193126678467,0.2749398506885688,0.2557196617126465
Noto2024,3002,7.5,7.667784690856934,7.800786972045898,0.3117534377877207,0.1677846908569336
Noto2024,3003,7.5,7.639308929443359,7.766422112782796,0.3133178218822779,0.13930892944335938
Noto2024,3004,7.5,7.978484153747559,8.020981470743815,0.18153778291501899,0.4784841537475586
Noto2024,3005,7.5,7.742244720458984,7.858314196268718,0.27560379353092546,0.24224472045898438
Noto2024,3006,7.5,7.891441345214844,7.962575912475586,0.20835718890752128,0.39144134521484375
Noto2024,3007,7.5,7.677676200866699,7.800558567047119,0.269561208220546,0.17767620086669922
Noto2024,3010,7.5,8.028221130371094,8.05491574605306,0.1935217950562166,0.5282211303710938
Noto2024,3011,7.5,7.7888312339782715,7.900023301442464,0.2782909694182604,0.2888312339782715
Noto2024,3012,7.5,7.758173942565918,7.911274274190267,0.24320611787237978,0.25817394256591797
Noto2024,3013,7.5,7.764765739440918,7.835714658101399,0.278063844709202,0.26476573944091797
Noto2024,3014,7.5,7.856745719909668,7.942870616912842,0.21244523930388454,0.35674571990966797
Noto2024,3015,7.5,7.998136043548584,8.046764055887857,0.16288822054098456,0.498136043548584
Noto2024,3016,7.5,7.863564968109131,7.973448594411214,0.22490724753224922,0.36356496810913086
Noto2024,3018,7.5,8.062950134277344,8.081785043080648,0.16934000871327043,0.5629501342773438
Noto2024,3019,7.5,7.868897914886475,7.959232012430827,0.25584680761658446,0.3688979148864746
Noto2024,3020,7.5,8.038003921508789,8.10046641031901,0.13405573689230918,0.5380039215087891
Noto2024,3021,7.5,7.905723571777344,7.9944132169087725,0.13128907943231,0.40572357177734375
Noto2024,3022,7.5,7.689146995544434,7.648452917734782,0.10934488685986121,0.1891469955444336
Noto2024,3023,7.5,7.971687316894531,7.969973882039388,0.2126883141279636,0.47168731689453125
Noto2024,3024,7.5,8.03656005859375,8.087438265482584,0.12927502447073766,0.53656005859375
Noto2024,3025,7.5,8.194613456726074,8.227523803710938,0.0653099823117549,0.6946134567260742
Noto2024,3026,7.5,8.046435356140137,8.004168510437012,0.19037177526677446,0.5464353561401367
Noto2024,3027,7.5,8.086942672729492,8.1430025100708,0.0959495416303086,0.5869426727294922
Noto2024,3028,7.5,8.027460098266602,8.110750357309977,0.20917050865466721,0.5274600982666016
Noto2024,3029,7.5,7.68878698348999,7.839933395385742,0.21690607305086373,0.18878698348999023
Noto2024,3030,7.5,8.285232543945312,8.298033078511557,0.06074372620195299,0.7852325439453125
Noto2024,3031,7.5,7.6005988121032715,7.7694993019104,0.29310848057208877,0.10059881210327148
Noto2024,3033,7.5,8.12173843383789,8.136845906575521,0.11682146620850489,0.6217384338378906
Noto2024,3034,7.5,7.888566493988037,7.968453566233317,0.15787191608630577,0.3885664939880371
Noto2024,3035,7.5,7.813297271728516,7.953325112660726,0.2039831314330901,0.3132972717285156
Noto2024,3036,7.5,8.132457733154297,8.132649898529053,0.15471650466759077,0.6324577331542969
Noto2024,3037,7.5,8.415507316589355,8.419903755187988,0.09723106814260297,0.9155073165893555
Noto2024,3038,7.5,7.720925807952881,7.85145632425944,0.19466095857287655,0.22092580795288086
Noto2024,3039,7.5,8.028975486755371,8.0159273147583,0.1859484996520302,0.5289754867553711
Noto2024,3041,7.5,7.892218589782715,8.015197118123373,0.25156398788909445,0.39221858978271484
Noto2024,3043,7.5,7.839437007904053,7.925670305887858,0.14726471189575058,0.33943700790405273
Noto2024,3044,7.5,8.067721366882324,8.058770179748535,0.1997860030039323,0.5677213668823242
Noto2024,3045,7.5,8.353575706481934,8.321085294087728,0.1170147842559044,0.8535757064819336
Noto2024,3046,7.5,7.882859706878662,7.968602657318115,0.13131764606588003,0.3828597068786621
Noto2024,3047,7.5,8.141337394714355,8.09506924947103,0.24622020021060606,0.6413373947143555
Noto2024,3049,7.5,7.782721519470215,7.816434542338054,0.24063851639285705,0.28272151947021484
Noto2024,3051,7.5,7.924571990966797,7.952024777730306,0.21075069784329137,0.4245719909667969
Noto2024,3053,7.5,7.800445556640625,7.927052656809489,0.1978440253985735,0.300445556640625
Noto2024,3055,7.5,7.772857666015625,7.782413164774577,0.2955353160869401,0.272857666015625
Noto2024,3057,7.5,7.414828300476074,7.359376112620036,0.19208360305684202,-0.08517169952392578
Noto2024,3059,7.5,7.727679252624512,7.725574811299642,0.13380745319663592,0.22767925262451172
Noto2024,3062,7.5,7.741625785827637,7.842503388722737,0.24478000351537638,0.24162578582763672
Noto2024,3063,7.5,7.67697286605835,7.849583784739177,0.2907136200516397,0.1769728660583496
Noto2024,3064,7.5,7.611395835876465,7.756647109985352,0.27212638932790817,0.11139583587646484
Noto2024,3065,7.5,7.690951347351074,7.852351188659668,0.3042098351288489,0.19095134735107422
Noto2024,3066,7.5,7.728909969329834,7.811268965403239,0.21520974320559408,0.22890996932983398
Noto2024,3067,7.5,7.88678503036499,7.955899874369304,0.17132187582624178,0.38678503036499023
Noto2024,3068,7.5,7.714430809020996,7.834203879038493,0.20522773053701338,0.2144308090209961
Noto2024,3069,7.5,7.591407775878906,7.761978467305501,0.2840612537501698,0.09140777587890625
Noto2024,3070,7.5,7.6825995445251465,7.832138697306315,0.27256247003341755,0.18259954452514648
Noto2024,3071,7.5,7.530818939208984,7.724742253621419,0.2796529794605634,0.030818939208984375
Noto2024,3072,7.5,7.767589569091797,7.883443832397461,0.166851164675613,0.2675895690917969
Noto2024,3073,7.5,7.5853400230407715,7.71384318669637,0.1959155081722316,0.08534002304077148
Noto2024,3074,7.5,7.502196311950684,7.593774795532227,0.14915049841975997,0.0021963119506835938
Noto2024,3075,7.5,7.704302787780762,7.776333491007487,0.1895492102567965,0.20430278778076172
Noto2024,3076,7.5,7.689970970153809,7.812606493631999,0.18345633613144377,0.1899709701538086
Noto2024,3077,7.5,7.6484174728393555,7.761008580525716,0.20127654058864394,0.14841747283935547
Noto2024,3078,7.5,7.576038360595703,7.6339484850565595,0.2008695466833646,0.07603836059570312
Noto2024,3079,7.5,7.466570854187012,7.513839880625407,0.14765146088636208,-0.03342914581298828
Noto2024,3081,7.5,7.515026092529297,7.4982368151346845,0.2123992220052739,0.015026092529296875
Noto2024,3084,7.5,7.471260070800781,7.588976701100667,0.17569242717853156,-0.02873992919921875
Noto2024,3085,7.5,7.263673305511475,7.312924067179362,0.20784796223438567,-0.2363266944885254
Noto2024,3086,7.5,7.659816741943359,7.806694030761719,0.23120137544543776,0.15981674194335938
Noto2024,3089,7.5,7.491857051849365,7.444819291432698,0.2844483653007275,-0.008142948150634766
Noto2024,3090,7.5,7.625380516052246,7.6298783620198565,0.1798327933972707,0.1253805160522461
Noto2024,3091,7.5,7.378325462341309,7.376376469930013,0.18763187601621586,-0.1216745376586914
Noto2024,3092,7.5,7.668154716491699,7.636408805847168,0.1584784346251919,0.16815471649169922
Noto2024,3093,7.5,7.303393363952637,7.254464308420817,0.24520967705302193,-0.19660663604736328
Noto2024,3094,7.5,7.562455654144287,7.690762996673584,0.20742957212953708,0.06245565414428711
Noto2024,3095,7.5,7.367804527282715,7.445606867472331,0.12097088163905395,-0.13219547271728516
Noto2024,3096,7.5,7.404064178466797,7.396257718404134,0.20030569234595863,-0.09593582153320312
Noto2024,3098,7.5,7.232429504394531,7.397727648417155,0.33150251508317663,-0.26757049560546875
Noto2024,3099,7.5,7.549407958984375,7.623575051625569,0.21376050196515128,0.049407958984375
Noto2024,5105,7.5,7.801475524902344,7.9213307698567705,0.18925185549337797,0.30147552490234375
Noto2024,9098,7.5,7.8989715576171875,7.9318586985270185,0.0726949697222022,0.3989715576171875
Noto2024,kin_2024001_h023,7.5,7.438199520111084,7.51692549387614,0.264401093878844,-0.061800479888916016
Noto2024,kin_2024001_h102,7.5,7.531157493591309,7.538517316182454,0.26987554101811584,0.031157493591308594
Noto2024,kin_2024001_p105,7.5,7.192523956298828,7.1838358243306475,0.17607672061061094,-0.3074760437011719
Noto2024,kin_2024001_p107,7.5,7.897630214691162,7.917100111643474,0.2591754033887544,0.3976302146911621
Noto2024,kin_2024001_p110,7.5,7.911563873291016,7.93437131245931,0.13566751837283303,0.4115638732910156
Noto2024,kin_2024001_p112,7.5,7.438380241394043,7.390365759531657,0.07635942354407337,-0.06161975860595703
Noto2024,kin_2024001_p113,7.5,7.316611289978027,7.415622075398763,0.2452908143396275,-0.18338871002197266
Noto2024,kin_2024001_p114,7.5,7.8237152099609375,7.8963197072347,0.12970054472001394,0.3237152099609375
Noto2024,kin_2024001_p115,7.5,7.23633337020874,7.316430886586507,0.1522292719088253,-0.26366662979125977
Noto2024,kin_2024001_p206,7.5,8.076613426208496,8.12278127670288,0.2238947364186834,0.5766134262084961
Noto2024,kin_2024001_p207,7.5,7.771869659423828,7.821531295776367,0.1400440322520678,0.2718696594238281
Noto2024,kin_2024001_r004,7.5,7.711433410644531,7.783583164215088,0.1674162791965426,0.21143341064453125
Noto2024,kin_2024001_r006,7.5,7.791558742523193,7.877287864685059,0.15951068190744602,0.29155874252319336
Noto2024,kin_2024001_r015,7.5,7.821130275726318,7.865460554758708,0.1448181787326035,0.32113027572631836
Noto2024,kin_2024001_r019,7.5,7.641185760498047,7.7561038335164385,0.20823649902596958,0.14118576049804688
Noto2024,kin_2024001_s006,7.5,7.558038234710693,7.7032270431518555,0.21785383089532243,0.05803823471069336
Noto2024,kin_2024001_s007,7.5,7.6186981201171875,7.749442259470622,0.22006647341596572,0.1186981201171875
Noto2024,kin_2024001_s043,7.5,7.4398298263549805,7.472947756449382,0.311681613860397,-0.06017017364501953
Noto2024,kin_2024001_s045,7.5,7.515771389007568,7.49839464823405,0.25399118958836037,0.01577138900756836
Noto2024,kin_2024001_s046,7.5,7.77463436126709,7.878299872080485,0.18273709941679445,0.27463436126708984
Noto2024,kin_2024001_s069,7.5,7.753146171569824,7.852049827575684,0.24180313285048713,0.2531461715698242
Noto2024,kin_2024001_s070,7.5,7.504678249359131,7.628649075826009,0.3032069994125569,0.004678249359130859
Parkfield2004,CAND,5.96999979019165,6.600348472595215,6.631637255350749,0.10186192150373596,0.6303486824035645
Parkfield2004,CARH,5.96999979019165,6.3090033531188965,6.255367755889893,0.09524663642721558,0.3390035629272461
Parkfield2004,HOGS,5.96999979019165,6.284552574157715,6.193015893300374,0.1412284425739805,0.31455278396606445
Parkfield2004,HUNT,5.96999979019165,6.414115905761719,6.425388018290202,0.07886705692594118,0.44411611557006836
Parkfield2004,LAND,5.96999979019165,6.285750389099121,6.208787441253662,0.12623336921687583,0.3157505989074707
Parkfield2004,MASW,5.96999979019165,6.281381130218506,6.192938168843587,0.1385048630719348,0.31138134002685547
Parkfield2004,MIDA,5.96999979019165,6.305685997009277,6.322751998901367,0.09431741049579147,0.33568620681762695
Parkfield2004,MNMC,5.96999979019165,6.311786651611328,6.262890021006267,0.08002593386888164,0.34178686141967773
Parkfield2004,POMM,5.96999979019165,6.305830955505371,6.219650109608968,0.12866681288175344,0.3358311653137207
Parkfield2004,RNCH,5.96999979019165,6.286191463470459,6.2176939646403,0.10933952156065714,0.3161916732788086
Parkfield2004,TBLP,5.96999979019165,6.300121307373047,6.194528579711914,0.15760942665977687,0.3301215171813965
Puebla2017,TNAT,7.099999904632568,6.843268394470215,6.903261661529541,0.0920407313784884,-0.2567315101623535
Puebla2017,TNGF,7.099999904632568,6.910387992858887,6.932730515797933,0.033340393210959725,-0.18961191177368164
RatIslands2014,AB21,7.900000095367432,6.789182186126709,6.954425017038981,0.5308556867982516,-1.1108179092407227
RatIslands2014,AC60,7.900000095367432,7.383309841156006,7.196504592895508,0.29992996201885175,-0.5166902542114258
RatIslands2014,AC66,7.900000095367432,7.580573081970215,7.620715936024983,0.0867572279001723,-0.3194270133972168
Ridgecrest2019,7ODM,7.099999904632568,7.178979396820068,7.1194760004679365,0.08936202628270931,0.0789794921875
Ridgecrest2019,ARM2,7.099999904632568,7.023065090179443,6.964236577351888,0.10851508581686976,-0.076934814453125
Ridgecrest2019,BCWR,7.099999904632568,7.111572265625,7.107597827911377,0.017251629274288895,0.01157236099243164
Ridgecrest2019,BEPK,7.099999904632568,6.937318325042725,6.996433099110921,0.08962448274145714,-0.16268157958984375
Ridgecrest2019,BKAP,7.099999904632568,6.873155117034912,6.826036294301351,0.07871739051150538,-0.22684478759765625
Ridgecrest2019,BKMS,7.099999904632568,7.270991325378418,7.262206395467122,0.08432683291799416,0.1709914207458496
Ridgecrest2019,BSRY,7.099999904632568,7.120758056640625,7.057403723398845,0.2138637332967306,0.02075815200805664
Ridgecrest2019,BVPP,7.099999904632568,7.056687831878662,7.055911382039388,0.09148410078251883,-0.04331207275390625
Ridgecrest2019,CBHS,7.099999904632568,6.979923248291016,7.031541347503662,0.12791423025201248,-0.12007665634155273
Ridgecrest2019,CCCC,7.099999904632568,7.543560028076172,7.495615800221761,0.09574349022574012,0.4435601234436035
Ridgecrest2019,CHMS,7.099999904632568,6.854469299316406,6.983459949493408,0.25832489218791627,-0.2455306053161621
Ridgecrest2019,CIT1,7.099999904632568,7.071514129638672,7.112554868062337,0.1173964555919677,-0.028485774993896484
Ridgecrest2019,CJMG,7.099999904632568,7.262418270111084,7.318291187286377,0.10807668496797633,0.16241836547851562
Ridgecrest2019,CJMS,7.099999904632568,7.071038722991943,7.162770748138428,0.19214586076541745,-0.028961181640625
Ridgecrest2019,CJVG,7.099999904632568,6.8430914878845215,6.92298952738444,0.1335960945901877,-0.2569084167480469
Ridgecrest2019,CMP9,7.099999904632568,7.154047966003418,7.170106569925944,0.050582504111196545,0.05404806137084961
Ridgecrest2019,COPR,7.099999904632568,7.128320217132568,7.11822525660197,0.04491427863646235,0.0283203125
Ridgecrest2019,CPBN,7.099999904632568,6.985884666442871,7.069191614786784,0.19127539801082724,-0.11411523818969727
Ridgecrest2019,CRHS,7.099999904632568,7.149360656738281,7.1377560297648115,0.054849819270142444,0.04936075210571289
Ridgecrest2019,CSN1,7.099999904632568,7.240238189697266,7.213257789611816,0.13865622897097293,0.14023828506469727
Ridgecrest2019,CVHS,7.099999904632568,7.254073143005371,7.2752885818481445,0.06070372372400209,0.15407323837280273
Ridgecrest2019,DAM2,7.099999904632568,7.271224021911621,7.2318375905354815,0.06515422891503472,0.17122411727905273
Ridgecrest2019,DAM3,7.099999904632568,7.241877555847168,7.239813327789307,0.009639947137932954,0.1418776512145996
Ridgecrest2019,ELLY,7.099999904632568,7.1856842041015625,7.180655320485433,0.1195846510365646,0.08568429946899414
Ridgecrest2019,FHOG,7.099999904632568,7.2586188316345215,7.2170406977335615,0.15222833686788012,0.15861892700195312
Ridgecrest2019,FMTP,7.099999904632568,7.137519836425781,7.144811948140462,0.043893960483346324,0.03751993179321289
Ridgecrest2019,FMVT,7.099999904632568,6.992453575134277,7.16114870707194,0.2663353294254389,-0.10754632949829102
Ridgecrest2019,HAR7,7.099999904632568,6.908832550048828,6.982007026672363,0.14000739946717813,-0.19116735458374023
Ridgecrest2019,HIVI,7.099999904632568,7.045644283294678,7.076534430185954,0.2695019134940338,-0.054355621337890625
Ridgecrest2019,ISLK,7.099999904632568,7.04278564453125,6.976659297943115,0.1304046898659925,-0.05721426010131836
Ridgecrest2019,JNHG,7.099999904632568,7.133017539978027,7.221608320871989,0.1822286063377225,0.033017635345458984
Ridgecrest2019,KBRC,7.099999904632568,7.174017906188965,7.141544024149577,0.09357485561935835,0.07401800155639648
Ridgecrest2019,LAPC,7.099999904632568,7.29379940032959,7.227755864461263,0.14081202167528145,0.19379949569702148
Ridgecrest2019,LFRS,7.099999904632568,6.985263824462891,7.029407660166423,0.16453650262006322,-0.11473608016967773
Ridgecrest2019,LINJ,7.099999904632568,7.051863670349121,7.0726579030354815,0.15370884515321623,-0.048136234283447266
Ridgecrest2019,LONG,7.099999904632568,7.091302394866943,7.1005222002665205,0.026594833238460847,-0.008697509765625
Ridgecrest2019,LPHS,7.099999904632568,7.1934356689453125,7.249671300252278,0.19804697674524047,0.09343576431274414
Ridgecrest2019,MPWD,7.099999904632568,7.099084377288818,7.08226998647054,0.12036803338541034,-0.00091552734375
Ridgecrest2019,MSOB,7.099999904632568,7.076102256774902,7.057906786600749,0.04413352487849805,-0.023897647857666016
Ridgecrest2019,ORMT,7.099999904632568,7.104083061218262,7.1029372215271,0.0944495535536747,0.004083156585693359
Ridgecrest2019,OVLS,7.099999904632568,7.232230186462402,7.240149021148682,0.025179874573576694,0.13223028182983398
Ridgecrest2019,P056,7.099999904632568,6.928985595703125,6.9410122235616045,0.022555738246385116,-0.17101430892944336
Ridgecrest2019,P068,7.099999904632568,7.257348537445068,7.317691167195638,0.09514534033046998,0.1573486328125
Ridgecrest2019,P091,7.099999904632568,6.883885860443115,6.9449543952941895,0.1694504130388186,-0.21611404418945312
Ridgecrest2019,P092,7.099999904632568,6.716719627380371,6.853219509124756,0.2585948716523818,-0.38328027725219727
Ridgecrest2019,P093,7.099999904632568,6.725686550140381,6.775315284729004,0.19063796559256027,-0.3743133544921875
Ridgecrest2019,P127,7.099999904632568,7.119647979736328,7.125468413035075,0.030095557080164502,0.019648075103759766
Ridgecrest2019,P133,7.099999904632568,7.068331718444824,7.05872376759847,0.03497448296914142,-0.03166818618774414
Ridgecrest2019,P135,7.099999904632568,7.056513786315918,7.10905392964681,0.08495141257662155,-0.04348611831665039
Ridgecrest2019,P214,7.099999904632568,7.382394313812256,7.336597124735515,0.08765991098107798,0.2823944091796875
Ridgecrest2019,P217,7.099999904632568,7.239387512207031,7.23788849512736,0.012804238394848204,0.1393876075744629
Ridgecrest2019,P271,7.099999904632568,7.252254486083984,7.240766525268555,0.15074563316812553,0.15225458145141602
Ridgecrest2019,P274,7.099999904632568,6.987662315368652,7.010573705037435,0.059477810835867985,-0.11233758926391602
Ridgecrest2019,P300,7.099999904632568,7.155367851257324,7.1395595868428545,0.03479267500056809,0.05536794662475586
Ridgecrest2019,P302,7.099999904632568,7.070815086364746,7.080772240956624,0.037609203957716754,-0.029184818267822266
Ridgecrest2019,P462,7.099999904632568,6.728748321533203,6.718118985493978,0.03738694874051452,-0.37125158309936523
Ridgecrest2019,P463,7.099999904632568,6.44303035736084,6.375316460927327,0.11802520416036813,-0.6569695472717285
Ridgecrest2019,P464,7.099999904632568,7.216014862060547,7.2211229006449384,0.1775017056738082,0.11601495742797852
Ridgecrest2019,P465,7.099999904632568,6.94696569442749,6.940721352895101,0.01066255227436657,-0.15303421020507812
Ridgecrest2019,P466,7.099999904632568,6.8929595947265625,6.986654599507649,0.1463693365748415,-0.20704030990600586
Ridgecrest2019,P467,7.099999904632568,6.904435634613037,6.830092271169026,0.17580556326001515,-0.19556427001953125
Ridgecrest2019,P490,7.099999904632568,6.934126853942871,6.919933636983235,0.07490153184105602,-0.16587305068969727
Ridgecrest2019,P496,7.099999904632568,7.148166656494141,7.221102873484294,0.13001029389236907,0.048166751861572266
Ridgecrest2019,P499,7.099999904632568,7.379412651062012,7.4123961130778,0.14784477150336098,0.27941274642944336
Ridgecrest2019,P501,7.099999904632568,7.275287628173828,7.301948229471843,0.06226170320141911,0.17528772354125977
Ridgecrest2019,P506,7.099999904632568,7.0117340087890625,7.058747291564941,0.13829980430332595,-0.08826589584350586
Ridgecrest2019,P537,7.099999904632568,7.099257469177246,7.108693758646647,0.06043775820469615,-0.0007424354553222656
Ridgecrest2019,P544,7.099999904632568,7.120416164398193,7.118659655253093,0.03123795639703919,0.020416259765625
Ridgecrest2019,P545,7.099999904632568,7.0423431396484375,7.010095596313477,0.0836903114466729,-0.05765676498413086
Ridgecrest2019,P547,7.099999904632568,7.193363189697266,7.195484161376953,0.06430152298772447,0.09336328506469727
Ridgecrest2019,P556,7.099999904632568,7.114109039306641,7.021675109863281,0.13682712587219747,0.014109134674072266
Ridgecrest2019,P561,7.099999904632568,7.162866115570068,7.175121943155925,0.022345751142980316,0.0628662109375
Ridgecrest2019,P563,7.099999904632568,7.0443572998046875,7.046310106913249,0.018771684094065193,-0.05564260482788086
Ridgecrest2019,P564,7.099999904632568,6.997260093688965,7.001187801361084,0.036253069694296765,-0.10273981094360352
Ridgecrest2019,P565,7.099999904632568,6.929180145263672,6.950653553009033,0.06278486387329668,-0.17081975936889648
Ridgecrest2019,P568,7.099999904632568,6.977420806884766,6.910028298695882,0.11497865623337333,-0.12257909774780273
Ridgecrest2019,P570,7.099999904632568,6.919356346130371,6.8863875071207685,0.16945898234637932,-0.18064355850219727
Ridgecrest2019,P571,7.099999904632568,6.884651184082031,6.9186164538065595,0.08472302402921296,-0.2153487205505371
Ridgecrest2019,P573,7.099999904632568,6.534844875335693,6.588908831278483,0.19747183099654322,-0.565155029296875
Ridgecrest2019,P579,7.099999904632568,6.819688320159912,6.960153897603353,0.2070282862498227,-0.28031158447265625
Ridgecrest2019,P580,7.099999904632568,7.0052490234375,7.017832120259603,0.030088391738097058,-0.09475088119506836
Ridgecrest2019,P582,7.099999904632568,6.891905784606934,7.023883978525798,0.23083833124611303,-0.20809412002563477
Ridgecrest2019,P583,7.099999904632568,6.917929649353027,7.012398401896159,0.16775271700905298,-0.18207025527954102
Ridgecrest2019,P588,7.099999904632568,6.781087398529053,6.856347560882568,0.2486393235593733,-0.3189125061035156
Ridgecrest2019,P589,7.099999904632568,7.047584533691406,7.103741645812988,0.17642300085790644,-0.05241537094116211
Ridgecrest2019,P590,7.099999904632568,7.187171936035156,7.173424402872722,0.048240943893671145,0.08717203140258789
Ridgecrest2019,P591,7.099999904632568,6.993594169616699,7.043079535166423,0.12219272288794353,-0.10640573501586914
Ridgecrest2019,P592,7.099999904632568,7.150865077972412,7.125814914703369,0.07256672558879522,0.05086517333984375
Ridgecrest2019,P594,7.099999904632568,6.476893424987793,6.554428736368815,0.1406857706460241,-0.6231064796447754
Ridgecrest2019,P595,7.099999904632568,7.425157070159912,7.432689348856608,0.026919209475178087,0.32515716552734375
Ridgecrest2019,P596,7.099999904632568,6.4472455978393555,6.499431451161702,0.1726630096800036,-0.6527543067932129
Ridgecrest2019,P597,7.099999904632568,6.897948265075684,6.834584395090739,0.15029722887545668,-0.20205163955688477
Ridgecrest2019,P605,7.099999904632568,7.383193016052246,7.371755282084147,0.08565813390329881,0.28319311141967773
Ridgecrest2019,P615,7.099999904632568,6.9098663330078125,6.938687006632487,0.08479713862072363,-0.19013357162475586
Ridgecrest2019,P616,7.099999904632568,7.0968732833862305,7.124978701273601,0.17578467128251363,-0.0031266212463378906
Ridgecrest2019,P617,7.099999904632568,6.894887447357178,6.905363877614339,0.07248726337677679,-0.20511245727539062
Ridgecrest2019,P618,7.099999904632568,6.9452338218688965,6.896498521169026,0.07638042621136275,-0.15476608276367188
Ridgecrest2019,P619,7.099999904632568,6.772154808044434,6.728603998819987,0.06168626482154996,-0.32784509658813477
Ridgecrest2019,P620,7.099999904632568,6.801357269287109,6.7673446337382,0.07628308337330786,-0.298642635345459
Ridgecrest2019,P729,7.099999904632568,7.255385398864746,7.272082169850667,0.10369203007271204,0.15538549423217773
Ridgecrest2019,P789,7.099999904632568,7.193988800048828,7.173483212788899,0.08183705198314337,0.09398889541625977
Ridgecrest2019,P799,7.099999904632568,7.360378265380859,7.349971453348796,0.08479683870562545,0.260378360748291
Ridgecrest2019,P800,7.099999904632568,7.1758832931518555,7.237904230753581,0.10536629516903159,0.07588338851928711
Ridgecrest2019,P809,7.099999904632568,6.961844444274902,6.9944197336832685,0.07097603031122234,-0.13815546035766602
Ridgecrest2019,P810,7.099999904632568,6.8724822998046875,6.9184004465738935,0.08267812729467915,-0.22751760482788086
Ridgecrest2019,P811,7.099999904632568,6.916163444519043,7.009932359059651,0.13676896720706366,-0.1838364601135254
Ridgecrest2019,P812,7.099999904632568,6.988736629486084,7.0316956837972,0.1520342313008963,-0.11126327514648438
Ridgecrest2019,PBPP,7.099999904632568,6.790511131286621,6.876044273376465,0.2415060717359257,-0.30948877334594727
Ridgecrest2019,PKRD,7.099999904632568,7.123751640319824,7.126599311828613,0.0328547482083513,0.02375173568725586
Ridgecrest2019,RAMT,7.099999904632568,7.3485107421875,7.415255228678386,0.18165710697494789,0.24851083755493164
Ridgecrest2019,RCSC,7.099999904632568,7.30362606048584,7.297977765401204,0.08953360057117912,0.20362615585327148
Ridgecrest2019,RHCL,7.099999904632568,7.2139387130737305,7.199511845906575,0.1059830581626838,0.11393880844116211
Ridgecrest2019,RSTP,7.099999904632568,7.053733825683594,6.964618841807048,0.14463373793399514,-0.04626607894897461
Ridgecrest2019,RTHS,7.099999904632568,7.235553741455078,7.207345485687256,0.10355062901503327,0.13555383682250977
Ridgecrest2019,SCIA,7.099999904632568,6.873049736022949,6.992132186889648,0.2587154993631383,-0.22695016860961914
Ridgecrest2019,SHOS,7.099999904632568,6.7852935791015625,6.84663740793864,0.10263380934755431,-0.31470632553100586
Ridgecrest2019,SOMT,7.099999904632568,7.182918548583984,7.189075946807861,0.10771974462150331,0.08291864395141602
Ridgecrest2019,SPMS,7.099999904632568,7.213687896728516,7.229118347167969,0.07495442935013562,0.11368799209594727
Ridgecrest2019,TABL,7.099999904632568,7.003249168395996,7.0730868975321455,0.15529322889363353,-0.09675073623657227
Ridgecrest2019,TOST,7.099999904632568,7.542835235595703,7.4702738126118975,0.1518670171901056,0.44283533096313477
Ridgecrest2019,TPOG,7.099999904632568,7.093533992767334,7.03171173731486,0.09168643885706243,-0.006465911865234375
Ridgecrest2019,USGC,7.099999904632568,7.101903438568115,7.096756140391032,0.04005744358475299,0.001903533935546875
Ridgecrest2019,VNCO,7.099999904632568,7.408700466156006,7.412497361501058,0.014730039550101258,0.3087005615234375
Ridgecrest2019,VNCX,7.099999904632568,7.22979736328125,7.1734700202941895,0.1470085482794824,0.12979745864868164
Ridgecrest2019,WASG,7.099999904632568,6.9714179039001465,6.970715045928955,0.002467565750600851,-0.12858200073242188
Ridgecrest2019,WCHS,7.099999904632568,7.232368469238281,7.239823818206787,0.029423433210754583,0.1323685646057129
Ridgecrest2019,WHFG,7.099999904632568,6.813841819763184,6.853359381357829,0.15032865621540922,-0.28615808486938477
Ridgecrest2019,WLSN,7.099999904632568,6.97677755355835,6.995232741038005,0.08427673669356954,-0.12322235107421875
Ridgecrest2019,WNRA,7.099999904632568,7.184346675872803,7.2656013170878095,0.13528854153274242,0.08434677124023438
Ridgecrest2019,WORG,7.099999904632568,6.937122344970703,6.900399684906006,0.1038613533322347,-0.16287755966186523
SandPoint2020,AB07,7.599999904632568,7.379137992858887,7.371373335520427,0.05526690032725028,-0.22086191177368164
SandPoint2020,AB13,7.599999904632568,7.563345909118652,7.623289108276367,0.11956568259593274,-0.036653995513916016
SandPoint2020,AC12,7.599999904632568,7.762109279632568,7.7831130027771,0.06188582148471773,0.162109375
SandPoint2020,AC13,7.599999904632568,7.594510555267334,7.650114377339681,0.13990536298432968,-0.005489349365234375
SandPoint2020,AC25,7.599999904632568,7.152291774749756,7.1594163576761884,0.03623776298339865,-0.4477081298828125
SandPoint2020,AC28,7.599999904632568,7.410422325134277,7.444900353749593,0.17074404472446572,-0.18957757949829102
SandPoint2020,AC40,7.599999904632568,7.783077239990234,7.729349136352539,0.09783112918306554,0.18307733535766602
SandPoint2020,AC42,7.599999904632568,7.301570892333984,7.3502875963846845,0.11934562285240213,-0.298429012298584
SandPoint2020,AC45,7.599999904632568,7.957736015319824,7.965128103892009,0.33714954856353424,0.35773611068725586
Simeonof2020,AB07,7.800000190734863,7.709685325622559,7.728957970937093,0.04030834479746863,-0.09031486511230469
Simeonof2020,AB13,7.800000190734863,7.924159049987793,7.9172132809956866,0.10994044565430258,0.12415885925292969
Simeonof2020,AB14,7.800000190734863,7.769278526306152,7.707815170288086,0.11045302511192795,-0.030721664428710938
Simeonof2020,AC02,7.800000190734863,7.271951198577881,7.262758572896321,0.10790593440234772,-0.5280489921569824
Simeonof2020,AC12,7.800000190734863,7.629037380218506,7.618430296579997,0.06568388694987552,-0.17096281051635742
Simeonof2020,AC13,7.800000190734863,7.0279974937438965,7.023571968078613,0.08489924240060778,-0.7720026969909668
Simeonof2020,AC21,7.800000190734863,7.862299919128418,7.88828976949056,0.08328510340141501,0.06229972839355469
Simeonof2020,AC25,7.800000190734863,8.012735366821289,8.055747509002686,0.0776667305154902,0.21273517608642578
Simeonof2020,AC28,7.800000190734863,7.442784786224365,7.45026159286499,0.021112425994941637,-0.35721540451049805
Simeonof2020,AC40,7.800000190734863,7.758068084716797,7.772876898447673,0.07482944598022466,-0.041932106018066406
Simeonof2020,AV07,7.800000190734863,8.025262832641602,8.00355052947998,0.06359280248738984,0.22526264190673828
Simeonof2020,AV13,7.800000190734863,8.087247848510742,8.121140797932943,0.0638484072207834,0.2872476577758789
Simeonof2020,AV26,7.800000190734863,7.479943752288818,7.557225227355957,0.11186040610863639,-0.3200564384460449
Simeonof2020,AV34,7.800000190734863,7.969674587249756,7.9734883308410645,0.05593008138789396,0.16967439651489258
Simeonof2020,AV35,7.800000190734863,7.9875311851501465,7.992899735768636,0.026244315464866847,0.1875309944152832
Simeonof2020,AV36,7.800000190734863,7.610767364501953,7.653264045715332,0.08918784493056017,-0.18923282623291016
Simeonof2020,AV37,7.800000190734863,7.551047325134277,7.619486331939697,0.14546798899494284,-0.24895286560058594
Simeonof2020,AV38,7.800000190734863,7.938709259033203,7.936994870503743,0.0038468071512215356,0.13870906829833984
Simeonof2020,AV40,7.800000190734863,7.722136497497559,7.757479985555013,0.09942778017593605,-0.07786369323730469
Tehuantepec2017,OXUM,8.199999809265137,7.946134090423584,7.954782803853353,0.10810268230890495,-0.25386571884155273
Tehuantepec2017,TNSJ,8.199999809265137,7.871214866638184,7.864155928293864,0.04034401287770081,-0.3287849426269531
Tehuantepec2017,UTON,8.199999809265137,7.744917869567871,7.803576787312825,0.16076196116669758,-0.4550819396972656
Tehuantepec2017,UXAL,8.199999809265137,7.988558769226074,8.101892471313477,0.22209056548938277,-0.2114410400390625
Tohoku2011,0001,9.100000381469727,8.291927337646484,8.262379964192709,0.06669127124677121,-0.8080730438232422
Tohoku2011,0002,9.100000381469727,7.866354942321777,7.8898952802022295,0.04173110832410903,-1.2336454391479492
Tohoku2011,0003,9.100000381469727,8.33121395111084,8.33944034576416,0.09155432880854342,-0.7687864303588867
Tohoku2011,0004,9.100000381469727,8.76136302947998,8.786661783854166,0.03580549343799736,-0.3386373519897461
Tohoku2011,0005,9.100000381469727,8.748466491699219,8.717835108439127,0.044599909030540806,-0.3515338897705078
Tohoku2011,0007,9.100000381469727,8.008390426635742,8.023293018341064,0.1694960916154321,-1.0916099548339844
Tohoku2011,0008,9.100000381469727,8.312389373779297,8.327674547831217,0.08526518949788034,-0.7876110076904297
Tohoku2011,0009,9.100000381469727,8.737363815307617,8.611299514770508,0.20103028736272893,-0.3626365661621094
Tohoku2011,0010,9.100000381469727,8.415857315063477,8.262388547261557,0.42941083088505827,-0.68414306640625
Tohoku2011,0011,9.100000381469727,7.342238426208496,7.357536633809407,0.46468620642883607,-1.7577619552612305
Tohoku2011,0012,9.100000381469727,8.056159019470215,8.090561230977377,0.054950563591750906,-1.0438413619995117
Tohoku2011,0013,9.100000381469727,8.504027366638184,8.501996676127115,0.02754248051665487,-0.595973014831543
Tohoku2011,0014,9.100000381469727,8.40654182434082,8.33338197072347,0.11253647192302596,-0.6934585571289062
Tohoku2011,0015,9.100000381469727,8.47077465057373,8.473088900248209,0.012750299971549929,-0.6292257308959961
Tohoku2011,0016,9.100000381469727,8.676820755004883,8.67196782430013,0.029036918908647263,-0.42317962646484375
Tohoku2011,0017,9.100000381469727,8.662994384765625,8.639979680379232,0.08640524964607728,-0.43700599670410156
Tohoku2011,0018,9.100000381469727,8.722061157226562,8.73816967010498,0.03197559369376728,-0.37793922424316406
Tohoku2011,0019,9.100000381469727,8.25497055053711,8.304381052652994,0.11242395597457416,-0.8450298309326172
Tohoku2011,0020,9.100000381469727,8.755144119262695,8.744370460510254,0.015338869619766753,-0.34485626220703125
Tohoku2011,0021,9.100000381469727,8.768245697021484,8.786038080851236,0.028869131076459695,-0.3317546844482422
Tohoku2011,0022,9.100000381469727,8.774802207946777,8.786458969116211,0.02328372601443807,-0.3251981735229492
Tohoku2011,0023,9.100000381469727,8.821954727172852,8.83043638865153,0.020203464268975537,-0.278045654296875
Tohoku2011,0024,9.100000381469727,8.793216705322266,8.793405532836914,0.004491028310045663,-0.30678367614746094
Tohoku2011,0026,9.100000381469727,8.851729393005371,8.856828371683756,0.021566712736631508,-0.24827098846435547
Tohoku2011,0027,9.100000381469727,8.813689231872559,8.830769538879395,0.03469512928490821,-0.28631114959716797
Tohoku2011,0028,9.100000381469727,8.844963073730469,8.857900619506836,0.03331071419615553,-0.2550373077392578
Tohoku2011,0029,9.100000381469727,8.841476440429688,8.85945987701416,0.029088180218418858,-0.25852394104003906
Tohoku2011,0030,9.100000381469727,8.863409042358398,8.880504290262857,0.027009997643092414,-0.23659133911132812
Tohoku2011,0032,9.100000381469727,8.850828170776367,8.878952026367188,0.04093781602898383,-0.24917221069335938
Tohoku2011,0033,9.100000381469727,8.846368789672852,8.869954109191895,0.03873664692830495,-0.253631591796875
Tohoku2011,0035,9.100000381469727,8.849677085876465,8.870789845784506,0.037495298017733776,-0.2503232955932617
Tohoku2011,0037,9.100000381469727,8.842599868774414,8.85782273610433,0.02603990812669161,-0.2574005126953125
Tohoku2011,0040,9.100000381469727,8.863510131835938,8.885563214619955,0.03597850634972869,-0.23649024963378906
Tohoku2011,0041,9.100000381469727,8.857507705688477,8.877389272054037,0.03561712660873348,-0.24249267578125
Tohoku2011,0042,9.100000381469727,8.869669914245605,8.87998072306315,0.03714149300698927,-0.2303304672241211
Tohoku2011,0043,9.100000381469727,8.858095169067383,8.861491839090982,0.019708303166371788,-0.24190521240234375
Tohoku2011,0044,9.100000381469727,8.88037109375,8.878792444864908,0.01450373488112478,-0.21962928771972656
Tohoku2011,0045,9.100000381469727,8.863656997680664,8.868586540222168,0.02147439484466417,-0.2363433837890625
Tohoku2011,0046,9.100000381469727,8.823724746704102,8.824978828430176,0.028347794067296168,-0.276275634765625
Tohoku2011,0047,9.100000381469727,8.781466484069824,8.781148274739584,0.02124997721920608,-0.31853389739990234
Tohoku2011,0048,9.100000381469727,8.741558074951172,8.755617459615072,0.021849030005706847,-0.3584423065185547
Tohoku2011,0049,9.100000381469727,8.864806175231934,8.887483914693197,0.035697243577814564,-0.23519420623779297
Tohoku2011,0050,9.100000381469727,8.884592056274414,8.898096084594727,0.030307671747035105,-0.2154083251953125
Tohoku2011,0051,9.100000381469727,8.890111923217773,8.89314079284668,0.023014625552272572,-0.20988845825195312
Tohoku2011,0054,9.100000381469727,8.75700569152832,8.686470031738281,0.10927390987326127,-0.34299468994140625
Tohoku2011,0055,9.100000381469727,8.772856712341309,8.780688285827637,0.024651309821160948,-0.32714366912841797
Tohoku2011,0056,9.100000381469727,8.718267440795898,8.724860191345215,0.02886239291334828,-0.3817329406738281
Tohoku2011,0057,9.100000381469727,8.616679191589355,8.637370109558105,0.03379021902277964,-0.4833211898803711
Tohoku2011,0058,9.100000381469727,8.758113861083984,8.749560356140137,0.015408859208575012,-0.3418865203857422
Tohoku2011,0059,9.100000381469727,8.747179985046387,8.74897829691569,0.0074870785205794965,-0.35282039642333984
Tohoku2011,0060,9.100000381469727,8.717036247253418,8.739153861999512,0.03142210125813045,-0.3829641342163086
Tohoku2011,0061,9.100000381469727,8.706194877624512,8.705647150675455,0.004630246395995975,-0.39380550384521484
Tohoku2011,0064,9.100000381469727,8.622865676879883,8.617765108744303,0.0603991698261646,-0.47713470458984375
Tohoku2011,0065,9.100000381469727,8.608881950378418,8.598910013834635,0.06531091495093688,-0.4911184310913086
Tohoku2011,0066,9.100000381469727,8.45571517944336,8.461206118265787,0.034798490343524405,-0.6442852020263672
Tohoku2011,0067,9.100000381469727,8.579955101013184,8.610112508138021,0.0465125210365686,-0.520045280456543
Tohoku2011,0068,9.100000381469727,8.491884231567383,8.498735745747885,0.029516798252379284,-0.6081161499023438
Tohoku2011,0069,9.100000381469727,8.339381217956543,8.30105177561442,0.06805295460328618,-0.7606191635131836
Tohoku2011,0101,9.100000381469727,8.256976127624512,8.282876968383789,0.11287501326758469,-0.8430242538452148
Tohoku2011,0102,9.100000381469727,8.387458801269531,8.378547350565592,0.0438770817819206,-0.7125415802001953
Tohoku2011,0103,9.100000381469727,8.121959686279297,8.070459842681885,0.0753720026744713,-0.9780406951904297
Tohoku2011,0104,9.100000381469727,8.329475402832031,8.348268826802572,0.0668023473602368,-0.7705249786376953
Tohoku2011,0105,9.100000381469727,8.330728530883789,8.25786304473877,0.14792619541657576,-0.7692718505859375
Tohoku2011,0106,9.100000381469727,8.399351119995117,8.391392707824707,0.12897549249652507,-0.7006492614746094
Tohoku2011,0107,9.100000381469727,8.14500617980957,8.219846725463867,0.1629269244837929,-0.9549942016601562
Tohoku2011,0108,9.100000381469727,8.683708190917969,8.684721946716309,0.10524733485946348,-0.4162921905517578
Tohoku2011,0109,9.100000381469727,8.708721160888672,8.719178835550943,0.0702391455839865,-0.3912792205810547
Tohoku2011,0110,9.100000381469727,8.21079158782959,8.249640464782715,0.08685747731895276,-0.8892087936401367
Tohoku2011,0111,9.100000381469727,8.006866455078125,8.011164029439291,0.14536035076941214,-1.0931339263916016
Tohoku2011,0112,9.100000381469727,8.48872184753418,8.521231969197592,0.07894152539510829,-0.6112785339355469
Tohoku2011,0113,9.100000381469727,8.770029067993164,8.773288091023764,0.010781478341200398,-0.3299713134765625
Tohoku2011,0114,9.100000381469727,8.670804977416992,8.676658630371094,0.0846976640819893,-0.4291954040527344
Tohoku2011,0115,9.100000381469727,8.75055980682373,8.756590843200684,0.029287308268819992,-0.3494405746459961
Tohoku2011,0116,9.100000381469727,8.639189720153809,8.649133682250977,0.043922533116921784,-0.46081066131591797
Tohoku2011,0117,9.100000381469727,8.387067794799805,8.399925231933594,0.05183304513722162,-0.7129325866699219
Tohoku2011,0118,9.100000381469727,8.766267776489258,8.73249340057373,0.05262332643365008,-0.33373260498046875
Tohoku2011,0119,9.100000381469727,8.749838829040527,8.756586710611979,0.014016554401433286,-0.3501615524291992
Tohoku2011,0120,9.100000381469727,8.600687026977539,8.608877182006836,0.018356388511552246,-0.4993133544921875
Tohoku2011,0121,9.100000381469727,8.495722770690918,8.372047424316406,0.21415330666798654,-0.6042776107788086
Tohoku2011,0122,9.100000381469727,8.643599510192871,8.640631357828775,0.06467044564348931,-0.45640087127685547
Tohoku2011,0123,9.100000381469727,7.420888423919678,7.09960142771403,0.47488757488026745,-1.6791119575500488
Tohoku2011,0124,9.100000381469727,8.699373245239258,8.706832885742188,0.01650075225452705,-0.40062713623046875
Tohoku2011,0125,9.100000381469727,8.700579643249512,8.56439177195231,0.2530710974584756,-0.39942073822021484
Tohoku2011,0126,9.100000381469727,8.609530448913574,8.6312894821167,0.038643325521958274,-0.49046993255615234
Tohoku2011,0127,9.100000381469727,8.576337814331055,8.593817075093588,0.055969371250438486,-0.5236625671386719
Tohoku2011,0128,9.100000381469727,8.470090866088867,8.424898783365885,0.09056189997792419,-0.6299095153808594
Tohoku2011,0129,9.100000381469727,8.53397274017334,8.494182904561361,0.11615697854931166,-0.5660276412963867
Tohoku2011,0130,9.100000381469727,8.60689926147461,8.566901842753092,0.12254063995015849,-0.4931011199951172
Tohoku2011,0131,9.100000381469727,8.618208885192871,8.628563245137533,0.06594539783480742,-0.48179149627685547
Tohoku2011,0132,9.100000381469727,8.509504318237305,8.543050130208334,0.056360732168422856,-0.5904960632324219
Tohoku2011,0133,9.100000381469727,8.433947563171387,8.406369845072428,0.09622144791714127,-0.6660528182983398
Tohoku2011,0134,9.100000381469727,8.135973930358887,8.271332740783691,0.24897182822683767,-0.9640264511108398
Tohoku2011,0135,9.100000381469727,8.617053985595703,8.639508565266928,0.03448261916661631,-0.48294639587402344
Tohoku2011,0136,9.100000381469727,8.597415924072266,8.611848513285318,0.05278272422586595,-0.5025844573974609
Tohoku2011,0137,9.100000381469727,8.673458099365234,8.663552284240723,0.019811552405713237,-0.4265422821044922
Tohoku2011,0138,9.100000381469727,8.214537620544434,8.332140922546387,0.24644001390507927,-0.885462760925293
Tohoku2011,0139,9.100000381469727,8.69074535369873,8.704828580220541,0.03354968175059609,-0.4092550277709961
Tohoku2011,0140,9.100000381469727,8.654016494750977,8.653493563334147,0.05066757785036334,-0.44598388671875
Tohoku2011,0141,9.100000381469727,8.68601131439209,8.678221384684244,0.04526228442551336,-0.4139890670776367
Tohoku2011,0142,9.100000381469727,8.61806869506836,8.633299191792807,0.059789076823951987,-0.4819316864013672
Tohoku2011,0143,9.100000381469727,8.745123863220215,8.767952919006348,0.034029523507630055,-0.3548765182495117
Tohoku2011,0144,9.100000381469727,8.570906639099121,8.551454226175943,0.10424355257840602,-0.5290937423706055
Tohoku2011,0145,9.100000381469727,8.741484642028809,8.766504923502604,0.03585981101690923,-0.35851573944091797
Tohoku2011,0146,9.100000381469727,8.745787620544434,8.764604568481445,0.028110549521818354,-0.35421276092529297
Tohoku2011,0147,9.100000381469727,8.746051788330078,8.760950088500977,0.027338651542513,-0.35394859313964844
Tohoku2011,0149,9.100000381469727,8.811956405639648,8.82015577952067,0.0210679015810217,-0.2880439758300781
Tohoku2011,0150,9.100000381469727,8.811713218688965,8.812082290649414,0.015828266962234508,-0.2882871627807617
Tohoku2011,0151,9.100000381469727,8.83755111694336,8.839773178100586,0.016189482688939136,-0.2624492645263672
Tohoku2011,0152,9.100000381469727,8.798784255981445,8.809432665506998,0.017939809811945637,-0.30121612548828125
Tohoku2011,0153,9.100000381469727,8.811176300048828,8.832607587178549,0.032094860724121745,-0.28882408142089844
Tohoku2011,0154,9.100000381469727,8.862105369567871,8.867766380310059,0.021075287550206535,-0.23789501190185547
Tohoku2011,0155,9.100000381469727,8.836463928222656,8.855310757954916,0.0301357120006314,-0.2635364532470703
Tohoku2011,0156,9.100000381469727,8.804980278015137,8.82601801554362,0.03140683446178678,-0.29502010345458984
Tohoku2011,0157,9.100000381469727,8.82651138305664,8.846756935119629,0.033850037112593434,-0.27348899841308594
Tohoku2011,0158,9.100000381469727,8.797607421875,8.820121129353842,0.03502312811319793,-0.30239295959472656
Tohoku2011,0159,9.100000381469727,8.819476127624512,8.84083112080892,0.035119222331413624,-0.28052425384521484
Tohoku2011,0160,9.100000381469727,8.826631546020508,8.846015294392904,0.03554790165653123,-0.27336883544921875
Tohoku2011,0161,9.100000381469727,8.830850601196289,8.852755864461264,0.03625580200124681,-0.2691497802734375
Tohoku2011,0162,9.100000381469727,8.830126762390137,8.843005816141764,0.03418560729261396,-0.26987361907958984
Tohoku2011,0163,9.100000381469727,8.835260391235352,8.857281684875488,0.03614856448540886,-0.264739990234375
Tohoku2011,0164,9.100000381469727,8.834208488464355,8.848380088806152,0.03404870010529264,-0.2657918930053711
Tohoku2011,0165,9.100000381469727,8.836677551269531,8.861519495646158,0.03730023604052385,-0.2633228302001953
Tohoku2011,0166,9.100000381469727,8.83984375,8.861183802286783,0.03497587947942641,-0.26015663146972656
Tohoku2011,0167,9.100000381469727,8.847833633422852,8.860430399576822,0.03262912740276256,-0.252166748046875
Tohoku2011,0169,9.100000381469727,8.846339225769043,8.860695203145346,0.029587475950227815,-0.2536611557006836
Tohoku2011,0170,9.100000381469727,8.849637985229492,8.860345522562662,0.028816864331387467,-0.2503623962402344
Tohoku2011,0171,9.100000381469727,8.845882415771484,8.854596455891928,0.025169459876607025,-0.2541179656982422
Tohoku2011,0172,9.100000381469727,8.841550827026367,8.851792971293131,0.02405538273529924,-0.2584495544433594
Tohoku2011,0174,9.100000381469727,8.841227531433105,8.860702514648438,0.03326558884161338,-0.2587728500366211
Tohoku2011,0175,9.100000381469727,8.831286430358887,8.832961400349935,0.022284768392260724,-0.26871395111083984
Tohoku2011,0176,9.100000381469727,8.835882186889648,8.851749738057455,0.023187209116114122,-0.2641181945800781
Tohoku2011,0177,9.100000381469727,8.842716217041016,8.86025873819987,0.028835445686331108,-0.25728416442871094
Tohoku2011,0179,9.100000381469727,8.848440170288086,8.865941683451334,0.02925725991161801,-0.2515602111816406
Tohoku2011,0180,9.100000381469727,8.8533353805542,8.872835477193197,0.03544623404913128,-0.24666500091552734
Tohoku2011,0181,9.100000381469727,8.834383010864258,8.8585573832194,0.03450583116872034,-0.26561737060546875
Tohoku2011,0182,9.100000381469727,8.847685813903809,8.867350260416666,0.030675184062498608,-0.25231456756591797
Tohoku2011,0183,9.100000381469727,8.835524559020996,8.856464703877768,0.03465404139738119,-0.26447582244873047
Tohoku2011,0184,9.100000381469727,8.854331970214844,8.872145970662435,0.026845394412963703,-0.2456684112548828
Tohoku2011,0185,9.100000381469727,8.844409942626953,8.86827023824056,0.036234875454351806,-0.25559043884277344
Tohoku2011,0186,9.100000381469727,8.850053787231445,8.873670895894369,0.03439977562697665,-0.24994659423828125
Tohoku2011,0187,9.100000381469727,8.844127655029297,8.866942087809244,0.03627680217752042,-0.2558727264404297
Tohoku2011,0188,9.100000381469727,8.848505020141602,8.872721036275228,0.03759658799842366,-0.251495361328125
Tohoku2011,0189,9.100000381469727,8.847976684570312,8.871780077616373,0.03722201632756323,-0.25202369689941406
Tohoku2011,0190,9.100000381469727,8.841669082641602,8.867804845174154,0.037551117417859554,-0.258331298828125
Tohoku2011,0191,9.100000381469727,8.850358963012695,8.877727190653482,0.03969042004136357,-0.24964141845703125
Tohoku2011,0192,9.100000381469727,8.850809097290039,8.875869750976562,0.03744257705818929,-0.2491912841796875
Tohoku2011,0193,9.100000381469727,8.842092514038086,8.865875244140625,0.03694441171685798,-0.2579078674316406
Tohoku2011,0194,9.100000381469727,8.863700866699219,8.884104410807291,0.034090269805560076,-0.2362995147705078
Tohoku2011,0195,9.100000381469727,8.853273391723633,8.879531542460123,0.03785169331941489,-0.24672698974609375
Tohoku2011,0196,9.100000381469727,8.855887413024902,8.881391207377115,0.03795519756550929,-0.24411296844482422
Tohoku2011,0197,9.100000381469727,8.860660552978516,8.884465853373209,0.03680653165295569,-0.23933982849121094
Tohoku2011,0198,9.100000381469727,8.857279777526855,8.878763834635416,0.037230573025219024,-0.2427206039428711
Tohoku2011,0199,9.100000381469727,8.855928421020508,8.878243128458658,0.03721471200494609,-0.24407196044921875
Tohoku2011,0200,9.100000381469727,8.853309631347656,8.874985376993815,0.035846421179917064,-0.2466907501220703
Tohoku2011,0201,9.100000381469727,8.857959747314453,8.879137674967447,0.03196834299271561,-0.24204063415527344
Tohoku2011,0202,9.100000381469727,8.86184310913086,8.884109179178873,0.03478443783442893,-0.2381572723388672
Tohoku2011,0204,9.100000381469727,8.870485305786133,8.8880828221639,0.03271096236342937,-0.22951507568359375
Tohoku2011,0205,9.100000381469727,8.86083984375,8.883178075154623,0.03192609123881744,-0.23916053771972656
Tohoku2011,0206,9.100000381469727,8.875431060791016,8.889158566792807,0.0290358276188265,-0.22456932067871094
Tohoku2011,0207,9.100000381469727,8.874011039733887,8.889054616292318,0.031164132445641136,-0.22598934173583984
Tohoku2011,0209,9.100000381469727,8.866572380065918,8.88750966389974,0.03432018010750799,-0.2334280014038086
Tohoku2011,0210,9.100000381469727,8.86379623413086,8.885457992553711,0.035258265133958605,-0.2362041473388672
Tohoku2011,0211,9.100000381469727,8.864704132080078,8.885472615559896,0.03521622325244591,-0.23529624938964844
Tohoku2011,0212,9.100000381469727,8.865779876708984,8.884184837341309,0.03799685840552676,-0.2342205047607422
Tohoku2011,0213,9.100000381469727,8.867403030395508,8.881441752115885,0.03693571509562789,-0.23259735107421875
Tohoku2011,0214,9.100000381469727,8.867965698242188,8.883235295613607,0.036706965497022216,-0.23203468322753906
Tohoku2011,0215,9.100000381469727,8.858652114868164,8.872472763061523,0.035726927449635924,-0.2413482666015625
Tohoku2011,0216,9.100000381469727,8.863456726074219,8.870359420776367,0.03587682385938053,-0.2365436553955078
Tohoku2011,0217,9.100000381469727,8.86636734008789,8.883122126261393,0.035404820834113684,-0.23363304138183594
Tohoku2011,0218,9.100000381469727,8.869743347167969,8.875680923461914,0.023425662125350227,-0.2302570343017578
Tohoku2011,0219,9.100000381469727,8.864559173583984,8.877460797627768,0.03309972644128983,-0.2354412078857422
Tohoku2011,0220,9.100000381469727,8.879436492919922,8.879209518432617,0.015237895389787794,-0.2205638885498047
Tohoku2011,0221,9.100000381469727,8.872504234313965,8.873943964640299,0.01880874646189403,-0.22749614715576172
Tohoku2011,0222,9.100000381469727,8.866025924682617,8.8622465133667,0.008991575288839933,-0.23397445678710938
Tohoku2011,0223,9.100000381469727,8.840337753295898,8.839244842529297,0.01986104946879681,-0.2596626281738281
Tohoku2011,0224,9.100000381469727,8.82276725769043,8.832524617513021,0.030059560959183353,-0.2772331237792969
Tohoku2011,0225,9.100000381469727,8.74246597290039,8.76670773824056,0.0448944062541757,-0.35753440856933594
Tohoku2011,0226,9.100000381469727,8.565364837646484,8.54508908589681,0.0431958406229635,-0.5346355438232422
Tohoku2011,0227,9.100000381469727,8.68403148651123,8.666743278503418,0.045489989845675954,-0.4159688949584961
Tohoku2011,0228,9.100000381469727,8.736875534057617,8.74459457397461,0.012890361890220943,-0.3631248474121094
Tohoku2011,0229,9.100000381469727,8.707855224609375,8.703336397806803,0.04353188548383613,-0.39214515686035156
Tohoku2011,0230,9.100000381469727,8.680453300476074,8.689325014750162,0.03510308117346554,-0.41954708099365234
Tohoku2011,0231,9.100000381469727,8.874343872070312,8.890467007954916,0.031088492325109244,-0.22565650939941406
Tohoku2011,0232,9.100000381469727,8.88620376586914,8.893405278523764,0.02489871754081503,-0.21379661560058594
Tohoku2011,0233,9.100000381469727,8.886672019958496,8.891948382059732,0.02391153991927312,-0.21332836151123047
Tohoku2011,0234,9.100000381469727,8.870698928833008,8.888729095458984,0.03268761295326058,-0.22930145263671875
Tohoku2011,0235,9.100000381469727,8.883943557739258,8.887460072835287,0.024395141575402277,-0.21605682373046875
Tohoku2011,0236,9.100000381469727,8.870261192321777,8.889025370279947,0.03339550589622513,-0.22973918914794922
Tohoku2011,0237,9.100000381469727,8.889918327331543,8.89621353149414,0.026770818695843558,-0.2100820541381836
Tohoku2011,0238,9.100000381469727,8.881271362304688,8.895516077677408,0.030192489609682113,-0.21872901916503906
Tohoku2011,0239,9.100000381469727,8.884692192077637,8.894499778747559,0.02733719444392661,-0.21530818939208984
Tohoku2011,0240,9.100000381469727,8.890623092651367,8.895217895507812,0.024379650627268525,-0.20937728881835938
Tohoku2011,0241,9.100000381469727,8.8837890625,8.886497497558594,0.023149843551909643,-0.21621131896972656
Tohoku2011,0242,9.100000381469727,8.887002944946289,8.890861511230469,0.021444478294944433,-0.2129974365234375
Tohoku2011,0244,9.100000381469727,8.887800216674805,8.889875094095865,0.02131258301707898,-0.21220016479492188
Tohoku2011,0245,9.100000381469727,8.850146293640137,8.850607872009277,0.015535595636154923,-0.24985408782958984
Tohoku2011,0246,9.100000381469727,8.886775016784668,8.889143943786621,0.019316085096143163,-0.2132253646850586
Tohoku2011,0247,9.100000381469727,8.863975524902344,8.86583391825358,0.017691239081560794,-0.2360248565673828
Tohoku2011,0248,9.100000381469727,8.781312942504883,8.784061113993326,0.005903139988221052,-0.31868743896484375
Tohoku2011,0249,9.100000381469727,8.776923179626465,8.754921277364096,0.041431358492744985,-0.3230772018432617
Tohoku2011,0250,9.100000381469727,8.768312454223633,8.753001848856607,0.038327730759042306,-0.33168792724609375
Tohoku2011,0251,9.100000381469727,8.772602081298828,8.77983283996582,0.010828806308817353,-0.32739830017089844
Tohoku2011,0252,9.100000381469727,8.809112548828125,8.795798937479654,0.026998593360863517,-0.29088783264160156
Tohoku2011,0253,9.100000381469727,8.836700439453125,8.844964027404785,0.02797757739913309,-0.26329994201660156
Tohoku2011,0255,9.100000381469727,8.775983810424805,8.793198585510254,0.028749562208092567,-0.3240165710449219
Tohoku2011,0256,9.100000381469727,8.770716667175293,8.788390477498373,0.0304576175886224,-0.3292837142944336
Tohoku2011,0257,9.100000381469727,8.750921249389648,8.761341412862143,0.028220315159138237,-0.3490791320800781
Tohoku2011,0258,9.100000381469727,8.761534690856934,8.776161193847656,0.025435198840976798,-0.33846569061279297
Tohoku2011,0259,9.100000381469727,8.761996269226074,8.765491803487143,0.025076209357076964,-0.33800411224365234
Tohoku2011,0260,9.100000381469727,8.751254081726074,8.75340207417806,0.025637248751711337,-0.34874629974365234
Tohoku2011,0261,9.100000381469727,8.727466583251953,8.728193283081055,0.02956596263771798,-0.37253379821777344
Tohoku2011,0262,9.100000381469727,8.64634895324707,8.66735553741455,0.03334296712235605,-0.45365142822265625
Tohoku2011,0263,9.100000381469727,8.782732963562012,8.785634994506836,0.02108335938777702,-0.31726741790771484
Tohoku2011,0264,9.100000381469727,8.786447525024414,8.794053395589193,0.02087615342997123,-0.3135528564453125
Tohoku2011,0265,9.100000381469727,8.881331443786621,8.882495880126953,0.019861136704046115,-0.21866893768310547
Tohoku2011,0266,9.100000381469727,8.837237358093262,8.835893630981445,0.02032803231357247,-0.26276302337646484
Tohoku2011,0267,9.100000381469727,8.857828140258789,8.858184178670248,0.015591042573249033,-0.2421722412109375
Tohoku2011,0268,9.100000381469727,8.843137741088867,8.842289288838705,0.01693545134151392,-0.2568626403808594
Tohoku2011,0269,9.100000381469727,8.866764068603516,8.868208567301432,0.01939248610283939,-0.23323631286621094
Tohoku2011,0270,9.100000381469727,8.817359924316406,8.81637954711914,0.027519208271587364,-0.2826404571533203
Tohoku2011,0271,9.100000381469727,8.820341110229492,8.817880948384603,0.019275644150194806,-0.2796592712402344
Tohoku2011,0272,9.100000381469727,8.829421043395996,8.830265363057455,0.018482855133854274,-0.27057933807373047
Tohoku2011,0273,9.100000381469727,8.804213523864746,8.802271525065104,0.025995266765919043,-0.29578685760498047
Tohoku2011,0274,9.100000381469727,8.729118347167969,8.665721575419107,0.09733468822770192,-0.3708820343017578
Tohoku2011,0275,9.100000381469727,8.710417747497559,8.671123822530111,0.06437443121936832,-0.38958263397216797
Tohoku2011,0276,9.100000381469727,8.700235366821289,8.61041259765625,0.1378676476651267,-0.3997650146484375
Tohoku2011,0277,9.100000381469727,8.676227569580078,8.588245391845703,0.14367789582457044,-0.42377281188964844
Tohoku2011,0278,9.100000381469727,8.690169334411621,8.695171674092611,0.00821010999416054,-0.40983104705810547
Tohoku2011,0279,9.100000381469727,8.766595840454102,8.760973612467447,0.008052395284504184,-0.333404541015625
Tohoku2011,0280,9.100000381469727,8.761916160583496,8.777345657348633,0.022443183132513887,-0.33808422088623047
Tohoku2011,0281,9.100000381469727,8.747163772583008,8.711523373921713,0.05686271460516985,-0.35283660888671875
Tohoku2011,0282,9.100000381469727,8.752131462097168,8.770084698994955,0.029968484136048915,-0.3478689193725586
Tohoku2011,0283,9.100000381469727,8.740241050720215,8.761019070943197,0.029559386537191014,-0.3597593307495117
Tohoku2011,0284,9.100000381469727,8.728321075439453,8.724371592203775,0.008995843746255873,-0.37167930603027344
Tohoku2011,0285,9.100000381469727,8.753114700317383,8.760167439778646,0.02370762793669139,-0.34688568115234375
Tohoku2011,0286,9.100000381469727,8.742919921875,8.752765019734701,0.025348651517781255,-0.35708045959472656
Tohoku2011,0287,9.100000381469727,8.729259490966797,8.741775194803873,0.019808319738202913,-0.3707408905029297
Tohoku2011,0288,9.100000381469727,8.731497764587402,8.74222469329834,0.025296555851426587,-0.3685026168823242
Tohoku2011,0289,9.100000381469727,8.734587669372559,8.748957633972168,0.02758156670892218,-0.36541271209716797
Tohoku2011,0291,9.100000381469727,8.723800659179688,8.731968561808268,0.02511636118066133,-0.37619972229003906
Tohoku2011,0292,9.100000381469727,8.716196060180664,8.73007869720459,0.03214478062112663,-0.3838043212890625
Tohoku2011,0293,9.100000381469727,8.693822860717773,8.688940366109213,0.018382566535819593,-0.4061775207519531
Tohoku2011,0294,9.100000381469727,8.703998565673828,8.716216087341309,0.026582774770118896,-0.39600181579589844
Tohoku2011,0295,9.100000381469727,8.5769681930542,8.53162415822347,0.1303279799740088,-0.5230321884155273
Tohoku2011,0296,9.100000381469727,8.397303581237793,8.395894368489584,0.14329192750719452,-0.7026968002319336
Tohoku2011,0297,9.100000381469727,8.367541313171387,8.353264490763346,0.12891993431649748,-0.7324590682983398
Tohoku2011,0298,9.100000381469727,8.71347713470459,8.732788721720377,0.029754081341150904,-0.3865232467651367
Tohoku2011,0299,9.100000381469727,8.708426475524902,8.724897066752115,0.027271667416724075,-0.3915739059448242
Tohoku2011,0300,9.100000381469727,8.683868408203125,8.671539624532064,0.05680389694084143,-0.41613197326660156
Tohoku2011,0301,9.100000381469727,8.6925687789917,8.685631116231283,0.04968531893091599,-0.40743160247802734
Tohoku2011,0302,9.100000381469727,8.689986228942871,8.702524820963541,0.037599839273933684,-0.41001415252685547
Tohoku2011,0303,9.100000381469727,8.683761596679688,8.681340535481771,0.05032509690090134,-0.41623878479003906
Tohoku2011,0304,9.100000381469727,8.627182006835938,8.622527440388998,0.06289928845233497,-0.47281837463378906
Tohoku2011,0305,9.100000381469727,8.661467552185059,8.67018191019694,0.04726194272327496,-0.43853282928466797
Tohoku2011,0306,9.100000381469727,8.604511260986328,8.596846580505371,0.0760869106605736,-0.49548912048339844
Tohoku2011,0307,9.100000381469727,8.614692687988281,8.616606076558432,0.06429398515075711,-0.4853076934814453
Tohoku2011,0309,9.100000381469727,8.66491985321045,8.680205345153809,0.03606415131172588,-0.43508052825927734
Tohoku2011,0310,9.100000381469727,8.606216430664062,8.605700810750326,0.05274693175948934,-0.49378395080566406
Tohoku2011,0311,9.100000381469727,8.625202178955078,8.615798314412435,0.05881331842736547,-0.47479820251464844
Tohoku2011,0312,9.100000381469727,8.539188385009766,8.551332473754883,0.04889971851348497,-0.5608119964599609
Tohoku2011,0314,9.100000381469727,8.565511703491211,8.53531805674235,0.08220532166922967,-0.5344886779785156
Tohoku2011,0315,9.100000381469727,8.407851219177246,8.378658930460611,0.0517186616691305,-0.6921491622924805
Tohoku2011,0316,9.100000381469727,8.384542465209961,8.343297640482584,0.0689030972750546,-0.7154579162597656
Tohoku2011,0317,9.100000381469727,8.730741500854492,8.73570187886556,0.02483934787666171,-0.3692588806152344
Tohoku2011,0318,9.100000381469727,8.728331565856934,8.73327668507894,0.026378255662762418,-0.37166881561279297
Tohoku2011,0319,9.100000381469727,8.687460899353027,8.696242650349935,0.03177778299455174,-0.4125394821166992
Tohoku2011,0320,9.100000381469727,8.697954177856445,8.708698908487955,0.02786394732966051,-0.40204620361328125
Tohoku2011,0321,9.100000381469727,8.708609580993652,8.717008590698242,0.02860375287605826,-0.3913908004760742
Tohoku2011,0322,9.100000381469727,8.623373985290527,8.639045079549154,0.04152601838936882,-0.4766263961791992
Tohoku2011,0323,9.100000381469727,8.641070365905762,8.65666421254476,0.03825539845856269,-0.45893001556396484
Tohoku2011,0324,9.100000381469727,8.590895652770996,8.594576199849447,0.04989513039893862,-0.5091047286987305
Tohoku2011,0326,9.100000381469727,8.60792064666748,8.605612754821777,0.05474082081153472,-0.4920797348022461
Tohoku2011,0327,9.100000381469727,8.633487701416016,8.646899541219076,0.03425721186604292,-0.46651268005371094
Tohoku2011,0328,9.100000381469727,8.574080467224121,8.595488866170248,0.0392888039938725,-0.5259199142456055
Tohoku2011,0329,9.100000381469727,8.563444137573242,8.576433499654135,0.037845456778374836,-0.5365562438964844
Tohoku2011,0331,9.100000381469727,8.561300277709961,8.56998093922933,0.04241650224705051,-0.5387001037597656
Tohoku2011,0333,9.100000381469727,8.575766563415527,8.587886492411295,0.04133157543500278,-0.5242338180541992
Tohoku2011,0334,9.100000381469727,8.566228866577148,8.571011543273926,0.04505840290009414,-0.5337715148925781
Tohoku2011,0335,9.100000381469727,8.530288696289062,8.554012616475424,0.04908742914494279,-0.5697116851806641
Tohoku2011,0336,9.100000381469727,8.46704387664795,8.493611971537272,0.05097567451587827,-0.6329565048217773
Tohoku2011,0337,9.100000381469727,8.514137268066406,8.492380142211914,0.06143555045048114,-0.5858631134033203
Tohoku2011,0338,9.100000381469727,8.483251571655273,8.483454068501791,0.03665586619051599,-0.6167488098144531
Tohoku2011,0339,9.100000381469727,8.490752220153809,8.476942380269369,0.045238978183487516,-0.609248161315918
Tohoku2011,0340,9.100000381469727,8.410118103027344,8.359104792277018,0.07492555533519522,-0.6898822784423828
Tohoku2011,0341,9.100000381469727,8.443442344665527,8.434712092081705,0.04931921986019029,-0.6565580368041992
Tohoku2011,0342,9.100000381469727,8.457672119140625,8.466930707295736,0.04928402049731707,-0.6423282623291016
Tohoku2011,0343,9.100000381469727,8.425537109375,8.417987823486328,0.089692237514847,-0.6744632720947266
Tohoku2011,0344,9.100000381469727,8.395553588867188,8.364309628804525,0.06883706349392853,-0.7044467926025391
Tohoku2011,0345,9.100000381469727,8.492765426635742,8.501864115397135,0.03311638424788624,-0.6072349548339844
Tohoku2011,0347,9.100000381469727,8.449820518493652,8.4265988667806,0.06354588683875327,-0.6501798629760742
Tohoku2011,0348,9.100000381469727,8.509699821472168,8.534040133158365,0.03649711408975888,-0.5903005599975586
Tohoku2011,0349,9.100000381469727,8.468521118164062,8.484498341878256,0.036631259346166546,-0.6314792633056641
Tohoku2011,0350,9.100000381469727,8.345451354980469,8.34640121459961,0.02959715103780727,-0.7545490264892578
Tohoku2011,0351,9.100000381469727,8.443868637084961,8.42548656463623,0.058217996106897665,-0.6561317443847656
Tohoku2011,0352,9.100000381469727,8.427736282348633,8.40213425954183,0.04770187267695716,-0.6722640991210938
Tohoku2011,0353,9.100000381469727,8.490118980407715,8.483416557312012,0.03453611926768663,-0.6098814010620117
Tohoku2011,0354,9.100000381469727,8.425165176391602,8.384831746419271,0.06391971560948329,-0.674835205078125
Tohoku2011,0355,9.100000381469727,8.485915184020996,8.501890500386557,0.025702986930110742,-0.6140851974487305
Tohoku2011,0356,9.100000381469727,8.429183959960938,8.401388168334961,0.04478156869470578,-0.6708164215087891
Tohoku2011,0358,9.100000381469727,8.427896499633789,8.40134366353353,0.07952063432193053,-0.6721038818359375
Tohoku2011,0359,9.100000381469727,8.422441482543945,8.384249369303385,0.06747089404543051,-0.6775588989257812
Tohoku2011,0360,9.100000381469727,8.321383476257324,8.316602071126303,0.036092462699007795,-0.7786169052124023
Tohoku2011,0364,9.100000381469727,8.539405822753906,8.549848238627115,0.03898018962198536,-0.5605945587158203
Tohoku2011,0365,9.100000381469727,8.504798889160156,8.524371465047201,0.032653542435953725,-0.5952014923095703
Tohoku2011,0366,9.100000381469727,8.506275177001953,8.496180852254232,0.042044218084281784,-0.5937252044677734
Tohoku2011,0367,9.100000381469727,8.425787925720215,8.40402634938558,0.039512249834402144,-0.6742124557495117
Tohoku2011,0368,9.100000381469727,8.312152862548828,8.280520757039389,0.06695039105393115,-0.7878475189208984
Tohoku2011,0369,9.100000381469727,8.305301666259766,8.292879104614258,0.02346319202529366,-0.7946987152099609
Tohoku2011,0370,9.100000381469727,8.335651397705078,8.30869229634603,0.05500016067881477,-0.7643489837646484
Tohoku2011,0371,9.100000381469727,8.301979064941406,8.299066861470541,0.05692974357474819,-0.7980213165283203
Tohoku2011,0373,9.100000381469727,8.349722862243652,8.309962272644043,0.07183212391056232,-0.7502775192260742
Tohoku2011,0374,9.100000381469727,8.256540298461914,8.257790247599283,0.028360544648092113,-0.8434600830078125
Tohoku2011,0380,9.100000381469727,8.328444480895996,8.338421503702799,0.014730978999509226,-0.7715559005737305
Tohoku2011,0501,9.100000381469727,8.402580261230469,8.397958755493164,0.03668734375190159,-0.6974201202392578
Tohoku2011,0502,9.100000381469727,7.867063045501709,7.861056645711263,0.11089317543567118,-1.2329373359680176
Tohoku2011,0503,9.100000381469727,8.043906211853027,8.124976952870687,0.18216292579632098,-1.0560941696166992
Tohoku2011,0504,9.100000381469727,7.92596960067749,7.9069186846415205,0.21242719381365163,-1.1740307807922363
Tohoku2011,0505,9.100000381469727,8.74555778503418,8.766452471415201,0.03694825014376918,-0.3544425964355469
Tohoku2011,0506,9.100000381469727,7.9812445640563965,8.024365425109863,0.16223476749881927,-1.11875581741333
Tohoku2011,0507,9.100000381469727,8.73617935180664,8.761336962381998,0.03670130175072733,-0.36382102966308594
Tohoku2011,0508,9.100000381469727,8.103937149047852,8.154571533203125,0.14221941592351958,-0.996063232421875
Tohoku2011,0509,9.100000381469727,8.171344757080078,8.249776840209961,0.1190195175380559,-0.9286556243896484
Tohoku2011,0510,9.100000381469727,7.750453948974609,7.839375654856364,0.12768405002863695,-1.3495464324951172
Tohoku2011,0511,9.100000381469727,8.719745635986328,8.749114036560059,0.0464320330140299,-0.38025474548339844
Tohoku2011,0512,9.100000381469727,8.763565063476562,8.708375295003256,0.09481017285085706,-0.33643531799316406
Tohoku2011,0514,9.100000381469727,8.004183769226074,8.090696970621744,0.13897034587864412,-1.0958166122436523
Tohoku2011,0515,9.100000381469727,8.608134269714355,8.580447514851889,0.12145042717563423,-0.4918661117553711
Tohoku2011,0516,9.100000381469727,8.191665649414062,8.244522412618002,0.09258511020519183,-0.9083347320556641
Tohoku2011,0517,9.100000381469727,8.533124923706055,8.535059611002604,0.02869164899313809,-0.5668754577636719
Tohoku2011,0518,9.100000381469727,7.802525997161865,7.754834016164144,0.24760563415531497,-1.2974743843078613
Tohoku2011,0519,9.100000381469727,8.754912376403809,8.717978795369467,0.0683752002429287,-0.34508800506591797
Tohoku2011,0520,9.100000381469727,8.46133041381836,8.447957992553711,0.08758611012515707,-0.6386699676513672
Tohoku2011,0521,9.100000381469727,7.900298118591309,7.868386268615723,0.10392622885105046,-1.199702262878418
Tohoku2011,0522,9.100000381469727,8.461042404174805,8.411116282145182,0.07576147931802311,-0.6389579772949219
Tohoku2011,0523,9.100000381469727,8.52507209777832,8.51817512512207,0.02014544196314714,-0.5749282836914062
Tohoku2011,0525,9.100000381469727,8.667598724365234,8.686851501464844,0.034891875584742854,-0.4324016571044922
Tohoku2011,0526,9.100000381469727,8.710066795349121,8.735179901123047,0.03606493005152667,-0.38993358612060547
Tohoku2011,0527,9.100000381469727,8.76263427734375,8.771958669026693,0.028047292883095945,-0.33736610412597656
Tohoku2011,0528,9.100000381469727,8.748808860778809,8.767940839131674,0.029090101055994813,-0.35119152069091797
Tohoku2011,0529,9.100000381469727,8.768089294433594,8.784316062927246,0.025195836297805526,-0.3319110870361328
Tohoku2011,0530,9.100000381469727,8.792179107666016,8.807316462198893,0.02476001407816907,-0.30782127380371094
Tohoku2011,0531,9.100000381469727,8.694433212280273,8.558680216471354,0.22578052364936319,-0.4055671691894531
Tohoku2011,0532,9.100000381469727,8.252699851989746,8.24222183227539,0.10762444107084206,-0.8473005294799805
Tohoku2011,0533,9.100000381469727,8.779303550720215,8.780226389567057,0.004273243980895446,-0.3206968307495117
Tohoku2011,0534,9.100000381469727,8.837153434753418,8.83924643198649,0.018097769017216662,-0.2628469467163086
Tohoku2011,0535,9.100000381469727,8.828298568725586,8.828120231628418,0.011205407727931452,-0.2717018127441406
Tohoku2011,0537,9.100000381469727,8.811129570007324,8.824301719665527,0.022635971460266687,-0.28887081146240234
Tohoku2011,0538,9.100000381469727,8.837387084960938,8.85230286916097,0.02626360002089172,-0.26261329650878906
Tohoku2011,0539,9.100000381469727,8.804269790649414,8.82514222462972,0.029763203659064888,-0.2957305908203125
Tohoku2011,0540,9.100000381469727,8.84188461303711,8.857514063517252,0.02531936547989403,-0.2581157684326172
Tohoku2011,0542,9.100000381469727,8.84518814086914,8.849104563395182,0.019630412258107334,-0.25481224060058594
Tohoku2011,0543,9.100000381469727,8.832073211669922,8.85511048634847,0.03690193347665991,-0.2679271697998047
Tohoku2011,0544,9.100000381469727,8.83917236328125,8.864920298258463,0.037063695620765925,-0.26082801818847656
Tohoku2011,0546,9.100000381469727,8.846129417419434,8.858205477396647,0.02706083291186814,-0.25387096405029297
Tohoku2011,0547,9.100000381469727,8.844099044799805,8.85863463083903,0.03226515082996584,-0.2559013366699219
Tohoku2011,0548,9.100000381469727,8.841100692749023,8.859633127848307,0.030253697614062082,-0.2588996887207031
Tohoku2011,0549,9.100000381469727,8.83533763885498,8.850578625996908,0.02206782066887801,-0.2646627426147461
Tohoku2011,0550,9.100000381469727,8.839800834655762,8.84938112894694,0.02153753105746569,-0.26019954681396484
Tohoku2011,0551,9.100000381469727,8.86269760131836,8.881454149881998,0.029345176416016798,-0.2373027801513672
Tohoku2011,0552,9.100000381469727,8.8516263961792,8.875437418619791,0.03523625522819202,-0.24837398529052734
Tohoku2011,0553,9.100000381469727,8.839468002319336,8.86439069112142,0.03692006741256553,-0.2605323791503906
Tohoku2011,0554,9.100000381469727,8.842506408691406,8.868098576863607,0.037705221594868624,-0.2574939727783203
Tohoku2011,0555,9.100000381469727,8.85004711151123,8.877593040466309,0.03946402327124274,-0.2499532699584961
Tohoku2011,0556,9.100000381469727,8.848188400268555,8.870025634765625,0.03827525925050659,-0.2518119812011719
Tohoku2011,0557,9.100000381469727,8.852615356445312,8.873789469401041,0.0380892260039729,-0.24738502502441406
Tohoku2011,0559,9.100000381469727,8.860082626342773,8.881903012593588,0.03541608731959538,-0.23991775512695312
Tohoku2011,0561,9.100000381469727,8.862110137939453,8.885109583536783,0.033939121539024446,-0.23789024353027344
Tohoku2011,0563,9.100000381469727,8.873404502868652,8.888312339782715,0.030836782630675512,-0.22659587860107422
Tohoku2011,0564,9.100000381469727,8.866588592529297,8.887747764587402,0.03499161533381618,-0.2334117889404297
Tohoku2011,0565,9.100000381469727,8.885120391845703,8.8897123336792,0.02369541667175084,-0.21487998962402344
Tohoku2011,0566,9.100000381469727,8.891992568969727,8.897103945414225,0.025543968753849105,-0.2080078125
Tohoku2011,0567,9.100000381469727,8.888496398925781,8.891127268473307,0.022665741373265012,-0.2115039825439453
Tohoku2011,0568,9.100000381469727,8.88430404663086,8.89209238688151,0.025015746595318453,-0.2156963348388672
Tohoku2011,0569,9.100000381469727,8.876631736755371,8.878807067871094,0.019768507405499788,-0.22336864471435547
Tohoku2011,0570,9.100000381469727,8.84653377532959,8.845706621805826,0.016099544884294246,-0.2534666061401367
Tohoku2011,0571,9.100000381469727,8.880760192871094,8.896284103393555,0.031351340364573765,-0.2192401885986328
Tohoku2011,0572,9.100000381469727,8.783554077148438,8.766923586527506,0.040045437223663265,-0.31644630432128906
Tohoku2011,0573,9.100000381469727,8.778934478759766,8.78132406870524,0.00614803914813847,-0.32106590270996094
Tohoku2011,0574,9.100000381469727,8.802698135375977,8.802460034688314,0.014866966377133067,-0.29730224609375
Tohoku2011,0575,9.100000381469727,8.792342185974121,8.792091051737467,0.006669352643248622,-0.30765819549560547
Tohoku2011,0576,9.100000381469727,8.790901184082031,8.763734499613443,0.04889199214026517,-0.3090991973876953
Tohoku2011,0577,9.100000381469727,8.78703498840332,8.798901557922363,0.019473230016737078,-0.31296539306640625
Tohoku2011,0578,9.100000381469727,8.781497955322266,8.7986847559611,0.03038002004746816,-0.31850242614746094
Tohoku2011,0579,9.100000381469727,8.766982078552246,8.772367159525553,0.024060502237188447,-0.33301830291748047
Tohoku2011,0580,9.100000381469727,8.75891399383545,8.76187515258789,0.02475586347943193,-0.34108638763427734
Tohoku2011,0581,9.100000381469727,8.86709213256836,8.88333543141683,0.038638897263238485,-0.2329082489013672
Tohoku2011,0582,9.100000381469727,8.85536003112793,8.869100252787272,0.03476719892824192,-0.24464035034179688
Tohoku2011,0583,9.100000381469727,8.840365409851074,8.851727485656738,0.027076021254650525,-0.25963497161865234
Tohoku2011,0584,9.100000381469727,8.830638885498047,8.841843605041504,0.024843861003464897,-0.2693614959716797
Tohoku2011,0585,9.100000381469727,8.866535186767578,8.885754903157553,0.03611713177820809,-0.23346519470214844
Tohoku2011,0586,9.100000381469727,8.869993209838867,8.88660748799642,0.032324780448867725,-0.23000717163085938
Tohoku2011,0587,9.100000381469727,8.868844985961914,8.882911682128906,0.03214885011955846,-0.2311553955078125
Tohoku2011,0589,9.100000381469727,8.872444152832031,8.874348640441895,0.018385161640397593,-0.2275562286376953
Tohoku2011,0590,9.100000381469727,8.861005783081055,8.87343978881836,0.03465791981838049,-0.23899459838867188
Tohoku2011,0591,9.100000381469727,8.877864837646484,8.879815101623535,0.020370456892584463,-0.2221355438232422
Tohoku2011,0592,9.100000381469727,8.853411674499512,8.850834528605143,0.005336594024162872,-0.24658870697021484
Tohoku2011,0593,9.100000381469727,8.851820945739746,8.854955355326334,0.022233590227294577,-0.24817943572998047
Tohoku2011,0594,9.100000381469727,8.391881942749023,8.388776461283365,0.017581091983568855,-0.7081184387207031
Tohoku2011,0595,9.100000381469727,8.31397819519043,8.303847948710123,0.04596323321731133,-0.7860221862792969
Tohoku2011,0598,9.100000381469727,8.040743827819824,8.032796382904053,0.029480120412328684,-1.0592565536499023
Tohoku2011,0599,9.100000381469727,8.698192596435547,8.670987447102865,0.053680584929085354,-0.4018077850341797
Tohoku2011,0600,9.100000381469727,8.722930908203125,8.692950566609701,0.04743170640581737,-0.37706947326660156
Tohoku2011,0601,9.100000381469727,8.810553550720215,8.796339988708496,0.023677359354584607,-0.2894468307495117
Tohoku2011,0602,9.100000381469727,7.778222560882568,7.843229611714681,0.18126591536493059,-1.3217778205871582
Tohoku2011,0606,9.100000381469727,8.76462173461914,8.776716868082682,0.0208358018127964,-0.33537864685058594
Tohoku2011,0607,9.100000381469727,8.742767333984375,8.749560356140137,0.028426546986177286,-0.35723304748535156
Tohoku2011,0608,9.100000381469727,8.816344261169434,8.814105033874512,0.024347657453772174,-0.28365612030029297
Tohoku2011,0609,9.100000381469727,8.811530113220215,8.811064720153809,0.02714026540232687,-0.2884702682495117
Tohoku2011,0610,9.100000381469727,8.85303783416748,8.853638966878256,0.01807213242820708,-0.2469625473022461
Tohoku2011,0611,9.100000381469727,8.752786636352539,8.722453435262045,0.05803371397006286,-0.3472137451171875
Tohoku2011,0612,9.100000381469727,8.794557571411133,8.795437177022299,0.020262412991982098,-0.30544281005859375
Tohoku2011,0613,9.100000381469727,8.817155838012695,8.819108327229818,0.019769687890779795,-0.28284454345703125
Tohoku2011,0614,9.100000381469727,8.738547325134277,8.699794133504232,0.06249068540268756,-0.3614530563354492
Tohoku2011,0615,9.100000381469727,8.752937316894531,8.750460306803385,0.011776791298086814,-0.3470630645751953
Tohoku2011,0616,9.100000381469727,8.724395751953125,8.705132484436035,0.02857908239340016,-0.37560462951660156
Tohoku2011,0841,9.100000381469727,8.423347473144531,8.443097114562988,0.05202207353639705,-0.6766529083251953
Tohoku2011,0842,9.100000381469727,8.582307815551758,8.495740254720053,0.17501701968727318,-0.5176925659179688
Tohoku2011,0844,9.100000381469727,8.824538230895996,8.838349978129068,0.025017405493003082,-0.27546215057373047
Tohoku2011,0845,9.100000381469727,8.861080169677734,8.884441057840982,0.03316144257030559,-0.2389202117919922
Tohoku2011,0847,9.100000381469727,8.62322998046875,8.586633682250977,0.08820005801759574,-0.47677040100097656
Tohoku2011,0849,9.100000381469727,8.165372848510742,8.086017290751139,0.11884889022017353,-0.9346275329589844
Tohoku2011,0850,9.100000381469727,8.036803245544434,8.059924920399984,0.11479770256723959,-1.063197135925293
Tohoku2011,0851,9.100000381469727,8.269323348999023,8.294750849405924,0.04621558820365663,-0.8306770324707031
Tohoku2011,0852,9.100000381469727,8.249279022216797,8.2039745648702,0.17704029586275277,-0.8507213592529297
Tohoku2011,0853,9.100000381469727,7.965899467468262,7.979204177856445,0.07873223951862128,-1.1341009140014648
Tohoku2011,0854,9.100000381469727,7.840323448181152,7.960570812225342,0.21294272467510786,-1.2596769332885742
Tohoku2011,0855,9.100000381469727,8.32455062866211,8.327962875366211,0.059753396071091334,-0.7754497528076172
Tohoku2011,0856,9.100000381469727,8.002912521362305,8.082315444946289,0.209495731580677,-1.0970878601074219
Tohoku2011,0857,9.100000381469727,8.05033016204834,8.08781369527181,0.161548594647968,-1.0496702194213867
Tohoku2011,0858,9.100000381469727,8.125368118286133,8.16912587483724,0.08730510259487864,-0.9746322631835938
Tohoku2011,0859,9.100000381469727,8.737804412841797,8.766988754272461,0.05679704912546387,-0.3621959686279297
Tohoku2011,0860,9.100000381469727,8.213896751403809,8.252593994140625,0.05818342438488442,-0.886103630065918
Tohoku2011,0861,9.100000381469727,8.169764518737793,8.26257356007894,0.17975158823460735,-0.9302358627319336
Tohoku2011,0862,9.100000381469727,8.128864288330078,8.167737007141113,0.14066247108102115,-0.9711360931396484
Tohoku2011,0863,9.100000381469727,7.771690368652344,7.753191312154134,0.031797735874625886,-1.3283100128173828
Tohoku2011,0864,9.100000381469727,8.722270011901855,8.742220878601074,0.0326308292215652,-0.3777303695678711
Tohoku2011,0865,9.100000381469727,8.116840362548828,8.170363744099935,0.13780330822057224,-0.9831600189208984
Tohoku2011,0866,9.100000381469727,8.724668502807617,8.723972002665201,0.053530891786714066,-0.3753318786621094
Tohoku2011,0867,9.100000381469727,8.067824363708496,7.955923080444336,0.18267031227849068,-1.0321760177612305
Tohoku2011,0868,9.100000381469727,8.749663352966309,8.76847012837728,0.036607120917325806,-0.35033702850341797
Tohoku2011,0869,9.100000381469727,8.792074203491211,8.797934214274088,0.009119612905833538,-0.3079261779785156
Tohoku2011,0870,9.100000381469727,8.759429931640625,8.757912000020346,0.003102636825799681,-0.34057044982910156
Tohoku2011,0871,9.100000381469727,8.017148971557617,8.080210049947103,0.1643275020044901,-1.0828514099121094
Tohoku2011,0872,9.100000381469727,8.280142784118652,8.326998710632324,0.08464512250565356,-0.8198575973510742
Tohoku2011,0873,9.100000381469727,8.644340515136719,8.674857457478842,0.06577233604631881,-0.4556598663330078
Tohoku2011,0874,9.100000381469727,7.039773464202881,7.047247727711995,0.24153525105625603,-2.0602269172668457
Tohoku2011,0875,9.100000381469727,8.650568008422852,8.65932814280192,0.03469020744472935,-0.449432373046875
Tohoku2011,0876,9.100000381469727,8.393427848815918,8.41557788848877,0.05008712829906337,-0.7065725326538086
Tohoku2011,0877,9.100000381469727,8.332958221435547,8.353068987528482,0.07810469715427666,-0.7670421600341797
Tohoku2011,0878,9.100000381469727,8.74588680267334,8.647974650065104,0.1529460623439027,-0.3541135787963867
Tohoku2011,0879,9.100000381469727,8.129100799560547,8.150668462117514,0.20352210504957857,-0.9708995819091797
Tohoku2011,0880,9.100000381469727,7.892036437988281,7.86317237218221,0.0958378816126973,-1.2079639434814453
Tohoku2011,0881,9.100000381469727,8.721041679382324,8.517536163330078,0.3086267857280436,-0.37895870208740234
Tohoku2011,0882,9.100000381469727,8.45361328125,8.461860656738281,0.06425333508404864,-0.6463871002197266
Tohoku2011,0883,9.100000381469727,8.570455551147461,8.528374989827475,0.0900582470869938,-0.5295448303222656
Tohoku2011,0884,9.100000381469727,8.530708312988281,8.529888788859049,0.06589064289400132,-0.5692920684814453
Tohoku2011,0885,9.100000381469727,8.037948608398438,8.066214402516684,0.09132268627099568,-1.062051773071289
Tohoku2011,0886,9.100000381469727,8.248189926147461,8.251130104064941,0.16168393547678891,-0.8518104553222656
Tohoku2011,0887,9.100000381469727,8.05068588256836,8.232410113016764,0.2648305994493227,-1.0493144989013672
Tohoku2011,0888,9.100000381469727,8.641016006469727,8.645241737365723,0.06390035446246993,-0.458984375
Tohoku2011,0889,9.100000381469727,7.903224945068359,8.08743667602539,0.32230533759453656,-1.1967754364013672
Tohoku2011,0890,9.100000381469727,8.545680046081543,8.581292788187662,0.06667093382388474,-0.5543203353881836
Tohoku2011,0891,9.100000381469727,8.597350120544434,8.601170539855957,0.06743571820303684,-0.502650260925293
Tohoku2011,0892,9.100000381469727,8.787520408630371,8.792210578918457,0.018857458029020228,-0.31247997283935547
Tohoku2011,0893,9.100000381469727,8.800349235534668,8.808435122172037,0.021194003971087866,-0.2996511459350586
Tohoku2011,0894,9.100000381469727,8.800382614135742,8.799225171407064,0.011601913423825938,-0.2996177673339844
Tohoku2011,0895,9.100000381469727,8.815813064575195,8.814225196838379,0.008804302109499645,-0.28418731689453125
Tohoku2011,0896,9.100000381469727,8.798564910888672,8.802098274230957,0.012726268767419604,-0.3014354705810547
Tohoku2011,0897,9.100000381469727,8.843756675720215,8.846403439839682,0.020308527690554613,-0.2562437057495117
Tohoku2011,0899,9.100000381469727,8.815433502197266,8.83716106414795,0.03292338482794205,-0.28456687927246094
Tohoku2011,0901,9.100000381469727,8.811182022094727,8.831624984741211,0.03200441085649532,-0.288818359375
Tohoku2011,0902,9.100000381469727,8.825678825378418,8.847641944885254,0.0342712250810982,-0.2743215560913086
Tohoku2011,0903,9.100000381469727,8.814258575439453,8.835586229960123,0.03496331656992098,-0.28574180603027344
Tohoku2011,0904,9.100000381469727,8.831206321716309,8.85341771443685,0.03552064820965225,-0.26879405975341797
Tohoku2011,0905,9.100000381469727,8.828692436218262,8.845270792643229,0.034399253858721814,-0.27130794525146484
Tohoku2011,0906,9.100000381469727,8.837318420410156,8.849215825398764,0.03381039736302334,-0.2626819610595703
Tohoku2011,0907,9.100000381469727,8.841829299926758,8.85916010538737,0.033536198005853494,-0.25817108154296875
Tohoku2011,0908,9.100000381469727,8.838109970092773,8.863983790079752,0.037573155348626264,-0.2618904113769531
Tohoku2011,0909,9.100000381469727,8.842720031738281,8.861375490824381,0.03267049309641419,-0.2572803497314453
Tohoku2011,0910,9.100000381469727,8.843437194824219,8.86038080851237,0.029581245231192443,-0.2565631866455078
Tohoku2011,0911,9.100000381469727,8.842117309570312,8.855792999267578,0.02561534588793508,-0.25788307189941406
Tohoku2011,0912,9.100000381469727,8.823153495788574,8.840962092081705,0.03155575103512626,-0.27684688568115234
Tohoku2011,0913,9.100000381469727,8.840557098388672,8.861233711242676,0.033523184152094716,-0.2594432830810547
Tohoku2011,0914,9.100000381469727,8.837248802185059,8.851044654846191,0.02314318453723869,-0.26275157928466797
Tohoku2011,0915,9.100000381469727,8.838275909423828,8.856354077657064,0.027226318234636223,-0.26172447204589844
Tohoku2011,0916,9.100000381469727,8.835566520690918,8.852040608723959,0.023714490830763,-0.2644338607788086
Tohoku2011,0918,9.100000381469727,8.836746215820312,8.8499174118042,0.021832148683035606,-0.26325416564941406
Tohoku2011,0919,9.100000381469727,8.844005584716797,8.859615961710611,0.026779626418801074,-0.2559947967529297
Tohoku2011,0920,9.100000381469727,8.853769302368164,8.873079617818197,0.0327412483709356,-0.2462310791015625
Tohoku2011,0921,9.100000381469727,8.857450485229492,8.871163686116537,0.024052689040908612,-0.24254989624023438
Tohoku2011,0922,9.100000381469727,8.84226131439209,8.866186141967773,0.03448150274302109,-0.2577390670776367
Tohoku2011,0923,9.100000381469727,8.853593826293945,8.874512990315756,0.029911144250306127,-0.24640655517578125
Tohoku2011,0924,9.100000381469727,8.844565391540527,8.866935729980469,0.036385941673354245,-0.2554349899291992
Tohoku2011,0925,9.100000381469727,8.849712371826172,8.87527084350586,0.03836177064426007,-0.2502880096435547
Tohoku2011,0926,9.100000381469727,8.841911315917969,8.867539405822754,0.037284870060210175,-0.2580890655517578
Tohoku2011,0927,9.100000381469727,8.848699569702148,8.873250007629395,0.037161948718388835,-0.2513008117675781
Tohoku2011,0928,9.100000381469727,8.840967178344727,8.865025520324707,0.036339851339735794,-0.259033203125
Tohoku2011,0929,9.100000381469727,8.84444808959961,8.86905829111735,0.03777755925634529,-0.2555522918701172
Tohoku2011,0930,9.100000381469727,8.826415061950684,8.854660352071127,0.04130363886644852,-0.27358531951904297
Tohoku2011,0931,9.100000381469727,8.844222068786621,8.866679191589355,0.03761361907657301,-0.25577831268310547
Tohoku2011,0932,9.100000381469727,8.857540130615234,8.883755683898926,0.039195130261661396,-0.2424602508544922
Tohoku2011,0933,9.100000381469727,8.850374221801758,8.873852411905924,0.03866154323850819,-0.24962615966796875
Tohoku2011,0934,9.100000381469727,8.851802825927734,8.872021675109863,0.03636630909676328,-0.2481975555419922
Tohoku2011,0935,9.100000381469727,8.860761642456055,8.883751233418783,0.036104860889859924,-0.23923873901367188
Tohoku2011,0936,9.100000381469727,8.851329803466797,8.872228304545084,0.036567174522794246,-0.2486705780029297
Tohoku2011,0937,9.100000381469727,8.86258602142334,8.884427706400553,0.034661842032858964,-0.23741436004638672
Tohoku2011,0938,9.100000381469727,8.85466194152832,8.876493771870932,0.034082348091168155,-0.24533843994140625
Tohoku2011,0939,9.100000381469727,8.864358901977539,8.886263847351074,0.03556058725334495,-0.2356414794921875
Tohoku2011,0940,9.100000381469727,8.860755920410156,8.883125940958658,0.03244109110180362,-0.2392444610595703
Tohoku2011,0941,9.100000381469727,8.867828369140625,8.887475967407227,0.03450712105288142,-0.23217201232910156
Tohoku2011,0942,9.100000381469727,8.862688064575195,8.885601997375488,0.033363947849039614,-0.23731231689453125
Tohoku2011,0943,9.100000381469727,8.863517761230469,8.885868390401205,0.03326891271602869,-0.2364826202392578
Tohoku2011,0944,9.100000381469727,8.860553741455078,8.882041613260904,0.033269240675378814,-0.23944664001464844
Tohoku2011,0945,9.100000381469727,8.865580558776855,8.885716756184896,0.036491010320906,-0.2344198226928711
Tohoku2011,0946,9.100000381469727,8.865729331970215,8.884282747904459,0.03675581633086529,-0.23427104949951172
Tohoku2011,0948,9.100000381469727,8.865283012390137,8.88607088724772,0.03457962505104515,-0.23471736907958984
Tohoku2011,0949,9.100000381469727,8.87631893157959,8.885726928710938,0.027517286610313017,-0.22368144989013672
Tohoku2011,0950,9.100000381469727,8.863582611083984,8.870737075805664,0.024570284240508007,-0.2364177703857422
Tohoku2011,0951,9.100000381469727,8.860525131225586,8.87259038289388,0.032916436727590495,-0.23947525024414062
Tohoku2011,0952,9.100000381469727,8.882319450378418,8.881737073262533,0.015212256814177521,-0.2176809310913086
Tohoku2011,0954,9.100000381469727,8.876410484313965,8.876524925231934,0.0163024740363045,-0.22358989715576172
Tohoku2011,0955,9.100000381469727,8.848803520202637,8.851967493693033,0.006989927665386307,-0.25119686126708984
Tohoku2011,0956,9.100000381469727,8.847356796264648,8.844632466634115,0.00813111742588896,-0.2526435852050781
Tohoku2011,0957,9.100000381469727,8.823320388793945,8.82298755645752,0.02053064213466435,-0.27667999267578125
Tohoku2011,0958,9.100000381469727,8.829917907714844,8.833404541015625,0.025443692803223537,-0.2700824737548828
Tohoku2011,0959,9.100000381469727,8.732542991638184,8.731464385986328,0.044151440069471116,-0.36745738983154297
Tohoku2011,0960,9.100000381469727,8.722918510437012,8.729830741882324,0.045800609375056145,-0.37708187103271484
Tohoku2011,0962,9.100000381469727,8.889915466308594,8.892385164896647,0.022206025395657858,-0.2100849151611328
Tohoku2011,0963,9.100000381469727,8.878680229187012,8.888400395711264,0.025008800823102858,-0.22132015228271484
Tohoku2011,0964,9.100000381469727,8.884613037109375,8.887341181437174,0.02249848125415629,-0.21538734436035156
Tohoku2011,0965,9.100000381469727,8.863829612731934,8.881783485412598,0.03740680619709056,-0.23617076873779297
Tohoku2011,0966,9.100000381469727,8.788944244384766,8.77165444691976,0.03369425175072114,-0.31105613708496094
Tohoku2011,0967,9.100000381469727,8.831010818481445,8.835474650065104,0.026028424708659972,-0.26898956298828125
Tohoku2011,0968,9.100000381469727,8.779369354248047,8.746204376220703,0.05802159540331825,-0.3206310272216797
Tohoku2011,0969,9.100000381469727,8.774908065795898,8.784534454345703,0.01541435390777251,-0.3250923156738281
Tohoku2011,0970,9.100000381469727,8.771002769470215,8.752189954121908,0.034806928891299806,-0.3289976119995117
Tohoku2011,0971,9.100000381469727,8.801673889160156,8.787477493286133,0.030812708896627287,-0.2983264923095703
Tohoku2011,0972,9.100000381469727,8.794229507446289,8.781702995300293,0.028473553297826942,-0.3057708740234375
Tohoku2011,0973,9.100000381469727,8.763954162597656,8.784443219502768,0.030774729111154624,-0.3360462188720703
Tohoku2011,0974,9.100000381469727,8.766023635864258,8.782635688781738,0.027285364154912835,-0.33397674560546875
Tohoku2011,0975,9.100000381469727,8.771079063415527,8.77563508351644,0.024707170501024382,-0.3289213180541992
Tohoku2011,0976,9.100000381469727,8.760783195495605,8.77670160929362,0.026912923879131235,-0.3392171859741211
Tohoku2011,0977,9.100000381469727,8.75660228729248,8.760987917582193,0.025077277523478055,-0.3433980941772461
Tohoku2011,0978,9.100000381469727,8.653510093688965,8.675937334696451,0.034332756148021684,-0.4464902877807617
Tohoku2011,0979,9.100000381469727,8.797000885009766,8.799825668334961,0.018309176115543595,-0.30299949645996094
Tohoku2011,0980,9.100000381469727,8.80003547668457,8.805315335591635,0.022789314463018028,-0.29996490478515625
Tohoku2011,0981,9.100000381469727,8.723821640014648,8.740623156229654,0.02512993551015305,-0.3761787414550781
Tohoku2011,0982,9.100000381469727,8.884982109069824,8.886754035949707,0.020893547942311914,-0.21501827239990234
Tohoku2011,0983,9.100000381469727,8.846248626708984,8.845804532368978,0.015459435904413125,-0.2537517547607422
Tohoku2011,0984,9.100000381469727,8.843111038208008,8.841447512308756,0.016116716548459434,-0.25688934326171875
Tohoku2011,0985,9.100000381469727,8.835193634033203,8.83535639444987,0.01730714250512083,-0.26480674743652344
Tohoku2011,0986,9.100000381469727,8.747458457946777,8.746562639872232,0.01991448577776985,-0.3525419235229492
Tohoku2011,0987,9.100000381469727,8.77541732788086,8.778052965799967,0.02487722306524579,-0.3245830535888672
Tohoku2011,0988,9.100000381469727,8.738338470458984,8.71151320139567,0.039238531625700485,-0.3616619110107422
Tohoku2011,0989,9.100000381469727,8.725749015808105,8.694833119710287,0.04795233876559182,-0.3742513656616211
Tohoku2011,0990,9.100000381469727,8.75873851776123,8.759269714355469,0.007223776988148493,-0.3412618637084961
Tohoku2011,0991,9.100000381469727,8.752084732055664,8.770564079284668,0.027799518851158406,-0.3479156494140625
Tohoku2011,0992,9.100000381469727,8.722856521606445,8.729921340942383,0.012489100962924682,-0.37714385986328125
Tohoku2011,0993,9.100000381469727,8.729366302490234,8.737736701965332,0.024901137104107907,-0.3706340789794922
Tohoku2011,0994,9.100000381469727,8.717050552368164,8.72581704457601,0.02898886838625129,-0.3829498291015625
Tohoku2011,0995,9.100000381469727,8.686308860778809,8.674858093261719,0.019389386210288077,-0.41369152069091797
Tohoku2011,0996,9.100000381469727,8.67126750946045,8.663177172342936,0.05863341303013694,-0.42873287200927734
Tohoku2011,0997,9.100000381469727,8.66204833984375,8.65205987294515,0.06414882243282524,-0.43795204162597656
Tohoku2011,0998,9.100000381469727,8.666824340820312,8.687006632486979,0.03340495558073967,-0.43317604064941406
Tohoku2011,1000,9.100000381469727,8.260333061218262,8.267646153767904,0.0331393606173955,-0.8396673202514648
Tohoku2011,1002,9.100000381469727,8.5826416015625,8.603272755940756,0.03923172212439266,-0.5173587799072266
Tohoku2011,1003,9.100000381469727,8.627674102783203,8.641100883483887,0.037936033313872915,-0.47232627868652344
Tohoku2011,1004,9.100000381469727,8.293376922607422,8.311041831970215,0.04639748396232157,-0.8066234588623047
Tohoku2011,1007,9.100000381469727,8.559401512145996,8.563827514648438,0.052408984252794034,-0.5405988693237305
Tohoku2011,1008,9.100000381469727,8.537996292114258,8.538657824198404,0.050191861214516624,-0.5620040893554688
Tohoku2011,1009,9.100000381469727,8.495889663696289,8.511449178059896,0.029000327613758318,-0.6041107177734375
Tohoku2011,1010,9.100000381469727,8.469287872314453,8.465552965799967,0.03471529010797628,-0.6307125091552734
Tohoku2011,1011,9.100000381469727,8.381197929382324,8.34500789642334,0.062435716005054015,-0.7188024520874023
Tohoku2011,1012,9.100000381469727,8.31570053100586,8.291781743367514,0.06899988519957738,-0.7842998504638672
Tohoku2011,1014,9.100000381469727,8.421836853027344,8.444300969441732,0.06346800948031142,-0.6781635284423828
Tohoku2011,1101,9.100000381469727,8.666841506958008,8.68835163116455,0.03292440951819334,-0.43315887451171875
Tohoku2011,1102,9.100000381469727,8.646198272705078,8.544394810994467,0.16474607677084094,-0.45380210876464844
Tohoku2011,1103,9.100000381469727,8.678755760192871,8.660600662231445,0.0521495553725266,-0.42124462127685547
Tohoku2011,1104,9.100000381469727,8.62419319152832,8.630613009134928,0.0519403267653657,-0.47580718994140625
Tohoku2011,1105,9.100000381469727,8.504817962646484,8.509118715922037,0.07998499141298138,-0.5951824188232422
Tohoku2011,1106,9.100000381469727,8.524404525756836,8.526737213134766,0.04337847434473732,-0.5755958557128906
Tohoku2011,1107,9.100000381469727,8.398834228515625,8.380122184753418,0.05358235461660665,-0.7011661529541016
Tohoku2011,1108,9.100000381469727,8.380098342895508,8.347651481628418,0.07276776234790064,-0.7199020385742188
Tohoku2011,1109,9.100000381469727,8.409533500671387,8.379281679789225,0.04614287439522556,-0.6904668807983398
Tohoku2011,1110,9.100000381469727,8.259696006774902,8.235833168029785,0.03444202826139057,-0.8403043746948242
Tohoku2011,1111,9.100000381469727,8.414969444274902,8.363710085550943,0.07796803331698057,-0.6850309371948242
Tohoku2011,1113,9.100000381469727,8.158136367797852,8.161402066548666,0.04035188240382696,-0.941864013671875
Tohoku2011,1128,9.100000381469727,8.712874412536621,8.730354944864908,0.02753235278015652,-0.38712596893310547
Tohoku2011,1129,9.100000381469727,8.582183837890625,8.573472658793131,0.06988563927191836,-0.5178165435791016
Tohoku2011,1130,9.100000381469727,8.19763469696045,8.190009752909342,0.10128528930769284,-0.9023656845092773
Tohoku2011,1136,9.100000381469727,8.63668441772461,8.592745463053385,0.06540950080635871,-0.4633159637451172
Tohoku2011,1139,9.100000381469727,8.58399772644043,8.576652844746908,0.06545168408047214,-0.5160026550292969
Tohoku2011,2005,9.100000381469727,8.216817855834961,8.264756520589193,0.08264408032847682,-0.8831825256347656
Tohoku2011,2106,9.100000381469727,8.521894454956055,8.531611442565918,0.06832557335064442,-0.5781059265136719
Tohoku2011,2107,9.100000381469727,8.526053428649902,8.507200558980307,0.05493436546285919,-0.5739469528198242
Tohoku2011,2110,9.100000381469727,8.839446067810059,8.852696418762207,0.029640748259441057,-0.26055431365966797
Tohoku2011,3001,9.100000381469727,8.85846996307373,8.863198280334473,0.020784013466725124,-0.2415304183959961
Tohoku2011,3002,9.100000381469727,8.851759910583496,8.86612065633138,0.03548730452277207,-0.24824047088623047
Tohoku2011,3003,9.100000381469727,8.846693992614746,8.853108723958334,0.0209651187689584,-0.25330638885498047
Tohoku2011,3004,9.100000381469727,8.845792770385742,8.85023021697998,0.030568212554188814,-0.2542076110839844
Tohoku2011,3005,9.100000381469727,8.836108207702637,8.831918080647787,0.006474789492421986,-0.26389217376708984
Tohoku2011,3006,9.100000381469727,8.834320068359375,8.846875190734863,0.030758799826854987,-0.26568031311035156
Tohoku2011,3007,9.100000381469727,8.848960876464844,8.859835306803385,0.02748066811363403,-0.2510395050048828
Tohoku2011,3008,9.100000381469727,8.837965965270996,8.848522186279297,0.02897247738619193,-0.26203441619873047
Tohoku2011,3009,9.100000381469727,8.790634155273438,8.792484601338705,0.03994277349082144,-0.30936622619628906
Tohoku2011,3010,9.100000381469727,8.814435958862305,8.822649637858072,0.020835391551565708,-0.2855644226074219
Tohoku2011,3011,9.100000381469727,8.811442375183105,8.811727523803711,0.0011090132062051075,-0.2885580062866211
Tohoku2011,3012,9.100000381469727,8.822343826293945,8.830304145812988,0.02622596540728355,-0.27765655517578125
Tohoku2011,3013,9.100000381469727,8.823991775512695,8.839239756266275,0.026958068842457873,-0.27600860595703125
Tohoku2011,3014,9.100000381469727,8.806764602661133,8.81417973836263,0.023579095370753166,-0.29323577880859375
Tohoku2011,3015,9.100000381469727,8.754131317138672,8.76684284210205,0.025479817507182187,-0.3458690643310547
Tohoku2011,3016,9.100000381469727,8.783102035522461,8.799676259358725,0.029651566854364896,-0.3168983459472656
Tohoku2011,3018,9.100000381469727,8.795348167419434,8.803564389546713,0.03369628725349241,-0.30465221405029297
Tohoku2011,3019,9.100000381469727,8.782808303833008,8.775169054667154,0.01491024043538179,-0.31719207763671875
Tohoku2011,3020,9.100000381469727,8.736793518066406,8.757479349772135,0.039545441654289304,-0.3632068634033203
Tohoku2011,3021,9.100000381469727,8.75872802734375,8.7644411722819,0.03692512800529479,-0.34127235412597656
Tohoku2011,3022,9.100000381469727,8.723345756530762,8.741060574849447,0.04843657932188747,-0.37665462493896484
Tohoku2011,3023,9.100000381469727,8.742721557617188,8.763611475626627,0.03461634453348544,-0.35727882385253906
Tohoku2011,3024,9.100000381469727,8.736968994140625,8.755600611368815,0.04908364644688092,-0.36303138732910156
Tohoku2011,3025,9.100000381469727,8.691669464111328,8.71458625793457,0.05997162359343913,-0.40833091735839844
Tohoku2011,3026,9.100000381469727,8.74931526184082,8.758421579996744,0.029978541183733994,-0.35068511962890625
Tohoku2011,3027,9.100000381469727,8.707500457763672,8.711811701456705,0.08051088692277396,-0.3924999237060547
Tohoku2011,3028,9.100000381469727,8.73258113861084,8.756472905476889,0.0381175610991441,-0.3674192428588867
Tohoku2011,3029,9.100000381469727,8.735042572021484,8.747639338175455,0.030654413863202022,-0.3649578094482422
Tohoku2011,3031,9.100000381469727,8.729281425476074,8.737118403116861,0.03090146389229447,-0.37071895599365234
Tohoku2011,3032,9.100000381469727,8.719420433044434,8.746236483256022,0.04388826143312302,-0.38057994842529297
Tohoku2011,3033,9.100000381469727,8.5623197555542,8.572473526000977,0.033731426499277385,-0.5376806259155273
Tohoku2011,3034,9.100000381469727,8.736227035522461,8.738579750061035,0.048831992114185735,-0.3637733459472656
Tohoku2011,3035,9.100000381469727,8.712164878845215,8.712830861409506,0.046087708231391716,-0.3878355026245117
Tohoku2011,3036,9.100000381469727,8.716434478759766,8.742534955342611,0.041343124382019564,-0.38356590270996094
Tohoku2011,3037,9.100000381469727,8.691810607910156,8.706730842590332,0.029375779987476102,-0.4081897735595703
Tohoku2011,3038,9.100000381469727,8.686214447021484,8.6960817972819,0.03165747205616427,-0.4137859344482422
Tohoku2011,3041,9.100000381469727,8.66695785522461,8.664456049601236,0.03928957817984998,-0.4330425262451172
Tohoku2011,3042,9.100000381469727,8.558496475219727,8.597972869873047,0.062448647332701286,-0.54150390625
Tohoku2011,3043,9.100000381469727,8.589144706726074,8.610536893208822,0.07709815742520093,-0.5108556747436523
Tohoku2011,3044,9.100000381469727,8.68830394744873,8.701305707295736,0.029351135783170466,-0.4116964340209961
Tohoku2011,3046,9.100000381469727,8.543135643005371,8.523699124654135,0.06728794716308883,-0.5568647384643555
Tohoku2011,3047,9.100000381469727,8.568934440612793,8.592164357503256,0.04471844604901036,-0.5310659408569336
Tohoku2011,3048,9.100000381469727,8.520170211791992,8.504626274108887,0.05041047619622755,-0.5798301696777344
Tohoku2011,3049,9.100000381469727,8.39278793334961,8.369444211324057,0.12085528066485185,-0.7072124481201172
Tohoku2011,3050,9.100000381469727,8.512648582458496,8.536316553751627,0.07462982465435392,-0.5873517990112305
Tohoku2011,3051,9.100000381469727,8.418135643005371,8.436748822530111,0.029162875815892563,-0.6818647384643555
Tohoku2011,3052,9.100000381469727,8.467867851257324,8.464171091715494,0.11010914240142886,-0.6321325302124023
Tohoku2011,3053,9.100000381469727,8.298831939697266,8.274412155151367,0.10542621915310517,-0.8011684417724609
Tohoku2011,3055,9.100000381469727,8.324641227722168,8.319431940714518,0.02519560984010382,-0.7753591537475586
Tohoku2011,3057,9.100000381469727,8.344923973083496,8.351322174072266,0.11590136258597007,-0.7550764083862305
Tohoku2011,3058,9.100000381469727,8.06381893157959,8.007846355438232,0.32011704892429443,-1.0361814498901367
Tohoku2011,3059,9.100000381469727,8.703563690185547,8.64404551188151,0.0908532871675718,-0.3964366912841797
Tohoku2011,3060,9.100000381469727,8.717683792114258,8.71127446492513,0.009807692890753464,-0.38231658935546875
Tohoku2011,3061,9.100000381469727,8.342267990112305,8.371745745340982,0.0994368767759328,-0.7577323913574219
Tohoku2011,3062,9.100000381469727,8.379115104675293,8.411251386006674,0.0846503318434289,-0.7208852767944336
Tohoku2011,3063,9.100000381469727,8.799040794372559,8.80317465464274,0.026656618578927593,-0.30095958709716797
Tohoku2011,3064,9.100000381469727,8.758848190307617,8.775076230367025,0.023537675922261844,-0.3411521911621094
Tohoku2011,3065,9.100000381469727,8.76457405090332,8.778506596883139,0.025614006303871627,-0.33542633056640625
Tohoku2011,3066,9.100000381469727,8.728265762329102,8.73367691040039,0.03917152626756686,-0.371734619140625
Tohoku2011,3067,9.100000381469727,8.733245849609375,8.729387283325195,0.05083644382190541,-0.36675453186035156
Tohoku2011,3069,9.100000381469727,8.708757400512695,8.723454793294271,0.0321768410407495,-0.39124298095703125
Tohoku2011,3070,9.100000381469727,8.737136840820312,8.743494669596354,0.026680351123166076,-0.36286354064941406
Tohoku2011,3071,9.100000381469727,8.679738998413086,8.694855690002441,0.0426951146994536,-0.4202613830566406
Tohoku2011,3072,9.100000381469727,8.724842071533203,8.723652521769205,0.014127587705566335,-0.37515830993652344
Tohoku2011,3073,9.100000381469727,8.70094108581543,8.691116650899252,0.022700727882158607,-0.3990592956542969
Tohoku2011,3074,9.100000381469727,8.604951858520508,8.490950584411621,0.208626993804734,-0.49504852294921875
Tohoku2011,3075,9.100000381469727,8.673151969909668,8.661487897237143,0.06336078755949948,-0.4268484115600586
Tohoku2011,3076,9.100000381469727,8.637248039245605,8.653838157653809,0.06531423295404985,-0.4627523422241211
Tohoku2011,3077,9.100000381469727,8.468306541442871,8.413581848144531,0.1947194611650403,-0.6316938400268555
Tohoku2011,3078,9.100000381469727,8.600486755371094,8.476662317911783,0.21054400098096895,-0.4995136260986328
Tohoku2011,3079,9.100000381469727,8.532962799072266,8.474980990091959,0.1754365839169116,-0.5670375823974609
Tohoku2011,3081,9.100000381469727,8.511481285095215,8.455369313557943,0.16846910823763153,-0.5885190963745117
Tohoku2011,3084,9.100000381469727,8.609291076660156,8.626771926879883,0.03003418143374517,-0.4907093048095703
Tohoku2011,3085,9.100000381469727,8.335147857666016,8.343768119812012,0.11769028942102146,-0.7648525238037109
Tohoku2011,3086,9.100000381469727,8.337749481201172,8.32175381978353,0.08615815551791278,-0.7622509002685547
Tohoku2011,3088,9.100000381469727,8.492720603942871,8.463588078816732,0.13985299994926984,-0.6072797775268555
Tohoku2011,3089,9.100000381469727,8.520355224609375,8.507962226867676,0.09661055832088157,-0.5796451568603516
Tohoku2011,3090,9.100000381469727,8.55057144165039,8.567607879638672,0.05242000058476906,-0.5494289398193359
Tohoku2011,3091,9.100000381469727,8.511966705322266,8.464327176411947,0.10841969260590188,-0.5880336761474609
Tohoku2011,3092,9.100000381469727,8.453067779541016,8.423294385274252,0.10957567827126542,-0.6469326019287109
Tohoku2011,3093,9.100000381469727,8.51065444946289,8.482807159423828,0.10362771271526296,-0.5893459320068359
Tohoku2011,3094,9.100000381469727,8.442651748657227,8.436785380045572,0.10039812817049708,-0.6573486328125
Tohoku2011,3095,9.100000381469727,8.433433532714844,8.477970759073893,0.09221286674418305,-0.6665668487548828
Tohoku2011,3096,9.100000381469727,8.504985809326172,8.53082275390625,0.06929298945833637,-0.5950145721435547
Tohoku2011,3097,9.100000381469727,8.558451652526855,8.57370630900065,0.05016549193924891,-0.5415487289428711
Tohoku2011,3098,9.100000381469727,8.510202407836914,8.523901303609213,0.07050107717064662,-0.5897979736328125
Tohoku2011,3099,9.100000381469727,8.655840873718262,8.625234603881836,0.04378173783209074,-0.44415950775146484
Tohoku2011,3102,9.100000381469727,8.667839050292969,8.66343879699707,0.050482273555963,-0.4321613311767578
Tohoku2011,3103,9.100000381469727,8.648089408874512,8.60914166768392,0.06807832351041962,-0.45191097259521484
Tohoku2011,3104,9.100000381469727,8.639968872070312,8.613033294677734,0.07961974814497971,-0.46003150939941406
Tohoku2011,5105,9.100000381469727,8.515953063964844,8.561235109965006,0.06977831719658122,-0.5840473175048828
Tohoku2011,5113,9.100000381469727,8.780038833618164,8.800089200337728,0.050911784399438074,-0.3199615478515625
Tokachi2003,0001,8.15999984741211,8.625165939331055,8.638103485107422,0.028196380394740084,0.4651660919189453
Tokachi2003,0002,8.15999984741211,8.215734481811523,8.22379239400228,0.045975260777757924,0.05573463439941406
Tokachi2003,0003,8.15999984741211,8.388994216918945,8.392618179321289,0.06192163648108025,0.22899436950683594
Tokachi2003,0004,8.15999984741211,8.162643432617188,8.118262926737467,0.09500780582228478,0.002643585205078125
Tokachi2003,0005,8.15999984741211,7.89917516708374,7.832675298055013,0.21727565269837112,-0.26082468032836914
Tokachi2003,0007,8.15999984741211,8.32574462890625,8.33167298634847,0.07848884651607588,0.16574478149414062
Tokachi2003,0008,8.15999984741211,8.280813217163086,8.296780586242676,0.04405424377401874,0.12081336975097656
Tokachi2003,0009,8.15999984741211,8.244285583496094,8.20345687866211,0.11070651676577527,0.08428573608398438
Tokachi2003,0011,8.15999984741211,8.312994956970215,8.312082608540853,0.0627253326389079,0.15299510955810547
Tokachi2003,0012,8.15999984741211,8.384618759155273,8.413248062133789,0.09485666330985458,0.22461891174316406
Tokachi2003,0013,8.15999984741211,8.300429344177246,8.33286221822103,0.07414648766888869,0.14042949676513672
Tokachi2003,0014,8.15999984741211,8.325828552246094,8.338663736979166,0.05478897753796562,0.16582870483398438
Tokachi2003,0017,8.15999984741211,8.398054122924805,8.3781951268514,0.04601590263798922,0.2380542755126953
Tokachi2003,0018,8.15999984741211,8.271368026733398,8.286765416463217,0.05438394175578664,0.11136817932128906
Tokachi2003,0020,8.15999984741211,8.462461471557617,8.460527737935385,0.032491223348454085,0.3024616241455078
Tokachi2003,0021,8.15999984741211,8.366037368774414,8.336994806925455,0.048628162913303616,0.2060375213623047
Tokachi2003,0022,8.15999984741211,8.170401573181152,8.146506309509277,0.034844155087174034,0.010401725769042969
Tokachi2003,0023,8.15999984741211,8.293903350830078,8.272310256958008,0.04340161754026792,0.13390350341796875
Tokachi2003,0024,8.15999984741211,8.02741527557373,8.027606646219889,0.004452944686235384,-0.1325845718383789
Tokachi2003,0026,8.15999984741211,8.273852348327637,8.270015716552734,0.014428009245516253,0.11385250091552734
Tokachi2003,0030,8.15999984741211,8.671865463256836,8.580076217651367,0.13751387746795013,0.5118656158447266
Tokachi2003,0031,8.15999984741211,8.303556442260742,8.21422529220581,0.1632248992106063,0.1435565948486328
Tokachi2003,0032,8.15999984741211,7.677911281585693,7.646039009094238,0.08933060748358942,-0.482088565826416
Tokachi2003,0101,8.15999984741211,8.409724235534668,8.425137837727865,0.04548476641346794,0.2497243881225586
Tokachi2003,0102,8.15999984741211,8.419367790222168,8.405820528666178,0.03888382715439281,0.2593679428100586
Tokachi2003,0103,8.15999984741211,8.4002685546875,8.376431147257486,0.04620211713932376,0.24026870727539062
Tokachi2003,0104,8.15999984741211,8.57160758972168,8.571636517842611,0.01365519366885548,0.4116077423095703
Tokachi2003,0105,8.15999984741211,8.421566009521484,8.410238901774088,0.04492495204738912,0.261566162109375
Tokachi2003,0106,8.15999984741211,8.39398193359375,8.372917175292969,0.04611183627612858,0.23398208618164062
Tokachi2003,0107,8.15999984741211,8.260180473327637,8.278310457865397,0.05986088693420726,0.10018062591552734
Tokachi2003,0108,8.15999984741211,8.042098045349121,8.061151822408041,0.03326118559046756,-0.11790180206298828
Tokachi2003,0110,8.15999984741211,8.261858940124512,8.27636464436849,0.03746485877235011,0.10185909271240234
Tokachi2003,0111,8.15999984741211,8.22526741027832,8.232408205668131,0.049821714171824724,0.06526756286621094
Tokachi2003,0113,8.15999984741211,8.06368637084961,8.10069497426351,0.07461921046264203,-0.0963134765625
Tokachi2003,0114,8.15999984741211,8.142129898071289,8.12982177734375,0.030112338329037317,-0.017869949340820312
Tokachi2003,0116,8.15999984741211,8.021646499633789,8.05363416671753,0.0834820770265358,-0.1383533477783203
Tokachi2003,0117,8.15999984741211,8.286924362182617,8.33446184794108,0.06950900942993561,0.1269245147705078
Tokachi2003,0118,8.15999984741211,8.037019729614258,8.064670403798422,0.0710028553104043,-0.12298011779785156
Tokachi2003,0119,8.15999984741211,8.297609329223633,8.271343549092611,0.052281529867886846,0.13760948181152344
Tokachi2003,0120,8.15999984741211,8.294807434082031,8.300950050354004,0.019980056271768395,0.13480758666992188
Tokachi2003,0121,8.15999984741211,8.258010864257812,8.259597778320312,0.06942766128421156,0.09801101684570312
Tokachi2003,0123,8.15999984741211,8.30979061126709,8.326093355814615,0.08112453465531669,0.14979076385498047
Tokachi2003,0125,8.15999984741211,8.227232933044434,8.18832270304362,0.10017084725665698,0.06723308563232422
Tokachi2003,0126,8.15999984741211,8.30472469329834,8.309568405151367,0.024175931350734897,0.14472484588623047
Tokachi2003,0127,8.15999984741211,8.294081687927246,8.303615887959799,0.027604307329257647,0.13408184051513672
Tokachi2003,0128,8.15999984741211,8.297531127929688,8.337010065714518,0.057208757525066746,0.13753128051757812
Tokachi2003,0129,8.15999984741211,8.294244766235352,8.315994262695312,0.07046254899850836,0.1342449188232422
Tokachi2003,0130,8.15999984741211,8.289791107177734,8.299027760823568,0.04441396197293663,0.129791259765625
Tokachi2003,0131,8.15999984741211,8.36834716796875,8.347056070963541,0.04908162746352901,0.20834732055664062
Tokachi2003,0132,8.15999984741211,8.336334228515625,8.33914566040039,0.06956847544464104,0.17633438110351562
Tokachi2003,0133,8.15999984741211,8.380404472351074,8.39881674448649,0.0853692701017864,0.22040462493896484
Tokachi2003,0134,8.15999984741211,8.364675521850586,8.380299886067709,0.057665994698881555,0.20467567443847656
Tokachi2003,0135,8.15999984741211,8.278712272644043,8.320050557454428,0.0623451535120973,0.1187124252319336
Tokachi2003,0136,8.15999984741211,8.303064346313477,8.31336530049642,0.03218135921909954,0.1430644989013672
Tokachi2003,0137,8.15999984741211,8.275466918945312,8.28835678100586,0.060548010902459225,0.11546707153320312
Tokachi2003,0139,8.15999984741211,8.28123664855957,8.307454427083334,0.03997226285061761,0.12123680114746094
Tokachi2003,0140,8.15999984741211,8.302682876586914,8.299656550089518,0.016934814386940583,0.1426830291748047
Tokachi2003,0143,8.15999984741211,8.316814422607422,8.301454544067383,0.03537670759247751,0.1568145751953125
Tokachi2003,0145,8.15999984741211,8.357538223266602,8.335018157958984,0.039379211178580474,0.1975383758544922
Tokachi2003,0146,8.15999984741211,8.24783992767334,8.232897758483887,0.02799616706997991,0.08784008026123047
Tokachi2003,0147,8.15999984741211,8.22195053100586,8.200813293457031,0.0354104401859266,0.06195068359375
Tokachi2003,0149,8.15999984741211,8.207494735717773,8.203248659769693,0.040015445753002185,0.04749488830566406
Tokachi2003,0150,8.15999984741211,7.992429256439209,8.011766910552979,0.031098405998994237,-0.1675705909729004
Tokachi2003,0151,8.15999984741211,8.113519668579102,8.122832934061686,0.031012785571750454,-0.04648017883300781
Tokachi2003,0152,8.15999984741211,7.927050590515137,7.931063969930013,0.0073136123848882,-0.23294925689697266
Tokachi2003,0153,8.15999984741211,7.972329616546631,7.970014890034993,0.043869183747929606,-0.18767023086547852
Tokachi2003,0154,8.15999984741211,8.272895812988281,8.227184931437174,0.11498960234555543,0.11289596557617188
Tokachi2003,0155,8.15999984741211,8.168327331542969,8.184855779012045,0.06405960413793217,0.008327484130859375
Tokachi2003,0156,8.15999984741211,7.89819860458374,7.895267645517985,0.04427670131013266,-0.26180124282836914
Tokachi2003,0157,8.15999984741211,7.9993743896484375,7.9791334470113116,0.05459310120061034,-0.16062545776367188
Tokachi2003,0158,8.15999984741211,7.84784460067749,7.85389773050944,0.027545073374065546,-0.31215524673461914
Tokachi2003,0159,8.15999984741211,7.897125244140625,7.883466084798177,0.032253226704984414,-0.2628746032714844
Tokachi2003,0161,8.15999984741211,7.839263916015625,7.828077634175618,0.17202741944306757,-0.3207359313964844
Tokachi2003,0162,8.15999984741211,7.931757926940918,7.893421490987142,0.06337406079901987,-0.2282419204711914
Tokachi2003,0163,8.15999984741211,7.570583343505859,7.592570940653483,0.03442627559848863,-0.58941650390625
Tokachi2003,0164,8.15999984741211,7.615984916687012,7.612257957458496,0.04541858119386396,-0.5440149307250977
Tokachi2003,0165,8.15999984741211,7.938535213470459,7.840084393819173,0.18540480223167657,-0.2214646339416504
Tokachi2003,0181,8.15999984741211,8.038223266601562,8.086756706237793,0.09902721788586569,-0.12177658081054688
Tokachi2003,0182,8.15999984741211,8.318582534790039,8.295634269714355,0.1666548092394478,0.1585826873779297
Tokachi2003,0183,8.15999984741211,8.156801223754883,8.124513308207193,0.07254686214394003,-0.0031986236572265625
Tokachi2003,0184,8.15999984741211,8.47014045715332,8.37487824757894,0.16287780055363102,0.31014060974121094
Tokachi2003,0187,8.15999984741211,7.5011305809021,7.645021120707194,0.280013316398256,-0.6588692665100098
Tokachi2003,0188,8.15999984741211,8.215391159057617,8.145728747049967,0.12430026408629392,0.05539131164550781
Tokachi2003,0191,8.15999984741211,8.10838508605957,8.043286482493082,0.15819511188750635,-0.05161476135253906
Tokachi2003,0193,8.15999984741211,8.15791130065918,8.051795164744059,0.15035149525792432,-0.0020885467529296875
Tokachi2003,0194,8.15999984741211,7.767758846282959,7.793757279713948,0.11159649680214684,-0.3922410011291504
Tokachi2003,0196,8.15999984741211,7.723567962646484,7.732537746429443,0.08947547550994453,-0.436431884765625
Tokachi2003,0198,8.15999984741211,7.6201887130737305,7.642297744750977,0.040283215008298005,-0.5398111343383789
Tokachi2003,0204,8.15999984741211,7.442294120788574,7.430956681569417,0.058910067942221186,-0.7177057266235352
Tokachi2003,0210,8.15999984741211,7.304347038269043,7.31624714533488,0.08302493490774077,-0.8556528091430664
Tokachi2003,0211,8.15999984741211,7.3413801193237305,7.382606824239095,0.08892939539592598,-0.8186197280883789
Tokachi2003,0217,8.15999984741211,7.450547695159912,7.4782711664835615,0.17141491104514625,-0.7094521522521973
Tokachi2003,0218,8.15999984741211,7.435558319091797,7.481921037038167,0.09417663359442639,-0.7244415283203125
Tokachi2003,0243,8.15999984741211,7.305889129638672,7.328699111938477,0.04507777097498643,-0.8541107177734375
Tokachi2003,0501,8.15999984741211,8.380435943603516,8.345240910847982,0.06113408603164136,0.22043609619140625
Tokachi2003,0502,8.15999984741211,8.231895446777344,8.245759646097818,0.02678862029206784,0.07189559936523438
Tokachi2003,0503,8.15999984741211,8.143333435058594,8.17874526977539,0.0535545246093372,-0.016666412353515625
Tokachi2003,0504,8.15999984741211,8.204456329345703,8.253076553344727,0.06986619752947401,0.04445648193359375
Tokachi2003,0505,8.15999984741211,8.042989730834961,8.032723585764566,0.054594097219625146,-0.11701011657714844
Tokachi2003,0506,8.15999984741211,8.271635055541992,8.303518613179525,0.06809305153424136,0.11163520812988281
Tokachi2003,0507,8.15999984741211,7.955117702484131,7.96821657816569,0.02199966894581924,-0.20488214492797852
Tokachi2003,0508,8.15999984741211,8.280359268188477,8.312719345092773,0.07685493865498308,0.12035942077636719
Tokachi2003,0509,8.15999984741211,8.2835693359375,8.319406191507975,0.06024761036851214,0.12356948852539062
Tokachi2003,0510,8.15999984741211,8.279701232910156,8.309710820515951,0.07483326282226405,0.11970138549804688
Tokachi2003,0511,8.15999984741211,8.240714073181152,8.21878178914388,0.06420086369339399,0.08071422576904297
Tokachi2003,0512,8.15999984741211,8.074851036071777,8.07412846883138,0.12190019729704216,-0.08514881134033203
Tokachi2003,0513,8.15999984741211,8.085533142089844,8.10601552327474,0.044037119164942344,-0.07446670532226562
Tokachi2003,0514,8.15999984741211,8.360151290893555,8.365451176961264,0.08729950550592701,0.2001514434814453
Tokachi2003,0515,8.15999984741211,8.016009330749512,7.994988600413005,0.030133317163059975,-0.14399051666259766
Tokachi2003,0516,8.15999984741211,8.328070640563965,8.344561576843262,0.07187597629426898,0.16807079315185547
Tokachi2003,0517,8.15999984741211,8.29034423828125,8.304994901021322,0.05616871685545544,0.13034439086914062
Tokachi2003,0519,8.15999984741211,8.083067893981934,8.131980260213217,0.11266953617666049,-0.07693195343017578
Tokachi2003,0520,8.15999984741211,8.293617248535156,8.331802686055502,0.05515069259686447,0.13361740112304688
Tokachi2003,0521,8.15999984741211,8.327539443969727,8.345046043395996,0.06811143835863868,0.1675395965576172
Tokachi2003,0522,8.15999984741211,8.301197052001953,8.333738009134928,0.05367165075092222,0.14119720458984375
Tokachi2003,0523,8.15999984741211,8.291121482849121,8.326942443847656,0.050988601243101214,0.13112163543701172
Tokachi2003,0525,8.15999984741211,8.271064758300781,8.270822525024414,0.04918354633822596,0.11106491088867188
Tokachi2003,0526,8.15999984741211,8.278606414794922,8.291195551554361,0.06022524530636144,0.1186065673828125
Tokachi2003,0527,8.15999984741211,8.499383926391602,8.507393519083658,0.039747194312235834,0.3393840789794922
Tokachi2003,0528,8.15999984741211,8.278071403503418,8.251669565836588,0.03937752613652999,0.1180715560913086
Tokachi2003,0529,8.15999984741211,8.198145866394043,8.175609270731607,0.03828120406243365,0.038146018981933594
Tokachi2003,0530,8.15999984741211,8.337851524353027,8.312856674194336,0.04382183652333968,0.17785167694091797
Tokachi2003,0531,8.15999984741211,8.234965324401855,8.198644638061523,0.07812622278204662,0.0749654769897461
Tokachi2003,0533,8.15999984741211,8.027925491333008,8.034515698750814,0.025483840070748876,-0.13207435607910156
Tokachi2003,0534,8.15999984741211,8.153555870056152,8.155540148417154,0.024717522985660424,-0.006443977355957031
Tokachi2003,0535,8.15999984741211,8.017729759216309,8.028065045674643,0.020556662743321626,-0.14227008819580078
Tokachi2003,0537,8.15999984741211,7.959174156188965,7.938981691996257,0.047901108991615635,-0.20082569122314453
Tokachi2003,0538,8.15999984741211,8.233290672302246,8.215871493021647,0.03046570806676577,0.07329082489013672
Tokachi2003,0539,8.15999984741211,7.952239990234375,7.955639839172363,0.055521148369269815,-0.20775985717773438
Tokachi2003,0540,8.15999984741211,8.276311874389648,8.261138598124186,0.06090284510385332,0.11631202697753906
Tokachi2003,0541,8.15999984741211,8.136512756347656,8.154621760050455,0.03214210147671032,-0.023487091064453125
Tokachi2003,0542,8.15999984741211,8.19345760345459,8.18403148651123,0.01938639091509747,0.03345775604248047
Tokachi2003,0543,8.15999984741211,7.948904991149902,7.853976567586263,0.17209242009309536,-0.21109485626220703
Tokachi2003,0544,8.15999984741211,7.933356285095215,7.890017827351888,0.17371871101991165,-0.22664356231689453
Tokachi2003,0547,8.15999984741211,7.460371971130371,7.4645430246988935,0.02148450826455646,-0.6996278762817383
Tokachi2003,0548,8.15999984741211,7.653273582458496,7.681970596313477,0.21054911157333708,-0.5067262649536133
Tokachi2003,0551,8.15999984741211,8.614925384521484,8.551470438639322,0.1564226213459415,0.454925537109375
Tokachi2003,0552,8.15999984741211,8.55331802368164,8.504972139994303,0.08929219142577574,0.39331817626953125
Tokachi2003,0553,8.15999984741211,8.057851791381836,7.957632223765056,0.2511667407829774,-0.10214805603027344
Tokachi2003,0555,8.15999984741211,8.176292419433594,8.067993005116781,0.1539859929134311,0.016292572021484375
Tokachi2003,0556,8.15999984741211,7.374472618103027,7.36211363474528,0.02777936935316472,-0.785527229309082
Tokachi2003,0559,8.15999984741211,7.594022274017334,7.705595811208089,0.2370073862901671,-0.5659775733947754
Tokachi2003,0563,8.15999984741211,7.287978172302246,7.279678662618001,0.019776713247901038,-0.8720216751098633
Tokachi2003,0566,8.15999984741211,7.512290000915527,7.491919835408528,0.04496735674819163,-0.647709846496582
Tokachi2003,0581,8.15999984741211,7.467246055603027,7.463420232137044,0.09530850895649663,-0.692753791809082
Tokachi2003,0586,8.15999984741211,7.405972957611084,7.411276658376058,0.030957890842175453,-0.7540268898010254
Tokachi2003,0752,8.15999984741211,7.319127559661865,7.280493100484212,0.06059617692005344,-0.8408722877502441
Tokachi2003,0778,8.15999984741211,8.684986114501953,8.685896555582682,0.05234004964522946,0.5249862670898438
Tokachi2003,0779,8.15999984741211,8.419095993041992,8.419496854146322,0.048323257720441805,0.2590961456298828
Tokachi2003,0780,8.15999984741211,8.331110000610352,8.326184590657553,0.04063113340428966,0.1711101531982422
Tokachi2003,0781,8.15999984741211,8.471986770629883,8.454806645711264,0.04592065156112736,0.31198692321777344
Tokachi2003,0782,8.15999984741211,8.30593490600586,8.328330675760904,0.031702077337183096,0.14593505859375
Tokachi2003,0783,8.15999984741211,8.320718765258789,8.338786760965982,0.02949909753340053,0.1607189178466797
Tokachi2003,0784,8.15999984741211,7.992027282714844,7.96566915512085,0.05066599058185307,-0.16797256469726562
Tokachi2003,0785,8.15999984741211,8.289165496826172,8.316120147705078,0.06817669264998771,0.1291656494140625
Tokachi2003,0790,8.15999984741211,8.370433807373047,8.376568794250488,0.0902422115925533,0.2104339599609375
Tokachi2003,0792,8.15999984741211,8.265971183776855,8.296531677246094,0.05528845675553718,0.1059713363647461
Tokachi2003,0794,8.15999984741211,8.239322662353516,8.24108091990153,0.01997467514903037,0.07932281494140625
Tokachi2003,0795,8.15999984741211,7.437922477722168,7.466538906097412,0.051030691064967784,-0.7220773696899414
Tokachi2003,0797,8.15999984741211,7.588809013366699,7.572762171427409,0.02950077014415384,-0.5711908340454102
Tokachi2003,0798,8.15999984741211,8.015300750732422,8.041703383127848,0.1243356383867273,-0.1446990966796875
Tokachi2003,0844,8.15999984741211,8.091212272644043,8.094449043273926,0.016113684987388983,-0.0687875747680664
Tokachi2003,0848,8.15999984741211,8.471185684204102,8.477228482564291,0.05468084955515276,0.3111858367919922
Tokachi2003,0849,8.15999984741211,8.53624153137207,8.561333974202475,0.04537391483088566,0.37624168395996094
Tokachi2003,0850,8.15999984741211,8.435042381286621,8.420352300008139,0.05062746859123732,0.2750425338745117
Tokachi2003,0851,8.15999984741211,8.499197959899902,8.47899595896403,0.041082840509440735,0.33919811248779297
Tokachi2003,0852,8.15999984741211,8.509699821472168,8.476203282674154,0.052391330211337114,0.3496999740600586
Tokachi2003,0853,8.15999984741211,8.299131393432617,8.310447374979654,0.03372822799282857,0.1391315460205078
Tokachi2003,0854,8.15999984741211,8.23284912109375,8.249612172444662,0.05278253732178623,0.07284927368164062
Tokachi2003,0856,8.15999984741211,8.177820205688477,8.217090924580893,0.05739958626945601,0.017820358276367188
Tokachi2003,0857,8.15999984741211,8.271829605102539,8.297622998555502,0.0625806368300708,0.11182975769042969
Tokachi2003,0858,8.15999984741211,8.244998931884766,8.272737503051758,0.05262038307815119,0.08499908447265625
Tokachi2003,0859,8.15999984741211,8.207021713256836,8.174018224080404,0.07686399932221395,0.04702186584472656
Tokachi2003,0860,8.15999984741211,8.269937515258789,8.27521546681722,0.022903557148711597,0.10993766784667969
Tokachi2003,0861,8.15999984741211,8.200523376464844,8.206439654032389,0.04741796656716921,0.040523529052734375
Tokachi2003,0862,8.15999984741211,8.263761520385742,8.293760617574057,0.05341796644906755,0.10376167297363281
Tokachi2003,0865,8.15999984741211,8.285872459411621,8.317931493123373,0.06588397420847254,0.12587261199951172
Tokachi2003,0866,8.15999984741211,8.260817527770996,8.243608156840006,0.06357818511954605,0.10081768035888672
Tokachi2003,0867,8.15999984741211,8.307538986206055,8.314501444498697,0.0796974270577305,0.1475391387939453
Tokachi2003,0868,8.15999984741211,8.030389785766602,8.034114837646484,0.019518418306550458,-0.1296100616455078
Tokachi2003,0870,8.15999984741211,7.978397369384766,7.958798090616862,0.10911440150808233,-0.18160247802734375
Tokachi2003,0871,8.15999984741211,8.31100082397461,8.331478754679361,0.07447467253911995,0.1510009765625
Tokachi2003,0872,8.15999984741211,8.289153099060059,8.328811645507812,0.061584253529534345,0.12915325164794922
Tokachi2003,0873,8.15999984741211,8.190546989440918,8.172435442606607,0.06867811351773553,0.030547142028808594
Tokachi2003,0874,8.15999984741211,8.328765869140625,8.344822565714518,0.08679449999410997,0.16876602172851562
Tokachi2003,0875,8.15999984741211,8.351852416992188,8.342002232869467,0.060308339164866526,0.19185256958007812
Tokachi2003,0876,8.15999984741211,8.307211875915527,8.351604143778482,0.06444412437278914,0.14721202850341797
Tokachi2003,0877,8.15999984741211,8.300246238708496,8.341607411702475,0.06146536208571144,0.14024639129638672
Tokachi2003,0878,8.15999984741211,8.190214157104492,8.141695022583008,0.09910735342542736,0.030214309692382812
Tokachi2003,0880,8.15999984741211,8.375139236450195,8.403919219970703,0.0985706906878804,0.21513938903808594
Tokachi2003,0882,8.15999984741211,8.296756744384766,8.344624201456705,0.07281100473419085,0.13675689697265625
Tokachi2003,0883,8.15999984741211,8.292461395263672,8.310812632242838,0.10546108911451826,0.1324615478515625
Tokachi2003,0884,8.15999984741211,8.29148006439209,8.30197525024414,0.05639632411203106,0.13148021697998047
Tokachi2003,0885,8.15999984741211,8.364891052246094,8.395552635192871,0.08762741496074335,0.20489120483398438
Tokachi2003,0887,8.15999984741211,8.35548210144043,8.376055081685385,0.07096267531635377,0.1954822540283203
Tokachi2003,0888,8.15999984741211,8.382043838500977,8.354894320170084,0.04134608233779372,0.2220439910888672
Tokachi2003,0892,8.15999984741211,8.122897148132324,8.111591657002768,0.02302855345495343,-0.037102699279785156
Tokachi2003,0893,8.15999984741211,8.16171646118164,8.158791224161783,0.015559695033175357,0.00171661376953125
Tokachi2003,0894,8.15999984741211,8.057172775268555,8.048897743225098,0.012260471011417123,-0.10282707214355469
Tokachi2003,0895,8.15999984741211,7.974684715270996,7.958167394002278,0.03907795311332365,-0.18531513214111328
Tokachi2003,0896,8.15999984741211,7.972118377685547,7.983532587687175,0.01699683512201541,-0.1878814697265625
Tokachi2003,0897,8.15999984741211,8.198463439941406,8.180344581604004,0.031131421106463743,0.038463592529296875
Tokachi2003,0898,8.15999984741211,8.291889190673828,8.271655400594076,0.04018111526802492,0.13188934326171875
Tokachi2003,0899,8.15999984741211,7.981828212738037,8.0052383740743,0.042621680438806465,-0.17817163467407227
Tokachi2003,0901,8.15999984741211,7.985942840576172,7.976526260375977,0.03632000755208973,-0.1740570068359375
Tokachi2003,0902,8.15999984741211,7.964284420013428,7.9796522458394366,0.08142138762411155,-0.19571542739868164
Tokachi2003,0903,8.15999984741211,7.81650447845459,7.792092800140381,0.06465219885563152,-0.34349536895751953
Tokachi2003,0904,8.15999984741211,7.924076080322266,7.884803454081218,0.05785328165278454,-0.23592376708984375
Tokachi2003,0905,8.15999984741211,7.754622459411621,7.701100985209147,0.08939574070729811,-0.4053773880004883
Tokachi2003,0908,8.15999984741211,7.75537633895874,7.834324359893799,0.2387526629063048,-0.40462350845336914
Tokachi2003,0909,8.15999984741211,7.6667585372924805,7.671916802724202,0.029740264734937422,-0.4932413101196289
Tokachi2003,0913,8.15999984741211,8.032214164733887,8.067817052205404,0.10896161179027873,-0.12778568267822266
Tokachi2003,0916,8.15999984741211,7.414632320404053,7.401748021443685,0.16623872406922038,-0.7453675270080566
Tokachi2003,0921,8.15999984741211,8.232672691345215,8.16302522023519,0.10240247899506906,0.07267284393310547
Tokachi2003,0922,8.15999984741211,8.064253807067871,7.990578651428223,0.2777618332150015,-0.09574604034423828
Tokachi2003,0923,8.15999984741211,8.288397789001465,8.29284636179606,0.1377891847141652,0.12839794158935547
Tokachi2003,0925,8.15999984741211,8.416739463806152,8.28654670715332,0.1944852370454358,0.25673961639404297
Tokachi2003,0926,8.15999984741211,7.938002586364746,7.936678409576416,0.1859419851127769,-0.22199726104736328
Tokachi2003,0928,8.15999984741211,8.245656967163086,8.182499885559082,0.09682743891865815,0.08565711975097656
Tokachi2003,0929,8.15999984741211,7.363276481628418,7.408007621765137,0.10315917286803852,-0.7967233657836914
Tokachi2003,0934,8.15999984741211,7.467038631439209,7.459134578704834,0.045029553460374926,-0.6929612159729004
Tokachi2003,0936,8.15999984741211,7.586940765380859,7.591173489888509,0.07056872761245749,-0.57305908203125
Tokachi2003,0939,8.15999984741211,7.130244255065918,7.177149613698323,0.07659566209234865,-1.0297555923461914
Tokachi2003,0941,8.15999984741211,8.227310180664062,8.210670312245687,0.17663554020831188,0.06731033325195312
Tokachi2003,0949,8.15999984741211,7.430492401123047,7.431779702504476,0.014745603768392929,-0.7295074462890625
Tokachi2003,0952,8.15999984741211,7.51934814453125,7.504166920979817,0.040988741393489916,-0.6406517028808594
Tokachi2003,2005,8.15999984741211,8.287413597106934,8.327455202738443,0.06552980759593952,0.12741374969482422
Tokachi2003,3006,8.15999984741211,7.291951656341553,7.376225471496582,0.17208791980567234,-0.8680481910705566
ak014cbigci8,AC36,6.199999809265137,7.796835899353027,7.804304122924805,0.09419612597400934,1.5968360900878906
ak014cbigci8,AC51,6.199999809265137,7.6268630027771,7.55169693628947,0.2354720968746566,1.426863193511963
ak014cbigci8,AC75,6.199999809265137,7.211728572845459,7.062470436096191,0.28104114786104906,1.0117287635803223
ak014cbigci8,AC80,6.199999809265137,7.2277655601501465,7.0451615651448565,0.3663305384287665,1.0277657508850098
nc73821036,P058,6.400000095367432,6.341998100280762,6.290502071380615,0.10880832089404434,-0.05800199508666992
nc73821036,P158,6.400000095367432,6.143333435058594,6.2140452067057295,0.12692142834923006,-0.2566666603088379
nc73821036,P160,6.400000095367432,6.095620632171631,6.133943875630696,0.19512085016048408,-0.3043794631958008
nc73821036,P161,6.400000095367432,6.393984794616699,6.3227643966674805,0.10574207694980349,-0.006015300750732422
nc73821036,P162,6.400000095367432,6.157764434814453,6.20651372273763,0.13917439794074074,-0.24223566055297852
nc73821036,P166,6.400000095367432,6.119319915771484,6.270939350128174,0.2863636403035701,-0.28068017959594727
nc73821036,P167,6.400000095367432,6.098779201507568,6.154021581013997,0.19563232557097202,-0.3012208938598633
nc73821036,P169,6.400000095367432,6.43146276473999,6.515975634256999,0.158071420208431,0.031462669372558594
nc73821036,P170,6.400000095367432,6.1072187423706055,6.162450790405273,0.18898943966516218,-0.29278135299682617
us6000ah9t,OXPE,7.400000095367432,7.522479057312012,7.549904028574626,0.11115078241775828,0.12247896194458008
us6000ah9t,OXUM,7.400000095367432,7.592826843261719,7.630479335784912,0.06842084902904383,0.1928267478942871
us6000ah9t,TNNP,7.400000095367432,7.138570308685303,7.196330865224202,0.08638227346582993,-0.2614297866821289
us6000ah9t,TNNX,7.400000095367432,7.115497589111328,7.107885678609212,0.025563750600615394,-0.2845025062561035
us6000ah9t,TNSJ,7.400000095367432,6.909242153167725,6.932258288065593,0.1860206540651488,-0.49075794219970703
us7000i9bw,PENA,7.599999904632568,7.666534423828125,7.685312271118164,0.10029429139598657,0.06653451919555664
us7000i9bw,TECO,7.599999904632568,7.585871696472168,7.57777722676595,0.029099379516490935,-0.01412820816040039
us7000i9bw,TNAM,7.599999904632568,7.802309989929199,7.77109972635905,0.04472526751837917,0.20231008529663086
us7000i9bw,TNCC,7.599999904632568,7.270561218261719,7.2051765124003095,0.09315222684403782,-0.3294386863708496
us7000i9bw,TNCM,7.599999904632568,7.762808799743652,7.781858444213867,0.033532184980508264,0.16280889511108398
us7000i9bw,TNCT,7.599999904632568,7.794586181640625,7.792263031005859,0.021592852749464,0.19458627700805664
us7000i9bw,TNLC,7.599999904632568,7.743031978607178,7.730551083882649,0.04741590061443101,0.14303207397460938
us7000i9bw,TNMO,7.599999904632568,7.051501274108887,7.064434210459392,0.09730001365890875,-0.5484986305236816
us7000i9bw,TNMT,7.599999904632568,7.753405570983887,7.752657890319824,0.049295875946759014,0.15340566635131836
us7000i9bw,TNTM,7.599999904632568,7.6559906005859375,7.650948524475098,0.07540564741426589,0.05599069595336914
us7000i9bw,UCOE,7.599999904632568,7.404289245605469,7.396061420440674,0.012814334920211608,-0.1957106590270996
