model,event,observation_horizon_sec,release_time_sec,mw_catalog,mw_pred_median,error,abs_error,delta_mw,station_count
phase39,Iquique 2014 M7.7,20,26.0,7.699999809265137,8.638390804448541,0.9383909951834042,0.9383909951834042,,11
phase39,Kodiak 2018 M7.9,20,26.0,7.900000095367432,8.86103659168548,0.961036496318048,0.961036496318048,,64
phase39,Luding 2022 M6.6,20,26.0,6.599999904632568,8.70922254166397,2.109222637031401,2.109222637031401,,6
phase39,Mandalay 2025 M7.7,20,26.0,7.699999809265137,8.842811759283716,1.1428119500185794,1.1428119500185794,,12
phase39,Nepal 2015 M7.3,20,26.0,7.300000190734863,8.797828384478812,1.497828193743949,1.497828193743949,,5
phase39,Samos 2020 M7.0,20,26.0,7.0,8.964785362435036,1.9647853624350358,1.9647853624350358,,3
phase39,Sand 2025 M7.3,20,26.0,7.300000190734863,8.882569858263604,1.582569667528741,1.582569667528741,,45
phase39,Xizang 2025 M7.1,20,26.0,7.099999904632568,8.823952453500484,1.7239525488679153,1.7239525488679153,,12
phase47,Iquique 2014 M7.7,20,26.0,7.699999809265137,7.537684620254186,-0.16231518901095043,0.16231518901095043,,11
phase47,Kodiak 2018 M7.9,20,26.0,7.900000095367432,7.853170922531515,-0.04682917283591692,0.04682917283591692,,64
phase47,Luding 2022 M6.6,20,26.0,6.599999904632568,7.408929622105682,0.8089297174731138,0.8089297174731138,,6
phase47,Mandalay 2025 M7.7,20,26.0,7.699999809265137,7.967599350017219,0.2675995407520819,0.2675995407520819,,12
phase47,Nepal 2015 M7.3,20,26.0,7.300000190734863,7.427056644790739,0.12705645405587607,0.12705645405587607,,5
phase47,Samos 2020 M7.0,20,26.0,7.0,7.282368010611773,0.28236801061177275,0.28236801061177275,,3
phase47,Sand 2025 M7.3,20,26.0,7.300000190734863,7.976740463097597,0.6767402723627338,0.6767402723627338,,45
phase47,Xizang 2025 M7.1,20,26.0,7.099999904632568,7.772016771774206,0.6720168671416378,0.6720168671416378,,12
phase48,Iquique 2014 M7.7,20,26.0,7.699999809265137,7.421271393235184,-0.2787284160299528,0.2787284160299528,,11
phase48,Kodiak 2018 M7.9,20,26.0,7.900000095367432,7.864226593677366,-0.035773501690065324,0.035773501690065324,,64
phase48,Luding 2022 M6.6,20,26.0,6.599999904632568,7.362524812612174,0.7625249079796053,0.7625249079796053,,6
phase48,Mandalay 2025 M7.7,20,26.0,7.699999809265137,8.063218004467693,0.36321819520255616,0.36321819520255616,,12
phase48,Nepal 2015 M7.3,20,26.0,7.300000190734863,7.258535803773307,-0.04146438696155652,0.04146438696155652,,5
phase48,Samos 2020 M7.0,20,26.0,7.0,6.939694824954783,-0.06030517504521704,0.06030517504521704,,3
phase48,Sand 2025 M7.3,20,26.0,7.300000190734863,8.138068943721086,0.8380687529862225,0.8380687529862225,,45
phase48,Xizang 2025 M7.1,20,26.0,7.099999904632568,7.847766774558186,0.7477668699256173,0.7477668699256173,,12
phase39,Iquique 2014 M7.7,21,27.0,7.699999809265137,8.60423288887888,0.9042330796137428,0.9042330796137428,-0.03415791556966141,11
phase39,Kodiak 2018 M7.9,21,27.0,7.900000095367432,8.859452793351721,0.9594526979842897,0.9594526979842897,-0.001583798333758324,64
phase39,Luding 2022 M6.6,21,27.0,6.599999904632568,8.688947245961883,2.0889473413293143,2.0889473413293143,-0.020275295702086638,6
phase39,Mandalay 2025 M7.7,21,27.0,7.699999809265137,8.846558178739038,1.146558369473901,1.146558369473901,0.0037464194553216146,12
phase39,Nepal 2015 M7.3,21,27.0,7.300000190734863,8.781241507846726,1.4812413171118628,1.4812413171118628,-0.016586876632086245,5
phase39,Samos 2020 M7.0,21,27.0,7.0,8.974231857193855,1.974231857193855,1.974231857193855,0.009446494758819313,3
phase39,Sand 2025 M7.3,21,27.0,7.300000190734863,8.891030159704128,1.5910299689692646,1.5910299689692646,0.008460301440523565,45
phase39,Xizang 2025 M7.1,21,27.0,7.099999904632568,8.81657180825575,1.7165719036231817,1.7165719036231817,-0.007380645244733586,12
phase47,Iquique 2014 M7.7,21,27.0,7.699999809265137,7.578240710813656,-0.1217590984514807,0.1217590984514807,0.04055609055946974,11
phase47,Kodiak 2018 M7.9,21,27.0,7.900000095367432,7.874160806615103,-0.025839288752328216,0.025839288752328216,0.020989884083588706,64
phase47,Luding 2022 M6.6,21,27.0,6.599999904632568,7.41388310507053,0.8138832004379619,0.8138832004379619,0.004953482964848099,6
phase47,Mandalay 2025 M7.7,21,27.0,7.699999809265137,7.98214024905657,0.28214043979143355,0.28214043979143355,0.014540899039351629,12
phase47,Nepal 2015 M7.3,21,27.0,7.300000190734863,7.475285488689715,0.1752852979548516,0.1752852979548516,0.048228843898975526,5
phase47,Samos 2020 M7.0,21,27.0,7.0,7.281094645328441,0.28109464532844086,0.28109464532844086,-0.0012733652833318843,3
phase47,Sand 2025 M7.3,21,27.0,7.300000190734863,8.00155789857724,0.701557707842376,0.701557707842376,0.024817435479642214,45
phase47,Xizang 2025 M7.1,21,27.0,7.099999904632568,7.764478802061133,0.6644788974285643,0.6644788974285643,-0.007537969713073522,12
phase48,Iquique 2014 M7.7,21,27.0,7.699999809265137,7.452171190047957,-0.2478286192171799,0.2478286192171799,0.030899796812772884,11
phase48,Kodiak 2018 M7.9,21,27.0,7.900000095367432,7.884484800220093,-0.015515295147338293,0.015515295147338293,0.02025820654272703,64
phase48,Luding 2022 M6.6,21,27.0,6.599999904632568,7.38137481308371,0.7813749084511414,0.7813749084511414,0.018850000471536177,6
phase48,Mandalay 2025 M7.7,21,27.0,7.699999809265137,8.083757908780715,0.38375809951557827,0.38375809951557827,0.020539904313022106,12
phase48,Nepal 2015 M7.3,21,27.0,7.300000190734863,7.242045028158859,-0.05795516257600397,0.05795516257600397,-0.01649077561444745,5
phase48,Samos 2020 M7.0,21,27.0,7.0,6.935675530865273,-0.06432446913472667,0.06432446913472667,-0.0040192940895096285,3
phase48,Sand 2025 M7.3,21,27.0,7.300000190734863,8.160318491722258,0.8603183009873945,0.8603183009873945,0.02224954800117196,45
phase48,Xizang 2025 M7.1,21,27.0,7.099999904632568,7.868396529213915,0.7683966245813467,0.7683966245813467,0.02062975465572947,12
phase39,Iquique 2014 M7.7,22,28.0,7.699999809265137,8.533703826075095,0.8337040168099588,0.8337040168099588,-0.07052906280378402,11
phase39,Kodiak 2018 M7.9,22,28.0,7.900000095367432,8.818564845536796,0.9185647501693648,0.9185647501693648,-0.040887947814924885,64
phase39,Luding 2022 M6.6,22,28.0,6.599999904632568,8.620273616128301,2.020273711495733,2.020273711495733,-0.06867362983358127,6
phase39,Mandalay 2025 M7.7,22,28.0,7.699999809265137,8.818996667632533,1.118996858367396,1.118996858367396,-0.027561511106505066,12
phase39,Nepal 2015 M7.3,22,28.0,7.300000190734863,8.704619107402305,1.4046189166674417,1.4046189166674417,-0.07662240044442115,5
phase39,Samos 2020 M7.0,22,28.0,7.0,8.980877403516976,1.9808774035169758,1.9808774035169758,0.0066455463231207546,3
phase39,Sand 2025 M7.3,22,28.0,7.300000190734863,8.85592899802119,1.5559288072863264,1.5559288072863264,-0.0351011616829382,45
phase39,Xizang 2025 M7.1,22,28.0,7.099999904632568,8.78155248690705,1.681552582274481,1.681552582274481,-0.03501932134870067,12
phase47,Iquique 2014 M7.7,22,28.0,7.699999809265137,7.606435476709185,-0.09356433255595142,0.09356433255595142,0.028194765895529272,11
phase47,Kodiak 2018 M7.9,22,28.0,7.900000095367432,7.901350022017967,0.001349926650535238,0.001349926650535238,0.027189215402863454,64
phase47,Luding 2022 M6.6,22,28.0,6.599999904632568,7.42757578959201,0.8275758849594412,0.8275758849594412,0.013692684521479315,6
phase47,Mandalay 2025 M7.7,22,28.0,7.699999809265137,7.993503512747182,0.29350370348204535,0.29350370348204535,0.011363263690611802,12
phase47,Nepal 2015 M7.3,22,28.0,7.300000190734863,7.449020101566827,0.14901991083196364,0.14901991083196364,-0.02626538712288795,5
phase47,Samos 2020 M7.0,22,28.0,7.0,7.280023244650911,0.280023244650911,0.280023244650911,-0.0010714006775298657,3
phase47,Sand 2025 M7.3,22,28.0,7.300000190734863,8.014826954528466,0.714826763793603,0.714826763793603,0.01326905595122696,45
phase47,Xizang 2025 M7.1,22,28.0,7.099999904632568,7.767924747211347,0.6679248425787785,0.6679248425787785,0.0034459451502142358,12
phase48,Iquique 2014 M7.7,22,28.0,7.699999809265137,7.477748377076249,-0.22225143218888732,0.22225143218888732,0.02557718702829259,11
phase48,Kodiak 2018 M7.9,22,28.0,7.900000095367432,7.907913864334206,0.007913768966774093,0.007913768966774093,0.023429064114112386,64
phase48,Luding 2022 M6.6,22,28.0,6.599999904632568,7.3999491836267035,0.7999492789941351,0.7999492789941351,0.018574370542993712,6
phase48,Mandalay 2025 M7.7,22,28.0,7.699999809265137,8.099634610165113,0.3996348008999764,0.3996348008999764,0.015876701384398118,12
phase48,Nepal 2015 M7.3,22,28.0,7.300000190734863,7.2801923061642775,-0.0198078845705858,0.0198078845705858,0.03814727800541817,5
phase48,Samos 2020 M7.0,22,28.0,7.0,6.9389735377788835,-0.06102646222111652,0.06102646222111652,0.003298006913610152,3
phase48,Sand 2025 M7.3,22,28.0,7.300000190734863,8.175772276918684,0.8757720861838205,0.8757720861838205,0.01545378519642604,45
phase48,Xizang 2025 M7.1,22,28.0,7.099999904632568,7.89168542025507,0.7916855156225013,0.7916855156225013,0.023288891041154614,12
phase39,Iquique 2014 M7.7,23,29.0,7.699999809265137,8.491541825626314,0.791542016361177,0.791542016361177,-0.04216200044878171,11
phase39,Kodiak 2018 M7.9,23,29.0,7.900000095367432,8.791896343818406,0.8918962484509745,0.8918962484509745,-0.026668501718390303,64
phase39,Luding 2022 M6.6,23,29.0,6.599999904632568,8.56145132840464,1.961451423772072,1.961451423772072,-0.05882228772366105,6
phase39,Mandalay 2025 M7.7,23,29.0,7.699999809265137,8.8030404195623,1.103040610297164,1.103040610297164,-0.015956248070231993,12
phase39,Nepal 2015 M7.3,23,29.0,7.300000190734863,8.658011654062758,1.3580114633278946,1.3580114633278946,-0.04660745333954708,5
phase39,Samos 2020 M7.0,23,29.0,7.0,8.984200772503154,1.9842007725031543,1.9842007725031543,0.0033233689861784654,3
phase39,Sand 2025 M7.3,23,29.0,7.300000190734863,8.833933469275427,1.5339332785405642,1.5339332785405642,-0.02199552874576227,45
phase39,Xizang 2025 M7.1,23,29.0,7.099999904632568,8.76859482121583,1.6685949165832614,1.6685949165832614,-0.012957665691219589,12
phase47,Iquique 2014 M7.7,23,29.0,7.699999809265137,7.614986353758516,-0.08501345550662087,0.08501345550662087,0.008550877049330552,11
phase47,Kodiak 2018 M7.9,23,29.0,7.900000095367432,7.930013155268292,0.03001305990086056,0.03001305990086056,0.028663133250325323,64
phase47,Luding 2022 M6.6,23,29.0,6.599999904632568,7.450817683620707,0.850817778988139,0.850817778988139,0.023241894028697807,6
phase47,Mandalay 2025 M7.7,23,29.0,7.699999809265137,8.034673083801893,0.33467327453675644,0.33467327453675644,0.041169571054711085,12
phase47,Nepal 2015 M7.3,23,29.0,7.300000190734863,7.391628732672634,0.09162854193777115,0.09162854193777115,-0.057391368894192496,5
phase47,Samos 2020 M7.0,23,29.0,7.0,7.276710972399057,0.27671097239905684,0.27671097239905684,-0.0033122722518541536,3
phase47,Sand 2025 M7.3,23,29.0,7.300000190734863,8.032327291975554,0.7323271012406902,0.7323271012406902,0.017500337447087233,45
phase47,Xizang 2025 M7.1,23,29.0,7.099999904632568,7.769770381626878,0.6697704769943096,0.6697704769943096,0.0018456344155310944,12
phase48,Iquique 2014 M7.7,23,29.0,7.699999809265137,7.494389434817467,-0.2056103744476694,0.2056103744476694,0.016641057741217935,11
phase48,Kodiak 2018 M7.9,23,29.0,7.900000095367432,7.925628963996974,0.025628868629542723,0.025628868629542723,0.01771509966276863,64
phase48,Luding 2022 M6.6,23,29.0,6.599999904632568,7.415364815419007,0.8153649107864389,0.8153649107864389,0.015415631792303763,6
phase48,Mandalay 2025 M7.7,23,29.0,7.699999809265137,8.113415628632744,0.4134158193676072,0.4134158193676072,0.013781018467630801,12
phase48,Nepal 2015 M7.3,23,29.0,7.300000190734863,7.342487646567592,0.042487455832728394,0.042487455832728394,0.06229534040331419,5
phase48,Samos 2020 M7.0,23,29.0,7.0,6.93054759716019,-0.06945240283980958,0.06945240283980958,-0.008425940618693062,3
phase48,Sand 2025 M7.3,23,29.0,7.300000190734863,8.197122657508807,0.8971224667739435,0.8971224667739435,0.021350380590122953,45
phase48,Xizang 2025 M7.1,23,29.0,7.099999904632568,7.916543634955645,0.8165437303230769,0.8165437303230769,0.024858214700575587,12
phase39,Iquique 2014 M7.7,24,30.0,7.699999809265137,8.42708175079931,0.7270819415341734,0.7270819415341734,-0.06446007482700367,11
phase39,Kodiak 2018 M7.9,24,30.0,7.900000095367432,8.76213700570716,0.8621369103397285,0.8621369103397285,-0.02975933811124598,64
phase39,Luding 2022 M6.6,24,30.0,6.599999904632568,8.478502995648451,1.878503091015883,1.878503091015883,-0.08294833275618885,6
phase39,Mandalay 2025 M7.7,24,30.0,7.699999809265137,8.79714257756709,1.0971427683019535,1.0971427683019535,-0.005897841995210484,12
phase39,Nepal 2015 M7.3,24,30.0,7.300000190734863,8.599030835192167,1.2990306444573037,1.2990306444573037,-0.05898081887059092,5
phase39,Samos 2020 M7.0,24,30.0,7.0,8.97729563549397,1.9772956354939701,1.9772956354939701,-0.006905137009184159,3
phase39,Sand 2025 M7.3,24,30.0,7.300000190734863,8.80982626129823,1.509826070563367,1.509826070563367,-0.02410720797719712,45
phase39,Xizang 2025 M7.1,24,30.0,7.099999904632568,8.752168677677346,1.652168773044778,1.652168773044778,-0.016426143538483373,12
phase47,Iquique 2014 M7.7,24,30.0,7.699999809265137,7.584316329157735,-0.11568348010740159,0.11568348010740159,-0.03067002460078072,11
phase47,Kodiak 2018 M7.9,24,30.0,7.900000095367432,7.913576520628347,0.01357642526091496,0.01357642526091496,-0.016436634639945602,64
phase47,Luding 2022 M6.6,24,30.0,6.599999904632568,7.462061113064305,0.8620612084317365,0.8620612084317365,0.011243429443597464,6
phase47,Mandalay 2025 M7.7,24,30.0,7.699999809265137,8.039300840187872,0.33930103092273534,0.33930103092273534,0.004627756385978898,12
phase47,Nepal 2015 M7.3,24,30.0,7.300000190734863,7.346769656275594,0.04676946554073069,0.04676946554073069,-0.044859076397040454,5
phase47,Samos 2020 M7.0,24,30.0,7.0,7.265903700536482,0.26590370053648194,0.26590370053648194,-0.010807271862574908,3
phase47,Sand 2025 M7.3,24,30.0,7.300000190734863,8.008877116876988,0.7088769261421248,0.7088769261421248,-0.023450175098565396,45
phase47,Xizang 2025 M7.1,24,30.0,7.099999904632568,7.748422630259643,0.6484227256270749,0.6484227256270749,-0.021347751367234657,12
phase48,Iquique 2014 M7.7,24,30.0,7.699999809265137,7.492582480406787,-0.20741732885834985,0.20741732885834985,-0.0018069544106804614,11
phase48,Kodiak 2018 M7.9,24,30.0,7.900000095367432,7.932623008113437,0.03262291274600493,0.03262291274600493,0.006994044116462206,64
phase48,Luding 2022 M6.6,24,30.0,6.599999904632568,7.423635581443035,0.8236356768104667,0.8236356768104667,0.008270766024027765,6
phase48,Mandalay 2025 M7.7,24,30.0,7.699999809265137,8.111145992132851,0.4111461828677143,0.4111461828677143,-0.0022696364998928686,12
phase48,Nepal 2015 M7.3,24,30.0,7.300000190734863,7.361344149513426,0.061343958778563135,0.061343958778563135,0.01885650294583474,5
phase48,Samos 2020 M7.0,24,30.0,7.0,6.917930041286594,-0.08206995871340617,0.08206995871340617,-0.012617555873596586,3
phase48,Sand 2025 M7.3,24,30.0,7.300000190734863,8.208784734381492,0.9087845436466289,0.9087845436466289,0.01166207687268539,45
phase48,Xizang 2025 M7.1,24,30.0,7.099999904632568,7.919827751641963,0.8198278470093943,0.8198278470093943,0.00328411668631734,12
phase39,Iquique 2014 M7.7,25,31.0,7.699999809265137,8.189983457399405,0.48998364813426853,0.48998364813426853,-0.23709829339990485,11
phase39,Kodiak 2018 M7.9,25,31.0,7.900000095367432,8.576660963547823,0.6766608681803916,0.6766608681803916,-0.18547604215933688,64
phase39,Luding 2022 M6.6,25,31.0,6.599999904632568,8.1671611708495,1.5671612662169316,1.5671612662169316,-0.31134182479895145,6
phase39,Mandalay 2025 M7.7,25,31.0,7.699999809265137,8.666808214050446,0.9668084047853096,0.9668084047853096,-0.13033436351664385,12
phase39,Nepal 2015 M7.3,25,31.0,7.300000190734863,8.582789603565228,1.2827894128303647,1.2827894128303647,-0.016241231626938912,5
phase39,Samos 2020 M7.0,25,31.0,7.0,8.957126996562577,1.957126996562577,1.957126996562577,-0.02016863893139309,3
phase39,Sand 2025 M7.3,25,31.0,7.300000190734863,8.674152363716336,1.3741521729814732,1.3741521729814732,-0.13567389758189385,45
phase39,Xizang 2025 M7.1,25,31.0,7.099999904632568,8.59477866787757,1.4947787632450016,1.4947787632450016,-0.15739000979977646,12
phase47,Iquique 2014 M7.7,25,31.0,7.699999809265137,7.606571410851094,-0.09342839841404249,0.09342839841404249,0.022255081693359102,11
phase47,Kodiak 2018 M7.9,25,31.0,7.900000095367432,7.902330734933529,0.002330639566097581,0.002330639566097581,-0.011245785694817378,64
phase47,Luding 2022 M6.6,25,31.0,6.599999904632568,7.502240617885013,0.9022407132524446,0.9022407132524446,0.04017950482070809,6
phase47,Mandalay 2025 M7.7,25,31.0,7.699999809265137,8.077189032286347,0.37718922302120994,0.37718922302120994,0.037888192098474605,12
phase47,Nepal 2015 M7.3,25,31.0,7.300000190734863,7.321015578445228,0.021015387710364486,0.021015387710364486,-0.025754077830366207,5
phase47,Samos 2020 M7.0,25,31.0,7.0,7.280615282590824,0.2806152825908237,0.2806152825908237,0.014711582054341754,3
phase47,Sand 2025 M7.3,25,31.0,7.300000190734863,8.000895126459572,0.7008949357247083,0.7008949357247083,-0.00798199041741654,45
phase47,Xizang 2025 M7.1,25,31.0,7.099999904632568,7.75323088373963,0.6532309791070618,0.6532309791070618,0.004808253479986924,12
phase48,Iquique 2014 M7.7,25,31.0,7.699999809265137,7.499549569517509,-0.200450239747628,0.200450239747628,0.006967089110721858,11
phase48,Kodiak 2018 M7.9,25,31.0,7.900000095367432,7.954819506675165,0.054819411307732935,0.054819411307732935,0.022196498561728006,64
phase48,Luding 2022 M6.6,25,31.0,6.599999904632568,7.439637046470485,0.8396371418379163,0.8396371418379163,0.01600146502744959,6
phase48,Mandalay 2025 M7.7,25,31.0,7.699999809265137,8.124045523936426,0.4240457146712888,0.4240457146712888,0.012899531803574504,12
phase48,Nepal 2015 M7.3,25,31.0,7.300000190734863,7.357898306700464,0.05789811596560046,0.05789811596560046,-0.003445842812962674,5
phase48,Samos 2020 M7.0,25,31.0,7.0,6.916894036221219,-0.08310596377878099,0.08310596377878099,-0.0010360050653748232,3
phase48,Sand 2025 M7.3,25,31.0,7.300000190734863,8.231300458386094,0.9313002676512312,0.9313002676512312,0.022515724004602333,45
phase48,Xizang 2025 M7.1,25,31.0,7.099999904632568,7.934967279228886,0.8349673745963173,0.8349673745963173,0.015139527586923052,12
phase39,Iquique 2014 M7.7,26,32.0,7.699999809265137,8.231938785468216,0.5319389762030795,0.5319389762030795,0.04195532806881097,11
phase39,Kodiak 2018 M7.9,26,32.0,7.900000095367432,8.596430931062713,0.6964308356952813,0.6964308356952813,0.019769967514889686,64
phase39,Luding 2022 M6.6,26,32.0,6.599999904632568,8.15691781772996,1.5569179130973918,1.5569179130973918,-0.010243353119539833,6
phase39,Mandalay 2025 M7.7,26,32.0,7.699999809265137,8.689595561331913,0.9895957520667764,0.9895957520667764,0.022787347281466808,12
phase39,Nepal 2015 M7.3,26,32.0,7.300000190734863,8.49734905343289,1.1973488626980267,1.1973488626980267,-0.08544055013233809,5
phase39,Samos 2020 M7.0,26,32.0,7.0,8.93200806488369,1.9320080648836893,1.9320080648836893,-0.02511893167888779,3
phase39,Sand 2025 M7.3,26,32.0,7.300000190734863,8.692165088325705,1.3921648975908418,1.3921648975908418,0.018012724609368647,45
phase39,Xizang 2025 M7.1,26,32.0,7.099999904632568,8.615668503472797,1.5156685988402288,1.5156685988402288,0.02088983559522717,12
phase47,Iquique 2014 M7.7,26,32.0,7.699999809265137,7.593935242563303,-0.10606456670183384,0.10606456670183384,-0.01263616828779135,11
phase47,Kodiak 2018 M7.9,26,32.0,7.900000095367432,7.888494580530293,-0.011505514837138797,0.011505514837138797,-0.013836154403236378,64
phase47,Luding 2022 M6.6,26,32.0,6.599999904632568,7.497838686412166,0.8978387817795976,0.8978387817795976,-0.004401931472846954,6
phase47,Mandalay 2025 M7.7,26,32.0,7.699999809265137,8.06831138144047,0.36831157217533317,0.36831157217533317,-0.008877650845876772,12
phase47,Nepal 2015 M7.3,26,32.0,7.300000190734863,7.352837558730284,0.05283736799542105,0.05283736799542105,0.03182198028505656,5
phase47,Samos 2020 M7.0,26,32.0,7.0,7.30286477417221,0.30286477417221036,0.30286477417221036,0.02224949158138667,3
phase47,Sand 2025 M7.3,26,32.0,7.300000190734863,7.998295272028775,0.6982950812939119,0.6982950812939119,-0.0025998544307963556,45
phase47,Xizang 2025 M7.1,26,32.0,7.099999904632568,7.767344412813609,0.6673445081810403,0.6673445081810403,0.014113529073978448,12
phase48,Iquique 2014 M7.7,26,32.0,7.699999809265137,7.498133585401252,-0.20186622386388464,0.20186622386388464,-0.0014159841162566522,11
phase48,Kodiak 2018 M7.9,26,32.0,7.900000095367432,7.974587850365016,0.07458775499758463,0.07458775499758463,0.019768343689851697,64
phase48,Luding 2022 M6.6,26,32.0,6.599999904632568,7.447093413108096,0.8470935084755276,0.8470935084755276,0.007456366637611289,6
phase48,Mandalay 2025 M7.7,26,32.0,7.699999809265137,8.133757086501808,0.4337572772366709,0.4337572772366709,0.009711562565382081,12
phase48,Nepal 2015 M7.3,26,32.0,7.300000190734863,7.3598431813352985,0.059842990600435186,0.059842990600435186,0.0019448746348347257,5
phase48,Samos 2020 M7.0,26,32.0,7.0,6.928727341149301,-0.07127265885069889,0.07127265885069889,0.0118333049280821,3
phase48,Sand 2025 M7.3,26,32.0,7.300000190734863,8.240384672516512,0.9403844817816491,0.9403844817816491,0.009084214130417934,45
phase48,Xizang 2025 M7.1,26,32.0,7.099999904632568,7.94477059377064,0.8447706891380715,0.8447706891380715,0.009803314541754204,12
phase39,Iquique 2014 M7.7,27,33.0,7.699999809265137,8.133461130800574,0.4334613215354377,0.4334613215354377,-0.0984776546676418,11
phase39,Kodiak 2018 M7.9,27,33.0,7.900000095367432,8.494393586749066,0.5943934913816342,0.5943934913816342,-0.10203734431364708,64
phase39,Luding 2022 M6.6,27,33.0,6.599999904632568,8.052314743169195,1.4523148385366262,1.4523148385366262,-0.10460307456076556,6
phase39,Mandalay 2025 M7.7,27,33.0,7.699999809265137,8.608023998557393,0.9080241892922558,0.9080241892922558,-0.0815715627745206,12
phase39,Nepal 2015 M7.3,27,33.0,7.300000190734863,8.36649946483691,1.0664992741020463,1.0664992741020463,-0.1308495885959804,5
phase39,Samos 2020 M7.0,27,33.0,7.0,8.892429503416828,1.8924295034168281,1.8924295034168281,-0.03957856146686112,3
phase39,Sand 2025 M7.3,27,33.0,7.300000190734863,8.630277312634707,1.3302771218998437,1.3302771218998437,-0.061887775690998126,45
phase39,Xizang 2025 M7.1,27,33.0,7.099999904632568,8.519534573144997,1.4195346685124282,1.4195346685124282,-0.0961339303278006,12
phase47,Iquique 2014 M7.7,27,33.0,7.699999809265137,7.608226996911892,-0.09177281235324486,0.09177281235324486,0.01429175434858898,11
phase47,Kodiak 2018 M7.9,27,33.0,7.900000095367432,7.8891721731505635,-0.010827922216868124,0.010827922216868124,0.0006775926202706728,64
phase47,Luding 2022 M6.6,27,33.0,6.599999904632568,7.497388681210985,0.897388776578417,0.897388776578417,-0.0004500052011806588,6
phase47,Mandalay 2025 M7.7,27,33.0,7.699999809265137,8.094815282397601,0.39481547313246423,0.39481547313246423,0.026503900957131066,12
phase47,Nepal 2015 M7.3,27,33.0,7.300000190734863,7.385014029223738,0.08501383848887478,0.08501383848887478,0.032176470493453735,5
phase47,Samos 2020 M7.0,27,33.0,7.0,7.294495034243516,0.294495034243516,0.294495034243516,-0.008369739928694386,3
phase47,Sand 2025 M7.3,27,33.0,7.300000190734863,8.003818727071227,0.7038185363363638,0.7038185363363638,0.005523455042451886,45
phase47,Xizang 2025 M7.1,27,33.0,7.099999904632568,7.780171196665873,0.6801712920333047,0.6801712920333047,0.012826783852264434,12
phase48,Iquique 2014 M7.7,27,33.0,7.699999809265137,7.5040326429310475,-0.19596716633408917,0.19596716633408917,0.005899057529795471,11
phase48,Kodiak 2018 M7.9,27,33.0,7.900000095367432,7.972795300434382,0.07279520506695025,0.07279520506695025,-0.0017925499306343795,64
phase48,Luding 2022 M6.6,27,33.0,6.599999904632568,7.445990629656684,0.8459907250241159,0.8459907250241159,-0.0011027834514116819,6
phase48,Mandalay 2025 M7.7,27,33.0,7.699999809265137,8.140111183118096,0.4401113738529592,0.4401113738529592,0.006354096616288274,12
phase48,Nepal 2015 M7.3,27,33.0,7.300000190734863,7.367827392692342,0.0678272019574786,0.0678272019574786,0.007984211357043414,5
phase48,Samos 2020 M7.0,27,33.0,7.0,6.9268288812079,-0.07317111879210003,0.07317111879210003,-0.0018984599414011427,3
phase48,Sand 2025 M7.3,27,33.0,7.300000190734863,8.267068609166238,0.9670684184313743,0.9670684184313743,0.026683936649725126,45
phase48,Xizang 2025 M7.1,27,33.0,7.099999904632568,7.9489856471984215,0.8489857425658531,0.8489857425658531,0.004215053427781612,12
phase39,Iquique 2014 M7.7,28,34.0,7.699999809265137,8.281156113446865,0.5811563041817287,0.5811563041817287,0.147694982646291,11
phase39,Kodiak 2018 M7.9,28,34.0,7.900000095367432,8.483127425653986,0.5831273302865547,0.5831273302865547,-0.011266161095079497,64
phase39,Luding 2022 M6.6,28,34.0,6.599999904632568,8.047182322000678,1.4471824173681096,1.4471824173681096,-0.005132421168516643,6
phase39,Mandalay 2025 M7.7,28,34.0,7.699999809265137,8.6059420517587,0.9059422424935626,0.9059422424935626,-0.002081946798693224,12
phase39,Nepal 2015 M7.3,28,34.0,7.300000190734863,8.319372872163013,1.01937268142815,1.01937268142815,-0.047126592673896184,5
phase39,Samos 2020 M7.0,28,34.0,7.0,8.85181152643519,1.8518115264351902,1.8518115264351902,-0.04061797698163794,3
phase39,Sand 2025 M7.3,28,34.0,7.300000190734863,8.619116680432056,1.3191164896971923,1.3191164896971923,-0.0111606322026514,45
phase39,Xizang 2025 M7.1,28,34.0,7.099999904632568,8.481418811694564,1.3814189070619953,1.3814189070619953,-0.03811576145043283,12
phase47,Iquique 2014 M7.7,28,34.0,7.699999809265137,7.585261760226798,-0.11473804903833873,0.11473804903833873,-0.02296523668509387,11
phase47,Kodiak 2018 M7.9,28,34.0,7.900000095367432,7.8639333671521765,-0.03606672821525514,0.03606672821525514,-0.025238805998387015,64
phase47,Luding 2022 M6.6,28,34.0,6.599999904632568,7.493477169996002,0.8934772653634333,0.8934772653634333,-0.003911511214983676,6
phase47,Mandalay 2025 M7.7,28,34.0,7.699999809265137,8.058841694150296,0.3588418848851589,0.3588418848851589,-0.035973588247305344,12
phase47,Nepal 2015 M7.3,28,34.0,7.300000190734863,7.40603207894881,0.1060318882139466,0.1060318882139466,0.02101804972507182,5
phase47,Samos 2020 M7.0,28,34.0,7.0,7.277877248158995,0.27787724815899484,0.27787724815899484,-0.016617786084521136,3
phase47,Sand 2025 M7.3,28,34.0,7.300000190734863,8.006700157625977,0.7066999668911134,0.7066999668911134,0.0028814305547495422,45
phase47,Xizang 2025 M7.1,28,34.0,7.099999904632568,7.793547334563567,0.6935474299309989,0.6935474299309989,0.013376137897694207,12
phase48,Iquique 2014 M7.7,28,34.0,7.699999809265137,7.5633557047560425,-0.13664410450909426,0.13664410450909426,0.059323061824994916,11
phase48,Kodiak 2018 M7.9,28,34.0,7.900000095367432,7.954340726966739,0.0543406315993078,0.0543406315993078,-0.018454573467642454,64
phase48,Luding 2022 M6.6,28,34.0,6.599999904632568,7.437110738783641,0.8371108341510727,0.8371108341510727,-0.008879890873043195,6
phase48,Mandalay 2025 M7.7,28,34.0,7.699999809265137,8.135385651184814,0.4353858419196772,0.4353858419196772,-0.004725531933281957,12
phase48,Nepal 2015 M7.3,28,34.0,7.300000190734863,7.369148308629191,0.0691481178943274,0.0691481178943274,0.0013209159368487988,5
phase48,Samos 2020 M7.0,28,34.0,7.0,6.921700781846327,-0.07829921815367324,0.07829921815367324,-0.005128099361573213,3
phase48,Sand 2025 M7.3,28,34.0,7.300000190734863,8.266682130891002,0.9666819401561391,0.9666819401561391,-0.0003864782752351914,45
phase48,Xizang 2025 M7.1,28,34.0,7.099999904632568,7.9451284038249,0.8451284991923318,0.8451284991923318,-0.003857243373521335,12
phase39,Iquique 2014 M7.7,29,35.0,7.699999809265137,8.219499211690142,0.519499402425005,0.519499402425005,-0.06165690175672367,11
phase39,Kodiak 2018 M7.9,29,35.0,7.900000095367432,8.405559575736493,0.5055594803690617,0.5055594803690617,-0.07756784991749299,64
phase39,Luding 2022 M6.6,29,35.0,6.599999904632568,7.979340914650244,1.3793410100176757,1.3793410100176757,-0.06784140735043387,6
phase39,Mandalay 2025 M7.7,29,35.0,7.699999809265137,8.547479796293455,0.8474799870283185,0.8474799870283185,-0.058462255465244084,12
phase39,Nepal 2015 M7.3,29,35.0,7.300000190734863,8.277604148440869,0.9776039577060054,0.9776039577060054,-0.041768723722144685,5
phase39,Samos 2020 M7.0,29,35.0,7.0,8.803578367686098,1.8035783676860984,1.8035783676860984,-0.04823315874909184,3
phase39,Sand 2025 M7.3,29,35.0,7.300000190734863,8.545400093679929,1.2453999029450653,1.2453999029450653,-0.073716586752127,45
phase39,Xizang 2025 M7.1,29,35.0,7.099999904632568,8.40311696751909,1.3031170628865212,1.3031170628865212,-0.07830184417547414,12
phase47,Iquique 2014 M7.7,29,35.0,7.699999809265137,7.57529175831099,-0.12470805095414672,0.12470805095414672,-0.009970001915807991,11
phase47,Kodiak 2018 M7.9,29,35.0,7.900000095367432,7.839217030524883,-0.06078306484254892,0.06078306484254892,-0.024716336627293778,64
phase47,Luding 2022 M6.6,29,35.0,6.599999904632568,7.469894577702697,0.8698946730701289,0.8698946730701289,-0.023582592293304394,6
phase47,Mandalay 2025 M7.7,29,35.0,7.699999809265137,8.015163838724005,0.31516402945886846,0.31516402945886846,-0.043677855426290435,12
phase47,Nepal 2015 M7.3,29,35.0,7.300000190734863,7.430424246889881,0.13042405615501806,0.13042405615501806,0.024392167941071463,5
phase47,Samos 2020 M7.0,29,35.0,7.0,7.257926321997479,0.2579263219974788,0.2579263219974788,-0.019950926161516058,3
phase47,Sand 2025 M7.3,29,35.0,7.300000190734863,7.998282002834113,0.6982818120992498,0.6982818120992498,-0.008418154791863586,45
phase47,Xizang 2025 M7.1,29,35.0,7.099999904632568,7.799130986935983,0.6991310823034143,0.6991310823034143,0.005583652372415315,12
phase48,Iquique 2014 M7.7,29,35.0,7.699999809265137,7.572741493957455,-0.1272583153076816,0.1272583153076816,0.009385789201412642,11
phase48,Kodiak 2018 M7.9,29,35.0,7.900000095367432,7.950428746691341,0.05042865132390961,0.05042865132390961,-0.003911980275398186,64
phase48,Luding 2022 M6.6,29,35.0,6.599999904632568,7.4345643024466295,0.8345643978140611,0.8345643978140611,-0.0025464363370115706,6
phase48,Mandalay 2025 M7.7,29,35.0,7.699999809265137,8.13690157312698,0.43690176386184376,0.43690176386184376,0.0015159219421665426,12
phase48,Nepal 2015 M7.3,29,35.0,7.300000190734863,7.3662457725768,0.06624558184193674,0.06624558184193674,-0.0029025360523906585,5
phase48,Samos 2020 M7.0,29,35.0,7.0,6.930931810036771,-0.06906818996322883,0.06906818996322883,0.009231028190444412,3
phase48,Sand 2025 M7.3,29,35.0,7.300000190734863,8.266072344899454,0.9660721541645909,0.9660721541645909,-0.0006097859915481507,45
phase48,Xizang 2025 M7.1,29,35.0,7.099999904632568,7.949035981482837,0.8490360768502683,0.8490360768502683,0.0039075776579364785,12
phase39,Iquique 2014 M7.7,30,36.0,7.699999809265137,8.206404609085645,0.5064047998205083,0.5064047998205083,-0.013094602604496686,11
phase39,Kodiak 2018 M7.9,30,36.0,7.900000095367432,8.421726168253878,0.5217260728864463,0.5217260728864463,0.016166592517384615,64
phase39,Luding 2022 M6.6,30,36.0,6.599999904632568,8.000420215131223,1.4004203104986548,1.4004203104986548,0.021079300480979057,6
phase39,Mandalay 2025 M7.7,30,36.0,7.699999809265137,8.583002245351068,0.8830024360859312,0.8830024360859312,0.035522449057612704,12
phase39,Nepal 2015 M7.3,30,36.0,7.300000190734863,8.443462134411126,1.1434619436762627,1.1434619436762627,0.16585798597025736,5
phase39,Samos 2020 M7.0,30,36.0,7.0,8.764025043146212,1.7640250431462121,1.7640250431462121,-0.03955332453988625,3
phase39,Sand 2025 M7.3,30,36.0,7.300000190734863,8.542985767824332,1.2429855770894687,1.2429855770894687,-0.002414325855596644,45
phase39,Xizang 2025 M7.1,30,36.0,7.099999904632568,8.405615846987452,1.3056159423548834,1.3056159423548834,0.0024988794683622473,12
phase47,Iquique 2014 M7.7,30,36.0,7.699999809265137,7.608746106646382,-0.09125370261875432,0.09125370261875432,0.0334543483353924,11
phase47,Kodiak 2018 M7.9,30,36.0,7.900000095367432,7.826556574475134,-0.07344352089229744,0.07344352089229744,-0.012660456049748525,64
phase47,Luding 2022 M6.6,30,36.0,6.599999904632568,7.448068624471077,0.8480687198385084,0.8480687198385084,-0.02182595323162051,6
phase47,Mandalay 2025 M7.7,30,36.0,7.699999809265137,7.990657853190217,0.2906580439250801,0.2906580439250801,-0.024505985533788355,12
phase47,Nepal 2015 M7.3,30,36.0,7.300000190734863,7.48746005104831,0.18745986031344675,0.18745986031344675,0.05703580415842868,5
phase47,Samos 2020 M7.0,30,36.0,7.0,7.239014336791914,0.23901433679191442,0.23901433679191442,-0.018911985205564363,3
phase47,Sand 2025 M7.3,30,36.0,7.300000190734863,7.984378973972995,0.6843787832381318,0.6843787832381318,-0.013903028861117939,45
phase47,Xizang 2025 M7.1,30,36.0,7.099999904632568,7.821292157837361,0.7212922532047923,0.7212922532047923,0.022161170901378036,12
phase48,Iquique 2014 M7.7,30,36.0,7.699999809265137,7.612125656739516,-0.08787415252562081,0.08787415252562081,0.039384162782060805,11
phase48,Kodiak 2018 M7.9,30,36.0,7.900000095367432,7.969151651404695,0.06915155603726308,0.06915155603726308,0.018722904713353472,64
phase48,Luding 2022 M6.6,30,36.0,6.599999904632568,7.437520942312813,0.8375210376802444,0.8375210376802444,0.0029566398661833304,6
phase48,Mandalay 2025 M7.7,30,36.0,7.699999809265137,8.145968625041768,0.44596881577663083,0.44596881577663083,0.009067051914787072,12
phase48,Nepal 2015 M7.3,30,36.0,7.300000190734863,7.362291837036379,0.06229164630151551,0.06229164630151551,-0.003953935540421227,5
phase48,Samos 2020 M7.0,30,36.0,7.0,6.91901244813501,-0.08098755186498963,0.08098755186498963,-0.011919361901760794,3
phase48,Sand 2025 M7.3,30,36.0,7.300000190734863,8.272196670285016,0.9721964795501528,0.9721964795501528,0.006124325385561846,45
phase48,Xizang 2025 M7.1,30,36.0,7.099999904632568,7.965382698104497,0.8653827934719285,0.8653827934719285,0.016346716621660207,12
phase39,Iquique 2014 M7.7,31,37.0,7.699999809265137,8.223626544214495,0.5236267349493584,0.5236267349493584,0.017221935128850063,11
phase39,Kodiak 2018 M7.9,31,37.0,7.900000095367432,8.390499032684609,0.4904989373171773,0.4904989373171773,-0.031227135569269038,64
phase39,Luding 2022 M6.6,31,37.0,6.599999904632568,7.967186768660287,1.367186864027719,1.367186864027719,-0.033233446470935846,6
phase39,Mandalay 2025 M7.7,31,37.0,7.699999809265137,8.559079462381707,0.8590796531165701,0.8590796531165701,-0.023922782969361123,12
phase39,Nepal 2015 M7.3,31,37.0,7.300000190734863,8.660382896536134,1.3603827058012712,1.3603827058012712,0.21692076212500844,5
phase39,Samos 2020 M7.0,31,37.0,7.0,8.728036037387113,1.7280360373871133,1.7280360373871133,-0.0359890057590988,3
phase39,Sand 2025 M7.3,31,37.0,7.300000190734863,8.49406000857428,1.1940598178394168,1.1940598178394168,-0.048925759250051826,45
phase39,Xizang 2025 M7.1,31,37.0,7.099999904632568,8.395827522342454,1.295827617709886,1.295827617709886,-0.00978832464499746,12
phase47,Iquique 2014 M7.7,31,37.0,7.699999809265137,7.667959922377104,-0.0320398868880325,0.0320398868880325,0.05921381573072182,11
phase47,Kodiak 2018 M7.9,31,37.0,7.900000095367432,7.819417817109679,-0.08058227825775255,0.08058227825775255,-0.007138757365455106,64
phase47,Luding 2022 M6.6,31,37.0,6.599999904632568,7.428995623984047,0.8289957193514788,0.8289957193514788,-0.019073000487029645,6
phase47,Mandalay 2025 M7.7,31,37.0,7.699999809265137,7.975721045432673,0.2757212361675361,0.2757212361675361,-0.014936807757544024,12
phase47,Nepal 2015 M7.3,31,37.0,7.300000190734863,7.557508692274087,0.257508501539224,0.257508501539224,0.07004864122577725,5
phase47,Samos 2020 M7.0,31,37.0,7.0,7.210714574465332,0.2107145744653316,0.2107145744653316,-0.028299762326582822,3
phase47,Sand 2025 M7.3,31,37.0,7.300000190734863,7.978197205674146,0.6781970149392826,0.6781970149392826,-0.0061817682988491995,45
phase47,Xizang 2025 M7.1,31,37.0,7.099999904632568,7.86004957495776,0.7600496703251913,0.7600496703251913,0.03875741712039904,12
phase48,Iquique 2014 M7.7,31,37.0,7.699999809265137,7.634788223033478,-0.06521158623165846,0.06521158623165846,0.02266256629396235,11
phase48,Kodiak 2018 M7.9,31,37.0,7.900000095367432,7.9969019605666665,0.09690186519923483,0.09690186519923483,0.027750309161971742,64
phase48,Luding 2022 M6.6,31,37.0,6.599999904632568,7.44950276916989,0.8495028645373219,0.8495028645373219,0.011981826857077493,6
phase48,Mandalay 2025 M7.7,31,37.0,7.699999809265137,8.16196862568162,0.46196881641648346,0.46196881641648346,0.01600000063985263,12
phase48,Nepal 2015 M7.3,31,37.0,7.300000190734863,7.356120128623773,0.056119937888909455,0.056119937888909455,-0.006171708412606058,5
phase48,Samos 2020 M7.0,31,37.0,7.0,6.871635266711143,-0.12836473328885667,0.12836473328885667,-0.04737718142386704,3
phase48,Sand 2025 M7.3,31,37.0,7.300000190734863,8.297506660500906,0.9975064697660425,0.9975064697660425,0.025309990215889755,45
phase48,Xizang 2025 M7.1,31,37.0,7.099999904632568,8.00320353646945,0.903203631836881,0.903203631836881,0.037820838364952536,12
phase39,Iquique 2014 M7.7,32,38.0,7.699999809265137,8.671131654292259,0.9711318450271218,0.9711318450271218,0.4475051100777634,11
phase39,Kodiak 2018 M7.9,32,38.0,7.900000095367432,8.375665421441862,0.4756653260744308,0.4756653260744308,-0.014833611242746514,64
phase39,Luding 2022 M6.6,32,38.0,6.599999904632568,7.982622262248199,1.382622357615631,1.382622357615631,0.015435493587911964,6
phase39,Mandalay 2025 M7.7,32,38.0,7.699999809265137,8.50506712894152,0.8050673196763825,0.8050673196763825,-0.05401233344018763,12
phase39,Nepal 2015 M7.3,32,38.0,7.300000190734863,8.78495806106651,1.4849578703316464,1.4849578703316464,0.1245751645303752,5
phase39,Samos 2020 M7.0,32,38.0,7.0,8.69312491313688,1.6931249131368808,1.6931249131368808,-0.03491112425023246,3
phase39,Sand 2025 M7.3,32,38.0,7.300000190734863,8.48409649047557,1.1840962997407072,1.1840962997407072,-0.009963518098709656,45
phase39,Xizang 2025 M7.1,32,38.0,7.099999904632568,8.432508577537543,1.332508672904975,1.332508672904975,0.03668105519508913,12
phase47,Iquique 2014 M7.7,32,38.0,7.699999809265137,7.668551908653454,-0.03144790061168301,0.03144790061168301,0.0005919862763494876,11
phase47,Kodiak 2018 M7.9,32,38.0,7.900000095367432,7.841466853342493,-0.05853324202493848,0.05853324202493848,0.022049036232814068,64
phase47,Luding 2022 M6.6,32,38.0,6.599999904632568,7.418660509805058,0.8186606051724894,0.8186606051724894,-0.010335114178989357,6
phase47,Mandalay 2025 M7.7,32,38.0,7.699999809265137,7.9959670095419515,0.2959672002768148,0.2959672002768148,0.020245964109278702,12
phase47,Nepal 2015 M7.3,32,38.0,7.300000190734863,7.5683511878757495,0.26835099714088617,0.26835099714088617,0.010842495601662172,5
phase47,Samos 2020 M7.0,32,38.0,7.0,7.1740109459443655,0.1740109459443655,0.1740109459443655,-0.03670362852096609,3
phase47,Sand 2025 M7.3,32,38.0,7.300000190734863,7.979973160623694,0.6799729698888308,0.6799729698888308,0.0017759549495481863,45
phase47,Xizang 2025 M7.1,32,38.0,7.099999904632568,7.891017118619624,0.7910172139870557,0.7910172139870557,0.030967543661864383,12
phase48,Iquique 2014 M7.7,32,38.0,7.699999809265137,7.650493872923169,-0.04950593634196743,0.04950593634196743,0.01570564988969103,11
phase48,Kodiak 2018 M7.9,32,38.0,7.900000095367432,8.025077437305919,0.1250773419384874,0.1250773419384874,0.02817547673925258,64
phase48,Luding 2022 M6.6,32,38.0,6.599999904632568,7.4659930719010505,0.8659931672684822,0.8659931672684822,0.016490302731160256,6
phase48,Mandalay 2025 M7.7,32,38.0,7.699999809265137,8.179931678812707,0.4799318695475705,0.4799318695475705,0.017963053131087037,12
phase48,Nepal 2015 M7.3,32,38.0,7.300000190734863,7.341648114253664,0.04164792351880031,0.04164792351880031,-0.014472014370109143,5
phase48,Samos 2020 M7.0,32,38.0,7.0,6.805497427849979,-0.19450257215002065,0.19450257215002065,-0.06613783886116398,3
phase48,Sand 2025 M7.3,32,38.0,7.300000190734863,8.29941856203267,0.9994183712978071,0.9994183712978071,0.0019119015317645704,45
phase48,Xizang 2025 M7.1,32,38.0,7.099999904632568,8.039011443109723,0.9390115384771551,0.9390115384771551,0.03580790664027411,12
phase39,Iquique 2014 M7.7,33,39.0,7.699999809265137,8.812140151781435,1.1121403425162981,1.1121403425162981,0.14100849748917632,11
phase39,Kodiak 2018 M7.9,33,39.0,7.900000095367432,8.278863229111149,0.3788631337437174,0.3788631337437174,-0.09680219233071341,64
phase39,Luding 2022 M6.6,33,39.0,6.599999904632568,7.898520944367439,1.2985210397348705,1.2985210397348705,-0.08410131788076036,6
phase39,Mandalay 2025 M7.7,33,39.0,7.699999809265137,8.427947116449989,0.7279473071848521,0.7279473071848521,-0.07712001249153033,12
phase39,Nepal 2015 M7.3,33,39.0,7.300000190734863,8.763123759114702,1.4631235683798387,1.4631235683798387,-0.02183430195180769,5
phase39,Samos 2020 M7.0,33,39.0,7.0,8.238688158673915,1.2386881586739147,1.2386881586739147,-0.45443675446296616,3
phase39,Sand 2025 M7.3,33,39.0,7.300000190734863,8.432270574048207,1.1322703833133438,1.1322703833133438,-0.05182591642736334,45
phase39,Xizang 2025 M7.1,33,39.0,7.099999904632568,8.350090933577183,1.250091028944615,1.250091028944615,-0.08241764396036011,12
phase47,Iquique 2014 M7.7,33,39.0,7.699999809265137,7.669478609800988,-0.030521199464148552,0.030521199464148552,0.0009267011475344589,11
phase47,Kodiak 2018 M7.9,33,39.0,7.900000095367432,7.856504165319323,-0.04349593004810881,0.04349593004810881,0.01503731197682967,64
phase47,Luding 2022 M6.6,33,39.0,6.599999904632568,7.4439743563760254,0.8439744517434571,0.8439744517434571,0.02531384657096769,6
phase47,Mandalay 2025 M7.7,33,39.0,7.699999809265137,8.026281321569481,0.32628151230434455,0.32628151230434455,0.030314312027529766,12
phase47,Nepal 2015 M7.3,33,39.0,7.300000190734863,7.5375288780254035,0.23752868729054022,0.23752868729054022,-0.030822309850345952,5
phase47,Samos 2020 M7.0,33,39.0,7.0,7.123844929918354,0.12384492991835394,0.12384492991835394,-0.05016601602601156,3
phase47,Sand 2025 M7.3,33,39.0,7.300000190734863,8.015827593373933,0.7158274026390696,0.7158274026390696,0.03585443275023881,45
phase47,Xizang 2025 M7.1,33,39.0,7.099999904632568,7.896347274541914,0.7963473699093457,0.7963473699093457,0.005330155922290025,12
phase48,Iquique 2014 M7.7,33,39.0,7.699999809265137,7.67753126080653,-0.022468548458606463,0.022468548458606463,0.027037387883360964,11
phase48,Kodiak 2018 M7.9,33,39.0,7.900000095367432,8.006177837033874,0.10617774166644267,0.10617774166644267,-0.018899600272044736,64
phase48,Luding 2022 M6.6,33,39.0,6.599999904632568,7.475561009953602,0.8755611053210339,0.8755611053210339,0.009567938052551739,6
phase48,Mandalay 2025 M7.7,33,39.0,7.699999809265137,8.211663005601308,0.5116631963361709,0.5116631963361709,0.031731326788600356,12
phase48,Nepal 2015 M7.3,33,39.0,7.300000190734863,7.324819354771796,0.024819164036932406,0.024819164036932406,-0.016828759481867905,5
phase48,Samos 2020 M7.0,33,39.0,7.0,6.7538912354321265,-0.24610876456787345,0.24610876456787345,-0.0516061924178528,3
phase48,Sand 2025 M7.3,33,39.0,7.300000190734863,8.314514287415525,1.0145140966806618,1.0145140966806618,0.015095725382854752,45
phase48,Xizang 2025 M7.1,33,39.0,7.099999904632568,8.044414544450955,0.9444146398183868,0.9444146398183868,0.005403101341231675,12
phase39,Iquique 2014 M7.7,34,40.0,7.699999809265137,8.914851279780905,1.214851470515768,1.214851470515768,0.10271112799946991,11
phase39,Kodiak 2018 M7.9,34,40.0,7.900000095367432,8.349838015250235,0.4498379198828033,0.4498379198828033,0.07097478613908592,64
phase39,Luding 2022 M6.6,34,40.0,6.599999904632568,8.009470276782125,1.4094703721495563,1.4094703721495563,0.11094933241468574,6
phase39,Mandalay 2025 M7.7,34,40.0,7.699999809265137,8.53438683722558,0.8343870279604424,0.8343870279604424,0.10643972077559027,12
phase39,Nepal 2015 M7.3,34,40.0,7.300000190734863,8.742776140827452,1.4427759500925887,1.4427759500925887,-0.020347618287249958,5
phase39,Samos 2020 M7.0,34,40.0,7.0,8.228147165065897,1.2281471650658968,1.2281471650658968,-0.010540993608017857,3
phase39,Sand 2025 M7.3,34,40.0,7.300000190734863,8.47176847671889,1.171768285984026,1.171768285984026,0.039497902670682095,45
phase39,Xizang 2025 M7.1,34,40.0,7.099999904632568,8.426398603628382,1.3263986989958134,1.3263986989958134,0.07630767005119843,12
phase47,Iquique 2014 M7.7,34,40.0,7.699999809265137,7.628408925318258,-0.07159088394687885,0.07159088394687885,-0.041069684482730295,11
phase47,Kodiak 2018 M7.9,34,40.0,7.900000095367432,7.89847727749815,-0.0015228178692812122,0.0015228178692812122,0.0419731121788276,64
phase47,Luding 2022 M6.6,34,40.0,6.599999904632568,7.453118241946884,0.8531183373143154,0.8531183373143154,0.009143885570858323,6
phase47,Mandalay 2025 M7.7,34,40.0,7.699999809265137,8.031947783298916,0.3319479740337794,0.3319479740337794,0.005666461729434857,12
phase47,Nepal 2015 M7.3,34,40.0,7.300000190734863,7.500707027021002,0.2007068362861384,0.2007068362861384,-0.03682185100440183,5
phase47,Samos 2020 M7.0,34,40.0,7.0,7.0635365639214704,0.06353656392147045,0.06353656392147045,-0.060308365996883495,3
phase47,Sand 2025 M7.3,34,40.0,7.300000190734863,8.012046929033636,0.7120467382987723,0.7120467382987723,-0.003780664340297335,45
phase47,Xizang 2025 M7.1,34,40.0,7.099999904632568,7.896943193183714,0.7969432885511454,0.7969432885511454,0.000595918641799642,12
phase48,Iquique 2014 M7.7,34,40.0,7.699999809265137,7.735795187475317,0.03579537821017986,0.03579537821017986,0.058263926668786326,11
phase48,Kodiak 2018 M7.9,34,40.0,7.900000095367432,8.025758903150141,0.12575880778270943,0.12575880778270943,0.019581066116266754,64
phase48,Luding 2022 M6.6,34,40.0,6.599999904632568,7.492702987214651,0.8927030825820825,0.8927030825820825,0.017141977261048602,6
phase48,Mandalay 2025 M7.7,34,40.0,7.699999809265137,8.260132599616973,0.5601327903518367,0.5601327903518367,0.04846959401566586,12
phase48,Nepal 2015 M7.3,34,40.0,7.300000190734863,7.3237645803391835,0.023764389604320257,0.023764389604320257,-0.0010547744326121489,5
phase48,Samos 2020 M7.0,34,40.0,7.0,6.73332586988709,-0.26667413011290986,0.26667413011290986,-0.020565365545036407,3
phase48,Sand 2025 M7.3,34,40.0,7.300000190734863,8.331911878210937,1.0319116874760734,1.0319116874760734,0.017397590795411588,45
phase48,Xizang 2025 M7.1,34,40.0,7.099999904632568,8.078766239856913,0.9787663352243445,0.9787663352243445,0.03435169540595773,12
phase39,Iquique 2014 M7.7,35,41.0,7.699999809265137,8.942419853194536,1.2424200439293998,1.2424200439293998,0.027568573413631725,11
phase39,Kodiak 2018 M7.9,35,41.0,7.900000095367432,8.33855920282608,0.4385591074586479,0.4385591074586479,-0.011278812424155404,64
phase39,Luding 2022 M6.6,35,41.0,6.599999904632568,8.017474936063893,1.4174750314313247,1.4174750314313247,0.008004659281768411,6
phase39,Mandalay 2025 M7.7,35,41.0,7.699999809265137,8.510644685996681,0.8106448767315442,0.8106448767315442,-0.023742151228898223,12
phase39,Nepal 2015 M7.3,35,41.0,7.300000190734863,8.675489805624434,1.3754896148895703,1.3754896148895703,-0.06728633520301841,5
phase39,Samos 2020 M7.0,35,41.0,7.0,8.213930444927222,1.2139304449272217,1.2139304449272217,-0.014216720138675143,3
phase39,Sand 2025 M7.3,35,41.0,7.300000190734863,8.436805511378395,1.136805320643532,1.136805320643532,-0.03496296534049392,45
phase39,Xizang 2025 M7.1,35,41.0,7.099999904632568,8.386859235603138,1.2868593309705698,1.2868593309705698,-0.039539368025243604,12
phase47,Iquique 2014 M7.7,35,41.0,7.699999809265137,7.548202443624597,-0.15179736564053936,0.15179736564053936,-0.08020648169366051,11
phase47,Kodiak 2018 M7.9,35,41.0,7.900000095367432,7.910320002176,0.010319906808568646,0.010319906808568646,0.011842724677849858,64
phase47,Luding 2022 M6.6,35,41.0,6.599999904632568,7.471565048536384,0.8715651439038155,0.8715651439038155,0.018446806589500042,6
phase47,Mandalay 2025 M7.7,35,41.0,7.699999809265137,8.02776524060604,0.32776543134090375,0.32776543134090375,-0.004182542692875657,12
phase47,Nepal 2015 M7.3,35,41.0,7.300000190734863,7.404543184630638,0.10454299389577493,0.10454299389577493,-0.09616384239036346,5
phase47,Samos 2020 M7.0,35,41.0,7.0,7.006876121417225,0.006876121417224823,0.006876121417224823,-0.05666044250424562,3
phase47,Sand 2025 M7.3,35,41.0,7.300000190734863,8.026369800138202,0.7263696094033385,0.7263696094033385,0.014322871104566204,45
phase47,Xizang 2025 M7.1,35,41.0,7.099999904632568,7.913718948778238,0.8137190441456692,0.8137190441456692,0.016775755594523822,12
phase48,Iquique 2014 M7.7,35,41.0,7.699999809265137,7.757790731566247,0.05779092230110994,0.05779092230110994,0.021995544090930075,11
phase48,Kodiak 2018 M7.9,35,41.0,7.900000095367432,8.022057824195322,0.12205772882789034,0.12205772882789034,-0.0037010789548190814,64
phase48,Luding 2022 M6.6,35,41.0,6.599999904632568,7.50279620547531,0.9027963008427413,0.9027963008427413,0.010093218260658787,6
phase48,Mandalay 2025 M7.7,35,41.0,7.699999809265137,8.31084366987556,0.610843860610423,0.610843860610423,0.05071107025858623,12
phase48,Nepal 2015 M7.3,35,41.0,7.300000190734863,7.331848205571507,0.03184801483664401,0.03184801483664401,0.008083625232323755,5
phase48,Samos 2020 M7.0,35,41.0,7.0,6.731308116417507,-0.26869188358249296,0.26869188358249296,-0.0020177534695831056,3
phase48,Sand 2025 M7.3,35,41.0,7.300000190734863,8.329078909376552,1.0290787186416885,1.0290787186416885,-0.0028329688343848858,45
phase48,Xizang 2025 M7.1,35,41.0,7.099999904632568,8.107095875550806,1.0070959709182379,1.0070959709182379,0.02832963569389335,12
phase39,Iquique 2014 M7.7,36,42.0,7.699999809265137,8.989404986665523,1.2894051774003863,1.2894051774003863,0.04698513347098654,11
phase39,Kodiak 2018 M7.9,36,42.0,7.900000095367432,8.269489057290924,0.36948896192349245,0.36948896192349245,-0.06907014553515545,64
phase39,Luding 2022 M6.6,36,42.0,6.599999904632568,7.939439263612353,1.339439358979785,1.339439358979785,-0.07803567245153964,6
phase39,Mandalay 2025 M7.7,36,42.0,7.699999809265137,8.4323826212788,0.7323828120136628,0.7323828120136628,-0.07826206471788133,12
phase39,Nepal 2015 M7.3,36,42.0,7.300000190734863,8.601488273033553,1.3014880822986896,1.3014880822986896,-0.07400153259088071,5
phase39,Samos 2020 M7.0,36,42.0,7.0,8.198482255529704,1.1984822555297043,1.1984822555297043,-0.015448189397517353,3
phase39,Sand 2025 M7.3,36,42.0,7.300000190734863,8.388291730202123,1.08829153946726,1.08829153946726,-0.04851378117627192,45
phase39,Xizang 2025 M7.1,36,42.0,7.099999904632568,8.318768234468612,1.2187683298360437,1.2187683298360437,-0.06809100113452615,12
phase47,Iquique 2014 M7.7,36,42.0,7.699999809265137,7.441179496478072,-0.25882031278706474,0.25882031278706474,-0.10702294714652538,11
phase47,Kodiak 2018 M7.9,36,42.0,7.900000095367432,7.922524871250111,0.02252477588267965,0.02252477588267965,0.012204869074111002,64
phase47,Luding 2022 M6.6,36,42.0,6.599999904632568,7.545040348917333,0.9450404442847651,0.9450404442847651,0.07347530038094963,6
phase47,Mandalay 2025 M7.7,36,42.0,7.699999809265137,8.006397058922463,0.3063972496573264,0.3063972496573264,-0.021368181683577347,12
phase47,Nepal 2015 M7.3,36,42.0,7.300000190734863,7.368263674664858,0.0682634839299947,0.0682634839299947,-0.03627950996578022,5
phase47,Samos 2020 M7.0,36,42.0,7.0,6.983623821665203,-0.016376178334796876,0.016376178334796876,-0.0232522997520217,3
phase47,Sand 2025 M7.3,36,42.0,7.300000190734863,8.034510715924979,0.7345105251901156,0.7345105251901156,0.008140915786777114,45
phase47,Xizang 2025 M7.1,36,42.0,7.099999904632568,7.946185884317833,0.8461859796852647,0.8461859796852647,0.032466935539595454,12
phase48,Iquique 2014 M7.7,36,42.0,7.699999809265137,7.754466199892894,0.05446639062775738,0.05446639062775738,-0.00332453167335256,11
phase48,Kodiak 2018 M7.9,36,42.0,7.900000095367432,8.01339493878807,0.11339484342063777,0.11339484342063777,-0.008662885407252574,64
phase48,Luding 2022 M6.6,36,42.0,6.599999904632568,7.503165554190575,0.9031656495580069,0.9031656495580069,0.0003693487152656161,6
phase48,Mandalay 2025 M7.7,36,42.0,7.699999809265137,8.34389931193609,0.6438995026709531,0.6438995026709531,0.03305564206053013,12
phase48,Nepal 2015 M7.3,36,42.0,7.300000190734863,7.398096370461614,0.09809617972675078,0.09809617972675078,0.06624816489010676,5
phase48,Samos 2020 M7.0,36,42.0,7.0,6.763311185803378,-0.23668881419662213,0.23668881419662213,0.03200306938587083,3
phase48,Sand 2025 M7.3,36,42.0,7.300000190734863,8.300613514279654,1.0006133235447905,1.0006133235447905,-0.02846539509689805,45
phase48,Xizang 2025 M7.1,36,42.0,7.099999904632568,8.11856576190224,1.018565857269671,1.018565857269671,0.01146988635143309,12
phase39,Iquique 2014 M7.7,37,43.0,7.699999809265137,8.995377984616706,1.2953781753515692,1.2953781753515692,0.00597299795118289,11
phase39,Kodiak 2018 M7.9,37,43.0,7.900000095367432,8.18833385107768,0.2883337557102479,0.2883337557102479,-0.08115520621324457,64
phase39,Luding 2022 M6.6,37,43.0,6.599999904632568,7.8712444313586305,1.2712445267260621,1.2712445267260621,-0.06819483225372291,6
phase39,Mandalay 2025 M7.7,37,43.0,7.699999809265137,8.351334045364176,0.6513342360990393,0.6513342360990393,-0.08104857591462356,12
phase39,Nepal 2015 M7.3,37,43.0,7.300000190734863,8.55602943971228,1.2560292489774163,1.2560292489774163,-0.04545883332127332,5
phase39,Samos 2020 M7.0,37,43.0,7.0,8.187166981900594,1.187166981900594,1.187166981900594,-0.011315273629110223,3
phase39,Sand 2025 M7.3,37,43.0,7.300000190734863,8.337890433333321,1.0378902425984577,1.0378902425984577,-0.05040129686880235,45
phase39,Xizang 2025 M7.1,37,43.0,7.099999904632568,8.24552930926681,1.1455294046342424,1.1455294046342424,-0.07323892520180131,12
phase47,Iquique 2014 M7.7,37,43.0,7.699999809265137,7.427577974548681,-0.27242183471645554,0.27242183471645554,-0.013601521929390792,11
phase47,Kodiak 2018 M7.9,37,43.0,7.900000095367432,7.960741664490918,0.06074156912348627,0.06074156912348627,0.038216793240806624,64
phase47,Luding 2022 M6.6,37,43.0,6.599999904632568,7.629541571739056,1.0295416671064874,1.0295416671064874,0.08450122282172234,6
phase47,Mandalay 2025 M7.7,37,43.0,7.699999809265137,8.010390848348875,0.3103910390837381,0.3103910390837381,0.003993789426411709,12
phase47,Nepal 2015 M7.3,37,43.0,7.300000190734863,7.3338340439664345,0.033833853231571176,0.033833853231571176,-0.03442963069842353,5
phase47,Samos 2020 M7.0,37,43.0,7.0,7.002409662852892,0.002409662852891792,0.002409662852891792,0.018785841187688668,3
phase47,Sand 2025 M7.3,37,43.0,7.300000190734863,8.075580450748564,0.775580260013701,0.775580260013701,0.041069734823585335,45
phase47,Xizang 2025 M7.1,37,43.0,7.099999904632568,8.010095962559474,0.9100960579269053,0.9100960579269053,0.06391007824164063,12
phase48,Iquique 2014 M7.7,37,43.0,7.699999809265137,7.746452171867762,0.04645236260262564,0.04645236260262564,-0.008014028025131736,11
phase48,Kodiak 2018 M7.9,37,43.0,7.900000095367432,7.98950586570915,0.08950577034171836,0.08950577034171836,-0.02388907307891941,64
phase48,Luding 2022 M6.6,37,43.0,6.599999904632568,7.502532116073873,0.9025322114413044,0.9025322114413044,-0.0006334381167025782,6
phase48,Mandalay 2025 M7.7,37,43.0,7.699999809265137,8.329830577504522,0.6298307682393851,0.6298307682393851,-0.014068734431567975,12
phase48,Nepal 2015 M7.3,37,43.0,7.300000190734863,7.4347372526714715,0.13473706193660817,0.13473706193660817,0.036640882209857395,5
phase48,Samos 2020 M7.0,37,43.0,7.0,6.796073008635497,-0.20392699136450343,0.20392699136450343,0.0327618228321187,3
phase48,Sand 2025 M7.3,37,43.0,7.300000190734863,8.260660495942176,0.9606603052073126,0.9606603052073126,-0.039953018337477886,45
phase48,Xizang 2025 M7.1,37,43.0,7.099999904632568,8.129290115119675,1.0292902104871064,1.0292902104871064,0.010724353217435478,12
phase39,Iquique 2014 M7.7,38,44.0,7.699999809265137,9.009012660528155,1.3090128512630184,1.3090128512630184,0.013634675911449179,11
phase39,Kodiak 2018 M7.9,38,44.0,7.900000095367432,8.137579724891031,0.23757962952359968,0.23757962952359968,-0.05075412618664821,64
phase39,Luding 2022 M6.6,38,44.0,6.599999904632568,7.827686436198526,1.2276865315659578,1.2276865315659578,-0.04355799516010439,6
phase39,Mandalay 2025 M7.7,38,44.0,7.699999809265137,8.308690503237575,0.6086906939724379,0.6086906939724379,-0.042643542126601375,12
phase39,Nepal 2015 M7.3,38,44.0,7.300000190734863,8.542217049149434,1.2422168584145705,1.2422168584145705,-0.013812390562845778,5
phase39,Samos 2020 M7.0,38,44.0,7.0,8.175028948934886,1.1750289489348855,1.1750289489348855,-0.01213803296570859,3
phase39,Sand 2025 M7.3,38,44.0,7.300000190734863,8.30549418206611,1.005493991331246,1.005493991331246,-0.032396251267211795,45
phase39,Xizang 2025 M7.1,38,44.0,7.099999904632568,8.197140315063947,1.097140410431379,1.097140410431379,-0.048388994202863245,12
phase47,Iquique 2014 M7.7,38,44.0,7.699999809265137,7.426080342951398,-0.273919466313739,0.273919466313739,-0.0014976315972834442,11
phase47,Kodiak 2018 M7.9,38,44.0,7.900000095367432,8.034846499099809,0.13484640373237688,0.13484640373237688,0.07410483460889061,64
phase47,Luding 2022 M6.6,38,44.0,6.599999904632568,7.658465892229455,1.058465987596887,1.058465987596887,0.028924320490399502,6
phase47,Mandalay 2025 M7.7,38,44.0,7.699999809265137,8.047461172426136,0.34746136316099907,0.34746136316099907,0.03707032407726096,12
phase47,Nepal 2015 M7.3,38,44.0,7.300000190734863,7.33549740102004,0.03549721028517716,0.03549721028517716,0.001663357053605985,5
phase47,Samos 2020 M7.0,38,44.0,7.0,7.020314189293732,0.020314189293731744,0.020314189293731744,0.017904526440839952,3
phase47,Sand 2025 M7.3,38,44.0,7.300000190734863,8.146206719367441,0.8462065286325782,0.8462065286325782,0.07062626861887722,45
phase47,Xizang 2025 M7.1,38,44.0,7.099999904632568,8.039135129194003,0.9391352245614346,0.9391352245614346,0.029039166634529323,12
phase48,Iquique 2014 M7.7,38,44.0,7.699999809265137,7.73944001942105,0.039440210155913036,0.039440210155913036,-0.007012152446712605,11
phase48,Kodiak 2018 M7.9,38,44.0,7.900000095367432,7.98083413159987,0.08083403623243868,0.08083403623243868,-0.008671734109279683,64
phase48,Luding 2022 M6.6,38,44.0,6.599999904632568,7.502032925311385,0.9020330206788163,0.9020330206788163,-0.0004991907624880554,6
phase48,Mandalay 2025 M7.7,38,44.0,7.699999809265137,8.329907344586589,0.6299075353214523,0.6299075353214523,7.676708206716398e-05,12
phase48,Nepal 2015 M7.3,38,44.0,7.300000190734863,7.448899788666079,0.14889959793121577,0.14889959793121577,0.014162535994607595,5
phase48,Samos 2020 M7.0,38,44.0,7.0,6.8142226858089465,-0.18577731419105348,0.18577731419105348,0.018149677173449952,3
phase48,Sand 2025 M7.3,38,44.0,7.300000190734863,8.252579116439597,0.9525789257047332,0.9525789257047332,-0.008081379502579367,45
phase48,Xizang 2025 M7.1,38,44.0,7.099999904632568,8.138447821898692,1.038447917266124,1.038447917266124,0.009157706779017616,12
phase39,Iquique 2014 M7.7,39,45.0,7.699999809265137,9.056669289419226,1.356669480154089,1.356669480154089,0.047656628891070696,11
phase39,Kodiak 2018 M7.9,39,45.0,7.900000095367432,8.046115914491434,0.1461158191240024,0.1461158191240024,-0.09146381039959728,64
phase39,Luding 2022 M6.6,39,45.0,6.599999904632568,7.762152268689185,1.1621523640566167,1.1621523640566167,-0.06553416750934105,6
phase39,Mandalay 2025 M7.7,39,45.0,7.699999809265137,8.234270449216204,0.5342706399510675,0.5342706399510675,-0.07442005402137042,12
phase39,Nepal 2015 M7.3,39,45.0,7.300000190734863,8.48076660670187,1.1807664159670068,1.1807664159670068,-0.0614504424475637,5
phase39,Samos 2020 M7.0,39,45.0,7.0,8.16449001817827,1.1644900181782702,1.1644900181782702,-0.010538930756615272,3
phase39,Sand 2025 M7.3,39,45.0,7.300000190734863,8.211258809727205,0.911258618992342,0.911258618992342,-0.094235372338904,45
phase39,Xizang 2025 M7.1,39,45.0,7.099999904632568,8.098500351220244,0.9985004465876752,0.9985004465876752,-0.09863996384370388,12
phase47,Iquique 2014 M7.7,39,45.0,7.699999809265137,7.430954388392963,-0.26904542087217376,0.26904542087217376,0.004874045441565222,11
phase47,Kodiak 2018 M7.9,39,45.0,7.900000095367432,8.074215817158063,0.17421572179063105,0.17421572179063105,0.039369318058254166,64
phase47,Luding 2022 M6.6,39,45.0,6.599999904632568,7.676923218146857,1.076923313514289,1.076923313514289,0.018457325917402123,6
phase47,Mandalay 2025 M7.7,39,45.0,7.699999809265137,8.073168824242526,0.37316901497738897,0.37316901497738897,0.025707651816389898,12
phase47,Nepal 2015 M7.3,39,45.0,7.300000190734863,7.32854366628799,0.02854347555312664,0.02854347555312664,-0.0069537347320505205,5
phase47,Samos 2020 M7.0,39,45.0,7.0,7.001781210798502,0.0017812107985015757,0.0017812107985015757,-0.018532978495230168,3
phase47,Sand 2025 M7.3,39,45.0,7.300000190734863,8.19737344328208,0.8973732525472169,0.8973732525472169,0.05116672391463872,45
phase47,Xizang 2025 M7.1,39,45.0,7.099999904632568,8.04899859409502,0.9489986894624511,0.9489986894624511,0.009863464901016528,12
phase48,Iquique 2014 M7.7,39,45.0,7.699999809265137,7.75619585138964,0.05619604212450291,0.05619604212450291,0.016755831968589874,11
phase48,Kodiak 2018 M7.9,39,45.0,7.900000095367432,7.993600725378752,0.0936006300113208,0.0936006300113208,0.012766593778882118,64
phase48,Luding 2022 M6.6,39,45.0,6.599999904632568,7.506366858433125,0.906366953800557,0.906366953800557,0.004333933121740685,6
phase48,Mandalay 2025 M7.7,39,45.0,7.699999809265137,8.33514030072254,0.6351404914574026,0.6351404914574026,0.005232956135950317,12
phase48,Nepal 2015 M7.3,39,45.0,7.300000190734863,7.43664801058549,0.13664781985062646,0.13664781985062646,-0.012251778080589304,5
phase48,Samos 2020 M7.0,39,45.0,7.0,6.821998238532492,-0.1780017614675078,0.1780017614675078,0.007775552723545687,3
phase48,Sand 2025 M7.3,39,45.0,7.300000190734863,8.269980011325918,0.969979820591055,0.969979820591055,0.017400894886321794,45
phase48,Xizang 2025 M7.1,39,45.0,7.099999904632568,8.157470078928668,1.0574701742960997,1.0574701742960997,0.01902225702997562,12
phase39,Iquique 2014 M7.7,40,46.0,7.699999809265137,9.091618029762643,1.3916182204975058,1.3916182204975058,0.03494874034341677,11
phase39,Kodiak 2018 M7.9,40,46.0,7.900000095367432,7.980412800294538,0.08041270492710595,0.08041270492710595,-0.06570311419689645,64
phase39,Luding 2022 M6.6,40,46.0,6.599999904632568,7.7460816677649635,1.1460817631323952,1.1460817631323952,-0.016070600924221523,6
phase39,Mandalay 2025 M7.7,40,46.0,7.699999809265137,8.155515158871072,0.4555153496059354,0.4555153496059354,-0.07875529034513207,12
phase39,Nepal 2015 M7.3,40,46.0,7.300000190734863,8.41466415430446,1.1146639635695959,1.1146639635695959,-0.06610245239741097,5
phase39,Samos 2020 M7.0,40,46.0,7.0,8.13884426834763,1.1388442683476292,1.1388442683476292,-0.02564574983064105,3
phase39,Sand 2025 M7.3,40,46.0,7.300000190734863,8.141819703497552,0.8418195127626884,0.8418195127626884,-0.06943910622965355,45
phase39,Xizang 2025 M7.1,40,46.0,7.099999904632568,8.013379599642105,0.913379695009537,0.913379695009537,-0.08512075157813825,12
phase47,Iquique 2014 M7.7,40,46.0,7.699999809265137,7.466486232927125,-0.2335135763380114,0.2335135763380114,0.03553184453416236,11
phase47,Kodiak 2018 M7.9,40,46.0,7.900000095367432,8.106190686396051,0.20619059102861925,0.20619059102861925,0.0319748692379882,64
phase47,Luding 2022 M6.6,40,46.0,6.599999904632568,7.691374640415572,1.0913747357830035,1.0913747357830035,0.014451422268714431,6
phase47,Mandalay 2025 M7.7,40,46.0,7.699999809265137,8.086996673569994,0.3869968643048569,0.3869968643048569,0.013827849327467945,12
phase47,Nepal 2015 M7.3,40,46.0,7.300000190734863,7.289874020076507,-0.010126170658356415,0.010126170658356415,-0.038669646211483055,5
phase47,Samos 2020 M7.0,40,46.0,7.0,6.9711974646819295,-0.028802535318070532,0.028802535318070532,-0.030583746116572108,3
phase47,Sand 2025 M7.3,40,46.0,7.300000190734863,8.235824293911383,0.93582410317652,0.93582410317652,0.03845085062930309,45
phase47,Xizang 2025 M7.1,40,46.0,7.099999904632568,8.072484560922327,0.9724846562897582,0.9724846562897582,0.02348596682730708,12
phase48,Iquique 2014 M7.7,40,46.0,7.699999809265137,7.749638553016151,0.0496387437510144,0.0496387437510144,-0.006557298373488507,11
phase48,Kodiak 2018 M7.9,40,46.0,7.900000095367432,8.000452243768542,0.10045214840111072,0.10045214840111072,0.0068515183897899234,64
phase48,Luding 2022 M6.6,40,46.0,6.599999904632568,7.505386098694509,0.9053861940619408,0.9053861940619408,-0.0009807597386162215,6
phase48,Mandalay 2025 M7.7,40,46.0,7.699999809265137,8.336036595651166,0.636036786386029,0.636036786386029,0.0008962949286264177,12
phase48,Nepal 2015 M7.3,40,46.0,7.300000190734863,7.425840660703408,0.12584046996854514,0.12584046996854514,-0.010807349882081319,5
phase48,Samos 2020 M7.0,40,46.0,7.0,6.827314098091976,-0.17268590190802424,0.17268590190802424,0.005315859559483549,3
phase48,Sand 2025 M7.3,40,46.0,7.300000190734863,8.270480242797056,0.970480052062193,0.970480052062193,0.0005002314711379796,45
phase48,Xizang 2025 M7.1,40,46.0,7.099999904632568,8.16176375258309,1.0617638479505214,1.0617638479505214,0.004293673654421681,12
phase39,Iquique 2014 M7.7,41,47.0,7.699999809265137,9.104225498716628,1.4042256894514917,1.4042256894514917,0.0126074689539859,11
phase39,Kodiak 2018 M7.9,41,47.0,7.900000095367432,7.881567367493416,-0.018432727874015953,0.018432727874015953,-0.0988454328011219,64
phase39,Luding 2022 M6.6,41,47.0,6.599999904632568,7.726361994538264,1.1263620899056956,1.1263620899056956,-0.01971967322669954,6
phase39,Mandalay 2025 M7.7,41,47.0,7.699999809265137,8.088917402760073,0.38891759349493604,0.38891759349493604,-0.06659775611099938,12
phase39,Nepal 2015 M7.3,41,47.0,7.300000190734863,8.298283111640407,0.9982829209055435,0.9982829209055435,-0.11638104266405236,5
phase39,Samos 2020 M7.0,41,47.0,7.0,8.101207368818754,1.1012073688187538,1.1012073688187538,-0.03763689952887539,3
phase39,Sand 2025 M7.3,41,47.0,7.300000190734863,8.050211859488467,0.7502116687536038,0.7502116687536038,-0.09160784400908462,45
phase39,Xizang 2025 M7.1,41,47.0,7.099999904632568,7.899687771836801,0.7996878672042325,0.7996878672042325,-0.11369182780530451,12
phase47,Iquique 2014 M7.7,41,47.0,7.699999809265137,7.50128909424134,-0.19871071502379678,0.19871071502379678,0.03480286131421462,11
phase47,Kodiak 2018 M7.9,41,47.0,7.900000095367432,8.101921965133752,0.20192186976631987,0.20192186976631987,-0.00426872126229938,64
phase47,Luding 2022 M6.6,41,47.0,6.599999904632568,7.694986259202257,1.0949863545696887,1.0949863545696887,0.0036116187866852556,6
phase47,Mandalay 2025 M7.7,41,47.0,7.699999809265137,8.08045326689903,0.3804534576338927,0.3804534576338927,-0.0065434066709642025,12
phase47,Nepal 2015 M7.3,41,47.0,7.300000190734863,7.261534424062597,-0.03846576667226653,0.03846576667226653,-0.028339596013910118,5
phase47,Samos 2020 M7.0,41,47.0,7.0,6.957834528702447,-0.04216547129755277,0.04216547129755277,-0.013362935979482238,3
phase47,Sand 2025 M7.3,41,47.0,7.300000190734863,8.219596393925418,0.9195962031905545,0.9195962031905545,-0.01622789998596552,45
phase47,Xizang 2025 M7.1,41,47.0,7.099999904632568,8.10897068288084,1.0089707782482709,1.0089707782482709,0.03648612195851264,12
phase48,Iquique 2014 M7.7,41,47.0,7.699999809265137,7.746056863528062,0.04605705426292506,0.04605705426292506,-0.0035816894880893457,11
phase48,Kodiak 2018 M7.9,41,47.0,7.900000095367432,8.004625446703987,0.10462535133655493,0.10462535133655493,0.004173202935444209,64
phase48,Luding 2022 M6.6,41,47.0,6.599999904632568,7.503456079754592,0.9034561751220238,0.9034561751220238,-0.0019300189399169554,6
phase48,Mandalay 2025 M7.7,41,47.0,7.699999809265137,8.351542782580179,0.651542973315042,0.651542973315042,0.015506186929012955,12
phase48,Nepal 2015 M7.3,41,47.0,7.300000190734863,7.411746464278353,0.11174627354348932,0.11174627354348932,-0.014094196425055827,5
phase48,Samos 2020 M7.0,41,47.0,7.0,6.832587918949437,-0.16741208105056327,0.16741208105056327,0.005273820857460976,3
phase48,Sand 2025 M7.3,41,47.0,7.300000190734863,8.273291271449217,0.973291080714354,0.973291080714354,0.002811028652160985,45
phase48,Xizang 2025 M7.1,41,47.0,7.099999904632568,8.148507841910094,1.0485079372775257,1.0485079372775257,-0.013255910672995697,12
phase39,Iquique 2014 M7.7,42,48.0,7.699999809265137,9.098998060355186,1.398998251090049,1.398998251090049,-0.005227438361442793,11
phase39,Kodiak 2018 M7.9,42,48.0,7.900000095367432,7.869693773650284,-0.030306321717147533,0.030306321717147533,-0.01187359384313158,64
phase39,Luding 2022 M6.6,42,48.0,6.599999904632568,7.789039449161285,1.1890395445287165,1.1890395445287165,0.06267745462302088,6
phase39,Mandalay 2025 M7.7,42,48.0,7.699999809265137,8.09141678072013,0.39141697145499244,0.39141697145499244,0.0024993779600563926,12
phase39,Nepal 2015 M7.3,42,48.0,7.300000190734863,8.236711207685868,0.9367110169510049,0.9367110169510049,-0.0615719039545386,5
phase39,Samos 2020 M7.0,42,48.0,7.0,8.057854742306723,1.0578547423067235,1.0578547423067235,-0.04335262651203031,3
phase39,Sand 2025 M7.3,42,48.0,7.300000190734863,8.044247740939255,0.7442475502043919,0.7442475502043919,-0.005964118549211861,45
phase39,Xizang 2025 M7.1,42,48.0,7.099999904632568,7.8770732957542515,0.7770733911216832,0.7770733911216832,-0.022614476082549295,12
phase47,Iquique 2014 M7.7,42,48.0,7.699999809265137,7.528370594368161,-0.17162921489697602,0.17162921489697602,0.027081500126820757,11
phase47,Kodiak 2018 M7.9,42,48.0,7.900000095367432,8.092387082250818,0.1923869868833865,0.1923869868833865,-0.00953488288293336,64
phase47,Luding 2022 M6.6,42,48.0,6.599999904632568,7.6984366059523035,1.0984367013197351,1.0984367013197351,0.003450346750046407,6
phase47,Mandalay 2025 M7.7,42,48.0,7.699999809265137,8.04947078673777,0.3494709774726328,0.3494709774726328,-0.03098248016125993,12
phase47,Nepal 2015 M7.3,42,48.0,7.300000190734863,7.2509404642913875,-0.04905972644347578,0.04905972644347578,-0.01059395977120925,5
phase47,Samos 2020 M7.0,42,48.0,7.0,6.950753674237256,-0.049246325762744014,0.049246325762744014,-0.007080854465191244,3
phase47,Sand 2025 M7.3,42,48.0,7.300000190734863,8.19945643559005,0.8994562448551875,0.8994562448551875,-0.02013995833536697,45
phase47,Xizang 2025 M7.1,42,48.0,7.099999904632568,8.136127823815297,1.0361279191827286,1.0361279191827286,0.027157140934457757,12
phase48,Iquique 2014 M7.7,42,48.0,7.699999809265137,7.741207098144624,0.041207288879487436,0.041207288879487436,-0.004849765383437621,11
phase48,Kodiak 2018 M7.9,42,48.0,7.900000095367432,8.006199952418202,0.10619985705077006,0.10619985705077006,0.0015745057142151353,64
phase48,Luding 2022 M6.6,42,48.0,6.599999904632568,7.500766113115189,0.9007662084826205,0.9007662084826205,-0.0026899666394033517,6
phase48,Mandalay 2025 M7.7,42,48.0,7.699999809265137,8.365718071257463,0.6657182619923265,0.6657182619923265,0.01417528867728457,12
phase48,Nepal 2015 M7.3,42,48.0,7.300000190734863,7.390546276133383,0.09054608539852005,0.09054608539852005,-0.021200188144969268,5
phase48,Samos 2020 M7.0,42,48.0,7.0,6.835618528204661,-0.16438147179533935,0.16438147179533935,0.003030609255223915,3
phase48,Sand 2025 M7.3,42,48.0,7.300000190734863,8.293554884904337,0.9935546941694735,0.9935546941694735,0.02026361345511951,45
phase48,Xizang 2025 M7.1,42,48.0,7.099999904632568,8.13397637188955,1.0339764672569824,1.0339764672569824,-0.014531470020543225,12
phase39,Iquique 2014 M7.7,43,49.0,7.699999809265137,9.083986127847012,1.3839863185818757,1.3839863185818757,-0.015011932508173231,11
phase39,Kodiak 2018 M7.9,43,49.0,7.900000095367432,7.853435469127885,-0.04656462623954649,0.04656462623954649,-0.01625830452239896,64
phase39,Luding 2022 M6.6,43,49.0,6.599999904632568,7.811422006050979,1.2114221014184103,1.2114221014184103,0.022382556889693817,6
phase39,Mandalay 2025 M7.7,43,49.0,7.699999809265137,8.082979191785395,0.38297938252025787,0.38297938252025787,-0.008437588934734563,12
phase39,Nepal 2015 M7.3,43,49.0,7.300000190734863,8.167240192942861,0.867240002207998,0.867240002207998,-0.06947101474300688,5
phase39,Samos 2020 M7.0,43,49.0,7.0,8.021973949949615,1.021973949949615,1.021973949949615,-0.035880792357108504,3
phase39,Sand 2025 M7.3,43,49.0,7.300000190734863,8.030171276753958,0.7301710860190944,0.7301710860190944,-0.01407646418529751,45
phase39,Xizang 2025 M7.1,43,49.0,7.099999904632568,7.855230707668628,0.7552308030360599,0.7552308030360599,-0.021842588085623227,12
phase47,Iquique 2014 M7.7,43,49.0,7.699999809265137,7.557071376490473,-0.1429284327746636,0.1429284327746636,0.028700782122312418,11
phase47,Kodiak 2018 M7.9,43,49.0,7.900000095367432,8.09020690679542,0.1902068114279878,0.1902068114279878,-0.002180175455398725,64
phase47,Luding 2022 M6.6,43,49.0,6.599999904632568,7.703863993153047,1.1038640885204787,1.1038640885204787,0.005427387200743539,6
phase47,Mandalay 2025 M7.7,43,49.0,7.699999809265137,8.005134725200392,0.30513491593525544,0.30513491593525544,-0.04433606153737735,12
phase47,Nepal 2015 M7.3,43,49.0,7.300000190734863,7.234294996568016,-0.06570519416684739,0.06570519416684739,-0.01664546772337161,5
phase47,Samos 2020 M7.0,43,49.0,7.0,6.940217269427877,-0.05978273057212302,0.05978273057212302,-0.010536404809379007,3
phase47,Sand 2025 M7.3,43,49.0,7.300000190734863,8.178755405000278,0.8787552142654143,0.8787552142654143,-0.02070103058977324,45
phase47,Xizang 2025 M7.1,43,49.0,7.099999904632568,8.134165291706323,1.0341653870737542,1.0341653870737542,-0.0019625321089744574,12
phase48,Iquique 2014 M7.7,43,49.0,7.699999809265137,7.73900703463446,0.039007225369322995,0.039007225369322995,-0.0022000635101644406,11
phase48,Kodiak 2018 M7.9,43,49.0,7.900000095367432,8.012075673654415,0.11207557828698356,0.11207557828698356,0.005875721236213494,64
phase48,Luding 2022 M6.6,43,49.0,6.599999904632568,7.504937146035154,0.9049372414025854,0.9049372414025854,0.004171032919964901,6
phase48,Mandalay 2025 M7.7,43,49.0,7.699999809265137,8.379807134126175,0.6798073248610379,0.6798073248610379,0.014089062868711366,12
phase48,Nepal 2015 M7.3,43,49.0,7.300000190734863,7.371733899061803,0.07173370832693937,0.07173370832693937,-0.018812377071580677,5
phase48,Samos 2020 M7.0,43,49.0,7.0,6.833697796427719,-0.16630220357228076,0.16630220357228076,-0.001920731776941409,3
phase48,Sand 2025 M7.3,43,49.0,7.300000190734863,8.310345032601475,1.0103448418666119,1.0103448418666119,0.01679014769713838,45
phase48,Xizang 2025 M7.1,43,49.0,7.099999904632568,8.129726979652297,1.0297270750197285,1.0297270750197285,-0.004249392237253957,12
phase39,Iquique 2014 M7.7,44,50.0,7.699999809265137,9.065235618298372,1.3652358090332353,1.3652358090332353,-0.018750509548640437,11
phase39,Kodiak 2018 M7.9,44,50.0,7.900000095367432,7.848657968022725,-0.051342127344706334,0.051342127344706334,-0.004777501105159843,64
phase39,Luding 2022 M6.6,44,50.0,6.599999904632568,7.811142630438377,1.211142725805809,1.211142725805809,-0.00027937561260138466,6
phase39,Mandalay 2025 M7.7,44,50.0,7.699999809265137,8.113694456339068,0.4136946470739318,0.4136946470739318,0.030715264553673904,12
phase39,Nepal 2015 M7.3,44,50.0,7.300000190734863,8.101661281484061,0.8016610907491977,0.8016610907491977,-0.06557891145880035,5
phase39,Samos 2020 M7.0,44,50.0,7.0,7.982373284230317,0.9823732842303166,0.9823732842303166,-0.039600665719298433,3
phase39,Sand 2025 M7.3,44,50.0,7.300000190734863,8.012282191355922,0.7122820006210588,0.7122820006210588,-0.017889085398035576,45
phase39,Xizang 2025 M7.1,44,50.0,7.099999904632568,7.837105326258606,0.7371054216260378,0.7371054216260378,-0.01812538141002218,12
phase47,Iquique 2014 M7.7,44,50.0,7.699999809265137,7.585892433235383,-0.11410737602975374,0.11410737602975374,0.028821056744909868,11
phase47,Kodiak 2018 M7.9,44,50.0,7.900000095367432,8.08401969170164,0.18401959633420795,0.18401959633420795,-0.006187215093779841,64
phase47,Luding 2022 M6.6,44,50.0,6.599999904632568,7.717960877311381,1.1179609726788122,1.1179609726788122,0.014096884158333545,6
phase47,Mandalay 2025 M7.7,44,50.0,7.699999809265137,7.982562135525882,0.28256232626074507,0.28256232626074507,-0.022572589674510368,12
phase47,Nepal 2015 M7.3,44,50.0,7.300000190734863,7.204180643087903,-0.09581954764696032,0.09581954764696032,-0.030114353480112932,5
phase47,Samos 2020 M7.0,44,50.0,7.0,6.928424799275955,-0.07157520072404466,0.07157520072404466,-0.011792470151921641,3
phase47,Sand 2025 M7.3,44,50.0,7.300000190734863,8.168277270562438,0.8682770798275747,0.8682770798275747,-0.010478134437839515,45
phase47,Xizang 2025 M7.1,44,50.0,7.099999904632568,8.091923754857984,0.9919238502254153,0.9919238502254153,-0.04224153684833887,12
phase48,Iquique 2014 M7.7,44,50.0,7.699999809265137,7.733890010335892,0.03389020107075513,0.03389020107075513,-0.005117024298567863,11
phase48,Kodiak 2018 M7.9,44,50.0,7.900000095367432,8.015772350479986,0.11577225511255484,0.11577225511255484,0.003696676825571288,64
phase48,Luding 2022 M6.6,44,50.0,6.599999904632568,7.511019947897027,0.9110200432644584,0.9110200432644584,0.006082801861873044,6
phase48,Mandalay 2025 M7.7,44,50.0,7.699999809265137,8.388626327312759,0.6886265180476219,0.6886265180476219,0.008819193186583973,12
phase48,Nepal 2015 M7.3,44,50.0,7.300000190734863,7.354673186020933,0.054672995286069614,0.054672995286069614,-0.017060713040869757,5
phase48,Samos 2020 M7.0,44,50.0,7.0,6.827125099302116,-0.17287490069788358,0.17287490069788358,-0.006572697125602822,3
phase48,Sand 2025 M7.3,44,50.0,7.300000190734863,8.316866841890647,1.0168666511557838,1.0168666511557838,0.006521809289171898,45
phase48,Xizang 2025 M7.1,44,50.0,7.099999904632568,8.117615314822057,1.0176154101894888,1.0176154101894888,-0.012111664830239732,12
phase39,Iquique 2014 M7.7,45,51.0,7.699999809265137,9.047380822034953,1.3473810127698158,1.3473810127698158,-0.01785479626341946,11
phase39,Kodiak 2018 M7.9,45,51.0,7.900000095367432,7.811051456607239,-0.08894863876019254,0.08894863876019254,-0.03760651141548621,64
phase39,Luding 2022 M6.6,45,51.0,6.599999904632568,7.765552393864294,1.1655524892317253,1.1655524892317253,-0.045590236574083676,6
phase39,Mandalay 2025 M7.7,45,51.0,7.699999809265137,8.092665959641618,0.3926661503764812,0.3926661503764812,-0.02102849669745055,12
phase39,Nepal 2015 M7.3,45,51.0,7.300000190734863,8.050913205453575,0.7509130147187122,0.7509130147187122,-0.05074807603048548,5
phase39,Samos 2020 M7.0,45,51.0,7.0,7.936058450092485,0.9360584500924851,0.9360584500924851,-0.04631483413783144,3
phase39,Sand 2025 M7.3,45,51.0,7.300000190734863,7.986470804894659,0.6864706141597958,0.6864706141597958,-0.02581138646126302,45
phase39,Xizang 2025 M7.1,45,51.0,7.099999904632568,7.791144020245533,0.691144115612965,0.691144115612965,-0.0459613060130728,12
phase47,Iquique 2014 M7.7,45,51.0,7.699999809265137,7.610987075821165,-0.08901273344397165,0.08901273344397165,0.02509464258578209,11
phase47,Kodiak 2018 M7.9,45,51.0,7.900000095367432,8.076117149461197,0.17611705409376555,0.17611705409376555,-0.0079025422404424,64
phase47,Luding 2022 M6.6,45,51.0,6.599999904632568,7.728733825233267,1.1287339206006983,1.1287339206006983,0.0107729479218861,6
phase47,Mandalay 2025 M7.7,45,51.0,7.699999809265137,7.97562439778603,0.275624588520893,0.275624588520893,-0.006937737739852068,12
phase47,Nepal 2015 M7.3,45,51.0,7.300000190734863,7.1931491410062645,-0.10685104972859882,0.10685104972859882,-0.0110315020816385,5
phase47,Samos 2020 M7.0,45,51.0,7.0,6.918600460975389,-0.08139953902461095,0.08139953902461095,-0.009824338300566282,3
phase47,Sand 2025 M7.3,45,51.0,7.300000190734863,8.126464346437457,0.8264641557025936,0.8264641557025936,-0.041812924124981166,45
phase47,Xizang 2025 M7.1,45,51.0,7.099999904632568,8.050034545541745,0.9500346409091769,0.9500346409091769,-0.04188920931623841,12
phase48,Iquique 2014 M7.7,45,51.0,7.699999809265137,7.731370651653332,0.03137084238819554,0.03137084238819554,-0.0025193586825595915,11
phase48,Kodiak 2018 M7.9,45,51.0,7.900000095367432,8.018738984226994,0.11873888885956241,0.11873888885956241,0.002966633747007563,64
phase48,Luding 2022 M6.6,45,51.0,6.599999904632568,7.516860965606911,0.9168610609743428,0.9168610609743428,0.005841017709884433,6
phase48,Mandalay 2025 M7.7,45,51.0,7.699999809265137,8.40184899692921,0.7018491876640738,0.7018491876640738,0.01322266961645191,12
phase48,Nepal 2015 M7.3,45,51.0,7.300000190734863,7.3456673300418025,0.04566713930693922,0.04566713930693922,-0.009005855979130395,5
phase48,Samos 2020 M7.0,45,51.0,7.0,6.817891843101043,-0.18210815689895732,0.18210815689895732,-0.009233256201073736,3
phase48,Sand 2025 M7.3,45,51.0,7.300000190734863,8.312145353554277,1.0121451628194134,1.0121451628194134,-0.004721488336370427,45
phase48,Xizang 2025 M7.1,45,51.0,7.099999904632568,8.10341853167056,1.0034186270379912,1.0034186270379912,-0.014196783151497527,12
phase39,Iquique 2014 M7.7,46,52.0,7.699999809265137,9.02501201916553,1.3250122099003931,1.3250122099003931,-0.022368802869422666,11
phase39,Kodiak 2018 M7.9,46,52.0,7.900000095367432,7.796782316878945,-0.1032177784884869,0.1032177784884869,-0.014269139728294356,64
phase39,Luding 2022 M6.6,46,52.0,6.599999904632568,7.747698094057203,1.1476981894246343,1.1476981894246343,-0.017854299807090968,6
phase39,Mandalay 2025 M7.7,46,52.0,7.699999809265137,8.104961450481186,0.4049616412160493,0.4049616412160493,0.012295490839568046,12
phase39,Nepal 2015 M7.3,46,52.0,7.300000190734863,8.030469538070431,0.7304693473355677,0.7304693473355677,-0.020443667383144515,5
phase39,Samos 2020 M7.0,46,52.0,7.0,7.874775954134801,0.874775954134801,0.874775954134801,-0.06128249595768409,3
phase39,Sand 2025 M7.3,46,52.0,7.300000190734863,7.994443923422832,0.6944437326879687,0.6944437326879687,0.00797311852817284,45
phase39,Xizang 2025 M7.1,46,52.0,7.099999904632568,7.794961521610398,0.6949616169778299,0.6949616169778299,0.003817501364864917,12
phase47,Iquique 2014 M7.7,46,52.0,7.699999809265137,7.613929417384018,-0.08607039188111898,0.08607039188111898,0.0029423415628526683,11
phase47,Kodiak 2018 M7.9,46,52.0,7.900000095367432,8.041354014727311,0.1413539193598794,0.1413539193598794,-0.03476313473388615,64
phase47,Luding 2022 M6.6,46,52.0,6.599999904632568,7.717536185019398,1.1175362803868296,1.1175362803868296,-0.01119764021386871,6
phase47,Mandalay 2025 M7.7,46,52.0,7.699999809265137,7.975994933579423,0.27599512431428597,0.27599512431428597,0.0003705357933929676,12
phase47,Nepal 2015 M7.3,46,52.0,7.300000190734863,7.191334461080386,-0.10866572965447752,0.10866572965447752,-0.0018146799258786928,5
phase47,Samos 2020 M7.0,46,52.0,7.0,6.910272748916105,-0.0897272510838949,0.0897272510838949,-0.008327712059283954,3
phase47,Sand 2025 M7.3,46,52.0,7.300000190734863,8.071058658751781,0.7710584680169177,0.7710584680169177,-0.055405687685675886,45
phase47,Xizang 2025 M7.1,46,52.0,7.099999904632568,8.057815611389636,0.9578157067570672,0.9578157067570672,0.007781065847890289,12
phase48,Iquique 2014 M7.7,46,52.0,7.699999809265137,7.730076342046962,0.030076532781825094,0.030076532781825094,-0.0012943096063704473,11
phase48,Kodiak 2018 M7.9,46,52.0,7.900000095367432,8.021982780395401,0.1219826850279695,0.1219826850279695,0.003243796168407087,64
phase48,Luding 2022 M6.6,46,52.0,6.599999904632568,7.513235005673678,0.9132351010411099,0.9132351010411099,-0.003625959933232892,6
phase48,Mandalay 2025 M7.7,46,52.0,7.699999809265137,8.409732810922112,0.709733001656975,0.709733001656975,0.007883813992901167,12
phase48,Nepal 2015 M7.3,46,52.0,7.300000190734863,7.344008430822445,0.04400824008758164,0.04400824008758164,-0.0016588992193575791,5
phase48,Samos 2020 M7.0,46,52.0,7.0,6.805827656463768,-0.19417234353623236,0.19417234353623236,-0.012064186637275043,3
phase48,Sand 2025 M7.3,46,52.0,7.300000190734863,8.291795513603182,0.9917953228683185,0.9917953228683185,-0.02034983995109485,45
phase48,Xizang 2025 M7.1,46,52.0,7.099999904632568,8.085085975668795,0.9850860710362266,0.9850860710362266,-0.018332556001764644,12
phase39,Iquique 2014 M7.7,47,53.0,7.699999809265137,8.997522903826681,1.2975230945615444,1.2975230945615444,-0.02748911533884879,11
phase39,Kodiak 2018 M7.9,47,53.0,7.900000095367432,7.770735619136541,-0.12926447623089032,0.12926447623089032,-0.026046697742403424,64
phase39,Luding 2022 M6.6,47,53.0,6.599999904632568,7.6869788592366035,1.0869789546040352,1.0869789546040352,-0.060719234820599155,6
phase39,Mandalay 2025 M7.7,47,53.0,7.699999809265137,8.105280660093133,0.4052808508279959,0.4052808508279959,0.000319209611946647,12
phase39,Nepal 2015 M7.3,47,53.0,7.300000190734863,7.9999353846756245,0.6999351939407612,0.6999351939407612,-0.030534153394806474,5
phase39,Samos 2020 M7.0,47,53.0,7.0,7.812788881030292,0.8127888810302917,0.8127888810302917,-0.06198707310450935,3
phase39,Sand 2025 M7.3,47,53.0,7.300000190734863,7.983440100356689,0.6834399096218258,0.6834399096218258,-0.011003823066142893,45
phase39,Xizang 2025 M7.1,47,53.0,7.099999904632568,7.757158387548072,0.6571584829155039,0.6571584829155039,-0.03780313406232594,12
phase47,Iquique 2014 M7.7,47,53.0,7.699999809265137,7.649551718286892,-0.050448090978244764,0.050448090978244764,0.035622300902874215,11
phase47,Kodiak 2018 M7.9,47,53.0,7.900000095367432,8.04687807725014,0.1468779818827084,0.1468779818827084,0.005524062522828999,64
phase47,Luding 2022 M6.6,47,53.0,6.599999904632568,7.692687283243021,1.092687378610453,1.092687378610453,-0.024848901776376664,6
phase47,Mandalay 2025 M7.7,47,53.0,7.699999809265137,7.985782741774393,0.2857829325092567,0.2857829325092567,0.009787808194970715,12
phase47,Nepal 2015 M7.3,47,53.0,7.300000190734863,7.19260802396632,-0.10739216676854291,0.10739216676854291,0.0012735628859346093,5
phase47,Samos 2020 M7.0,47,53.0,7.0,6.909840923680442,-0.09015907631955766,0.09015907631955766,-0.0004318252356627639,3
phase47,Sand 2025 M7.3,47,53.0,7.300000190734863,8.05407639570494,0.754076204970076,0.754076204970076,-0.016982263046841695,45
phase47,Xizang 2025 M7.1,47,53.0,7.099999904632568,8.07296338881903,0.9729634841864616,0.9729634841864616,0.015147777429394438,12
phase48,Iquique 2014 M7.7,47,53.0,7.699999809265137,7.729927150980722,0.02992734171558542,0.02992734171558542,-0.00014919106623967338,11
phase48,Kodiak 2018 M7.9,47,53.0,7.900000095367432,8.024835051676813,0.1248349563093818,0.1248349563093818,0.0028522712814122997,64
phase48,Luding 2022 M6.6,47,53.0,6.599999904632568,7.502127932013818,0.9021280273812495,0.9021280273812495,-0.011107073659860411,6
phase48,Mandalay 2025 M7.7,47,53.0,7.699999809265137,8.413586233146564,0.7135864238814271,0.7135864238814271,0.0038534222244521743,12
phase48,Nepal 2015 M7.3,47,53.0,7.300000190734863,7.339603777392041,0.03960358665717756,0.03960358665717756,-0.004404653430404082,5
phase48,Samos 2020 M7.0,47,53.0,7.0,6.793175981716342,-0.20682401828365826,0.20682401828365826,-0.0126516747474259,3
phase48,Sand 2025 M7.3,47,53.0,7.300000190734863,8.291988713813117,0.9919885230782537,0.9919885230782537,0.00019320020993518483,45
phase48,Xizang 2025 M7.1,47,53.0,7.099999904632568,8.068459883752986,0.9684599791204178,0.9684599791204178,-0.01662609191580877,12
phase39,Iquique 2014 M7.7,48,54.0,7.699999809265137,8.96838923416107,1.2683894248959326,1.2683894248959326,-0.029133669665611706,11
phase39,Kodiak 2018 M7.9,48,54.0,7.900000095367432,7.745182131265563,-0.154817964101869,0.154817964101869,-0.025553487870978664,64
phase39,Luding 2022 M6.6,48,54.0,6.599999904632568,7.625707453332527,1.025707548699959,1.025707548699959,-0.061271405904076204,6
phase39,Mandalay 2025 M7.7,48,54.0,7.699999809265137,8.11278221151364,0.41278240224850293,0.41278240224850293,0.007501551420507013,12
phase39,Nepal 2015 M7.3,48,54.0,7.300000190734863,7.959947047074584,0.6599468563397206,0.6599468563397206,-0.03998833760104059,5
phase39,Samos 2020 M7.0,48,54.0,7.0,7.767356501119549,0.7673565011195489,0.7673565011195489,-0.04543237991074278,3
phase39,Sand 2025 M7.3,48,54.0,7.300000190734863,7.960915662321548,0.6609154715866845,0.6609154715866845,-0.02252443803514126,45
phase39,Xizang 2025 M7.1,48,54.0,7.099999904632568,7.730337536457201,0.6303376318246325,0.6303376318246325,-0.0268208510908714,12
phase47,Iquique 2014 M7.7,48,54.0,7.699999809265137,7.637815718434899,-0.06218409083023779,0.06218409083023779,-0.011735999851993029,11
phase47,Kodiak 2018 M7.9,48,54.0,7.900000095367432,8.04639594921851,0.14639585385107878,0.14639585385107878,-0.00048212803162961393,64
phase47,Luding 2022 M6.6,48,54.0,6.599999904632568,7.664765309172138,1.0647654045395694,1.0647654045395694,-0.027921974070883593,6
phase47,Mandalay 2025 M7.7,48,54.0,7.699999809265137,8.004993276001791,0.3049934667366543,0.3049934667366543,0.019210534227397602,12
phase47,Nepal 2015 M7.3,48,54.0,7.300000190734863,7.192356117129187,-0.10764407360567585,0.10764407360567585,-0.0002519068371329425,5
phase47,Samos 2020 M7.0,48,54.0,7.0,6.919731405043676,-0.08026859495632443,0.08026859495632443,0.009890481363233228,3
phase47,Sand 2025 M7.3,48,54.0,7.300000190734863,7.9995897407943,0.6995895500594367,0.6995895500594367,-0.05448665491063931,45
phase47,Xizang 2025 M7.1,48,54.0,7.099999904632568,8.06603891567516,0.9660390110425912,0.9660390110425912,-0.006924473143870458,12
phase48,Iquique 2014 M7.7,48,54.0,7.699999809265137,7.730154753028419,0.030154943763282205,0.030154943763282205,0.00022760204769678438,11
phase48,Kodiak 2018 M7.9,48,54.0,7.900000095367432,8.024486673904919,0.12448657853748735,0.12448657853748735,-0.0003483777718944481,64
phase48,Luding 2022 M6.6,48,54.0,6.599999904632568,7.482570055543514,0.8825701509109454,0.8825701509109454,-0.01955787647030416,6
phase48,Mandalay 2025 M7.7,48,54.0,7.699999809265137,8.408882823457441,0.7088830141923044,0.7088830141923044,-0.004703409689122751,12
phase48,Nepal 2015 M7.3,48,54.0,7.300000190734863,7.333696001737868,0.033695811003005005,0.033695811003005005,-0.0059077756541725535,5
phase48,Samos 2020 M7.0,48,54.0,7.0,6.782701165534851,-0.21729883446514897,0.21729883446514897,-0.01047481618149071,3
phase48,Sand 2025 M7.3,48,54.0,7.300000190734863,8.294618402574214,0.9946182118393505,0.9946182118393505,0.0026296887610968156,45
phase48,Xizang 2025 M7.1,48,54.0,7.099999904632568,8.054231014260488,0.9542311096279192,0.9542311096279192,-0.014228869492498575,12
phase39,Iquique 2014 M7.7,49,55.0,7.699999809265137,8.956378139482112,1.2563783302169753,1.2563783302169753,-0.012011094678957335,11
phase39,Kodiak 2018 M7.9,49,55.0,7.900000095367432,7.687184330324574,-0.21281576504285749,0.21281576504285749,-0.0579978009409885,64
phase39,Luding 2022 M6.6,49,55.0,6.599999904632568,7.531049493090062,0.9310495884574941,0.9310495884574941,-0.09465796024246487,6
phase39,Mandalay 2025 M7.7,49,55.0,7.699999809265137,8.065293422698748,0.3652936134336109,0.3652936134336109,-0.04748878881489205,12
phase39,Nepal 2015 M7.3,49,55.0,7.300000190734863,7.903651274977447,0.6036510842425837,0.6036510842425837,-0.056295772097136876,5
phase39,Samos 2020 M7.0,49,55.0,7.0,7.723245148362675,0.7232451483626754,0.7232451483626754,-0.0441113527568735,3
phase39,Sand 2025 M7.3,49,55.0,7.300000190734863,7.862622334551535,0.5626221438166716,0.5626221438166716,-0.09829332777001287,45
phase39,Xizang 2025 M7.1,49,55.0,7.099999904632568,7.6430237494924365,0.5430238448598681,0.5430238448598681,-0.08731378696476444,12
phase47,Iquique 2014 M7.7,49,55.0,7.699999809265137,7.793713472130296,0.09371366286515936,0.09371366286515936,0.15589775369539716,11
phase47,Kodiak 2018 M7.9,49,55.0,7.900000095367432,8.065348649551286,0.1653485541838542,0.1653485541838542,0.018952700332775407,64
phase47,Luding 2022 M6.6,49,55.0,6.599999904632568,7.6766172677586635,1.0766173631260951,1.0766173631260951,0.011851958586525768,6
phase47,Mandalay 2025 M7.7,49,55.0,7.699999809265137,7.98791926315857,0.28791945389343354,0.28791945389343354,-0.017074012843220743,12
phase47,Nepal 2015 M7.3,49,55.0,7.300000190734863,7.1881890240888175,-0.11181116664604573,0.11181116664604573,-0.004167093040369885,5
phase47,Samos 2020 M7.0,49,55.0,7.0,6.940469008193174,-0.05953099180682564,0.05953099180682564,0.020737603149498796,3
phase47,Sand 2025 M7.3,49,55.0,7.300000190734863,7.9621305082857186,0.6621303175508553,0.6621303175508553,-0.03745923250858141,45
phase47,Xizang 2025 M7.1,49,55.0,7.099999904632568,8.047646189844029,0.9476462852114604,0.9476462852114604,-0.01839272583113072,12
phase48,Iquique 2014 M7.7,49,55.0,7.699999809265137,7.753830134172066,0.053830324906929405,0.053830324906929405,0.0236753811436472,11
phase48,Kodiak 2018 M7.9,49,55.0,7.900000095367432,8.030639618569577,0.1306395232021451,0.1306395232021451,0.006152944664657767,64
phase48,Luding 2022 M6.6,49,55.0,6.599999904632568,7.464420850247192,0.8644209456146239,0.8644209456146239,-0.01814920529632147,6
phase48,Mandalay 2025 M7.7,49,55.0,7.699999809265137,8.409120343782625,0.7091205345174885,0.7091205345174885,0.00023752032518409294,12
phase48,Nepal 2015 M7.3,49,55.0,7.300000190734863,7.326078411489304,0.02607822075444055,0.02607822075444055,-0.007617590248564454,5
phase48,Samos 2020 M7.0,49,55.0,7.0,6.7837262022843525,-0.21627379771564748,0.21627379771564748,0.0010250367495014956,3
phase48,Sand 2025 M7.3,49,55.0,7.300000190734863,8.305727177714637,1.0057269869797736,1.0057269869797736,0.011108775140423077,45
phase48,Xizang 2025 M7.1,49,55.0,7.099999904632568,8.04857677519239,0.9485768705598208,0.9485768705598208,-0.005654239068098477,12
phase39,Iquique 2014 M7.7,50,56.0,7.699999809265137,8.954581151467,1.2545813422018632,1.2545813422018632,-0.0017969880151120776,11
phase39,Kodiak 2018 M7.9,50,56.0,7.900000095367432,7.726152612835776,-0.17384748253165583,0.17384748253165583,0.03896828251120166,64
phase39,Luding 2022 M6.6,50,56.0,6.599999904632568,7.543315201317658,0.94331529668509,0.94331529668509,0.012265708227595873,6
phase39,Mandalay 2025 M7.7,50,56.0,7.699999809265137,8.107293503865794,0.4072936946006571,0.4072936946006571,0.04200008116704623,12
phase39,Nepal 2015 M7.3,50,56.0,7.300000190734863,7.919746539342712,0.6197463486078485,0.6197463486078485,0.01609526436526476,5
phase39,Samos 2020 M7.0,50,56.0,7.0,7.696363489285447,0.6963634892854467,0.6963634892854467,-0.026881659077228726,3
phase39,Sand 2025 M7.3,50,56.0,7.300000190734863,7.903089023472381,0.6030888327375177,0.6030888327375177,0.04046668892084604,45
phase39,Xizang 2025 M7.1,50,56.0,7.099999904632568,7.733632136278366,0.6336322316457981,0.6336322316457981,0.09060838678592997,12
phase47,Iquique 2014 M7.7,50,56.0,7.699999809265137,7.765939518566205,0.06593970930106785,0.06593970930106785,-0.027773953564091514,11
phase47,Kodiak 2018 M7.9,50,56.0,7.900000095367432,8.025656804074524,0.12565670870709233,0.12565670870709233,-0.039691845476761856,64
phase47,Luding 2022 M6.6,50,56.0,6.599999904632568,7.667510910669169,1.0675110060366002,1.0675110060366002,-0.00910635708949492,6
phase47,Mandalay 2025 M7.7,50,56.0,7.699999809265137,7.964308509042619,0.26430869977748195,0.26430869977748195,-0.023610754115951593,12
phase47,Nepal 2015 M7.3,50,56.0,7.300000190734863,7.184699952518688,-0.11530023821617519,0.11530023821617519,-0.003489071570129454,5
phase47,Samos 2020 M7.0,50,56.0,7.0,6.920173233807665,-0.07982676619233509,0.07982676619233509,-0.020295774385509446,3
phase47,Sand 2025 M7.3,50,56.0,7.300000190734863,7.913856432510263,0.6138562417753999,0.6138562417753999,-0.048274075775455394,45
phase47,Xizang 2025 M7.1,50,56.0,7.099999904632568,7.9820584136688835,0.8820585090363151,0.8820585090363151,-0.06558777617514533,12
phase48,Iquique 2014 M7.7,50,56.0,7.699999809265137,7.74081494709283,0.040815137827693526,0.040815137827693526,-0.01301518707923588,11
phase48,Kodiak 2018 M7.9,50,56.0,7.900000095367432,8.010755279646673,0.1107551842792418,0.1107551842792418,-0.01988433892290331,64
phase48,Luding 2022 M6.6,50,56.0,6.599999904632568,7.479492980212136,0.8794930755795676,0.8794930755795676,0.01507212996494367,6
phase48,Mandalay 2025 M7.7,50,56.0,7.699999809265137,8.39230535851523,0.6923055492500936,0.6923055492500936,-0.01681498526739489,12
phase48,Nepal 2015 M7.3,50,56.0,7.300000190734863,7.314937714791979,0.014937524057115681,0.014937524057115681,-0.01114069669732487,5
phase48,Samos 2020 M7.0,50,56.0,7.0,6.787188669970382,-0.21281133002961816,0.21281133002961816,0.0034624676860293135,3
phase48,Sand 2025 M7.3,50,56.0,7.300000190734863,8.296496094222391,0.9964959034875278,0.9964959034875278,-0.009231083492245773,45
phase48,Xizang 2025 M7.1,50,56.0,7.099999904632568,8.042376799966563,0.9423768953339948,0.9423768953339948,-0.006199975225825938,12
phase39,Iquique 2014 M7.7,51,57.0,7.699999809265137,8.956802269416624,1.256802460151487,1.256802460151487,0.002221117949623874,11
phase39,Kodiak 2018 M7.9,51,57.0,7.900000095367432,7.7317213643662015,-0.16827873100123014,0.16827873100123014,0.005568751530425686,64
phase39,Luding 2022 M6.6,51,57.0,6.599999904632568,7.543763069510781,0.943763164878213,0.943763164878213,0.0004478681931230355,6
phase39,Mandalay 2025 M7.7,51,57.0,7.699999809265137,8.106022848405146,0.4060230391400097,0.4060230391400097,-0.0012706554606474185,12
phase39,Nepal 2015 M7.3,51,57.0,7.300000190734863,7.889196981397209,0.5891967906623456,0.5891967906623456,-0.030549557945502848,5
phase39,Samos 2020 M7.0,51,57.0,7.0,7.6796341794843395,0.6796341794843395,0.6796341794843395,-0.016729309801107206,3
phase39,Sand 2025 M7.3,51,57.0,7.300000190734863,7.920604744726514,0.6206045539916509,0.6206045539916509,0.017515721254133254,45
phase39,Xizang 2025 M7.1,51,57.0,7.099999904632568,7.731660092290708,0.6316601876581398,0.6316601876581398,-0.0019720439876582674,12
phase47,Iquique 2014 M7.7,51,57.0,7.699999809265137,7.722092091135945,0.02209228187080825,0.02209228187080825,-0.0438474274302596,11
phase47,Kodiak 2018 M7.9,51,57.0,7.900000095367432,7.989321469994309,0.08932137462687706,0.08932137462687706,-0.036335334080215276,64
phase47,Luding 2022 M6.6,51,57.0,6.599999904632568,7.652822096324975,1.0528221916924068,1.0528221916924068,-0.014688814344193446,6
phase47,Mandalay 2025 M7.7,51,57.0,7.699999809265137,7.936257796448133,0.23625798718299595,0.23625798718299595,-0.028050712594485994,12
phase47,Nepal 2015 M7.3,51,57.0,7.300000190734863,7.175178385266606,-0.12482180546825727,0.12482180546825727,-0.009521567252082086,5
phase47,Samos 2020 M7.0,51,57.0,7.0,6.892946981152852,-0.10705301884714835,0.10705301884714835,-0.027226252654813266,3
phase47,Sand 2025 M7.3,51,57.0,7.300000190734863,7.937711849499262,0.637711658764399,0.637711658764399,0.023855416988999067,45
phase47,Xizang 2025 M7.1,51,57.0,7.099999904632568,7.910810377242532,0.8108104726099636,0.8108104726099636,-0.07124803642635147,12
phase48,Iquique 2014 M7.7,51,57.0,7.699999809265137,7.756064481125564,0.05606467186042696,0.05606467186042696,0.015249534032733436,11
phase48,Kodiak 2018 M7.9,51,57.0,7.900000095367432,7.996799222409544,0.09679912704211269,0.09679912704211269,-0.013956057237129116,64
phase48,Luding 2022 M6.6,51,57.0,6.599999904632568,7.486965233029315,0.8869653283967462,0.8869653283967462,0.007472252817178671,6
phase48,Mandalay 2025 M7.7,51,57.0,7.699999809265137,8.371800936091953,0.671801126826816,0.671801126826816,-0.020504422423277546,12
phase48,Nepal 2015 M7.3,51,57.0,7.300000190734863,7.301734876799383,0.0017346860645197637,0.0017346860645197637,-0.013202837992595917,5
phase48,Samos 2020 M7.0,51,57.0,7.0,6.791417696641376,-0.20858230335862427,0.20858230335862427,0.004229026670993896,3
phase48,Sand 2025 M7.3,51,57.0,7.300000190734863,8.277398694401935,0.9773985036670716,0.9773985036670716,-0.019097399820456218,45
phase48,Xizang 2025 M7.1,51,57.0,7.099999904632568,8.024514186143051,0.9245142815104828,0.9245142815104828,-0.017862613823512064,12
phase39,Iquique 2014 M7.7,52,58.0,7.699999809265137,8.998713498382493,1.2987136891173563,1.2987136891173563,0.041911228965869185,11
phase39,Kodiak 2018 M7.9,52,58.0,7.900000095367432,7.731243738665508,-0.16875635670192324,0.16875635670192324,-0.0004776257006930962,64
phase39,Luding 2022 M6.6,52,58.0,6.599999904632568,7.523442495574479,0.9234425909419111,0.9234425909419111,-0.020320573936301933,6
phase39,Mandalay 2025 M7.7,52,58.0,7.699999809265137,8.094696564985348,0.39469675572021146,0.39469675572021146,-0.011326283419798244,12
phase39,Nepal 2015 M7.3,52,58.0,7.300000190734863,7.8685986247940995,0.5685984340592363,0.5685984340592363,-0.02059835660310938,5
phase39,Samos 2020 M7.0,52,58.0,7.0,7.656361879272361,0.6563618792723611,0.6563618792723611,-0.023272300211978347,3
phase39,Sand 2025 M7.3,52,58.0,7.300000190734863,7.937236945273446,0.6372367545385824,0.6372367545385824,0.016632200546931486,45
phase39,Xizang 2025 M7.1,52,58.0,7.099999904632568,7.722682974821042,0.622683070188474,0.622683070188474,-0.008977117469665785,12
phase47,Iquique 2014 M7.7,52,58.0,7.699999809265137,7.668144362723293,-0.03185544654184369,0.03185544654184369,-0.05394772841265194,11
phase47,Kodiak 2018 M7.9,52,58.0,7.900000095367432,7.947294785160642,0.047294689793210054,0.047294689793210054,-0.042026684833667005,64
phase47,Luding 2022 M6.6,52,58.0,6.599999904632568,7.618048486343335,1.018048581710767,1.018048581710767,-0.03477360998163981,6
phase47,Mandalay 2025 M7.7,52,58.0,7.699999809265137,7.901380937330643,0.20138112806550623,0.20138112806550623,-0.03487685911748972,12
phase47,Nepal 2015 M7.3,52,58.0,7.300000190734863,7.175732870753675,-0.1242673199811879,0.1242673199811879,0.0005544854870693783,5
phase47,Samos 2020 M7.0,52,58.0,7.0,6.873399008678621,-0.1266009913213786,0.1266009913213786,-0.019547972474230235,3
phase47,Sand 2025 M7.3,52,58.0,7.300000190734863,7.909348059182609,0.6093478684477454,0.6093478684477454,-0.028363790316653592,45
phase47,Xizang 2025 M7.1,52,58.0,7.099999904632568,7.87585833168468,0.7758584270521114,0.7758584270521114,-0.03495204555785225,12
phase48,Iquique 2014 M7.7,52,58.0,7.699999809265137,7.751075514472867,0.051075705207730415,0.051075705207730415,-0.004988966652696547,11
phase48,Kodiak 2018 M7.9,52,58.0,7.900000095367432,7.980725374406969,0.08072527903953741,0.08072527903953741,-0.016073848002575275,64
phase48,Luding 2022 M6.6,52,58.0,6.599999904632568,7.482085210925861,0.882085306293293,0.882085306293293,-0.004880022103453285,6
phase48,Mandalay 2025 M7.7,52,58.0,7.699999809265137,8.354443674715204,0.6544438654500677,0.6544438654500677,-0.017357261376748312,12
phase48,Nepal 2015 M7.3,52,58.0,7.300000190734863,7.290255131651701,-0.009745059083162033,0.009745059083162033,-0.011479745147681797,5
phase48,Samos 2020 M7.0,52,58.0,7.0,6.789549963952648,-0.21045003604735157,0.21045003604735157,-0.0018677326887273082,3
phase48,Sand 2025 M7.3,52,58.0,7.300000190734863,8.265105937963034,0.9651057472281703,0.9651057472281703,-0.012292756438901264,45
phase48,Xizang 2025 M7.1,52,58.0,7.099999904632568,7.997818692643325,0.8978187880107562,0.8978187880107562,-0.026695493499726552,12
phase39,Iquique 2014 M7.7,53,59.0,7.699999809265137,9.01848018768641,1.318480378421274,1.318480378421274,0.019766689303917673,11
phase39,Kodiak 2018 M7.9,53,59.0,7.900000095367432,7.695915652996008,-0.20408444237142387,0.20408444237142387,-0.03532808566950063,64
phase39,Luding 2022 M6.6,53,59.0,6.599999904632568,7.482676067475077,0.8826761628425084,0.8826761628425084,-0.040766428099402674,6
phase39,Mandalay 2025 M7.7,53,59.0,7.699999809265137,8.04607119311937,0.34607138385423397,0.34607138385423397,-0.048625371865977485,12
phase39,Nepal 2015 M7.3,53,59.0,7.300000190734863,7.866350005525089,0.5663498147902253,0.5663498147902253,-0.0022486192690109874,5
phase39,Samos 2020 M7.0,53,59.0,7.0,7.60683978411607,0.6068397841160698,0.6068397841160698,-0.04952209515629136,3
phase39,Sand 2025 M7.3,53,59.0,7.300000190734863,7.951705504789832,0.6517053140549685,0.6517053140549685,0.014468559516386037,45
phase39,Xizang 2025 M7.1,53,59.0,7.099999904632568,7.695135940837295,0.5951360362047264,0.5951360362047264,-0.027547033983747582,12
phase47,Iquique 2014 M7.7,53,59.0,7.699999809265137,7.616456343156591,-0.08354346610854613,0.08354346610854613,-0.05168801956670244,11
phase47,Kodiak 2018 M7.9,53,59.0,7.900000095367432,7.896329084466342,-0.0036710109010895664,0.0036710109010895664,-0.05096570069429962,64
phase47,Luding 2022 M6.6,53,59.0,6.599999904632568,7.579742786618265,0.9797428819856968,0.9797428819856968,-0.03830569972507014,6
phase47,Mandalay 2025 M7.7,53,59.0,7.699999809265137,7.86353517821655,0.16353536895141296,0.16353536895141296,-0.03784575911409327,12
phase47,Nepal 2015 M7.3,53,59.0,7.300000190734863,7.175627949543038,-0.12437224119182488,0.12437224119182488,-0.0001049212106369879,5
phase47,Samos 2020 M7.0,53,59.0,7.0,6.8602889332953065,-0.13971106670469347,0.13971106670469347,-0.013110075383314879,3
phase47,Sand 2025 M7.3,53,59.0,7.300000190734863,7.880133790759386,0.5801336000245225,0.5801336000245225,-0.029214268423222833,45
phase47,Xizang 2025 M7.1,53,59.0,7.099999904632568,7.867049083321923,0.767049178689355,0.767049178689355,-0.008809248362756428,12
phase48,Iquique 2014 M7.7,53,59.0,7.699999809265137,7.734977952442666,0.03497814317752912,0.03497814317752912,-0.016097562030201296,11
phase48,Kodiak 2018 M7.9,53,59.0,7.900000095367432,7.96880423436171,0.0688041389942784,0.0688041389942784,-0.011921140045259015,64
phase48,Luding 2022 M6.6,53,59.0,6.599999904632568,7.469375469186145,0.869375564553577,0.869375564553577,-0.012709741739715952,6
phase48,Mandalay 2025 M7.7,53,59.0,7.699999809265137,8.319353013106534,0.6193532038413974,0.6193532038413974,-0.03509066160867036,12
phase48,Nepal 2015 M7.3,53,59.0,7.300000190734863,7.279576965823157,-0.020423224911706228,0.020423224911706228,-0.010678165828544195,5
phase48,Samos 2020 M7.0,53,59.0,7.0,6.783720613545364,-0.2162793864546364,0.2162793864546364,-0.005829350407284828,3
phase48,Sand 2025 M7.3,53,59.0,7.300000190734863,8.250926830440923,0.9509266397060596,0.9509266397060596,-0.014179107522110712,45
phase48,Xizang 2025 M7.1,53,59.0,7.099999904632568,7.968196308272857,0.8681964036402885,0.8681964036402885,-0.029622384370467714,12
phase39,Iquique 2014 M7.7,54,60.0,7.699999809265137,9.00924566148166,1.3092458522165238,1.3092458522165238,-0.009234526204750182,11
phase39,Kodiak 2018 M7.9,54,60.0,7.900000095367432,7.635019185418832,-0.2649809099485996,0.2649809099485996,-0.060896467577175706,64
phase39,Luding 2022 M6.6,54,60.0,6.599999904632568,7.412309269029533,0.812309364396965,0.812309364396965,-0.07036679844554339,6
phase39,Mandalay 2025 M7.7,54,60.0,7.699999809265137,7.959779203233106,0.25977939396796934,0.25977939396796934,-0.08629198988626463,12
phase39,Nepal 2015 M7.3,54,60.0,7.300000190734863,7.858394472049583,0.5583942813147198,0.5583942813147198,-0.007955533475505483,5
phase39,Samos 2020 M7.0,54,60.0,7.0,7.549527790200846,0.5495277902008464,0.5495277902008464,-0.05731199391522335,3
phase39,Sand 2025 M7.3,54,60.0,7.300000190734863,7.899197992121895,0.5991978013870316,0.5991978013870316,-0.05250751266793685,45
phase39,Xizang 2025 M7.1,54,60.0,7.099999904632568,7.677786403870219,0.5777864992376509,0.5777864992376509,-0.01734953696707553,12
phase47,Iquique 2014 M7.7,54,60.0,7.699999809265137,7.627142057556631,-0.07285775170850606,0.07285775170850606,0.01068571440004007,11
phase47,Kodiak 2018 M7.9,54,60.0,7.900000095367432,7.8922973017168125,-0.0077027936506191,0.0077027936506191,-0.004031782749529533,64
phase47,Luding 2022 M6.6,54,60.0,6.599999904632568,7.525315613831628,0.9253157091990598,0.9253157091990598,-0.054427172786637,6
phase47,Mandalay 2025 M7.7,54,60.0,7.699999809265137,7.827470488864694,0.1274706795995577,0.1274706795995577,-0.03606468935185525,12
phase47,Nepal 2015 M7.3,54,60.0,7.300000190734863,7.170254693514793,-0.12974549722007023,0.12974549722007023,-0.005373256028245343,5
phase47,Samos 2020 M7.0,54,60.0,7.0,6.843707691725795,-0.15629230827420493,0.15629230827420493,-0.016581241569511462,3
phase47,Sand 2025 M7.3,54,60.0,7.300000190734863,7.887122809037174,0.5871226183023106,0.5871226183023106,0.006989018277788084,45
phase47,Xizang 2025 M7.1,54,60.0,7.099999904632568,7.873454402008171,0.773454497375603,0.773454497375603,0.0064053186862480516,12
phase48,Iquique 2014 M7.7,54,60.0,7.699999809265137,7.7254563807075325,0.02545657144239577,0.02545657144239577,-0.00952157173513335,11
phase48,Kodiak 2018 M7.9,54,60.0,7.900000095367432,7.9638789022170515,0.06387880684961988,0.06387880684961988,-0.004925332144658512,64
phase48,Luding 2022 M6.6,54,60.0,6.599999904632568,7.4562074573396675,0.8562075527070991,0.8562075527070991,-0.013168011846477867,6
phase48,Mandalay 2025 M7.7,54,60.0,7.699999809265137,8.297707141563983,0.597707332298846,0.597707332298846,-0.021645871542551376,12
phase48,Nepal 2015 M7.3,54,60.0,7.300000190734863,7.269125471426123,-0.030874719308740417,0.030874719308740417,-0.010451494397034189,5
phase48,Samos 2020 M7.0,54,60.0,7.0,6.773568405899781,-0.22643159410021862,0.22643159410021862,-0.010152207645582223,3
phase48,Sand 2025 M7.3,54,60.0,7.300000190734863,8.236304725922025,0.936304535187162,0.936304535187162,-0.014622104518897672,45
phase48,Xizang 2025 M7.1,54,60.0,7.099999904632568,7.947239518284332,0.8472396136517633,0.8472396136517633,-0.020956789988525237,12
phase39,Iquique 2014 M7.7,55,61.0,7.699999809265137,8.992768121030243,1.2927683117651068,1.2927683117651068,-0.016477540451417028,11
phase39,Kodiak 2018 M7.9,55,61.0,7.900000095367432,7.585007773481285,-0.31499232188614634,0.31499232188614634,-0.05001141193754677,64
phase39,Luding 2022 M6.6,55,61.0,6.599999904632568,7.345556332603469,0.745556427970901,0.745556427970901,-0.06675293642606395,6
phase39,Mandalay 2025 M7.7,55,61.0,7.699999809265137,7.871515589625369,0.17151578036023185,0.17151578036023185,-0.08826361360773749,12
phase39,Nepal 2015 M7.3,55,61.0,7.300000190734863,7.861724488769317,0.5617242980344539,0.5617242980344539,0.003330016719734097,5
phase39,Samos 2020 M7.0,55,61.0,7.0,7.491074984188239,0.4910749841882387,0.4910749841882387,-0.058452806012607716,3
phase39,Sand 2025 M7.3,55,61.0,7.300000190734863,7.866461454831223,0.5664612640963593,0.5664612640963593,-0.032736537290672274,45
phase39,Xizang 2025 M7.1,55,61.0,7.099999904632568,7.642923829262497,0.5429239246299282,0.5429239246299282,-0.034862574607722685,12
phase47,Iquique 2014 M7.7,55,61.0,7.699999809265137,7.637057991882529,-0.06294181738260729,0.06294181738260729,0.009915934325898768,11
phase47,Kodiak 2018 M7.9,55,61.0,7.900000095367432,7.892524784772633,-0.0074753105947982235,0.0074753105947982235,0.00022748305582087625,64
phase47,Luding 2022 M6.6,55,61.0,6.599999904632568,7.484732071258549,0.8847321666259802,0.8847321666259802,-0.04058354257307961,6
phase47,Mandalay 2025 M7.7,55,61.0,7.699999809265137,7.7985190949493886,0.09851928568425183,0.09851928568425183,-0.02895139391530588,12
phase47,Nepal 2015 M7.3,55,61.0,7.300000190734863,7.161770142490597,-0.13823004824426643,0.13823004824426643,-0.008484551024196207,5
phase47,Samos 2020 M7.0,55,61.0,7.0,6.82595554916394,-0.17404445083606035,0.17404445083606035,-0.017752142561855422,3
phase47,Sand 2025 M7.3,55,61.0,7.300000190734863,7.883479268863585,0.5834790781287218,0.5834790781287218,-0.0036435401735888107,45
phase47,Xizang 2025 M7.1,55,61.0,7.099999904632568,7.884910056871732,0.7849101522391635,0.7849101522391635,0.011455654863560483,12
phase48,Iquique 2014 M7.7,55,61.0,7.699999809265137,7.722808824414579,0.022809015149442224,0.022809015149442224,-0.0026475562929535457,11
phase48,Kodiak 2018 M7.9,55,61.0,7.900000095367432,7.959257901421369,0.059257806053937045,0.059257806053937045,-0.004621000795682839,64
phase48,Luding 2022 M6.6,55,61.0,6.599999904632568,7.446215876233993,0.846215971601425,0.846215971601425,-0.009991581105674108,6
phase48,Mandalay 2025 M7.7,55,61.0,7.699999809265137,8.293530564801587,0.5935307555364506,0.5935307555364506,-0.0041765767623953565,12
phase48,Nepal 2015 M7.3,55,61.0,7.300000190734863,7.260073259108989,-0.03992693162587457,0.03992693162587457,-0.009052212317134156,5
phase48,Samos 2020 M7.0,55,61.0,7.0,6.760991800716033,-0.23900819928396722,0.23900819928396722,-0.01257660518374859,3
phase48,Sand 2025 M7.3,55,61.0,7.300000190734863,8.250734697130516,0.9507345063956532,0.9507345063956532,0.01442997120849121,45
phase48,Xizang 2025 M7.1,55,61.0,7.099999904632568,7.941237959554041,0.8412380549214724,0.8412380549214724,-0.006001558730290846,12
phase39,Iquique 2014 M7.7,56,62.0,7.699999809265137,8.974081677608996,1.2740818683438597,1.2740818683438597,-0.018686443421247034,11
phase39,Kodiak 2018 M7.9,56,62.0,7.900000095367432,7.550546632258611,-0.3494534631088211,0.3494534631088211,-0.03446114122267474,64
phase39,Luding 2022 M6.6,56,62.0,6.599999904632568,7.299920851332898,0.6999209467003293,0.6999209467003293,-0.04563548127057171,6
phase39,Mandalay 2025 M7.7,56,62.0,7.699999809265137,7.7828665285131935,0.08286671924805677,0.08286671924805677,-0.08864906111217508,12
phase39,Nepal 2015 M7.3,56,62.0,7.300000190734863,7.868205502265703,0.5682053115308401,0.5682053115308401,0.00648101349638619,5
phase39,Samos 2020 M7.0,56,62.0,7.0,7.447055286850567,0.44705528685056706,0.44705528685056706,-0.04401969733767164,3
phase39,Sand 2025 M7.3,56,62.0,7.300000190734863,7.855084330800488,0.5550841400656248,0.5550841400656248,-0.011377124030734542,45
phase39,Xizang 2025 M7.1,56,62.0,7.099999904632568,7.623666291864518,0.52366638723195,0.52366638723195,-0.019257537397978197,12
phase47,Iquique 2014 M7.7,56,62.0,7.699999809265137,7.643146897800218,-0.056852911464918776,0.056852911464918776,0.006088905917688514,11
phase47,Kodiak 2018 M7.9,56,62.0,7.900000095367432,7.884655951743715,-0.015344143623716278,0.015344143623716278,-0.007868833028918054,64
phase47,Luding 2022 M6.6,56,62.0,6.599999904632568,7.454750131017452,0.8547502263848834,0.8547502263848834,-0.029981940241096794,6
phase47,Mandalay 2025 M7.7,56,62.0,7.699999809265137,7.7740197290285025,0.07401991976336575,0.07401991976336575,-0.024499365920886085,12
phase47,Nepal 2015 M7.3,56,62.0,7.300000190734863,7.157821679649218,-0.14217851108564528,0.14217851108564528,-0.003948462841378841,5
phase47,Samos 2020 M7.0,56,62.0,7.0,6.8083448120069345,-0.19165518799306547,0.19165518799306547,-0.01761073715700512,3
phase47,Sand 2025 M7.3,56,62.0,7.300000190734863,7.887636418946124,0.5876362282112604,0.5876362282112604,0.004157150082538585,45
phase47,Xizang 2025 M7.1,56,62.0,7.099999904632568,7.893308946724635,0.7933090420920665,0.7933090420920665,0.008398889852903046,12
phase48,Iquique 2014 M7.7,56,62.0,7.699999809265137,7.716595101316683,0.016595292051546195,0.016595292051546195,-0.006213723097896029,11
phase48,Kodiak 2018 M7.9,56,62.0,7.900000095367432,7.951708784611508,0.05170868924407657,0.05170868924407657,-0.007549116809860479,64
phase48,Luding 2022 M6.6,56,62.0,6.599999904632568,7.435764939779923,0.8357650351473547,0.8357650351473547,-0.010450936454070359,6
phase48,Mandalay 2025 M7.7,56,62.0,7.699999809265137,8.29878507994836,0.5987852706832228,0.5987852706832228,0.005254515146772221,12
phase48,Nepal 2015 M7.3,56,62.0,7.300000190734863,7.249389601418072,-0.05061058931679163,0.05061058931679163,-0.010683657690917059,5
phase48,Samos 2020 M7.0,56,62.0,7.0,6.746265891755791,-0.25373410824420883,0.25373410824420883,-0.014725908960241618,3
phase48,Sand 2025 M7.3,56,62.0,7.300000190734863,8.271139717634616,0.9711395268997531,0.9711395268997531,0.02040502050409998,45
phase48,Xizang 2025 M7.1,56,62.0,7.099999904632568,7.94528573676426,0.8452858321316921,0.8452858321316921,0.00404777721021965,12
phase39,Iquique 2014 M7.7,57,63.0,7.699999809265137,8.958365113417406,1.258365304152269,1.258365304152269,-0.01571656419159062,11
phase39,Kodiak 2018 M7.9,57,63.0,7.900000095367432,7.531291426676109,-0.36870866869132257,0.36870866869132257,-0.01925520558250149,64
phase39,Luding 2022 M6.6,57,63.0,6.599999904632568,7.269820768741978,0.6698208641094094,0.6698208641094094,-0.030100082590919897,6
phase39,Mandalay 2025 M7.7,57,63.0,7.699999809265137,7.774283156919628,0.0742833476544913,0.0742833476544913,-0.00858337159356548,12
phase39,Nepal 2015 M7.3,57,63.0,7.300000190734863,7.877231204160513,0.5772310134256493,0.5772310134256493,0.009025701894809224,5
phase39,Samos 2020 M7.0,57,63.0,7.0,7.407848816049931,0.4078488160499312,0.4078488160499312,-0.039206470800635884,3
phase39,Sand 2025 M7.3,57,63.0,7.300000190734863,7.849050674662774,0.5490504839279104,0.5490504839279104,-0.006033656137714338,45
phase39,Xizang 2025 M7.1,57,63.0,7.099999904632568,7.618764212238124,0.5187643076055553,0.5187643076055553,-0.004902079626394773,12
phase47,Iquique 2014 M7.7,57,63.0,7.699999809265137,7.644569545916154,-0.05543026334898293,0.05543026334898293,0.0014226481159358428,11
phase47,Kodiak 2018 M7.9,57,63.0,7.900000095367432,7.892853377608533,-0.007146717758899079,0.007146717758899079,0.008197425864817198,64
phase47,Luding 2022 M6.6,57,63.0,6.599999904632568,7.443267484627627,0.8432675799950591,0.8432675799950591,-0.011482646389824325,6
phase47,Mandalay 2025 M7.7,57,63.0,7.699999809265137,7.764616876618758,0.0646170673536215,0.0646170673536215,-0.009402852409744256,12
phase47,Nepal 2015 M7.3,57,63.0,7.300000190734863,7.151930477354508,-0.14806971338035524,0.14806971338035524,-0.005891202294709963,5
phase47,Samos 2020 M7.0,57,63.0,7.0,6.797824723634208,-0.20217527636579202,0.20217527636579202,-0.010520088372726555,3
phase47,Sand 2025 M7.3,57,63.0,7.300000190734863,7.896588104254873,0.5965879135200094,0.5965879135200094,0.008951685308749013,45
phase47,Xizang 2025 M7.1,57,63.0,7.099999904632568,7.902504715102826,0.8025048104702579,0.8025048104702579,0.00919576837819136,12
phase48,Iquique 2014 M7.7,57,63.0,7.699999809265137,7.7127417655131945,0.01274195624805774,0.01274195624805774,-0.0038533358034884557,11
phase48,Kodiak 2018 M7.9,57,63.0,7.900000095367432,7.966098340455799,0.06609824508836759,0.06609824508836759,0.014389555844291024,64
phase48,Luding 2022 M6.6,57,63.0,6.599999904632568,7.425504899423087,0.8255049947905189,0.8255049947905189,-0.010260040356835809,6
phase48,Mandalay 2025 M7.7,57,63.0,7.699999809265137,8.315174852349806,0.615175043084669,0.615175043084669,0.016389772401446123,12
phase48,Nepal 2015 M7.3,57,63.0,7.300000190734863,7.239806281300975,-0.06019390943388814,0.06019390943388814,-0.009583320117096505,5
phase48,Samos 2020 M7.0,57,63.0,7.0,6.732619085737735,-0.2673809142622652,0.2673809142622652,-0.013646806018056346,3
phase48,Sand 2025 M7.3,57,63.0,7.300000190734863,8.301046463087498,1.0010462723526352,1.0010462723526352,0.029906745452882078,45
phase48,Xizang 2025 M7.1,57,63.0,7.099999904632568,7.968546419450426,0.8685465148178579,0.8685465148178579,0.02326068268616588,12
phase39,Iquique 2014 M7.7,58,64.0,7.699999809265137,8.993026566122683,1.2930267568575466,1.2930267568575466,0.03466145270527754,11
phase39,Kodiak 2018 M7.9,58,64.0,7.900000095367432,7.5272423933019095,-0.37275770206552217,0.37275770206552217,-0.004049033374199595,64
phase39,Luding 2022 M6.6,58,64.0,6.599999904632568,7.262437988900318,0.66243808426775,0.66243808426775,-0.00738277984165947,6
phase39,Mandalay 2025 M7.7,58,64.0,7.699999809265137,7.787115997540095,0.08711618827495826,0.08711618827495826,0.012832840620466968,12
phase39,Nepal 2015 M7.3,58,64.0,7.300000190734863,7.87812581803831,0.5781256273034465,0.5781256273034465,0.0008946138777972124,5
phase39,Samos 2020 M7.0,58,64.0,7.0,7.388595801906427,0.38859580190642706,0.38859580190642706,-0.01925301414350411,3
phase39,Sand 2025 M7.3,58,64.0,7.300000190734863,7.862041384828,0.5620411940931369,0.5620411940931369,0.01299071016522646,45
phase39,Xizang 2025 M7.1,58,64.0,7.099999904632568,7.645497237575798,0.5454973329432296,0.5454973329432296,0.0267330253376743,12
phase47,Iquique 2014 M7.7,58,64.0,7.699999809265137,7.641256180885343,-0.0587436283797933,0.0587436283797933,-0.003313365030810367,11
phase47,Kodiak 2018 M7.9,58,64.0,7.900000095367432,7.883105844283379,-0.016894251084052847,0.016894251084052847,-0.009747533325153768,64
phase47,Luding 2022 M6.6,58,64.0,6.599999904632568,7.435160129287162,0.8351602246545937,0.8351602246545937,-0.008107355340465361,6
phase47,Mandalay 2025 M7.7,58,64.0,7.699999809265137,7.748748409102686,0.0487485998375492,0.0487485998375492,-0.015868467516072293,12
phase47,Nepal 2015 M7.3,58,64.0,7.300000190734863,7.143059305327048,-0.15694088540781514,0.15694088540781514,-0.008871172027459906,5
phase47,Samos 2020 M7.0,58,64.0,7.0,6.790451318460617,-0.209548681539383,0.209548681539383,-0.0073734051735909745,3
phase47,Sand 2025 M7.3,58,64.0,7.300000190734863,7.882751307712358,0.5827511169774944,0.5827511169774944,-0.013836796542515017,45
phase47,Xizang 2025 M7.1,58,64.0,7.099999904632568,7.902468303631219,0.8024683989986503,0.8024683989986503,-3.6411471607600276e-05,12
phase48,Iquique 2014 M7.7,58,64.0,7.699999809265137,7.7096128136179995,0.00961300435286283,0.00961300435286283,-0.003128951895194909,11
phase48,Kodiak 2018 M7.9,58,64.0,7.900000095367432,7.965333003432681,0.06533290806524938,0.06533290806524938,-0.0007653370231182066,64
phase48,Luding 2022 M6.6,58,64.0,6.599999904632568,7.413340294721953,0.813340390089385,0.813340390089385,-0.012164604701133896,6
phase48,Mandalay 2025 M7.7,58,64.0,7.699999809265137,8.322378723560668,0.6223789142955312,0.6223789142955312,0.007203871210862189,12
phase48,Nepal 2015 M7.3,58,64.0,7.300000190734863,7.231611230292385,-0.06838896044247811,0.06838896044247811,-0.00819505100858997,5
phase48,Samos 2020 M7.0,58,64.0,7.0,6.720769254811281,-0.2792307451887188,0.2792307451887188,-0.011849830926453642,3
phase48,Sand 2025 M7.3,58,64.0,7.300000190734863,8.305920515264237,1.0059203245293737,1.0059203245293737,0.00487405217673853,45
phase48,Xizang 2025 M7.1,58,64.0,7.099999904632568,7.9922538160252765,0.8922539113927082,0.8922539113927082,0.023707396574850215,12
phase39,Iquique 2014 M7.7,59,65.0,7.699999809265137,8.996332220267018,1.296332411001881,1.296332411001881,0.003305654144334369,11
phase39,Kodiak 2018 M7.9,59,65.0,7.900000095367432,7.525834762877936,-0.374165332489496,0.374165332489496,-0.001407630423973849,64
phase39,Luding 2022 M6.6,59,65.0,6.599999904632568,7.252117771920373,0.6521178672878047,0.6521178672878047,-0.01032021697994523,6
phase39,Mandalay 2025 M7.7,59,65.0,7.699999809265137,7.754285148810866,0.05428533954572945,0.05428533954572945,-0.03283084872922881,12
phase39,Nepal 2015 M7.3,59,65.0,7.300000190734863,7.867587008353532,0.5675868176186691,0.5675868176186691,-0.010538809684777384,5
phase39,Samos 2020 M7.0,59,65.0,7.0,7.377069555638732,0.377069555638732,0.377069555638732,-0.01152624626769505,3
phase39,Sand 2025 M7.3,59,65.0,7.300000190734863,7.841281878104521,0.5412816873696578,0.5412816873696578,-0.02075950672347915,45
phase39,Xizang 2025 M7.1,59,65.0,7.099999904632568,7.6584278216707276,0.5584279170381592,0.5584279170381592,0.012930584094929642,12
phase47,Iquique 2014 M7.7,59,65.0,7.699999809265137,7.633880518179016,-0.06611929108612102,0.06611929108612102,-0.007375662706327724,11
phase47,Kodiak 2018 M7.9,59,65.0,7.900000095367432,7.88588524438134,-0.014114850986091554,0.014114850986091554,0.002779400097961293,64
phase47,Luding 2022 M6.6,59,65.0,6.599999904632568,7.4350082772177455,0.8350083725851771,0.8350083725851771,-0.00015185206941659146,6
phase47,Mandalay 2025 M7.7,59,65.0,7.699999809265137,7.743759519661721,0.043759710396583884,0.043759710396583884,-0.004988889440965316,12
phase47,Nepal 2015 M7.3,59,65.0,7.300000190734863,7.134221320286354,-0.16577887044850925,0.16577887044850925,-0.008837985040694107,5
phase47,Samos 2020 M7.0,59,65.0,7.0,6.784946577752849,-0.21505342224715118,0.21505342224715118,-0.005504740707768185,3
phase47,Sand 2025 M7.3,59,65.0,7.300000190734863,7.8762990666595325,0.5762988759246692,0.5762988759246692,-0.006452241052825158,45
phase47,Xizang 2025 M7.1,59,65.0,7.099999904632568,7.885452321483125,0.785452416850557,0.785452416850557,-0.0170159821480933,12
phase48,Iquique 2014 M7.7,59,65.0,7.699999809265137,7.708648490980246,0.008648681715109241,0.008648681715109241,-0.0009643226377535896,11
phase48,Kodiak 2018 M7.9,59,65.0,7.900000095367432,7.969594021335528,0.06959392596809622,0.06959392596809622,0.004261017902846831,64
phase48,Luding 2022 M6.6,59,65.0,6.599999904632568,7.401792510370834,0.8017926057382656,0.8017926057382656,-0.011547784351119361,6
phase48,Mandalay 2025 M7.7,59,65.0,7.699999809265137,8.331580625829151,0.6315808165640142,0.6315808165640142,0.009201902268483053,12
phase48,Nepal 2015 M7.3,59,65.0,7.300000190734863,7.222522573923262,-0.07747761681160092,0.07747761681160092,-0.009088656369122816,5
phase48,Samos 2020 M7.0,59,65.0,7.0,6.709044191405099,-0.29095580859490067,0.29095580859490067,-0.011725063406181846,3
phase48,Sand 2025 M7.3,59,65.0,7.300000190734863,8.324900776623526,1.0249005858886626,1.0249005858886626,0.018980261359288875,45
phase48,Xizang 2025 M7.1,59,65.0,7.099999904632568,8.01617159834001,0.916171693707442,0.916171693707442,0.02391778231473385,12
phase39,Iquique 2014 M7.7,60,66.0,7.699999809265137,8.995592186785757,1.2955923775206202,1.2955923775206202,-0.0007400334812608378,11
phase39,Kodiak 2018 M7.9,60,66.0,7.900000095367432,7.526723887436775,-0.3732762079306564,0.3732762079306564,0.0008891245588396046,64
phase39,Luding 2022 M6.6,60,66.0,6.599999904632568,7.2393346713626485,0.6393347667300802,0.6393347667300802,-0.01278310055772458,6
phase39,Mandalay 2025 M7.7,60,66.0,7.699999809265137,7.721595626737454,0.02159581747231698,0.02159581747231698,-0.03268952207341247,12
phase39,Nepal 2015 M7.3,60,66.0,7.300000190734863,7.840518696066604,0.5405185053317405,0.5405185053317405,-0.02706831228692863,5
phase39,Samos 2020 M7.0,60,66.0,7.0,7.36509607341125,0.36509607341124983,0.36509607341124983,-0.01197348222748218,3
phase39,Sand 2025 M7.3,60,66.0,7.300000190734863,7.839069631625024,0.5390694408901604,0.5390694408901604,-0.0022122464794973595,45
phase39,Xizang 2025 M7.1,60,66.0,7.099999904632568,7.642637240716482,0.5426373360839136,0.5426373360839136,-0.01579058095424557,12
phase47,Iquique 2014 M7.7,60,66.0,7.699999809265137,7.6002527084964635,-0.09974710076867321,0.09974710076867321,-0.03362780968255219,11
phase47,Kodiak 2018 M7.9,60,66.0,7.900000095367432,7.896668172270752,-0.00333192309667929,0.00333192309667929,0.010782927889412264,64
phase47,Luding 2022 M6.6,60,66.0,6.599999904632568,7.457633912532952,0.8576340079003835,0.8576340079003835,0.02262563531520634,6
phase47,Mandalay 2025 M7.7,60,66.0,7.699999809265137,7.758954259005819,0.05895444974068198,0.05895444974068198,0.015194739344098096,12
phase47,Nepal 2015 M7.3,60,66.0,7.300000190734863,7.12815228896241,-0.17184790177245368,0.17184790177245368,-0.006069031323944429,5
phase47,Samos 2020 M7.0,60,66.0,7.0,6.784341405346536,-0.2156585946534637,0.2156585946534637,-0.0006051724063125263,3
phase47,Sand 2025 M7.3,60,66.0,7.300000190734863,7.877938133567104,0.5779379428322411,0.5779379428322411,0.0016390669075718733,45
phase47,Xizang 2025 M7.1,60,66.0,7.099999904632568,7.877817702000628,0.7778177973680593,0.7778177973680593,-0.007634619482497662,12
phase48,Iquique 2014 M7.7,60,66.0,7.699999809265137,7.709301291425266,0.009301482160129382,0.009301482160129382,0.0006528004450201408,11
phase48,Kodiak 2018 M7.9,60,66.0,7.900000095367432,7.967354158514746,0.06735406314731396,0.06735406314731396,-0.002239862820782257,64
phase48,Luding 2022 M6.6,60,66.0,6.599999904632568,7.392865716503011,0.7928658118704428,0.7928658118704428,-0.008926793867822802,6
phase48,Mandalay 2025 M7.7,60,66.0,7.699999809265137,8.348181259441814,0.6481814501766774,0.6481814501766774,0.016600633612663174,12
phase48,Nepal 2015 M7.3,60,66.0,7.300000190734863,7.2107046835585376,-0.08929550717632573,0.08929550717632573,-0.011817890364724803,5
phase48,Samos 2020 M7.0,60,66.0,7.0,6.701053369069009,-0.29894663093099094,0.29894663093099094,-0.007990822336090275,3
phase48,Sand 2025 M7.3,60,66.0,7.300000190734863,8.337359213270723,1.0373590225358598,1.0373590225358598,0.012458436647197146,45
phase48,Xizang 2025 M7.1,60,66.0,7.099999904632568,8.033987169613251,0.9339872649806829,0.9339872649806829,0.01781557127324085,12
phase39,Iquique 2014 M7.7,61,67.0,7.699999809265137,8.988144852566162,1.288145043301025,1.288145043301025,-0.007447334219595092,11
phase39,Kodiak 2018 M7.9,61,67.0,7.900000095367432,7.508792785208634,-0.39120731015879784,0.39120731015879784,-0.017931102228141427,64
phase39,Luding 2022 M6.6,61,67.0,6.599999904632568,7.21711942478068,0.6171195201481119,0.6171195201481119,-0.022215246581968273,6
phase39,Mandalay 2025 M7.7,61,67.0,7.699999809265137,7.67122195620068,-0.028777853064457126,0.028777853064457126,-0.05037367053677411,12
phase39,Nepal 2015 M7.3,61,67.0,7.300000190734863,7.9031684946607905,0.6031683039259272,0.6031683039259272,0.06264979859418673,5
phase39,Samos 2020 M7.0,61,67.0,7.0,7.348575434070562,0.348575434070562,0.348575434070562,-0.016520639340687815,3
phase39,Sand 2025 M7.3,61,67.0,7.300000190734863,7.824726956163095,0.5247267654282322,0.5247267654282322,-0.014342675461928245,45
phase39,Xizang 2025 M7.1,61,67.0,7.099999904632568,7.598985304825511,0.498985400192943,0.498985400192943,-0.043651935890970606,12
phase47,Iquique 2014 M7.7,61,67.0,7.699999809265137,7.59995895599587,-0.1000408532692667,0.1000408532692667,-0.00029375250059349156,11
phase47,Kodiak 2018 M7.9,61,67.0,7.900000095367432,7.923293575902009,0.02329348053457725,0.02329348053457725,0.02662540363125654,64
phase47,Luding 2022 M6.6,61,67.0,6.599999904632568,7.501602235105283,0.9016023304727145,0.9016023304727145,0.043968322572331076,6
phase47,Mandalay 2025 M7.7,61,67.0,7.699999809265137,7.7973941451996716,0.09739433593453484,0.09739433593453484,0.03843988619385286,12
phase47,Nepal 2015 M7.3,61,67.0,7.300000190734863,7.127216839009504,-0.17278335172535897,0.17278335172535897,-0.0009354499529052873,5
phase47,Samos 2020 M7.0,61,67.0,7.0,6.787785037277313,-0.2122149627226868,0.2122149627226868,0.0034436319307769025,3
phase47,Sand 2025 M7.3,61,67.0,7.300000190734863,7.890883586803133,0.5908833960682696,0.5908833960682696,0.01294545323602847,45
phase47,Xizang 2025 M7.1,61,67.0,7.099999904632568,7.8740713149705215,0.7740714103379531,0.7740714103379531,-0.003746387030106213,12
phase48,Iquique 2014 M7.7,61,67.0,7.699999809265137,7.71116240376987,0.011162594504733114,0.011162594504733114,0.0018611123446037325,11
phase48,Kodiak 2018 M7.9,61,67.0,7.900000095367432,7.957244319097652,0.05724422373021998,0.05724422373021998,-0.01010983941709398,64
phase48,Luding 2022 M6.6,61,67.0,6.599999904632568,7.387706657615206,0.787706752982638,0.787706752982638,-0.005159058887804768,6
phase48,Mandalay 2025 M7.7,61,67.0,7.699999809265137,8.367624352291461,0.6676245430263243,0.6676245430263243,0.01944309284964696,12
phase48,Nepal 2015 M7.3,61,67.0,7.300000190734863,7.195902558231472,-0.10409763250339132,0.10409763250339132,-0.014802125327065596,5
phase48,Samos 2020 M7.0,61,67.0,7.0,6.69709284207733,-0.30290715792266987,0.30290715792266987,-0.003960526991678925,3
phase48,Sand 2025 M7.3,61,67.0,7.300000190734863,8.343996024438736,1.0439958337038728,1.0439958337038728,0.006636811168013068,45
phase48,Xizang 2025 M7.1,61,67.0,7.099999904632568,8.043344256574885,0.9433443519423168,0.9433443519423168,0.009357086961633954,12
phase39,Iquique 2014 M7.7,62,68.0,7.699999809265137,8.977039445099782,1.2770396358346456,1.2770396358346456,-0.011105407466379447,11
phase39,Kodiak 2018 M7.9,62,68.0,7.900000095367432,7.51106146657621,-0.3889386287912213,0.3889386287912213,0.0022686813675765194,64
phase39,Luding 2022 M6.6,62,68.0,6.599999904632568,7.207422182708829,0.6074222780762604,0.6074222780762604,-0.00969724207185152,6
phase39,Mandalay 2025 M7.7,62,68.0,7.699999809265137,7.644266889093849,-0.0557329201712875,0.0557329201712875,-0.026955067106830377,12
phase39,Nepal 2015 M7.3,62,68.0,7.300000190734863,7.812907043877325,0.5129068531424616,0.5129068531424616,-0.09026145078346559,5
phase39,Samos 2020 M7.0,62,68.0,7.0,7.335889428009484,0.33588942800948374,0.33588942800948374,-0.012686006061078281,3
phase39,Sand 2025 M7.3,62,68.0,7.300000190734863,7.772455836673793,0.47245564593892997,0.47245564593892997,-0.05227111948930219,45
phase39,Xizang 2025 M7.1,62,68.0,7.099999904632568,7.556758221233573,0.45675831660100474,0.45675831660100474,-0.042227083591938275,12
phase47,Iquique 2014 M7.7,62,68.0,7.699999809265137,7.614873727601911,-0.08512608166322533,0.08512608166322533,0.014914771606041377,11
phase47,Kodiak 2018 M7.9,62,68.0,7.900000095367432,7.938272945442904,0.03827285007547232,0.03827285007547232,0.014979369540895071,64
phase47,Luding 2022 M6.6,62,68.0,6.599999904632568,7.554480258885407,0.9544803542528388,0.9544803542528388,0.052878023780124295,6
phase47,Mandalay 2025 M7.7,62,68.0,7.699999809265137,7.8524319998413405,0.15243219057620383,0.15243219057620383,0.05503785464166899,12
phase47,Nepal 2015 M7.3,62,68.0,7.300000190734863,7.130005636509649,-0.16999455422521415,0.16999455422521415,0.002788797500144824,5
phase47,Samos 2020 M7.0,62,68.0,7.0,6.792898701266534,-0.20710129873346617,0.20710129873346617,0.00511366398922064,3
phase47,Sand 2025 M7.3,62,68.0,7.300000190734863,7.888749708540676,0.5887495178058124,0.5887495178058124,-0.002133878262457145,45
phase47,Xizang 2025 M7.1,62,68.0,7.099999904632568,7.876280275413238,0.77628037078067,0.77628037078067,0.0022089604427169007,12
phase48,Iquique 2014 M7.7,62,68.0,7.699999809265137,7.713662718706711,0.013662909441574556,0.013662909441574556,0.0025003149368414412,11
phase48,Kodiak 2018 M7.9,62,68.0,7.900000095367432,7.9521964080060865,0.052196312638654874,0.052196312638654874,-0.005047911091565105,64
phase48,Luding 2022 M6.6,62,68.0,6.599999904632568,7.386761844906621,0.7867619402740527,0.7867619402740527,-0.0009448127085853741,6
phase48,Mandalay 2025 M7.7,62,68.0,7.699999809265137,8.378249349212847,0.6782495399477106,0.6782495399477106,0.010624996921386298,12
phase48,Nepal 2015 M7.3,62,68.0,7.300000190734863,7.187383831870987,-0.11261635886387644,0.11261635886387644,-0.008518726360485118,5
phase48,Samos 2020 M7.0,62,68.0,7.0,6.695689042533159,-0.304310957466841,0.304310957466841,-0.001403799544171136,3
phase48,Sand 2025 M7.3,62,68.0,7.300000190734863,8.344578002337881,1.044577811603018,1.044577811603018,0.0005819778991451585,45
phase48,Xizang 2025 M7.1,62,68.0,7.099999904632568,8.049917481212594,0.9499175765800256,0.9499175765800256,0.006573224637708819,12
phase39,Iquique 2014 M7.7,63,69.0,7.699999809265137,8.968056843570933,1.2680570343057962,1.2680570343057962,-0.008982601528849443,11
phase39,Kodiak 2018 M7.9,63,69.0,7.900000095367432,7.507027957252675,-0.3929721381147564,0.3929721381147564,-0.004033509323535078,64
phase39,Luding 2022 M6.6,63,69.0,6.599999904632568,7.199035422607921,0.599035517975353,0.599035517975353,-0.008386760100907331,6
phase39,Mandalay 2025 M7.7,63,69.0,7.699999809265137,7.612978435436614,-0.08702137382852282,0.08702137382852282,-0.031288453657235316,12
phase39,Nepal 2015 M7.3,63,69.0,7.300000190734863,7.75244286371275,0.4524426729778863,0.4524426729778863,-0.06046418016457533,5
phase39,Samos 2020 M7.0,63,69.0,7.0,7.329333361887674,0.3293333618876737,0.3293333618876737,-0.0065560661218100336,3
phase39,Sand 2025 M7.3,63,69.0,7.300000190734863,7.773508502045912,0.47350831131104876,0.47350831131104876,0.0010526653721187884,45
phase39,Xizang 2025 M7.1,63,69.0,7.099999904632568,7.566945290987713,0.46694538635514427,0.46694538635514427,0.010187069754139522,12
phase47,Iquique 2014 M7.7,63,69.0,7.699999809265137,7.6370248956361175,-0.06297491362901919,0.06297491362901919,0.022151168034206137,11
phase47,Kodiak 2018 M7.9,63,69.0,7.900000095367432,7.96146568874518,0.06146559337774793,0.06146559337774793,0.02319274330227561,64
phase47,Luding 2022 M6.6,63,69.0,6.599999904632568,7.594480233801935,0.9944803291693667,0.9944803291693667,0.03999997491652785,6
phase47,Mandalay 2025 M7.7,63,69.0,7.699999809265137,7.895784092664639,0.1957842833995027,0.1957842833995027,0.04335209282329888,12
phase47,Nepal 2015 M7.3,63,69.0,7.300000190734863,7.132007996280228,-0.16799219445463542,0.16799219445463542,0.002002359770578721,5
phase47,Samos 2020 M7.0,63,69.0,7.0,6.799563133321076,-0.20043686667892402,0.20043686667892402,0.0066644320545421465,3
phase47,Sand 2025 M7.3,63,69.0,7.300000190734863,7.891778190902725,0.5917780001678619,0.5917780001678619,0.003028482362049445,45
phase47,Xizang 2025 M7.1,63,69.0,7.099999904632568,7.882463607555545,0.7824637029229766,0.7824637029229766,0.006183332142306597,12
phase48,Iquique 2014 M7.7,63,69.0,7.699999809265137,7.716950810277565,0.01695100101242808,0.01695100101242808,0.003288091570853524,11
phase48,Kodiak 2018 M7.9,63,69.0,7.900000095367432,7.9489526360078955,0.04895254064046384,0.04895254064046384,-0.0032437719981910362,64
phase48,Luding 2022 M6.6,63,69.0,6.599999904632568,7.385704864140665,0.7857049595080969,0.7857049595080969,-0.0010569807659557284,6
phase48,Mandalay 2025 M7.7,63,69.0,7.699999809265137,8.372735333405075,0.672735524139938,0.672735524139938,-0.005514015807772665,12
phase48,Nepal 2015 M7.3,63,69.0,7.300000190734863,7.1824877749217,-0.11751241581316307,0.11751241581316307,-0.004896056949286631,5
phase48,Samos 2020 M7.0,63,69.0,7.0,6.697042069181848,-0.3029579308181516,0.3029579308181516,0.001353026648689415,3
phase48,Sand 2025 M7.3,63,69.0,7.300000190734863,8.350427361722211,1.0504271709873478,1.0504271709873478,0.005849359384329844,45
phase48,Xizang 2025 M7.1,63,69.0,7.099999904632568,8.047937737915944,0.9479378332833761,0.9479378332833761,-0.0019797432966495165,12
phase39,Iquique 2014 M7.7,64,70.0,7.699999809265137,8.96326224631705,1.2632624370519139,1.2632624370519139,-0.004794597253882316,11
phase39,Kodiak 2018 M7.9,64,70.0,7.900000095367432,7.48473090163826,-0.4152691937291717,0.4152691937291717,-0.022297055614415306,64
phase39,Luding 2022 M6.6,64,70.0,6.599999904632568,7.1934247562439895,0.5934248516114211,0.5934248516114211,-0.0056106663639319265,6
phase39,Mandalay 2025 M7.7,64,70.0,7.699999809265137,7.592702031330983,-0.10729777793415352,0.10729777793415352,-0.020276404105630697,12
phase39,Nepal 2015 M7.3,64,70.0,7.300000190734863,7.73227196947237,0.43227177873750655,0.43227177873750655,-0.020170894240379766,5
phase39,Samos 2020 M7.0,64,70.0,7.0,7.323604452147792,0.32360445214779165,0.32360445214779165,-0.005728909739882049,3
phase39,Sand 2025 M7.3,64,70.0,7.300000190734863,7.757689133358706,0.4576889426238431,0.4576889426238431,-0.01581936868720568,45
phase39,Xizang 2025 M7.1,64,70.0,7.099999904632568,7.55193719568894,0.4519372910563719,0.4519372910563719,-0.01500809529877234,12
phase47,Iquique 2014 M7.7,64,70.0,7.699999809265137,7.644276818771209,-0.05572299049392804,0.05572299049392804,0.007251923135091154,11
phase47,Kodiak 2018 M7.9,64,70.0,7.900000095367432,7.972903008693271,0.07290291332583898,0.07290291332583898,0.011437319948091051,64
phase47,Luding 2022 M6.6,64,70.0,6.599999904632568,7.620492656955092,1.0204927523225233,1.0204927523225233,0.02601242315315666,6
phase47,Mandalay 2025 M7.7,64,70.0,7.699999809265137,7.917178137148199,0.21717832788306257,0.21717832788306257,0.02139404448355986,12
phase47,Nepal 2015 M7.3,64,70.0,7.300000190734863,7.133017540500779,-0.16698265023408432,0.16698265023408432,0.0010095442205511063,5
phase47,Samos 2020 M7.0,64,70.0,7.0,6.804602826786046,-0.1953971732139541,0.1953971732139541,0.005039693464969908,3
phase47,Sand 2025 M7.3,64,70.0,7.300000190734863,7.892769964116551,0.5927697733816881,0.5927697733816881,0.0009917732138262636,45
phase47,Xizang 2025 M7.1,64,70.0,7.099999904632568,7.89028486204056,0.7902849574079918,0.7902849574079918,0.007821254485015139,12
phase48,Iquique 2014 M7.7,64,70.0,7.699999809265137,7.719968237362236,0.019968428097099533,0.019968428097099533,0.0030174270846714535,11
phase48,Kodiak 2018 M7.9,64,70.0,7.900000095367432,7.931513599245335,0.031513503877903304,0.031513503877903304,-0.017439036762560534,64
phase48,Luding 2022 M6.6,64,70.0,6.599999904632568,7.3787052775364135,0.7787053729038451,0.7787053729038451,-0.006999586604251817,6
phase48,Mandalay 2025 M7.7,64,70.0,7.699999809265137,8.383536450217084,0.6835366409519477,0.6835366409519477,0.010801116812009681,12
phase48,Nepal 2015 M7.3,64,70.0,7.300000190734863,7.179958416514463,-0.1200417742204003,0.1200417742204003,-0.0025293584072372255,5
phase48,Samos 2020 M7.0,64,70.0,7.0,6.701058927392664,-0.29894107260733627,0.29894107260733627,0.004016858210815322,3
phase48,Sand 2025 M7.3,64,70.0,7.300000190734863,8.356351575100863,1.0563513843659997,1.0563513843659997,0.005924213378651899,45
phase48,Xizang 2025 M7.1,64,70.0,7.099999904632568,8.037666845246052,0.9376669406134841,0.9376669406134841,-0.010270892669892007,12
phase39,Iquique 2014 M7.7,65,71.0,7.699999809265137,8.973454235271147,1.27345442600601,1.27345442600601,0.010191988954096232,11
phase39,Kodiak 2018 M7.9,65,71.0,7.900000095367432,7.493117658378715,-0.40688243698871673,0.40688243698871673,0.00838675674045497,64
phase39,Luding 2022 M6.6,65,71.0,6.599999904632568,7.19365333427079,0.5936534296382217,0.5936534296382217,0.00022857802680054107,6
phase39,Mandalay 2025 M7.7,65,71.0,7.699999809265137,7.6513161496370525,-0.048683659628084186,0.048683659628084186,0.05861411830606933,12
phase39,Nepal 2015 M7.3,65,71.0,7.300000190734863,7.7606391920301725,0.4606390012953092,0.4606390012953092,0.028367222557802663,5
phase39,Samos 2020 M7.0,65,71.0,7.0,7.274333158439438,0.27433315843943795,0.27433315843943795,-0.0492712937083537,3
phase39,Sand 2025 M7.3,65,71.0,7.300000190734863,7.796199651196522,0.49619946046165886,0.49619946046165886,0.03851051783781578,45
phase39,Xizang 2025 M7.1,65,71.0,7.099999904632568,7.57210314027437,0.4721032356418018,0.4721032356418018,0.020165944585429862,12
phase47,Iquique 2014 M7.7,65,71.0,7.699999809265137,7.667162499127475,-0.032837310137662,0.032837310137662,0.022885680356266036,11
phase47,Kodiak 2018 M7.9,65,71.0,7.900000095367432,8.018782591808158,0.11878249644072625,0.11878249644072625,0.04587958311488727,64
phase47,Luding 2022 M6.6,65,71.0,6.599999904632568,7.646721552134903,1.0467216475023342,1.0467216475023342,0.026228895179810863,6
phase47,Mandalay 2025 M7.7,65,71.0,7.699999809265137,7.934296859364743,0.234297050099606,0.234297050099606,0.017118722216543425,12
phase47,Nepal 2015 M7.3,65,71.0,7.300000190734863,7.142714637717402,-0.15728555301746105,0.15728555301746105,0.009697097216623263,5
phase47,Samos 2020 M7.0,65,71.0,7.0,6.83867121931873,-0.16132878068127,0.16132878068127,0.03406839253268412,3
phase47,Sand 2025 M7.3,65,71.0,7.300000190734863,7.9787240164445645,0.6787238257097012,0.6787238257097012,0.08595405232801312,45
phase47,Xizang 2025 M7.1,65,71.0,7.099999904632568,7.944814111240178,0.8448142066076096,0.8448142066076096,0.05452924919961788,12
phase48,Iquique 2014 M7.7,65,71.0,7.699999809265137,7.7186980322145295,0.01869822294939283,0.01869822294939283,-0.0012702051477067045,11
phase48,Kodiak 2018 M7.9,65,71.0,7.900000095367432,7.922090838532668,0.022090743165236404,0.022090743165236404,-0.0094227607126669,64
phase48,Luding 2022 M6.6,65,71.0,6.599999904632568,7.36219071780224,0.7621908131696715,0.7621908131696715,-0.016514559734173595,6
phase48,Mandalay 2025 M7.7,65,71.0,7.699999809265137,8.3814103334334,0.681410524168264,0.681410524168264,-0.0021261167836836847,12
phase48,Nepal 2015 M7.3,65,71.0,7.300000190734863,7.1725022231330495,-0.12749796760181376,0.12749796760181376,-0.007456193381413456,5
phase48,Samos 2020 M7.0,65,71.0,7.0,6.70999407372226,-0.2900059262777397,0.2900059262777397,0.008935146329596577,3
phase48,Sand 2025 M7.3,65,71.0,7.300000190734863,8.36198441345061,1.061984222715747,1.061984222715747,0.00563283834974726,45
phase48,Xizang 2025 M7.1,65,71.0,7.099999904632568,8.013407715646544,0.9134078110139754,0.9134078110139754,-0.02425912959950871,12
phase39,Iquique 2014 M7.7,66,72.0,7.699999809265137,8.980022597566037,1.2800227883009008,1.2800227883009008,0.006568362294890662,11
phase39,Kodiak 2018 M7.9,66,72.0,7.900000095367432,7.502470363808709,-0.3975297315587225,0.3975297315587225,0.009352705429994224,64
phase39,Luding 2022 M6.6,66,72.0,6.599999904632568,7.193906288842896,0.593906384210328,0.593906384210328,0.0002529545721063897,6
phase39,Mandalay 2025 M7.7,66,72.0,7.699999809265137,7.653864196550785,-0.04613561271435174,0.04613561271435174,0.002548046913732449,12
phase39,Nepal 2015 M7.3,66,72.0,7.300000190734863,7.775498606632549,0.47549841589768604,0.47549841589768604,0.01485941460237683,5
phase39,Samos 2020 M7.0,66,72.0,7.0,7.263668322392558,0.263668322392558,0.263668322392558,-0.010664836046879955,3
phase39,Sand 2025 M7.3,66,72.0,7.300000190734863,7.806497816303979,0.506497625569116,0.506497625569116,0.01029816510745718,45
phase39,Xizang 2025 M7.1,66,72.0,7.099999904632568,7.6104281587841855,0.5104282541516172,0.5104282541516172,0.0383250185098154,12
phase47,Iquique 2014 M7.7,66,72.0,7.699999809265137,7.681029073460814,-0.018970735804322736,0.018970735804322736,0.013866574333339265,11
phase47,Kodiak 2018 M7.9,66,72.0,7.900000095367432,8.048712541285077,0.14871244591764565,0.14871244591764565,0.029929949476919404,64
phase47,Luding 2022 M6.6,66,72.0,6.599999904632568,7.659513473410096,1.0595135687775272,1.0595135687775272,0.012791921275193019,6
phase47,Mandalay 2025 M7.7,66,72.0,7.699999809265137,7.958826055118724,0.25882624585358727,0.25882624585358727,0.02452919575398127,12
phase47,Nepal 2015 M7.3,66,72.0,7.300000190734863,7.1497259677958676,-0.15027422293899573,0.15027422293899573,0.007011330078465328,5
phase47,Samos 2020 M7.0,66,72.0,7.0,6.853032607774758,-0.1469673922252417,0.1469673922252417,0.014361388456028301,3
phase47,Sand 2025 M7.3,66,72.0,7.300000190734863,8.032146123664305,0.7321459329294413,0.7321459329294413,0.053422107219740056,45
phase47,Xizang 2025 M7.1,66,72.0,7.099999904632568,7.987795603222857,0.8877956985902884,0.8877956985902884,0.042981491982678754,12
phase48,Iquique 2014 M7.7,66,72.0,7.699999809265137,7.714598342148367,0.01459853288323032,0.01459853288323032,-0.004099690066162509,11
phase48,Kodiak 2018 M7.9,66,72.0,7.900000095367432,7.900880035137131,0.0008799397696996891,0.0008799397696996891,-0.021210803395536715,64
phase48,Luding 2022 M6.6,66,72.0,6.599999904632568,7.336675881991476,0.7366759773589076,0.7366759773589076,-0.02551483581076397,6
phase48,Mandalay 2025 M7.7,66,72.0,7.699999809265137,8.354608179769889,0.6546083705047518,0.6546083705047518,-0.02680215366351213,12
phase48,Nepal 2015 M7.3,66,72.0,7.300000190734863,7.162958596981429,-0.13704159375343394,0.13704159375343394,-0.009543626151620188,5
phase48,Samos 2020 M7.0,66,72.0,7.0,6.721204427990655,-0.27879557200934535,0.27879557200934535,0.01121035426839434,3
phase48,Sand 2025 M7.3,66,72.0,7.300000190734863,8.337274105352474,1.0372739146176109,1.0372739146176109,-0.024710308098136124,45
phase48,Xizang 2025 M7.1,66,72.0,7.099999904632568,7.975445505014336,0.8754456003817674,0.8754456003817674,-0.03796221063220795,12
phase39,Iquique 2014 M7.7,67,73.0,7.699999809265137,8.980287628526082,1.2802878192609448,1.2802878192609448,0.0002650309600440437,11
phase39,Kodiak 2018 M7.9,67,73.0,7.900000095367432,7.505539608013785,-0.3944604873536468,0.3944604873536468,0.003069244205075705,64
phase39,Luding 2022 M6.6,67,73.0,6.599999904632568,7.187272302496816,0.5872723978642478,0.5872723978642478,-0.006633986346080256,6
phase39,Mandalay 2025 M7.7,67,73.0,7.699999809265137,7.64903816899006,-0.05096164027507655,0.05096164027507655,-0.00482602756072481,12
phase39,Nepal 2015 M7.3,67,73.0,7.300000190734863,7.758837729089262,0.45883753835439833,0.45883753835439833,-0.01666087754328771,5
phase39,Samos 2020 M7.0,67,73.0,7.0,7.259553077163091,0.2595530771630914,0.2595530771630914,-0.004115245229466602,3
phase39,Sand 2025 M7.3,67,73.0,7.300000190734863,7.786783020937262,0.4867828302023991,0.4867828302023991,-0.019714795366716942,45
phase39,Xizang 2025 M7.1,67,73.0,7.099999904632568,7.636745999186896,0.5367460945543279,0.5367460945543279,0.02631784040271068,12
phase47,Iquique 2014 M7.7,67,73.0,7.699999809265137,7.680853539146218,-0.01914627011891845,0.01914627011891845,-0.00017553431459571556,11
phase47,Kodiak 2018 M7.9,67,73.0,7.900000095367432,8.076111608511287,0.1761115131438551,0.1761115131438551,0.02739906722620944,64
phase47,Luding 2022 M6.6,67,73.0,6.599999904632568,7.631121490709933,1.031121586077365,1.031121586077365,-0.02839198270016219,6
phase47,Mandalay 2025 M7.7,67,73.0,7.699999809265137,7.996240395906884,0.2962405866417477,0.2962405866417477,0.037414340788160416,12
phase47,Nepal 2015 M7.3,67,73.0,7.300000190734863,7.1576713929851685,-0.14232879774969476,0.14232879774969476,0.00794542518930097,5
phase47,Samos 2020 M7.0,67,73.0,7.0,6.872282459324479,-0.12771754067552088,0.12771754067552088,0.01924985154972081,3
phase47,Sand 2025 M7.3,67,73.0,7.300000190734863,8.074606265887255,0.7746060751523913,0.7746060751523913,0.042460142222950026,45
phase47,Xizang 2025 M7.1,67,73.0,7.099999904632568,8.049835248790892,0.9498353441583234,0.9498353441583234,0.062039645568034985,12
phase48,Iquique 2014 M7.7,67,73.0,7.699999809265137,7.710312943131418,0.010313133866281632,0.010313133866281632,-0.004285399016948688,11
phase48,Kodiak 2018 M7.9,67,73.0,7.900000095367432,7.886098946713158,-0.013901148654273499,0.013901148654273499,-0.014781088423973188,64
phase48,Luding 2022 M6.6,67,73.0,6.599999904632568,7.317915900403168,0.7179159957705998,0.7179159957705998,-0.018759981588307717,6
phase48,Mandalay 2025 M7.7,67,73.0,7.699999809265137,8.315527694554344,0.6155278852892074,0.6155278852892074,-0.039080485215544414,12
phase48,Nepal 2015 M7.3,67,73.0,7.300000190734863,7.1537218912456435,-0.14627829948921978,0.14627829948921978,-0.009236705735785833,5
phase48,Samos 2020 M7.0,67,73.0,7.0,6.73139643942998,-0.2686035605700203,0.2686035605700203,0.010192011439325022,3
phase48,Sand 2025 M7.3,67,73.0,7.300000190734863,8.299899041104693,0.9998988503698296,0.9998988503698296,-0.03737506424778125,45
phase48,Xizang 2025 M7.1,67,73.0,7.099999904632568,7.9524085169505305,0.8524086123179622,0.8524086123179622,-0.023036988063805275,12
phase39,Iquique 2014 M7.7,68,74.0,7.699999809265137,8.975196096868125,1.2751962876029879,1.2751962876029879,-0.005091531657956949,11
phase39,Kodiak 2018 M7.9,68,74.0,7.900000095367432,7.494266814368668,-0.4057332809987635,0.4057332809987635,-0.011272793645116685,64
phase39,Luding 2022 M6.6,68,74.0,6.599999904632568,7.1832663363704405,0.5832664317378722,0.5832664317378722,-0.004005966126375604,6
phase39,Mandalay 2025 M7.7,68,74.0,7.699999809265137,7.6333895094047906,-0.06661029986034617,0.06661029986034617,-0.01564865958526962,12
phase39,Nepal 2015 M7.3,68,74.0,7.300000190734863,7.746419100347387,0.4464189096125235,0.4464189096125235,-0.012418628741874826,5
phase39,Samos 2020 M7.0,68,74.0,7.0,7.253599972395315,0.25359997239531484,0.25359997239531484,-0.005953104767776551,3
phase39,Sand 2025 M7.3,68,74.0,7.300000190734863,7.822763248503019,0.5227630577681559,0.5227630577681559,0.035980227565756806,45
phase39,Xizang 2025 M7.1,68,74.0,7.099999904632568,7.6500427056505735,0.5500428010180052,0.5500428010180052,0.01329670646367731,12
phase47,Iquique 2014 M7.7,68,74.0,7.699999809265137,7.673085744005871,-0.026914065259266096,0.026914065259266096,-0.007767795140347644,11
phase47,Kodiak 2018 M7.9,68,74.0,7.900000095367432,8.117120507312572,0.21712041194514065,0.21712041194514065,0.041008898801285554,64
phase47,Luding 2022 M6.6,68,74.0,6.599999904632568,7.585065144403243,0.985065239770675,0.985065239770675,-0.04605634630669009,6
phase47,Mandalay 2025 M7.7,68,74.0,7.699999809265137,8.050820421414336,0.35082061214919946,0.35082061214919946,0.05458002550745178,12
phase47,Nepal 2015 M7.3,68,74.0,7.300000190734863,7.167383046773486,-0.1326171439613777,0.1326171439613777,0.009711653788317065,5
phase47,Samos 2020 M7.0,68,74.0,7.0,6.880517334310593,-0.11948266568940724,0.11948266568940724,0.008234874986113638,3
phase47,Sand 2025 M7.3,68,74.0,7.300000190734863,8.10896291748612,0.8089627267512576,0.8089627267512576,0.03435665159886625,45
phase47,Xizang 2025 M7.1,68,74.0,7.099999904632568,8.114993888010613,1.0149939833780444,1.0149939833780444,0.06515863921972098,12
phase48,Iquique 2014 M7.7,68,74.0,7.699999809265137,7.705620107438706,0.005620298173568905,0.005620298173568905,-0.004692835692712727,11
phase48,Kodiak 2018 M7.9,68,74.0,7.900000095367432,7.89810061404744,-0.001899481319991736,0.001899481319991736,0.012001667334281763,64
phase48,Luding 2022 M6.6,68,74.0,6.599999904632568,7.308051901656379,0.7080519970238104,0.7080519970238104,-0.009863998746789449,6
phase48,Mandalay 2025 M7.7,68,74.0,7.699999809265137,8.289926113870434,0.5899263046052976,0.5899263046052976,-0.02560158068390983,12
phase48,Nepal 2015 M7.3,68,74.0,7.300000190734863,7.14997663059226,-0.15002356014260343,0.15002356014260343,-0.003745260653383653,5
phase48,Samos 2020 M7.0,68,74.0,7.0,6.745524831521328,-0.25447516847867213,0.25447516847867213,0.014128392091348196,3
phase48,Sand 2025 M7.3,68,74.0,7.300000190734863,8.287481353186408,0.9874811624515445,0.9874811624515445,-0.012417687918285125,45
phase48,Xizang 2025 M7.1,68,74.0,7.099999904632568,7.943751631826373,0.8437517271938049,0.8437517271938049,-0.008656885124157299,12
phase39,Iquique 2014 M7.7,69,75.0,7.699999809265137,8.966953442399323,1.266953633134186,1.266953633134186,-0.008242654468801902,11
phase39,Kodiak 2018 M7.9,69,75.0,7.900000095367432,7.473053348169742,-0.42694674719768955,0.42694674719768955,-0.021213466198926056,64
phase39,Luding 2022 M6.6,69,75.0,6.599999904632568,7.18631745516746,0.5863175505348917,0.5863175505348917,0.0030511187970194698,6
phase39,Mandalay 2025 M7.7,69,75.0,7.699999809265137,7.615409909847244,-0.08458989941789241,0.08458989941789241,-0.017979599557546244,12
phase39,Nepal 2015 M7.3,69,75.0,7.300000190734863,7.727791238658889,0.42779104792402567,0.42779104792402567,-0.018627861688497838,5
phase39,Samos 2020 M7.0,69,75.0,7.0,7.239921120163917,0.23992112016391687,0.23992112016391687,-0.013678852231397975,3
phase39,Sand 2025 M7.3,69,75.0,7.300000190734863,7.865633155291807,0.5656329645569436,0.5656329645569436,0.04286990678878766,45
phase39,Xizang 2025 M7.1,69,75.0,7.099999904632568,7.656602098872979,0.5566021942404102,0.5566021942404102,0.006559393222405063,12
phase47,Iquique 2014 M7.7,69,75.0,7.699999809265137,7.664076525163439,-0.035923284101698094,0.035923284101698094,-0.009009218842431999,11
phase47,Kodiak 2018 M7.9,69,75.0,7.900000095367432,8.155460503643639,0.25546040827620686,0.25546040827620686,0.03833999633106622,64
phase47,Luding 2022 M6.6,69,75.0,6.599999904632568,7.608498103809856,1.0084981991772874,1.0084981991772874,0.023432959406612497,6
phase47,Mandalay 2025 M7.7,69,75.0,7.699999809265137,8.088531417141972,0.3885316078768355,0.3885316078768355,0.03771099572763603,12
phase47,Nepal 2015 M7.3,69,75.0,7.300000190734863,7.187484385544836,-0.11251580519002768,0.11251580519002768,0.020101338771350008,5
phase47,Samos 2020 M7.0,69,75.0,7.0,6.890942391634867,-0.10905760836513334,0.10905760836513334,0.0104250573242739,3
phase47,Sand 2025 M7.3,69,75.0,7.300000190734863,8.196065711415839,0.8960655206809758,0.8960655206809758,0.0871027939297182,45
phase47,Xizang 2025 M7.1,69,75.0,7.099999904632568,8.17661878782421,1.0766188831916423,1.0766188831916423,0.06162489981359798,12
phase48,Iquique 2014 M7.7,69,75.0,7.699999809265137,7.701600813696002,0.0016010044308654159,0.0016010044308654159,-0.004019293742703489,11
phase48,Kodiak 2018 M7.9,69,75.0,7.900000095367432,7.911869568824583,0.011869473457151614,0.011869473457151614,0.01376895477714335,64
phase48,Luding 2022 M6.6,69,75.0,6.599999904632568,7.306838103722633,0.7068381990900647,0.7068381990900647,-0.0012137979337456528,6
phase48,Mandalay 2025 M7.7,69,75.0,7.699999809265137,8.290762250335444,0.5907624410703072,0.5907624410703072,0.0008361364650095737,12
phase48,Nepal 2015 M7.3,69,75.0,7.300000190734863,7.146380550287246,-0.15361964044761756,0.15361964044761756,-0.0035960803050141266,5
phase48,Samos 2020 M7.0,69,75.0,7.0,6.760440660964911,-0.23955933903508875,0.23955933903508875,0.014915829443583384,3
phase48,Sand 2025 M7.3,69,75.0,7.300000190734863,8.309091448465217,1.0090912577303541,1.0090912577303541,0.021610095278809638,45
phase48,Xizang 2025 M7.1,69,75.0,7.099999904632568,7.951609399222886,0.8516094945903179,0.8516094945903179,0.007857767396513005,12
phase39,Iquique 2014 M7.7,70,76.0,7.699999809265137,8.951378260113895,1.2513784508487582,1.2513784508487582,-0.015575182285427758,11
phase39,Kodiak 2018 M7.9,70,76.0,7.900000095367432,7.44433941187901,-0.45566068348842137,0.45566068348842137,-0.028713936290731823,64
phase39,Luding 2022 M6.6,70,76.0,6.599999904632568,7.1866118433966015,0.5866119387640332,0.5866119387640332,0.00029438822914151785,6
phase39,Mandalay 2025 M7.7,70,76.0,7.699999809265137,7.584033081962094,-0.11596672730304292,0.11596672730304292,-0.031376827885150504,12
phase39,Nepal 2015 M7.3,70,76.0,7.300000190734863,7.694995099182412,0.3949949084475488,0.3949949084475488,-0.03279613947647686,5
phase39,Samos 2020 M7.0,70,76.0,7.0,7.2152870989977025,0.2152870989977025,0.2152870989977025,-0.02463402116621438,3
phase39,Sand 2025 M7.3,70,76.0,7.300000190734863,7.855709519554152,0.5557093288192885,0.5557093288192885,-0.00992363573765509,45
phase39,Xizang 2025 M7.1,70,76.0,7.099999904632568,7.614683675866669,0.5146837712341004,0.5146837712341004,-0.04191842300630988,12
phase47,Iquique 2014 M7.7,70,76.0,7.699999809265137,7.673394980267951,-0.026604828997185415,0.026604828997185415,0.00931845510451268,11
phase47,Kodiak 2018 M7.9,70,76.0,7.900000095367432,8.166970697030465,0.2669706016630329,0.2669706016630329,0.011510193386826018,64
phase47,Luding 2022 M6.6,70,76.0,6.599999904632568,7.636440602972387,1.0364406983398187,1.0364406983398187,0.02794249916253122,6
phase47,Mandalay 2025 M7.7,70,76.0,7.699999809265137,8.105209393234174,0.4052095839690377,0.4052095839690377,0.01667797609220223,12
phase47,Nepal 2015 M7.3,70,76.0,7.300000190734863,7.21586141683104,-0.08413877390382307,0.08413877390382307,0.028377031286204613,5
phase47,Samos 2020 M7.0,70,76.0,7.0,6.895998686826783,-0.10400131317321737,0.10400131317321737,0.0050562951919159715,3
phase47,Sand 2025 M7.3,70,76.0,7.300000190734863,8.215877679547146,0.9158774888122831,0.9158774888122831,0.019811968131307367,45
phase47,Xizang 2025 M7.1,70,76.0,7.099999904632568,8.231521319460644,1.1315214148280752,1.1315214148280752,0.05490253163643288,12
phase48,Iquique 2014 M7.7,70,76.0,7.699999809265137,7.696608602259364,-0.0033912070057731114,0.0033912070057731114,-0.004992211436638527,11
phase48,Kodiak 2018 M7.9,70,76.0,7.900000095367432,7.912637660145139,0.012637564777707055,0.012637564777707055,0.0007680913205554418,64
phase48,Luding 2022 M6.6,70,76.0,6.599999904632568,7.310122752331847,0.7101228476992789,0.7101228476992789,0.0032846486092141802,6
phase48,Mandalay 2025 M7.7,70,76.0,7.699999809265137,8.306245209896423,0.6062454006312858,0.6062454006312858,0.01548295956097867,12
phase48,Nepal 2015 M7.3,70,76.0,7.300000190734863,7.14066934174174,-0.15933084899312355,0.15933084899312355,-0.005711208545505997,5
phase48,Samos 2020 M7.0,70,76.0,7.0,6.766040288623497,-0.23395971137650307,0.23395971137650307,0.005599627658585682,3
phase48,Sand 2025 M7.3,70,76.0,7.300000190734863,8.339569261232409,1.0395690704975458,1.0395690704975458,0.030477812767191637,45
phase48,Xizang 2025 M7.1,70,76.0,7.099999904632568,7.970780191245794,0.8707802866132255,0.8707802866132255,0.019170792022907612,12
phase39,Iquique 2014 M7.7,71,77.0,7.699999809265137,8.929080119797245,1.2290803105321082,1.2290803105321082,-0.022298140316650006,11
phase39,Kodiak 2018 M7.9,71,77.0,7.900000095367432,7.392918745742414,-0.5070813496250173,0.5070813496250173,-0.051420666136595905,64
phase39,Luding 2022 M6.6,71,77.0,6.599999904632568,7.179053917061914,0.5790540124293457,0.5790540124293457,-0.007557926334687437,6
phase39,Mandalay 2025 M7.7,71,77.0,7.699999809265137,7.543455945496971,-0.15654386376816554,0.15654386376816554,-0.04057713646512262,12
phase39,Nepal 2015 M7.3,71,77.0,7.300000190734863,7.643772128616039,0.34377193788117566,0.34377193788117566,-0.05122297056637315,5
phase39,Samos 2020 M7.0,71,77.0,7.0,7.183948915835402,0.18394891583540218,0.18394891583540218,-0.031338183162300304,3
phase39,Sand 2025 M7.3,71,77.0,7.300000190734863,7.797844296690007,0.49784410595514395,0.49784410595514395,-0.05786522286414453,45
phase39,Xizang 2025 M7.1,71,77.0,7.099999904632568,7.531569742911732,0.43156983827916395,0.43156983827916395,-0.08311393295493641,12
phase47,Iquique 2014 M7.7,71,77.0,7.699999809265137,7.6673922273164985,-0.03260758194863822,0.03260758194863822,-0.0060027529514528055,11
phase47,Kodiak 2018 M7.9,71,77.0,7.900000095367432,8.168669955044678,0.2686698596772459,0.2686698596772459,0.001699258014213001,64
phase47,Luding 2022 M6.6,71,77.0,6.599999904632568,7.64811433709209,1.0481144324595215,1.0481144324595215,0.01167373411970285,6
phase47,Mandalay 2025 M7.7,71,77.0,7.699999809265137,8.108097652583062,0.4080978433179254,0.4080978433179254,0.0028882593488877006,12
phase47,Nepal 2015 M7.3,71,77.0,7.300000190734863,7.228347383774402,-0.07165280696046139,0.07165280696046139,0.012485966943361682,5
phase47,Samos 2020 M7.0,71,77.0,7.0,6.89521777934652,-0.10478222065347964,0.10478222065347964,-0.0007809074802622717,3
phase47,Sand 2025 M7.3,71,77.0,7.300000190734863,8.246575180407573,0.94657498967271,0.94657498967271,0.030697500860426885,45
phase47,Xizang 2025 M7.1,71,77.0,7.099999904632568,8.249778669364058,1.14977876473149,1.14977876473149,0.018257349903414877,12
phase48,Iquique 2014 M7.7,71,77.0,7.699999809265137,7.690880818985279,-0.009118990279858075,0.009118990279858075,-0.005727783274084963,11
phase48,Kodiak 2018 M7.9,71,77.0,7.900000095367432,7.916115700399805,0.016115605032373637,0.016115605032373637,0.003478040254666581,64
phase48,Luding 2022 M6.6,71,77.0,6.599999904632568,7.323846900424829,0.7238469957922611,0.7238469957922611,0.013724148092982169,6
phase48,Mandalay 2025 M7.7,71,77.0,7.699999809265137,8.32045091888344,0.620451109618303,0.620451109618303,0.014205708987017118,12
phase48,Nepal 2015 M7.3,71,77.0,7.300000190734863,7.1339199350834654,-0.16608025565139783,0.16608025565139783,-0.006749406658274282,5
phase48,Samos 2020 M7.0,71,77.0,7.0,6.7679587756644874,-0.23204122433551255,0.23204122433551255,0.001918487040990513,3
phase48,Sand 2025 M7.3,71,77.0,7.300000190734863,8.354289625014413,1.05428943427955,1.05428943427955,0.014720363782004142,45
phase48,Xizang 2025 M7.1,71,77.0,7.099999904632568,8.002512118790479,0.9025122141579107,0.9025122141579107,0.031731927544685234,12
phase39,Iquique 2014 M7.7,72,78.0,7.699999809265137,8.896660692149217,1.1966608828840801,1.1966608828840801,-0.032419427648028076,11
phase39,Kodiak 2018 M7.9,72,78.0,7.900000095367432,7.352090899724313,-0.5479091956431184,0.5479091956431184,-0.04082784601810108,64
phase39,Luding 2022 M6.6,72,78.0,6.599999904632568,7.167761314913266,0.5677614102806974,0.5677614102806974,-0.011292602148648356,6
phase39,Mandalay 2025 M7.7,72,78.0,7.699999809265137,7.521086126725351,-0.17891368253978612,0.17891368253978612,-0.022369818771620587,12
phase39,Nepal 2015 M7.3,72,78.0,7.300000190734863,7.5943592773252,0.2943590865903367,0.2943590865903367,-0.049412851290838944,5
phase39,Samos 2020 M7.0,72,78.0,7.0,7.164193259849986,0.164193259849986,0.164193259849986,-0.019755655985416176,3
phase39,Sand 2025 M7.3,72,78.0,7.300000190734863,7.741287742028789,0.44128755129392605,0.44128755129392605,-0.056556554661217895,45
phase39,Xizang 2025 M7.1,72,78.0,7.099999904632568,7.454117310010975,0.35411740537840686,0.35411740537840686,-0.0774524329007571,12
phase47,Iquique 2014 M7.7,72,78.0,7.699999809265137,7.661929532575773,-0.038070276689364135,0.038070276689364135,-0.005462694740725915,11
phase47,Kodiak 2018 M7.9,72,78.0,7.900000095367432,8.163391147494991,0.26339105212755953,0.26339105212755953,-0.0052788075496863485,64
phase47,Luding 2022 M6.6,72,78.0,6.599999904632568,7.640048394834182,1.040048490201614,1.040048490201614,-0.008065942257907466,6
phase47,Mandalay 2025 M7.7,72,78.0,7.699999809265137,8.10448538873262,0.4044855794674831,0.4044855794674831,-0.003612263850442332,12
phase47,Nepal 2015 M7.3,72,78.0,7.300000190734863,7.226276539069145,-0.07372365166571804,0.07372365166571804,-0.002070844705256647,5
phase47,Samos 2020 M7.0,72,78.0,7.0,6.892277782037009,-0.10772221796299064,0.10772221796299064,-0.002939997309511,3
phase47,Sand 2025 M7.3,72,78.0,7.300000190734863,8.244210502526434,0.9442103117915703,0.9442103117915703,-0.0023646778811396985,45
phase47,Xizang 2025 M7.1,72,78.0,7.099999904632568,8.233422698873751,1.1334227942411825,1.1334227942411825,-0.01635597049030757,12
phase48,Iquique 2014 M7.7,72,78.0,7.699999809265137,7.685172013589391,-0.014827795675746103,0.014827795675746103,-0.005708805395888028,11
phase48,Kodiak 2018 M7.9,72,78.0,7.900000095367432,7.923204624017654,0.023204528650222045,0.023204528650222045,0.007088923617848408,64
phase48,Luding 2022 M6.6,72,78.0,6.599999904632568,7.337233074979199,0.7372331703466308,0.7372331703466308,0.013386174554369745,6
phase48,Mandalay 2025 M7.7,72,78.0,7.699999809265137,8.32676348668346,0.6267636774183227,0.6267636774183227,0.006312567800019764,12
phase48,Nepal 2015 M7.3,72,78.0,7.300000190734863,7.129123047634037,-0.17087714310082625,0.17087714310082625,-0.004796887449428411,5
phase48,Samos 2020 M7.0,72,78.0,7.0,6.767145946301768,-0.2328540536982322,0.2328540536982322,-0.000812829362719647,3
phase48,Sand 2025 M7.3,72,78.0,7.300000190734863,8.36233117614227,1.0623309854074066,1.0623309854074066,0.00804155112785665,45
phase48,Xizang 2025 M7.1,72,78.0,7.099999904632568,8.040792979935976,0.9407930753034073,0.9407930753034073,0.03828086114549656,12
phase39,Iquique 2014 M7.7,73,79.0,7.699999809265137,8.866540743188855,1.1665409339237183,1.1665409339237183,-0.030119948960361853,11
phase39,Kodiak 2018 M7.9,73,79.0,7.900000095367432,7.35208542613627,-0.5479146692311616,0.5479146692311616,-5.473588043258815e-06,64
phase39,Luding 2022 M6.6,73,79.0,6.599999904632568,7.166714822791672,0.5667149181591036,0.5667149181591036,-0.0010464921215938006,6
phase39,Mandalay 2025 M7.7,73,79.0,7.699999809265137,7.51976076722862,-0.18023904203651675,0.18023904203651675,-0.001325359496730627,12
phase39,Nepal 2015 M7.3,73,79.0,7.300000190734863,7.570617670198538,0.27061747946367465,0.27061747946367465,-0.023741607126662068,5
phase39,Samos 2020 M7.0,73,79.0,7.0,7.149613200853635,0.1496132008536346,0.1496132008536346,-0.014580058996351397,3
phase39,Sand 2025 M7.3,73,79.0,7.300000190734863,7.6552032832774,0.3552030925425367,0.3552030925425367,-0.08608445875138937,45
phase39,Xizang 2025 M7.1,73,79.0,7.099999904632568,7.430410902819888,0.33041099818732,0.33041099818732,-0.023706407191086853,12
phase47,Iquique 2014 M7.7,73,79.0,7.699999809265137,7.655093994371148,-0.044905814893988705,0.044905814893988705,-0.006835538204624569,11
phase47,Kodiak 2018 M7.9,73,79.0,7.900000095367432,8.145143094014275,0.24514299864684297,0.24514299864684297,-0.018248053480716564,64
phase47,Luding 2022 M6.6,73,79.0,6.599999904632568,7.610173623071874,1.0101737184393054,1.0101737184393054,-0.029874771762308683,6
phase47,Mandalay 2025 M7.7,73,79.0,7.699999809265137,8.119375826683525,0.41937601741838826,0.41937601741838826,0.014890437950905167,12
phase47,Nepal 2015 M7.3,73,79.0,7.300000190734863,7.216485455448606,-0.08351473528625686,0.08351473528625686,-0.00979108362053882,5
phase47,Samos 2020 M7.0,73,79.0,7.0,6.88802870866196,-0.1119712913380404,0.1119712913380404,-0.004249073375049761,3
phase47,Sand 2025 M7.3,73,79.0,7.300000190734863,8.210265904051173,0.9102657133163099,0.9102657133163099,-0.033944598475260435,45
phase47,Xizang 2025 M7.1,73,79.0,7.099999904632568,8.2035164422884,1.1035165376558318,1.1035165376558318,-0.029906256585350732,12
phase48,Iquique 2014 M7.7,73,79.0,7.699999809265137,7.678808079151701,-0.021191730113435447,0.021191730113435447,-0.006363934437689345,11
phase48,Kodiak 2018 M7.9,73,79.0,7.900000095367432,7.9364340273451575,0.03643393197772582,0.03643393197772582,0.013229403327503775,64
phase48,Luding 2022 M6.6,73,79.0,6.599999904632568,7.341812691823815,0.7418127871912468,0.7418127871912468,0.004579616844615941,6
phase48,Mandalay 2025 M7.7,73,79.0,7.699999809265137,8.335056910403717,0.6350571011385799,0.6350571011385799,0.00829342372025721,12
phase48,Nepal 2015 M7.3,73,79.0,7.300000190734863,7.123622890234007,-0.17637730050085665,0.17637730050085665,-0.005500157400030403,5
phase48,Samos 2020 M7.0,73,79.0,7.0,6.764359337490104,-0.2356406625098959,0.2356406625098959,-0.0027866088116637044,3
phase48,Sand 2025 M7.3,73,79.0,7.300000190734863,8.391799534423178,1.091799343688315,1.091799343688315,0.029468358280908546,45
phase48,Xizang 2025 M7.1,73,79.0,7.099999904632568,8.085838683090222,0.9858387784576532,0.9858387784576532,0.04504570315424594,12
phase39,Iquique 2014 M7.7,74,80.0,7.699999809265137,8.843642842872027,1.1436430336068906,1.1436430336068906,-0.022897900316827702,11
phase39,Kodiak 2018 M7.9,74,80.0,7.900000095367432,7.402302787173955,-0.4976973081934766,0.4976973081934766,0.05021736103768504,64
phase39,Luding 2022 M6.6,74,80.0,6.599999904632568,7.183176360876745,0.5831764562441766,0.5831764562441766,0.016461538085073002,6
phase39,Mandalay 2025 M7.7,74,80.0,7.699999809265137,7.54219577620371,-0.15780403306142698,0.15780403306142698,0.022435008975089765,12
phase39,Nepal 2015 M7.3,74,80.0,7.300000190734863,7.5732009598846926,0.27320076914982927,0.27320076914982927,0.0025832896861546217,5
phase39,Samos 2020 M7.0,74,80.0,7.0,7.154100663825705,0.1541006638257052,0.1541006638257052,0.004487462972070588,3
phase39,Sand 2025 M7.3,74,80.0,7.300000190734863,7.625903989631755,0.325903798896892,0.325903798896892,-0.029299293645644653,45
phase39,Xizang 2025 M7.1,74,80.0,7.099999904632568,7.431552453677004,0.331552549044436,0.331552549044436,0.0011415508571159805,12
phase47,Iquique 2014 M7.7,74,80.0,7.699999809265137,7.6482528520752275,-0.05174695718990918,0.05174695718990918,-0.006841142295920477,11
phase47,Kodiak 2018 M7.9,74,80.0,7.900000095367432,8.14160935878551,0.24160926341807887,0.24160926341807887,-0.003533735228764101,64
phase47,Luding 2022 M6.6,74,80.0,6.599999904632568,7.583769629702061,0.983769725069493,0.983769725069493,-0.026403993369812362,6
phase47,Mandalay 2025 M7.7,74,80.0,7.699999809265137,8.130772900940237,0.4307730916750998,0.4307730916750998,0.011397074256711548,12
phase47,Nepal 2015 M7.3,74,80.0,7.300000190734863,7.209038042944621,-0.09096214779024248,0.09096214779024248,-0.007447412503985618,5
phase47,Samos 2020 M7.0,74,80.0,7.0,6.879935208042848,-0.12006479195715158,0.12006479195715158,-0.008093500619111182,3
phase47,Sand 2025 M7.3,74,80.0,7.300000190734863,8.172897267078957,0.8728970763440937,0.8728970763440937,-0.03736863697221615,45
phase47,Xizang 2025 M7.1,74,80.0,7.099999904632568,8.170265334868905,1.0702654302363364,1.0702654302363364,-0.03325110741949544,12
phase48,Iquique 2014 M7.7,74,80.0,7.699999809265137,7.673981493750643,-0.026018315514493295,0.026018315514493295,-0.004826585401057848,11
phase48,Kodiak 2018 M7.9,74,80.0,7.900000095367432,7.9476249945892725,0.04762489922184088,0.04762489922184088,0.011190967244115058,64
phase48,Luding 2022 M6.6,74,80.0,6.599999904632568,7.33794484247612,0.7379449378435519,0.7379449378435519,-0.003867849347694907,6
phase48,Mandalay 2025 M7.7,74,80.0,7.699999809265137,8.34314827120641,0.6431484619412728,0.6431484619412728,0.008091360802692904,12
phase48,Nepal 2015 M7.3,74,80.0,7.300000190734863,7.118543345878567,-0.18145684485629587,0.18145684485629587,-0.005079544355439225,5
phase48,Samos 2020 M7.0,74,80.0,7.0,6.762668373491383,-0.23733162650861672,0.23733162650861672,-0.001690963998720818,3
phase48,Sand 2025 M7.3,74,80.0,7.300000190734863,8.38852044147549,1.0885202507406273,1.0885202507406273,-0.0032790929476878006,45
phase48,Xizang 2025 M7.1,74,80.0,7.099999904632568,8.108475873458227,1.0084759688256586,1.0084759688256586,0.022637190368005378,12
phase39,Iquique 2014 M7.7,75,81.0,7.699999809265137,8.819181105145809,1.1191812958806722,1.1191812958806722,-0.024461737726218402,11
phase39,Kodiak 2018 M7.9,75,81.0,7.900000095367432,7.443162020005142,-0.45683807536229004,0.45683807536229004,0.04085923283118653,64
phase39,Luding 2022 M6.6,75,81.0,6.599999904632568,7.2096404691469225,0.6096405645143541,0.6096405645143541,0.026464108270177533,6
phase39,Mandalay 2025 M7.7,75,81.0,7.699999809265137,7.572838187215014,-0.1271616220501226,0.1271616220501226,0.030642411011304382,12
phase39,Nepal 2015 M7.3,75,81.0,7.300000190734863,7.590812854227637,0.29081266349277346,0.29081266349277346,0.01761189434294419,5
phase39,Samos 2020 M7.0,75,81.0,7.0,7.157831626424528,0.15783162642452808,0.15783162642452808,0.0037309625988228845,3
phase39,Sand 2025 M7.3,75,81.0,7.300000190734863,7.678566143328383,0.37856595259351966,0.37856595259351966,0.052662153696627634,45
phase39,Xizang 2025 M7.1,75,81.0,7.099999904632568,7.463406324554141,0.3634064199215725,0.3634064199215725,0.031853870877136536,12
phase47,Iquique 2014 M7.7,75,81.0,7.699999809265137,7.627876628149175,-0.07212318111596172,0.07212318111596172,-0.02037622392605254,11
phase47,Kodiak 2018 M7.9,75,81.0,7.900000095367432,8.114310188741836,0.21431009337440443,0.21431009337440443,-0.027299170043674437,64
phase47,Luding 2022 M6.6,75,81.0,6.599999904632568,7.5652692392817205,0.9652693346491521,0.9652693346491521,-0.018500390420340906,6
phase47,Mandalay 2025 M7.7,75,81.0,7.699999809265137,8.138237978464982,0.4382381691998454,0.4382381691998454,0.007465077524745567,12
phase47,Nepal 2015 M7.3,75,81.0,7.300000190734863,7.205290423997289,-0.0947097667375747,0.0947097667375747,-0.003747618947332221,5
phase47,Samos 2020 M7.0,75,81.0,7.0,6.870816755590601,-0.12918324440939877,0.12918324440939877,-0.009118452452247183,3
phase47,Sand 2025 M7.3,75,81.0,7.300000190734863,8.142757477392799,0.8427572866579354,0.8427572866579354,-0.03013978968615838,45
phase47,Xizang 2025 M7.1,75,81.0,7.099999904632568,8.108897178761744,1.0088972741291755,1.0088972741291755,-0.06136815610716084,12
phase48,Iquique 2014 M7.7,75,81.0,7.699999809265137,7.670517773730776,-0.029482035534361017,0.029482035534361017,-0.003463720019867722,11
phase48,Kodiak 2018 M7.9,75,81.0,7.900000095367432,7.953239029654612,0.053238934287180406,0.053238934287180406,0.005614035065339529,64
phase48,Luding 2022 M6.6,75,81.0,6.599999904632568,7.333761696819691,0.7337617921871225,0.7337617921871225,-0.00418314565642941,6
phase48,Mandalay 2025 M7.7,75,81.0,7.699999809265137,8.352877434564409,0.6528776252992721,0.6528776252992721,0.009729163357999226,12
phase48,Nepal 2015 M7.3,75,81.0,7.300000190734863,7.115723765439719,-0.18427642529514454,0.18427642529514454,-0.002819580438848668,5
phase48,Samos 2020 M7.0,75,81.0,7.0,6.763485597214591,-0.23651440278540914,0.23651440278540914,0.000817223723207583,3
phase48,Sand 2025 M7.3,75,81.0,7.300000190734863,8.396259386505744,1.0962591957708803,1.0962591957708803,0.007738945030252964,45
phase48,Xizang 2025 M7.1,75,81.0,7.099999904632568,8.109363343621032,1.0093634389884638,1.0093634389884638,0.0008874701628052151,12
phase39,Iquique 2014 M7.7,76,82.0,7.699999809265137,8.794496293419582,1.0944964841544458,1.0944964841544458,-0.024684811726226386,11
phase39,Kodiak 2018 M7.9,76,82.0,7.900000095367432,7.455472962093638,-0.4445271332737937,0.4445271332737937,0.012310942088496368,64
phase39,Luding 2022 M6.6,76,82.0,6.599999904632568,7.227711761155047,0.6277118565224784,0.6277118565224784,0.018071292008124296,6
phase39,Mandalay 2025 M7.7,76,82.0,7.699999809265137,7.587333777620346,-0.11266603164479072,0.11266603164479072,0.014495590405331882,12
phase39,Nepal 2015 M7.3,76,82.0,7.300000190734863,7.6086896971726965,0.3086895064378332,0.3086895064378332,0.017876842945059757,5
phase39,Samos 2020 M7.0,76,82.0,7.0,7.1551676732612615,0.15516767326126146,0.15516767326126146,-0.002663953163266619,3
phase39,Sand 2025 M7.3,76,82.0,7.300000190734863,7.679825223992247,0.3798250332573838,0.3798250332573838,0.0012590806638641538,45
phase39,Xizang 2025 M7.1,76,82.0,7.099999904632568,7.486675324652683,0.386675420020115,0.386675420020115,0.02326900009854249,12
phase47,Iquique 2014 M7.7,76,82.0,7.699999809265137,7.615735213483185,-0.08426459578195189,0.08426459578195189,-0.012141414665990169,11
phase47,Kodiak 2018 M7.9,76,82.0,7.900000095367432,8.11816480607531,0.21816471070787813,0.21816471070787813,0.0038546173334736977,64
phase47,Luding 2022 M6.6,76,82.0,6.599999904632568,7.55926483736755,0.9592649327349818,0.9592649327349818,-0.006004401914170288,6
phase47,Mandalay 2025 M7.7,76,82.0,7.699999809265137,8.117758955596386,0.41775914633124955,0.41775914633124955,-0.02047902286859582,12
phase47,Nepal 2015 M7.3,76,82.0,7.300000190734863,7.201433690976092,-0.09856649975877119,0.09856649975877119,-0.00385673302119649,5
phase47,Samos 2020 M7.0,76,82.0,7.0,6.866329392286856,-0.1336706077131442,0.1336706077131442,-0.00448736330374544,3
phase47,Sand 2025 M7.3,76,82.0,7.300000190734863,8.128876509180127,0.8288763184452641,0.8288763184452641,-0.013880968212671263,45
phase47,Xizang 2025 M7.1,76,82.0,7.099999904632568,8.04207801372625,0.9420781090936821,0.9420781090936821,-0.06681916503549346,12
phase48,Iquique 2014 M7.7,76,82.0,7.699999809265137,7.667406616710924,-0.03259319255421289,0.03259319255421289,-0.0031111570198518734,11
phase48,Kodiak 2018 M7.9,76,82.0,7.900000095367432,7.955529131862173,0.05552903649474139,0.05552903649474139,0.0022901022075609845,64
phase48,Luding 2022 M6.6,76,82.0,6.599999904632568,7.31451578932882,0.7145158846962518,0.7145158846962518,-0.01924590749087063,6
phase48,Mandalay 2025 M7.7,76,82.0,7.699999809265137,8.357793513193904,0.6577937039287676,0.6577937039287676,0.004916078629495502,12
phase48,Nepal 2015 M7.3,76,82.0,7.300000190734863,7.114999163466873,-0.18500102726799028,0.18500102726799028,-0.0007246019728457398,5
phase48,Samos 2020 M7.0,76,82.0,7.0,6.76354866252153,-0.2364513374784698,0.2364513374784698,6.30653069393361e-05,3
phase48,Sand 2025 M7.3,76,82.0,7.300000190734863,8.395418894950915,1.0954187042160513,1.0954187042160513,-0.0008404915548290148,45
phase48,Xizang 2025 M7.1,76,82.0,7.099999904632568,8.098209386952401,0.9982094823198331,0.9982094823198331,-0.011153956668630727,12
phase39,Iquique 2014 M7.7,77,83.0,7.699999809265137,8.787998650412522,1.0879988411473853,1.0879988411473853,-0.006497643007060461,11
phase39,Kodiak 2018 M7.9,77,83.0,7.900000095367432,7.471734106588903,-0.42826598877852895,0.42826598877852895,0.016261144495264723,64
phase39,Luding 2022 M6.6,77,83.0,6.599999904632568,7.240578338795936,0.640578434163368,0.640578434163368,0.01286657764088961,6
phase39,Mandalay 2025 M7.7,77,83.0,7.699999809265137,7.583483606779257,-0.11651620248587946,0.11651620248587946,-0.0038501708410887403,12
phase39,Nepal 2015 M7.3,77,83.0,7.300000190734863,7.618784588002738,0.31878439726787455,0.31878439726787455,0.010094890830041336,5
phase39,Samos 2020 M7.0,77,83.0,7.0,7.1536290948152805,0.15362909481528053,0.15362909481528053,-0.0015385784459809315,3
phase39,Sand 2025 M7.3,77,83.0,7.300000190734863,7.672196688324683,0.37219649758981976,0.37219649758981976,-0.0076285356675640514,45
phase39,Xizang 2025 M7.1,77,83.0,7.099999904632568,7.500549090835573,0.40054918620300484,0.40054918620300484,0.013873766182889824,12
phase47,Iquique 2014 M7.7,77,83.0,7.699999809265137,7.628312837190216,-0.0716869720749207,0.0716869720749207,0.012577623707031194,11
phase47,Kodiak 2018 M7.9,77,83.0,7.900000095367432,8.112898694022244,0.21289859865481198,0.21289859865481198,-0.005266112053066152,64
phase47,Luding 2022 M6.6,77,83.0,6.599999904632568,7.55372038234071,0.9537204777081421,0.9537204777081421,-0.005544455026839756,6
phase47,Mandalay 2025 M7.7,77,83.0,7.699999809265137,8.094724107815088,0.39472429854995106,0.39472429854995106,-0.023034847781298495,12
phase47,Nepal 2015 M7.3,77,83.0,7.300000190734863,7.1967508460464735,-0.10324934468838975,0.10324934468838975,-0.004682844929618568,5
phase47,Samos 2020 M7.0,77,83.0,7.0,6.866306109470845,-0.13369389052915537,0.13369389052915537,-2.328281601116089e-05,3
phase47,Sand 2025 M7.3,77,83.0,7.300000190734863,8.127337928604856,0.8273377378699927,0.8273377378699927,-0.0015385805752714532,45
phase47,Xizang 2025 M7.1,77,83.0,7.099999904632568,8.006095017461544,0.9060951128289751,0.9060951128289751,-0.03598299626470691,12
phase48,Iquique 2014 M7.7,77,83.0,7.699999809265137,7.663587376126125,-0.0364124331390121,0.0364124331390121,-0.0038192405847992106,11
phase48,Kodiak 2018 M7.9,77,83.0,7.900000095367432,7.958156683658174,0.05815658829074266,0.05815658829074266,0.0026275517960012706,64
phase48,Luding 2022 M6.6,77,83.0,6.599999904632568,7.283602891158688,0.68360298652612,0.68360298652612,-0.030912898170131875,6
phase48,Mandalay 2025 M7.7,77,83.0,7.699999809265137,8.355055515299753,0.6550557060346165,0.6550557060346165,-0.0027379978941510785,12
phase48,Nepal 2015 M7.3,77,83.0,7.300000190734863,7.1132265607001255,-0.1867736300347378,0.1867736300347378,-0.0017726027667475108,5
phase48,Samos 2020 M7.0,77,83.0,7.0,6.762086316677725,-0.23791368332227503,0.23791368332227503,-0.001462345843805224,3
phase48,Sand 2025 M7.3,77,83.0,7.300000190734863,8.389778376450472,1.089778185715609,1.089778185715609,-0.0056405185004422265,45
phase48,Xizang 2025 M7.1,77,83.0,7.099999904632568,8.078074808684857,0.9780749040522885,0.9780749040522885,-0.02013457826754461,12
phase39,Iquique 2014 M7.7,78,84.0,7.699999809265137,8.786667790471851,1.0866679812067144,1.0866679812067144,-0.0013308599406709476,11
phase39,Kodiak 2018 M7.9,78,84.0,7.900000095367432,7.486467688751494,-0.4135324066159374,0.4135324066159374,0.014733582162591574,64
phase39,Luding 2022 M6.6,78,84.0,6.599999904632568,7.243704419050691,0.6437045144181228,0.6437045144181228,0.003126080254754804,6
phase39,Mandalay 2025 M7.7,78,84.0,7.699999809265137,7.574087896104008,-0.12591191316112837,0.12591191316112837,-0.009395710675248914,12
phase39,Nepal 2015 M7.3,78,84.0,7.300000190734863,7.624573078602936,0.32457288786807315,0.32457288786807315,0.0057884906001985925,5
phase39,Samos 2020 M7.0,78,84.0,7.0,7.151935954494077,0.1519359544940766,0.1519359544940766,-0.0016931403212039342,3
phase39,Sand 2025 M7.3,78,84.0,7.300000190734863,7.657934681021848,0.35793449028698454,0.35793449028698454,-0.014262007302835222,45
phase39,Xizang 2025 M7.1,78,84.0,7.099999904632568,7.4954359634212135,0.3954360587886452,0.3954360587886452,-0.005113127414359653,12
phase47,Iquique 2014 M7.7,78,84.0,7.699999809265137,7.630708424036028,-0.06929138522910883,0.06929138522910883,0.00239558684581187,11
phase47,Kodiak 2018 M7.9,78,84.0,7.900000095367432,8.104518033147611,0.2045179377801798,0.2045179377801798,-0.008380660874632184,64
phase47,Luding 2022 M6.6,78,84.0,6.599999904632568,7.547098492878551,0.947098588245983,0.947098588245983,-0.006621889462159025,6
phase47,Mandalay 2025 M7.7,78,84.0,7.699999809265137,8.075863185025575,0.3758633757604386,0.3758633757604386,-0.018860922789512458,12
phase47,Nepal 2015 M7.3,78,84.0,7.300000190734863,7.192596943914671,-0.10740324682019242,0.10740324682019242,-0.004153902131802667,5
phase47,Samos 2020 M7.0,78,84.0,7.0,6.873046654304894,-0.12695334569510575,0.12695334569510575,0.006740544834049622,3
phase47,Sand 2025 M7.3,78,84.0,7.300000190734863,8.124785549610014,0.8247853588751504,0.8247853588751504,-0.002552378994842286,45
phase47,Xizang 2025 M7.1,78,84.0,7.099999904632568,7.974719329566747,0.8747194249341783,0.8747194249341783,-0.03137568789479683,12
phase48,Iquique 2014 M7.7,78,84.0,7.699999809265137,7.6568070338518535,-0.04319277541328326,0.04319277541328326,-0.006780342274271156,11
phase48,Kodiak 2018 M7.9,78,84.0,7.900000095367432,7.96696591399422,0.0669658186267883,0.0669658186267883,0.008809230336045637,64
phase48,Luding 2022 M6.6,78,84.0,6.599999904632568,7.256236877352398,0.6562369727198298,0.6562369727198298,-0.027366013806290113,6
phase48,Mandalay 2025 M7.7,78,84.0,7.699999809265137,8.35828551899934,0.6582857097342032,0.6582857097342032,0.003230003699586703,12
phase48,Nepal 2015 M7.3,78,84.0,7.300000190734863,7.111334447497449,-0.18866574323741414,0.18866574323741414,-0.0018921132026763487,5
phase48,Samos 2020 M7.0,78,84.0,7.0,6.758482438757493,-0.24151756124250667,0.24151756124250667,-0.003603877920231646,3
phase48,Sand 2025 M7.3,78,84.0,7.300000190734863,8.4032782407305,1.1032780499956374,1.1032780499956374,0.013499864280028362,45
phase48,Xizang 2025 M7.1,78,84.0,7.099999904632568,8.053428084626898,0.9534281799943294,0.9534281799943294,-0.02464672405795909,12
phase39,Iquique 2014 M7.7,79,85.0,7.699999809265137,8.777691753462129,1.0776919441969923,1.0776919441969923,-0.008976037009722049,11
phase39,Kodiak 2018 M7.9,79,85.0,7.900000095367432,7.502083158069078,-0.397916937298354,0.397916937298354,0.015615469317583397,64
phase39,Luding 2022 M6.6,79,85.0,6.599999904632568,7.238498023919121,0.6384981192865524,0.6384981192865524,-0.005206395131570396,6
phase39,Mandalay 2025 M7.7,79,85.0,7.699999809265137,7.559461998266863,-0.140537810998274,0.140537810998274,-0.01462589783714563,12
phase39,Nepal 2015 M7.3,79,85.0,7.300000190734863,7.624671430592022,0.3246712398571585,0.3246712398571585,9.835198908536569e-05,5
phase39,Samos 2020 M7.0,79,85.0,7.0,7.151912679919061,0.15191267991906088,0.15191267991906088,-2.327457501571928e-05,3
phase39,Sand 2025 M7.3,79,85.0,7.300000190734863,7.6329957910212665,0.3329956002864032,0.3329956002864032,-0.02493889000058136,45
phase39,Xizang 2025 M7.1,79,85.0,7.099999904632568,7.485036850111344,0.38503694547877565,0.38503694547877565,-0.010399113309869534,12
phase47,Iquique 2014 M7.7,79,85.0,7.699999809265137,7.620191740693688,-0.07980806857144884,0.07980806857144884,-0.010516683342340016,11
phase47,Kodiak 2018 M7.9,79,85.0,7.900000095367432,8.113827563274064,0.21382746790663276,0.21382746790663276,0.00930953012645297,64
phase47,Luding 2022 M6.6,79,85.0,6.599999904632568,7.5431091869735205,0.9431092823409521,0.9431092823409521,-0.003989305905030882,6
phase47,Mandalay 2025 M7.7,79,85.0,7.699999809265137,8.074499136997582,0.37449932773244576,0.37449932773244576,-0.0013640480279928369,12
phase47,Nepal 2015 M7.3,79,85.0,7.300000190734863,7.188458517333796,-0.11154167340106724,0.11154167340106724,-0.004138426580874821,5
phase47,Samos 2020 M7.0,79,85.0,7.0,6.881426304393717,-0.11857369560628328,0.11857369560628328,0.008379650088822466,3
phase47,Sand 2025 M7.3,79,85.0,7.300000190734863,8.129985457288504,0.8299852665536402,0.8299852665536402,0.005199907678489879,45
phase47,Xizang 2025 M7.1,79,85.0,7.099999904632568,7.942697426987974,0.8426975223554054,0.8426975223554054,-0.03202190257877291,12
phase48,Iquique 2014 M7.7,79,85.0,7.699999809265137,7.649363947105564,-0.05063586215957283,0.05063586215957283,-0.007443086746289573,11
phase48,Kodiak 2018 M7.9,79,85.0,7.900000095367432,7.9981378517808785,0.09813775641344691,0.09813775641344691,0.03117193778665861,64
phase48,Luding 2022 M6.6,79,85.0,6.599999904632568,7.238073961637025,0.6380740570044567,0.6380740570044567,-0.018162915715373096,6
phase48,Mandalay 2025 M7.7,79,85.0,7.699999809265137,8.360955044084424,0.6609552348192871,0.6609552348192871,0.0026695250850838903,12
phase48,Nepal 2015 M7.3,79,85.0,7.300000190734863,7.1093012909939155,-0.19069889974094778,0.19069889974094778,-0.0020331565035336396,5
phase48,Samos 2020 M7.0,79,85.0,7.0,6.753470383778149,-0.2465296162218511,0.2465296162218511,-0.005012054979344427,3
phase48,Sand 2025 M7.3,79,85.0,7.300000190734863,8.433340755175546,1.133340564440683,1.133340564440683,0.030062514445045707,45
phase48,Xizang 2025 M7.1,79,85.0,7.099999904632568,8.03144584089019,0.9314459362576208,0.9314459362576208,-0.02198224373670854,12
phase39,Iquique 2014 M7.7,80,86.0,7.699999809265137,8.750632319786526,1.050632510521389,1.050632510521389,-0.027059433675603373,11
phase39,Kodiak 2018 M7.9,80,86.0,7.900000095367432,7.499613019868681,-0.40038707549875063,0.40038707549875063,-0.0024701382003966543,64
phase39,Luding 2022 M6.6,80,86.0,6.599999904632568,7.213457567384304,0.6134576627517356,0.6134576627517356,-0.02504045653481679,6
phase39,Mandalay 2025 M7.7,80,86.0,7.699999809265137,7.53566786249783,-0.164331946767307,0.164331946767307,-0.023794135769032998,12
phase39,Nepal 2015 M7.3,80,86.0,7.300000190734863,7.617781724815367,0.31778153408050347,0.31778153408050347,-0.006889705776655042,5
phase39,Samos 2020 M7.0,80,86.0,7.0,7.151869677258049,0.15186967725804923,0.15186967725804923,-4.300266101164851e-05,3
phase39,Sand 2025 M7.3,80,86.0,7.300000190734863,7.579607998510793,0.2796078077759301,0.2796078077759301,-0.0533877925104731,45
phase39,Xizang 2025 M7.1,80,86.0,7.099999904632568,7.449826949758344,0.34982704512577545,0.34982704512577545,-0.0352099003530002,12
phase47,Iquique 2014 M7.7,80,86.0,7.699999809265137,7.6147366578260085,-0.08526315143912822,0.08526315143912822,-0.005455082867679373,11
phase47,Kodiak 2018 M7.9,80,86.0,7.900000095367432,8.128726843414768,0.22872674804733606,0.22872674804733606,0.014899280140703297,64
phase47,Luding 2022 M6.6,80,86.0,6.599999904632568,7.507883304869993,0.9078834002374245,0.9078834002374245,-0.03522588210352762,6
phase47,Mandalay 2025 M7.7,80,86.0,7.699999809265137,8.072502225025827,0.37250241576069065,0.37250241576069065,-0.001996911971755111,12
phase47,Nepal 2015 M7.3,80,86.0,7.300000190734863,7.183778870975851,-0.11622131975901251,0.11622131975901251,-0.004679646357945266,5
phase47,Samos 2020 M7.0,80,86.0,7.0,6.892143060215393,-0.10785693978460742,0.10785693978460742,0.01071675582167586,3
phase47,Sand 2025 M7.3,80,86.0,7.300000190734863,8.108699016306238,0.8086988255713745,0.8086988255713745,-0.02128644098226573,45
phase47,Xizang 2025 M7.1,80,86.0,7.099999904632568,7.914643427520038,0.8146435228874696,0.8146435228874696,-0.028053999467935853,12
phase48,Iquique 2014 M7.7,80,86.0,7.699999809265137,7.647144037211444,-0.05285577205369307,0.05285577205369307,-0.002219909894120242,11
phase48,Kodiak 2018 M7.9,80,86.0,7.900000095367432,8.01031790814093,0.1103178127734985,0.1103178127734985,0.012180056360051594,64
phase48,Luding 2022 M6.6,80,86.0,6.599999904632568,7.23087611154291,0.630876206910342,0.630876206910342,-0.007197850094114777,6
phase48,Mandalay 2025 M7.7,80,86.0,7.699999809265137,8.362968489629978,0.6629686803648411,0.6629686803648411,0.002013445545554049,12
phase48,Nepal 2015 M7.3,80,86.0,7.300000190734863,7.106860464319928,-0.1931397264149357,0.1931397264149357,-0.002440826673987928,5
phase48,Samos 2020 M7.0,80,86.0,7.0,6.748356697323218,-0.2516433026767819,0.2516433026767819,-0.005113686454930821,3
phase48,Sand 2025 M7.3,80,86.0,7.300000190734863,8.46792721207851,1.1679270213436475,1.1679270213436475,0.03458645690296436,45
phase48,Xizang 2025 M7.1,80,86.0,7.099999904632568,8.019341426453106,0.9193415218205381,0.9193415218205381,-0.012104414437082767,12
phase39,Iquique 2014 M7.7,81,87.0,7.699999809265137,8.702094297459436,1.0020944881942988,1.0020944881942988,-0.04853802232709015,11
phase39,Kodiak 2018 M7.9,81,87.0,7.900000095367432,7.523346389089806,-0.37665370627762584,0.37665370627762584,0.02373336922112479,64
phase39,Luding 2022 M6.6,81,87.0,6.599999904632568,7.176563347021501,0.5765634423889328,0.5765634423889328,-0.036894220362802876,6
phase39,Mandalay 2025 M7.7,81,87.0,7.699999809265137,7.508740386068792,-0.19125942319634515,0.19125942319634515,-0.026927476429038144,12
phase39,Nepal 2015 M7.3,81,87.0,7.300000190734863,7.602085084830744,0.3020848940958807,0.3020848940958807,-0.015696639984622784,5
phase39,Samos 2020 M7.0,81,87.0,7.0,7.152121500348408,0.1521215003484082,0.1521215003484082,0.0002518230903589824,3
phase39,Sand 2025 M7.3,81,87.0,7.300000190734863,7.543254475094998,0.24325428436013485,0.24325428436013485,-0.03635352341579523,45
phase39,Xizang 2025 M7.1,81,87.0,7.099999904632568,7.44977840909228,0.3497785044597119,0.3497785044597119,-4.8540666063523474e-05,12
phase47,Iquique 2014 M7.7,81,87.0,7.699999809265137,7.611841958502271,-0.08815785076286531,0.08815785076286531,-0.0028946993237370933,11
phase47,Kodiak 2018 M7.9,81,87.0,7.900000095367432,8.144182209679943,0.2441821143125118,0.2441821143125118,0.01545536626517574,64
phase47,Luding 2022 M6.6,81,87.0,6.599999904632568,7.473830366252889,0.8738304616203205,0.8738304616203205,-0.03405293861710401,6
phase47,Mandalay 2025 M7.7,81,87.0,7.699999809265137,8.073083750552573,0.3730839412874367,0.3730839412874367,0.0005815255267460628,12
phase47,Nepal 2015 M7.3,81,87.0,7.300000190734863,7.179255941452191,-0.12074424928267202,0.12074424928267202,-0.0045229295236595135,5
phase47,Samos 2020 M7.0,81,87.0,7.0,6.900647365407083,-0.09935263459291743,0.09935263459291743,0.008504305191689987,3
phase47,Sand 2025 M7.3,81,87.0,7.300000190734863,8.122995183145289,0.8229949924104254,0.8229949924104254,0.014296166839050883,45
phase47,Xizang 2025 M7.1,81,87.0,7.099999904632568,7.892891925376266,0.7928920207436976,0.7928920207436976,-0.021751502143771972,12
phase48,Iquique 2014 M7.7,81,87.0,7.699999809265137,7.646324450270272,-0.053675358994865086,0.053675358994865086,-0.0008195869411720125,11
phase48,Kodiak 2018 M7.9,81,87.0,7.900000095367432,8.049653029073756,0.14965293370632438,0.14965293370632438,0.03933512093282587,64
phase48,Luding 2022 M6.6,81,87.0,6.599999904632568,7.233697478547864,0.6336975739152955,0.6336975739152955,0.002821367004953501,6
phase48,Mandalay 2025 M7.7,81,87.0,7.699999809265137,8.37425937064403,0.6742595613788929,0.6742595613788929,0.011290881014051735,12
phase48,Nepal 2015 M7.3,81,87.0,7.300000190734863,7.105226878163048,-0.19477331257181518,0.19477331257181518,-0.001633586156879474,5
phase48,Samos 2020 M7.0,81,87.0,7.0,6.745708150159981,-0.25429184984001907,0.25429184984001907,-0.002648547163237147,3
phase48,Sand 2025 M7.3,81,87.0,7.300000190734863,8.487775637408266,1.1877754466734025,1.1877754466734025,0.01984842532975506,45
phase48,Xizang 2025 M7.1,81,87.0,7.099999904632568,8.015792758601538,0.9157928539689699,0.9157928539689699,-0.0035486678515681547,12
phase39,Iquique 2014 M7.7,82,88.0,7.699999809265137,8.653106732163398,0.9531069228982609,0.9531069228982609,-0.04898756529603787,11
phase39,Kodiak 2018 M7.9,82,88.0,7.900000095367432,7.537838147508535,-0.36216194785889666,0.36216194785889666,0.014491758418729184,64
phase39,Luding 2022 M6.6,82,88.0,6.599999904632568,7.143033357268682,0.5430334526361138,0.5430334526361138,-0.033529989752818956,6
phase39,Mandalay 2025 M7.7,82,88.0,7.699999809265137,7.491206947936627,-0.20879286132850972,0.20879286132850972,-0.01753343813216457,12
phase39,Nepal 2015 M7.3,82,88.0,7.300000190734863,7.580838383973186,0.2808381932383224,0.2808381932383224,-0.02124670085755831,5
phase39,Samos 2020 M7.0,82,88.0,7.0,7.148497780732016,0.1484977807320158,0.1484977807320158,-0.003623719616392407,3
phase39,Sand 2025 M7.3,82,88.0,7.300000190734863,7.527407522855702,0.22740733212083875,0.22740733212083875,-0.015846952239296108,45
phase39,Xizang 2025 M7.1,82,88.0,7.099999904632568,7.448193927713878,0.34819402308130964,0.34819402308130964,-0.0015844813784022804,12
phase47,Iquique 2014 M7.7,82,88.0,7.699999809265137,7.610402790703585,-0.08959701856155178,0.08959701856155178,-0.0014391677986864693,11
phase47,Kodiak 2018 M7.9,82,88.0,7.900000095367432,8.151543508820033,0.2515434134526018,0.2515434134526018,0.007361299140089983,64
phase47,Luding 2022 M6.6,82,88.0,6.599999904632568,7.450214063497882,0.850214158865314,0.850214158865314,-0.02361630275500648,6
phase47,Mandalay 2025 M7.7,82,88.0,7.699999809265137,8.0694803919578,0.36948058269266326,0.36948058269266326,-0.0036033585947734537,12
phase47,Nepal 2015 M7.3,82,88.0,7.300000190734863,7.176226464877535,-0.12377372585732793,0.12377372585732793,-0.0030294765746559094,5
phase47,Samos 2020 M7.0,82,88.0,7.0,6.9088060323173135,-0.0911939676826865,0.0911939676826865,0.008158666910230927,3
phase47,Sand 2025 M7.3,82,88.0,7.300000190734863,8.11103166251246,0.8110314717775964,0.8110314717775964,-0.011963520632829017,45
phase47,Xizang 2025 M7.1,82,88.0,7.099999904632568,7.8963429076712615,0.7963430030386931,0.7963430030386931,0.0034509822949955193,12
phase48,Iquique 2014 M7.7,82,88.0,7.699999809265137,7.646629448532668,-0.053370360732468924,0.053370360732468924,0.0003049982623961611,11
phase48,Kodiak 2018 M7.9,82,88.0,7.900000095367432,8.074372608561559,0.17437251319412717,0.17437251319412717,0.02471957948780279,64
phase48,Luding 2022 M6.6,82,88.0,6.599999904632568,7.246868777092385,0.6468688724598168,0.6468688724598168,0.01317129854452137,6
phase48,Mandalay 2025 M7.7,82,88.0,7.699999809265137,8.373091998886924,0.6730921896217872,0.6730921896217872,-0.001167371757105684,12
phase48,Nepal 2015 M7.3,82,88.0,7.300000190734863,7.104074966058932,-0.1959252246759311,0.1959252246759311,-0.0011519121041159153,5
phase48,Samos 2020 M7.0,82,88.0,7.0,6.7442867420854435,-0.25571325791455646,0.25571325791455646,-0.0014214080745373892,3
phase48,Sand 2025 M7.3,82,88.0,7.300000190734863,8.479028223335696,1.1790280326008329,1.1790280326008329,-0.008747414072569626,45
phase48,Xizang 2025 M7.1,82,88.0,7.099999904632568,8.005424038868258,0.9054241342356892,0.9054241342356892,-0.010368719733280685,12
phase39,Iquique 2014 M7.7,83,89.0,7.699999809265137,8.607165220052499,0.9071654107873623,0.9071654107873623,-0.045941512110898586,11
phase39,Kodiak 2018 M7.9,83,89.0,7.900000095367432,7.525157766592848,-0.3748423287745837,0.3748423287745837,-0.012680380915687017,64
phase39,Luding 2022 M6.6,83,89.0,6.599999904632568,7.1197572357222185,0.5197573310896502,0.5197573310896502,-0.023276121546463635,6
phase39,Mandalay 2025 M7.7,83,89.0,7.699999809265137,7.4801782887255435,-0.21982152053959325,0.21982152053959325,-0.011028659211083536,12
phase39,Nepal 2015 M7.3,83,89.0,7.300000190734863,7.573970780854742,0.27397059011987857,0.27397059011987857,-0.00686760311844381,5
phase39,Samos 2020 M7.0,83,89.0,7.0,7.1438169621783025,0.14381696217830253,0.14381696217830253,-0.004680818553713273,3
phase39,Sand 2025 M7.3,83,89.0,7.300000190734863,7.528545199349602,0.2285450086147387,0.2285450086147387,0.0011376764938999528,45
phase39,Xizang 2025 M7.1,83,89.0,7.099999904632568,7.420366924201071,0.32036701956850244,0.32036701956850244,-0.027827003512807202,12
phase47,Iquique 2014 M7.7,83,89.0,7.699999809265137,7.609761126332807,-0.09023868293232962,0.09023868293232962,-0.0006416643707778391,11
phase47,Kodiak 2018 M7.9,83,89.0,7.900000095367432,8.133857652958474,0.2338575575910422,0.2338575575910422,-0.017685855861559574,64
phase47,Luding 2022 M6.6,83,89.0,6.599999904632568,7.430702526523685,0.8307026218911169,0.8307026218911169,-0.019511536974197163,6
phase47,Mandalay 2025 M7.7,83,89.0,7.699999809265137,8.062656466592706,0.3626566573275696,0.3626566573275696,-0.006823925365093686,12
phase47,Nepal 2015 M7.3,83,89.0,7.300000190734863,7.173931366200367,-0.12606882453449586,0.12606882453449586,-0.0022950986771679283,5
phase47,Samos 2020 M7.0,83,89.0,7.0,6.919096410133061,-0.08090358986693857,0.08090358986693857,0.010290377815747931,3
phase47,Sand 2025 M7.3,83,89.0,7.300000190734863,8.102709452119072,0.8027092613842086,0.8027092613842086,-0.008322210393387763,45
phase47,Xizang 2025 M7.1,83,89.0,7.099999904632568,7.888159313495355,0.7881594088627866,0.7881594088627866,-0.008183594175906528,12
phase48,Iquique 2014 M7.7,83,89.0,7.699999809265137,7.646269249288812,-0.0537305599763247,0.0537305599763247,-0.0003601992438557744,11
phase48,Kodiak 2018 M7.9,83,89.0,7.900000095367432,8.059442455959324,0.15944236059189265,0.15944236059189265,-0.014930152602234514,64
phase48,Luding 2022 M6.6,83,89.0,6.599999904632568,7.2660621975635005,0.6660622929309321,0.6660622929309321,0.019193420471115274,6
phase48,Mandalay 2025 M7.7,83,89.0,7.699999809265137,8.360846778932864,0.6608469696677268,0.6608469696677268,-0.01224521995406036,12
phase48,Nepal 2015 M7.3,83,89.0,7.300000190734863,7.101061933117901,-0.1989382576169625,0.1989382576169625,-0.0030130329410313905,5
phase48,Samos 2020 M7.0,83,89.0,7.0,6.7418823284128475,-0.2581176715871525,0.2581176715871525,-0.0024044136725960286,3
phase48,Sand 2025 M7.3,83,89.0,7.300000190734863,8.460242338026088,1.1602421472912248,1.1602421472912248,-0.01878588530960812,45
phase48,Xizang 2025 M7.1,83,89.0,7.099999904632568,7.98710148797171,0.8871015833391418,0.8871015833391418,-0.01832255089654744,12
phase39,Iquique 2014 M7.7,84,90.0,7.699999809265137,8.580281369041236,0.8802815597760993,0.8802815597760993,-0.026883851011263005,11
phase39,Kodiak 2018 M7.9,84,90.0,7.900000095367432,7.494053151776031,-0.4059469435914007,0.4059469435914007,-0.031104614816817033,64
phase39,Luding 2022 M6.6,84,90.0,6.599999904632568,7.097440880692345,0.4974409760597762,0.4974409760597762,-0.022316355029873947,6
phase39,Mandalay 2025 M7.7,84,90.0,7.699999809265137,7.473176532862653,-0.22682327640248356,0.22682327640248356,-0.007001755862890313,12
phase39,Nepal 2015 M7.3,84,90.0,7.300000190734863,7.570511721192134,0.27051153045727094,0.27051153045727094,-0.003459059662607622,5
phase39,Samos 2020 M7.0,84,90.0,7.0,7.139692948443365,0.13969294844336488,0.13969294844336488,-0.004124013734937648,3
phase39,Sand 2025 M7.3,84,90.0,7.300000190734863,7.527928844596371,0.2279286538615075,0.2279286538615075,-0.0006163547532311853,45
phase39,Xizang 2025 M7.1,84,90.0,7.099999904632568,7.3924829681108095,0.29248306347824116,0.29248306347824116,-0.027883956090261286,12
phase47,Iquique 2014 M7.7,84,90.0,7.699999809265137,7.604465132483264,-0.095534676781873,0.095534676781873,-0.005295993849543379,11
phase47,Kodiak 2018 M7.9,84,90.0,7.900000095367432,8.109824979985651,0.2098248846182198,0.2098248846182198,-0.02403267297282241,64
phase47,Luding 2022 M6.6,84,90.0,6.599999904632568,7.415481308537242,0.8154814039046734,0.8154814039046734,-0.015221217986443492,6
phase47,Mandalay 2025 M7.7,84,90.0,7.699999809265137,8.055891628424696,0.3558918191595595,0.3558918191595595,-0.006764838168010101,12
phase47,Nepal 2015 M7.3,84,90.0,7.300000190734863,7.165001741308303,-0.13499844942656036,0.13499844942656036,-0.008929624892064503,5
phase47,Samos 2020 M7.0,84,90.0,7.0,6.930093454487953,-0.06990654551204667,0.06990654551204667,0.010997044354891905,3
phase47,Sand 2025 M7.3,84,90.0,7.300000190734863,8.078359295747752,0.7783591050128891,0.7783591050128891,-0.024350156371319542,45
phase47,Xizang 2025 M7.1,84,90.0,7.099999904632568,7.8706695682536285,0.7706696636210602,0.7706696636210602,-0.017489745241726418,12
phase48,Iquique 2014 M7.7,84,90.0,7.699999809265137,7.643340249324677,-0.056659559940460014,0.056659559940460014,-0.002928999964135315,11
phase48,Kodiak 2018 M7.9,84,90.0,7.900000095367432,8.025428152144828,0.12542805677739643,0.12542805677739643,-0.034014303814496216,64
phase48,Luding 2022 M6.6,84,90.0,6.599999904632568,7.256260705304168,0.6562608006715998,0.6562608006715998,-0.009801492259332356,6
phase48,Mandalay 2025 M7.7,84,90.0,7.699999809265137,8.3345604360733,0.6345606268081632,0.6345606268081632,-0.02628634285956366,12
phase48,Nepal 2015 M7.3,84,90.0,7.300000190734863,7.097968316725649,-0.20203187400921419,0.20203187400921419,-0.003093616392251697,5
phase48,Samos 2020 M7.0,84,90.0,7.0,6.736697866724317,-0.2633021332756833,0.2633021332756833,-0.005184461688530817,3
phase48,Sand 2025 M7.3,84,90.0,7.300000190734863,8.432695678842526,1.1326954881076627,1.1326954881076627,-0.027546659183562028,45
phase48,Xizang 2025 M7.1,84,90.0,7.099999904632568,7.9543705159250475,0.8543706112924792,0.8543706112924792,-0.03273097204666264,12
phase39,Iquique 2014 M7.7,85,91.0,7.699999809265137,8.540862896465747,0.84086308720061,0.84086308720061,-0.03941847257548936,11
phase39,Kodiak 2018 M7.9,85,91.0,7.900000095367432,7.504166766867424,-0.3958333285000073,0.3958333285000073,0.010113615091393413,64
phase39,Luding 2022 M6.6,85,91.0,6.599999904632568,7.089256280072259,0.489256375439691,0.489256375439691,-0.008184600620085192,6
phase39,Mandalay 2025 M7.7,85,91.0,7.699999809265137,7.467961776844515,-0.23203803242062193,0.23203803242062193,-0.005214756018138367,12
phase39,Nepal 2015 M7.3,85,91.0,7.300000190734863,7.559702225446385,0.25970203471152153,0.25970203471152153,-0.010809495745749409,5
phase39,Samos 2020 M7.0,85,91.0,7.0,7.1378440188629035,0.13784401886290354,0.13784401886290354,-0.0018489295804613448,3
phase39,Sand 2025 M7.3,85,91.0,7.300000190734863,7.511346358698566,0.2113461679637023,0.2113461679637023,-0.0165824858978052,45
phase39,Xizang 2025 M7.1,85,91.0,7.099999904632568,7.385453589759361,0.28545368512679303,0.28545368512679303,-0.007029378351448123,12
phase47,Iquique 2014 M7.7,85,91.0,7.699999809265137,7.6045911276555795,-0.09540868160955718,0.09540868160955718,0.00012599517231581814,11
phase47,Kodiak 2018 M7.9,85,91.0,7.900000095367432,8.084215699974632,0.18421560460719988,0.18421560460719988,-0.02560928001101992,64
phase47,Luding 2022 M6.6,85,91.0,6.599999904632568,7.4056117784845465,0.8056118738519782,0.8056118738519782,-0.009869530052695197,6
phase47,Mandalay 2025 M7.7,85,91.0,7.699999809265137,8.051779621113923,0.35177981184878604,0.35177981184878604,-0.004112007310773436,12
phase47,Nepal 2015 M7.3,85,91.0,7.300000190734863,7.144918164812259,-0.15508202592260467,0.15508202592260467,-0.02008357649604431,5
phase47,Samos 2020 M7.0,85,91.0,7.0,6.935700956314459,-0.06429904368554062,0.06429904368554062,0.005607501826506045,3
phase47,Sand 2025 M7.3,85,91.0,7.300000190734863,8.080681904226033,0.7806817134911697,0.7806817134911697,0.0023226084782805856,45
phase47,Xizang 2025 M7.1,85,91.0,7.099999904632568,7.867096622676258,0.7670967180436898,0.7670967180436898,-0.0035729455773703123,12
phase48,Iquique 2014 M7.7,85,91.0,7.699999809265137,7.64034821619593,-0.059651593069206754,0.059651593069206754,-0.0029920331287467405,11
phase48,Kodiak 2018 M7.9,85,91.0,7.900000095367432,7.991888831679381,0.09188873631194916,0.09188873631194916,-0.033539320465447275,64
phase48,Luding 2022 M6.6,85,91.0,6.599999904632568,7.237695701445126,0.6376957968125581,0.6376957968125581,-0.018565003859041695,6
phase48,Mandalay 2025 M7.7,85,91.0,7.699999809265137,8.303604458502447,0.6036046492373099,0.6036046492373099,-0.03095597757085322,12
phase48,Nepal 2015 M7.3,85,91.0,7.300000190734863,7.094753191197297,-0.2052469995375663,0.2052469995375663,-0.003215125528352125,5
phase48,Samos 2020 M7.0,85,91.0,7.0,6.730942526025583,-0.26905747397441715,0.26905747397441715,-0.005755340698733846,3
phase48,Sand 2025 M7.3,85,91.0,7.300000190734863,8.390308462819426,1.0903082720845632,1.0903082720845632,-0.04238721602309958,45
phase48,Xizang 2025 M7.1,85,91.0,7.099999904632568,7.910610468178786,0.8106105635462173,0.8106105635462173,-0.043760047746261854,12
phase39,Iquique 2014 M7.7,86,92.0,7.699999809265137,8.51680758853083,0.8168077792656927,0.8168077792656927,-0.02405530793491728,11
phase39,Kodiak 2018 M7.9,86,92.0,7.900000095367432,7.528248065200229,-0.3717520301672028,0.3717520301672028,0.02408129833280448,64
phase39,Luding 2022 M6.6,86,92.0,6.599999904632568,7.136483313153601,0.5364834085210326,0.5364834085210326,0.047227033081341574,6
phase39,Mandalay 2025 M7.7,86,92.0,7.699999809265137,7.46711962944406,-0.2328801798210769,0.2328801798210769,-0.0008421474004549623,12
phase39,Nepal 2015 M7.3,86,92.0,7.300000190734863,7.548548219485145,0.2485480287502817,0.2485480287502817,-0.011154005961239832,5
phase39,Samos 2020 M7.0,86,92.0,7.0,7.1343372867378925,0.13433728673789247,0.13433728673789247,-0.0035067321250110695,3
phase39,Sand 2025 M7.3,86,92.0,7.300000190734863,7.506087975135534,0.20608778440067077,0.20608778440067077,-0.005258383563031543,45
phase39,Xizang 2025 M7.1,86,92.0,7.099999904632568,7.393801722697759,0.2938018180651909,0.2938018180651909,0.008348132938397868,12
phase47,Iquique 2014 M7.7,86,92.0,7.699999809265137,7.599989838645504,-0.10000997061963268,0.10000997061963268,-0.004601289010075504,11
phase47,Kodiak 2018 M7.9,86,92.0,7.900000095367432,8.064966398995988,0.1649663036285567,0.1649663036285567,-0.01924930097864319,64
phase47,Luding 2022 M6.6,86,92.0,6.599999904632568,7.400659903156621,0.8006599985240523,0.8006599985240523,-0.004951875327925848,6
phase47,Mandalay 2025 M7.7,86,92.0,7.699999809265137,8.05043716444533,0.35043735518019403,0.35043735518019403,-0.001342456668592007,12
phase47,Nepal 2015 M7.3,86,92.0,7.300000190734863,7.128618389643521,-0.17138180109134193,0.17138180109134193,-0.016299775168737263,5
phase47,Samos 2020 M7.0,86,92.0,7.0,6.932087151548857,-0.06791284845114287,0.06791284845114287,-0.0036138047656022465,3
phase47,Sand 2025 M7.3,86,92.0,7.300000190734863,8.075982502724408,0.7759823119895444,0.7759823119895444,-0.004699401501625289,45
phase47,Xizang 2025 M7.1,86,92.0,7.099999904632568,7.869201722301569,0.7692018176690008,0.7692018176690008,0.0021050996253109133,12
phase48,Iquique 2014 M7.7,86,92.0,7.699999809265137,7.636490280018102,-0.06350952924703446,0.06350952924703446,-0.0038579361778277033,11
phase48,Kodiak 2018 M7.9,86,92.0,7.900000095367432,7.974283562474435,0.07428346710700318,0.07428346710700318,-0.017605269204945984,64
phase48,Luding 2022 M6.6,86,92.0,6.599999904632568,7.221110966252906,0.6211110616203372,0.6211110616203372,-0.016584735192220812,6
phase48,Mandalay 2025 M7.7,86,92.0,7.699999809265137,8.275142850802716,0.5751430415375793,0.5751430415375793,-0.028461607699730607,12
phase48,Nepal 2015 M7.3,86,92.0,7.300000190734863,7.091434257526523,-0.20856593320834005,0.20856593320834005,-0.0033189336707737382,5
phase48,Samos 2020 M7.0,86,92.0,7.0,6.724961895003414,-0.275038104996586,0.275038104996586,-0.005980631022168836,3
phase48,Sand 2025 M7.3,86,92.0,7.300000190734863,8.371628582912889,1.0716283921780256,1.0716283921780256,-0.018679879906537522,45
phase48,Xizang 2025 M7.1,86,92.0,7.099999904632568,7.868888609423907,0.7688887047913386,0.7688887047913386,-0.04172185875487866,12
phase39,Iquique 2014 M7.7,87,93.0,7.699999809265137,8.509412033036408,0.8094122237712718,0.8094122237712718,-0.007395555494420947,11
phase39,Kodiak 2018 M7.9,87,93.0,7.900000095367432,7.573605264464161,-0.32639483090327026,0.32639483090327026,0.04535719926393256,64
phase39,Luding 2022 M6.6,87,93.0,6.599999904632568,7.170278364699417,0.5702784600668487,0.5702784600668487,0.03379505154581608,6
phase39,Mandalay 2025 M7.7,87,93.0,7.699999809265137,7.472855091091582,-0.22714471817355442,0.22714471817355442,0.005735461647522477,12
phase39,Nepal 2015 M7.3,87,93.0,7.300000190734863,7.540543002735765,0.24054281200090166,0.24054281200090166,-0.00800521674938004,5
phase39,Samos 2020 M7.0,87,93.0,7.0,7.1295848056950515,0.12958480569505149,0.12958480569505149,-0.004752481042840984,3
phase39,Sand 2025 M7.3,87,93.0,7.300000190734863,7.538041372515639,0.23804118178077616,0.23804118178077616,0.031953397380105386,45
phase39,Xizang 2025 M7.1,87,93.0,7.099999904632568,7.427539870778266,0.32753996614569747,0.32753996614569747,0.03373814808050657,12
phase47,Iquique 2014 M7.7,87,93.0,7.699999809265137,7.594354878336731,-0.10564493092840532,0.10564493092840532,-0.005634960308772641,11
phase47,Kodiak 2018 M7.9,87,93.0,7.900000095367432,8.02134327931744,0.12134318395000854,0.12134318395000854,-0.04362311967854815,64
phase47,Luding 2022 M6.6,87,93.0,6.599999904632568,7.398004821842908,0.7980049172103394,0.7980049172103394,-0.002655081313712948,6
phase47,Mandalay 2025 M7.7,87,93.0,7.699999809265137,8.058900206485713,0.35890039722057665,0.35890039722057665,0.008463042040382618,12
phase47,Nepal 2015 M7.3,87,93.0,7.300000190734863,7.124224815470814,-0.17577537526404896,0.17577537526404896,-0.0043935741727070265,5
phase47,Samos 2020 M7.0,87,93.0,7.0,6.925808175780052,-0.07419182421994819,0.07419182421994819,-0.006278975768805317,3
phase47,Sand 2025 M7.3,87,93.0,7.300000190734863,8.071735760260356,0.771735569525493,0.771735569525493,-0.004246742464051323,45
phase47,Xizang 2025 M7.1,87,93.0,7.099999904632568,7.871088693535208,0.7710887889026399,0.7710887889026399,0.0018869712336391231,12
phase48,Iquique 2014 M7.7,87,93.0,7.699999809265137,7.631708001807075,-0.06829180745806163,0.06829180745806163,-0.004782278211027169,11
phase48,Kodiak 2018 M7.9,87,93.0,7.900000095367432,7.948625183719365,0.04862508835193324,0.04862508835193324,-0.025658378755069933,64
phase48,Luding 2022 M6.6,87,93.0,6.599999904632568,7.21163296999552,0.6116330653629518,0.6116330653629518,-0.009477996257385435,6
phase48,Mandalay 2025 M7.7,87,93.0,7.699999809265137,8.262417136588354,0.5624173273232174,0.5624173273232174,-0.012725714214361972,12
phase48,Nepal 2015 M7.3,87,93.0,7.300000190734863,7.088938182099637,-0.21106200863522595,0.21106200863522595,-0.002496075426885902,5
phase48,Samos 2020 M7.0,87,93.0,7.0,6.721014548191176,-0.2789854518088237,0.2789854518088237,-0.00394734681223774,3
phase48,Sand 2025 M7.3,87,93.0,7.300000190734863,8.36518844810206,1.065188257367197,1.065188257367197,-0.006440134810828724,45
phase48,Xizang 2025 M7.1,87,93.0,7.099999904632568,7.8413940578079,0.7413941531753316,0.7413941531753316,-0.027494551616007,12
phase39,Iquique 2014 M7.7,88,94.0,7.699999809265137,8.514068550026177,0.8140687407610407,0.8140687407610407,0.004656516989768988,11
phase39,Kodiak 2018 M7.9,88,94.0,7.900000095367432,7.6162007800565386,-0.2837993153108931,0.2837993153108931,0.042595515592377176,64
phase39,Luding 2022 M6.6,88,94.0,6.599999904632568,7.195385696691032,0.5953857920584635,0.5953857920584635,0.025107331991614856,6
phase39,Mandalay 2025 M7.7,88,94.0,7.699999809265137,7.4823308929683705,-0.2176689162967662,0.2176689162967662,0.009475801876788204,12
phase39,Nepal 2015 M7.3,88,94.0,7.300000190734863,7.536563616617965,0.23656342588310153,0.23656342588310153,-0.003979386117800132,5
phase39,Samos 2020 M7.0,88,94.0,7.0,7.125113901216168,0.12511390121616817,0.12511390121616817,-0.00447090447888332,3
phase39,Sand 2025 M7.3,88,94.0,7.300000190734863,7.562912835815745,0.2629126450808821,0.2629126450808821,0.024871463300105923,45
phase39,Xizang 2025 M7.1,88,94.0,7.099999904632568,7.481388192030288,0.38138828739771924,0.38138828739771924,0.05384832125202177,12
phase47,Iquique 2014 M7.7,88,94.0,7.699999809265137,7.588159901184498,-0.11183990808063893,0.11183990808063893,-0.006194977152233605,11
phase47,Kodiak 2018 M7.9,88,94.0,7.900000095367432,7.984308235011502,0.08430813964407058,0.08430813964407058,-0.03703504430593796,64
phase47,Luding 2022 M6.6,88,94.0,6.599999904632568,7.408970972785025,0.8089710681524567,0.8089710681524567,0.010966150942117281,6
phase47,Mandalay 2025 M7.7,88,94.0,7.699999809265137,8.060015655626362,0.3600158463612253,0.3600158463612253,0.00111544914064865,12
phase47,Nepal 2015 M7.3,88,94.0,7.300000190734863,7.123671417676437,-0.17632877305842598,0.17632877305842598,-0.0005533977943770196,5
phase47,Samos 2020 M7.0,88,94.0,7.0,6.9199512239991146,-0.08004877600088545,0.08004877600088545,-0.0058569517809372584,3
phase47,Sand 2025 M7.3,88,94.0,7.300000190734863,8.065393915226998,0.7653937244921352,0.7653937244921352,-0.006341845033357885,45
phase47,Xizang 2025 M7.1,88,94.0,7.099999904632568,7.877159995737458,0.7771600911048893,0.7771600911048893,0.0060713022022493845,12
phase48,Iquique 2014 M7.7,88,94.0,7.699999809265137,7.626733468963639,-0.07326634030149748,0.07326634030149748,-0.004974532843435853,11
phase48,Kodiak 2018 M7.9,88,94.0,7.900000095367432,7.93372643716536,0.03372634179792833,0.03372634179792833,-0.014898746554004916,64
phase48,Luding 2022 M6.6,88,94.0,6.599999904632568,7.209393076389177,0.6093931717566088,0.6093931717566088,-0.002239893606343024,6
phase48,Mandalay 2025 M7.7,88,94.0,7.699999809265137,8.273397785300405,0.5733979760352685,0.5733979760352685,0.010980648712051178,12
phase48,Nepal 2015 M7.3,88,94.0,7.300000190734863,7.087252705373002,-0.21274748536186117,0.21274748536186117,-0.0016854767266352155,5
phase48,Samos 2020 M7.0,88,94.0,7.0,6.718105391899433,-0.28189460810056666,0.28189460810056666,-0.0029091562917429314,3
phase48,Sand 2025 M7.3,88,94.0,7.300000190734863,8.371589948465653,1.0715897577307896,1.0715897577307896,0.00640150036359266,45
phase48,Xizang 2025 M7.1,88,94.0,7.099999904632568,7.83813580965343,0.7381359050208616,0.7381359050208616,-0.003258248154470067,12
phase39,Iquique 2014 M7.7,89,95.0,7.699999809265137,8.523942510400861,0.8239427011357243,0.8239427011357243,0.009873960374683577,11
phase39,Kodiak 2018 M7.9,89,95.0,7.900000095367432,7.639407772369603,-0.2605923229978284,0.2605923229978284,0.023206992313064667,64
phase39,Luding 2022 M6.6,89,95.0,6.599999904632568,7.209620064022634,0.6096201593900652,0.6096201593900652,0.01423436733160166,6
phase39,Mandalay 2025 M7.7,89,95.0,7.699999809265137,7.488493230080865,-0.21150657918427207,0.21150657918427207,0.006162337112494143,12
phase39,Nepal 2015 M7.3,89,95.0,7.300000190734863,7.529702662213406,0.22970247147854295,0.22970247147854295,-0.0068609544045585835,5
phase39,Samos 2020 M7.0,89,95.0,7.0,7.12132781560565,0.12132781560564965,0.12132781560564965,-0.0037860856105185192,3
phase39,Sand 2025 M7.3,89,95.0,7.300000190734863,7.57767638049995,0.2776761897650868,0.2776761897650868,0.01476354468420471,45
phase39,Xizang 2025 M7.1,89,95.0,7.099999904632568,7.540711405086435,0.4407115004538662,0.4407115004538662,0.05932321305614696,12
phase47,Iquique 2014 M7.7,89,95.0,7.699999809265137,7.5821813587404785,-0.11781845052465822,0.11781845052465822,-0.005978542444019297,11
phase47,Kodiak 2018 M7.9,89,95.0,7.900000095367432,8.000530706774677,0.10053061140724573,0.10053061140724573,0.01622247176317515,64
phase47,Luding 2022 M6.6,89,95.0,6.599999904632568,7.440152350894447,0.8401524462618788,0.8401524462618788,0.03118137810942212,6
phase47,Mandalay 2025 M7.7,89,95.0,7.699999809265137,8.084994311886724,0.38499450262158774,0.38499450262158774,0.024978656260362442,12
phase47,Nepal 2015 M7.3,89,95.0,7.300000190734863,7.124430273273388,-0.1755699174614751,0.1755699174614751,0.0007588555969508803,5
phase47,Samos 2020 M7.0,89,95.0,7.0,6.915261675445574,-0.08473832455442576,0.08473832455442576,-0.0046895485535403125,3
phase47,Sand 2025 M7.3,89,95.0,7.300000190734863,8.061792247801845,0.761792057066982,0.761792057066982,-0.00360166742515311,45
phase47,Xizang 2025 M7.1,89,95.0,7.099999904632568,7.88655733860854,0.7865574339759718,0.7865574339759718,0.009397342871082515,12
phase48,Iquique 2014 M7.7,89,95.0,7.699999809265137,7.623413448906633,-0.07658636035850375,0.07658636035850375,-0.0033200200570062677,11
phase48,Kodiak 2018 M7.9,89,95.0,7.900000095367432,7.944112849132958,0.04411275376552659,0.04411275376552659,0.010386411967598264,64
phase48,Luding 2022 M6.6,89,95.0,6.599999904632568,7.211786478554696,0.611786573922128,0.611786573922128,0.0023934021655191984,6
phase48,Mandalay 2025 M7.7,89,95.0,7.699999809265137,8.297719902950906,0.5977200936857692,0.5977200936857692,0.02432211765050063,12
phase48,Nepal 2015 M7.3,89,95.0,7.300000190734863,7.086602326658568,-0.21339786407629546,0.21339786407629546,-0.0006503787144342965,5
phase48,Samos 2020 M7.0,89,95.0,7.0,6.717594000291751,-0.2824059997082493,0.2824059997082493,-0.0005113916076826541,3
phase48,Sand 2025 M7.3,89,95.0,7.300000190734863,8.3749983226688,1.0749981319339366,1.0749981319339366,0.003408374203146991,45
phase48,Xizang 2025 M7.1,89,95.0,7.099999904632568,7.85414067408049,0.7541407694479219,0.7541407694479219,0.016004864427060284,12
phase39,Iquique 2014 M7.7,90,96.0,7.699999809265137,8.531219802543905,0.8312199932787685,0.8312199932787685,0.007277292143044178,11
phase39,Kodiak 2018 M7.9,90,96.0,7.900000095367432,7.685788778744868,-0.21421131662256343,0.21421131662256343,0.04638100637526499,64
phase39,Luding 2022 M6.6,90,96.0,6.599999904632568,7.212314998470686,0.6123150938381174,0.6123150938381174,0.002694934448052244,6
phase39,Mandalay 2025 M7.7,90,96.0,7.699999809265137,7.483714239261047,-0.21628557000408932,0.21628557000408932,-0.004778990819817253,12
phase39,Nepal 2015 M7.3,90,96.0,7.300000190734863,7.5145615403260315,0.21456134959116824,0.21456134959116824,-0.015141121887374709,5
phase39,Samos 2020 M7.0,90,96.0,7.0,7.119195071082519,0.11919507108251892,0.11919507108251892,-0.002132744523130725,3
phase39,Sand 2025 M7.3,90,96.0,7.300000190734863,7.587219957407232,0.2872197666723686,0.2872197666723686,0.009543576907281803,45
phase39,Xizang 2025 M7.1,90,96.0,7.099999904632568,7.5551180646802685,0.4551181600477001,0.4551181600477001,0.014406659593833915,12
phase47,Iquique 2014 M7.7,90,96.0,7.699999809265137,7.5761708630672455,-0.1238289461978912,0.1238289461978912,-0.006010495673232974,11
phase47,Kodiak 2018 M7.9,90,96.0,7.900000095367432,8.016758046127405,0.11675795075997364,0.11675795075997364,0.01622733935272791,64
phase47,Luding 2022 M6.6,90,96.0,6.599999904632568,7.447034312779669,0.8470344081471008,0.8470344081471008,0.006881961885222054,6
phase47,Mandalay 2025 M7.7,90,96.0,7.699999809265137,8.097464365774528,0.39746455650939083,0.39746455650939083,0.01247005388780309,12
phase47,Nepal 2015 M7.3,90,96.0,7.300000190734863,7.127496242607081,-0.17250394812778236,0.17250394812778236,0.003065969333692742,5
phase47,Samos 2020 M7.0,90,96.0,7.0,6.911306631427733,-0.08869336857226706,0.08869336857226706,-0.003955044017841303,3
phase47,Sand 2025 M7.3,90,96.0,7.300000190734863,8.069978534343491,0.7699783436086278,0.7699783436086278,0.00818628654164577,45
phase47,Xizang 2025 M7.1,90,96.0,7.099999904632568,7.917222874858855,0.817222970226287,0.817222970226287,0.030665536250315206,12
phase48,Iquique 2014 M7.7,90,96.0,7.699999809265137,7.620811243819191,-0.07918856544594544,0.07918856544594544,-0.002602205087441689,11
phase48,Kodiak 2018 M7.9,90,96.0,7.900000095367432,7.971013263273802,0.07101316790637036,0.07101316790637036,0.026900414140843765,64
phase48,Luding 2022 M6.6,90,96.0,6.599999904632568,7.210014367041449,0.6100144624088806,0.6100144624088806,-0.0017721115132474097,6
phase48,Mandalay 2025 M7.7,90,96.0,7.699999809265137,8.328524515634536,0.628524706369399,0.628524706369399,0.030804612683629884,12
phase48,Nepal 2015 M7.3,90,96.0,7.300000190734863,7.087138905647188,-0.21286128508767543,0.21286128508767543,0.000536578988620029,5
phase48,Samos 2020 M7.0,90,96.0,7.0,6.7174195226074085,-0.2825804773925915,0.2825804773925915,-0.00017447768434220023,3
phase48,Sand 2025 M7.3,90,96.0,7.300000190734863,8.366489498772559,1.0664893080376956,1.0664893080376956,-0.008508823896240969,45
phase48,Xizang 2025 M7.1,90,96.0,7.099999904632568,7.885356232943487,0.7853563283109191,0.7853563283109191,0.031215558862997206,12
phase39,Iquique 2014 M7.7,91,97.0,7.699999809265137,8.529783975453697,0.8297841661885599,0.8297841661885599,-0.001435827090208619,11
phase39,Kodiak 2018 M7.9,91,97.0,7.900000095367432,7.690480012681381,-0.20952008268605038,0.20952008268605038,0.004691233936513051,64
phase39,Luding 2022 M6.6,91,97.0,6.599999904632568,7.212739087695849,0.6127391830632805,0.6127391830632805,0.0004240892251630157,6
phase39,Mandalay 2025 M7.7,91,97.0,7.699999809265137,7.4731505386957675,-0.2268492705693692,0.2268492705693692,-0.010563700565279888,12
phase39,Nepal 2015 M7.3,91,97.0,7.300000190734863,7.502178174941154,0.20217798420629052,0.20217798420629052,-0.01238336538487772,5
phase39,Samos 2020 M7.0,91,97.0,7.0,7.117594636846324,0.11759463684632365,0.11759463684632365,-0.0016004342361952695,3
phase39,Sand 2025 M7.3,91,97.0,7.300000190734863,7.596584790456735,0.29658459972187146,0.29658459972187146,0.009364833049502863,45
phase39,Xizang 2025 M7.1,91,97.0,7.099999904632568,7.55885945506125,0.45885955042868165,0.45885955042868165,0.003741390380981535,12
phase47,Iquique 2014 M7.7,91,97.0,7.699999809265137,7.568569942929065,-0.131429866336072,0.131429866336072,-0.007600920138180811,11
phase47,Kodiak 2018 M7.9,91,97.0,7.900000095367432,8.026157118162882,0.12615702279545005,0.12615702279545005,0.009399072035476408,64
phase47,Luding 2022 M6.6,91,97.0,6.599999904632568,7.4645489021771505,0.8645489975445821,0.8645489975445821,0.017514589397481295,6
phase47,Mandalay 2025 M7.7,91,97.0,7.699999809265137,8.095258696611722,0.39525888734658565,0.39525888734658565,-0.0022056691628051794,12
phase47,Nepal 2015 M7.3,91,97.0,7.300000190734863,7.1306516268514635,-0.1693485638833998,0.1693485638833998,0.003155384244382553,5
phase47,Samos 2020 M7.0,91,97.0,7.0,6.901162085066051,-0.09883791493394867,0.09883791493394867,-0.010144546361681606,3
phase47,Sand 2025 M7.3,91,97.0,7.300000190734863,8.07348526456651,0.7734850738316474,0.7734850738316474,0.0035067302230196162,45
phase47,Xizang 2025 M7.1,91,97.0,7.099999904632568,7.950946106026561,0.8509462013939926,0.8509462013939926,0.03372323116770559,12
phase48,Iquique 2014 M7.7,91,97.0,7.699999809265137,7.65075118642123,-0.04924862284390663,0.04924862284390663,0.029939942602038805,11
phase48,Kodiak 2018 M7.9,91,97.0,7.900000095367432,8.000113728156963,0.10011363278953134,0.10011363278953134,0.02910046488316098,64
phase48,Luding 2022 M6.6,91,97.0,6.599999904632568,7.2056328967008945,0.6056329920683261,0.6056329920683261,-0.004381470340554472,6
phase48,Mandalay 2025 M7.7,91,97.0,7.699999809265137,8.353274054316536,0.6532742450513993,0.6532742450513993,0.02474953868200025,12
phase48,Nepal 2015 M7.3,91,97.0,7.300000190734863,7.086355941033163,-0.2136442497017006,0.2136442497017006,-0.0007829646140251612,5
phase48,Samos 2020 M7.0,91,97.0,7.0,6.717153310430479,-0.28284668956952075,0.28284668956952075,-0.00026621217692923693,3
phase48,Sand 2025 M7.3,91,97.0,7.300000190734863,8.369519070270385,1.0695188795355222,1.0695188795355222,0.0030295714978265664,45
phase48,Xizang 2025 M7.1,91,97.0,7.099999904632568,7.918237885616997,0.8182379809844287,0.8182379809844287,0.03288165267350962,12
phase39,Iquique 2014 M7.7,92,98.0,7.699999809265137,8.52250006102702,0.822500251761884,0.822500251761884,-0.007283914426675864,11
phase39,Kodiak 2018 M7.9,92,98.0,7.900000095367432,7.707052559869692,-0.1929475354977397,0.1929475354977397,0.016572547188310693,64
phase39,Luding 2022 M6.6,92,98.0,6.599999904632568,7.21412133054444,0.6141214259118719,0.6141214259118719,0.0013822428485914529,6
phase39,Mandalay 2025 M7.7,92,98.0,7.699999809265137,7.462148913773178,-0.2378508954919587,0.2378508954919587,-0.011001624922589492,12
phase39,Nepal 2015 M7.3,92,98.0,7.300000190734863,7.494894230212813,0.19489403947794948,0.19489403947794948,-0.007283944728341041,5
phase39,Samos 2020 M7.0,92,98.0,7.0,7.116803915218183,0.11680391521818301,0.11680391521818301,-0.0007907216281406448,3
phase39,Sand 2025 M7.3,92,98.0,7.300000190734863,7.5938026507293666,0.2938024599945033,0.2938024599945033,-0.0027821397273681825,45
phase39,Xizang 2025 M7.1,92,98.0,7.099999904632568,7.588920853872414,0.4889209492398461,0.4889209492398461,0.03006139881116443,12
phase47,Iquique 2014 M7.7,92,98.0,7.699999809265137,7.559876675752386,-0.14012313351275107,0.14012313351275107,-0.008693267176679065,11
phase47,Kodiak 2018 M7.9,92,98.0,7.900000095367432,7.999929329164731,0.09992923379729923,0.09992923379729923,-0.026227788998150814,64
phase47,Luding 2022 M6.6,92,98.0,6.599999904632568,7.480002715348881,0.8800028107163129,0.8800028107163129,0.01545381317173078,6
phase47,Mandalay 2025 M7.7,92,98.0,7.699999809265137,8.086701872145099,0.3867020628799622,0.3867020628799622,-0.008556824466623425,12
phase47,Nepal 2015 M7.3,92,98.0,7.300000190734863,7.131339890177913,-0.16866030055695003,0.16866030055695003,0.0006882633264497784,5
phase47,Samos 2020 M7.0,92,98.0,7.0,6.887249070172623,-0.112750929827377,0.112750929827377,-0.013913014893428333,3
phase47,Sand 2025 M7.3,92,98.0,7.300000190734863,8.077291248429425,0.777291057694562,0.777291057694562,0.0038059838629145304,45
phase47,Xizang 2025 M7.1,92,98.0,7.099999904632568,7.945408257892813,0.845408353260245,0.845408353260245,-0.0055378481337475804,12
phase48,Iquique 2014 M7.7,92,98.0,7.699999809265137,7.671297550014527,-0.02870225925060943,0.02870225925060943,0.0205463635932972,11
phase48,Kodiak 2018 M7.9,92,98.0,7.900000095367432,8.023884102056364,0.1238840066889324,0.1238840066889324,0.023770373899401065,64
phase48,Luding 2022 M6.6,92,98.0,6.599999904632568,7.20076169400693,0.6007617893743618,0.6007617893743618,-0.004871202693964349,6
phase48,Mandalay 2025 M7.7,92,98.0,7.699999809265137,8.368136881846077,0.6681370725809401,0.6681370725809401,0.014862827529540823,12
phase48,Nepal 2015 M7.3,92,98.0,7.300000190734863,7.0847731650899615,-0.21522702564490181,0.21522702564490181,-0.00158277594320122,5
phase48,Samos 2020 M7.0,92,98.0,7.0,6.715528643235924,-0.284471356764076,0.284471356764076,-0.0016246671945552293,3
phase48,Sand 2025 M7.3,92,98.0,7.300000190734863,8.388290553659742,1.0882903629248784,1.0882903629248784,0.01877148338935619,45
phase48,Xizang 2025 M7.1,92,98.0,7.099999904632568,7.950050962041407,0.8500510574088382,0.8500510574088382,0.03181307642440956,12
phase39,Iquique 2014 M7.7,93,99.0,7.699999809265137,8.516535940886826,0.8165361316216888,0.8165361316216888,-0.005964120140195206,11
phase39,Kodiak 2018 M7.9,93,99.0,7.900000095367432,7.745811729377783,-0.1541883659896488,0.1541883659896488,0.038759169508090885,64
phase39,Luding 2022 M6.6,93,99.0,6.599999904632568,7.213655760206702,0.6136558555741338,0.6136558555741338,-0.000465570337738086,6
phase39,Mandalay 2025 M7.7,93,99.0,7.699999809265137,7.457581419811005,-0.24241838945413186,0.24241838945413186,-0.0045674939621731525,12
phase39,Nepal 2015 M7.3,93,99.0,7.300000190734863,7.487690841309488,0.1876906505746243,0.1876906505746243,-0.00720338890332517,5
phase39,Samos 2020 M7.0,93,99.0,7.0,7.11519147120357,0.11519147120356976,0.11519147120356976,-0.0016124440146132457,3
phase39,Sand 2025 M7.3,93,99.0,7.300000190734863,7.59806368065213,0.2980634899172667,0.2980634899172667,0.0042610299227634485,45
phase39,Xizang 2025 M7.1,93,99.0,7.099999904632568,7.681909350005619,0.5819094453730509,0.5819094453730509,0.09298849613320481,12
phase47,Iquique 2014 M7.7,93,99.0,7.699999809265137,7.554927548035473,-0.14507226122966355,0.14507226122966355,-0.0049491277169124714,11
phase47,Kodiak 2018 M7.9,93,99.0,7.900000095367432,8.015385273079726,0.1153851777122945,0.1153851777122945,0.015455943914995274,64
phase47,Luding 2022 M6.6,93,99.0,6.599999904632568,7.488810685292279,0.8888107806597105,0.8888107806597105,0.008807969943397609,6
phase47,Mandalay 2025 M7.7,93,99.0,7.699999809265137,8.077300582131677,0.3773007728665405,0.3773007728665405,-0.009401290013421715,12
phase47,Nepal 2015 M7.3,93,99.0,7.300000190734863,7.131805884050847,-0.16819430668401658,0.16819430668401658,0.00046599387293344563,5
phase47,Samos 2020 M7.0,93,99.0,7.0,6.873088760500637,-0.12691123949936323,0.12691123949936323,-0.014160309671986226,3
phase47,Sand 2025 M7.3,93,99.0,7.300000190734863,8.083928009650073,0.7839278189152097,0.7839278189152097,0.006636761220647713,45
phase47,Xizang 2025 M7.1,93,99.0,7.099999904632568,7.930746618789794,0.8307467141572253,0.8307467141572253,-0.014661639103019652,12
phase48,Iquique 2014 M7.7,93,99.0,7.699999809265137,7.668300170774883,-0.031699638490254145,0.031699638490254145,-0.002997379239644715,11
phase48,Kodiak 2018 M7.9,93,99.0,7.900000095367432,8.02176852136681,0.1217684259993792,0.1217684259993792,-0.002115580689553198,64
phase48,Luding 2022 M6.6,93,99.0,6.599999904632568,7.194488785676969,0.5944888810444002,0.5944888810444002,-0.006272908329961524,6
phase48,Mandalay 2025 M7.7,93,99.0,7.699999809265137,8.370349578720052,0.6703497694549156,0.6703497694549156,0.002212696873975517,12
phase48,Nepal 2015 M7.3,93,99.0,7.300000190734863,7.0837240115980755,-0.21627617913678776,0.21627617913678776,-0.0010491534918859458,5
phase48,Samos 2020 M7.0,93,99.0,7.0,6.715733941445856,-0.28426605855414433,0.28426605855414433,0.00020529820993164805,3
phase48,Sand 2025 M7.3,93,99.0,7.300000190734863,8.395861733829957,1.0958615430950935,1.0958615430950935,0.007571180170215186,45
phase48,Xizang 2025 M7.1,93,99.0,7.099999904632568,7.9801052077110155,0.8801053030784471,0.8801053030784471,0.030054245669608903,12
phase39,Iquique 2014 M7.7,94,100.0,7.699999809265137,8.523874069096415,0.8238742598312783,0.8238742598312783,0.007338128209589456,11
phase39,Kodiak 2018 M7.9,94,100.0,7.900000095367432,7.800091254260896,-0.09990884110653564,0.09990884110653564,0.05427952488311316,64
phase39,Luding 2022 M6.6,94,100.0,6.599999904632568,7.211491611485898,0.6114917068533297,0.6114917068533297,-0.002164148720804171,6
phase39,Mandalay 2025 M7.7,94,100.0,7.699999809265137,7.456933091213163,-0.2430667180519741,0.2430667180519741,-0.0006483285978422515,12
phase39,Nepal 2015 M7.3,94,100.0,7.300000190734863,7.471926737080755,0.1719265463458921,0.1719265463458921,-0.0157641042287322,5
phase39,Samos 2020 M7.0,94,100.0,7.0,7.1136583434220775,0.11365834342207748,0.11365834342207748,-0.0015331277814922828,3
phase39,Sand 2025 M7.3,94,100.0,7.300000190734863,7.592444120185953,0.2924439294510899,0.2924439294510899,-0.005619560466176843,45
phase39,Xizang 2025 M7.1,94,100.0,7.099999904632568,7.681972296930693,0.581972392298125,0.581972392298125,6.294692507413657e-05,12
phase47,Iquique 2014 M7.7,94,100.0,7.699999809265137,7.554590751865467,-0.1454090573996698,0.1454090573996698,-0.0003367961700062594,11
phase47,Kodiak 2018 M7.9,94,100.0,7.900000095367432,8.020133933885829,0.12013383851839698,0.12013383851839698,0.004748660806102478,64
phase47,Luding 2022 M6.6,94,100.0,6.599999904632568,7.488325378604806,0.8883254739722375,0.8883254739722375,-0.0004853066874730416,6
phase47,Mandalay 2025 M7.7,94,100.0,7.699999809265137,8.06904252534197,0.3690427160768337,0.3690427160768337,-0.008258056789706814,12
phase47,Nepal 2015 M7.3,94,100.0,7.300000190734863,7.1318179946343045,-0.16818219610055873,0.16818219610055873,1.2110583457847213e-05,5
phase47,Samos 2020 M7.0,94,100.0,7.0,6.862270346307659,-0.13772965369234136,0.13772965369234136,-0.010818414192978132,3
phase47,Sand 2025 M7.3,94,100.0,7.300000190734863,8.090151615855808,0.7901514251209445,0.7901514251209445,0.006223606205734811,45
phase47,Xizang 2025 M7.1,94,100.0,7.099999904632568,7.913444541335624,0.8134446367030552,0.8134446367030552,-0.017302077454170117,12
phase48,Iquique 2014 M7.7,94,100.0,7.699999809265137,7.665788463517547,-0.03421134574758966,0.03421134574758966,-0.002511707257335516,11
phase48,Kodiak 2018 M7.9,94,100.0,7.900000095367432,8.032891059006829,0.13289096363939734,0.13289096363939734,0.011122537640018137,64
phase48,Luding 2022 M6.6,94,100.0,6.599999904632568,7.187152919152309,0.5871530145197408,0.5871530145197408,-0.007335866524659451,6
phase48,Mandalay 2025 M7.7,94,100.0,7.699999809265137,8.366845658024708,0.6668458487595714,0.6668458487595714,-0.0035039206953442203,12
phase48,Nepal 2015 M7.3,94,100.0,7.300000190734863,7.082769793311318,-0.21723039742354544,0.21723039742354544,-0.0009542182867576798,5
phase48,Samos 2020 M7.0,94,100.0,7.0,6.717638120124567,-0.2823618798754328,0.2823618798754328,0.00190417867871151,3
phase48,Sand 2025 M7.3,94,100.0,7.300000190734863,8.377276904059947,1.0772767133250838,1.0772767133250838,-0.018584829770009748,45
phase48,Xizang 2025 M7.1,94,100.0,7.099999904632568,8.00198026394144,0.9019803593088724,0.9019803593088724,0.021875056230425294,12
phase39,Iquique 2014 M7.7,95,101.0,7.699999809265137,8.537021575998189,0.8370217667330522,0.8370217667330522,0.013147506901773909,11
phase39,Kodiak 2018 M7.9,95,101.0,7.900000095367432,7.892691538140342,-0.007308557227089452,0.007308557227089452,0.09260028387944619,64
phase39,Luding 2022 M6.6,95,101.0,6.599999904632568,7.208263757380132,0.6082638527475632,0.6082638527475632,-0.0032278541057664256,6
phase39,Mandalay 2025 M7.7,95,101.0,7.699999809265137,7.454502647304026,-0.2454971619611106,0.2454971619611106,-0.0024304439091364927,12
phase39,Nepal 2015 M7.3,95,101.0,7.300000190734863,7.457300283830902,0.15730009309603865,0.15730009309603865,-0.014626453249853455,5
phase39,Samos 2020 M7.0,95,101.0,7.0,7.112219280174399,0.11221928017439886,0.11221928017439886,-0.001439063247678618,3
phase39,Sand 2025 M7.3,95,101.0,7.300000190734863,7.59820400423377,0.29820381349890646,0.29820381349890646,0.005759884047816577,45
phase39,Xizang 2025 M7.1,95,101.0,7.099999904632568,7.674382942141014,0.5743830375084453,0.5743830375084453,-0.007589354789679703,12
phase47,Iquique 2014 M7.7,95,101.0,7.699999809265137,7.556752184006954,-0.1432476252581827,0.1432476252581827,0.0021614321414871185,11
phase47,Kodiak 2018 M7.9,95,101.0,7.900000095367432,8.025784932812755,0.1257848374453232,0.1257848374453232,0.005650998926926221,64
phase47,Luding 2022 M6.6,95,101.0,6.599999904632568,7.482474996193584,0.882475091561016,0.882475091561016,-0.005850382411221489,6
phase47,Mandalay 2025 M7.7,95,101.0,7.699999809265137,8.067590619248891,0.3675908099837546,0.3675908099837546,-0.0014519060930791028,12
phase47,Nepal 2015 M7.3,95,101.0,7.300000190734863,7.130991859703183,-0.16900833103168011,0.16900833103168011,-0.0008261349311213806,5
phase47,Samos 2020 M7.0,95,101.0,7.0,6.852914492507152,-0.14708550749284832,0.14708550749284832,-0.009355853800506964,3
phase47,Sand 2025 M7.3,95,101.0,7.300000190734863,8.102027972530356,0.802027781795493,0.802027781795493,0.01187635667454856,45
phase47,Xizang 2025 M7.1,95,101.0,7.099999904632568,7.877207451339317,0.777207546706749,0.777207546706749,-0.03623708999630626,12
phase48,Iquique 2014 M7.7,95,101.0,7.699999809265137,7.664053456641775,-0.035946352623361655,0.035946352623361655,-0.0017350068757719939,11
phase48,Kodiak 2018 M7.9,95,101.0,7.900000095367432,8.042444151658776,0.14244405629134427,0.14244405629134427,0.009553092651946926,64
phase48,Luding 2022 M6.6,95,101.0,6.599999904632568,7.177524842840385,0.5775249382078167,0.5775249382078167,-0.009628076311924083,6
phase48,Mandalay 2025 M7.7,95,101.0,7.699999809265137,8.360926313498997,0.6609265042338599,0.6609265042338599,-0.005919344525711523,12
phase48,Nepal 2015 M7.3,95,101.0,7.300000190734863,7.082341230312704,-0.2176589604221597,0.2176589604221597,-0.00042856299861426805,5
phase48,Samos 2020 M7.0,95,101.0,7.0,6.719703484180486,-0.2802965158195141,0.2802965158195141,0.002065364055918728,3
phase48,Sand 2025 M7.3,95,101.0,7.300000190734863,8.342230988814766,1.0422307980799026,1.0422307980799026,-0.03504591524518119,45
phase48,Xizang 2025 M7.1,95,101.0,7.099999904632568,8.018918426213224,0.9189185215806557,0.9189185215806557,0.01693816227178324,12
phase39,Iquique 2014 M7.7,96,102.0,7.699999809265137,8.541309178113663,0.8413093688485258,0.8413093688485258,0.004287602115473632,11
phase39,Kodiak 2018 M7.9,96,102.0,7.900000095367432,7.905718235223505,0.005718139856073279,0.005718139856073279,0.01302669708316273,64
phase39,Luding 2022 M6.6,96,102.0,6.599999904632568,7.201493397535309,0.6014934929027405,0.6014934929027405,-0.006770359844822771,6
phase39,Mandalay 2025 M7.7,96,102.0,7.699999809265137,7.450541505538194,-0.2494583037269429,0.2494583037269429,-0.003961141765832288,12
phase39,Nepal 2015 M7.3,96,102.0,7.300000190734863,7.448664463165479,0.14866427243061597,0.14866427243061597,-0.008635820665422678,5
phase39,Samos 2020 M7.0,96,102.0,7.0,7.111664805364347,0.11166480536434698,0.11166480536434698,-0.0005544748100518859,3
phase39,Sand 2025 M7.3,96,102.0,7.300000190734863,7.624391915994462,0.3243917252595985,0.3243917252595985,0.026187911760692018,45
phase39,Xizang 2025 M7.1,96,102.0,7.099999904632568,7.672499784996679,0.572499880364111,0.572499880364111,-0.001883157144334291,12
phase47,Iquique 2014 M7.7,96,102.0,7.699999809265137,7.559974924131735,-0.1400248851334016,0.1400248851334016,0.003222740124781076,11
phase47,Kodiak 2018 M7.9,96,102.0,7.900000095367432,8.05727276058467,0.15727266521723848,0.15727266521723848,0.03148782777191528,64
phase47,Luding 2022 M6.6,96,102.0,6.599999904632568,7.4677641078959045,0.8677642032633361,0.8677642032633361,-0.014710888297679858,6
phase47,Mandalay 2025 M7.7,96,102.0,7.699999809265137,8.073530423098395,0.3735306138332586,0.3735306138332586,0.005939803849503988,12
phase47,Nepal 2015 M7.3,96,102.0,7.300000190734863,7.129934925304315,-0.1700652654305479,0.1700652654305479,-0.0010569343988677815,5
phase47,Samos 2020 M7.0,96,102.0,7.0,6.845264876734907,-0.15473512326509287,0.15473512326509287,-0.007649615772244545,3
phase47,Sand 2025 M7.3,96,102.0,7.300000190734863,8.10029946559372,0.8002992748588564,0.8002992748588564,-0.0017285069366366201,45
phase47,Xizang 2025 M7.1,96,102.0,7.099999904632568,7.844472717969385,0.7444728133368166,0.7444728133368166,-0.03273473336993238,12
phase48,Iquique 2014 M7.7,96,102.0,7.699999809265137,7.66334652893684,-0.036653280328296844,0.036653280328296844,-0.0007069277049351896,11
phase48,Kodiak 2018 M7.9,96,102.0,7.900000095367432,8.020363081533043,0.12036298616561147,0.12036298616561147,-0.022081070125732793,64
phase48,Luding 2022 M6.6,96,102.0,6.599999904632568,7.166289103949269,0.5662891993167003,0.5662891993167003,-0.011235738891116398,6
phase48,Mandalay 2025 M7.7,96,102.0,7.699999809265137,8.356802764501644,0.6568029552365076,0.6568029552365076,-0.004123548997352344,12
phase48,Nepal 2015 M7.3,96,102.0,7.300000190734863,7.082641576478528,-0.21735861425633551,0.21735861425633551,0.0003003461658241946,5
phase48,Samos 2020 M7.0,96,102.0,7.0,6.722225003496913,-0.2777749965030871,0.2777749965030871,0.002521519316426968,3
phase48,Sand 2025 M7.3,96,102.0,7.300000190734863,8.308920263804415,1.008920073069552,1.008920073069552,-0.033310725010350595,45
phase48,Xizang 2025 M7.1,96,102.0,7.099999904632568,8.03089748181835,0.9308975771857817,0.9308975771857817,0.011979055605126021,12
phase39,Iquique 2014 M7.7,97,103.0,7.699999809265137,8.532055929145418,0.8320561198802814,0.8320561198802814,-0.00925324896824442,11
phase39,Kodiak 2018 M7.9,97,103.0,7.900000095367432,7.987716082031409,0.0877159866639774,0.0877159866639774,0.08199784680790412,64
phase39,Luding 2022 M6.6,97,103.0,6.599999904632568,7.192434544248123,0.5924346396155542,0.5924346396155542,-0.009058853287186253,6
phase39,Mandalay 2025 M7.7,97,103.0,7.699999809265137,7.450285905313285,-0.2497139039518519,0.2497139039518519,-0.0002556002249090028,12
phase39,Nepal 2015 M7.3,97,103.0,7.300000190734863,7.440445018678366,0.14044482794350266,0.14044482794350266,-0.008219444487113314,5
phase39,Samos 2020 M7.0,97,103.0,7.0,7.086016821350823,0.08601682135082278,0.08601682135082278,-0.025647984013524194,3
phase39,Sand 2025 M7.3,97,103.0,7.300000190734863,7.639903138204901,0.3399029474700379,0.3399029474700379,0.015511222210439435,45
phase39,Xizang 2025 M7.1,97,103.0,7.099999904632568,7.666807415572135,0.5668075109395669,0.5668075109395669,-0.005692369424544097,12
phase47,Iquique 2014 M7.7,97,103.0,7.699999809265137,7.564281290197166,-0.1357185190679706,0.1357185190679706,0.004306366065431,11
phase47,Kodiak 2018 M7.9,97,103.0,7.900000095367432,8.083718128648238,0.18371803328080638,0.18371803328080638,0.026445368063567898,64
phase47,Luding 2022 M6.6,97,103.0,6.599999904632568,7.444436045464759,0.8444361408321903,0.8444361408321903,-0.023328062431145824,6
phase47,Mandalay 2025 M7.7,97,103.0,7.699999809265137,8.053476702311642,0.35347689304650487,0.35347689304650487,-0.020053720786753715,12
phase47,Nepal 2015 M7.3,97,103.0,7.300000190734863,7.129194902576672,-0.17080528815819118,0.17080528815819118,-0.0007400227276432858,5
phase47,Samos 2020 M7.0,97,103.0,7.0,6.835294975119248,-0.16470502488075223,0.16470502488075223,-0.00996990161565936,3
phase47,Sand 2025 M7.3,97,103.0,7.300000190734863,8.096032971844279,0.7960327811094157,0.7960327811094157,-0.0042664937494407695,45
phase47,Xizang 2025 M7.1,97,103.0,7.099999904632568,7.854878983054846,0.7548790784222774,0.7548790784222774,0.01040626508546083,12
phase48,Iquique 2014 M7.7,97,103.0,7.699999809265137,7.663151128687444,-0.03684868057769286,0.03684868057769286,-0.00019540024939601608,11
phase48,Kodiak 2018 M7.9,97,103.0,7.900000095367432,8.002640837943948,0.10264074257651679,0.10264074257651679,-0.01772224358909469,64
phase48,Luding 2022 M6.6,97,103.0,6.599999904632568,7.155029597662001,0.5550296930294323,0.5550296930294323,-0.011259506287268017,6
phase48,Mandalay 2025 M7.7,97,103.0,7.699999809265137,8.347503169968054,0.6475033607029168,0.6475033607029168,-0.00929959453359075,12
phase48,Nepal 2015 M7.3,97,103.0,7.300000190734863,7.083535203867177,-0.21646498686768645,0.21646498686768645,0.0008936273886490653,5
phase48,Samos 2020 M7.0,97,103.0,7.0,6.724827077986038,-0.2751729220139616,0.2751729220139616,0.0026020744891255276,3
phase48,Sand 2025 M7.3,97,103.0,7.300000190734863,8.323329135342929,1.0233289446080658,1.0233289446080658,0.014408871538513779,45
phase48,Xizang 2025 M7.1,97,103.0,7.099999904632568,8.012791420936258,0.9127915163036899,0.9127915163036899,-0.018106060882091768,12
phase39,Iquique 2014 M7.7,98,104.0,7.699999809265137,8.509966555287068,0.8099667460219315,0.8099667460219315,-0.02208937385834986,11
phase39,Kodiak 2018 M7.9,98,104.0,7.900000095367432,8.084540929642442,0.1845408342750101,0.1845408342750101,0.09682484761103272,64
phase39,Luding 2022 M6.6,98,104.0,6.599999904632568,7.175245145850139,0.575245241217571,0.575245241217571,-0.01718939839798317,6
phase39,Mandalay 2025 M7.7,98,104.0,7.699999809265137,7.444961219246526,-0.25503859001861073,0.25503859001861073,-0.005324686066758844,12
phase39,Nepal 2015 M7.3,98,104.0,7.300000190734863,7.420879462622562,0.12087927188769854,0.12087927188769854,-0.019565556055804123,5
phase39,Samos 2020 M7.0,98,104.0,7.0,7.080481302849639,0.08048130284963939,0.08048130284963939,-0.00553551850118339,3
phase39,Sand 2025 M7.3,98,104.0,7.300000190734863,7.622934088308396,0.32293389757353275,0.32293389757353275,-0.01696904989650516,45
phase39,Xizang 2025 M7.1,98,104.0,7.099999904632568,7.640245559361938,0.5402456547293699,0.5402456547293699,-0.02656185621019702,12
phase47,Iquique 2014 M7.7,98,104.0,7.699999809265137,7.565098540027216,-0.134901269237921,0.134901269237921,0.0008172498300496045,11
phase47,Kodiak 2018 M7.9,98,104.0,7.900000095367432,8.099790873868397,0.19979077850096516,0.19979077850096516,0.01607274522015878,64
phase47,Luding 2022 M6.6,98,104.0,6.599999904632568,7.426916479020365,0.8269165743877966,0.8269165743877966,-0.017519566444393675,6
phase47,Mandalay 2025 M7.7,98,104.0,7.699999809265137,8.095220617708648,0.3952208084435114,0.3952208084435114,0.041743915397006504,12
phase47,Nepal 2015 M7.3,98,104.0,7.300000190734863,7.126586294965066,-0.17341389576979704,0.17341389576979704,-0.002608607611605862,5
phase47,Samos 2020 M7.0,98,104.0,7.0,6.827701627357869,-0.172298372642131,0.172298372642131,-0.007593347761378766,3
phase47,Sand 2025 M7.3,98,104.0,7.300000190734863,8.097762567399574,0.7977623766647106,0.7977623766647106,0.0017295955552949493,45
phase47,Xizang 2025 M7.1,98,104.0,7.099999904632568,7.841509968179993,0.741510063547425,0.741510063547425,-0.013369014874852425,12
phase48,Iquique 2014 M7.7,98,104.0,7.699999809265137,7.6623767970290935,-0.03762301223604325,0.03762301223604325,-0.0007743316583503912,11
phase48,Kodiak 2018 M7.9,98,104.0,7.900000095367432,8.001372878440929,0.10137278307349717,0.10137278307349717,-0.0012679595030196111,64
phase48,Luding 2022 M6.6,98,104.0,6.599999904632568,7.141426891459682,0.5414269868271138,0.5414269868271138,-0.013602706202318515,6
phase48,Mandalay 2025 M7.7,98,104.0,7.699999809265137,8.350302997544407,0.6503031882792705,0.6503031882792705,0.002799827576353664,12
phase48,Nepal 2015 M7.3,98,104.0,7.300000190734863,7.08410170572698,-0.2158984850078829,0.2158984850078829,0.0005665018598035587,5
phase48,Samos 2020 M7.0,98,104.0,7.0,6.730886215698804,-0.26911378430119637,0.26911378430119637,0.006059137712765228,3
phase48,Sand 2025 M7.3,98,104.0,7.300000190734863,8.338813841655686,1.0388136509208223,1.0388136509208223,0.015484706312756558,45
phase48,Xizang 2025 M7.1,98,104.0,7.099999904632568,7.997723120920895,0.8977232162883269,0.8977232162883269,-0.015068300015363079,12
phase39,Iquique 2014 M7.7,99,105.0,7.699999809265137,8.494386950536594,0.7943871412714572,0.7943871412714572,-0.015579604750474374,11
phase39,Kodiak 2018 M7.9,99,105.0,7.900000095367432,8.030009476422492,0.13000938105506066,0.13000938105506066,-0.054531453219949455,64
phase39,Luding 2022 M6.6,99,105.0,6.599999904632568,7.164938834455803,0.564938929823235,0.564938929823235,-0.01030631139433602,6
phase39,Mandalay 2025 M7.7,99,105.0,7.699999809265137,7.433464241786062,-0.2665355674790746,0.2665355674790746,-0.011496977460463853,12
phase39,Nepal 2015 M7.3,99,105.0,7.300000190734863,7.402559570749087,0.10255938001422393,0.10255938001422393,-0.018319891873474603,5
phase39,Samos 2020 M7.0,99,105.0,7.0,7.056420468987491,0.05642046898749076,0.05642046898749076,-0.024060833862148634,3
phase39,Sand 2025 M7.3,99,105.0,7.300000190734863,7.604255268566029,0.3042550778311659,0.3042550778311659,-0.018678819742366848,45
phase39,Xizang 2025 M7.1,99,105.0,7.099999904632568,7.583897193432368,0.4838972887997999,0.4838972887997999,-0.05634836592957004,12
phase47,Iquique 2014 M7.7,99,105.0,7.699999809265137,7.560968977458478,-0.1390308318066591,0.1390308318066591,-0.004129562568738088,11
phase47,Kodiak 2018 M7.9,99,105.0,7.900000095367432,8.095120634213725,0.1951205388462931,0.1951205388462931,-0.004670239654672059,64
phase47,Luding 2022 M6.6,99,105.0,6.599999904632568,7.410500720304238,0.81050081567167,0.81050081567167,-0.01641575871612666,6
phase47,Mandalay 2025 M7.7,99,105.0,7.699999809265137,8.117176254217048,0.4171764449519113,0.4171764449519113,0.021955636508399934,12
phase47,Nepal 2015 M7.3,99,105.0,7.300000190734863,7.123443839510544,-0.17655635122431956,0.17655635122431956,-0.003142455454522519,5
phase47,Samos 2020 M7.0,99,105.0,7.0,6.8130972383297,-0.18690276167030007,0.18690276167030007,-0.014604389028169074,3
phase47,Sand 2025 M7.3,99,105.0,7.300000190734863,8.042173520439139,0.7421733297042756,0.7421733297042756,-0.055589046960434985,45
phase47,Xizang 2025 M7.1,99,105.0,7.099999904632568,7.831475863920025,0.7314759592874562,0.7314759592874562,-0.010034104259968757,12
phase48,Iquique 2014 M7.7,99,105.0,7.699999809265137,7.6620443982204645,-0.03795541104467226,0.03795541104467226,-0.0003323988086290086,11
phase48,Kodiak 2018 M7.9,99,105.0,7.900000095367432,7.984795914784316,0.0847958194168843,0.0847958194168843,-0.016576963656612875,64
phase48,Luding 2022 M6.6,99,105.0,6.599999904632568,7.129842693559508,0.5298427889269393,0.5298427889269393,-0.011584197900174509,6
phase48,Mandalay 2025 M7.7,99,105.0,7.699999809265137,8.338338894837554,0.6383390855724169,0.6383390855724169,-0.011964102706853552,12
phase48,Nepal 2015 M7.3,99,105.0,7.300000190734863,7.087159888478826,-0.212840302256037,0.212840302256037,0.0030581827518458837,5
phase48,Samos 2020 M7.0,99,105.0,7.0,6.734895369873396,-0.26510463012660423,0.26510463012660423,0.004009154174592133,3
phase48,Sand 2025 M7.3,99,105.0,7.300000190734863,8.353924020606078,1.0539238298712146,1.0539238298712146,0.015110178950392239,45
phase48,Xizang 2025 M7.1,99,105.0,7.099999904632568,7.993167186309478,0.8931672816769094,0.8931672816769094,-0.004555934611417456,12
phase39,Iquique 2014 M7.7,100,106.0,7.699999809265137,8.468815203730122,0.7688153944649851,0.7688153944649851,-0.025571746806472007,11
phase39,Kodiak 2018 M7.9,100,106.0,7.900000095367432,7.984784832602431,0.08478473723499924,0.08478473723499924,-0.045224643820061416,64
phase39,Luding 2022 M6.6,100,106.0,6.599999904632568,7.168641605109387,0.5686417004768183,0.5686417004768183,0.003702770653583265,6
phase39,Mandalay 2025 M7.7,100,106.0,7.699999809265137,7.422330667477304,-0.27766914178783253,0.27766914178783253,-0.011133574308757943,12
phase39,Nepal 2015 M7.3,100,106.0,7.300000190734863,7.396671663924281,0.09667147318941804,0.09667147318941804,-0.0058879068248058886,5
phase39,Samos 2020 M7.0,100,106.0,7.0,7.046832487972493,0.04683248797249284,0.04683248797249284,-0.009587981014997915,3
phase39,Sand 2025 M7.3,100,106.0,7.300000190734863,7.615826835825533,0.31582664509067016,0.31582664509067016,0.011571567259504256,45
phase39,Xizang 2025 M7.1,100,106.0,7.099999904632568,7.576668493508972,0.47666858887640373,0.47666858887640373,-0.007228699923396142,12
phase47,Iquique 2014 M7.7,100,106.0,7.699999809265137,7.555352842803222,-0.14464696646191477,0.14464696646191477,-0.005616134655255678,11
phase47,Kodiak 2018 M7.9,100,106.0,7.900000095367432,8.061250409072478,0.16125031370504672,0.16125031370504672,-0.03387022514124638,64
phase47,Luding 2022 M6.6,100,106.0,6.599999904632568,7.400997351566944,0.8009974469343755,0.8009974469343755,-0.009503368737294515,6
phase47,Mandalay 2025 M7.7,100,106.0,7.699999809265137,8.148376439476985,0.4483766302118486,0.4483766302118486,0.031200185259937285,12
phase47,Nepal 2015 M7.3,100,106.0,7.300000190734863,7.12171554001553,-0.1782846507193332,0.1782846507193332,-0.00172829949501363,5
phase47,Samos 2020 M7.0,100,106.0,7.0,6.802949396069082,-0.19705060393091767,0.19705060393091767,-0.010147842260617601,3
phase47,Sand 2025 M7.3,100,106.0,7.300000190734863,8.019672147592829,0.7196719568579653,0.7196719568579653,-0.022501372846310375,45
phase47,Xizang 2025 M7.1,100,106.0,7.099999904632568,7.825982789811437,0.725982885178869,0.725982885178869,-0.005493074108587237,12
phase48,Iquique 2014 M7.7,100,106.0,7.699999809265137,7.663971675535354,-0.03602813372978275,0.03602813372978275,0.0019272773148895084,11
phase48,Kodiak 2018 M7.9,100,106.0,7.900000095367432,7.9881181291061925,0.08811803373876081,0.08811803373876081,0.0033222143218765154,64
phase48,Luding 2022 M6.6,100,106.0,6.599999904632568,7.116139632321662,0.5161397276890938,0.5161397276890938,-0.013703061237845482,6
phase48,Mandalay 2025 M7.7,100,106.0,7.699999809265137,8.332132311514577,0.6321325022494406,0.6321325022494406,-0.0062065833229763,12
phase48,Nepal 2015 M7.3,100,106.0,7.300000190734863,7.092030682936864,-0.2079695077979995,0.2079695077979995,0.0048707944580375084,5
phase48,Samos 2020 M7.0,100,106.0,7.0,6.731520120696242,-0.26847987930375794,0.26847987930375794,-0.003375249177153705,3
phase48,Sand 2025 M7.3,100,106.0,7.300000190734863,8.354920223840995,1.0549200331061321,1.0549200331061321,0.0009962032349175587,45
phase48,Xizang 2025 M7.1,100,106.0,7.099999904632568,7.959495233031403,0.8594953283988342,0.8594953283988342,-0.03367195327807515,12
phase39,Iquique 2014 M7.7,101,107.0,7.699999809265137,8.448922620508888,0.7489228112437516,0.7489228112437516,-0.01989258322123355,11
phase39,Kodiak 2018 M7.9,101,107.0,7.900000095367432,7.962783818655883,0.06278372328845094,0.06278372328845094,-0.022001013946548298,64
phase39,Luding 2022 M6.6,101,107.0,6.599999904632568,7.176865421448242,0.5768655168156736,0.5768655168156736,0.008223816338855272,6
phase39,Mandalay 2025 M7.7,101,107.0,7.699999809265137,7.403602206507266,-0.29639760275787097,0.29639760275787097,-0.01872846097003844,12
phase39,Nepal 2015 M7.3,101,107.0,7.300000190734863,7.389283762837923,0.08928357210306004,0.08928357210306004,-0.007387901086358006,5
phase39,Samos 2020 M7.0,101,107.0,7.0,7.0202026469835825,0.02020264698358254,0.02020264698358254,-0.026629840988910303,3
phase39,Sand 2025 M7.3,101,107.0,7.300000190734863,7.611188068586236,0.31118787785137236,0.31118787785137236,-0.004638767239297792,45
phase39,Xizang 2025 M7.1,101,107.0,7.099999904632568,7.582659078919712,0.4826591742871438,0.4826591742871438,0.005990585410740046,12
phase47,Iquique 2014 M7.7,101,107.0,7.699999809265137,7.54914236520715,-0.15085744405798707,0.15085744405798707,-0.006210477596072295,11
phase47,Kodiak 2018 M7.9,101,107.0,7.900000095367432,8.034157370883245,0.1341572755158129,0.1341572755158129,-0.02709303818923381,64
phase47,Luding 2022 M6.6,101,107.0,6.599999904632568,7.393560425637849,0.793560521005281,0.793560521005281,-0.007436925929094507,6
phase47,Mandalay 2025 M7.7,101,107.0,7.699999809265137,8.153424420779492,0.45342461151435565,0.45342461151435565,0.005047981302507054,12
phase47,Nepal 2015 M7.3,101,107.0,7.300000190734863,7.12273161697862,-0.17726857375624316,0.17726857375624316,0.001016076963090029,5
phase47,Samos 2020 M7.0,101,107.0,7.0,6.793855304411336,-0.2061446955886641,0.2061446955886641,-0.00909409165774644,3
phase47,Sand 2025 M7.3,101,107.0,7.300000190734863,7.996026704602517,0.696026513867654,0.696026513867654,-0.02364544299031124,45
phase47,Xizang 2025 M7.1,101,107.0,7.099999904632568,7.808508941329517,0.7085090366969489,0.7085090366969489,-0.01747384848192013,12
phase48,Iquique 2014 M7.7,101,107.0,7.699999809265137,7.667108356048599,-0.032891453216537414,0.032891453216537414,0.003136680513245338,11
phase48,Kodiak 2018 M7.9,101,107.0,7.900000095367432,7.990000699588033,0.09000060422060141,0.09000060422060141,0.0018825704818405953,64
phase48,Luding 2022 M6.6,101,107.0,6.599999904632568,7.105590250761122,0.505590346128554,0.505590346128554,-0.01054938156053975,6
phase48,Mandalay 2025 M7.7,101,107.0,7.699999809265137,8.329157925280283,0.6291581160151463,0.6291581160151463,-0.0029743862342943572,12
phase48,Nepal 2015 M7.3,101,107.0,7.300000190734863,7.0920074956409955,-0.20799269509386775,0.20799269509386775,-2.318729586825441e-05,5
phase48,Samos 2020 M7.0,101,107.0,7.0,6.725392680529016,-0.2746073194709844,0.2746073194709844,-0.006127440167226439,3
phase48,Sand 2025 M7.3,101,107.0,7.300000190734863,8.336390557805391,1.0363903670705277,1.0363903670705277,-0.018529666035604464,45
phase48,Xizang 2025 M7.1,101,107.0,7.099999904632568,7.922990331139799,0.8229904265072303,0.8229904265072303,-0.036504901891603936,12
phase39,Iquique 2014 M7.7,102,108.0,7.699999809265137,8.428315371578012,0.7283155623128756,0.7283155623128756,-0.020607248930875954,11
phase39,Kodiak 2018 M7.9,102,108.0,7.900000095367432,7.960909576595005,0.060909481227573004,0.060909481227573004,-0.0018742420608779398,64
phase39,Luding 2022 M6.6,102,108.0,6.599999904632568,7.18537419169901,0.5853742870664416,0.5853742870664416,0.008508770250768016,6
phase39,Mandalay 2025 M7.7,102,108.0,7.699999809265137,7.380041747274462,-0.31995806199067456,0.31995806199067456,-0.023560459232803588,12
phase39,Nepal 2015 M7.3,102,108.0,7.300000190734863,7.378122182602715,0.07812199186785129,0.07812199186785129,-0.011161580235208746,5
phase39,Samos 2020 M7.0,102,108.0,7.0,7.006254335485741,0.006254335485740725,0.006254335485740725,-0.013948311497841814,3
phase39,Sand 2025 M7.3,102,108.0,7.300000190734863,7.625809021808648,0.32580883107378433,0.32580883107378433,0.01462095322241197,45
phase39,Xizang 2025 M7.1,102,108.0,7.099999904632568,7.588983812995332,0.48898390836276384,0.48898390836276384,0.006324734075620064,12
phase47,Iquique 2014 M7.7,102,108.0,7.699999809265137,7.5412608391554325,-0.15873897010970417,0.15873897010970417,-0.007881526051717103,11
phase47,Kodiak 2018 M7.9,102,108.0,7.900000095367432,8.024249690359602,0.12424959499217003,0.12424959499217003,-0.009907680523642881,64
phase47,Luding 2022 M6.6,102,108.0,6.599999904632568,7.390758362737516,0.790758458104948,0.790758458104948,-0.0028020629003329134,6
phase47,Mandalay 2025 M7.7,102,108.0,7.699999809265137,8.133367198844917,0.4333673895797805,0.4333673895797805,-0.020057221934575153,12
phase47,Nepal 2015 M7.3,102,108.0,7.300000190734863,7.123109281960039,-0.1768909087748245,0.1768909087748245,0.00037766498141866833,5
phase47,Samos 2020 M7.0,102,108.0,7.0,6.786696144875981,-0.2133038551240194,0.2133038551240194,-0.007159159535355286,3
phase47,Sand 2025 M7.3,102,108.0,7.300000190734863,7.978550676414373,0.6785504856795095,0.6785504856795095,-0.017476028188144532,45
phase47,Xizang 2025 M7.1,102,108.0,7.099999904632568,7.789544167182962,0.6895442625503936,0.6895442625503936,-0.018964774146555285,12
phase48,Iquique 2014 M7.7,102,108.0,7.699999809265137,7.669289690924639,-0.030710118340497417,0.030710118340497417,0.0021813348760399975,11
phase48,Kodiak 2018 M7.9,102,108.0,7.900000095367432,7.9719361080742575,0.07193601270682581,0.07193601270682581,-0.018064591513775596,64
phase48,Luding 2022 M6.6,102,108.0,6.599999904632568,7.0998310022275195,0.49983109759495115,0.49983109759495115,-0.005759248533602879,6
phase48,Mandalay 2025 M7.7,102,108.0,7.699999809265137,8.32961694004074,0.6296171307756033,0.6296171307756033,0.000459014760457066,12
phase48,Nepal 2015 M7.3,102,108.0,7.300000190734863,7.091313861908611,-0.2086863288262526,0.2086863288262526,-0.0006936337323848463,5
phase48,Samos 2020 M7.0,102,108.0,7.0,6.721536863173764,-0.278463136826236,0.278463136826236,-0.003855817355251645,3
phase48,Sand 2025 M7.3,102,108.0,7.300000190734863,8.282151243155083,0.9821510524202193,0.9821510524202193,-0.0542393146503084,45
phase48,Xizang 2025 M7.1,102,108.0,7.099999904632568,7.884975704150998,0.7849757995184294,0.7849757995184294,-0.03801462698880087,12
phase39,Iquique 2014 M7.7,103,109.0,7.699999809265137,8.407254430951319,0.7072546216861824,0.7072546216861824,-0.02106094062669328,11
phase39,Kodiak 2018 M7.9,103,109.0,7.900000095367432,7.893996974016017,-0.006003121351414897,0.006003121351414897,-0.0669126025789879,64
phase39,Luding 2022 M6.6,103,109.0,6.599999904632568,7.1878426940045275,0.5878427893719591,0.5878427893719591,0.0024685023055175392,6
phase39,Mandalay 2025 M7.7,103,109.0,7.699999809265137,7.367543014318508,-0.33245679494662905,0.33245679494662905,-0.012498732955954495,12
phase39,Nepal 2015 M7.3,103,109.0,7.300000190734863,7.367227602235451,0.06722741150058731,0.06722741150058731,-0.010894580367263984,5
phase39,Samos 2020 M7.0,103,109.0,7.0,6.992198883034188,-0.007801116965811872,0.007801116965811872,-0.014055452451552597,3
phase39,Sand 2025 M7.3,103,109.0,7.300000190734863,7.608486584465489,0.30848639373062614,0.30848639373062614,-0.017322437343158192,45
phase39,Xizang 2025 M7.1,103,109.0,7.099999904632568,7.56592081543079,0.4659209107982214,0.4659209107982214,-0.023062997564542442,12
phase47,Iquique 2014 M7.7,103,109.0,7.699999809265137,7.534503739795715,-0.16549606946942141,0.16549606946942141,-0.006757099359717245,11
phase47,Kodiak 2018 M7.9,103,109.0,7.900000095367432,7.9853420659962335,0.08534197062880189,0.08534197062880189,-0.03890762436336814,64
phase47,Luding 2022 M6.6,103,109.0,6.599999904632568,7.3944179944635575,0.7944180898309892,0.7944180898309892,0.0036596317260411126,6
phase47,Mandalay 2025 M7.7,103,109.0,7.699999809265137,8.113249929928667,0.4132501206635304,0.4132501206635304,-0.020117268916250097,12
phase47,Nepal 2015 M7.3,103,109.0,7.300000190734863,7.123933250906718,-0.17606693982814559,0.17606693982814559,0.0008239689466789102,5
phase47,Samos 2020 M7.0,103,109.0,7.0,6.78408856775744,-0.21591143224256015,0.21591143224256015,-0.0026075771185407604,3
phase47,Sand 2025 M7.3,103,109.0,7.300000190734863,7.983646809663815,0.6836466189289521,0.6836466189289521,0.00509613324944258,45
phase47,Xizang 2025 M7.1,103,109.0,7.099999904632568,7.784134508550007,0.684134603917439,0.684134603917439,-0.005409658632954617,12
phase48,Iquique 2014 M7.7,103,109.0,7.699999809265137,7.6700804455757385,-0.029919363689398182,0.029919363689398182,0.0007907546510992347,11
phase48,Kodiak 2018 M7.9,103,109.0,7.900000095367432,7.952415182782456,0.05241508741502443,0.05241508741502443,-0.019520925291801383,64
phase48,Luding 2022 M6.6,103,109.0,6.599999904632568,7.096375776653938,0.49637587202136935,0.49637587202136935,-0.0034552255735817994,6
phase48,Mandalay 2025 M7.7,103,109.0,7.699999809265137,8.331327149383924,0.6313273401187871,0.6313273401187871,0.0017102093431837773,12
phase48,Nepal 2015 M7.3,103,109.0,7.300000190734863,7.092873450612481,-0.20712674012238264,0.20712674012238264,0.001559588703869963,5
phase48,Samos 2020 M7.0,103,109.0,7.0,6.722865780200838,-0.2771342197991622,0.2771342197991622,0.0013289170270738282,3
phase48,Sand 2025 M7.3,103,109.0,7.300000190734863,8.277588715674948,0.9775885249400851,0.9775885249400851,-0.004562527480134193,45
phase48,Xizang 2025 M7.1,103,109.0,7.099999904632568,7.8550711691059405,0.7550712644733721,0.7550712644733721,-0.0299045350450573,12
phase39,Iquique 2014 M7.7,104,110.0,7.699999809265137,8.390512761817211,0.6905129525520746,0.6905129525520746,-0.016741669134107795,11
phase39,Kodiak 2018 M7.9,104,110.0,7.900000095367432,7.813169287812041,-0.08683080755539052,0.08683080755539052,-0.08082768620397562,64
phase39,Luding 2022 M6.6,104,110.0,6.599999904632568,7.170317611450397,0.5703177068178285,0.5703177068178285,-0.017525082554130655,6
phase39,Mandalay 2025 M7.7,104,110.0,7.699999809265137,7.361514213960319,-0.33848559530481737,0.33848559530481737,-0.006028800358188313,12
phase39,Nepal 2015 M7.3,104,110.0,7.300000190734863,7.35545398153294,0.055453790798076774,0.055453790798076774,-0.011773620702510534,5
phase39,Samos 2020 M7.0,104,110.0,7.0,6.9808284498412245,-0.019171550158775474,0.019171550158775474,-0.011370433192963603,3
phase39,Sand 2025 M7.3,104,110.0,7.300000190734863,7.555373778367578,0.25537358763271456,0.25537358763271456,-0.05311280609791158,45
phase39,Xizang 2025 M7.1,104,110.0,7.099999904632568,7.524608251758406,0.4246083471258375,0.4246083471258375,-0.041312563672383895,12
phase47,Iquique 2014 M7.7,104,110.0,7.699999809265137,7.545349653416384,-0.15465015584875275,0.15465015584875275,0.010845913620668668,11
phase47,Kodiak 2018 M7.9,104,110.0,7.900000095367432,7.959488117274047,0.059488021906615174,0.059488021906615174,-0.025853948722186715,64
phase47,Luding 2022 M6.6,104,110.0,6.599999904632568,7.4062347081791104,0.8062348035465421,0.8062348035465421,0.011816713715552929,6
phase47,Mandalay 2025 M7.7,104,110.0,7.699999809265137,8.114094380834372,0.414094571569235,0.414094571569235,0.000844450905704619,12
phase47,Nepal 2015 M7.3,104,110.0,7.300000190734863,7.124740711694953,-0.17525947903991046,0.17525947903991046,0.0008074607882351259,5
phase47,Samos 2020 M7.0,104,110.0,7.0,6.777289342826817,-0.22271065717318272,0.22271065717318272,-0.006799224930622572,3
phase47,Sand 2025 M7.3,104,110.0,7.300000190734863,7.984374521703655,0.684374330968792,0.684374330968792,0.0007277120398399006,45
phase47,Xizang 2025 M7.1,104,110.0,7.099999904632568,7.78484188375247,0.6848419791199021,0.6848419791199021,0.0007073752024631119,12
phase48,Iquique 2014 M7.7,104,110.0,7.699999809265137,7.67056532182474,-0.029434487440396673,0.029434487440396673,0.00048487624900150905,11
phase48,Kodiak 2018 M7.9,104,110.0,7.900000095367432,7.935792351857776,0.03579225649034434,0.03579225649034434,-0.016622830924680088,64
phase48,Luding 2022 M6.6,104,110.0,6.599999904632568,7.093506809794059,0.49350690516149065,0.49350690516149065,-0.0028689668598786966,6
phase48,Mandalay 2025 M7.7,104,110.0,7.699999809265137,8.331585594800718,0.6315857855355809,0.6315857855355809,0.0002584454167937622,12
phase48,Nepal 2015 M7.3,104,110.0,7.300000190734863,7.0947056617062465,-0.20529452902861678,0.20529452902861678,0.0018322110937658564,5
phase48,Samos 2020 M7.0,104,110.0,7.0,6.7235548121550845,-0.27644518784491545,0.27644518784491545,0.0006890319542467438,3
phase48,Sand 2025 M7.3,104,110.0,7.300000190734863,8.253926551609606,0.9539263608747426,0.9539263608747426,-0.023662164065342495,45
phase48,Xizang 2025 M7.1,104,110.0,7.099999904632568,7.828761674043642,0.728761769411074,0.728761769411074,-0.026309495062298183,12
phase39,Iquique 2014 M7.7,105,111.0,7.699999809265137,8.37681189339699,0.6768120841318535,0.6768120841318535,-0.013700868420221113,11
phase39,Kodiak 2018 M7.9,105,111.0,7.900000095367432,7.762648705288756,-0.1373513900786758,0.1373513900786758,-0.050520582523285285,64
phase39,Luding 2022 M6.6,105,111.0,6.599999904632568,7.153595396370563,0.5535954917379948,0.5535954917379948,-0.016722215079833624,6
phase39,Mandalay 2025 M7.7,105,111.0,7.699999809265137,7.357859530334508,-0.3421402789306285,0.3421402789306285,-0.003654683625811117,12
phase39,Nepal 2015 M7.3,105,111.0,7.300000190734863,7.340619852890674,0.04061966215581059,0.04061966215581059,-0.014834128642266187,5
phase39,Samos 2020 M7.0,105,111.0,7.0,6.968606381005319,-0.03139361899468085,0.03139361899468085,-0.012222068835905375,3
phase39,Sand 2025 M7.3,105,111.0,7.300000190734863,7.480440098797829,0.18043990806296595,0.18043990806296595,-0.07493367956974861,45
phase39,Xizang 2025 M7.1,105,111.0,7.099999904632568,7.491076073657776,0.39107616902520803,0.39107616902520803,-0.03353217810062947,12
phase47,Iquique 2014 M7.7,105,111.0,7.699999809265137,7.546377845225631,-0.15362196403950534,0.15362196403950534,0.001028191809247403,11
phase47,Kodiak 2018 M7.9,105,111.0,7.900000095367432,7.953570358321661,0.05357026295422962,0.05357026295422962,-0.0059177589523855545,64
phase47,Luding 2022 M6.6,105,111.0,6.599999904632568,7.428317987685281,0.8283180830527126,0.8283180830527126,0.022083279506170506,6
phase47,Mandalay 2025 M7.7,105,111.0,7.699999809265137,8.118186877893807,0.4181870686286704,0.4181870686286704,0.004092497059435374,12
phase47,Nepal 2015 M7.3,105,111.0,7.300000190734863,7.126294557356486,-0.1737056333783773,0.1737056333783773,0.0015538456615331597,5
phase47,Samos 2020 M7.0,105,111.0,7.0,6.772297278266451,-0.22770272173354922,0.22770272173354922,-0.004992064560366494,3
phase47,Sand 2025 M7.3,105,111.0,7.300000190734863,7.997673465068861,0.6976732743339973,0.6976732743339973,0.013298943365205318,45
phase47,Xizang 2025 M7.1,105,111.0,7.099999904632568,7.79130414337715,0.691304238744582,0.691304238744582,0.006462259624679945,12
phase48,Iquique 2014 M7.7,105,111.0,7.699999809265137,7.669095260150734,-0.030904549114402435,0.030904549114402435,-0.0014700616740057626,11
phase48,Kodiak 2018 M7.9,105,111.0,7.900000095367432,7.9334657469244485,0.03346565155701686,0.03346565155701686,-0.0023266049333274808,64
phase48,Luding 2022 M6.6,105,111.0,6.599999904632568,7.091623112882376,0.4916232082498073,0.4916232082498073,-0.0018836969116833302,6
phase48,Mandalay 2025 M7.7,105,111.0,7.699999809265137,8.328885709546032,0.6288859002808955,0.6288859002808955,-0.0026998852546853414,12
phase48,Nepal 2015 M7.3,105,111.0,7.300000190734863,7.096815237401271,-0.20318495333359188,0.20318495333359188,0.002109575695024901,5
phase48,Samos 2020 M7.0,105,111.0,7.0,6.727670061832634,-0.27232993816736606,0.27232993816736606,0.004115249677549393,3
phase48,Sand 2025 M7.3,105,111.0,7.300000190734863,8.277424051961805,0.9774238612269421,0.9774238612269421,0.023497500352199552,45
phase48,Xizang 2025 M7.1,105,111.0,7.099999904632568,7.814982804667503,0.7149829000349346,0.7149829000349346,-0.013778869376139369,12
phase39,Iquique 2014 M7.7,106,112.0,7.699999809265137,8.365886493357916,0.6658866840927793,0.6658866840927793,-0.010925400039074162,11
phase39,Kodiak 2018 M7.9,106,112.0,7.900000095367432,7.755119596593397,-0.14488049877403508,0.14488049877403508,-0.007529108695359277,64
phase39,Luding 2022 M6.6,106,112.0,6.599999904632568,7.144412323289744,0.5444124186571759,0.5444124186571759,-0.009183073080818893,6
phase39,Mandalay 2025 M7.7,106,112.0,7.699999809265137,7.3602701236728,-0.33972968559233685,0.33972968559233685,0.0024105933382916334,12
phase39,Nepal 2015 M7.3,106,112.0,7.300000190734863,7.326162341591154,0.026162150856290367,0.026162150856290367,-0.01445751129952022,5
phase39,Samos 2020 M7.0,106,112.0,7.0,6.963542380586589,-0.03645761941341075,0.03645761941341075,-0.005064000418729897,3
phase39,Sand 2025 M7.3,106,112.0,7.300000190734863,7.474569752341119,0.1745695616062557,0.1745695616062557,-0.0058703464567102515,45
phase39,Xizang 2025 M7.1,106,112.0,7.099999904632568,7.490695583895893,0.3906956792633247,0.3906956792633247,-0.00038048976188331807,12
phase47,Iquique 2014 M7.7,106,112.0,7.699999809265137,7.544141375956704,-0.15585843330843296,0.15585843330843296,-0.002236469268927621,11
phase47,Kodiak 2018 M7.9,106,112.0,7.900000095367432,7.946029606525728,0.04602951115829601,0.04602951115829601,-0.007540751795933609,64
phase47,Luding 2022 M6.6,106,112.0,6.599999904632568,7.461554674719086,0.861554770086518,0.861554770086518,0.033236687033805445,6
phase47,Mandalay 2025 M7.7,106,112.0,7.699999809265137,8.121630101245206,0.42163029198006896,0.42163029198006896,0.003443223351398572,12
phase47,Nepal 2015 M7.3,106,112.0,7.300000190734863,7.128839158179776,-0.1711610325550872,0.1711610325550872,0.0025446008232901107,5
phase47,Samos 2020 M7.0,106,112.0,7.0,6.7677357531321585,-0.23226424686784153,0.23226424686784153,-0.00456152513429231,3
phase47,Sand 2025 M7.3,106,112.0,7.300000190734863,8.01770406712378,0.7177038763889172,0.7177038763889172,0.02003060205491991,45
phase47,Xizang 2025 M7.1,106,112.0,7.099999904632568,7.789861172685798,0.6898612680532299,0.6898612680532299,-0.00144297069135213,12
phase48,Iquique 2014 M7.7,106,112.0,7.699999809265137,7.665566480195762,-0.03443332906937435,0.03443332906937435,-0.0035287799549719168,11
phase48,Kodiak 2018 M7.9,106,112.0,7.900000095367432,7.9434656171159945,0.043465521748562885,0.043465521748562885,0.009999870191546023,64
phase48,Luding 2022 M6.6,106,112.0,6.599999904632568,7.092190801877599,0.49219089724503107,0.49219089724503107,0.0005676889952237474,6
phase48,Mandalay 2025 M7.7,106,112.0,7.699999809265137,8.324391646873426,0.6243918376082895,0.6243918376082895,-0.004494062672605992,12
phase48,Nepal 2015 M7.3,106,112.0,7.300000190734863,7.097777255012155,-0.2022229357227081,0.2022229357227081,0.0009620176108837697,5
phase48,Samos 2020 M7.0,106,112.0,7.0,6.734332117356976,-0.2656678826430241,0.2656678826430241,0.006662055524341959,3
phase48,Sand 2025 M7.3,106,112.0,7.300000190734863,8.27733027814799,0.9773300874131259,0.9773300874131259,-9.377381381625582e-05,45
phase48,Xizang 2025 M7.1,106,112.0,7.099999904632568,7.816995203273309,0.7169952986407404,0.7169952986407404,0.0020123986058058208,12
phase39,Iquique 2014 M7.7,107,113.0,7.699999809265137,8.352663753913845,0.6526639446487081,0.6526639446487081,-0.013222739444071152,11
phase39,Kodiak 2018 M7.9,107,113.0,7.900000095367432,7.822102718421117,-0.07789737694631427,0.07789737694631427,0.06698312182772082,64
phase39,Luding 2022 M6.6,107,113.0,6.599999904632568,7.141179526145802,0.5411796215132334,0.5411796215132334,-0.003232797143942534,6
phase39,Mandalay 2025 M7.7,107,113.0,7.699999809265137,7.364703365339706,-0.3352964439254311,0.3352964439254311,0.0044332416669057295,12
phase39,Nepal 2015 M7.3,107,113.0,7.300000190734863,7.317510036195437,0.01750984546057399,0.01750984546057399,-0.008652305395716375,5
phase39,Samos 2020 M7.0,107,113.0,7.0,6.9607835214904235,-0.03921647850957655,0.03921647850957655,-0.0027588590961658,3
phase39,Sand 2025 M7.3,107,113.0,7.300000190734863,7.481894615636613,0.18189442490175,0.18189442490175,0.0073248632954943105,45
phase39,Xizang 2025 M7.1,107,113.0,7.099999904632568,7.481800187010127,0.3818002823775588,0.3818002823775588,-0.008895396885765905,12
phase47,Iquique 2014 M7.7,107,113.0,7.699999809265137,7.541958950201787,-0.15804085906334997,0.15804085906334997,-0.0021824257549170056,11
phase47,Kodiak 2018 M7.9,107,113.0,7.900000095367432,7.93028489822848,0.030284802861048732,0.030284802861048732,-0.01574470829724728,64
phase47,Luding 2022 M6.6,107,113.0,6.599999904632568,7.508829292529333,0.9088293878967644,0.9088293878967644,0.04727461781024633,6
phase47,Mandalay 2025 M7.7,107,113.0,7.699999809265137,8.124042803859492,0.42404299459435535,0.42404299459435535,0.0024127026142863883,12
phase47,Nepal 2015 M7.3,107,113.0,7.300000190734863,7.130860558645879,-0.1691396320889842,0.1691396320889842,0.002021400466102996,5
phase47,Samos 2020 M7.0,107,113.0,7.0,6.766294399279934,-0.2337056007200662,0.2337056007200662,-0.0014413538522246583,3
phase47,Sand 2025 M7.3,107,113.0,7.300000190734863,8.028695709392897,0.728695518658034,0.728695518658034,0.010991642269116753,45
phase47,Xizang 2025 M7.1,107,113.0,7.099999904632568,7.7866300544207725,0.6866301497882041,0.6866301497882041,-0.0032311182650257564,12
phase48,Iquique 2014 M7.7,107,113.0,7.699999809265137,7.660851513597434,-0.039148295667702726,0.039148295667702726,-0.004714966598328374,11
phase48,Kodiak 2018 M7.9,107,113.0,7.900000095367432,7.948492588364635,0.048492492997203485,0.048492492997203485,0.005026971248640599,64
phase48,Luding 2022 M6.6,107,113.0,6.599999904632568,7.093021402473724,0.49302149784115556,0.49302149784115556,0.0008306005961244978,6
phase48,Mandalay 2025 M7.7,107,113.0,7.699999809265137,8.319178568466784,0.6191787592016471,0.6191787592016471,-0.005213078406642424,12
phase48,Nepal 2015 M7.3,107,113.0,7.300000190734863,7.098002586794584,-0.20199760394027955,0.20199760394027955,0.00022533178242856167,5
phase48,Samos 2020 M7.0,107,113.0,7.0,6.74259021756313,-0.25740978243686996,0.25740978243686996,0.00825810020615414,3
phase48,Sand 2025 M7.3,107,113.0,7.300000190734863,8.272268443400314,0.9722682526654509,0.9722682526654509,-0.005061834747674965,45
phase48,Xizang 2025 M7.1,107,113.0,7.099999904632568,7.829369629659773,0.7293697250272047,0.7293697250272047,0.012374426386464243,12
phase39,Iquique 2014 M7.7,108,114.0,7.699999809265137,8.335647240123341,0.6356474308582047,0.6356474308582047,-0.017016513790503396,11
phase39,Kodiak 2018 M7.9,108,114.0,7.900000095367432,7.924895106087195,0.024895010719763633,0.024895010719763633,0.1027923876660779,64
phase39,Luding 2022 M6.6,108,114.0,6.599999904632568,7.136165692448277,0.5361657878157082,0.5361657878157082,-0.005013833697525172,6
phase39,Mandalay 2025 M7.7,108,114.0,7.699999809265137,7.371821684404571,-0.32817812486056575,0.32817812486056575,0.007118319064865375,12
phase39,Nepal 2015 M7.3,108,114.0,7.300000190734863,7.313084356977279,0.013084166242415485,0.013084166242415485,-0.004425679218158507,5
phase39,Samos 2020 M7.0,108,114.0,7.0,6.9593475732180545,-0.04065242678194547,0.04065242678194547,-0.0014359482723689254,3
phase39,Sand 2025 M7.3,108,114.0,7.300000190734863,7.496447094966779,0.1964469042319159,0.1964469042319159,0.014552479330165902,45
phase39,Xizang 2025 M7.1,108,114.0,7.099999904632568,7.48603031535808,0.38603041072551125,0.38603041072551125,0.004230128347952444,12
phase47,Iquique 2014 M7.7,108,114.0,7.699999809265137,7.540142109862431,-0.1598576994027061,0.1598576994027061,-0.0018168403393561405,11
phase47,Kodiak 2018 M7.9,108,114.0,7.900000095367432,7.921635202971882,0.021635107604450532,0.021635107604450532,-0.0086496952565982,64
phase47,Luding 2022 M6.6,108,114.0,6.599999904632568,7.534350776948018,0.9343508723154494,0.9343508723154494,0.02552148441868507,6
phase47,Mandalay 2025 M7.7,108,114.0,7.699999809265137,8.124457467546318,0.424457658281181,0.424457658281181,0.0004146636868256337,12
phase47,Nepal 2015 M7.3,108,114.0,7.300000190734863,7.131030601303383,-0.16896958943148022,0.16896958943148022,0.00017004265750397707,5
phase47,Samos 2020 M7.0,108,114.0,7.0,6.765777541023025,-0.23422245897697458,0.23422245897697458,-0.0005168582569083924,3
phase47,Sand 2025 M7.3,108,114.0,7.300000190734863,8.026986001642646,0.7269858109077827,0.7269858109077827,-0.0017097077502512548,45
phase47,Xizang 2025 M7.1,108,114.0,7.099999904632568,7.782214371346392,0.6822144667138232,0.6822144667138232,-0.004415683074380894,12
phase48,Iquique 2014 M7.7,108,114.0,7.699999809265137,7.655325958669222,-0.044673850595915,0.044673850595915,-0.005525554928212273,11
phase48,Kodiak 2018 M7.9,108,114.0,7.900000095367432,7.9503652847565585,0.05036518938912682,0.05036518938912682,0.0018726963919233341,64
phase48,Luding 2022 M6.6,108,114.0,6.599999904632568,7.091834092650285,0.49183418801771683,0.49183418801771683,-0.0011873098234387314,6
phase48,Mandalay 2025 M7.7,108,114.0,7.699999809265137,8.312993539482731,0.6129937302175943,0.6129937302175943,-0.0061850289840528205,12
phase48,Nepal 2015 M7.3,108,114.0,7.300000190734863,7.0972271545217005,-0.20277303621316278,0.20277303621316278,-0.0007754322728832364,5
phase48,Samos 2020 M7.0,108,114.0,7.0,6.752990980158622,-0.24700901984137769,0.24700901984137769,0.010400762595492274,3
phase48,Sand 2025 M7.3,108,114.0,7.300000190734863,8.286359243976257,0.9863590532413937,0.9863590532413937,0.014090800575942808,45
phase48,Xizang 2025 M7.1,108,114.0,7.099999904632568,7.8370583644034255,0.7370584597708572,0.7370584597708572,0.007688734743652503,12
phase39,Iquique 2014 M7.7,109,115.0,7.699999809265137,8.313594397318596,0.6135945880534592,0.6135945880534592,-0.02205284280474551,11
phase39,Kodiak 2018 M7.9,109,115.0,7.900000095367432,7.966330336637943,0.06633024127051179,0.06633024127051179,0.04143523055074816,64
phase39,Luding 2022 M6.6,109,115.0,6.599999904632568,7.125028857965632,0.5250289533330639,0.5250289533330639,-0.011136834482644353,6
phase39,Mandalay 2025 M7.7,109,115.0,7.699999809265137,7.381272584448459,-0.31872722481667815,0.31872722481667815,0.0094509000438876,12
phase39,Nepal 2015 M7.3,109,115.0,7.300000190734863,7.308800218752155,0.008800028017291517,0.008800028017291517,-0.004284138225123968,5
phase39,Samos 2020 M7.0,109,115.0,7.0,6.956678162460791,-0.04332183753920926,0.04332183753920926,-0.0026694107572637904,3
phase39,Sand 2025 M7.3,109,115.0,7.300000190734863,7.490816471553668,0.19081628081880453,0.19081628081880453,-0.00563062341311138,45
phase39,Xizang 2025 M7.1,109,115.0,7.099999904632568,7.487941591607459,0.38794168697489084,0.38794168697489084,0.0019112762493795898,12
phase47,Iquique 2014 M7.7,109,115.0,7.699999809265137,7.536371352923494,-0.1636284563416428,0.1636284563416428,-0.0037707569389366924,11
phase47,Kodiak 2018 M7.9,109,115.0,7.900000095367432,7.9261707904552345,0.026170695087802898,0.026170695087802898,0.004535587483352366,64
phase47,Luding 2022 M6.6,109,115.0,6.599999904632568,7.529320995861334,0.9293210912287657,0.9293210912287657,-0.005029781086683727,6
phase47,Mandalay 2025 M7.7,109,115.0,7.699999809265137,8.12508873462533,0.4250889253601926,0.4250889253601926,0.0006312670790116215,12
phase47,Nepal 2015 M7.3,109,115.0,7.300000190734863,7.131504321703636,-0.16849586903122749,0.16849586903122749,0.00047372040025273066,5
phase47,Samos 2020 M7.0,109,115.0,7.0,6.767625174972753,-0.2323748250272466,0.2323748250272466,0.0018476339497279781,3
phase47,Sand 2025 M7.3,109,115.0,7.300000190734863,8.027838677672205,0.7278384869373422,0.7278384869373422,0.0008526760295595182,45
phase47,Xizang 2025 M7.1,109,115.0,7.099999904632568,7.782489372247598,0.6824894676150297,0.6824894676150297,0.00027500090120646803,12
phase48,Iquique 2014 M7.7,109,115.0,7.699999809265137,7.650237659185249,-0.04976215007988749,0.04976215007988749,-0.0050882994839724915,11
phase48,Kodiak 2018 M7.9,109,115.0,7.900000095367432,7.9506402579778355,0.05064016261040383,0.05064016261040383,0.0002749732212770084,64
phase48,Luding 2022 M6.6,109,115.0,6.599999904632568,7.089203869581795,0.489203964949227,0.489203964949227,-0.002630223068489812,6
phase48,Mandalay 2025 M7.7,109,115.0,7.699999809265137,8.307566734757424,0.6075669254922875,0.6075669254922875,-0.005426804725306766,12
phase48,Nepal 2015 M7.3,109,115.0,7.300000190734863,7.096195773271192,-0.2038044174636715,0.2038044174636715,-0.0010313812505087228,5
phase48,Samos 2020 M7.0,109,115.0,7.0,6.762338146723487,-0.23766185327651268,0.23766185327651268,0.009347166564865006,3
phase48,Sand 2025 M7.3,109,115.0,7.300000190734863,8.30551742598799,1.0055172352531265,1.0055172352531265,0.019158182011732805,45
phase48,Xizang 2025 M7.1,109,115.0,7.099999904632568,7.836962351380181,0.7369624467476124,0.7369624467476124,-9.601302324480088e-05,12
phase39,Iquique 2014 M7.7,110,116.0,7.699999809265137,8.280587309498461,0.5805875002333245,0.5805875002333245,-0.03300708782013473,11
phase39,Kodiak 2018 M7.9,110,116.0,7.900000095367432,7.975507892260268,0.07550779689283615,0.07550779689283615,0.009177555622324363,64
phase39,Luding 2022 M6.6,110,116.0,6.599999904632568,7.109216243734204,0.509216339101636,0.509216339101636,-0.01581261423142788,6
phase39,Mandalay 2025 M7.7,110,116.0,7.699999809265137,7.388520083923326,-0.3114797253418109,0.3114797253418109,0.007247499474867247,12
phase39,Nepal 2015 M7.3,110,116.0,7.300000190734863,7.302891273766283,0.0028910830314199387,0.0028910830314199387,-0.005908944985871578,5
phase39,Samos 2020 M7.0,110,116.0,7.0,6.953731346540317,-0.04626865345968323,0.04626865345968323,-0.0029468159204739663,3
phase39,Sand 2025 M7.3,110,116.0,7.300000190734863,7.477300057493464,0.17729986675860054,0.17729986675860054,-0.013516414060203985,45
phase39,Xizang 2025 M7.1,110,116.0,7.099999904632568,7.473269833806107,0.37326992917353863,0.37326992917353863,-0.014671757801352214,12
phase47,Iquique 2014 M7.7,110,116.0,7.699999809265137,7.530886552000421,-0.1691132572647156,0.1691132572647156,-0.005484800923072797,11
phase47,Kodiak 2018 M7.9,110,116.0,7.900000095367432,7.937028181459302,0.037028086091869916,0.037028086091869916,0.010857391004067019,64
phase47,Luding 2022 M6.6,110,116.0,6.599999904632568,7.522209430949573,0.9222095263170047,0.9222095263170047,-0.007111564911761015,6
phase47,Mandalay 2025 M7.7,110,116.0,7.699999809265137,8.13569822120046,0.43569841193532355,0.43569841193532355,0.010609486575130944,12
phase47,Nepal 2015 M7.3,110,116.0,7.300000190734863,7.130298259247741,-0.16970193148712198,0.16970193148712198,-0.0012060624558944966,5
phase47,Samos 2020 M7.0,110,116.0,7.0,6.7700131153294985,-0.22998688467050155,0.22998688467050155,0.0023879403567450552,3
phase47,Sand 2025 M7.3,110,116.0,7.300000190734863,8.03018789202023,0.7301877012853666,0.7301877012853666,0.0023492143480243755,45
phase47,Xizang 2025 M7.1,110,116.0,7.099999904632568,7.7894519135430755,0.6894520089105072,0.6894520089105072,0.006962541295477465,12
phase48,Iquique 2014 M7.7,110,116.0,7.699999809265137,7.646264879376951,-0.05373492988818551,0.05373492988818551,-0.0039727798082980215,11
phase48,Kodiak 2018 M7.9,110,116.0,7.900000095367432,7.946109134790262,0.04610903942283073,0.04610903942283073,-0.004531123187573094,64
phase48,Luding 2022 M6.6,110,116.0,6.599999904632568,7.086095825895125,0.48609592126255663,0.48609592126255663,-0.003108043686670392,6
phase48,Mandalay 2025 M7.7,110,116.0,7.699999809265137,8.305829996001211,0.6058301867360747,0.6058301867360747,-0.00173673875621283,12
phase48,Nepal 2015 M7.3,110,116.0,7.300000190734863,7.0948460268700835,-0.2051541638647798,0.2051541638647798,-0.0013497464011082982,5
phase48,Samos 2020 M7.0,110,116.0,7.0,6.769591202800672,-0.2304087971993276,0.2304087971993276,0.007253056077185072,3
phase48,Sand 2025 M7.3,110,116.0,7.300000190734863,8.332015790791235,1.032015600056372,1.032015600056372,0.026498364803245522,45
phase48,Xizang 2025 M7.1,110,116.0,7.099999904632568,7.83371458150731,0.733714676874742,0.733714676874742,-0.003247769872870343,12
phase39,Iquique 2014 M7.7,111,117.0,7.699999809265137,8.22188168228453,0.5218818730193941,0.5218818730193941,-0.058705627213930356,11
phase39,Kodiak 2018 M7.9,111,117.0,7.900000095367432,7.928867261851957,0.028867166484525697,0.028867166484525697,-0.04664063040831046,64
phase39,Luding 2022 M6.6,111,117.0,6.599999904632568,7.0851609131988305,0.4851610085662621,0.4851610085662621,-0.024055330535373898,6
phase39,Mandalay 2025 M7.7,111,117.0,7.699999809265137,7.395325307988035,-0.30467450127710194,0.30467450127710194,0.006805224064708959,12
phase39,Nepal 2015 M7.3,111,117.0,7.300000190734863,7.297357953471275,-0.002642237263588143,0.002642237263588143,-0.005533320295008082,5
phase39,Samos 2020 M7.0,111,117.0,7.0,6.949841465207634,-0.05015853479236565,0.05015853479236565,-0.003889881332682421,3
phase39,Sand 2025 M7.3,111,117.0,7.300000190734863,7.455116828223312,0.15511663748844828,0.15511663748844828,-0.02218322927015226,45
phase39,Xizang 2025 M7.1,111,117.0,7.099999904632568,7.444198590222876,0.34419868559030764,0.34419868559030764,-0.029071243583230988,12
phase47,Iquique 2014 M7.7,111,117.0,7.699999809265137,7.526836567361851,-0.17316324190328558,0.17316324190328558,-0.004049984638569981,11
phase47,Kodiak 2018 M7.9,111,117.0,7.900000095367432,7.952790664038357,0.05279056867092535,0.05279056867092535,0.015762482579055437,64
phase47,Luding 2022 M6.6,111,117.0,6.599999904632568,7.514654858286285,0.9146549536537165,0.9146549536537165,-0.007554572663288184,6
phase47,Mandalay 2025 M7.7,111,117.0,7.699999809265137,8.151250240182685,0.4512504309175487,0.4512504309175487,0.015552018982225135,12
phase47,Nepal 2015 M7.3,111,117.0,7.300000190734863,7.128277085227304,-0.1717231055075592,0.1717231055075592,-0.002021174020437222,5
phase47,Samos 2020 M7.0,111,117.0,7.0,6.772771052015143,-0.22722894798485704,0.22722894798485704,0.002757936685644502,3
phase47,Sand 2025 M7.3,111,117.0,7.300000190734863,8.081268458151964,0.7812682674171008,0.7812682674171008,0.05108056613173417,45
phase47,Xizang 2025 M7.1,111,117.0,7.099999904632568,7.80283094288569,0.7028310382531213,0.7028310382531213,0.013379029342614146,12
phase48,Iquique 2014 M7.7,111,117.0,7.699999809265137,7.6432816531509795,-0.0567181561141572,0.0567181561141572,-0.0029832262259716913,11
phase48,Kodiak 2018 M7.9,111,117.0,7.900000095367432,7.956777194120769,0.05677709875333736,0.05677709875333736,0.01066805933050663,64
phase48,Luding 2022 M6.6,111,117.0,6.599999904632568,7.08178400222666,0.48178409759409124,0.48178409759409124,-0.0043118236684653866,6
phase48,Mandalay 2025 M7.7,111,117.0,7.699999809265137,8.30902349741493,0.6090236881497937,0.6090236881497937,0.003193501413718991,12
phase48,Nepal 2015 M7.3,111,117.0,7.300000190734863,7.0940384565221075,-0.20596173421275576,0.20596173421275576,-0.0008075703479759611,5
phase48,Samos 2020 M7.0,111,117.0,7.0,6.774603231622299,-0.22539676837770095,0.22539676837770095,0.005012028821626657,3
phase48,Sand 2025 M7.3,111,117.0,7.300000190734863,8.366765679786623,1.0667654890517593,1.0667654890517593,0.034749888995387224,45
phase48,Xizang 2025 M7.1,111,117.0,7.099999904632568,7.832408007770246,0.7324081031376775,0.7324081031376775,-0.0013065737370645536,12
phase39,Iquique 2014 M7.7,112,118.0,7.699999809265137,8.165291955603099,0.465292146337962,0.465292146337962,-0.05658972668143214,11
phase39,Kodiak 2018 M7.9,112,118.0,7.900000095367432,7.896541730393132,-0.0034583649742998546,0.0034583649742998546,-0.03232553145882555,64
phase39,Luding 2022 M6.6,112,118.0,6.599999904632568,7.062313309746301,0.46231340511373276,0.46231340511373276,-0.02284760345252934,6
phase39,Mandalay 2025 M7.7,112,118.0,7.699999809265137,7.399324070871718,-0.30067573839341843,0.30067573839341843,0.003998762883683504,12
phase39,Nepal 2015 M7.3,112,118.0,7.300000190734863,7.293941730365253,-0.00605846036961033,0.00605846036961033,-0.003416223106022187,5
phase39,Samos 2020 M7.0,112,118.0,7.0,6.944891265521343,-0.05510873447865716,0.05510873447865716,-0.004950199686291512,3
phase39,Sand 2025 M7.3,112,118.0,7.300000190734863,7.437089712178783,0.13708952144391962,0.13708952144391962,-0.018027116044528668,45
phase39,Xizang 2025 M7.1,112,118.0,7.099999904632568,7.426762393693666,0.32676248906109784,0.32676248906109784,-0.017436196529209802,12
phase47,Iquique 2014 M7.7,112,118.0,7.699999809265137,7.524183565182683,-0.175816244082454,0.175816244082454,-0.0026530021791684177,11
phase47,Kodiak 2018 M7.9,112,118.0,7.900000095367432,7.983537833773871,0.08353773840643974,0.08353773840643974,0.03074716973551439,64
phase47,Luding 2022 M6.6,112,118.0,6.599999904632568,7.509595295650646,0.9095953910180778,0.9095953910180778,-0.00505956263563867,6
phase47,Mandalay 2025 M7.7,112,118.0,7.699999809265137,8.167158432698333,0.46715862343319614,0.46715862343319614,0.015908192515647457,12
phase47,Nepal 2015 M7.3,112,118.0,7.300000190734863,7.126059338150025,-0.17394085258483827,0.17394085258483827,-0.002217747077279064,5
phase47,Samos 2020 M7.0,112,118.0,7.0,6.774600022137388,-0.22539997786261168,0.22539997786261168,0.0018289701222453658,3
phase47,Sand 2025 M7.3,112,118.0,7.300000190734863,8.103146801581676,0.803146610846813,0.803146610846813,0.021878343429712288,45
phase47,Xizang 2025 M7.1,112,118.0,7.099999904632568,7.817363518758208,0.7173636141256399,0.7173636141256399,0.01453257587251855,12
phase48,Iquique 2014 M7.7,112,118.0,7.699999809265137,7.6403779624740675,-0.05962184679106919,0.05962184679106919,-0.0029036906769119852,11
phase48,Kodiak 2018 M7.9,112,118.0,7.900000095367432,7.966095011053257,0.06609491568582548,0.06609491568582548,0.009317816932488121,64
phase48,Luding 2022 M6.6,112,118.0,6.599999904632568,7.074598259008578,0.4745983543760097,0.4745983543760097,-0.0071857432180815195,6
phase48,Mandalay 2025 M7.7,112,118.0,7.699999809265137,8.312569384652956,0.6125695753878198,0.6125695753878198,0.0035458872380260686,12
phase48,Nepal 2015 M7.3,112,118.0,7.300000190734863,7.093879529439311,-0.20612066129555195,0.20612066129555195,-0.00015892708279618972,5
phase48,Samos 2020 M7.0,112,118.0,7.0,6.778008325817414,-0.22199167418258625,0.22199167418258625,0.0034050941951146996,3
phase48,Sand 2025 M7.3,112,118.0,7.300000190734863,8.34683994759527,1.0468397568604075,1.0468397568604075,-0.01992573219135174,45
phase48,Xizang 2025 M7.1,112,118.0,7.099999904632568,7.837034643815727,0.7370347391831586,0.7370347391831586,0.004626636045481192,12
phase39,Iquique 2014 M7.7,113,119.0,7.699999809265137,8.147567437879934,0.44756762861479693,0.44756762861479693,-0.01772451772316508,11
phase39,Kodiak 2018 M7.9,113,119.0,7.900000095367432,7.816656065323043,-0.08334403004438862,0.08334403004438862,-0.07988566507008876,64
phase39,Luding 2022 M6.6,113,119.0,6.599999904632568,7.06044456910546,0.4604446644728917,0.4604446644728917,-0.0018687406408410823,6
phase39,Mandalay 2025 M7.7,113,119.0,7.699999809265137,7.424114892708667,-0.2758849165564694,0.2758849165564694,0.02479082183694903,12
phase39,Nepal 2015 M7.3,113,119.0,7.300000190734863,7.29414829882332,-0.005851891911543561,0.005851891911543561,0.00020656845806676927,5
phase39,Samos 2020 M7.0,113,119.0,7.0,6.9307971163170885,-0.0692028836829115,0.0692028836829115,-0.014094149204254336,3
phase39,Sand 2025 M7.3,113,119.0,7.300000190734863,7.407161861162356,0.1071616704274927,0.1071616704274927,-0.02992785101642692,45
phase39,Xizang 2025 M7.1,113,119.0,7.099999904632568,7.414692693528451,0.3146927888958828,0.3146927888958828,-0.012069700165215025,12
phase47,Iquique 2014 M7.7,113,119.0,7.699999809265137,7.52215020602328,-0.1778496032418566,0.1778496032418566,-0.0020333591594026146,11
phase47,Kodiak 2018 M7.9,113,119.0,7.900000095367432,7.98490796626739,0.08490787089995866,0.08490787089995866,0.0013701324935189163,64
phase47,Luding 2022 M6.6,113,119.0,6.599999904632568,7.502511668007701,0.9025117633751325,0.9025117633751325,-0.007083627642945345,6
phase47,Mandalay 2025 M7.7,113,119.0,7.699999809265137,8.17595772581861,0.4759579165534724,0.4759579165534724,0.008799293120276275,12
phase47,Nepal 2015 M7.3,113,119.0,7.300000190734863,7.124557235094752,-0.17544295564011136,0.17544295564011136,-0.0015021030552730963,5
phase47,Samos 2020 M7.0,113,119.0,7.0,6.777710083336691,-0.22228991666330877,0.22228991666330877,0.003110061199302905,3
phase47,Sand 2025 M7.3,113,119.0,7.300000190734863,8.150756006418703,0.85075581568384,0.85075581568384,0.04760920483702691,45
phase47,Xizang 2025 M7.1,113,119.0,7.099999904632568,7.835973188679075,0.7359732840465067,0.7359732840465067,0.018609669920866878,12
phase48,Iquique 2014 M7.7,113,119.0,7.699999809265137,7.636696884423518,-0.06330292484161859,0.06330292484161859,-0.0036810780505494023,11
phase48,Kodiak 2018 M7.9,113,119.0,7.900000095367432,7.952762418756842,0.05276232338941078,0.05276232338941078,-0.013332592296414703,64
phase48,Luding 2022 M6.6,113,119.0,6.599999904632568,7.069467983324021,0.46946807869145246,0.46946807869145246,-0.005130275684557262,6
phase48,Mandalay 2025 M7.7,113,119.0,7.699999809265137,8.311925518333348,0.6119257090682115,0.6119257090682115,-0.0006438663196082217,12
phase48,Nepal 2015 M7.3,113,119.0,7.300000190734863,7.094151282689716,-0.2058489080451471,0.2058489080451471,0.0002717532504048492,5
phase48,Samos 2020 M7.0,113,119.0,7.0,6.782300312349019,-0.21769968765098113,0.21769968765098113,0.004291986531605119,3
phase48,Sand 2025 M7.3,113,119.0,7.300000190734863,8.358180581602921,1.058180390868058,1.058180390868058,0.011340634007650507,45
phase48,Xizang 2025 M7.1,113,119.0,7.099999904632568,7.853414935653985,0.7534150310214169,0.7534150310214169,0.016380291838258287,12
phase39,Iquique 2014 M7.7,114,120.0,7.699999809265137,8.125487950856243,0.4254881415911065,0.4254881415911065,-0.022079487023690447,11
phase39,Kodiak 2018 M7.9,114,120.0,7.900000095367432,7.730529669725096,-0.16947042564233605,0.16947042564233605,-0.08612639559794744,64
phase39,Luding 2022 M6.6,114,120.0,6.599999904632568,7.076950277686612,0.4769503730540432,0.4769503730540432,0.016505708581151524,6
phase39,Mandalay 2025 M7.7,114,120.0,7.699999809265137,7.458512510334682,-0.24148729893045484,0.24148729893045484,0.034397617626014565,12
phase39,Nepal 2015 M7.3,114,120.0,7.300000190734863,7.294702810572257,-0.005297380162605947,0.005297380162605947,0.0005545117489376139,5
phase39,Samos 2020 M7.0,114,120.0,7.0,6.921664250180411,-0.07833574981958868,0.07833574981958868,-0.009132866136677187,3
phase39,Sand 2025 M7.3,114,120.0,7.300000190734863,7.408449756204107,0.10844956546924411,0.10844956546924411,0.001287895041751419,45
phase39,Xizang 2025 M7.1,114,120.0,7.099999904632568,7.411427333458247,0.3114274288256782,0.3114274288256782,-0.003265360070204615,12
phase47,Iquique 2014 M7.7,114,120.0,7.699999809265137,7.526898433144046,-0.17310137612109067,0.17310137612109067,0.0047482271207659466,11
phase47,Kodiak 2018 M7.9,114,120.0,7.900000095367432,7.977737267767911,0.07773717240047961,0.07773717240047961,-0.007170698499479045,64
phase47,Luding 2022 M6.6,114,120.0,6.599999904632568,7.5017447014703205,0.9017447968377521,0.9017447968377521,-0.000766966537380398,6
phase47,Mandalay 2025 M7.7,114,120.0,7.699999809265137,8.182739728997923,0.4827399197327864,0.4827399197327864,0.006782003179313989,12
phase47,Nepal 2015 M7.3,114,120.0,7.300000190734863,7.121756380044368,-0.17824381069049533,0.17824381069049533,-0.0028008550503839658,5
phase47,Samos 2020 M7.0,114,120.0,7.0,6.781218923577198,-0.2187810764228022,0.2187810764228022,0.003508840240506572,3
phase47,Sand 2025 M7.3,114,120.0,7.300000190734863,8.183841485593032,0.8838412948581684,0.8838412948581684,0.03308547917432847,45
phase47,Xizang 2025 M7.1,114,120.0,7.099999904632568,7.844758179510581,0.7447582748780128,0.7447582748780128,0.008784990831506079,12
phase48,Iquique 2014 M7.7,114,120.0,7.699999809265137,7.632297685818184,-0.06770212344695281,0.06770212344695281,-0.00439919860533422,11
phase48,Kodiak 2018 M7.9,114,120.0,7.900000095367432,7.941593577364846,0.041593481997414194,0.041593481997414194,-0.011168841391996587,64
phase48,Luding 2022 M6.6,114,120.0,6.599999904632568,7.0648629743422875,0.46486306970971913,0.46486306970971913,-0.004605008981733327,6
phase48,Mandalay 2025 M7.7,114,120.0,7.699999809265137,8.303935774412508,0.6039359651473717,0.6039359651473717,-0.007989743920839842,12
phase48,Nepal 2015 M7.3,114,120.0,7.300000190734863,7.093792212383975,-0.20620797835088833,0.20620797835088833,-0.000359070305741227,5
phase48,Samos 2020 M7.0,114,120.0,7.0,6.785429109454513,-0.21457089054548728,0.21457089054548728,0.0031287971054938524,3
phase48,Sand 2025 M7.3,114,120.0,7.300000190734863,8.368627798915018,1.0686276081801545,1.0686276081801545,0.010447217312096413,45
phase48,Xizang 2025 M7.1,114,120.0,7.099999904632568,7.860518444631357,0.760518539998789,0.760518539998789,0.007103508977372108,12
phase39,Iquique 2014 M7.7,115,121.0,7.699999809265137,8.092117574206416,0.39211776494127903,0.39211776494127903,-0.03337037664982745,11
phase39,Kodiak 2018 M7.9,115,121.0,7.900000095367432,7.687842015824446,-0.21215807954298604,0.21215807954298604,-0.04268765390064999,64
phase39,Luding 2022 M6.6,115,121.0,6.599999904632568,7.103807125599246,0.503807220966678,0.503807220966678,0.026856847912634763,6
phase39,Mandalay 2025 M7.7,115,121.0,7.699999809265137,7.4307141205524765,-0.26928568871266023,0.26928568871266023,-0.02779838978220539,12
phase39,Nepal 2015 M7.3,115,121.0,7.300000190734863,7.297885876110183,-0.002114314624680702,0.002114314624680702,0.003183065537925245,5
phase39,Samos 2020 M7.0,115,121.0,7.0,6.914139527627885,-0.08586047237211503,0.08586047237211503,-0.007524722552526342,3
phase39,Sand 2025 M7.3,115,121.0,7.300000190734863,7.401380049529115,0.10137985879425138,0.10137985879425138,-0.007069706674992737,45
phase39,Xizang 2025 M7.1,115,121.0,7.099999904632568,7.403273589718765,0.30327368508619656,0.30327368508619656,-0.008153743739481634,12
phase47,Iquique 2014 M7.7,115,121.0,7.699999809265137,7.529435248171797,-0.1705645610933395,0.1705645610933395,0.0025368150277511603,11
phase47,Kodiak 2018 M7.9,115,121.0,7.900000095367432,7.970041339961812,0.0700412445943801,0.0700412445943801,-0.007695927806099512,64
phase47,Luding 2022 M6.6,115,121.0,6.599999904632568,7.503743190527876,0.9037432858953078,0.9037432858953078,0.00199848905755573,6
phase47,Mandalay 2025 M7.7,115,121.0,7.699999809265137,8.188609505266847,0.4886096960017099,0.4886096960017099,0.005869776268923488,12
phase47,Nepal 2015 M7.3,115,121.0,7.300000190734863,7.118904582363459,-0.18109560837140393,0.18109560837140393,-0.0028517976809085965,5
phase47,Samos 2020 M7.0,115,121.0,7.0,6.781725917219895,-0.21827408278010463,0.21827408278010463,0.000506993642697573,3
phase47,Sand 2025 M7.3,115,121.0,7.300000190734863,8.172331784590353,0.8723315938554901,0.8723315938554901,-0.01150970100267834,45
phase47,Xizang 2025 M7.1,115,121.0,7.099999904632568,7.863221588380623,0.7632216837480543,0.7632216837480543,0.018463408870041498,12
phase48,Iquique 2014 M7.7,115,121.0,7.699999809265137,7.627393969228077,-0.07260584003705972,0.07260584003705972,-0.00490371659010691,11
phase48,Kodiak 2018 M7.9,115,121.0,7.900000095367432,7.936364894961862,0.03636479959443051,0.03636479959443051,-0.0052286824029836865,64
phase48,Luding 2022 M6.6,115,121.0,6.599999904632568,7.062503375413721,0.4625034707811526,0.4625034707811526,-0.0023595989285665198,6
phase48,Mandalay 2025 M7.7,115,121.0,7.699999809265137,8.294375518452139,0.5943757091870019,0.5943757091870019,-0.009560255960369801,12
phase48,Nepal 2015 M7.3,115,121.0,7.300000190734863,7.092596268998552,-0.2074039217363115,0.2074039217363115,-0.0011959433854231705,5
phase48,Samos 2020 M7.0,115,121.0,7.0,6.787813787987641,-0.21218621201235877,0.21218621201235877,0.0023846785331285147,3
phase48,Sand 2025 M7.3,115,121.0,7.300000190734863,8.380929322566507,1.0809291318316436,1.0809291318316436,0.012301523651489177,45
phase48,Xizang 2025 M7.1,115,121.0,7.099999904632568,7.849210833266105,0.7492109286335369,0.7492109286335369,-0.011307611365252157,12
phase39,Iquique 2014 M7.7,116,122.0,7.699999809265137,8.071987540505528,0.37198773124039164,0.37198773124039164,-0.020130033700887395,11
phase39,Kodiak 2018 M7.9,116,122.0,7.900000095367432,7.73637069730626,-0.16362939806117183,0.16362939806117183,0.04852868148181422,64
phase39,Luding 2022 M6.6,116,122.0,6.599999904632568,7.1719113245082475,0.5719114198756792,0.5719114198756792,0.06810419890900121,6
phase39,Mandalay 2025 M7.7,116,122.0,7.699999809265137,7.405657040923637,-0.2943427683415001,0.2943427683415001,-0.02505707962883985,12
phase39,Nepal 2015 M7.3,116,122.0,7.300000190734863,7.2890965022057355,-0.01090368852912782,0.01090368852912782,-0.008789373904447118,5
phase39,Samos 2020 M7.0,116,122.0,7.0,6.910776398142361,-0.08922360185763889,0.08922360185763889,-0.0033631294855238636,3
phase39,Sand 2025 M7.3,116,122.0,7.300000190734863,7.398445421759818,0.09844523102495462,0.09844523102495462,-0.0029346277692967604,45
phase39,Xizang 2025 M7.1,116,122.0,7.099999904632568,7.4168878940840886,0.3168879894515202,0.3168879894515202,0.013614304365323626,12
phase47,Iquique 2014 M7.7,116,122.0,7.699999809265137,7.525567475082552,-0.17443233418258508,0.17443233418258508,-0.003867773089245574,11
phase47,Kodiak 2018 M7.9,116,122.0,7.900000095367432,7.954707921931677,0.05470782656424511,0.05470782656424511,-0.015333418030134993,64
phase47,Luding 2022 M6.6,116,122.0,6.599999904632568,7.50289770448129,0.9028977998487218,0.9028977998487218,-0.0008454860465860747,6
phase47,Mandalay 2025 M7.7,116,122.0,7.699999809265137,8.179597557882923,0.4795977486177865,0.4795977486177865,-0.009011947383923413,12
phase47,Nepal 2015 M7.3,116,122.0,7.300000190734863,7.1168922840155595,-0.18310790671930377,0.18310790671930377,-0.0020122983478998435,5
phase47,Samos 2020 M7.0,116,122.0,7.0,6.778061234587924,-0.2219387654120757,0.2219387654120757,-0.0036646826319710613,3
phase47,Sand 2025 M7.3,116,122.0,7.300000190734863,8.17415861133042,0.8741584205955562,0.8741584205955562,0.0018268267400660676,45
phase47,Xizang 2025 M7.1,116,122.0,7.099999904632568,7.878703429449342,0.7787035248167733,0.7787035248167733,0.015481841068718971,12
phase48,Iquique 2014 M7.7,116,122.0,7.699999809265137,7.622513270206644,-0.07748653905849245,0.07748653905849245,-0.004880699021432733,11
phase48,Kodiak 2018 M7.9,116,122.0,7.900000095367432,7.935892233226444,0.035892137859012685,0.035892137859012685,-0.0004726617354178231,64
phase48,Luding 2022 M6.6,116,122.0,6.599999904632568,7.062925204922896,0.46292530029032797,0.46292530029032797,0.0004218295091753532,6
phase48,Mandalay 2025 M7.7,116,122.0,7.699999809265137,8.287852485219608,0.5878526759544709,0.5878526759544709,-0.006523033232531006,12
phase48,Nepal 2015 M7.3,116,122.0,7.300000190734863,7.090956217812316,-0.20904397292254728,0.20904397292254728,-0.0016400511862357803,5
phase48,Samos 2020 M7.0,116,122.0,7.0,6.789404300536976,-0.21059569946302403,0.21059569946302403,0.0015905125493347327,3
phase48,Sand 2025 M7.3,116,122.0,7.300000190734863,8.372871129501048,1.0728709387661848,1.0728709387661848,-0.008058193065458852,45
phase48,Xizang 2025 M7.1,116,122.0,7.099999904632568,7.827138615070664,0.727138710438096,0.727138710438096,-0.022072218195440918,12
phase39,Iquique 2014 M7.7,117,123.0,7.699999809265137,8.063733899219098,0.3637340899539616,0.3637340899539616,-0.008253641286430025,11
phase39,Kodiak 2018 M7.9,117,123.0,7.900000095367432,7.7148264144788365,-0.1851736808885951,0.1851736808885951,-0.021544282827423267,64
phase39,Luding 2022 M6.6,117,123.0,6.599999904632568,7.220119149282162,0.6201192446495938,0.6201192446495938,0.04820782477391461,6
phase39,Mandalay 2025 M7.7,117,123.0,7.699999809265137,7.3819220241153065,-0.3180777851498302,0.3180777851498302,-0.023735016808330123,12
phase39,Nepal 2015 M7.3,117,123.0,7.300000190734863,7.284648755398285,-0.015351435336578234,0.015351435336578234,-0.0044477468074504145,5
phase39,Samos 2020 M7.0,117,123.0,7.0,6.902162647522237,-0.0978373524777627,0.0978373524777627,-0.008613750620123817,3
phase39,Sand 2025 M7.3,117,123.0,7.300000190734863,7.403088678140926,0.10308848740606269,0.10308848740606269,0.004643256381108074,45
phase39,Xizang 2025 M7.1,117,123.0,7.099999904632568,7.4394968722387755,0.3394969676062072,0.3394969676062072,0.022608978154686987,12
phase47,Iquique 2014 M7.7,117,123.0,7.699999809265137,7.515549945059195,-0.18444986420594134,0.18444986420594134,-0.010017530023356258,11
phase47,Kodiak 2018 M7.9,117,123.0,7.900000095367432,7.945792722201679,0.04579262683424723,0.04579262683424723,-0.00891519972999788,64
phase47,Luding 2022 M6.6,117,123.0,6.599999904632568,7.495519886252723,0.8955199816201542,0.8955199816201542,-0.007377818228567534,6
phase47,Mandalay 2025 M7.7,117,123.0,7.699999809265137,8.155755932609233,0.45575612334409676,0.45575612334409676,-0.023841625273689715,12
phase47,Nepal 2015 M7.3,117,123.0,7.300000190734863,7.11446244482733,-0.18553774590753314,0.18553774590753314,-0.0024298391882293657,5
phase47,Samos 2020 M7.0,117,123.0,7.0,6.770668072960337,-0.22933192703966299,0.22933192703966299,-0.007393161627587297,3
phase47,Sand 2025 M7.3,117,123.0,7.300000190734863,8.176930714123635,0.8769305233887721,0.8769305233887721,0.002772102793215936,45
phase47,Xizang 2025 M7.1,117,123.0,7.099999904632568,7.886058594396467,0.786058689763899,0.786058689763899,0.007355164947125736,12
phase48,Iquique 2014 M7.7,117,123.0,7.699999809265137,7.618816477319411,-0.08118333194572536,0.08118333194572536,-0.0036967928872329026,11
phase48,Kodiak 2018 M7.9,117,123.0,7.900000095367432,7.92967576459421,0.029675669226778112,0.029675669226778112,-0.006216468632234573,64
phase48,Luding 2022 M6.6,117,123.0,6.599999904632568,7.066404237637196,0.46640433300462725,0.46640433300462725,0.0034790327142992794,6
phase48,Mandalay 2025 M7.7,117,123.0,7.699999809265137,8.284834574560218,0.5848347652950814,0.5848347652950814,-0.0030179106593895,12
phase48,Nepal 2015 M7.3,117,123.0,7.300000190734863,7.089636154909666,-0.21036403582519725,0.21036403582519725,-0.0013200629026499655,5
phase48,Samos 2020 M7.0,117,123.0,7.0,6.790605846748738,-0.20939415325126198,0.20939415325126198,0.0012015462117620501,3
phase48,Sand 2025 M7.3,117,123.0,7.300000190734863,8.365877582500751,1.0658773917658877,1.0658773917658877,-0.0069935470002970845,45
phase48,Xizang 2025 M7.1,117,123.0,7.099999904632568,7.8061957234086465,0.7061958187760782,0.7061958187760782,-0.020942891662017793,12
phase39,Iquique 2014 M7.7,118,124.0,7.699999809265137,8.059938959054534,0.35993914978939756,0.35993914978939756,-0.0037949401645640535,11
phase39,Kodiak 2018 M7.9,118,124.0,7.900000095367432,7.717488112897529,-0.18251198246990263,0.18251198246990263,0.0026616984186924597,64
phase39,Luding 2022 M6.6,118,124.0,6.599999904632568,7.20270826499138,0.6027083603588119,0.6027083603588119,-0.01741088429078186,6
phase39,Mandalay 2025 M7.7,118,124.0,7.699999809265137,7.372410917775159,-0.3275888914899774,0.3275888914899774,-0.00951110634014718,12
phase39,Nepal 2015 M7.3,118,124.0,7.300000190734863,7.2951059405846035,-0.0048942501502597935,0.0048942501502597935,0.01045718518631844,5
phase39,Samos 2020 M7.0,118,124.0,7.0,6.896085882658316,-0.10391411734168443,0.10391411734168443,-0.006076764863921724,3
phase39,Sand 2025 M7.3,118,124.0,7.300000190734863,7.405806763908961,0.1058065731740978,0.1058065731740978,0.0027180857680351167,45
phase39,Xizang 2025 M7.1,118,124.0,7.099999904632568,7.458479385502386,0.35847948086981773,0.35847948086981773,0.018982513263610556,12
phase47,Iquique 2014 M7.7,118,124.0,7.699999809265137,7.504817873790622,-0.19518193547451457,0.19518193547451457,-0.010732071268573229,11
phase47,Kodiak 2018 M7.9,118,124.0,7.900000095367432,7.94223355526506,0.042233459897627945,0.042233459897627945,-0.0035591669366192846,64
phase47,Luding 2022 M6.6,118,124.0,6.599999904632568,7.481535081498408,0.8815351768658397,0.8815351768658397,-0.013984804754314517,6
phase47,Mandalay 2025 M7.7,118,124.0,7.699999809265137,8.12299299150479,0.42299318223965265,0.42299318223965265,-0.03276294110444411,12
phase47,Nepal 2015 M7.3,118,124.0,7.300000190734863,7.113127201559177,-0.1868729891756864,0.1868729891756864,-0.0013352432681532633,5
phase47,Samos 2020 M7.0,118,124.0,7.0,6.7605776733804,-0.23942232661960006,0.23942232661960006,-0.01009039957993707,3
phase47,Sand 2025 M7.3,118,124.0,7.300000190734863,8.187125087338902,0.887124896604039,0.887124896604039,0.01019437321526695,45
phase47,Xizang 2025 M7.1,118,124.0,7.099999904632568,7.892557353072331,0.7925574484397631,0.7925574484397631,0.006498758675864025,12
phase48,Iquique 2014 M7.7,118,124.0,7.699999809265137,7.616253107331222,-0.08374670193391509,0.08374670193391509,-0.0025633699881897343,11
phase48,Kodiak 2018 M7.9,118,124.0,7.900000095367432,7.916461344666616,0.016461249299184466,0.016461249299184466,-0.013214419927593646,64
phase48,Luding 2022 M6.6,118,124.0,6.599999904632568,7.0708139344102,0.47081402977763176,0.47081402977763176,0.004409696773004512,6
phase48,Mandalay 2025 M7.7,118,124.0,7.699999809265137,8.284112760540692,0.5841129512755554,0.5841129512755554,-0.0007218140195259792,12
phase48,Nepal 2015 M7.3,118,124.0,7.300000190734863,7.088710555591183,-0.2112896351436806,0.2112896351436806,-0.00092559931848335,5
phase48,Samos 2020 M7.0,118,124.0,7.0,6.792834711584065,-0.2071652884159354,0.2071652884159354,0.0022288648353265827,3
phase48,Sand 2025 M7.3,118,124.0,7.300000190734863,8.371901417669005,1.0719012269341412,1.0719012269341412,0.006023835168253555,45
phase48,Xizang 2025 M7.1,118,124.0,7.099999904632568,7.791537217921581,0.6915373132890128,0.6915373132890128,-0.014658505487065376,12
phase39,Iquique 2014 M7.7,119,125.0,7.699999809265137,8.052004402201304,0.3520045929361668,0.3520045929361668,-0.007934556853230745,11
phase39,Kodiak 2018 M7.9,119,125.0,7.900000095367432,7.705679186790411,-0.194320908577021,0.194320908577021,-0.011808926107118367,64
phase39,Luding 2022 M6.6,119,125.0,6.599999904632568,7.187917318444815,0.5879174138122467,0.5879174138122467,-0.014790946546565209,6
phase39,Mandalay 2025 M7.7,119,125.0,7.699999809265137,7.375385274517546,-0.3246145347475906,0.3246145347475906,0.0029743567423867745,12
phase39,Nepal 2015 M7.3,119,125.0,7.300000190734863,7.299331570969342,-0.000668619765521683,0.000668619765521683,0.0042256303847381105,5
phase39,Samos 2020 M7.0,119,125.0,7.0,6.8895088347163504,-0.11049116528364955,0.11049116528364955,-0.0065770479419651195,3
phase39,Sand 2025 M7.3,119,125.0,7.300000190734863,7.43228299960147,0.1322828088666066,0.1322828088666066,0.026476235692508787,45
phase39,Xizang 2025 M7.1,119,125.0,7.099999904632568,7.4589962471090026,0.3589963424764342,0.3589963424764342,0.0005168616066164589,12
phase47,Iquique 2014 M7.7,119,125.0,7.699999809265137,7.509764805787395,-0.19023500347774203,0.19023500347774203,0.004946931996772541,11
phase47,Kodiak 2018 M7.9,119,125.0,7.900000095367432,7.930353335740571,0.030353240373139023,0.030353240373139023,-0.011880219524488922,64
phase47,Luding 2022 M6.6,119,125.0,6.599999904632568,7.46605159225765,0.8660516876250819,0.8660516876250819,-0.01548348924075782,6
phase47,Mandalay 2025 M7.7,119,125.0,7.699999809265137,8.091678027851756,0.39167821858661966,0.39167821858661966,-0.03131496365303299,12
phase47,Nepal 2015 M7.3,119,125.0,7.300000190734863,7.111845941880585,-0.18815424885427845,0.18815424885427845,-0.0012812596785920505,5
phase47,Samos 2020 M7.0,119,125.0,7.0,6.749758355626865,-0.25024164437313523,0.25024164437313523,-0.010819317753535174,3
phase47,Sand 2025 M7.3,119,125.0,7.300000190734863,8.172188187444304,0.8721879967094406,0.8721879967094406,-0.014936899894598454,45
phase47,Xizang 2025 M7.1,119,125.0,7.099999904632568,7.896649411680237,0.7966495070476682,0.7966495070476682,0.00409205860790518,12
phase48,Iquique 2014 M7.7,119,125.0,7.699999809265137,7.613987844825136,-0.08601196444000081,0.08601196444000081,-0.002265262506085719,11
phase48,Kodiak 2018 M7.9,119,125.0,7.900000095367432,7.906884491963279,0.006884396595847164,0.006884396595847164,-0.009576852703337302,64
phase48,Luding 2022 M6.6,119,125.0,6.599999904632568,7.074877687034672,0.4748777824021033,0.4748777824021033,0.004063752624471562,6
phase48,Mandalay 2025 M7.7,119,125.0,7.699999809265137,8.282046354203851,0.5820465449387147,0.5820465449387147,-0.0020664063368407426,12
phase48,Nepal 2015 M7.3,119,125.0,7.300000190734863,7.088593605878042,-0.21140658485682096,0.21140658485682096,-0.0001169497131403574,5
phase48,Samos 2020 M7.0,119,125.0,7.0,6.79564780367323,-0.20435219632677004,0.20435219632677004,0.002813092089165359,3
phase48,Sand 2025 M7.3,119,125.0,7.300000190734863,8.387112205433317,1.0871120146984534,1.0871120146984534,0.015210787764312172,45
phase48,Xizang 2025 M7.1,119,125.0,7.099999904632568,7.783054308661407,0.6830544040288382,0.6830544040288382,-0.008482909260174587,12
phase39,Iquique 2014 M7.7,120,126.0,7.699999809265137,8.0342500712649,0.33425026199976315,0.33425026199976315,-0.01775433093640366,11
phase39,Kodiak 2018 M7.9,120,126.0,7.900000095367432,7.6736860947927195,-0.22631400057471218,0.22631400057471218,-0.03199309199769118,64
phase39,Luding 2022 M6.6,120,126.0,6.599999904632568,7.152767549979086,0.5527676453465178,0.5527676453465178,-0.035149768465728926,6
phase39,Mandalay 2025 M7.7,120,126.0,7.699999809265137,7.368739695253884,-0.3312601140112523,0.3312601140112523,-0.006645579263661716,12
phase39,Nepal 2015 M7.3,120,126.0,7.300000190734863,7.296186075047933,-0.0038141156869304638,0.0038141156869304638,-0.0031454959214087808,5
phase39,Samos 2020 M7.0,120,126.0,7.0,6.885401322641313,-0.11459867735868734,0.11459867735868734,-0.004107512075037789,3
phase39,Sand 2025 M7.3,120,126.0,7.300000190734863,7.432113980253302,0.13211378951843855,0.13211378951843855,-0.00016901934816804243,45
phase39,Xizang 2025 M7.1,120,126.0,7.099999904632568,7.435214247651378,0.3352143430188095,0.3352143430188095,-0.023781999457624714,12
phase47,Iquique 2014 M7.7,120,126.0,7.699999809265137,7.515053007070275,-0.1849468021948617,0.1849468021948617,0.005288201282880323,11
phase47,Kodiak 2018 M7.9,120,126.0,7.900000095367432,7.927519858718264,0.02751976335083217,0.02751976335083217,-0.0028334770223068517,64
phase47,Luding 2022 M6.6,120,126.0,6.599999904632568,7.395274520440987,0.7952746158084185,0.7952746158084185,-0.07077707181666337,6
phase47,Mandalay 2025 M7.7,120,126.0,7.699999809265137,8.071102826934373,0.3711030176692365,0.3711030176692365,-0.020575200917383185,12
phase47,Nepal 2015 M7.3,120,126.0,7.300000190734863,7.110485231720585,-0.18951495901427862,0.18951495901427862,-0.001360710160000167,5
phase47,Samos 2020 M7.0,120,126.0,7.0,6.739851296483622,-0.26014870351637764,0.26014870351637764,-0.009907059143242414,3
phase47,Sand 2025 M7.3,120,126.0,7.300000190734863,8.145685409075405,0.8456852183405417,0.8456852183405417,-0.026502778368898916,45
phase47,Xizang 2025 M7.1,120,126.0,7.099999904632568,7.892675014514375,0.7926751098818068,0.7926751098818068,-0.003974397165861454,12
phase48,Iquique 2014 M7.7,120,126.0,7.699999809265137,7.612276002468932,-0.0877238067962045,0.0877238067962045,-0.0017118423562036966,11
phase48,Kodiak 2018 M7.9,120,126.0,7.900000095367432,7.901171127016657,0.0011710316492257178,0.0011710316492257178,-0.0057133649466214464,64
phase48,Luding 2022 M6.6,120,126.0,6.599999904632568,7.0754096326883555,0.4754097280557872,0.4754097280557872,0.0005319456536838629,6
phase48,Mandalay 2025 M7.7,120,126.0,7.699999809265137,8.257082029276313,0.5570822200111767,0.5570822200111767,-0.024964324927537973,12
phase48,Nepal 2015 M7.3,120,126.0,7.300000190734863,7.089139134302185,-0.2108610564326785,0.2108610564326785,0.0005455284241424607,5
phase48,Samos 2020 M7.0,120,126.0,7.0,6.79885857052577,-0.2011414294742302,0.2011414294742302,0.003210766852539848,3
phase48,Sand 2025 M7.3,120,126.0,7.300000190734863,8.38674766459238,1.0867474738575176,1.0867474738575176,-0.00036454084093584527,45
phase48,Xizang 2025 M7.1,120,126.0,7.099999904632568,7.7796105708182575,0.6796106661856891,0.6796106661856891,-0.0034437378431491084,12
phase39,Iquique 2014 M7.7,121,127.0,7.699999809265137,7.999577579136884,0.299577769871747,0.299577769871747,-0.03467249212801615,11
phase39,Kodiak 2018 M7.9,121,127.0,7.900000095367432,7.658605676884016,-0.24139441848341558,0.24139441848341558,-0.015080417908703403,64
phase39,Luding 2022 M6.6,121,127.0,6.599999904632568,7.108142158383321,0.5081422537507523,0.5081422537507523,-0.04462539159576551,6
phase39,Mandalay 2025 M7.7,121,127.0,7.699999809265137,7.362226065784814,-0.33777374348032296,0.33777374348032296,-0.0065136294690706364,12
phase39,Nepal 2015 M7.3,121,127.0,7.300000190734863,7.279573803515711,-0.020426387219152353,0.020426387219152353,-0.01661227153222189,5
phase39,Samos 2020 M7.0,121,127.0,7.0,6.882341939767633,-0.11765806023236713,0.11765806023236713,-0.0030593828736797946,3
phase39,Sand 2025 M7.3,121,127.0,7.300000190734863,7.4412182357019585,0.14121804496709522,0.14121804496709522,0.009104255448656673,45
phase39,Xizang 2025 M7.1,121,127.0,7.099999904632568,7.405707409709739,0.30570750507717026,0.30570750507717026,-0.02950683794163922,12
phase47,Iquique 2014 M7.7,121,127.0,7.699999809265137,7.5177202152210905,-0.18227959404404626,0.18227959404404626,0.0026672081508154477,11
phase47,Kodiak 2018 M7.9,121,127.0,7.900000095367432,7.924173888365688,0.024173792998256616,0.024173792998256616,-0.0033459703525755558,64
phase47,Luding 2022 M6.6,121,127.0,6.599999904632568,7.348249058471102,0.7482491538385334,0.7482491538385334,-0.04702546196988511,6
phase47,Mandalay 2025 M7.7,121,127.0,7.699999809265137,8.066361453845698,0.36636164458056086,0.36636164458056086,-0.004741373088675616,12
phase47,Nepal 2015 M7.3,121,127.0,7.300000190734863,7.111031980575,-0.18896821015986287,0.18896821015986287,0.0005467488544157462,5
phase47,Samos 2020 M7.0,121,127.0,7.0,6.731396447501513,-0.26860355249848666,0.26860355249848666,-0.00845484898210902,3
phase47,Sand 2025 M7.3,121,127.0,7.300000190734863,8.145474429689477,0.8454742389546137,0.8454742389546137,-0.0002109793859279563,45
phase47,Xizang 2025 M7.1,121,127.0,7.099999904632568,7.88154799078983,0.7815480861572617,0.7815480861572617,-0.011127023724545104,12
phase48,Iquique 2014 M7.7,121,127.0,7.699999809265137,7.609100599429629,-0.09089920983550748,0.09089920983550748,-0.003175403039302971,11
phase48,Kodiak 2018 M7.9,121,127.0,7.900000095367432,7.895325749277433,-0.004674346089998949,0.004674346089998949,-0.005845377739224666,64
phase48,Luding 2022 M6.6,121,127.0,6.599999904632568,7.0686425966017525,0.4686426919691842,0.4686426919691842,-0.006767036086603007,6
phase48,Mandalay 2025 M7.7,121,127.0,7.699999809265137,8.231293860581946,0.5312940513168094,0.5312940513168094,-0.025788168694367286,12
phase48,Nepal 2015 M7.3,121,127.0,7.300000190734863,7.0899818619990675,-0.21001832873579573,0.21001832873579573,0.0008427276968827613,5
phase48,Samos 2020 M7.0,121,127.0,7.0,6.802158747908313,-0.19784125209168657,0.19784125209168657,0.003300177382543623,3
phase48,Sand 2025 M7.3,121,127.0,7.300000190734863,8.386676967394077,1.086676776659214,1.086676776659214,-7.06971983035487e-05,45
phase48,Xizang 2025 M7.1,121,127.0,7.099999904632568,7.781024281943663,0.6810243773110942,0.6810243773110942,0.001413711125405115,12
phase39,Iquique 2014 M7.7,122,128.0,7.699999809265137,7.941303614772314,0.24130380550717767,0.24130380550717767,-0.05827396436456933,11
phase39,Kodiak 2018 M7.9,122,128.0,7.900000095367432,7.58784572554141,-0.31215436982602185,0.31215436982602185,-0.07075995134260626,64
phase39,Luding 2022 M6.6,122,128.0,6.599999904632568,7.056291244217481,0.4562913395849124,0.4562913395849124,-0.05185091416583987,6
phase39,Mandalay 2025 M7.7,122,128.0,7.699999809265137,7.396647365137834,-0.30335244412730233,0.30335244412730233,0.03442129935302063,12
phase39,Nepal 2015 M7.3,122,128.0,7.300000190734863,7.245673160378396,-0.054327030356467354,0.054327030356467354,-0.033900643137315,5
phase39,Samos 2020 M7.0,122,128.0,7.0,6.8769642388566705,-0.12303576114332948,0.12303576114332948,-0.005377700910962346,3
phase39,Sand 2025 M7.3,122,128.0,7.300000190734863,7.430181195927909,0.13018100519304543,0.13018100519304543,-0.011037039774049795,45
phase39,Xizang 2025 M7.1,122,128.0,7.099999904632568,7.386464186328013,0.28646428169544436,0.28646428169544436,-0.019243223381725905,12
phase47,Iquique 2014 M7.7,122,128.0,7.699999809265137,7.519113007653808,-0.18088680161132853,0.18088680161132853,0.0013927924327177266,11
phase47,Kodiak 2018 M7.9,122,128.0,7.900000095367432,7.919436261889395,0.019436166521963116,0.019436166521963116,-0.004737626476293499,64
phase47,Luding 2022 M6.6,122,128.0,6.599999904632568,7.327708615231902,0.7277087105993338,0.7277087105993338,-0.02054044323919957,6
phase47,Mandalay 2025 M7.7,122,128.0,7.699999809265137,8.074143528113908,0.37414371884877085,0.37414371884877085,0.007782074268209982,12
phase47,Nepal 2015 M7.3,122,128.0,7.300000190734863,7.111720004386431,-0.18828018634843247,0.18828018634843247,0.0006880238114304049,5
phase47,Samos 2020 M7.0,122,128.0,7.0,6.726334605461762,-0.2736653945382379,0.2736653945382379,-0.005061842039751241,3
phase47,Sand 2025 M7.3,122,128.0,7.300000190734863,8.14254545578206,0.8425452650471961,0.8425452650471961,-0.0029289739074176424,45
phase47,Xizang 2025 M7.1,122,128.0,7.099999904632568,7.862077906176337,0.7620780015437685,0.7620780015437685,-0.0194700846134932,12
phase48,Iquique 2014 M7.7,122,128.0,7.699999809265137,7.606039974389234,-0.09395983487590254,0.09395983487590254,-0.0030606250403950597,11
phase48,Kodiak 2018 M7.9,122,128.0,7.900000095367432,7.90115558881006,0.0011554934426287744,0.0011554934426287744,0.005829839532627723,64
phase48,Luding 2022 M6.6,122,128.0,6.599999904632568,7.061053029552547,0.46105312491997896,0.46105312491997896,-0.007589567049205215,6
phase48,Mandalay 2025 M7.7,122,128.0,7.699999809265137,8.227308918195018,0.5273091089298809,0.5273091089298809,-0.003984942386928481,12
phase48,Nepal 2015 M7.3,122,128.0,7.300000190734863,7.091127221520368,-0.20887296921449572,0.20887296921449572,0.0011453595213000156,5
phase48,Samos 2020 M7.0,122,128.0,7.0,6.804388581494001,-0.19561141850599917,0.19561141850599917,0.002229833585687402,3
phase48,Sand 2025 M7.3,122,128.0,7.300000190734863,8.388730260014889,1.0887300692800252,1.0887300692800252,0.00205329262081122,45
phase48,Xizang 2025 M7.1,122,128.0,7.099999904632568,7.797027458696478,0.6970275540639097,0.6970275540639097,0.016003176752815484,12
phase39,Iquique 2014 M7.7,123,129.0,7.699999809265137,7.878108107371208,0.17810829810607132,0.17810829810607132,-0.06319550740110635,11
phase39,Kodiak 2018 M7.9,123,129.0,7.900000095367432,7.587703253229355,-0.3122968421380765,0.3122968421380765,-0.00014247231205466449,64
phase39,Luding 2022 M6.6,123,129.0,6.599999904632568,7.029323368762203,0.4293234641296344,0.4293234641296344,-0.026967875455278012,6
phase39,Mandalay 2025 M7.7,123,129.0,7.699999809265137,7.392258767827039,-0.30774104143809744,0.30774104143809744,-0.004388597310795106,12
phase39,Nepal 2015 M7.3,123,129.0,7.300000190734863,7.214562554269691,-0.08543763646517188,0.08543763646517188,-0.03111060610870453,5
phase39,Samos 2020 M7.0,123,129.0,7.0,6.8718704288225805,-0.12812957117741952,0.12812957117741952,-0.0050938100340900405,3
phase39,Sand 2025 M7.3,123,129.0,7.300000190734863,7.425230948542604,0.1252307578077403,0.1252307578077403,-0.00495024738530514,45
phase39,Xizang 2025 M7.1,123,129.0,7.099999904632568,7.360690254555781,0.2606903499232125,0.2606903499232125,-0.02577393177223186,12
phase47,Iquique 2014 M7.7,123,129.0,7.699999809265137,7.521467708223829,-0.17853210104130746,0.17853210104130746,0.0023547005700210732,11
phase47,Kodiak 2018 M7.9,123,129.0,7.900000095367432,7.908875260622837,0.008875165255405548,0.008875165255405548,-0.010561001266557568,64
phase47,Luding 2022 M6.6,123,129.0,6.599999904632568,7.338383905689824,0.7383840010572555,0.7383840010572555,0.010675290457921705,6
phase47,Mandalay 2025 M7.7,123,129.0,7.699999809265137,8.088496022142884,0.3884962128777474,0.3884962128777474,0.014352494028976537,12
phase47,Nepal 2015 M7.3,123,129.0,7.300000190734863,7.112442400697405,-0.18755779003745854,0.18755779003745854,0.0007223963109739273,5
phase47,Samos 2020 M7.0,123,129.0,7.0,6.726786354256111,-0.27321364574388873,0.27321364574388873,0.0004517487943491716,3
phase47,Sand 2025 M7.3,123,129.0,7.300000190734863,8.137565337263709,0.8375651465288456,0.8375651465288456,-0.0049801185183504515,45
phase47,Xizang 2025 M7.1,123,129.0,7.099999904632568,7.83892996924459,0.7389300646120214,0.7389300646120214,-0.023147936931747104,12
phase48,Iquique 2014 M7.7,123,129.0,7.699999809265137,7.603793609663246,-0.09620619960189103,0.09620619960189103,-0.0022463647259884922,11
phase48,Kodiak 2018 M7.9,123,129.0,7.900000095367432,7.910881593548457,0.010881498181025684,0.010881498181025684,0.00972600473839691,64
phase48,Luding 2022 M6.6,123,129.0,6.599999904632568,7.057778905645979,0.45777900101341107,0.45777900101341107,-0.003274123906567894,6
phase48,Mandalay 2025 M7.7,123,129.0,7.699999809265137,8.238283389935313,0.5382835806701767,0.5382835806701767,0.010974471740295755,12
phase48,Nepal 2015 M7.3,123,129.0,7.300000190734863,7.092100260937546,-0.20789992979731764,0.20789992979731764,0.0009730394171780787,5
phase48,Samos 2020 M7.0,123,129.0,7.0,6.806743309596518,-0.1932566904034818,0.1932566904034818,0.002354728102517356,3
phase48,Sand 2025 M7.3,123,129.0,7.300000190734863,8.37976854577488,1.0797683550400166,1.0797683550400166,-0.008961714240008689,45
phase48,Xizang 2025 M7.1,123,129.0,7.099999904632568,7.82772620353069,0.7277262988981219,0.7277262988981219,0.0306987448342122,12
phase39,Iquique 2014 M7.7,124,130.0,7.699999809265137,7.839556740654971,0.13955693138983438,0.13955693138983438,-0.038551366716236934,11
phase39,Kodiak 2018 M7.9,124,130.0,7.900000095367432,7.645951756707508,-0.25404833865992327,0.25404833865992327,0.058248503478153246,64
phase39,Luding 2022 M6.6,124,130.0,6.599999904632568,7.020229276143331,0.42022937151076256,0.42022937151076256,-0.00909409261887184,6
phase39,Mandalay 2025 M7.7,124,130.0,7.699999809265137,7.4108723665163945,-0.28912744274874225,0.28912744274874225,0.018613598689355193,12
phase39,Nepal 2015 M7.3,124,130.0,7.300000190734863,7.211668874819029,-0.0883313159158341,0.0883313159158341,-0.002893679450662212,5
phase39,Samos 2020 M7.0,124,130.0,7.0,6.869230818155348,-0.13076918184465214,0.13076918184465214,-0.002639610667232617,3
phase39,Sand 2025 M7.3,124,130.0,7.300000190734863,7.418018928253607,0.11801873751874403,0.11801873751874403,-0.007212020288996257,45
phase39,Xizang 2025 M7.1,124,130.0,7.099999904632568,7.351061583556924,0.2510616789243558,0.2510616789243558,-0.00962867099885667,12
phase47,Iquique 2014 M7.7,124,130.0,7.699999809265137,7.524575759458622,-0.17542404980651494,0.17542404980651494,0.0031080512347925193,11
phase47,Kodiak 2018 M7.9,124,130.0,7.900000095367432,7.917329466869667,0.017329371502235347,0.017329371502235347,0.008454206246829798,64
phase47,Luding 2022 M6.6,124,130.0,6.599999904632568,7.373417717524626,0.7734178128920579,0.7734178128920579,0.035033811834802364,6
phase47,Mandalay 2025 M7.7,124,130.0,7.699999809265137,8.110040354582207,0.4100405453170701,0.4100405453170701,0.021544332439322744,12
phase47,Nepal 2015 M7.3,124,130.0,7.300000190734863,7.113374510743257,-0.1866256799916064,0.1866256799916064,0.0009321100458521414,5
phase47,Samos 2020 M7.0,124,130.0,7.0,6.734576154929628,-0.2654238450703721,0.2654238450703721,0.007789800673516645,3
phase47,Sand 2025 M7.3,124,130.0,7.300000190734863,8.143222450695951,0.8432222599610881,0.8432222599610881,0.005657113432242511,45
phase47,Xizang 2025 M7.1,124,130.0,7.099999904632568,7.818624202142166,0.7186242975095976,0.7186242975095976,-0.020305767102423822,12
phase48,Iquique 2014 M7.7,124,130.0,7.699999809265137,7.60101471954009,-0.09898508972504683,0.09898508972504683,-0.002778890123155797,11
phase48,Kodiak 2018 M7.9,124,130.0,7.900000095367432,7.923386354655534,0.02338625928810245,0.02338625928810245,0.012504761107076767,64
phase48,Luding 2022 M6.6,124,130.0,6.599999904632568,7.059093147639063,0.45909324300649423,0.45909324300649423,0.001314241993083165,6
phase48,Mandalay 2025 M7.7,124,130.0,7.699999809265137,8.256992589318974,0.5569927800538377,0.5569927800538377,0.018709199383661,12
phase48,Nepal 2015 M7.3,124,130.0,7.300000190734863,7.092562035212425,-0.20743815552243827,0.20743815552243827,0.0004617742748793674,5
phase48,Samos 2020 M7.0,124,130.0,7.0,6.809807171016663,-0.19019282898333678,0.19019282898333678,0.003063861420145031,3
phase48,Sand 2025 M7.3,124,130.0,7.300000190734863,8.431902694224785,1.131902503489922,1.131902503489922,0.05213414844990538,45
phase48,Xizang 2025 M7.1,124,130.0,7.099999904632568,7.831780167805262,0.731780263172694,0.731780263172694,0.004053964274572053,12
phase39,Iquique 2014 M7.7,125,131.0,7.699999809265137,7.8282015721733735,0.12820176290823682,0.12820176290823682,-0.011355168481597566,11
phase39,Kodiak 2018 M7.9,125,131.0,7.900000095367432,7.662826917675055,-0.23717317769237667,0.23717317769237667,0.0168751609675466,64
phase39,Luding 2022 M6.6,125,131.0,6.599999904632568,7.036179902040693,0.4361799974081251,0.4361799974081251,0.015950625897362514,6
phase39,Mandalay 2025 M7.7,125,131.0,7.699999809265137,7.416342259908604,-0.28365754935653253,0.28365754935653253,0.005469893392209713,12
phase39,Nepal 2015 M7.3,125,131.0,7.300000190734863,7.222958771272152,-0.07704141946271115,0.07704141946271115,0.01128989645312295,5
phase39,Samos 2020 M7.0,125,131.0,7.0,6.870247957691827,-0.12975204230817283,0.12975204230817283,0.0010171395364793057,3
phase39,Sand 2025 M7.3,125,131.0,7.300000190734863,7.42200257246167,0.12200238172680677,0.12200238172680677,0.003983644208062742,45
phase39,Xizang 2025 M7.1,125,131.0,7.099999904632568,7.351924113287719,0.25192420865515075,0.25192420865515075,0.0008625297307949253,12
phase47,Iquique 2014 M7.7,125,131.0,7.699999809265137,7.526231301082185,-0.17376850818295164,0.17376850818295164,0.0016555416235632947,11
phase47,Kodiak 2018 M7.9,125,131.0,7.900000095367432,7.928974409234881,0.028974313867449197,0.028974313867449197,0.01164494236521385,64
phase47,Luding 2022 M6.6,125,131.0,6.599999904632568,7.4193093780878705,0.8193094734553021,0.8193094734553021,0.04589166056324423,6
phase47,Mandalay 2025 M7.7,125,131.0,7.699999809265137,8.165186980549613,0.4651871712844766,0.4651871712844766,0.05514662596740649,12
phase47,Nepal 2015 M7.3,125,131.0,7.300000190734863,7.114895376229347,-0.1851048145055163,0.1851048145055163,0.001520865486090095,5
phase47,Samos 2020 M7.0,125,131.0,7.0,6.744837770186292,-0.25516222981370795,0.25516222981370795,0.010261615256664136,3
phase47,Sand 2025 M7.3,125,131.0,7.300000190734863,8.12570672151465,0.8257065307797866,0.8257065307797866,-0.01751572918130151,45
phase47,Xizang 2025 M7.1,125,131.0,7.099999904632568,7.828398243152849,0.7283983385202806,0.7283983385202806,0.009774041010683021,12
phase48,Iquique 2014 M7.7,125,131.0,7.699999809265137,7.599655183907348,-0.10034462535778843,0.10034462535778843,-0.0013595356327416042,11
phase48,Kodiak 2018 M7.9,125,131.0,7.900000095367432,7.93068249127779,0.030682395910358373,0.030682395910358373,0.007296136622255922,64
phase48,Luding 2022 M6.6,125,131.0,6.599999904632568,7.061771114459557,0.4617712098269884,0.4617712098269884,0.0026779668204941487,6
phase48,Mandalay 2025 M7.7,125,131.0,7.699999809265137,8.27814481237829,0.5781450031131534,0.5781450031131534,0.021152223059315745,12
phase48,Nepal 2015 M7.3,125,131.0,7.300000190734863,7.093013622955565,-0.20698656777929791,0.20698656777929791,0.0004515877431403581,5
phase48,Samos 2020 M7.0,125,131.0,7.0,6.812750515791761,-0.18724948420823928,0.18724948420823928,0.0029433447750975006,3
phase48,Sand 2025 M7.3,125,131.0,7.300000190734863,8.461162327697824,1.161162136962961,1.161162136962961,0.02925963347303906,45
phase48,Xizang 2025 M7.1,125,131.0,7.099999904632568,7.8198392512403085,0.7198393466077402,0.7198393466077402,-0.011940916564953774,12
phase39,Iquique 2014 M7.7,126,132.0,7.699999809265137,7.8300814110525145,0.13008160178737782,0.13008160178737782,0.0018798388791410048,11
phase39,Kodiak 2018 M7.9,126,132.0,7.900000095367432,7.677329662363608,-0.22267043300382383,0.22267043300382383,0.014502744688552838,64
phase39,Luding 2022 M6.6,126,132.0,6.599999904632568,7.05167787768134,0.45167797304877144,0.45167797304877144,0.015497975640646366,6
phase39,Mandalay 2025 M7.7,126,132.0,7.699999809265137,7.424069106265142,-0.2759307029999949,0.2759307029999949,0.007726846356537642,12
phase39,Nepal 2015 M7.3,126,132.0,7.300000190734863,7.221922768135071,-0.078077422599792,0.078077422599792,-0.0010360031370808542,5
phase39,Samos 2020 M7.0,126,132.0,7.0,6.872256988798737,-0.12774301120126275,0.12774301120126275,0.0020090311069100864,3
phase39,Sand 2025 M7.3,126,132.0,7.300000190734863,7.435604188900357,0.13560399816549396,0.13560399816549396,0.01360161643868718,45
phase39,Xizang 2025 M7.1,126,132.0,7.099999904632568,7.354533415931314,0.2545335112987459,0.2545335112987459,0.002609302643595157,12
phase47,Iquique 2014 M7.7,126,132.0,7.699999809265137,7.528218313335923,-0.17178149592921343,0.17178149592921343,0.0019870122537382073,11
phase47,Kodiak 2018 M7.9,126,132.0,7.900000095367432,7.936673614040744,0.0366735186733127,0.0366735186733127,0.007699204805863502,64
phase47,Luding 2022 M6.6,126,132.0,6.599999904632568,7.435259003168871,0.8352590985363024,0.8352590985363024,0.015949625081000285,6
phase47,Mandalay 2025 M7.7,126,132.0,7.699999809265137,8.162375658409097,0.46237584914396024,0.46237584914396024,-0.0028113221405163813,12
phase47,Nepal 2015 M7.3,126,132.0,7.300000190734863,7.116027357408752,-0.18397283332611103,0.18397283332611103,0.0011319811794052725,5
phase47,Samos 2020 M7.0,126,132.0,7.0,6.751853440377439,-0.24814655962256094,0.24814655962256094,0.0070156701911470165,3
phase47,Sand 2025 M7.3,126,132.0,7.300000190734863,8.12380811373517,0.8238079230003059,0.8238079230003059,-0.0018986077794806988,45
phase47,Xizang 2025 M7.1,126,132.0,7.099999904632568,7.8240041351179865,0.7240042304854182,0.7240042304854182,-0.004394108034862398,12
phase48,Iquique 2014 M7.7,126,132.0,7.699999809265137,7.596879589152449,-0.10312022011268773,0.10312022011268773,-0.002775594754899302,11
phase48,Kodiak 2018 M7.9,126,132.0,7.900000095367432,7.933657911690607,0.033657816323175105,0.033657816323175105,0.0029754204128167316,64
phase48,Luding 2022 M6.6,126,132.0,6.599999904632568,7.06392479665344,0.46392489202087184,0.46392489202087184,0.002153682193883455,6
phase48,Mandalay 2025 M7.7,126,132.0,7.699999809265137,8.298723217989743,0.5987234087246058,0.5987234087246058,0.02057840561145241,12
phase48,Nepal 2015 M7.3,126,132.0,7.300000190734863,7.092866712249731,-0.2071334784851322,0.2071334784851322,-0.00014691070583428,5
phase48,Samos 2020 M7.0,126,132.0,7.0,6.815890347841781,-0.18410965215821928,0.18410965215821928,0.003139832050019997,3
phase48,Sand 2025 M7.3,126,132.0,7.300000190734863,8.48544404064723,1.1854438499123674,1.1854438499123674,0.024281712949406398,45
phase48,Xizang 2025 M7.1,126,132.0,7.099999904632568,7.816318699499551,0.7163187948669822,0.7163187948669822,-0.003520551740757938,12
phase39,Iquique 2014 M7.7,127,133.0,7.699999809265137,7.829473986759219,0.12947417749408263,0.12947417749408263,-0.000607424293295189,11
phase39,Kodiak 2018 M7.9,127,133.0,7.900000095367432,7.632168544932644,-0.2678315504347877,0.2678315504347877,-0.04516111743096385,64
phase39,Luding 2022 M6.6,127,133.0,6.599999904632568,7.063983764865155,0.4639838602325863,0.4639838602325863,0.012305887183814868,6
phase39,Mandalay 2025 M7.7,127,133.0,7.699999809265137,7.4209699888709695,-0.27902982039416724,0.27902982039416724,-0.003099117394172346,12
phase39,Nepal 2015 M7.3,127,133.0,7.300000190734863,7.20920592508031,-0.09079426565455329,0.09079426565455329,-0.012716843054761284,5
phase39,Samos 2020 M7.0,127,133.0,7.0,6.874523412527202,-0.12547658747279833,0.12547658747279833,0.0022664237284644173,3
phase39,Sand 2025 M7.3,127,133.0,7.300000190734863,7.448296643230496,0.14829645249563228,0.14829645249563228,0.012692454330138325,45
phase39,Xizang 2025 M7.1,127,133.0,7.099999904632568,7.349547320752022,0.2495474161194533,0.2495474161194533,-0.0049860951792926045,12
phase47,Iquique 2014 M7.7,127,133.0,7.699999809265137,7.536457544245618,-0.16354226501951885,0.16354226501951885,0.008239230909694584,11
phase47,Kodiak 2018 M7.9,127,133.0,7.900000095367432,7.936550991352744,0.03655089598531269,0.03655089598531269,-0.00012262268800000697,64
phase47,Luding 2022 M6.6,127,133.0,6.599999904632568,7.425802583797683,0.8258026791651147,0.8258026791651147,-0.009456419371187685,6
phase47,Mandalay 2025 M7.7,127,133.0,7.699999809265137,8.173010026312268,0.47301021704713087,0.47301021704713087,0.010634367903170627,12
phase47,Nepal 2015 M7.3,127,133.0,7.300000190734863,7.115259792617426,-0.18474039811743737,0.18474039811743737,-0.0007675647913263361,5
phase47,Samos 2020 M7.0,127,133.0,7.0,6.754475507281442,-0.24552449271855803,0.24552449271855803,0.0026220669040029065,3
phase47,Sand 2025 M7.3,127,133.0,7.300000190734863,8.13814183176643,0.8381416410315659,0.8381416410315659,0.014333718031259934,45
phase47,Xizang 2025 M7.1,127,133.0,7.099999904632568,7.813853486141243,0.7138535815086744,0.7138535815086744,-0.010150648976743781,12
phase48,Iquique 2014 M7.7,127,133.0,7.699999809265137,7.591786820799928,-0.10821298846520833,0.10821298846520833,-0.005092768352520594,11
phase48,Kodiak 2018 M7.9,127,133.0,7.900000095367432,7.933007975711268,0.033007880343836504,0.033007880343836504,-0.0006499359793386006,64
phase48,Luding 2022 M6.6,127,133.0,6.599999904632568,7.065434014980344,0.4654341103477755,0.4654341103477755,0.0015092183269036497,6
phase48,Mandalay 2025 M7.7,127,133.0,7.699999809265137,8.321177110665294,0.6211773014001576,0.6211773014001576,0.022453892675551756,12
phase48,Nepal 2015 M7.3,127,133.0,7.300000190734863,7.0921455972899174,-0.20785459344494583,0.20785459344494583,-0.0007211149598136402,5
phase48,Samos 2020 M7.0,127,133.0,7.0,6.81793047304944,-0.1820695269505599,0.1820695269505599,0.0020401252076593934,3
phase48,Sand 2025 M7.3,127,133.0,7.300000190734863,8.500712224317622,1.200712033582759,1.200712033582759,0.015268183670391622,45
phase48,Xizang 2025 M7.1,127,133.0,7.099999904632568,7.816397612505389,0.7163977078728205,0.7163977078728205,7.891300583828809e-05,12
phase39,Iquique 2014 M7.7,128,134.0,7.699999809265137,7.8116413384539225,0.11164152918878578,0.11164152918878578,-0.01783264830529685,11
phase39,Kodiak 2018 M7.9,128,134.0,7.900000095367432,7.592979224340336,-0.3070208710270954,0.3070208710270954,-0.03918932059230773,64
phase39,Luding 2022 M6.6,128,134.0,6.599999904632568,7.06213716443898,0.4621372598064113,0.4621372598064113,-0.0018466004261750157,6
phase39,Mandalay 2025 M7.7,128,134.0,7.699999809265137,7.401725713146402,-0.29827409611873446,0.29827409611873446,-0.019244275724567217,12
phase39,Nepal 2015 M7.3,128,134.0,7.300000190734863,7.210998452123925,-0.0890017386109383,0.0890017386109383,0.0017925270436149887,5
phase39,Samos 2020 M7.0,128,134.0,7.0,6.874870077491189,-0.12512992250881094,0.12512992250881094,0.00034666496398738644,3
phase39,Sand 2025 M7.3,128,134.0,7.300000190734863,7.439477439090617,0.13947724835575404,0.13947724835575404,-0.008819204139878245,45
phase39,Xizang 2025 M7.1,128,134.0,7.099999904632568,7.334074872767269,0.23407496813470097,0.23407496813470097,-0.015472447984752336,12
phase47,Iquique 2014 M7.7,128,134.0,7.699999809265137,7.541426537942393,-0.15857327132274346,0.15857327132274346,0.004968993696775392,11
phase47,Kodiak 2018 M7.9,128,134.0,7.900000095367432,7.93190180998062,0.03190171461318858,0.03190171461318858,-0.0046491813721241115,64
phase47,Luding 2022 M6.6,128,134.0,6.599999904632568,7.413556790172356,0.8135568855397874,0.8135568855397874,-0.012245793625327295,6
phase47,Mandalay 2025 M7.7,128,134.0,7.699999809265137,8.182898766734633,0.4828989574694962,0.4828989574694962,0.009888740422365316,12
phase47,Nepal 2015 M7.3,128,134.0,7.300000190734863,7.1137566392931655,-0.1862435514416978,0.1862435514416978,-0.0015031533242604311,5
phase47,Samos 2020 M7.0,128,134.0,7.0,6.755647239847648,-0.24435276015235186,0.24435276015235186,0.001171732566206174,3
phase47,Sand 2025 M7.3,128,134.0,7.300000190734863,8.14937325650978,0.8493730657749161,0.8493730657749161,0.01123142474335026,45
phase47,Xizang 2025 M7.1,128,134.0,7.099999904632568,7.825415654632114,0.725415749999546,0.725415749999546,0.01156216849087155,12
phase48,Iquique 2014 M7.7,128,134.0,7.699999809265137,7.589552627963109,-0.11044718130202735,0.11044718130202735,-0.0022341928368190267,11
phase48,Kodiak 2018 M7.9,128,134.0,7.900000095367432,7.941655882367955,0.04165578700052297,0.04165578700052297,0.008647906656686466,64
phase48,Luding 2022 M6.6,128,134.0,6.599999904632568,7.068180171141558,0.46818026650898936,0.46818026650898936,0.002746156161213875,6
phase48,Mandalay 2025 M7.7,128,134.0,7.699999809265137,8.341283329325515,0.6412835200603784,0.6412835200603784,0.020106218660220776,12
phase48,Nepal 2015 M7.3,128,134.0,7.300000190734863,7.091153734646924,-0.20884645608793928,0.20884645608793928,-0.0009918626429934463,5
phase48,Samos 2020 M7.0,128,134.0,7.0,6.819356180795311,-0.18064381920468886,0.18064381920468886,0.0014257077458710299,3
phase48,Sand 2025 M7.3,128,134.0,7.300000190734863,8.503461182257215,1.203460991522352,1.203460991522352,0.0027489579395929553,45
phase48,Xizang 2025 M7.1,128,134.0,7.099999904632568,7.798365561495464,0.6983656568628955,0.6983656568628955,-0.018032051009925,12
phase39,Iquique 2014 M7.7,129,135.0,7.699999809265137,7.773629918156443,0.07363010889130628,0.07363010889130628,-0.0380114202974795,11
phase39,Kodiak 2018 M7.9,129,135.0,7.900000095367432,7.545332061726542,-0.3546680336408894,0.3546680336408894,-0.04764716261379398,64
phase39,Luding 2022 M6.6,129,135.0,6.599999904632568,7.046291928356936,0.44629202372436794,0.44629202372436794,-0.015845236082043357,6
phase39,Mandalay 2025 M7.7,129,135.0,7.699999809265137,7.376084916965139,-0.3239148922999977,0.3239148922999977,-0.025640796181263248,12
phase39,Nepal 2015 M7.3,129,135.0,7.300000190734863,7.220040710306535,-0.0799594804283279,0.0799594804283279,0.009042258182610396,5
phase39,Samos 2020 M7.0,129,135.0,7.0,6.871668327783812,-0.1283316722161878,0.1283316722161878,-0.0032017497073768553,3
phase39,Sand 2025 M7.3,129,135.0,7.300000190734863,7.42004668561247,0.12004649487760677,0.12004649487760677,-0.019430753478147267,45
phase39,Xizang 2025 M7.1,129,135.0,7.099999904632568,7.303546235910698,0.2035463312781296,0.2035463312781296,-0.030528636856571367,12
phase47,Iquique 2014 M7.7,129,135.0,7.699999809265137,7.540202672257362,-0.1597971370077751,0.1597971370077751,-0.0012238656850316332,11
phase47,Kodiak 2018 M7.9,129,135.0,7.900000095367432,7.917819302249726,0.017819206882294658,0.017819206882294658,-0.014082507730893923,64
phase47,Luding 2022 M6.6,129,135.0,6.599999904632568,7.402276805128748,0.8022769004961798,0.8022769004961798,-0.01127998504360761,6
phase47,Mandalay 2025 M7.7,129,135.0,7.699999809265137,8.178275473199939,0.47827566393480225,0.47827566393480225,-0.0046232935346939286,12
phase47,Nepal 2015 M7.3,129,135.0,7.300000190734863,7.110319579345681,-0.18968061138918202,0.18968061138918202,-0.0034370599474842223,5
phase47,Samos 2020 M7.0,129,135.0,7.0,6.753642753173754,-0.24635724682624627,0.24635724682624627,-0.0020044866738944123,3
phase47,Sand 2025 M7.3,129,135.0,7.300000190734863,8.144840458636962,0.8448402679020983,0.8448402679020983,-0.004532797872817795,45
phase47,Xizang 2025 M7.1,129,135.0,7.099999904632568,7.850283875653075,0.7502839710205063,0.7502839710205063,0.024868221020960313,12
phase48,Iquique 2014 M7.7,129,135.0,7.699999809265137,7.58607133777007,-0.11392847149506657,0.11392847149506657,-0.0034812901930392215,11
phase48,Kodiak 2018 M7.9,129,135.0,7.900000095367432,7.936551090799139,0.03655099543170692,0.03655099543170692,-0.005104791568816047,64
phase48,Luding 2022 M6.6,129,135.0,6.599999904632568,7.0738466527307615,0.47384674809819316,0.47384674809819316,0.005666481589203798,6
phase48,Mandalay 2025 M7.7,129,135.0,7.699999809265137,8.348157517520198,0.6481577082550611,0.6481577082550611,0.006874188194682773,12
phase48,Nepal 2015 M7.3,129,135.0,7.300000190734863,7.090414871476804,-0.20958531925805968,0.20958531925805968,-0.0007388631701203963,5
phase48,Samos 2020 M7.0,129,135.0,7.0,6.820998747709252,-0.17900125229074781,0.17900125229074781,0.001642566913941046,3
phase48,Sand 2025 M7.3,129,135.0,7.300000190734863,8.508833429409158,1.2088332386742948,1.2088332386742948,0.005372247151942844,45
phase48,Xizang 2025 M7.1,129,135.0,7.099999904632568,7.770357907795081,0.6703580031625123,0.6703580031625123,-0.028007653700383273,12
phase39,Iquique 2014 M7.7,130,136.0,7.699999809265137,7.734223509611848,0.03422370034671118,0.03422370034671118,-0.039406408544595095,11
phase39,Kodiak 2018 M7.9,130,136.0,7.900000095367432,7.505502642414752,-0.39449745295267924,0.39449745295267924,-0.03982941931178985,64
phase39,Luding 2022 M6.6,130,136.0,6.599999904632568,7.034548120857213,0.4345482162246448,0.4345482162246448,-0.011743807499723147,6
phase39,Mandalay 2025 M7.7,130,136.0,7.699999809265137,7.4042571319749655,-0.29574267729017123,0.29574267729017123,0.028172215009826473,12
phase39,Nepal 2015 M7.3,130,136.0,7.300000190734863,7.226029116729361,-0.0739710740055024,0.0739710740055024,0.0059884064228254985,5
phase39,Samos 2020 M7.0,130,136.0,7.0,6.870849831627489,-0.1291501683725107,0.1291501683725107,-0.000818496156322901,3
phase39,Sand 2025 M7.3,130,136.0,7.300000190734863,7.3770994167334205,0.07709922599855723,0.07709922599855723,-0.04294726887904954,45
phase39,Xizang 2025 M7.1,130,136.0,7.099999904632568,7.278500239204018,0.17850033457144932,0.17850033457144932,-0.025045996706680285,12
phase47,Iquique 2014 M7.7,130,136.0,7.699999809265137,7.534509125334214,-0.1654906839309227,0.1654906839309227,-0.005693546923147608,11
phase47,Kodiak 2018 M7.9,130,136.0,7.900000095367432,7.905939684157584,0.005939588790152328,0.005939588790152328,-0.01187961809214233,64
phase47,Luding 2022 M6.6,130,136.0,6.599999904632568,7.3946615249865255,0.7946616203539572,0.7946616203539572,-0.00761528014222268,6
phase47,Mandalay 2025 M7.7,130,136.0,7.699999809265137,8.157556206411108,0.4575563971459715,0.4575563971459715,-0.020719266788830737,12
phase47,Nepal 2015 M7.3,130,136.0,7.300000190734863,7.1088905273431715,-0.19110966339169178,0.19110966339169178,-0.0014290520025097564,5
phase47,Samos 2020 M7.0,130,136.0,7.0,6.7489001919279765,-0.2510998080720235,0.2510998080720235,-0.00474256124577721,3
phase47,Sand 2025 M7.3,130,136.0,7.300000190734863,8.135872133677736,0.8358719429428731,0.8358719429428731,-0.008968324959225171,45
phase47,Xizang 2025 M7.1,130,136.0,7.099999904632568,7.8866760495349695,0.7866761449024011,0.7866761449024011,0.03639217388189486,12
phase48,Iquique 2014 M7.7,130,136.0,7.699999809265137,7.58083842865862,-0.11916138060651704,0.11916138060651704,-0.005232909111450468,11
phase48,Kodiak 2018 M7.9,130,136.0,7.900000095367432,7.9255787218473595,0.025578626479927813,0.025578626479927813,-0.01097236895177911,64
phase48,Luding 2022 M6.6,130,136.0,6.599999904632568,7.079599354384081,0.4795994497515128,0.4795994497515128,0.005752701653319647,6
phase48,Mandalay 2025 M7.7,130,136.0,7.699999809265137,8.334207591353154,0.6342077820880174,0.6342077820880174,-0.013949926167043714,12
phase48,Nepal 2015 M7.3,130,136.0,7.300000190734863,7.090018343413032,-0.20998184732183134,0.20998184732183134,-0.0003965280637716617,5
phase48,Samos 2020 M7.0,130,136.0,7.0,6.823643995034514,-0.17635600496548598,0.17635600496548598,0.0026452473252618347,3
phase48,Sand 2025 M7.3,130,136.0,7.300000190734863,8.466467081000456,1.1664668902655926,1.1664668902655926,-0.04236634840870224,45
phase48,Xizang 2025 M7.1,130,136.0,7.099999904632568,7.72796897600953,0.6279690713769615,0.6279690713769615,-0.04238893178555081,12
phase39,Iquique 2014 M7.7,131,137.0,7.699999809265137,7.712957024264345,0.012957214999207878,0.012957214999207878,-0.021266485347503306,11
phase39,Kodiak 2018 M7.9,131,137.0,7.900000095367432,7.499499790956655,-0.40050030441077666,0.40050030441077666,-0.006002851458097425,64
phase39,Luding 2022 M6.6,131,137.0,6.599999904632568,7.036951987261121,0.4369520826285527,0.4369520826285527,0.002403866403907884,6
phase39,Mandalay 2025 M7.7,131,137.0,7.699999809265137,7.431604347537019,-0.2683954617281179,0.2683954617281179,0.02734721556205333,12
phase39,Nepal 2015 M7.3,131,137.0,7.300000190734863,7.22698571451866,-0.07301447621620305,0.07301447621620305,0.0009565977892993516,5
phase39,Samos 2020 M7.0,131,137.0,7.0,6.871101705751998,-0.12889829424800237,0.12889829424800237,0.00025187412450833335,3
phase39,Sand 2025 M7.3,131,137.0,7.300000190734863,7.375179790401814,0.07517959966695109,0.07517959966695109,-0.001919626331606139,45
phase39,Xizang 2025 M7.1,131,137.0,7.099999904632568,7.265066627317422,0.16506672268485367,0.16506672268485367,-0.013433611886595642,12
phase47,Iquique 2014 M7.7,131,137.0,7.699999809265137,7.526402562931829,-0.17359724633330753,0.17359724633330753,-0.008106562402384832,11
phase47,Kodiak 2018 M7.9,131,137.0,7.900000095367432,7.905131740860579,0.005131645493147374,0.005131645493147374,-0.0008079432970049538,64
phase47,Luding 2022 M6.6,131,137.0,6.599999904632568,7.394721207224017,0.7947213025914488,0.7947213025914488,5.968223749164281e-05,6
phase47,Mandalay 2025 M7.7,131,137.0,7.699999809265137,8.13564583796773,0.4356460287025925,0.4356460287025925,-0.021910368443379014,12
phase47,Nepal 2015 M7.3,131,137.0,7.300000190734863,7.107526438125872,-0.1924737526089917,0.1924737526089917,-0.001364089217299913,5
phase47,Samos 2020 M7.0,131,137.0,7.0,6.741074843406107,-0.25892515659389304,0.25892515659389304,-0.007825348521869557,3
phase47,Sand 2025 M7.3,131,137.0,7.300000190734863,8.130045052271994,0.8300448615371305,0.8300448615371305,-0.005827081405742618,45
phase47,Xizang 2025 M7.1,131,137.0,7.099999904632568,7.870094664002878,0.77009475937031,0.77009475937031,-0.016581385532091097,12
phase48,Iquique 2014 M7.7,131,137.0,7.699999809265137,7.575801948364555,-0.1241978609005816,0.1241978609005816,-0.00503648029406456,11
phase48,Kodiak 2018 M7.9,131,137.0,7.900000095367432,7.916814259027566,0.01681416366013444,0.01681416366013444,-0.008764462819793373,64
phase48,Luding 2022 M6.6,131,137.0,6.599999904632568,7.082498540641344,0.48249863600877596,0.48249863600877596,0.0028991862572631533,6
phase48,Mandalay 2025 M7.7,131,137.0,7.699999809265137,8.305667566578038,0.6056677573129008,0.6056677573129008,-0.028540024775116635,12
phase48,Nepal 2015 M7.3,131,137.0,7.300000190734863,7.090610372290069,-0.20938981844479443,0.20938981844479443,0.0005920288770369098,5
phase48,Samos 2020 M7.0,131,137.0,7.0,6.824880774964303,-0.1751192250356972,0.1751192250356972,0.0012367799297887672,3
phase48,Sand 2025 M7.3,131,137.0,7.300000190734863,8.420762001147445,1.1207618104125814,1.1207618104125814,-0.0457050798530112,45
phase48,Xizang 2025 M7.1,131,137.0,7.099999904632568,7.690646839033374,0.5906469344008061,0.5906469344008061,-0.037322136976155385,12
phase39,Iquique 2014 M7.7,132,138.0,7.699999809265137,7.71098335665808,0.010983547392942938,0.010983547392942938,-0.0019736676062649394,11
phase39,Kodiak 2018 M7.9,132,138.0,7.900000095367432,7.493594287015313,-0.4064058083521189,0.4064058083521189,-0.0059055039413422605,64
phase39,Luding 2022 M6.6,132,138.0,6.599999904632568,7.051000807667823,0.4510009030352542,0.4510009030352542,0.014048820406701523,6
phase39,Mandalay 2025 M7.7,132,138.0,7.699999809265137,7.467294078467308,-0.23270573079782864,0.23270573079782864,0.035689730930289265,12
phase39,Nepal 2015 M7.3,132,138.0,7.300000190734863,7.224432082098215,-0.07556810863664865,0.07556810863664865,-0.002553632420445595,5
phase39,Samos 2020 M7.0,132,138.0,7.0,6.871828552842509,-0.12817144715749063,0.12817144715749063,0.0007268470905117397,3
phase39,Sand 2025 M7.3,132,138.0,7.300000190734863,7.380720949858195,0.08072075912333165,0.08072075912333165,0.005541159456380562,45
phase39,Xizang 2025 M7.1,132,138.0,7.099999904632568,7.26816293972578,0.16816303509321173,0.16816303509321173,0.0030963124083580595,12
phase47,Iquique 2014 M7.7,132,138.0,7.699999809265137,7.517179032055332,-0.1828207772098045,0.1828207772098045,-0.009223530876496966,11
phase47,Kodiak 2018 M7.9,132,138.0,7.900000095367432,7.885011049492136,-0.014989045875295481,0.014989045875295481,-0.020120691368442856,64
phase47,Luding 2022 M6.6,132,138.0,6.599999904632568,7.402301122668299,0.8023012180357307,0.8023012180357307,0.007579915444281937,6
phase47,Mandalay 2025 M7.7,132,138.0,7.699999809265137,8.119457104072147,0.41945729480701033,0.41945729480701033,-0.016188733895582175,12
phase47,Nepal 2015 M7.3,132,138.0,7.300000190734863,7.106172278233833,-0.19382791250103004,0.19382791250103004,-0.0013541598920383535,5
phase47,Samos 2020 M7.0,132,138.0,7.0,6.733344986980755,-0.2666550130192453,0.2666550130192453,-0.007729856425352288,3
phase47,Sand 2025 M7.3,132,138.0,7.300000190734863,8.111351893106253,0.8113517023713896,0.8113517023713896,-0.01869315916574088,45
phase47,Xizang 2025 M7.1,132,138.0,7.099999904632568,7.8554677103114665,0.7554678056788982,0.7554678056788982,-0.01462695369141187,12
phase48,Iquique 2014 M7.7,132,138.0,7.699999809265137,7.567760427481589,-0.1322393817835481,0.1322393817835481,-0.008041520882966502,11
phase48,Kodiak 2018 M7.9,132,138.0,7.900000095367432,7.9067375296480495,0.006737434280617904,0.006737434280617904,-0.010076729379516536,64
phase48,Luding 2022 M6.6,132,138.0,6.599999904632568,7.084802006309419,0.48480210167685023,0.48480210167685023,0.002303465668074267,6
phase48,Mandalay 2025 M7.7,132,138.0,7.699999809265137,8.267972603197673,0.5679727939325367,0.5679727939325367,-0.037694963380364044,12
phase48,Nepal 2015 M7.3,132,138.0,7.300000190734863,7.092175300049716,-0.20782489068514742,0.20782489068514742,0.0015649277596470057,5
phase48,Samos 2020 M7.0,132,138.0,7.0,6.825610812370993,-0.17438918762900713,0.17438918762900713,0.0007300374066900872,3
phase48,Sand 2025 M7.3,132,138.0,7.300000190734863,8.411497722626576,1.1114975318917129,1.1114975318917129,-0.00926427852086853,45
phase48,Xizang 2025 M7.1,132,138.0,7.099999904632568,7.660775354673441,0.5607754500408726,0.5607754500408726,-0.029871484359933476,12
phase39,Iquique 2014 M7.7,133,139.0,7.699999809265137,7.717303129317257,0.017303320052119986,0.017303320052119986,0.0063197726591770476,11
phase39,Kodiak 2018 M7.9,133,139.0,7.900000095367432,7.521225337019979,-0.37877475834745233,0.37877475834745233,0.02763105000466659,64
phase39,Luding 2022 M6.6,133,139.0,6.599999904632568,7.068348127400285,0.4683482227677169,0.4683482227677169,0.01734731973246273,6
phase39,Mandalay 2025 M7.7,133,139.0,7.699999809265137,7.506831334140711,-0.19316847512442603,0.19316847512442603,0.039537255673402605,12
phase39,Nepal 2015 M7.3,133,139.0,7.300000190734863,7.21537762704418,-0.084622563690683,0.084622563690683,-0.00905445505403435,5
phase39,Samos 2020 M7.0,133,139.0,7.0,6.8733791427831585,-0.12662085721684146,0.12662085721684146,0.0015505899406491608,3
phase39,Sand 2025 M7.3,133,139.0,7.300000190734863,7.39812525023821,0.09812505950334671,0.09812505950334671,0.01740430038001506,45
phase39,Xizang 2025 M7.1,133,139.0,7.099999904632568,7.262432369925819,0.16243246529325095,0.16243246529325095,-0.005730569799960783,12
phase47,Iquique 2014 M7.7,133,139.0,7.699999809265137,7.5068380186681205,-0.19316179059701621,0.19316179059701621,-0.010341013387211717,11
phase47,Kodiak 2018 M7.9,133,139.0,7.900000095367432,7.888242210722411,-0.011757884645020589,0.011757884645020589,0.0032311612302748927,64
phase47,Luding 2022 M6.6,133,139.0,6.599999904632568,7.4119022145828115,0.8119023099502432,0.8119023099502432,0.009601091914512416,6
phase47,Mandalay 2025 M7.7,133,139.0,7.699999809265137,8.10006976134948,0.40006995208434404,0.40006995208434404,-0.01938734272266629,12
phase47,Nepal 2015 M7.3,133,139.0,7.300000190734863,7.104597362292832,-0.19540282844203105,0.19540282844203105,-0.0015749159410010094,5
phase47,Samos 2020 M7.0,133,139.0,7.0,6.726461688710803,-0.27353831128919737,0.27353831128919737,-0.006883298269952043,3
phase47,Sand 2025 M7.3,133,139.0,7.300000190734863,8.10838197232361,0.8083817815887464,0.8083817815887464,-0.0029699207826432428,45
phase47,Xizang 2025 M7.1,133,139.0,7.099999904632568,7.844779710103407,0.7447798054708388,0.7447798054708388,-0.010688000208059378,12
phase48,Iquique 2014 M7.7,133,139.0,7.699999809265137,7.564681041699381,-0.13531876756575567,0.13531876756575567,-0.0030793857822075665,11
phase48,Kodiak 2018 M7.9,133,139.0,7.900000095367432,7.9071318607443555,0.007131765376923838,0.007131765376923838,0.0003943310963059332,64
phase48,Luding 2022 M6.6,133,139.0,6.599999904632568,7.086364760400348,0.4863648557677793,0.4863648557677793,0.0015627540909290971,6
phase48,Mandalay 2025 M7.7,133,139.0,7.699999809265137,8.225788585910419,0.5257887766452818,0.5257887766452818,-0.04218401728725496,12
phase48,Nepal 2015 M7.3,133,139.0,7.300000190734863,7.092705508331575,-0.20729468240328863,0.20729468240328863,0.0005302082818587905,5
phase48,Samos 2020 M7.0,133,139.0,7.0,6.825730287674977,-0.17426971232502275,0.17426971232502275,0.00011947530398437323,3
phase48,Sand 2025 M7.3,133,139.0,7.300000190734863,8.405008913587066,1.1050087228522028,1.1050087228522028,-0.006488809039510102,45
phase48,Xizang 2025 M7.1,133,139.0,7.099999904632568,7.644110573410349,0.5441106687777806,0.5441106687777806,-0.01666478126309201,12
phase39,Iquique 2014 M7.7,134,140.0,7.699999809265137,7.7218998868554785,0.021900077590341738,0.021900077590341738,0.004596757538221752,11
phase39,Kodiak 2018 M7.9,134,140.0,7.900000095367432,7.5337046578493565,-0.36629543751807514,0.36629543751807514,0.012479320829377194,64
phase39,Luding 2022 M6.6,134,140.0,6.599999904632568,7.083252388121015,0.48325248348844685,0.48325248348844685,0.014904260720729923,6
phase39,Mandalay 2025 M7.7,134,140.0,7.699999809265137,7.537134065809426,-0.16286574345571037,0.16286574345571037,0.030302731668715666,12
phase39,Nepal 2015 M7.3,134,140.0,7.300000190734863,7.220453848946115,-0.07954634178874809,0.07954634178874809,0.0050762219019349075,5
phase39,Samos 2020 M7.0,134,140.0,7.0,6.873889314650359,-0.12611068534964076,0.12611068534964076,0.0005101718672007038,3
phase39,Sand 2025 M7.3,134,140.0,7.300000190734863,7.39220413159819,0.0922039408633264,0.0922039408633264,-0.0059211186400203175,45
phase39,Xizang 2025 M7.1,134,140.0,7.099999904632568,7.23053256308566,0.1305326584530917,0.1305326584530917,-0.03189980684015925,12
phase47,Iquique 2014 M7.7,134,140.0,7.699999809265137,7.495650844493479,-0.20434896477165765,0.20434896477165765,-0.011187174174641434,11
phase47,Kodiak 2018 M7.9,134,140.0,7.900000095367432,7.898591625845853,-0.0014084695215785814,0.0014084695215785814,0.010349415123442007,64
phase47,Luding 2022 M6.6,134,140.0,6.599999904632568,7.452477126902885,0.8524772222703163,0.8524772222703163,0.04057491232007315,6
phase47,Mandalay 2025 M7.7,134,140.0,7.699999809265137,8.078412838607795,0.3784130293426582,0.3784130293426582,-0.021656922741685847,12
phase47,Nepal 2015 M7.3,134,140.0,7.300000190734863,7.101419720801851,-0.19858046993301226,0.19858046993301226,-0.003177641490981209,5
phase47,Samos 2020 M7.0,134,140.0,7.0,6.722728627278898,-0.2772713727211018,0.2772713727211018,-0.0037330614319044386,3
phase47,Sand 2025 M7.3,134,140.0,7.300000190734863,8.096446049323461,0.7964458585885978,0.7964458585885978,-0.011935923000148563,45
phase47,Xizang 2025 M7.1,134,140.0,7.099999904632568,7.834324314553612,0.7343244099210438,0.7343244099210438,-0.010455395549795021,12
phase48,Iquique 2014 M7.7,134,140.0,7.699999809265137,7.56197963940305,-0.1380201698620871,0.1380201698620871,-0.0027014022963314233,11
phase48,Kodiak 2018 M7.9,134,140.0,7.900000095367432,7.900122442069873,0.0001223467024411562,0.0001223467024411562,-0.007009418674482681,64
phase48,Luding 2022 M6.6,134,140.0,6.599999904632568,7.088371527221476,0.48837162258890743,0.48837162258890743,0.002006766821128103,6
phase48,Mandalay 2025 M7.7,134,140.0,7.699999809265137,8.188814922267383,0.48881511300224645,0.48881511300224645,-0.03697366364303534,12
phase48,Nepal 2015 M7.3,134,140.0,7.300000190734863,7.092662450530948,-0.20733774020391493,0.20733774020391493,-4.305780062630049e-05,5
phase48,Samos 2020 M7.0,134,140.0,7.0,6.825976511622349,-0.17402348837765125,0.17402348837765125,0.00024622394737150444,3
phase48,Sand 2025 M7.3,134,140.0,7.300000190734863,8.418606086166932,1.1186058954320686,1.1186058954320686,0.013597172579865813,45
phase48,Xizang 2025 M7.1,134,140.0,7.099999904632568,7.641280347987874,0.5412804433553058,0.5412804433553058,-0.002830225422474797,12
phase39,Iquique 2014 M7.7,135,141.0,7.699999809265137,7.720007938076888,0.02000812881175129,0.02000812881175129,-0.0018919487785904465,11
phase39,Kodiak 2018 M7.9,135,141.0,7.900000095367432,7.534721384400312,-0.36527871096711984,0.36527871096711984,0.0010167265509553047,64
phase39,Luding 2022 M6.6,135,141.0,6.599999904632568,7.099170538008538,0.4991706333759698,0.4991706333759698,0.015918149887522937,6
phase39,Mandalay 2025 M7.7,135,141.0,7.699999809265137,7.5595696280894895,-0.1404301811756472,0.1404301811756472,0.02243556228006316,12
phase39,Nepal 2015 M7.3,135,141.0,7.300000190734863,7.223244778930674,-0.07675541180418932,0.07675541180418932,0.0027909299845587654,5
phase39,Samos 2020 M7.0,135,141.0,7.0,6.875350670443925,-0.12464932955607466,0.12464932955607466,0.0014613557935660992,3
phase39,Sand 2025 M7.3,135,141.0,7.300000190734863,7.38605768038589,0.08605748965102666,0.08605748965102666,-0.006146451212299731,45
phase39,Xizang 2025 M7.1,135,141.0,7.099999904632568,7.19558280602541,0.09558290139284153,0.09558290139284153,-0.034949757060250164,12
phase47,Iquique 2014 M7.7,135,141.0,7.699999809265137,7.485287628403508,-0.21471218086162835,0.21471218086162835,-0.010363216089970706,11
phase47,Kodiak 2018 M7.9,135,141.0,7.900000095367432,7.9128342481141285,0.012834152746696859,0.012834152746696859,0.01424262226827544,64
phase47,Luding 2022 M6.6,135,141.0,6.599999904632568,7.522636193973433,0.9226362893408648,0.9226362893408648,0.07015906707054853,6
phase47,Mandalay 2025 M7.7,135,141.0,7.699999809265137,8.06110472201836,0.3611049127532233,0.3611049127532233,-0.017308116589434874,12
phase47,Nepal 2015 M7.3,135,141.0,7.300000190734863,7.098714784984747,-0.20128540575011655,0.20128540575011655,-0.0027049358171042925,5
phase47,Samos 2020 M7.0,135,141.0,7.0,6.720570469792826,-0.27942953020717365,0.27942953020717365,-0.0021581574860718433,3
phase47,Sand 2025 M7.3,135,141.0,7.300000190734863,8.09107611852626,0.7910759277913968,0.7910759277913968,-0.00536993079720105,45
phase47,Xizang 2025 M7.1,135,141.0,7.099999904632568,7.820607885877362,0.7206079812447941,0.7206079812447941,-0.01371642867624967,12
phase48,Iquique 2014 M7.7,135,141.0,7.699999809265137,7.559388483169837,-0.14061132609529992,0.14061132609529992,-0.0025911562332128213,11
phase48,Kodiak 2018 M7.9,135,141.0,7.900000095367432,7.892787152238403,-0.007212943129028204,0.007212943129028204,-0.00733528983146936,64
phase48,Luding 2022 M6.6,135,141.0,6.599999904632568,7.092751328331695,0.4927514236991266,0.4927514236991266,0.004379801110219184,6
phase48,Mandalay 2025 M7.7,135,141.0,7.699999809265137,8.169064213164063,0.46906440389892623,0.46906440389892623,-0.01975070910332022,12
phase48,Nepal 2015 M7.3,135,141.0,7.300000190734863,7.093391432353737,-0.20660875838112602,0.20660875838112602,0.00072898182278891,5
phase48,Samos 2020 M7.0,135,141.0,7.0,6.8263541056293,-0.17364589437069977,0.17364589437069977,0.00037759400695147605,3
phase48,Sand 2025 M7.3,135,141.0,7.300000190734863,8.420684672195726,1.120684481460863,1.120684481460863,0.0020785860287944047,45
phase48,Xizang 2025 M7.1,135,141.0,7.099999904632568,7.649283986337233,0.5492840817046645,0.5492840817046645,0.008003638349358688,12
phase39,Iquique 2014 M7.7,136,142.0,7.699999809265137,7.708104070047929,0.008104260782792139,0.008104260782792139,-0.011903868028959153,11
phase39,Kodiak 2018 M7.9,136,142.0,7.900000095367432,7.533265087133191,-0.3667350082342402,0.3667350082342402,-0.0014562972671203767,64
phase39,Luding 2022 M6.6,136,142.0,6.599999904632568,7.118943205488552,0.5189433008559838,0.5189433008559838,0.01977266748001405,6
phase39,Mandalay 2025 M7.7,136,142.0,7.699999809265137,7.534688214269552,-0.16531159499558434,0.16531159499558434,-0.024881413819937137,12
phase39,Nepal 2015 M7.3,136,142.0,7.300000190734863,7.219556957390361,-0.08044323334450265,0.08044323334450265,-0.0036878215403133296,5
phase39,Samos 2020 M7.0,136,142.0,7.0,6.8778179872226,-0.12218201277740004,0.12218201277740004,0.002467316778674622,3
phase39,Sand 2025 M7.3,136,142.0,7.300000190734863,7.387564182724693,0.08756399198983011,0.08756399198983011,0.0015065023388034504,45
phase39,Xizang 2025 M7.1,136,142.0,7.099999904632568,7.182659474729199,0.08265957009663083,0.08265957009663083,-0.012923331296210705,12
phase47,Iquique 2014 M7.7,136,142.0,7.699999809265137,7.475081260329791,-0.2249185489353458,0.2249185489353458,-0.010206368073717442,11
phase47,Kodiak 2018 M7.9,136,142.0,7.900000095367432,7.920663291282086,0.020663195914654153,0.020663195914654153,0.007829043167957295,64
phase47,Luding 2022 M6.6,136,142.0,6.599999904632568,7.595064538329582,0.9950646336970133,0.9950646336970133,0.07242834435614842,6
phase47,Mandalay 2025 M7.7,136,142.0,7.699999809265137,8.039507327673007,0.33950751840787063,0.33950751840787063,-0.021597394345352683,12
phase47,Nepal 2015 M7.3,136,142.0,7.300000190734863,7.0975043902000685,-0.20249580053479477,0.20249580053479477,-0.0012103947846782148,5
phase47,Samos 2020 M7.0,136,142.0,7.0,6.719380942223832,-0.2806190577761676,0.2806190577761676,-0.001189527568993931,3
phase47,Sand 2025 M7.3,136,142.0,7.300000190734863,8.085094251337358,0.7850940606024945,0.7850940606024945,-0.005981867188902257,45
phase47,Xizang 2025 M7.1,136,142.0,7.099999904632568,7.826041891584873,0.7260419869523043,0.7260419869523043,0.005434005707510181,12
phase48,Iquique 2014 M7.7,136,142.0,7.699999809265137,7.557180695612725,-0.1428191136524113,0.1428191136524113,-0.0022077875571113736,11
phase48,Kodiak 2018 M7.9,136,142.0,7.900000095367432,7.893381786025358,-0.006618309342073303,0.006618309342073303,0.0005946337869549012,64
phase48,Luding 2022 M6.6,136,142.0,6.599999904632568,7.094272650807078,0.49427274617450934,0.49427274617450934,0.0015213224753827248,6
phase48,Mandalay 2025 M7.7,136,142.0,7.699999809265137,8.163043762200589,0.4630439529354522,0.4630439529354522,-0.006020450963474033,12
phase48,Nepal 2015 M7.3,136,142.0,7.300000190734863,7.093526153966527,-0.20647403676833598,0.20647403676833598,0.00013472161279004524,5
phase48,Samos 2020 M7.0,136,142.0,7.0,6.826643595200775,-0.17335640479922532,0.17335640479922532,0.000289489571474455,3
phase48,Sand 2025 M7.3,136,142.0,7.300000190734863,8.414011589730183,1.11401139899532,1.11401139899532,-0.00667308246554299,45
phase48,Xizang 2025 M7.1,136,142.0,7.099999904632568,7.663074888888453,0.5630749842558842,0.5630749842558842,0.01379090255121973,12
phase39,Iquique 2014 M7.7,137,143.0,7.699999809265137,7.692587415593939,-0.0074123936711973926,0.0074123936711973926,-0.015516654453989531,11
phase39,Kodiak 2018 M7.9,137,143.0,7.900000095367432,7.532587473546336,-0.3674126218210958,0.3674126218210958,-0.0006776135868555855,64
phase39,Luding 2022 M6.6,137,143.0,6.599999904632568,7.151869054876209,0.5518691502436406,0.5518691502436406,0.03292584938765675,6
phase39,Mandalay 2025 M7.7,137,143.0,7.699999809265137,7.526900657718466,-0.17309915154667088,0.17309915154667088,-0.0077875565510865385,12
phase39,Nepal 2015 M7.3,137,143.0,7.300000190734863,7.216672108008063,-0.08332808272680037,0.08332808272680037,-0.002884849382297716,5
phase39,Samos 2020 M7.0,137,143.0,7.0,6.882847688034413,-0.11715231196558662,0.11715231196558662,0.00502970081181342,3
phase39,Sand 2025 M7.3,137,143.0,7.300000190734863,7.377097199082713,0.07709700834784972,0.07709700834784972,-0.010466983641980399,45
phase39,Xizang 2025 M7.1,137,143.0,7.099999904632568,7.176414220929601,0.07641431629703277,0.07641431629703277,-0.006245253799598061,12
phase47,Iquique 2014 M7.7,137,143.0,7.699999809265137,7.4724536657956415,-0.2275461434694952,0.2275461434694952,-0.0026275945341494023,11
phase47,Kodiak 2018 M7.9,137,143.0,7.900000095367432,7.913032512032644,0.013032416665212487,0.013032416665212487,-0.007630779249441666,64
phase47,Luding 2022 M6.6,137,143.0,6.599999904632568,7.60262627870774,1.002626374075172,1.002626374075172,0.00756174037815871,6
phase47,Mandalay 2025 M7.7,137,143.0,7.699999809265137,8.01966727308464,0.31966746381950273,0.31966746381950273,-0.019840054588367906,12
phase47,Nepal 2015 M7.3,137,143.0,7.300000190734863,7.09681179647961,-0.20318839425525326,0.20318839425525326,-0.0006925937204584898,5
phase47,Samos 2020 M7.0,137,143.0,7.0,6.718299679103863,-0.28170032089613706,0.28170032089613706,-0.0010812631199694778,3
phase47,Sand 2025 M7.3,137,143.0,7.300000190734863,8.071999801277682,0.7719996105428191,0.7719996105428191,-0.013094450059675466,45
phase47,Xizang 2025 M7.1,137,143.0,7.099999904632568,7.833753788711471,0.7337538840789026,0.7337538840789026,0.007711897126598366,12
phase48,Iquique 2014 M7.7,137,143.0,7.699999809265137,7.555754855653616,-0.1442449536115209,0.1442449536115209,-0.0014258399591096094,11
phase48,Kodiak 2018 M7.9,137,143.0,7.900000095367432,7.889987806855858,-0.01001228851157343,0.01001228851157343,-0.0033939791695001276,64
phase48,Luding 2022 M6.6,137,143.0,6.599999904632568,7.0969576250602096,0.4969577204276412,0.4969577204276412,0.0026849742531318554,6
phase48,Mandalay 2025 M7.7,137,143.0,7.699999809265137,8.160966799324106,0.460966990058969,0.460966990058969,-0.0020769628764831793,12
phase48,Nepal 2015 M7.3,137,143.0,7.300000190734863,7.0932887331698575,-0.20671145756500575,0.20671145756500575,-0.0002374207966697739,5
phase48,Samos 2020 M7.0,137,143.0,7.0,6.826945132038608,-0.17305486796139213,0.17305486796139213,0.00030153683783318286,3
phase48,Sand 2025 M7.3,137,143.0,7.300000190734863,8.405707017638738,1.1057068269038748,1.1057068269038748,-0.008304572091445195,45
phase48,Xizang 2025 M7.1,137,143.0,7.099999904632568,7.659309708784148,0.5593098041515798,0.5593098041515798,-0.0037651801043043776,12
phase39,Iquique 2014 M7.7,138,144.0,7.699999809265137,7.678305491735207,-0.021694317529929563,0.021694317529929563,-0.01428192385873217,11
phase39,Kodiak 2018 M7.9,138,144.0,7.900000095367432,7.537253886088207,-0.36274620927922463,0.36274620927922463,0.004666412541871168,64
phase39,Luding 2022 M6.6,138,144.0,6.599999904632568,7.201959447272774,0.6019595426402056,0.6019595426402056,0.05009039239656499,6
phase39,Mandalay 2025 M7.7,138,144.0,7.699999809265137,7.5130638528119,-0.18693595645323668,0.18693595645323668,-0.013836804906565803,12
phase39,Nepal 2015 M7.3,138,144.0,7.300000190734863,7.213687783441935,-0.08631240729292866,0.08631240729292866,-0.0029843245661282936,5
phase39,Samos 2020 M7.0,138,144.0,7.0,6.88577122882155,-0.11422877117844976,0.11422877117844976,0.002923540787136858,3
phase39,Sand 2025 M7.3,138,144.0,7.300000190734863,7.353526751319145,0.053526560584281846,0.053526560584281846,-0.02357044776356787,45
phase39,Xizang 2025 M7.1,138,144.0,7.099999904632568,7.169291513363884,0.06929160873131579,0.06929160873131579,-0.007122707565716979,12
phase47,Iquique 2014 M7.7,138,144.0,7.699999809265137,7.472153258657297,-0.22784655060783976,0.22784655060783976,-0.00030040713834456056,11
phase47,Kodiak 2018 M7.9,138,144.0,7.900000095367432,7.90526146722282,0.005261371855388219,0.005261371855388219,-0.007771044809824268,64
phase47,Luding 2022 M6.6,138,144.0,6.599999904632568,7.611741467134115,1.0117415625015465,1.0117415625015465,0.009115188426374488,6
phase47,Mandalay 2025 M7.7,138,144.0,7.699999809265137,8.015085883789983,0.3150860745248458,0.3150860745248458,-0.004581389294656901,12
phase47,Nepal 2015 M7.3,138,144.0,7.300000190734863,7.096125005510142,-0.20387518522472092,0.20387518522472092,-0.0006867909694676655,5
phase47,Samos 2020 M7.0,138,144.0,7.0,6.718643272585639,-0.28135672741436135,0.28135672741436135,0.0003435934817757058,3
phase47,Sand 2025 M7.3,138,144.0,7.300000190734863,8.057913351607267,0.7579131608724037,0.7579131608724037,-0.01408644967041539,45
phase47,Xizang 2025 M7.1,138,144.0,7.099999904632568,7.827910162116976,0.7279102574844076,0.7279102574844076,-0.0058436265944949994,12
phase48,Iquique 2014 M7.7,138,144.0,7.699999809265137,7.554408518037453,-0.14559129122768333,0.14559129122768333,-0.0013463376161624296,11
phase48,Kodiak 2018 M7.9,138,144.0,7.900000095367432,7.881403389042772,-0.018596706324659706,0.018596706324659706,-0.008584417813086276,64
phase48,Luding 2022 M6.6,138,144.0,6.599999904632568,7.0994603286943825,0.4994604240618141,0.4994604240618141,0.0025027036341729314,6
phase48,Mandalay 2025 M7.7,138,144.0,7.699999809265137,8.162052530260716,0.4620527209955796,0.4620527209955796,0.0010857309366105738,12
phase48,Nepal 2015 M7.3,138,144.0,7.300000190734863,7.09286115095046,-0.20713903978440307,0.20713903978440307,-0.00042758221939731555,5
phase48,Samos 2020 M7.0,138,144.0,7.0,6.826565041403094,-0.17343495859690616,0.17343495859690616,-0.0003800906355140299,3
phase48,Sand 2025 M7.3,138,144.0,7.300000190734863,8.398257391055132,1.098257200320269,1.098257200320269,-0.007449626583605706,45
phase48,Xizang 2025 M7.1,138,144.0,7.099999904632568,7.622694421100903,0.5226945164683343,0.5226945164683343,-0.03661528768324551,12
phase39,Iquique 2014 M7.7,139,145.0,7.699999809265137,7.670602914531856,-0.029396894733280554,0.029396894733280554,-0.007702577203350991,11
phase39,Kodiak 2018 M7.9,139,145.0,7.900000095367432,7.541925768017782,-0.35807432734964983,0.35807432734964983,0.004671881929574795,64
phase39,Luding 2022 M6.6,139,145.0,6.599999904632568,7.271116837894106,0.6711169332615379,0.6711169332615379,0.0691573906213323,6
phase39,Mandalay 2025 M7.7,139,145.0,7.699999809265137,7.504255095556087,-0.19574471370904956,0.19574471370904956,-0.008808757255812871,12
phase39,Nepal 2015 M7.3,139,145.0,7.300000190734863,7.205830725919231,-0.09416946481563215,0.09416946481563215,-0.007857057522703492,5
phase39,Samos 2020 M7.0,139,145.0,7.0,6.8873639190783145,-0.11263608092168553,0.11263608092168553,0.0015926902567642287,3
phase39,Sand 2025 M7.3,139,145.0,7.300000190734863,7.31668167248756,0.01668148175269657,0.01668148175269657,-0.036845078831585276,45
phase39,Xizang 2025 M7.1,139,145.0,7.099999904632568,7.160986452755272,0.06098654812270343,0.06098654812270343,-0.008305060608612358,12
phase47,Iquique 2014 M7.7,139,145.0,7.699999809265137,7.47996509884883,-0.2200347104163063,0.2200347104163063,0.00781184019153347,11
phase47,Kodiak 2018 M7.9,139,145.0,7.900000095367432,7.899022346338328,-0.000977749029103414,0.000977749029103414,-0.0062391208844916335,64
phase47,Luding 2022 M6.6,139,145.0,6.599999904632568,7.622427144301502,1.022427239668934,1.022427239668934,0.010685677167387553,6
phase47,Mandalay 2025 M7.7,139,145.0,7.699999809265137,8.026993254275608,0.326993445010471,0.326993445010471,0.01190737048562518,12
phase47,Nepal 2015 M7.3,139,145.0,7.300000190734863,7.095212617445629,-0.20478757328923436,0.20478757328923436,-0.0009123880645134363,5
phase47,Samos 2020 M7.0,139,145.0,7.0,6.72099018384589,-0.2790098161541099,0.2790098161541099,0.0023469112602514386,3
phase47,Sand 2025 M7.3,139,145.0,7.300000190734863,8.050679022404164,0.7506788316693012,0.7506788316693012,-0.007234329203102519,45
phase47,Xizang 2025 M7.1,139,145.0,7.099999904632568,7.793138157065215,0.6931382524326466,0.6931382524326466,-0.034772005051761035,12
phase48,Iquique 2014 M7.7,139,145.0,7.699999809265137,7.5529285304626566,-0.14707127880248017,0.14707127880248017,-0.0014799875747968372,11
phase48,Kodiak 2018 M7.9,139,145.0,7.900000095367432,7.8773603899664355,-0.022639705400996135,0.022639705400996135,-0.004042999076336429,64
phase48,Luding 2022 M6.6,139,145.0,6.599999904632568,7.100544457295066,0.5005445526624976,0.5005445526624976,0.0010841286006835205,6
phase48,Mandalay 2025 M7.7,139,145.0,7.699999809265137,8.181627549035026,0.4816277397698894,0.4816277397698894,0.019575018774309783,12
phase48,Nepal 2015 M7.3,139,145.0,7.300000190734863,7.092239491792491,-0.20776069894237192,0.20776069894237192,-0.0006216591579688568,5
phase48,Samos 2020 M7.0,139,145.0,7.0,6.826512209494056,-0.17348779050594398,0.17348779050594398,-5.2831909037820424e-05,3
phase48,Sand 2025 M7.3,139,145.0,7.300000190734863,8.396749832471784,1.0967496417369205,1.0967496417369205,-0.0015075585833486116,45
phase48,Xizang 2025 M7.1,139,145.0,7.099999904632568,7.572505213934482,0.4725053093019138,0.4725053093019138,-0.0501892071664205,12
phase39,Iquique 2014 M7.7,140,146.0,7.699999809265137,7.659881788661824,-0.04011802060331249,0.04011802060331249,-0.010721125870031933,11
phase39,Kodiak 2018 M7.9,140,146.0,7.900000095367432,7.526965170325579,-0.37303492504185254,0.37303492504185254,-0.014960597692202704,64
phase39,Luding 2022 M6.6,140,146.0,6.599999904632568,7.356364128342809,0.756364223710241,0.756364223710241,0.08524729044870316,6
phase39,Mandalay 2025 M7.7,140,146.0,7.699999809265137,7.485803888571805,-0.2141959206933315,0.2141959206933315,-0.01845120698428193,12
phase39,Nepal 2015 M7.3,140,146.0,7.300000190734863,7.192585868456306,-0.10741432227855707,0.10741432227855707,-0.01324485746292492,5
phase39,Samos 2020 M7.0,140,146.0,7.0,6.8869475652368575,-0.11305243476314253,0.11305243476314253,-0.0004163538414569956,3
phase39,Sand 2025 M7.3,140,146.0,7.300000190734863,7.3137957544068595,0.013795563671996192,0.013795563671996192,-0.002885918080700378,45
phase39,Xizang 2025 M7.1,140,146.0,7.099999904632568,7.153251336922281,0.05325143228971285,0.05325143228971285,-0.00773511583299058,12
phase47,Iquique 2014 M7.7,140,146.0,7.699999809265137,7.493260675811777,-0.20673913345336015,0.20673913345336015,0.013295576962946143,11
phase47,Kodiak 2018 M7.9,140,146.0,7.900000095367432,7.894645361126941,-0.0053547342404902665,0.0053547342404902665,-0.004376985211386852,64
phase47,Luding 2022 M6.6,140,146.0,6.599999904632568,7.640035075570752,1.0400351709381832,1.0400351709381832,0.0176079312692492,6
phase47,Mandalay 2025 M7.7,140,146.0,7.699999809265137,8.0369627064582,0.3369628971930627,0.3369628971930627,0.00996945218259171,12
phase47,Nepal 2015 M7.3,140,146.0,7.300000190734863,7.094549922319208,-0.20545026841565495,0.20545026841565495,-0.0006626951264205871,5
phase47,Samos 2020 M7.0,140,146.0,7.0,6.7281349116899145,-0.2718650883100855,0.2718650883100855,0.007144727844024423,3
phase47,Sand 2025 M7.3,140,146.0,7.300000190734863,8.071773261462651,0.7717730707277877,0.7717730707277877,0.021094239058486508,45
phase47,Xizang 2025 M7.1,140,146.0,7.099999904632568,7.776525267964218,0.6765253633316499,0.6765253633316499,-0.016612889100996675,12
phase48,Iquique 2014 M7.7,140,146.0,7.699999809265137,7.548319517074317,-0.1516802921908198,0.1516802921908198,-0.004609013388339633,11
phase48,Kodiak 2018 M7.9,140,146.0,7.900000095367432,7.867909979735904,-0.03209011563152764,0.03209011563152764,-0.009450410230531503,64
phase48,Luding 2022 M6.6,140,146.0,6.599999904632568,7.099299707070576,0.4992998024380073,0.4992998024380073,-0.001244750224490332,6
phase48,Mandalay 2025 M7.7,140,146.0,7.699999809265137,8.209045412413563,0.5090456031484258,0.5090456031484258,0.027417863378536467,12
phase48,Nepal 2015 M7.3,140,146.0,7.300000190734863,7.092030689108165,-0.2079695016266987,0.2079695016266987,-0.00020880268432676985,5
phase48,Samos 2020 M7.0,140,146.0,7.0,6.826344239635599,-0.1736557603644009,0.1736557603644009,-0.0001679698584569067,3
phase48,Sand 2025 M7.3,140,146.0,7.300000190734863,8.403916646232776,1.103916455497913,1.103916455497913,0.007166813760992596,45
phase48,Xizang 2025 M7.1,140,146.0,7.099999904632568,7.538831610692481,0.4388317060599123,0.4388317060599123,-0.033673603242001526,12
phase39,Iquique 2014 M7.7,141,147.0,7.699999809265137,7.649727442726427,-0.050272366538710145,0.050272366538710145,-0.010154345935397657,11
phase39,Kodiak 2018 M7.9,141,147.0,7.900000095367432,7.511584914155009,-0.388415181212423,0.388415181212423,-0.015380256170570483,64
phase39,Luding 2022 M6.6,141,147.0,6.599999904632568,7.45431662924872,0.8543167246161518,0.8543167246161518,0.09795250090591079,6
phase39,Mandalay 2025 M7.7,141,147.0,7.699999809265137,7.476446245446432,-0.2235535638187045,0.2235535638187045,-0.009357643125373016,12
phase39,Nepal 2015 M7.3,141,147.0,7.300000190734863,7.1795133775812126,-0.12048681315365073,0.12048681315365073,-0.013072490875093656,5
phase39,Samos 2020 M7.0,141,147.0,7.0,6.886436180833869,-0.11356381916613056,0.11356381916613056,-0.0005113844029880354,3
phase39,Sand 2025 M7.3,141,147.0,7.300000190734863,7.303220503927019,0.003220313192155544,0.003220313192155544,-0.010575250479840648,45
phase39,Xizang 2025 M7.1,141,147.0,7.099999904632568,7.161645299412571,0.06164539478000286,0.06164539478000286,0.008393962490290008,12
phase47,Iquique 2014 M7.7,141,147.0,7.699999809265137,7.502330623431583,-0.1976691858335533,0.1976691858335533,0.00906994761980684,11
phase47,Kodiak 2018 M7.9,141,147.0,7.900000095367432,7.896015454285699,-0.003984641081732576,0.003984641081732576,0.0013700931587576903,64
phase47,Luding 2022 M6.6,141,147.0,6.599999904632568,7.659952489007101,1.0599525843745328,1.0599525843745328,0.019917413436349563,6
phase47,Mandalay 2025 M7.7,141,147.0,7.699999809265137,8.042145938286318,0.3421461290211809,0.3421461290211809,0.0051832318281181955,12
phase47,Nepal 2015 M7.3,141,147.0,7.300000190734863,7.094301452438591,-0.20569873829627205,0.20569873829627205,-0.0002484698806171082,5
phase47,Samos 2020 M7.0,141,147.0,7.0,6.7420888810169295,-0.2579111189830705,0.2579111189830705,0.013953969327014981,3
phase47,Sand 2025 M7.3,141,147.0,7.300000190734863,8.079081513776023,0.7790813230411597,0.7790813230411597,0.007308252313372066,45
phase47,Xizang 2025 M7.1,141,147.0,7.099999904632568,7.789503897152024,0.6895039925194553,0.6895039925194553,0.012978629187805346,12
phase48,Iquique 2014 M7.7,141,147.0,7.699999809265137,7.553740326251669,-0.14625948301346803,0.14625948301346803,0.005420809177351771,11
phase48,Kodiak 2018 M7.9,141,147.0,7.900000095367432,7.859619883869621,-0.04038021149781024,0.04038021149781024,-0.008290095866282599,64
phase48,Luding 2022 M6.6,141,147.0,6.599999904632568,7.095470545320119,0.4954706406875502,0.4954706406875502,-0.0038291617504571107,6
phase48,Mandalay 2025 M7.7,141,147.0,7.699999809265137,8.232535229248331,0.5325354199831942,0.5325354199831942,0.023489816834768362,12
phase48,Nepal 2015 M7.3,141,147.0,7.300000190734863,7.091565702251783,-0.20843448848308022,0.20843448848308022,-0.0004649868563815218,5
phase48,Samos 2020 M7.0,141,147.0,7.0,6.825902486462914,-0.17409751353708636,0.17409751353708636,-0.0004417531726854662,3
phase48,Sand 2025 M7.3,141,147.0,7.300000190734863,8.407787826899757,1.1077876361648933,1.1077876361648933,0.003871180666980223,45
phase48,Xizang 2025 M7.1,141,147.0,7.099999904632568,7.502840335104176,0.402840430471608,0.402840430471608,-0.03599127558830428,12
phase39,Iquique 2014 M7.7,142,148.0,7.699999809265137,7.64541767503904,-0.05458213422609681,0.05458213422609681,-0.0043097676873866675,11
phase39,Kodiak 2018 M7.9,142,148.0,7.900000095367432,7.53074748445569,-0.369252610911742,0.369252610911742,0.019162570300681026,64
phase39,Luding 2022 M6.6,142,148.0,6.599999904632568,7.505118839991166,0.9051189353585976,0.9051189353585976,0.05080221074244573,6
phase39,Mandalay 2025 M7.7,142,148.0,7.699999809265137,7.491612840320155,-0.208386968944982,0.208386968944982,0.015166594873722516,12
phase39,Nepal 2015 M7.3,142,148.0,7.300000190734863,7.174908807605744,-0.12509138312911894,0.12509138312911894,-0.004604569975468209,5
phase39,Samos 2020 M7.0,142,148.0,7.0,6.88542335337094,-0.11457664662906009,0.11457664662906009,-0.001012827462929522,3
phase39,Sand 2025 M7.3,142,148.0,7.300000190734863,7.2929521895372655,-0.007048001197597742,0.007048001197597742,-0.010268314389753286,45
phase39,Xizang 2025 M7.1,142,148.0,7.099999904632568,7.179801643353683,0.07980173872111429,0.07980173872111429,0.01815634394111143,12
phase47,Iquique 2014 M7.7,142,148.0,7.699999809265137,7.506096919798514,-0.1939028894666226,0.1939028894666226,0.0037662963669307103,11
phase47,Kodiak 2018 M7.9,142,148.0,7.900000095367432,7.881598257635397,-0.018401837732034743,0.018401837732034743,-0.014417196650302166,64
phase47,Luding 2022 M6.6,142,148.0,6.599999904632568,7.6740874971845585,1.0740875925519902,1.0740875925519902,0.014135008177457387,6
phase47,Mandalay 2025 M7.7,142,148.0,7.699999809265137,8.042709245846199,0.3427094365810621,0.3427094365810621,0.0005633075598812098,12
phase47,Nepal 2015 M7.3,142,148.0,7.300000190734863,7.093719432252419,-0.20628075848244443,0.20628075848244443,-0.0005820201861723717,5
phase47,Samos 2020 M7.0,142,148.0,7.0,6.759370454714685,-0.24062954528531488,0.24062954528531488,0.017281573697755626,3
phase47,Sand 2025 M7.3,142,148.0,7.300000190734863,8.06118916327542,0.7611889725405572,0.7611889725405572,-0.01789235050060256,45
phase47,Xizang 2025 M7.1,142,148.0,7.099999904632568,7.8183525603710535,0.7183526557384852,0.7183526557384852,0.028848663219029902,12
phase48,Iquique 2014 M7.7,142,148.0,7.699999809265137,7.553866214461996,-0.1461335948031408,0.1461335948031408,0.00012588821032721853,11
phase48,Kodiak 2018 M7.9,142,148.0,7.900000095367432,7.869081896700065,-0.03091819866736678,0.03091819866736678,0.009462012830443456,64
phase48,Luding 2022 M6.6,142,148.0,6.599999904632568,7.090409329962904,0.49040942533033594,0.49040942533033594,-0.005061215357214266,6
phase48,Mandalay 2025 M7.7,142,148.0,7.699999809265137,8.24290894199717,0.5429091327320332,0.5429091327320332,0.010373712748839026,12
phase48,Nepal 2015 M7.3,142,148.0,7.300000190734863,7.091066403491833,-0.2089337872430299,0.2089337872430299,-0.0004992987599496956,5
phase48,Samos 2020 M7.0,142,148.0,7.0,6.82544085271555,-0.17455914728444988,0.17455914728444988,-0.00046163374736352125,3
phase48,Sand 2025 M7.3,142,148.0,7.300000190734863,8.38573818906092,1.0857379983260564,1.0857379983260564,-0.022049637838836844,45
phase48,Xizang 2025 M7.1,142,148.0,7.099999904632568,7.461990389200304,0.36199048456773575,0.36199048456773575,-0.04084994590387225,12
phase39,Iquique 2014 M7.7,143,149.0,7.699999809265137,7.645287473150838,-0.05471233611429849,0.05471233611429849,-0.00013020188820167533,11
phase39,Kodiak 2018 M7.9,143,149.0,7.900000095367432,7.51916766010922,-0.38083243525821153,0.38083243525821153,-0.011579824346469536,64
phase39,Luding 2022 M6.6,143,149.0,6.599999904632568,7.506934584934133,0.906934680301565,0.906934680301565,0.0018157449429674344,6
phase39,Mandalay 2025 M7.7,143,149.0,7.699999809265137,7.536851804709554,-0.1631480045555831,0.1631480045555831,0.045238964389398895,12
phase39,Nepal 2015 M7.3,143,149.0,7.300000190734863,7.172234917992477,-0.12776527274238614,0.12776527274238614,-0.0026738896132671996,5
phase39,Samos 2020 M7.0,143,149.0,7.0,6.883838511355159,-0.116161488644841,0.116161488644841,-0.0015848420157809073,3
phase39,Sand 2025 M7.3,143,149.0,7.300000190734863,7.288102405678741,-0.0118977850561226,0.0118977850561226,-0.004849783858524859,45
phase39,Xizang 2025 M7.1,143,149.0,7.099999904632568,7.197592410518656,0.09759250588608737,0.09759250588608737,0.017790767164973076,12
phase47,Iquique 2014 M7.7,143,149.0,7.699999809265137,7.508684567702733,-0.19131524156240332,0.19131524156240332,0.0025876479042192813,11
phase47,Kodiak 2018 M7.9,143,149.0,7.900000095367432,7.89241981613621,-0.007580279231222065,0.007580279231222065,0.010821558500812678,64
phase47,Luding 2022 M6.6,143,149.0,6.599999904632568,7.654118230475842,1.054118325843274,1.054118325843274,-0.019969266708716127,6
phase47,Mandalay 2025 M7.7,143,149.0,7.699999809265137,8.03990442375937,0.3399046144942339,0.3399046144942339,-0.002804822086828196,12
phase47,Nepal 2015 M7.3,143,149.0,7.300000190734863,7.092952900410955,-0.20704729032390823,0.20704729032390823,-0.0007665318414638023,5
phase47,Samos 2020 M7.0,143,149.0,7.0,6.7741337835143876,-0.22586621648561245,0.22586621648561245,0.014763328799702435,3
phase47,Sand 2025 M7.3,143,149.0,7.300000190734863,8.026582839810395,0.7265826490755316,0.7265826490755316,-0.03460632346502557,45
phase47,Xizang 2025 M7.1,143,149.0,7.099999904632568,7.8471339091360885,0.7471340045035202,0.7471340045035202,0.02878134876503502,12
phase48,Iquique 2014 M7.7,143,149.0,7.699999809265137,7.553848473760068,-0.14615133550506876,0.14615133550506876,-1.774070192794852e-05,11
phase48,Kodiak 2018 M7.9,143,149.0,7.900000095367432,7.8653299825045595,-0.03467011286287214,0.03467011286287214,-0.003751914195505357,64
phase48,Luding 2022 M6.6,143,149.0,6.599999904632568,7.085392811687662,0.4853929070550933,0.4853929070550933,-0.005016518275242632,6
phase48,Mandalay 2025 M7.7,143,149.0,7.699999809265137,8.244212176181222,0.544212366916085,0.544212366916085,0.0013032341840517603,12
phase48,Nepal 2015 M7.3,143,149.0,7.300000190734863,7.0906191038975885,-0.20938108683727474,0.20938108683727474,-0.0004472995942448321,5
phase48,Samos 2020 M7.0,143,149.0,7.0,6.824875384451122,-0.17512461554887793,0.17512461554887793,-0.0005654682644280484,3
phase48,Sand 2025 M7.3,143,149.0,7.300000190734863,8.362422867157111,1.0624226764222477,1.0624226764222477,-0.023315321903808695,45
phase48,Xizang 2025 M7.1,143,149.0,7.099999904632568,7.420010220747486,0.32001031611491726,0.32001031611491726,-0.04198016845281849,12
phase39,Iquique 2014 M7.7,144,150.0,7.699999809265137,7.645736896683183,-0.05426291258195359,0.05426291258195359,0.00044942353234489474,11
phase39,Kodiak 2018 M7.9,144,150.0,7.900000095367432,7.516368382678647,-0.3836317126887847,0.3836317126887847,-0.002799277430573177,64
phase39,Luding 2022 M6.6,144,150.0,6.599999904632568,7.501334907626466,0.901335002993898,0.901335002993898,-0.005599677307666973,6
phase39,Mandalay 2025 M7.7,144,150.0,7.699999809265137,7.609123842134595,-0.09087596713054147,0.09087596713054147,0.07227203742504162,12
phase39,Nepal 2015 M7.3,144,150.0,7.300000190734863,7.172041652050842,-0.1279585386840214,0.1279585386840214,-0.00019326594163526778,5
phase39,Samos 2020 M7.0,144,150.0,7.0,6.881584251727123,-0.11841574827287715,0.11841574827287715,-0.0022542596280361593,3
phase39,Sand 2025 M7.3,144,150.0,7.300000190734863,7.292390046085374,-0.007610144649489392,0.007610144649489392,0.0042876404066332086,45
phase39,Xizang 2025 M7.1,144,150.0,7.099999904632568,7.203111980696601,0.10311207606403272,0.10311207606403272,0.005519570177945354,12
phase47,Iquique 2014 M7.7,144,150.0,7.699999809265137,7.512093986051576,-0.18790582321356109,0.18790582321356109,0.0034094183488422303,11
phase47,Kodiak 2018 M7.9,144,150.0,7.900000095367432,7.898077515424178,-0.0019225799432538437,0.0019225799432538437,0.005657699287968221,64
phase47,Luding 2022 M6.6,144,150.0,6.599999904632568,7.635373130906496,1.0353732262739275,1.0353732262739275,-0.018745099569346557,6
phase47,Mandalay 2025 M7.7,144,150.0,7.699999809265137,8.040789712163516,0.3407899028983792,0.3407899028983792,0.0008852884041452569,12
phase47,Nepal 2015 M7.3,144,150.0,7.300000190734863,7.092717778268061,-0.20728241246680223,0.20728241246680223,-0.00023512214289400646,5
phase47,Samos 2020 M7.0,144,150.0,7.0,6.783664310920882,-0.21633568907911815,0.21633568907911815,0.009530527406494294,3
phase47,Sand 2025 M7.3,144,150.0,7.300000190734863,8.007569434333027,0.7075692435981633,0.7075692435981633,-0.019013405477368295,45
phase47,Xizang 2025 M7.1,144,150.0,7.099999904632568,7.874647808477961,0.7746479038453931,0.7746479038453931,0.02751389934187287,12
phase48,Iquique 2014 M7.7,144,150.0,7.699999809265137,7.553840831369801,-0.14615897789533605,0.14615897789533605,-7.642390267292853e-06,11
phase48,Kodiak 2018 M7.9,144,150.0,7.900000095367432,7.861320760332711,-0.038679335034720985,0.038679335034720985,-0.0040092221718488474,64
phase48,Luding 2022 M6.6,144,150.0,6.599999904632568,7.081063297517076,0.48106339288450783,0.48106339288450783,-0.004329514170585469,6
phase48,Mandalay 2025 M7.7,144,150.0,7.699999809265137,8.242818379566494,0.5428185703013568,0.5428185703013568,-0.00139379661472816,12
phase48,Nepal 2015 M7.3,144,150.0,7.300000190734863,7.09025136356381,-0.2097488271710537,0.2097488271710537,-0.0003677403337789542,5
phase48,Samos 2020 M7.0,144,150.0,7.0,6.824795847024455,-0.17520415297554504,0.17520415297554504,-7.953742666710895e-05,3
phase48,Sand 2025 M7.3,144,150.0,7.300000190734863,8.342621886093523,1.04262169535866,1.04262169535866,-0.01980098106358774,45
phase48,Xizang 2025 M7.1,144,150.0,7.099999904632568,7.391296251521089,0.2912963468885206,0.2912963468885206,-0.028713969226396685,12
phase39,Iquique 2014 M7.7,145,151.0,7.699999809265137,7.6456474703948,-0.05435233887033686,0.05435233887033686,-8.942628838326527e-05,11
phase39,Kodiak 2018 M7.9,145,151.0,7.900000095367432,7.519956880209514,-0.38004321515791784,0.38004321515791784,0.0035884975308668743,64
phase39,Luding 2022 M6.6,145,151.0,6.599999904632568,7.484238860027311,0.8842389553947427,0.8842389553947427,-0.017096047599155284,6
phase39,Mandalay 2025 M7.7,145,151.0,7.699999809265137,7.673223245160377,-0.026776564104760148,0.026776564104760148,0.06409940302578132,12
phase39,Nepal 2015 M7.3,145,151.0,7.300000190734863,7.170989090764565,-0.12901109997029803,0.12901109997029803,-0.001052561286276621,5
phase39,Samos 2020 M7.0,145,151.0,7.0,6.881313673767168,-0.11868632623283215,0.11868632623283215,-0.00027057795995499845,3
phase39,Sand 2025 M7.3,145,151.0,7.300000190734863,7.301942546747186,0.0019423560123223993,0.0019423560123223993,0.009552500661811791,45
phase39,Xizang 2025 M7.1,145,151.0,7.099999904632568,7.196837507513376,0.09683760288080734,0.09683760288080734,-0.006274473183225382,12
phase47,Iquique 2014 M7.7,145,151.0,7.699999809265137,7.515170028568047,-0.18482978069708977,0.18482978069708977,0.003076042516471311,11
phase47,Kodiak 2018 M7.9,145,151.0,7.900000095367432,7.900804979221949,0.0008048838545171577,0.0008048838545171577,0.0027274637977710015,64
phase47,Luding 2022 M6.6,145,151.0,6.599999904632568,7.607588652915799,1.007588748283231,1.007588748283231,-0.027784477990696388,6
phase47,Mandalay 2025 M7.7,145,151.0,7.699999809265137,8.04720823947055,0.3472084302054128,0.3472084302054128,0.006418527307033628,12
phase47,Nepal 2015 M7.3,145,151.0,7.300000190734863,7.092685604542506,-0.2073145861923571,0.2073145861923571,-3.217372555486264e-05,5
phase47,Samos 2020 M7.0,145,151.0,7.0,6.788328412182268,-0.2116715878177322,0.2116715878177322,0.0046641012613859445,3
phase47,Sand 2025 M7.3,145,151.0,7.300000190734863,7.990551870499687,0.6905516797648241,0.6905516797648241,-0.01701756383333919,45
phase47,Xizang 2025 M7.1,145,151.0,7.099999904632568,7.888698808692888,0.7886989040603201,0.7886989040603201,0.014051000214927,12
phase48,Iquique 2014 M7.7,145,151.0,7.699999809265137,7.554144522048096,-0.14585528721704044,0.14585528721704044,0.0003036906782956095,11
phase48,Kodiak 2018 M7.9,145,151.0,7.900000095367432,7.861094941667995,-0.03890515369943692,0.03890515369943692,-0.0002258186647159377,64
phase48,Luding 2022 M6.6,145,151.0,6.599999904632568,7.077623894664588,0.4776239900320194,0.4776239900320194,-0.003439402852488449,6
phase48,Mandalay 2025 M7.7,145,151.0,7.699999809265137,8.242155664616929,0.5421558553517922,0.5421558553517922,-0.0006627149495646023,12
phase48,Nepal 2015 M7.3,145,151.0,7.300000190734863,7.089819512525829,-0.21018067820903408,0.21018067820903408,-0.0004318510379803797,5
phase48,Samos 2020 M7.0,145,151.0,7.0,6.8244987521482665,-0.1755012478517335,0.1755012478517335,-0.00029709487618845287,3
phase48,Sand 2025 M7.3,145,151.0,7.300000190734863,8.321677918091748,1.0216777273568844,1.0216777273568844,-0.02094396800177556,45
phase48,Xizang 2025 M7.1,145,151.0,7.099999904632568,7.380771235940906,0.28077133130833776,0.28077133130833776,-0.010525015580182817,12
phase39,Iquique 2014 M7.7,146,152.0,7.699999809265137,7.6435732100741385,-0.05642659919099824,0.05642659919099824,-0.0020742603206613808,11
phase39,Kodiak 2018 M7.9,146,152.0,7.900000095367432,7.511993581681619,-0.38800651368581285,0.38800651368581285,-0.007963298527895013,64
phase39,Luding 2022 M6.6,146,152.0,6.599999904632568,7.458818925840417,0.8588190212078484,0.8588190212078484,-0.025419934186894366,6
phase39,Mandalay 2025 M7.7,146,152.0,7.699999809265137,7.697867867773156,-0.0021319414919807045,0.0021319414919807045,0.024644622612779443,12
phase39,Nepal 2015 M7.3,146,152.0,7.300000190734863,7.170133096158048,-0.12986709457681567,0.12986709457681567,-0.0008559946065176405,5
phase39,Samos 2020 M7.0,146,152.0,7.0,6.877864512761176,-0.12213548723882361,0.12213548723882361,-0.0034491610059914635,3
phase39,Sand 2025 M7.3,146,152.0,7.300000190734863,7.290855879440809,-0.009144311294054575,0.009144311294054575,-0.011086667306376974,45
phase39,Xizang 2025 M7.1,146,152.0,7.099999904632568,7.193541852576463,0.09354194794389503,0.09354194794389503,-0.0032956549369123067,12
phase47,Iquique 2014 M7.7,146,152.0,7.699999809265137,7.516817808064095,-0.18318200120104144,0.18318200120104144,0.0016477794960483294,11
phase47,Kodiak 2018 M7.9,146,152.0,7.900000095367432,7.894090869449524,-0.005909225917907435,0.005909225917907435,-0.006714109772424592,64
phase47,Luding 2022 M6.6,146,152.0,6.599999904632568,7.583494043553061,0.9834941389204923,0.9834941389204923,-0.024094609362738773,6
phase47,Mandalay 2025 M7.7,146,152.0,7.699999809265137,8.052721809118047,0.35272199985291053,0.35272199985291053,0.005513569647497718,12
phase47,Nepal 2015 M7.3,146,152.0,7.300000190734863,7.092217327960331,-0.20778286277453262,0.20778286277453262,-0.0004682765821755197,5
phase47,Samos 2020 M7.0,146,152.0,7.0,6.7901276816253695,-0.2098723183746305,0.2098723183746305,0.0017992694431017142,3
phase47,Sand 2025 M7.3,146,152.0,7.300000190734863,7.979146016183557,0.6791458254486935,0.6791458254486935,-0.011405854316130615,45
phase47,Xizang 2025 M7.1,146,152.0,7.099999904632568,7.885992384262921,0.7859924796303526,0.7859924796303526,-0.002706424429967491,12
phase48,Iquique 2014 M7.7,146,152.0,7.699999809265137,7.553933508840805,-0.14606630042433189,0.14606630042433189,-0.0002110132072914439,11
phase48,Kodiak 2018 M7.9,146,152.0,7.900000095367432,7.8623998393197745,-0.037600256047657155,0.037600256047657155,0.0013048976517797684,64
phase48,Luding 2022 M6.6,146,152.0,6.599999904632568,7.07547905305653,0.475479148423962,0.475479148423962,-0.0021448416080573907,6
phase48,Mandalay 2025 M7.7,146,152.0,7.699999809265137,8.240436051179502,0.5404362419143656,0.5404362419143656,-0.0017196134374266592,12
phase48,Nepal 2015 M7.3,146,152.0,7.300000190734863,7.0894893432897925,-0.21051084744507076,0.21051084744507076,-0.00033016923603668147,5
phase48,Samos 2020 M7.0,146,152.0,7.0,6.8236683096971955,-0.1763316903028045,0.1763316903028045,-0.0008304424510710007,3
phase48,Sand 2025 M7.3,146,152.0,7.300000190734863,8.314412751101711,1.0144125603668481,1.0144125603668481,-0.00726516699003632,45
phase48,Xizang 2025 M7.1,146,152.0,7.099999904632568,7.373481178013989,0.2734812733814209,0.2734812733814209,-0.0072900579269168375,12
phase39,Iquique 2014 M7.7,147,153.0,7.699999809265137,7.638780977522608,-0.0612188317425284,0.0612188317425284,-0.004792232551530162,11
phase39,Kodiak 2018 M7.9,147,153.0,7.900000095367432,7.447776522612303,-0.4522235727551287,0.4522235727551287,-0.06421705906931585,64
phase39,Luding 2022 M6.6,147,153.0,6.599999904632568,7.429992296914756,0.8299923922821879,0.8299923922821879,-0.028826628925660458,6
phase39,Mandalay 2025 M7.7,147,153.0,7.699999809265137,7.696344217568633,-0.003655591696503535,0.003655591696503535,-0.0015236502045228306,12
phase39,Nepal 2015 M7.3,147,153.0,7.300000190734863,7.170462341845617,-0.12953784888924602,0.12953784888924602,0.0003292456875696459,5
phase39,Samos 2020 M7.0,147,153.0,7.0,6.871677296786118,-0.12832270321388162,0.12832270321388162,-0.0061872159750580025,3
phase39,Sand 2025 M7.3,147,153.0,7.300000190734863,7.275224330232046,-0.024775860502817437,0.024775860502817437,-0.015631549208762863,45
phase39,Xizang 2025 M7.1,147,153.0,7.099999904632568,7.1992000103096645,0.09920010567709614,0.09920010567709614,0.005658157733201108,12
phase47,Iquique 2014 M7.7,147,153.0,7.699999809265137,7.5174253263728055,-0.18257448289233125,0.18257448289233125,0.0006075183087101976,11
phase47,Kodiak 2018 M7.9,147,153.0,7.900000095367432,7.8879842551639925,-0.012015840203439154,0.012015840203439154,-0.00610661428553172,64
phase47,Luding 2022 M6.6,147,153.0,6.599999904632568,7.575805328148096,0.9758054235155278,0.9758054235155278,-0.007688715404964519,6
phase47,Mandalay 2025 M7.7,147,153.0,7.699999809265137,8.054407770541854,0.35440796127671703,0.35440796127671703,0.0016859614238065035,12
phase47,Nepal 2015 M7.3,147,153.0,7.300000190734863,7.091481773864173,-0.20851841687069061,0.20851841687069061,-0.0007355540961579976,5
phase47,Samos 2020 M7.0,147,153.0,7.0,6.790021648467727,-0.20997835153227307,0.20997835153227307,-0.00010603315764257104,3
phase47,Sand 2025 M7.3,147,153.0,7.300000190734863,7.983604683356074,0.6836044926212104,0.6836044926212104,0.004458667172516861,45
phase47,Xizang 2025 M7.1,147,153.0,7.099999904632568,7.88061362969998,0.7806137250674112,0.7806137250674112,-0.005378754562941346,12
phase48,Iquique 2014 M7.7,147,153.0,7.699999809265137,7.552721867732519,-0.14727794153261797,0.14727794153261797,-0.0012116411082860878,11
phase48,Kodiak 2018 M7.9,147,153.0,7.900000095367432,7.863096261705604,-0.03690383366182726,0.03690383366182726,0.0006964223858298979,64
phase48,Luding 2022 M6.6,147,153.0,6.599999904632568,7.075209134703082,0.4752092300705133,0.4752092300705133,-0.00026991835344869486,6
phase48,Mandalay 2025 M7.7,147,153.0,7.699999809265137,8.23505839183915,0.5350585825740133,0.5350585825740133,-0.005377659340352281,12
phase48,Nepal 2015 M7.3,147,153.0,7.300000190734863,7.089122571011698,-0.2108776197231652,0.2108776197231652,-0.00036677227809445156,5
phase48,Samos 2020 M7.0,147,153.0,7.0,6.823131378395306,-0.17686862160469374,0.17686862160469374,-0.0005369313018892541,3
phase48,Sand 2025 M7.3,147,153.0,7.300000190734863,8.293204757828113,0.9932045670932492,0.9932045670932492,-0.021207993273598902,45
phase48,Xizang 2025 M7.1,147,153.0,7.099999904632568,7.368416551997609,0.2684166473650409,0.2684166473650409,-0.005064626016380025,12
phase39,Iquique 2014 M7.7,148,154.0,7.699999809265137,7.6313699473113115,-0.06862986195382526,0.06862986195382526,-0.007411030211296854,11
phase39,Kodiak 2018 M7.9,148,154.0,7.900000095367432,7.3934648555309375,-0.5065352398364942,0.5065352398364942,-0.05431166708136548,64
phase39,Luding 2022 M6.6,148,154.0,6.599999904632568,7.390853338865544,0.790853434232976,0.790853434232976,-0.03913895804921186,6
phase39,Mandalay 2025 M7.7,148,154.0,7.699999809265137,7.692866221428564,-0.007133587836572808,0.007133587836572808,-0.0034779961400692727,12
phase39,Nepal 2015 M7.3,148,154.0,7.300000190734863,7.168338396304912,-0.1316617944299514,0.1316617944299514,-0.0021239455407053853,5
phase39,Samos 2020 M7.0,148,154.0,7.0,6.86279735373849,-0.13720264626151035,0.13720264626151035,-0.008879943047628736,3
phase39,Sand 2025 M7.3,148,154.0,7.300000190734863,7.2566747498464945,-0.04332544088836876,0.04332544088836876,-0.018549580385551323,45
phase39,Xizang 2025 M7.1,148,154.0,7.099999904632568,7.1987803150619465,0.09878041042937813,0.09878041042937813,-0.0004196952477180105,12
phase47,Iquique 2014 M7.7,148,154.0,7.699999809265137,7.51709528512447,-0.1829045241406666,0.1829045241406666,-0.0003300412483353554,11
phase47,Kodiak 2018 M7.9,148,154.0,7.900000095367432,7.881216675818472,-0.018783419548960012,0.018783419548960012,-0.006767579345520858,64
phase47,Luding 2022 M6.6,148,154.0,6.599999904632568,7.576636946743061,0.9766370421104931,0.9766370421104931,0.0008316185949652777,6
phase47,Mandalay 2025 M7.7,148,154.0,7.699999809265137,8.05324312159042,0.35324331232528294,0.35324331232528294,-0.0011646489514340885,12
phase47,Nepal 2015 M7.3,148,154.0,7.300000190734863,7.090637918916157,-0.2093622718187067,0.2093622718187067,-0.0008438549480160873,5
phase47,Samos 2020 M7.0,148,154.0,7.0,6.786686069840519,-0.2133139301594813,0.2133139301594813,-0.0033355786272082355,3
phase47,Sand 2025 M7.3,148,154.0,7.300000190734863,7.989917837289408,0.6899176465545445,0.6899176465545445,0.0063131539333340925,45
phase47,Xizang 2025 M7.1,148,154.0,7.099999904632568,7.874047557108956,0.774047652476388,0.774047652476388,-0.006566072591023264,12
phase48,Iquique 2014 M7.7,148,154.0,7.699999809265137,7.549918818738687,-0.1500809905264493,0.1500809905264493,-0.0028030489938313252,11
phase48,Kodiak 2018 M7.9,148,154.0,7.900000095367432,7.851009392014587,-0.04899070335284428,0.04899070335284428,-0.012086869691017021,64
phase48,Luding 2022 M6.6,148,154.0,6.599999904632568,7.0772296606206595,0.47722975598809114,0.47722975598809114,0.0020205259175778423,6
phase48,Mandalay 2025 M7.7,148,154.0,7.699999809265137,8.223608930393159,0.5236091211280218,0.5236091211280218,-0.01144946144599146,12
phase48,Nepal 2015 M7.3,148,154.0,7.300000190734863,7.089146873911894,-0.21085331682296893,0.21085331682296893,2.430290019628245e-05,5
phase48,Samos 2020 M7.0,148,154.0,7.0,6.823037374301898,-0.17696262569810184,0.17696262569810184,-9.400409340809546e-05,3
phase48,Sand 2025 M7.3,148,154.0,7.300000190734863,8.2544700520037,0.9544698612688371,0.9544698612688371,-0.038734705824412075,45
phase48,Xizang 2025 M7.1,148,154.0,7.099999904632568,7.364207567171616,0.2642076625390475,0.2642076625390475,-0.0042089848259934115,12
phase39,Iquique 2014 M7.7,149,155.0,7.699999809265137,7.626543478316581,-0.07345633094855586,0.07345633094855586,-0.004826468994730604,11
phase39,Kodiak 2018 M7.9,149,155.0,7.900000095367432,7.394681422499838,-0.5053186728675936,0.5053186728675936,0.001216566968900601,64
phase39,Luding 2022 M6.6,149,155.0,6.599999904632568,7.313879658723669,0.713879754091101,0.713879754091101,-0.076973680141875,6
phase39,Mandalay 2025 M7.7,149,155.0,7.699999809265137,7.706342926879867,0.006343117614730609,0.006343117614730609,0.013476705451303417,12
phase39,Nepal 2015 M7.3,149,155.0,7.300000190734863,7.165982557726149,-0.13401763300871394,0.13401763300871394,-0.002355838578762537,5
phase39,Samos 2020 M7.0,149,155.0,7.0,6.851279831545797,-0.14872016845420344,0.14872016845420344,-0.011517522192693086,3
phase39,Sand 2025 M7.3,149,155.0,7.300000190734863,7.25024464140405,-0.049755549330813054,0.049755549330813054,-0.006430108442444293,45
phase39,Xizang 2025 M7.1,149,155.0,7.099999904632568,7.182075164669382,0.08207526003681398,0.08207526003681398,-0.01670515039256415,12
phase47,Iquique 2014 M7.7,149,155.0,7.699999809265137,7.515746558069375,-0.18425325119576197,0.18425325119576197,-0.0013487270550953667,11
phase47,Kodiak 2018 M7.9,149,155.0,7.900000095367432,7.883962985750725,-0.01603710961670668,0.01603710961670668,0.0027463099322533324,64
phase47,Luding 2022 M6.6,149,155.0,6.599999904632568,7.581724119816723,0.9817242151841548,0.9817242151841548,0.005087173073661688,6
phase47,Mandalay 2025 M7.7,149,155.0,7.699999809265137,8.050384659785832,0.3503848505206957,0.3503848505206957,-0.0028584618045872645,12
phase47,Nepal 2015 M7.3,149,155.0,7.300000190734863,7.08981292607588,-0.21018726465898308,0.21018726465898308,-0.0008249928402763729,5
phase47,Samos 2020 M7.0,149,155.0,7.0,6.778532962199076,-0.2214670378009238,0.2214670378009238,-0.008153107641442503,3
phase47,Sand 2025 M7.3,149,155.0,7.300000190734863,7.96800740421513,0.6680072134802666,0.6680072134802666,-0.02191043307427787,45
phase47,Xizang 2025 M7.1,149,155.0,7.099999904632568,7.866984461799469,0.766984557166901,0.766984557166901,-0.007063095309487011,12
phase48,Iquique 2014 M7.7,149,155.0,7.699999809265137,7.545907318805531,-0.1540924904596057,0.1540924904596057,-0.004011499933156415,11
phase48,Kodiak 2018 M7.9,149,155.0,7.900000095367432,7.842818172632791,-0.05718192273464062,0.05718192273464062,-0.008191219381796344,64
phase48,Luding 2022 M6.6,149,155.0,6.599999904632568,7.079234834081969,0.47923492944940094,0.47923492944940094,0.002005173461309795,6
phase48,Mandalay 2025 M7.7,149,155.0,7.699999809265137,8.205508343943563,0.5055085346784267,0.5055085346784267,-0.018100586449595113,12
phase48,Nepal 2015 M7.3,149,155.0,7.300000190734863,7.088600342876443,-0.21139984785842003,0.21139984785842003,-0.0005465310354511033,5
phase48,Samos 2020 M7.0,149,155.0,7.0,6.822876254498326,-0.17712374550167365,0.17712374550167365,-0.00016111980357180755,3
phase48,Sand 2025 M7.3,149,155.0,7.300000190734863,8.233000198852393,0.9330000081175296,0.9330000081175296,-0.02146985315130756,45
phase48,Xizang 2025 M7.1,149,155.0,7.099999904632568,7.3591159008783436,0.2591159962457752,0.2591159962457752,-0.00509166629327229,12
phase39,Iquique 2014 M7.7,150,156.0,7.699999809265137,7.627850097931233,-0.07214971133390335,0.07214971133390335,0.0013066196146525044,11
phase39,Kodiak 2018 M7.9,150,156.0,7.900000095367432,7.417158993266813,-0.48284110210061826,0.48284110210061826,0.02247757076697532,64
phase39,Luding 2022 M6.6,150,156.0,6.599999904632568,7.285333517534221,0.685333612901653,0.685333612901653,-0.028546141189448093,6
phase39,Mandalay 2025 M7.7,150,156.0,7.699999809265137,7.723758150575959,0.023758341310822217,0.023758341310822217,0.01741522369609161,12
phase39,Nepal 2015 M7.3,150,156.0,7.300000190734863,7.162761907812648,-0.1372382829222154,0.1372382829222154,-0.003220649913501461,5
phase39,Samos 2020 M7.0,150,156.0,7.0,6.84261090540282,-0.1573890945971801,0.1573890945971801,-0.008668926142976652,3
phase39,Sand 2025 M7.3,150,156.0,7.300000190734863,7.251006785312978,-0.04899340542188568,0.04899340542188568,0.0007621439089273707,45
phase39,Xizang 2025 M7.1,150,156.0,7.099999904632568,7.180360533394929,0.08036062876236105,0.08036062876236105,-0.0017146312744529268,12
phase47,Iquique 2014 M7.7,150,156.0,7.699999809265137,7.513324382628834,-0.18667542663630243,0.18667542663630243,-0.002422175440540464,11
phase47,Kodiak 2018 M7.9,150,156.0,7.900000095367432,7.877861855145303,-0.022138240222128402,0.022138240222128402,-0.006101130605421723,64
phase47,Luding 2022 M6.6,150,156.0,6.599999904632568,7.583919262427632,0.983919357795064,0.983919357795064,0.002195142610909251,6
phase47,Mandalay 2025 M7.7,150,156.0,7.699999809265137,8.043651842586911,0.3436520333217743,0.3436520333217743,-0.006732817198921381,12
phase47,Nepal 2015 M7.3,150,156.0,7.300000190734863,7.088943784027128,-0.21105640670773518,0.21105640670773518,-0.0008691420487521029,5
phase47,Samos 2020 M7.0,150,156.0,7.0,6.7694574663174105,-0.23054253368258948,0.23054253368258948,-0.009075495881665674,3
phase47,Sand 2025 M7.3,150,156.0,7.300000190734863,7.945472978908821,0.6454727881739579,0.6454727881739579,-0.02253442530630867,45
phase47,Xizang 2025 M7.1,150,156.0,7.099999904632568,7.860535545653541,0.7605356410209723,0.7605356410209723,-0.006448916145928685,12
phase48,Iquique 2014 M7.7,150,156.0,7.699999809265137,7.542060532461482,-0.1579392768036545,0.1579392768036545,-0.0038467863440487804,11
phase48,Kodiak 2018 M7.9,150,156.0,7.900000095367432,7.84307772637401,-0.056922368993421735,0.056922368993421735,0.0002595537412188875,64
phase48,Luding 2022 M6.6,150,156.0,6.599999904632568,7.078494920850926,0.4784950162183579,0.4784950162183579,-0.0007399132310430545,6
phase48,Mandalay 2025 M7.7,150,156.0,7.699999809265137,8.185838383081592,0.485838573816455,0.485838573816455,-0.019669960861971703,12
phase48,Nepal 2015 M7.3,150,156.0,7.300000190734863,7.087706658326057,-0.21229353240880666,0.21229353240880666,-0.0008936845503866309,5
phase48,Samos 2020 M7.0,150,156.0,7.0,6.823156968349897,-0.17684303165010284,0.17684303165010284,0.00028071385157080186,3
phase48,Sand 2025 M7.3,150,156.0,7.300000190734863,8.217616098938727,0.9176159082038637,0.9176159082038637,-0.01538409991366585,45
phase48,Xizang 2025 M7.1,150,156.0,7.099999904632568,7.360701876387453,0.26070197175488463,0.26070197175488463,0.0015859755091094385,12
phase39,Iquique 2014 M7.7,151,157.0,7.699999809265137,7.63349057696826,-0.06650923229687677,0.06650923229687677,0.00564047903702658,11
phase39,Kodiak 2018 M7.9,151,157.0,7.900000095367432,7.464014394229068,-0.4359857011383639,0.4359857011383639,0.04685540096225438,64
phase39,Luding 2022 M6.6,151,157.0,6.599999904632568,7.2841595215665835,0.6841596169340152,0.6841596169340152,-0.0011739959676377865,6
phase39,Mandalay 2025 M7.7,151,157.0,7.699999809265137,7.739256106642573,0.03925629737743641,0.03925629737743641,0.015497956066614194,12
phase39,Nepal 2015 M7.3,151,157.0,7.300000190734863,7.163929339937182,-0.13607085079768133,0.13607085079768133,0.0011674321245340735,5
phase39,Samos 2020 M7.0,151,157.0,7.0,6.837997520740995,-0.16200247925900513,0.16200247925900513,-0.004613384661825037,3
phase39,Sand 2025 M7.3,151,157.0,7.300000190734863,7.256285974554796,-0.04371421618006721,0.04371421618006721,0.005279189241818472,45
phase39,Xizang 2025 M7.1,151,157.0,7.099999904632568,7.19985829047062,0.09985838583805151,0.09985838583805151,0.01949775707569046,12
phase47,Iquique 2014 M7.7,151,157.0,7.699999809265137,7.5106362321934235,-0.18936357707171325,0.18936357707171325,-0.0026881504354108188,11
phase47,Kodiak 2018 M7.9,151,157.0,7.900000095367432,7.868810765103011,-0.03118933026442061,0.03118933026442061,-0.00905109004229221,64
phase47,Luding 2022 M6.6,151,157.0,6.599999904632568,7.584535598741472,0.9845356941089038,0.9845356941089038,0.0006163363138398381,6
phase47,Mandalay 2025 M7.7,151,157.0,7.699999809265137,8.034181042003391,0.3341812327382545,0.3341812327382545,-0.00947080058351979,12
phase47,Nepal 2015 M7.3,151,157.0,7.300000190734863,7.087969478920106,-0.21203071181475686,0.21203071181475686,-0.0009743051070216779,5
phase47,Samos 2020 M7.0,151,157.0,7.0,6.762634021225519,-0.23736597877448062,0.23736597877448062,-0.006823445091891145,3
phase47,Sand 2025 M7.3,151,157.0,7.300000190734863,7.935659797386993,0.6356596066521298,0.6356596066521298,-0.009813181521828085,45
phase47,Xizang 2025 M7.1,151,157.0,7.099999904632568,7.855465998352354,0.7554660937197859,0.7554660937197859,-0.005069547301186361,12
phase48,Iquique 2014 M7.7,151,157.0,7.699999809265137,7.538901785817878,-0.16109802344725832,0.16109802344725832,-0.003158746643603827,11
phase48,Kodiak 2018 M7.9,151,157.0,7.900000095367432,7.853212343132309,-0.046787752235122326,0.046787752235122326,0.010134616758299408,64
phase48,Luding 2022 M6.6,151,157.0,6.599999904632568,7.074567992333038,0.47456808770046965,0.47456808770046965,-0.0039269285178882285,6
phase48,Mandalay 2025 M7.7,151,157.0,7.699999809265137,8.16829106018135,0.46829125091621293,0.46829125091621293,-0.01754732290024208,12
phase48,Nepal 2015 M7.3,151,157.0,7.300000190734863,7.086266475458826,-0.21373371527603702,0.21373371527603702,-0.0014401828672303552,5
phase48,Samos 2020 M7.0,151,157.0,7.0,6.82355765656039,-0.17644234343960985,0.17644234343960985,0.0004006882104929943,3
phase48,Sand 2025 M7.3,151,157.0,7.300000190734863,8.19873403163,0.8987338408951366,0.8987338408951366,-0.018882067308727102,45
phase48,Xizang 2025 M7.1,151,157.0,7.099999904632568,7.360418080338531,0.26041817570596226,0.26041817570596226,-0.000283796048922369,12
phase39,Iquique 2014 M7.7,152,158.0,7.699999809265137,7.63901956480135,-0.060980244463786804,0.060980244463786804,0.005528987833089971,11
phase39,Kodiak 2018 M7.9,152,158.0,7.900000095367432,7.502563660108355,-0.3974364352590767,0.3974364352590767,0.0385492658792872,64
phase39,Luding 2022 M6.6,152,158.0,6.599999904632568,7.2684412877444196,0.6684413831118512,0.6684413831118512,-0.015718233822163974,6
phase39,Mandalay 2025 M7.7,152,158.0,7.699999809265137,7.76967757302355,0.06967776375841339,0.06967776375841339,0.03042146638097698,12
phase39,Nepal 2015 M7.3,152,158.0,7.300000190734863,7.168344967331178,-0.13165522340368518,0.13165522340368518,0.0044156273939961466,5
phase39,Samos 2020 M7.0,152,158.0,7.0,6.834673037323011,-0.1653269626769891,0.1653269626769891,-0.00332448341798397,3
phase39,Sand 2025 M7.3,152,158.0,7.300000190734863,7.26358000281029,-0.036420187924573355,0.036420187924573355,0.007294028255493856,45
phase39,Xizang 2025 M7.1,152,158.0,7.099999904632568,7.212422092783688,0.11242218815112004,0.11242218815112004,0.012563802313068528,12
phase47,Iquique 2014 M7.7,152,158.0,7.699999809265137,7.509143955721516,-0.19085585354362067,0.19085585354362067,-0.0014922764719074166,11
phase47,Kodiak 2018 M7.9,152,158.0,7.900000095367432,7.8625870551118915,-0.03741304025554015,0.03741304025554015,-0.0062237099911195415,64
phase47,Luding 2022 M6.6,152,158.0,6.599999904632568,7.592262378709952,0.9922624740773838,0.9922624740773838,0.007726779968479924,6
phase47,Mandalay 2025 M7.7,152,158.0,7.699999809265137,8.024406537835954,0.32440672857081765,0.32440672857081765,-0.00977450416743686,12
phase47,Nepal 2015 M7.3,152,158.0,7.300000190734863,7.087652628410714,-0.2123475623241493,0.2123475623241493,-0.0003168505093924523,5
phase47,Samos 2020 M7.0,152,158.0,7.0,6.758624947704036,-0.24137505229596368,0.24137505229596368,-0.004009073521483053,3
phase47,Sand 2025 M7.3,152,158.0,7.300000190734863,7.935448741635548,0.6354485509006844,0.6354485509006844,-0.00021105575144542144,45
phase47,Xizang 2025 M7.1,152,158.0,7.099999904632568,7.851048658759405,0.7510487541268365,0.7510487541268365,-0.004417339592949432,12
phase48,Iquique 2014 M7.7,152,158.0,7.699999809265137,7.536871708706027,-0.16312810055910987,0.16312810055910987,-0.002030077111851547,11
phase48,Kodiak 2018 M7.9,152,158.0,7.900000095367432,7.853787693821664,-0.04621240154576789,0.04621240154576789,0.0005753506893544369,64
phase48,Luding 2022 M6.6,152,158.0,6.599999904632568,7.070178219065378,0.47017831443280933,0.47017831443280933,-0.004389773267660324,6
phase48,Mandalay 2025 M7.7,152,158.0,7.699999809265137,8.154357127620827,0.45435731835569015,0.45435731835569015,-0.013933932560522777,12
phase48,Nepal 2015 M7.3,152,158.0,7.300000190734863,7.084998616012637,-0.21500157472222625,0.21500157472222625,-0.0012678594461892345,5
phase48,Samos 2020 M7.0,152,158.0,7.0,6.823873687010138,-0.1761263129898616,0.1761263129898616,0.00031603044974826133,3
phase48,Sand 2025 M7.3,152,158.0,7.300000190734863,8.177716070440631,0.877715879705768,0.877715879705768,-0.021017961189368606,45
phase48,Xizang 2025 M7.1,152,158.0,7.099999904632568,7.360405384179153,0.2604054795465842,0.2604054795465842,-1.2696159378045024e-05,12
phase39,Iquique 2014 M7.7,153,159.0,7.699999809265137,7.6424655283451965,-0.05753428091994017,0.05753428091994017,0.0034459635438466307,11
phase39,Kodiak 2018 M7.9,153,159.0,7.900000095367432,7.531168251725387,-0.36883184364204435,0.36883184364204435,0.028604591617032327,64
phase39,Luding 2022 M6.6,153,159.0,6.599999904632568,7.2396848167988885,0.6396849121663202,0.6396849121663202,-0.02875647094553102,6
phase39,Mandalay 2025 M7.7,153,159.0,7.699999809265137,7.824887176460013,0.12488736719487648,0.12488736719487648,0.055209603436463084,12
phase39,Nepal 2015 M7.3,153,159.0,7.300000190734863,7.171605464888852,-0.12839472584601097,0.12839472584601097,0.0032604975576742135,5
phase39,Samos 2020 M7.0,153,159.0,7.0,6.8307278519444985,-0.1692721480555015,0.1692721480555015,-0.003945185378512406,3
phase39,Sand 2025 M7.3,153,159.0,7.300000190734863,7.278784085453354,-0.021216105281509634,0.021216105281509634,0.015204082643063721,45
phase39,Xizang 2025 M7.1,153,159.0,7.099999904632568,7.222721844757675,0.12272194012510695,0.12272194012510695,0.010299751973986915,12
phase47,Iquique 2014 M7.7,153,159.0,7.699999809265137,7.50934174630866,-0.19065806295647647,0.19065806295647647,0.00019779058714419762,11
phase47,Kodiak 2018 M7.9,153,159.0,7.900000095367432,7.855071698480227,-0.044928396887204514,0.044928396887204514,-0.0075153566316643605,64
phase47,Luding 2022 M6.6,153,159.0,6.599999904632568,7.610200110952086,1.0102002063195172,1.0102002063195172,0.017937732242133464,6
phase47,Mandalay 2025 M7.7,153,159.0,7.699999809265137,8.02692092093595,0.3269211116708135,0.3269211116708135,0.002514383099995854,12
phase47,Nepal 2015 M7.3,153,159.0,7.300000190734863,7.0873244775033335,-0.21267571323152978,0.21267571323152978,-0.0003281509073804756,5
phase47,Samos 2020 M7.0,153,159.0,7.0,6.75689095788058,-0.24310904211942042,0.24310904211942042,-0.0017339898234567386,3
phase47,Sand 2025 M7.3,153,159.0,7.300000190734863,7.937972588864512,0.6379723981296488,0.6379723981296488,0.002523847228964371,45
phase47,Xizang 2025 M7.1,153,159.0,7.099999904632568,7.864285216471181,0.7642853118386128,0.7642853118386128,0.013236557711776342,12
phase48,Iquique 2014 M7.7,153,159.0,7.699999809265137,7.53594950800991,-0.16405030125522657,0.16405030125522657,-0.000922200696116704,11
phase48,Kodiak 2018 M7.9,153,159.0,7.900000095367432,7.856027536678296,-0.043972558689135965,0.043972558689135965,0.002239842856631924,64
phase48,Luding 2022 M6.6,153,159.0,6.599999904632568,7.067481118748828,0.4674812141162592,0.4674812141162592,-0.0026971003165501273,6
phase48,Mandalay 2025 M7.7,153,159.0,7.699999809265137,8.143330076912363,0.4433302676472266,0.4433302676472266,-0.011027050708463548,12
phase48,Nepal 2015 M7.3,153,159.0,7.300000190734863,7.083697351682684,-0.2163028390521795,0.2163028390521795,-0.0013012643299532556,5
phase48,Samos 2020 M7.0,153,159.0,7.0,6.8238062663614425,-0.1761937336385575,0.1761937336385575,-6.742064869591502e-05,3
phase48,Sand 2025 M7.3,153,159.0,7.300000190734863,8.160104164907557,0.8601039741726932,0.8601039741726932,-0.01761190553307479,45
phase48,Xizang 2025 M7.1,153,159.0,7.099999904632568,7.363781723774322,0.26378181914175336,0.26378181914175336,0.003376339595169142,12
phase39,Iquique 2014 M7.7,154,160.0,7.699999809265137,7.6448920426872515,-0.05510776657788519,0.05510776657788519,0.002426514342054986,11
phase39,Kodiak 2018 M7.9,154,160.0,7.900000095367432,7.590836596000097,-0.3091634993673349,0.3091634993673349,0.05966834427470946,64
phase39,Luding 2022 M6.6,154,160.0,6.599999904632568,7.205949920825825,0.6059500161932565,0.6059500161932565,-0.03373489597306367,6
phase39,Mandalay 2025 M7.7,154,160.0,7.699999809265137,7.8758914617140485,0.1758916524489118,0.1758916524489118,0.05100428525403533,12
phase39,Nepal 2015 M7.3,154,160.0,7.300000190734863,7.1761855966443076,-0.12381459409055573,0.12381459409055573,0.004580131755455241,5
phase39,Samos 2020 M7.0,154,160.0,7.0,6.829952627717035,-0.17004737228296474,0.17004737228296474,-0.0007752242274632337,3
phase39,Sand 2025 M7.3,154,160.0,7.300000190734863,7.275777654455316,-0.024222536279546958,0.024222536279546958,-0.003006430998037324,45
phase39,Xizang 2025 M7.1,154,160.0,7.099999904632568,7.228375614134359,0.12837570950179078,0.12837570950179078,0.005653769376683826,12
phase47,Iquique 2014 M7.7,154,160.0,7.699999809265137,7.510812905920724,-0.1891869033444129,0.1891869033444129,0.0014711596120635662,11
phase47,Kodiak 2018 M7.9,154,160.0,7.900000095367432,7.851119362256385,-0.048880733111047014,0.048880733111047014,-0.003952336223842501,64
phase47,Luding 2022 M6.6,154,160.0,6.599999904632568,7.630420656080699,1.0304207514481307,1.0304207514481307,0.020220545128613487,6
phase47,Mandalay 2025 M7.7,154,160.0,7.699999809265137,8.030441416267777,0.3304416070026406,0.3304416070026406,0.003520495331827078,12
phase47,Nepal 2015 M7.3,154,160.0,7.300000190734863,7.087101502196877,-0.21289868853798666,0.21289868853798666,-0.00022297530645687402,5
phase47,Samos 2020 M7.0,154,160.0,7.0,6.75651434517694,-0.2434856548230604,0.2434856548230604,-0.000376612703639978,3
phase47,Sand 2025 M7.3,154,160.0,7.300000190734863,7.965323521014652,0.6653233302797883,0.6653233302797883,0.027350932150139506,45
phase47,Xizang 2025 M7.1,154,160.0,7.099999904632568,7.870914737274095,0.7709148326415267,0.7709148326415267,0.006629520802913902,12
phase48,Iquique 2014 M7.7,154,160.0,7.699999809265137,7.536169336012301,-0.16383047325283595,0.16383047325283595,0.00021982800239062072,11
phase48,Kodiak 2018 M7.9,154,160.0,7.900000095367432,7.8656801732262505,-0.03431992214118118,0.03431992214118118,0.009652636547954785,64
phase48,Luding 2022 M6.6,154,160.0,6.599999904632568,7.066667591806516,0.46666768717394724,0.46666768717394724,-0.0008135269423119595,6
phase48,Mandalay 2025 M7.7,154,160.0,7.699999809265137,8.138635577564173,0.4386357682990365,0.4386357682990365,-0.0046944993481901065,12
phase48,Nepal 2015 M7.3,154,160.0,7.300000190734863,7.082741034970876,-0.2172591557639869,0.2172591557639869,-0.0009563167118074034,5
phase48,Samos 2020 M7.0,154,160.0,7.0,6.823194433880524,-0.17680556611947562,0.17680556611947562,-0.0006118324809181175,3
phase48,Sand 2025 M7.3,154,160.0,7.300000190734863,8.14944067780518,0.849440487070316,0.849440487070316,-0.01066348710237719,45
phase48,Xizang 2025 M7.1,154,160.0,7.099999904632568,7.377847068473416,0.27784716384084795,0.27784716384084795,0.014065344699094595,12
phase39,Iquique 2014 M7.7,155,161.0,7.699999809265137,7.647181599972949,-0.05281820929218739,0.05281820929218739,0.0022895572856977964,11
phase39,Kodiak 2018 M7.9,155,161.0,7.900000095367432,7.633437503863321,-0.266562591504111,0.266562591504111,0.0426009078632239,64
phase39,Luding 2022 M6.6,155,161.0,6.599999904632568,7.17840009357968,0.5784001889471115,0.5784001889471115,-0.027549827246144964,6
phase39,Mandalay 2025 M7.7,155,161.0,7.699999809265137,7.955601514598261,0.2556017053331239,0.2556017053331239,0.07971005288421207,12
phase39,Nepal 2015 M7.3,155,161.0,7.300000190734863,7.181100458150047,-0.11889973258481668,0.11889973258481668,0.004914861505739054,5
phase39,Samos 2020 M7.0,155,161.0,7.0,6.831901935754242,-0.16809806424575768,0.16809806424575768,0.0019493080372070537,3
phase39,Sand 2025 M7.3,155,161.0,7.300000190734863,7.281453608360189,-0.018546582374674436,0.018546582374674436,0.005675953904872522,45
phase39,Xizang 2025 M7.1,155,161.0,7.099999904632568,7.229487806184672,0.12948790155210332,0.12948790155210332,0.0011121920503125438,12
phase47,Iquique 2014 M7.7,155,161.0,7.699999809265137,7.512747995673349,-0.18725181359178755,0.18725181359178755,0.0019350897526253519,11
phase47,Kodiak 2018 M7.9,155,161.0,7.900000095367432,7.8540473372789315,-0.04595275808850019,0.04595275808850019,0.002927975022546825,64
phase47,Luding 2022 M6.6,155,161.0,6.599999904632568,7.631823858267503,1.0318239536349347,1.0318239536349347,0.001403202186804009,6
phase47,Mandalay 2025 M7.7,155,161.0,7.699999809265137,8.032715429265247,0.33271562000011023,0.33271562000011023,0.0022740129974696544,12
phase47,Nepal 2015 M7.3,155,161.0,7.300000190734863,7.08708928840954,-0.21291090232532284,0.21291090232532284,-1.2213787336179394e-05,5
phase47,Samos 2020 M7.0,155,161.0,7.0,6.757942277147887,-0.24205772285211324,0.24205772285211324,0.0014279319709471494,3
phase47,Sand 2025 M7.3,155,161.0,7.300000190734863,7.988623364997346,0.6886231742624824,0.6886231742624824,0.023299843982694135,45
phase47,Xizang 2025 M7.1,155,161.0,7.099999904632568,7.8726996189830984,0.7726997143505301,0.7726997143505301,0.001784881709003372,12
phase48,Iquique 2014 M7.7,155,161.0,7.699999809265137,7.53673922274895,-0.1632605865161869,0.1632605865161869,0.000569886736649039,11
phase48,Kodiak 2018 M7.9,155,161.0,7.900000095367432,7.874700271039396,-0.02529982432803557,0.02529982432803557,0.009020097813145611,64
phase48,Luding 2022 M6.6,155,161.0,6.599999904632568,7.067329826582257,0.4673299219496885,0.4673299219496885,0.0006622347757412328,6
phase48,Mandalay 2025 M7.7,155,161.0,7.699999809265137,8.141324418415802,0.44132460915066574,0.44132460915066574,0.0026888408516292372,12
phase48,Nepal 2015 M7.3,155,161.0,7.300000190734863,7.08186083070794,-0.2181393600269237,0.2181393600269237,-0.000880204262936779,5
phase48,Samos 2020 M7.0,155,161.0,7.0,6.822913911953891,-0.17708608804610915,0.17708608804610915,-0.0002805219266335257,3
phase48,Sand 2025 M7.3,155,161.0,7.300000190734863,8.148674086418948,0.8486738956840849,0.8486738956840849,-0.0007665913862311413,45
phase48,Xizang 2025 M7.1,155,161.0,7.099999904632568,7.414176938686682,0.31417703405411324,0.31417703405411324,0.03632987021326528,12
phase39,Iquique 2014 M7.7,156,162.0,7.699999809265137,7.647412473234223,-0.052587336030914145,0.052587336030914145,0.0002308732612732456,11
phase39,Kodiak 2018 M7.9,156,162.0,7.900000095367432,7.707497105524766,-0.19250298984266578,0.19250298984266578,0.0740596016614452,64
phase39,Luding 2022 M6.6,156,162.0,6.599999904632568,7.157520725321374,0.557520820688806,0.557520820688806,-0.020879368258305497,6
phase39,Mandalay 2025 M7.7,156,162.0,7.699999809265137,8.042794808429836,0.342794999164699,0.342794999164699,0.08719329383157515,12
phase39,Nepal 2015 M7.3,156,162.0,7.300000190734863,7.180831007246471,-0.1191691834883919,0.1191691834883919,-0.00026945090357521906,5
phase39,Samos 2020 M7.0,156,162.0,7.0,6.833988313009632,-0.16601168699036783,0.16601168699036783,0.0020863772553898485,3
phase39,Sand 2025 M7.3,156,162.0,7.300000190734863,7.285171016430395,-0.014829174304468395,0.014829174304468395,0.003717408070206041,45
phase39,Xizang 2025 M7.1,156,162.0,7.099999904632568,7.225797204907193,0.1257973002746242,0.1257973002746242,-0.003690601277479111,12
phase47,Iquique 2014 M7.7,156,162.0,7.699999809265137,7.515018671486154,-0.1849811377789825,0.1849811377789825,0.0022706758128050453,11
phase47,Kodiak 2018 M7.9,156,162.0,7.900000095367432,7.87125545941827,-0.028744635949161434,0.028744635949161434,0.017208122139338755,64
phase47,Luding 2022 M6.6,156,162.0,6.599999904632568,7.625785770068328,1.0257858654357594,1.0257858654357594,-0.006038088199175284,6
phase47,Mandalay 2025 M7.7,156,162.0,7.699999809265137,8.027999936895558,0.3280001276304212,0.3280001276304212,-0.004715492369689045,12
phase47,Nepal 2015 M7.3,156,162.0,7.300000190734863,7.087726442182435,-0.21227374855242864,0.21227374855242864,0.0006371537728941945,5
phase47,Samos 2020 M7.0,156,162.0,7.0,6.762401198109938,-0.2375988018900621,0.2375988018900621,0.004458920962051138,3
phase47,Sand 2025 M7.3,156,162.0,7.300000190734863,7.986487523876634,0.6864873331417707,0.6864873331417707,-0.0021358411207117456,45
phase47,Xizang 2025 M7.1,156,162.0,7.099999904632568,7.863157513726559,0.7631576090939909,0.7631576090939909,-0.009542105256539202,12
phase48,Iquique 2014 M7.7,156,162.0,7.699999809265137,7.536566860017836,-0.16343294924730056,0.16343294924730056,-0.00017236273111365108,11
phase48,Kodiak 2018 M7.9,156,162.0,7.900000095367432,7.873204860321351,-0.02679523504608028,0.02679523504608028,-0.0014954107180447096,64
phase48,Luding 2022 M6.6,156,162.0,6.599999904632568,7.068592250936334,0.46859234630376534,0.46859234630376534,0.0012624243540768632,6
phase48,Mandalay 2025 M7.7,156,162.0,7.699999809265137,8.145092276122266,0.44509246685712966,0.44509246685712966,0.0037678577064639285,12
phase48,Nepal 2015 M7.3,156,162.0,7.300000190734863,7.08149739261818,-0.21850279811668294,0.21850279811668294,-0.0003634380897592493,5
phase48,Samos 2020 M7.0,156,162.0,7.0,6.823009835197642,-0.1769901648023584,0.1769901648023584,9.592324375073957e-05,3
phase48,Sand 2025 M7.3,156,162.0,7.300000190734863,8.15671016823694,0.8567099775020761,0.8567099775020761,0.008036081817991203,45
phase48,Xizang 2025 M7.1,156,162.0,7.099999904632568,7.460242742677814,0.36024283804524604,0.36024283804524604,0.0460658039911328,12
phase39,Iquique 2014 M7.7,157,163.0,7.699999809265137,7.641596317918836,-0.05840349134630074,0.05840349134630074,-0.005816155315386595,11
phase39,Kodiak 2018 M7.9,157,163.0,7.900000095367432,7.691347613661321,-0.2086524817061104,0.2086524817061104,-0.01614949186344461,64
phase39,Luding 2022 M6.6,157,163.0,6.599999904632568,7.139677436510785,0.5396775318782163,0.5396775318782163,-0.01784328881058972,6
phase39,Mandalay 2025 M7.7,157,163.0,7.699999809265137,8.035857673480884,0.3358578642157468,0.3358578642157468,-0.006937134948952206,12
phase39,Nepal 2015 M7.3,157,163.0,7.300000190734863,7.173170483851198,-0.12682970688366524,0.12682970688366524,-0.007660523395273344,5
phase39,Samos 2020 M7.0,157,163.0,7.0,6.835006569938735,-0.16499343006126477,0.16499343006126477,0.0010182569291030674,3
phase39,Sand 2025 M7.3,157,163.0,7.300000190734863,7.282209013237011,-0.017791177497851862,0.017791177497851862,-0.0029620031933834667,45
phase39,Xizang 2025 M7.1,157,163.0,7.099999904632568,7.216176682280083,0.11617677764751466,0.11617677764751466,-0.009620522627109551,12
phase47,Iquique 2014 M7.7,157,163.0,7.699999809265137,7.516902998076433,-0.1830968111887037,0.1830968111887037,0.0018843265902788175,11
phase47,Kodiak 2018 M7.9,157,163.0,7.900000095367432,7.9027432982863495,0.002743202918917831,0.002743202918917831,0.031487838868079265,64
phase47,Luding 2022 M6.6,157,163.0,6.599999904632568,7.61467702848658,1.0146771238540113,1.0146771238540113,-0.011108741581748127,6
phase47,Mandalay 2025 M7.7,157,163.0,7.699999809265137,8.03068536253744,0.3306855532723034,0.3306855532723034,0.002685425641882233,12
phase47,Nepal 2015 M7.3,157,163.0,7.300000190734863,7.088877396578601,-0.21112279415626212,0.21112279415626212,0.0011509543961665258,5
phase47,Samos 2020 M7.0,157,163.0,7.0,6.770690023367569,-0.2293099766324307,0.2293099766324307,0.008288825257631416,3
phase47,Sand 2025 M7.3,157,163.0,7.300000190734863,7.982251725160742,0.6822515344258786,0.6822515344258786,-0.004235798715892081,45
phase47,Xizang 2025 M7.1,157,163.0,7.099999904632568,7.862157408181522,0.7621575035489538,0.7621575035489538,-0.0010001055450370444,12
phase48,Iquique 2014 M7.7,157,163.0,7.699999809265137,7.535671189620921,-0.1643286196442153,0.1643286196442153,-0.0008956703969147384,11
phase48,Kodiak 2018 M7.9,157,163.0,7.900000095367432,7.868044228832542,-0.03195586653489002,0.03195586653489002,-0.0051606314888097415,64
phase48,Luding 2022 M6.6,157,163.0,6.599999904632568,7.0696331183518435,0.46963321371927513,0.46963321371927513,0.0010408674155097941,6
phase48,Mandalay 2025 M7.7,157,163.0,7.699999809265137,8.141498916757854,0.44149910749271726,0.44149910749271726,-0.0035933593644124073,12
phase48,Nepal 2015 M7.3,157,163.0,7.300000190734863,7.080929559545354,-0.21907063118950898,0.21907063118950898,-0.0005678330728260406,5
phase48,Samos 2020 M7.0,157,163.0,7.0,6.82360839288415,-0.17639160711584978,0.17639160711584978,0.0005985576865086273,3
phase48,Sand 2025 M7.3,157,163.0,7.300000190734863,8.167296450214199,0.8672962594793354,0.8672962594793354,0.010586281977259304,45
phase48,Xizang 2025 M7.1,157,163.0,7.099999904632568,7.486277643471391,0.38627773883882277,0.38627773883882277,0.026034900793576732,12
phase39,Iquique 2014 M7.7,158,164.0,7.699999809265137,7.62854917093993,-0.07145063832520648,0.07145063832520648,-0.013047146978905744,11
phase39,Kodiak 2018 M7.9,158,164.0,7.900000095367432,7.713455723451368,-0.18654437191606377,0.18654437191606377,0.022108109790046626,64
phase39,Luding 2022 M6.6,158,164.0,6.599999904632568,7.120975394141838,0.5209754895092695,0.5209754895092695,-0.018702042368946792,6
phase39,Mandalay 2025 M7.7,158,164.0,7.699999809265137,8.00351216290537,0.3035123536402331,0.3035123536402331,-0.032345510575513714,12
phase39,Nepal 2015 M7.3,158,164.0,7.300000190734863,7.160882097311444,-0.13911809342341908,0.13911809342341908,-0.012288386539753837,5
phase39,Samos 2020 M7.0,158,164.0,7.0,6.834855299182241,-0.16514470081775912,0.16514470081775912,-0.0001512707564943483,3
phase39,Sand 2025 M7.3,158,164.0,7.300000190734863,7.285024286146358,-0.014975904588505173,0.014975904588505173,0.002815272909346689,45
phase39,Xizang 2025 M7.1,158,164.0,7.099999904632568,7.20917667492298,0.10917677029041162,0.10917677029041162,-0.007000007357103044,12
phase47,Iquique 2014 M7.7,158,164.0,7.699999809265137,7.518118925614439,-0.181880883650698,0.181880883650698,0.001215927538005701,11
phase47,Kodiak 2018 M7.9,158,164.0,7.900000095367432,7.904001858598066,0.004001763230633948,0.004001763230633948,0.001258560311716117,64
phase47,Luding 2022 M6.6,158,164.0,6.599999904632568,7.599399048938274,0.9993991443057055,0.9993991443057055,-0.015277979548305787,6
phase47,Mandalay 2025 M7.7,158,164.0,7.699999809265137,8.04279425224098,0.34279444297584405,0.34279444297584405,0.012108889703540626,12
phase47,Nepal 2015 M7.3,158,164.0,7.300000190734863,7.0902413673770095,-0.20975882335785379,0.20975882335785379,0.0013639707984083316,5
phase47,Samos 2020 M7.0,158,164.0,7.0,6.781327245917691,-0.21867275408230924,0.21867275408230924,0.01063722255012145,3
phase47,Sand 2025 M7.3,158,164.0,7.300000190734863,7.978137599173227,0.6781374084383636,0.6781374084383636,-0.004114125987515038,45
phase47,Xizang 2025 M7.1,158,164.0,7.099999904632568,7.846716382672016,0.7467164780394473,0.7467164780394473,-0.015441025509506545,12
phase48,Iquique 2014 M7.7,158,164.0,7.699999809265137,7.536189260662464,-0.1638105486026724,0.1638105486026724,0.0005180710415428891,11
phase48,Kodiak 2018 M7.9,158,164.0,7.900000095367432,7.861381490924929,-0.03861860444250276,0.03861860444250276,-0.006662737907612737,64
phase48,Luding 2022 M6.6,158,164.0,6.599999904632568,7.069888863791772,0.4698889591592037,0.4698889591592037,0.00025574543992856746,6
phase48,Mandalay 2025 M7.7,158,164.0,7.699999809265137,8.131090394912594,0.43109058564745695,0.43109058564745695,-0.01040852184526031,12
phase48,Nepal 2015 M7.3,158,164.0,7.300000190734863,7.080503391485802,-0.21949679924906107,0.21949679924906107,-0.00042616805955209003,5
phase48,Samos 2020 M7.0,158,164.0,7.0,6.824465515084665,-0.1755344849153353,0.1755344849153353,0.0008571222005144818,3
phase48,Sand 2025 M7.3,158,164.0,7.300000190734863,8.17184922223368,0.871849031498817,0.871849031498817,0.004552772019481566,45
phase48,Xizang 2025 M7.1,158,164.0,7.099999904632568,7.48408376011993,0.38408385548736135,0.38408385548736135,-0.002193883351461423,12
phase39,Iquique 2014 M7.7,159,165.0,7.699999809265137,7.612041809005891,-0.0879580002592455,0.0879580002592455,-0.01650736193403901,11
phase39,Kodiak 2018 M7.9,159,165.0,7.900000095367432,7.690801989021318,-0.2091981063461139,0.2091981063461139,-0.022653734430050143,64
phase39,Luding 2022 M6.6,159,165.0,6.599999904632568,7.109271987093772,0.5092720824612034,0.5092720824612034,-0.011703407048066161,6
phase39,Mandalay 2025 M7.7,159,165.0,7.699999809265137,7.962085879825432,0.2620860705602954,0.2620860705602954,-0.041426283079937676,12
phase39,Nepal 2015 M7.3,159,165.0,7.300000190734863,7.151373815565841,-0.14862637516902222,0.14862637516902222,-0.009508281745603142,5
phase39,Samos 2020 M7.0,159,165.0,7.0,6.832411135858035,-0.1675888641419654,0.1675888641419654,-0.002444163324206272,3
phase39,Sand 2025 M7.3,159,165.0,7.300000190734863,7.2779756103104996,-0.022024580424363727,0.022024580424363727,-0.007048675835858553,45
phase39,Xizang 2025 M7.1,159,165.0,7.099999904632568,7.196380307346901,0.0963804027143329,0.0963804027143329,-0.012796367576078715,12
phase47,Iquique 2014 M7.7,159,165.0,7.699999809265137,7.518683414094934,-0.18131639517020304,0.18131639517020304,0.0005644884804949513,11
phase47,Kodiak 2018 M7.9,159,165.0,7.900000095367432,7.895867467104815,-0.0041326282626164,0.0041326282626164,-0.008134391493250348,64
phase47,Luding 2022 M6.6,159,165.0,6.599999904632568,7.5818273542558225,0.9818274496232542,0.9818274496232542,-0.017571694682451344,6
phase47,Mandalay 2025 M7.7,159,165.0,7.699999809265137,8.051087177953953,0.35108736868881607,0.35108736868881607,0.008292925712972021,12
phase47,Nepal 2015 M7.3,159,165.0,7.300000190734863,7.090813649794809,-0.2091865409400544,0.2091865409400544,0.0005722824177993857,5
phase47,Samos 2020 M7.0,159,165.0,7.0,6.788107634895933,-0.21189236510406673,0.21189236510406673,0.006780388978242513,3
phase47,Sand 2025 M7.3,159,165.0,7.300000190734863,7.972611993471748,0.6726118027368848,0.6726118027368848,-0.005525605701478753,45
phase47,Xizang 2025 M7.1,159,165.0,7.099999904632568,7.82347621929719,0.7234763146646213,0.7234763146646213,-0.02324016337482604,12
phase48,Iquique 2014 M7.7,159,165.0,7.699999809265137,7.536650849219496,-0.16334896004564037,0.16334896004564037,0.0004615885570320444,11
phase48,Kodiak 2018 M7.9,159,165.0,7.900000095367432,7.868979142021619,-0.031020953345812785,0.031020953345812785,0.007597651096689972,64
phase48,Luding 2022 M6.6,159,165.0,6.599999904632568,7.068721454987736,0.46872155035516805,0.46872155035516805,-0.0011674088040356523,6
phase48,Mandalay 2025 M7.7,159,165.0,7.699999809265137,8.11647164616246,0.4164718368973226,0.4164718368973226,-0.014618748750134358,12
phase48,Nepal 2015 M7.3,159,165.0,7.300000190734863,7.080071380170676,-0.21992881056418767,0.21992881056418767,-0.0004320113151266014,5
phase48,Samos 2020 M7.0,159,165.0,7.0,6.82515912651843,-0.1748408734815703,0.1748408734815703,0.0006936114337650068,3
phase48,Sand 2025 M7.3,159,165.0,7.300000190734863,8.168392179819703,0.8683919890848397,0.8683919890848397,-0.0034570424139772626,45
phase48,Xizang 2025 M7.1,159,165.0,7.099999904632568,7.466241591738645,0.3662416871060765,0.3662416871060765,-0.01784216838128483,12
phase39,Iquique 2014 M7.7,160,166.0,7.699999809265137,7.597761087947628,-0.10223872131750866,0.10223872131750866,-0.014280721058263168,11
phase39,Kodiak 2018 M7.9,160,166.0,7.900000095367432,7.6666687512484915,-0.2333313441189402,0.2333313441189402,-0.024133237772826277,64
phase39,Luding 2022 M6.6,160,166.0,6.599999904632568,7.108180800456904,0.5081808958243359,0.5081808958243359,-0.0010911866368674694,6
phase39,Mandalay 2025 M7.7,160,166.0,7.699999809265137,7.917305202167006,0.2173053929018689,0.2173053929018689,-0.044780677658426526,12
phase39,Nepal 2015 M7.3,160,166.0,7.300000190734863,7.135268370062631,-0.16473182067223213,0.16473182067223213,-0.016105445503209914,5
phase39,Samos 2020 M7.0,160,166.0,7.0,6.829562741246563,-0.17043725875343707,0.17043725875343707,-0.002848394611471683,3
phase39,Sand 2025 M7.3,160,166.0,7.300000190734863,7.2643144654689955,-0.035685725265867774,0.035685725265867774,-0.013661144841504047,45
phase39,Xizang 2025 M7.1,160,166.0,7.099999904632568,7.1837247261709125,0.08372482153834415,0.08372482153834415,-0.01265558117598875,12
phase47,Iquique 2014 M7.7,160,166.0,7.699999809265137,7.517458498592472,-0.182541310672665,0.182541310672665,-0.001224915502461954,11
phase47,Kodiak 2018 M7.9,160,166.0,7.900000095367432,7.88810852884807,-0.011891566519361518,0.011891566519361518,-0.007758938256745118,64
phase47,Luding 2022 M6.6,160,166.0,6.599999904632568,7.562871987411339,0.9628720827787705,0.9628720827787705,-0.018955366844483734,6
phase47,Mandalay 2025 M7.7,160,166.0,7.699999809265137,8.05202095696032,0.3520211476951829,0.3520211476951829,0.0009337790063668194,12
phase47,Nepal 2015 M7.3,160,166.0,7.300000190734863,7.090813687537826,-0.2091865031970377,0.2091865031970377,3.7743016711999644e-08,5
phase47,Samos 2020 M7.0,160,166.0,7.0,6.785630304844579,-0.21436969515542081,0.21436969515542081,-0.0024773300513540875,3
phase47,Sand 2025 M7.3,160,166.0,7.300000190734863,7.937067935190488,0.6370677444556243,0.6370677444556243,-0.035544058281260504,45
phase47,Xizang 2025 M7.1,160,166.0,7.099999904632568,7.812766682849433,0.7127667782168645,0.7127667782168645,-0.01070953644775674,12
phase48,Iquique 2014 M7.7,160,166.0,7.699999809265137,7.537142326739213,-0.1628574825259239,0.1628574825259239,0.0004914775197164545,11
phase48,Kodiak 2018 M7.9,160,166.0,7.900000095367432,7.869250319092098,-0.03074977627533393,0.03074977627533393,0.0002711770704788563,64
phase48,Luding 2022 M6.6,160,166.0,6.599999904632568,7.066469455478142,0.4664695508455736,0.4664695508455736,-0.0022519995095944267,6
phase48,Mandalay 2025 M7.7,160,166.0,7.699999809265137,8.110987992940748,0.4109881836756113,0.4109881836756113,-0.005483653221711293,12
phase48,Nepal 2015 M7.3,160,166.0,7.300000190734863,7.079605332966427,-0.22039485776843648,0.22039485776843648,-0.0004660472042488095,5
phase48,Samos 2020 M7.0,160,166.0,7.0,6.825365769146978,-0.1746342308530222,0.1746342308530222,0.00020664262854808157,3
phase48,Sand 2025 M7.3,160,166.0,7.300000190734863,8.15903728743718,0.8590370967023162,0.8590370967023162,-0.009354892382523516,45
phase48,Xizang 2025 M7.1,160,166.0,7.099999904632568,7.44523345971528,0.3452335550827117,0.3452335550827117,-0.021008132023364823,12
phase39,Iquique 2014 M7.7,161,167.0,7.699999809265137,7.589001469063458,-0.11099834020167876,0.11099834020167876,-0.008759618884170095,11
phase39,Kodiak 2018 M7.9,161,167.0,7.900000095367432,7.6690439466038764,-0.2309561487635552,0.2309561487635552,0.002375195355384996,64
phase39,Luding 2022 M6.6,161,167.0,6.599999904632568,7.114321055884986,0.5143211512524175,0.5143211512524175,0.006140255428081609,6
phase39,Mandalay 2025 M7.7,161,167.0,7.699999809265137,7.885328613454938,0.18532880418980113,0.18532880418980113,-0.031976588712067766,12
phase39,Nepal 2015 M7.3,161,167.0,7.300000190734863,7.12772720698268,-0.17227298375218325,0.17227298375218325,-0.007541163079951119,5
phase39,Samos 2020 M7.0,161,167.0,7.0,6.8274431483008,-0.1725568516992002,0.1725568516992002,-0.002119592945763138,3
phase39,Sand 2025 M7.3,161,167.0,7.300000190734863,7.25424834747292,-0.04575184326194304,0.04575184326194304,-0.010066117996075263,45
phase39,Xizang 2025 M7.1,161,167.0,7.099999904632568,7.183427044049279,0.08342713941671054,0.08342713941671054,-0.0002976821216336134,12
phase47,Iquique 2014 M7.7,161,167.0,7.699999809265137,7.504093295630242,-0.19590651363489453,0.19590651363489453,-0.013365202962229539,11
phase47,Kodiak 2018 M7.9,161,167.0,7.900000095367432,7.871815984681111,-0.028184110686320984,0.028184110686320984,-0.016292544166959466,64
phase47,Luding 2022 M6.6,161,167.0,6.599999904632568,7.54080746255248,0.9408075579199116,0.9408075579199116,-0.022064524858858903,6
phase47,Mandalay 2025 M7.7,161,167.0,7.699999809265137,8.04757935117675,0.3475795419116139,0.3475795419116139,-0.004441605783569003,12
phase47,Nepal 2015 M7.3,161,167.0,7.300000190734863,7.090934952625454,-0.20906523810940936,0.20906523810940936,0.00012126508762833055,5
phase47,Samos 2020 M7.0,161,167.0,7.0,6.7781408004714585,-0.2218591995285415,0.2218591995285415,-0.007489504373120681,3
phase47,Sand 2025 M7.3,161,167.0,7.300000190734863,7.932188477941228,0.6321882872063647,0.6321882872063647,-0.004879457249259644,45
phase47,Xizang 2025 M7.1,161,167.0,7.099999904632568,7.802853507348453,0.7028536027158845,0.7028536027158845,-0.009913175500980032,12
phase48,Iquique 2014 M7.7,161,167.0,7.699999809265137,7.537391919598208,-0.16260788966692896,0.16260788966692896,0.00024959285899495143,11
phase48,Kodiak 2018 M7.9,161,167.0,7.900000095367432,7.8651074329771795,-0.03489266239025213,0.03489266239025213,-0.004142886114918198,64
phase48,Luding 2022 M6.6,161,167.0,6.599999904632568,7.063966657138455,0.46396675250588704,0.46396675250588704,-0.002502798339686585,6
phase48,Mandalay 2025 M7.7,161,167.0,7.699999809265137,8.10898009561887,0.4089802863537333,0.4089802863537333,-0.002007897321878005,12
phase48,Nepal 2015 M7.3,161,167.0,7.300000190734863,7.079041972702523,-0.22095821803234017,0.22095821803234017,-0.0005633602639036894,5
phase48,Samos 2020 M7.0,161,167.0,7.0,6.825324768599246,-0.17467523140075425,0.17467523140075425,-4.100054773203965e-05,3
phase48,Sand 2025 M7.3,161,167.0,7.300000190734863,8.144849351309878,0.8448491605750146,0.8448491605750146,-0.014187936127301626,45
phase48,Xizang 2025 M7.1,161,167.0,7.099999904632568,7.420439229135148,0.32043932450257984,0.32043932450257984,-0.02479423058013186,12
phase39,Iquique 2014 M7.7,162,168.0,7.699999809265137,7.585643949513493,-0.11435585975164386,0.11435585975164386,-0.0033575195499651045,11
phase39,Kodiak 2018 M7.9,162,168.0,7.900000095367432,7.672273435029828,-0.2277266603376038,0.2277266603376038,0.003229488425951388,64
phase39,Luding 2022 M6.6,162,168.0,6.599999904632568,7.122277576407212,0.5222776717746438,0.5222776717746438,0.007956520522226285,6
phase39,Mandalay 2025 M7.7,162,168.0,7.699999809265137,7.873017115393198,0.17301730612806132,0.17301730612806132,-0.012311498061739812,12
phase39,Nepal 2015 M7.3,162,168.0,7.300000190734863,7.129059062571202,-0.17094112816366103,0.17094112816366103,0.0013318555885222239,5
phase39,Samos 2020 M7.0,162,168.0,7.0,6.826178560229153,-0.17382143977084663,0.17382143977084663,-0.001264588071646422,3
phase39,Sand 2025 M7.3,162,168.0,7.300000190734863,7.253549238847047,-0.04645095188781667,0.04645095188781667,-0.0006991086258736345,45
phase39,Xizang 2025 M7.1,162,168.0,7.099999904632568,7.189348173504311,0.08934826887174285,0.08934826887174285,0.005921129455032315,12
phase47,Iquique 2014 M7.7,162,168.0,7.699999809265137,7.493715769598212,-0.206284039666925,0.206284039666925,-0.01037752603203046,11
phase47,Kodiak 2018 M7.9,162,168.0,7.900000095367432,7.877993249846318,-0.02200684552111376,0.02200684552111376,0.006177265165207224,64
phase47,Luding 2022 M6.6,162,168.0,6.599999904632568,7.515089920961575,0.9150900163290068,0.9150900163290068,-0.02571754159090478,6
phase47,Mandalay 2025 M7.7,162,168.0,7.699999809265137,8.03023975604794,0.3302399467828039,0.3302399467828039,-0.017339595128810004,12
phase47,Nepal 2015 M7.3,162,168.0,7.300000190734863,7.090931640751891,-0.2090685499829723,0.2090685499829723,-3.3118735629500407e-06,5
phase47,Samos 2020 M7.0,162,168.0,7.0,6.770454876282742,-0.22954512371725766,0.22954512371725766,-0.0076859241887161645,3
phase47,Sand 2025 M7.3,162,168.0,7.300000190734863,7.924720046409885,0.6247198556750213,0.6247198556750213,-0.007468431531343356,45
phase47,Xizang 2025 M7.1,162,168.0,7.099999904632568,7.791235631450748,0.6912357268181797,0.6912357268181797,-0.011617875897704799,12
phase48,Iquique 2014 M7.7,162,168.0,7.699999809265137,7.537728713244278,-0.16227109602085843,0.16227109602085843,0.0003367936460705323,11
phase48,Kodiak 2018 M7.9,162,168.0,7.900000095367432,7.8681657157736975,-0.03183437959373414,0.03183437959373414,0.003058282796517986,64
phase48,Luding 2022 M6.6,162,168.0,6.599999904632568,7.062148773935357,0.46214886930278887,0.46214886930278887,-0.0018178832030981695,6
phase48,Mandalay 2025 M7.7,162,168.0,7.699999809265137,8.107604930473874,0.4076051212087375,0.4076051212087375,-0.0013751651449958047,12
phase48,Nepal 2015 M7.3,162,168.0,7.300000190734863,7.078968019744054,-0.22103217099080918,0.22103217099080918,-7.395295846901462e-05,5
phase48,Samos 2020 M7.0,162,168.0,7.0,6.826242583176775,-0.17375741682322499,0.17375741682322499,0.0009178145775292634,3
phase48,Sand 2025 M7.3,162,168.0,7.300000190734863,8.13235230797866,0.8323521172437971,0.8323521172437971,-0.012497043331217483,45
phase48,Xizang 2025 M7.1,162,168.0,7.099999904632568,7.394979023658578,0.29497911902601004,0.29497911902601004,-0.025460205476569797,12
phase39,Iquique 2014 M7.7,163,169.0,7.699999809265137,7.5845659375822985,-0.11543387168283825,0.11543387168283825,-0.0010780119311943892,11
phase39,Kodiak 2018 M7.9,163,169.0,7.900000095367432,7.66790685193696,-0.23209324343047122,0.23209324343047122,-0.004366583092867415,64
phase39,Luding 2022 M6.6,163,169.0,6.599999904632568,7.129528430510588,0.5295285258780194,0.5295285258780194,0.007250854103375559,6
phase39,Mandalay 2025 M7.7,163,169.0,7.699999809265137,7.904103424753228,0.20410361548809153,0.20410361548809153,0.031086309360030207,12
phase39,Nepal 2015 M7.3,163,169.0,7.300000190734863,7.133171055151568,-0.1668291355832956,0.1668291355832956,0.004111992580365431,5
phase39,Samos 2020 M7.0,163,169.0,7.0,6.823584205485042,-0.17641579451495826,0.17641579451495826,-0.0025943547441116266,3
phase39,Sand 2025 M7.3,163,169.0,7.300000190734863,7.25647710800566,-0.043523082729203466,0.043523082729203466,0.0029278691586132055,45
phase39,Xizang 2025 M7.1,163,169.0,7.099999904632568,7.19540338801465,0.09540348338208204,0.09540348338208204,0.006055214510339191,12
phase47,Iquique 2014 M7.7,163,169.0,7.699999809265137,7.485208014359459,-0.21479179490567812,0.21479179490567812,-0.008507755238753134,11
phase47,Kodiak 2018 M7.9,163,169.0,7.900000095367432,7.865768495818006,-0.03423159954942534,0.03423159954942534,-0.01222475402831158,64
phase47,Luding 2022 M6.6,163,169.0,6.599999904632568,7.492375996881987,0.8923760922494184,0.8923760922494184,-0.022713924079588388,6
phase47,Mandalay 2025 M7.7,163,169.0,7.699999809265137,8.008228779057319,0.3082289697921823,0.3082289697921823,-0.0220109769906216,12
phase47,Nepal 2015 M7.3,163,169.0,7.300000190734863,7.090675544600513,-0.2093246461343501,0.2093246461343501,-0.00025609615137778263,5
phase47,Samos 2020 M7.0,163,169.0,7.0,6.768599348423778,-0.23140065157622214,0.23140065157622214,-0.0018555278589644786,3
phase47,Sand 2025 M7.3,163,169.0,7.300000190734863,7.905883256763361,0.6058830660284977,0.6058830660284977,-0.018836789646523577,45
phase47,Xizang 2025 M7.1,163,169.0,7.099999904632568,7.771751726742533,0.6717518221099645,0.6717518221099645,-0.01948390470821515,12
phase48,Iquique 2014 M7.7,163,169.0,7.699999809265137,7.537758666739905,-0.16224114252523147,0.16224114252523147,2.9953495626955373e-05,11
phase48,Kodiak 2018 M7.9,163,169.0,7.900000095367432,7.85395564943623,-0.046044445931201494,0.046044445931201494,-0.014210066337467353,64
phase48,Luding 2022 M6.6,163,169.0,6.599999904632568,7.06089509247569,0.46089518784312133,0.46089518784312133,-0.0012536814596675327,6
phase48,Mandalay 2025 M7.7,163,169.0,7.699999809265137,8.105547373007077,0.40554756374194056,0.40554756374194056,-0.002057557466796922,12
phase48,Nepal 2015 M7.3,163,169.0,7.300000190734863,7.078845540985679,-0.22115464974918453,0.22115464974918453,-0.00012247875837534394,5
phase48,Samos 2020 M7.0,163,169.0,7.0,6.827477454584064,-0.17252254541593626,0.17252254541593626,0.001234871407288729,3
phase48,Sand 2025 M7.3,163,169.0,7.300000190734863,8.118133412510115,0.8181332217752519,0.8181332217752519,-0.014218895468545156,45
phase48,Xizang 2025 M7.1,163,169.0,7.099999904632568,7.371264369959356,0.2712644653267873,0.2712644653267873,-0.023714653699222765,12
phase39,Iquique 2014 M7.7,164,170.0,7.699999809265137,7.582992118374104,-0.11700769089103247,0.11700769089103247,-0.001573819208194216,11
phase39,Kodiak 2018 M7.9,164,170.0,7.900000095367432,7.66685598710313,-0.23314410826430176,0.23314410826430176,-0.0010508648338305449,64
phase39,Luding 2022 M6.6,164,170.0,6.599999904632568,7.1367196166512885,0.5367197120187202,0.5367197120187202,0.0071911861407008,6
phase39,Mandalay 2025 M7.7,164,170.0,7.699999809265137,8.01611860367246,0.3161187944073234,0.3161187944073234,0.11201517891923185,12
phase39,Nepal 2015 M7.3,164,170.0,7.300000190734863,7.136816968224101,-0.1631832225107619,0.1631832225107619,0.003645913072533702,5
phase39,Samos 2020 M7.0,164,170.0,7.0,6.819561854693277,-0.18043814530672275,0.18043814530672275,-0.004022350791764495,3
phase39,Sand 2025 M7.3,164,170.0,7.300000190734863,7.262196125482239,-0.03780406525262414,0.03780406525262414,0.0057190174765793245,45
phase39,Xizang 2025 M7.1,164,170.0,7.099999904632568,7.199421949677989,0.0994220450454204,0.0994220450454204,0.00401856166333836,12
phase47,Iquique 2014 M7.7,164,170.0,7.699999809265137,7.478604404000564,-0.22139540526457235,0.22139540526457235,-0.00660361035889423,11
phase47,Kodiak 2018 M7.9,164,170.0,7.900000095367432,7.860953019670576,-0.03904707569685595,0.03904707569685595,-0.0048154761474306085,64
phase47,Luding 2022 M6.6,164,170.0,6.599999904632568,7.475212560637008,0.8752126560044395,0.8752126560044395,-0.017163436244978847,6
phase47,Mandalay 2025 M7.7,164,170.0,7.699999809265137,7.991225506978494,0.29122569771335716,0.29122569771335716,-0.017003272078825127,12
phase47,Nepal 2015 M7.3,164,170.0,7.300000190734863,7.090535085389569,-0.20946510534529406,0.20946510534529406,-0.00014045921094396618,5
phase47,Samos 2020 M7.0,164,170.0,7.0,6.771097639792765,-0.2289023602072353,0.2289023602072353,0.002498291368986827,3
phase47,Sand 2025 M7.3,164,170.0,7.300000190734863,7.894687449205843,0.5946872584709801,0.5946872584709801,-0.01119580755751759,45
phase47,Xizang 2025 M7.1,164,170.0,7.099999904632568,7.742249231833583,0.6422493272010144,0.6422493272010144,-0.029502494908950183,12
phase48,Iquique 2014 M7.7,164,170.0,7.699999809265137,7.537365301461419,-0.1626345078037179,0.1626345078037179,-0.000393365278486435,11
phase48,Kodiak 2018 M7.9,164,170.0,7.900000095367432,7.8769931917216605,-0.023006903645771182,0.023006903645771182,0.023037542285430312,64
phase48,Luding 2022 M6.6,164,170.0,6.599999904632568,7.059919938371872,0.45992003373930324,0.45992003373930324,-0.0009751541038180989,6
phase48,Mandalay 2025 M7.7,164,170.0,7.699999809265137,8.102624898702565,0.4026250894374286,0.4026250894374286,-0.0029224743045119794,12
phase48,Nepal 2015 M7.3,164,170.0,7.300000190734863,7.078949343853571,-0.22105084688129217,0.22105084688129217,0.00010380286789235527,5
phase48,Samos 2020 M7.0,164,170.0,7.0,6.828781818227942,-0.1712181817720584,0.1712181817720584,0.0013043636438778705,3
phase48,Sand 2025 M7.3,164,170.0,7.300000190734863,8.096551015390073,0.7965508246552098,0.7965508246552098,-0.021582397120042174,45
phase48,Xizang 2025 M7.1,164,170.0,7.099999904632568,7.353692928464376,0.2536930238318078,0.2536930238318078,-0.017571441494979467,12
phase39,Iquique 2014 M7.7,165,171.0,7.699999809265137,7.580218734371052,-0.1197810748940844,0.1197810748940844,-0.0027733840030519374,11
phase39,Kodiak 2018 M7.9,165,171.0,7.900000095367432,7.709792208441687,-0.19020788692574442,0.19020788692574442,0.042936221338557345,64
phase39,Luding 2022 M6.6,165,171.0,6.599999904632568,7.143635321203196,0.5436354165706279,0.5436354165706279,0.006915704551907709,6
phase39,Mandalay 2025 M7.7,165,171.0,7.699999809265137,8.081199337136534,0.3811995278713969,0.3811995278713969,0.0650807334640735,12
phase39,Nepal 2015 M7.3,165,171.0,7.300000190734863,7.1393471673107936,-0.16065302342406973,0.16065302342406973,0.002530199086692164,5
phase39,Samos 2020 M7.0,165,171.0,7.0,6.815436654655067,-0.1845633453449329,0.1845633453449329,-0.004125200038210153,3
phase39,Sand 2025 M7.3,165,171.0,7.300000190734863,7.274733995733002,-0.025266195001861114,0.025266195001861114,0.012537870250763028,45
phase39,Xizang 2025 M7.1,165,171.0,7.099999904632568,7.197119146867449,0.09711924223488033,0.09711924223488033,-0.002302802810540072,12
phase47,Iquique 2014 M7.7,165,171.0,7.699999809265137,7.47325218799342,-0.22674762127171633,0.22674762127171633,-0.005352216007143973,11
phase47,Kodiak 2018 M7.9,165,171.0,7.900000095367432,7.836873870530281,-0.06312622483715025,0.06312622483715025,-0.024079149140294298,64
phase47,Luding 2022 M6.6,165,171.0,6.599999904632568,7.461262603864865,0.8612626992322969,0.8612626992322969,-0.013949956772142613,6
phase47,Mandalay 2025 M7.7,165,171.0,7.699999809265137,7.978544582887193,0.2785447736220563,0.2785447736220563,-0.012680924091300838,12
phase47,Nepal 2015 M7.3,165,171.0,7.300000190734863,7.089998528233114,-0.21000166250174956,0.21000166250174956,-0.0005365571564555083,5
phase47,Samos 2020 M7.0,165,171.0,7.0,6.77641575497403,-0.22358424502596996,0.22358424502596996,0.005318115181265348,3
phase47,Sand 2025 M7.3,165,171.0,7.300000190734863,7.892560172324942,0.592559981590079,0.592559981590079,-0.0021272768809010856,45
phase47,Xizang 2025 M7.1,165,171.0,7.099999904632568,7.717291015937702,0.6172911113051338,0.6172911113051338,-0.024958215895880542,12
phase48,Iquique 2014 M7.7,165,171.0,7.699999809265137,7.536754623500498,-0.1632451857646391,0.1632451857646391,-0.0006106779609211799,11
phase48,Kodiak 2018 M7.9,165,171.0,7.900000095367432,7.88081910337459,-0.019180991992842067,0.019180991992842067,0.003825911652929115,64
phase48,Luding 2022 M6.6,165,171.0,6.599999904632568,7.058602270362372,0.45860236572980373,0.45860236572980373,-0.0013176680094995064,6
phase48,Mandalay 2025 M7.7,165,171.0,7.699999809265137,8.099755529986293,0.3997557207211564,0.3997557207211564,-0.0028693687162721915,12
phase48,Nepal 2015 M7.3,165,171.0,7.300000190734863,7.078690990935642,-0.22130919979922137,0.22130919979922137,-0.00025835291792919435,5
phase48,Samos 2020 M7.0,165,171.0,7.0,6.830155897807061,-0.16984410219293888,0.16984410219293888,0.0013740795791195026,3
phase48,Sand 2025 M7.3,165,171.0,7.300000190734863,8.067831494218131,0.767831303483268,0.767831303483268,-0.028719521171941764,45
phase48,Xizang 2025 M7.1,165,171.0,7.099999904632568,7.343103330648337,0.24310342601576895,0.24310342601576895,-0.010589597816038854,12
phase39,Iquique 2014 M7.7,166,172.0,7.699999809265137,7.5768866556242465,-0.12311315364089026,0.12311315364089026,-0.0033320787468058555,11
phase39,Kodiak 2018 M7.9,166,172.0,7.900000095367432,7.733639897501615,-0.16636019786581624,0.16636019786581624,0.02384768905992818,64
phase39,Luding 2022 M6.6,166,172.0,6.599999904632568,7.153153018843853,0.5531531142112849,0.5531531142112849,0.009517697640657019,6
phase39,Mandalay 2025 M7.7,166,172.0,7.699999809265137,8.131174888113677,0.4311750788485398,0.4311750788485398,0.0499755509771429,12
phase39,Nepal 2015 M7.3,166,172.0,7.300000190734863,7.141231444983635,-0.15876874575122812,0.15876874575122812,0.0018842776728416055,5
phase39,Samos 2020 M7.0,166,172.0,7.0,6.813583230643673,-0.18641676935632656,0.18641676935632656,-0.0018534240113936562,3
phase39,Sand 2025 M7.3,166,172.0,7.300000190734863,7.275845022402143,-0.024155168332720578,0.024155168332720578,0.0011110266691405357,45
phase39,Xizang 2025 M7.1,166,172.0,7.099999904632568,7.196216823827993,0.09621691919542474,0.09621691919542474,-0.0009023230394555881,12
phase47,Iquique 2014 M7.7,166,172.0,7.699999809265137,7.468221306673339,-0.23177850259179777,0.23177850259179777,-0.005030881320081448,11
phase47,Kodiak 2018 M7.9,166,172.0,7.900000095367432,7.822337483682251,-0.07766261168518085,0.07766261168518085,-0.014536386848030602,64
phase47,Luding 2022 M6.6,166,172.0,6.599999904632568,7.450040127539355,0.8500402229067863,0.8500402229067863,-0.011222476325510655,6
phase47,Mandalay 2025 M7.7,166,172.0,7.699999809265137,7.966642867080415,0.2666430578152781,0.2666430578152781,-0.011901715806778235,12
phase47,Nepal 2015 M7.3,166,172.0,7.300000190734863,7.089546736333653,-0.21045345440121022,0.21045345440121022,-0.0004517918994606518,5
phase47,Samos 2020 M7.0,166,172.0,7.0,6.782287208615366,-0.21771279138463395,0.21771279138463395,0.005871453641336011,3
phase47,Sand 2025 M7.3,166,172.0,7.300000190734863,7.8923966797249685,0.5923964889901052,0.5923964889901052,-0.0001634925999738357,45
phase47,Xizang 2025 M7.1,166,172.0,7.099999904632568,7.714360302041706,0.6143603974091381,0.6143603974091381,-0.0029307138959957513,12
phase48,Iquique 2014 M7.7,166,172.0,7.699999809265137,7.535924150581435,-0.16407565868370177,0.16407565868370177,-0.0008304729190626858,11
phase48,Kodiak 2018 M7.9,166,172.0,7.900000095367432,7.869819626272669,-0.030180469094762685,0.030180469094762685,-0.010999477101920618,64
phase48,Luding 2022 M6.6,166,172.0,6.599999904632568,7.056963241732537,0.4569633370999684,0.4569633370999684,-0.0016390286298353374,6
phase48,Mandalay 2025 M7.7,166,172.0,7.699999809265137,8.097908274214062,0.39790846494892484,0.39790846494892484,-0.0018472557722315486,12
phase48,Nepal 2015 M7.3,166,172.0,7.300000190734863,7.078252441109684,-0.2217477496251794,0.2217477496251794,-0.0004385498259580345,5
phase48,Samos 2020 M7.0,166,172.0,7.0,6.831911787928885,-0.16808821207111535,0.16808821207111535,0.0017558901218235334,3
phase48,Sand 2025 M7.3,166,172.0,7.300000190734863,8.047214323728323,0.7472141329934594,0.7472141329934594,-0.0206171704898086,45
phase48,Xizang 2025 M7.1,166,172.0,7.099999904632568,7.337508637661012,0.23750873302844333,0.23750873302844333,-0.005594692987325622,12
phase39,Iquique 2014 M7.7,167,173.0,7.699999809265137,7.574323174330031,-0.12567663493510572,0.12567663493510572,-0.002563481294215464,11
phase39,Kodiak 2018 M7.9,167,173.0,7.900000095367432,7.81044454017344,-0.08955555519399194,0.08955555519399194,0.0768046426718243,64
phase39,Luding 2022 M6.6,167,173.0,6.599999904632568,7.16391936230378,0.5639194576712114,0.5639194576712114,0.010766343459926553,6
phase39,Mandalay 2025 M7.7,167,173.0,7.699999809265137,8.174303200541255,0.4743033912761181,0.4743033912761181,0.04312831242757831,12
phase39,Nepal 2015 M7.3,167,173.0,7.300000190734863,7.145709933738581,-0.15429025699628252,0.15429025699628252,0.004478488754945609,5
phase39,Samos 2020 M7.0,167,173.0,7.0,6.814809229349295,-0.18519077065070544,0.18519077065070544,0.001225998705621123,3
phase39,Sand 2025 M7.3,167,173.0,7.300000190734863,7.278714488582386,-0.02128570215247727,0.02128570215247727,0.0028694661802433075,45
phase39,Xizang 2025 M7.1,167,173.0,7.099999904632568,7.201023514173145,0.10102360954057676,0.10102360954057676,0.00480669034515202,12
phase47,Iquique 2014 M7.7,167,173.0,7.699999809265137,7.46467375570391,-0.23532605356122716,0.23532605356122716,-0.0035475509694293805,11
phase47,Kodiak 2018 M7.9,167,173.0,7.900000095367432,7.832385967451821,-0.06761412791561039,0.06761412791561039,0.01004848376957046,64
phase47,Luding 2022 M6.6,167,173.0,6.599999904632568,7.441365621749156,0.841365717116588,0.841365717116588,-0.00867450579019824,6
phase47,Mandalay 2025 M7.7,167,173.0,7.699999809265137,7.98221421064233,0.28221440137719345,0.28221440137719345,0.015571343561915363,12
phase47,Nepal 2015 M7.3,167,173.0,7.300000190734863,7.089393284818784,-0.21060690591607933,0.21060690591607933,-0.00015345151486911845,5
phase47,Samos 2020 M7.0,167,173.0,7.0,6.78841896831451,-0.21158103168548958,0.21158103168548958,0.006131759699144368,3
phase47,Sand 2025 M7.3,167,173.0,7.300000190734863,7.891813507202711,0.5918133164678476,0.5918133164678476,-0.0005831725222575912,45
phase47,Xizang 2025 M7.1,167,173.0,7.099999904632568,7.7147904430947865,0.6147905384622181,0.6147905384622181,0.00043014105308003536,12
phase48,Iquique 2014 M7.7,167,173.0,7.699999809265137,7.535475617083666,-0.16452419218147085,0.16452419218147085,-0.0004485334977690769,11
phase48,Kodiak 2018 M7.9,167,173.0,7.900000095367432,7.870858424682816,-0.029141670684615484,0.029141670684615484,0.0010387984101472014,64
phase48,Luding 2022 M6.6,167,173.0,6.599999904632568,7.055835614525734,0.455835709893166,0.455835709893166,-0.001127627206802373,6
phase48,Mandalay 2025 M7.7,167,173.0,7.699999809265137,8.097230184608398,0.3972303753432609,0.3972303753432609,-0.0006780896056639563,12
phase48,Nepal 2015 M7.3,167,173.0,7.300000190734863,7.0779023433858805,-0.22209784734898275,0.22209784734898275,-0.00035009772380334425,5
phase48,Samos 2020 M7.0,167,173.0,7.0,6.834153896069858,-0.16584610393014199,0.16584610393014199,0.0022421081409733645,3
phase48,Sand 2025 M7.3,167,173.0,7.300000190734863,8.044311814575426,0.7443116238405629,0.7443116238405629,-0.002902509152896471,45
phase48,Xizang 2025 M7.1,167,173.0,7.099999904632568,7.33663716337624,0.2366372587436718,0.2366372587436718,-0.0008714742847715229,12
phase39,Iquique 2014 M7.7,168,174.0,7.699999809265137,7.572969083890824,-0.12703072537431304,0.12703072537431304,-0.0013540904392073116,11
phase39,Kodiak 2018 M7.9,168,174.0,7.900000095367432,7.882823098300141,-0.017176997067291033,0.017176997067291033,0.07237855812670091,64
phase39,Luding 2022 M6.6,168,174.0,6.599999904632568,7.169764770851445,0.5697648662188763,0.5697648662188763,0.00584540854766491,6
phase39,Mandalay 2025 M7.7,168,174.0,7.699999809265137,8.195279838756417,0.4952800294912798,0.4952800294912798,0.020976638215161714,12
phase39,Nepal 2015 M7.3,168,174.0,7.300000190734863,7.149279670096723,-0.15072052063814034,0.15072052063814034,0.0035697363581421726,5
phase39,Samos 2020 M7.0,168,174.0,7.0,6.817174980603943,-0.18282501939605744,0.18282501939605744,0.0023657512546479964,3
phase39,Sand 2025 M7.3,168,174.0,7.300000190734863,7.276531012505743,-0.02346917822911987,0.02346917822911987,-0.0021834760766425987,45
phase39,Xizang 2025 M7.1,168,174.0,7.099999904632568,7.216638389573074,0.11663848494050555,0.11663848494050555,0.015614875399928785,12
phase47,Iquique 2014 M7.7,168,174.0,7.699999809265137,7.4631606631832135,-0.23683914608192325,0.23683914608192325,-0.001513092520696091,11
phase47,Kodiak 2018 M7.9,168,174.0,7.900000095367432,7.848580771032006,-0.05141932433542529,0.05141932433542529,0.016194803580185102,64
phase47,Luding 2022 M6.6,168,174.0,6.599999904632568,7.43287827378429,0.8328783691517216,0.8328783691517216,-0.008487347964866387,6
phase47,Mandalay 2025 M7.7,168,174.0,7.699999809265137,7.9946472074051735,0.2946473981400368,0.2946473981400368,0.012432996762843374,12
phase47,Nepal 2015 M7.3,168,174.0,7.300000190734863,7.089334594897895,-0.21066559583696787,0.21066559583696787,-5.8689920888532754e-05,5
phase47,Samos 2020 M7.0,168,174.0,7.0,6.794446154646462,-0.20555384535353838,0.20555384535353838,0.0060271863319512065,3
phase47,Sand 2025 M7.3,168,174.0,7.300000190734863,7.889749276531806,0.5897490857969423,0.5897490857969423,-0.0020642306709053315,45
phase47,Xizang 2025 M7.1,168,174.0,7.099999904632568,7.718493196017129,0.6184932913845609,0.6184932913845609,0.003702752922342789,12
phase48,Iquique 2014 M7.7,168,174.0,7.699999809265137,7.5355983243819775,-0.1644014848831592,0.1644014848831592,0.00012270729831165283,11
phase48,Kodiak 2018 M7.9,168,174.0,7.900000095367432,7.868221470850469,-0.03177862451696267,0.03177862451696267,-0.0026369538323471886,64
phase48,Luding 2022 M6.6,168,174.0,6.599999904632568,7.055823456656032,0.4558235520234639,0.4558235520234639,-1.2157869702100754e-05,6
phase48,Mandalay 2025 M7.7,168,174.0,7.699999809265137,8.096752556424459,0.3967527471593222,0.3967527471593222,-0.0004776281839387053,12
phase48,Nepal 2015 M7.3,168,174.0,7.300000190734863,7.077608487820267,-0.22239170291459587,0.22239170291459587,-0.00029385556561312143,5
phase48,Samos 2020 M7.0,168,174.0,7.0,6.83653651793754,-0.1634634820624603,0.1634634820624603,0.002382621867681678,3
phase48,Sand 2025 M7.3,168,174.0,7.300000190734863,8.02803193055586,0.728031739820997,0.728031739820997,-0.016279884019565927,45
phase48,Xizang 2025 M7.1,168,174.0,7.099999904632568,7.340904820577248,0.24090491594467967,0.24090491594467967,0.004267657201007857,12
phase39,Iquique 2014 M7.7,169,175.0,7.699999809265137,7.573065178904525,-0.12693463036061203,0.12693463036061203,9.609501370100304e-05,11
phase39,Kodiak 2018 M7.9,169,175.0,7.900000095367432,7.927500980403886,0.027500885036454648,0.027500885036454648,0.04467788210374568,64
phase39,Luding 2022 M6.6,169,175.0,6.599999904632568,7.164694215709606,0.5646943110770373,0.5646943110770373,-0.005070555141839073,6
phase39,Mandalay 2025 M7.7,169,175.0,7.699999809265137,8.198183536222983,0.49818372695784596,0.49818372695784596,0.0029036974665661575,12
phase39,Nepal 2015 M7.3,169,175.0,7.300000190734863,7.147203268482944,-0.15279692225191965,0.15279692225191965,-0.0020764016137793107,5
phase39,Samos 2020 M7.0,169,175.0,7.0,6.819867730150237,-0.18013226984976338,0.18013226984976338,0.00269274954629406,3
phase39,Sand 2025 M7.3,169,175.0,7.300000190734863,7.273952096798014,-0.026048093936849703,0.026048093936849703,-0.002578915707729834,45
phase39,Xizang 2025 M7.1,169,175.0,7.099999904632568,7.2329900807540515,0.13299017612148312,0.13299017612148312,0.016351691180977568,12
phase47,Iquique 2014 M7.7,169,175.0,7.699999809265137,7.463568138903934,-0.2364316703612026,0.2364316703612026,0.0004074757207206403,11
phase47,Kodiak 2018 M7.9,169,175.0,7.900000095367432,7.870263158916587,-0.02973693645084463,0.02973693645084463,0.021682387884580656,64
phase47,Luding 2022 M6.6,169,175.0,6.599999904632568,7.423053533763264,0.8230536291306958,0.8230536291306958,-0.009824740021025846,6
phase47,Mandalay 2025 M7.7,169,175.0,7.699999809265137,7.9791018288184254,0.2791020195532887,0.2791020195532887,-0.015545378586748093,12
phase47,Nepal 2015 M7.3,169,175.0,7.300000190734863,7.089346796926926,-0.21065339380793713,0.21065339380793713,1.220202903073897e-05,5
phase47,Samos 2020 M7.0,169,175.0,7.0,6.799460386401351,-0.20053961359864925,0.20053961359864925,0.005014231754889131,3
phase47,Sand 2025 M7.3,169,175.0,7.300000190734863,7.884476464522816,0.5844762737879527,0.5844762737879527,-0.005272812008989547,45
phase47,Xizang 2025 M7.1,169,175.0,7.099999904632568,7.731712008353971,0.6317121037214024,0.6317121037214024,0.013218812336841523,12
phase48,Iquique 2014 M7.7,169,175.0,7.699999809265137,7.5358799116186255,-0.16411989764651125,0.16411989764651125,0.00028158723664795104,11
phase48,Kodiak 2018 M7.9,169,175.0,7.900000095367432,7.868404298763863,-0.03159579660356826,0.03159579660356826,0.00018282791339441218,64
phase48,Luding 2022 M6.6,169,175.0,6.599999904632568,7.056504972009741,0.4565050673771722,0.4565050673771722,0.0006815153537083063,6
phase48,Mandalay 2025 M7.7,169,175.0,7.699999809265137,8.096078244744795,0.3960784354796587,0.3960784354796587,-0.0006743116796634752,12
phase48,Nepal 2015 M7.3,169,175.0,7.300000190734863,7.077498143133388,-0.22250204760147518,0.22250204760147518,-0.00011034468687931565,5
phase48,Samos 2020 M7.0,169,175.0,7.0,6.838724448979165,-0.16127555102083502,0.16127555102083502,0.0021879310416252906,3
phase48,Sand 2025 M7.3,169,175.0,7.300000190734863,7.988139711997929,0.6881395212630661,0.6881395212630661,-0.0398922185579309,45
phase48,Xizang 2025 M7.1,169,175.0,7.099999904632568,7.347483632063409,0.2474837274308408,0.2474837274308408,0.006578811486161129,12
phase39,Iquique 2014 M7.7,170,176.0,7.699999809265137,7.572881805617177,-0.12711800364795955,0.12711800364795955,-0.00018337328734752134,11
phase39,Kodiak 2018 M7.9,170,176.0,7.900000095367432,7.946971729745583,0.046971634378150995,0.046971634378150995,0.019470749341696347,64
phase39,Luding 2022 M6.6,170,176.0,6.599999904632568,7.149786138447402,0.5497862338148334,0.5497862338148334,-0.01490807726220389,6
phase39,Mandalay 2025 M7.7,170,176.0,7.699999809265137,8.193012950470933,0.49301314120579676,0.49301314120579676,-0.005170585752049206,12
phase39,Nepal 2015 M7.3,170,176.0,7.300000190734863,7.1457255055593984,-0.15427468517546483,0.15427468517546483,-0.0014777629235451784,5
phase39,Samos 2020 M7.0,170,176.0,7.0,6.81990415096716,-0.18009584903284015,0.18009584903284015,3.6420816923232735e-05,3
phase39,Sand 2025 M7.3,170,176.0,7.300000190734863,7.274837848195423,-0.025162342539440274,0.025162342539440274,0.0008857513974094289,45
phase39,Xizang 2025 M7.1,170,176.0,7.099999904632568,7.24274640426787,0.14274649963530184,0.14274649963530184,0.009756323513818721,12
phase47,Iquique 2014 M7.7,170,176.0,7.699999809265137,7.464901339932492,-0.23509846933264456,0.23509846933264456,0.001333201028558051,11
phase47,Kodiak 2018 M7.9,170,176.0,7.900000095367432,7.8772178627921186,-0.02278223257531309,0.02278223257531309,0.006954703875531543,64
phase47,Luding 2022 M6.6,170,176.0,6.599999904632568,7.412333553604332,0.8123336489717641,0.8123336489717641,-0.010719980158931719,6
phase47,Mandalay 2025 M7.7,170,176.0,7.699999809265137,7.97167704755601,0.27167723829087365,0.27167723829087365,-0.007424781262415081,12
phase47,Nepal 2015 M7.3,170,176.0,7.300000190734863,7.08938220870645,-0.2106179820284133,0.2106179820284133,3.5411779523819575e-05,5
phase47,Samos 2020 M7.0,170,176.0,7.0,6.8025329363996345,-0.19746706360036548,0.19746706360036548,0.003072549998283769,3
phase47,Sand 2025 M7.3,170,176.0,7.300000190734863,7.9027025184437685,0.6027023277089052,0.6027023277089052,0.018226053920952445,45
phase47,Xizang 2025 M7.1,170,176.0,7.099999904632568,7.772728012455027,0.6727281078224587,0.6727281078224587,0.041016004101056325,12
phase48,Iquique 2014 M7.7,170,176.0,7.699999809265137,7.536047752704601,-0.1639520565605359,0.1639520565605359,0.00016784108597533987,11
phase48,Kodiak 2018 M7.9,170,176.0,7.900000095367432,7.869508704642815,-0.030491390724616707,0.030491390724616707,0.0011044058789515532,64
phase48,Luding 2022 M6.6,170,176.0,6.599999904632568,7.056741823152523,0.4567419185199544,0.4567419185199544,0.00023685114278215735,6
phase48,Mandalay 2025 M7.7,170,176.0,7.699999809265137,8.094630200078527,0.3946303908133899,0.3946303908133899,-0.0014480446662687996,12
phase48,Nepal 2015 M7.3,170,176.0,7.300000190734863,7.0773488953630785,-0.22265129537178474,0.22265129537178474,-0.00014924777030955738,5
phase48,Samos 2020 M7.0,170,176.0,7.0,6.840394202688047,-0.15960579731195335,0.15960579731195335,0.0016697537088816716,3
phase48,Sand 2025 M7.3,170,176.0,7.300000190734863,7.947373772523466,0.647373581788603,0.647373581788603,-0.04076593947446305,45
phase48,Xizang 2025 M7.1,170,176.0,7.099999904632568,7.350507589645418,0.2505076850128498,0.2505076850128498,0.003023957582009018,12
phase39,Iquique 2014 M7.7,171,177.0,7.699999809265137,7.570997540808777,-0.1290022684563601,0.1290022684563601,-0.0018842648084005376,11
phase39,Kodiak 2018 M7.9,171,177.0,7.900000095367432,7.938827379245426,0.03882728387799439,0.03882728387799439,-0.008144350500156605,64
phase39,Luding 2022 M6.6,171,177.0,6.599999904632568,7.1230088351204905,0.5230089304879222,0.5230089304879222,-0.026777303326911195,6
phase39,Mandalay 2025 M7.7,171,177.0,7.699999809265137,8.152264108229788,0.4522642989646517,0.4522642989646517,-0.040748842241145056,12
phase39,Nepal 2015 M7.3,171,177.0,7.300000190734863,7.144641983634193,-0.1553582071006705,0.1553582071006705,-0.001083521925205666,5
phase39,Samos 2020 M7.0,171,177.0,7.0,6.818302644842223,-0.18169735515777674,0.18169735515777674,-0.0016015061249365914,3
phase39,Sand 2025 M7.3,171,177.0,7.300000190734863,7.259080330124659,-0.04091986061020414,0.04091986061020414,-0.015757518070763865,45
phase39,Xizang 2025 M7.1,171,177.0,7.099999904632568,7.237885066399295,0.13788516176672694,0.13788516176672694,-0.0048613378685749,12
phase47,Iquique 2014 M7.7,171,177.0,7.699999809265137,7.46646404298709,-0.23353576627804706,0.23353576627804706,0.0015627030545974918,11
phase47,Kodiak 2018 M7.9,171,177.0,7.900000095367432,7.871153357140198,-0.028846738227233715,0.028846738227233715,-0.006064505651920626,64
phase47,Luding 2022 M6.6,171,177.0,6.599999904632568,7.4050992740877,0.8050993694551316,0.8050993694551316,-0.007234279516632469,6
phase47,Mandalay 2025 M7.7,171,177.0,7.699999809265137,7.967709226721984,0.26770941745684684,0.26770941745684684,-0.003967820834026803,12
phase47,Nepal 2015 M7.3,171,177.0,7.300000190734863,7.089149172536154,-0.2108510181987091,0.2108510181987091,-0.00023303617029579726,5
phase47,Samos 2020 M7.0,171,177.0,7.0,6.804815899755203,-0.1951841002447967,0.1951841002447967,0.002282963355568768,3
phase47,Sand 2025 M7.3,171,177.0,7.300000190734863,7.932446829001123,0.6324466382662601,0.6324466382662601,0.029744310557354936,45
phase47,Xizang 2025 M7.1,171,177.0,7.099999904632568,7.788290045912793,0.6882901412802243,0.6882901412802243,0.015562033457765523,12
phase48,Iquique 2014 M7.7,171,177.0,7.699999809265137,7.5359074706218685,-0.16409233864326822,0.16409233864326822,-0.00014028208273231257,11
phase48,Kodiak 2018 M7.9,171,177.0,7.900000095367432,7.8697058653277425,-0.03029423003968912,0.03029423003968912,0.00019716068492758865,64
phase48,Luding 2022 M6.6,171,177.0,6.599999904632568,7.056103469156913,0.4561035645243443,0.4561035645243443,-0.0006383539956100748,6
phase48,Mandalay 2025 M7.7,171,177.0,7.699999809265137,8.093098421688483,0.393098612423346,0.393098612423346,-0.0015317783900439252,12
phase48,Nepal 2015 M7.3,171,177.0,7.300000190734863,7.077261782443241,-0.2227384082916224,0.2227384082916224,-8.711291983765079e-05,5
phase48,Samos 2020 M7.0,171,177.0,7.0,6.841627989918058,-0.15837201008194235,0.15837201008194235,0.0012337872300109964,3
phase48,Sand 2025 M7.3,171,177.0,7.300000190734863,7.910059316640064,0.6100591259052006,0.6100591259052006,-0.03731445588340243,45
phase48,Xizang 2025 M7.1,171,177.0,7.099999904632568,7.348278928440202,0.24827902380763334,0.24827902380763334,-0.0022286612052164756,12
phase39,Iquique 2014 M7.7,172,178.0,7.699999809265137,7.565073151740261,-0.13492665752487554,0.13492665752487554,-0.0059243890685154454,11
phase39,Kodiak 2018 M7.9,172,178.0,7.900000095367432,7.926210481011492,0.02621038564406053,0.02621038564406053,-0.01261689823393386,64
phase39,Luding 2022 M6.6,172,178.0,6.599999904632568,7.08469862323263,0.484698718600062,0.484698718600062,-0.03831021188786021,6
phase39,Mandalay 2025 M7.7,172,178.0,7.699999809265137,8.049850154920673,0.3498503456555362,0.3498503456555362,-0.10241395330911551,12
phase39,Nepal 2015 M7.3,172,178.0,7.300000190734863,7.141371735438083,-0.15862845529678005,0.15862845529678005,-0.0032702481961095486,5
phase39,Samos 2020 M7.0,172,178.0,7.0,6.8156773361403715,-0.18432266385962848,0.18432266385962848,-0.0026253087018517363,3
phase39,Sand 2025 M7.3,172,178.0,7.300000190734863,7.243785624743006,-0.05621456599185759,0.05621456599185759,-0.01529470538165345,45
phase39,Xizang 2025 M7.1,172,178.0,7.099999904632568,7.219246579037767,0.11924667440519876,0.11924667440519876,-0.018638487361528178,12
phase47,Iquique 2014 M7.7,172,178.0,7.699999809265137,7.466984357201391,-0.23301545206374552,0.23301545206374552,0.0005203142143015427,11
phase47,Kodiak 2018 M7.9,172,178.0,7.900000095367432,7.87381177813897,-0.0261883172284616,0.0261883172284616,0.0026584209987721152,64
phase47,Luding 2022 M6.6,172,178.0,6.599999904632568,7.401898005631555,0.8018981009989865,0.8018981009989865,-0.003201268456145101,6
phase47,Mandalay 2025 M7.7,172,178.0,7.699999809265137,7.988378770704437,0.2883789614393004,0.2883789614393004,0.020669543982453575,12
phase47,Nepal 2015 M7.3,172,178.0,7.300000190734863,7.088659694340816,-0.2113404963940475,0.2113404963940475,-0.0004894781953383998,5
phase47,Samos 2020 M7.0,172,178.0,7.0,6.8077306972383775,-0.19226930276162246,0.19226930276162246,0.0029147974831742474,3
phase47,Sand 2025 M7.3,172,178.0,7.300000190734863,7.936229647771842,0.6362294570369791,0.6362294570369791,0.0037828187707189542,45
phase47,Xizang 2025 M7.1,172,178.0,7.099999904632568,7.78560286375817,0.6856029591256014,0.6856029591256014,-0.0026871821546228247,12
phase48,Iquique 2014 M7.7,172,178.0,7.699999809265137,7.534606465056528,-0.16539334420860907,0.16539334420860907,-0.0013010055653408514,11
phase48,Kodiak 2018 M7.9,172,178.0,7.900000095367432,7.869447469300841,-0.030552626066590705,0.030552626066590705,-0.00025839602690158614,64
phase48,Luding 2022 M6.6,172,178.0,6.599999904632568,7.0543302105740775,0.45433030594150914,0.45433030594150914,-0.0017732585828351688,6
phase48,Mandalay 2025 M7.7,172,178.0,7.699999809265137,8.091678558983782,0.39167874971864514,0.39167874971864514,-0.0014198627047008472,12
phase48,Nepal 2015 M7.3,172,178.0,7.300000190734863,7.07727165947929,-0.2227285312555729,0.2227285312555729,9.877036049488197e-06,5
phase48,Samos 2020 M7.0,172,178.0,7.0,6.842545654726036,-0.15745434527396363,0.15745434527396363,0.0009176648079787242,3
phase48,Sand 2025 M7.3,172,178.0,7.300000190734863,7.882025742288517,0.5820255515536541,0.5820255515536541,-0.02803357435154652,45
phase48,Xizang 2025 M7.1,172,178.0,7.099999904632568,7.343111001225584,0.24311109659301522,0.24311109659301522,-0.005167927214618118,12
phase39,Iquique 2014 M7.7,173,179.0,7.699999809265137,7.5569189423877,-0.14308086687743682,0.14308086687743682,-0.008154209352561281,11
phase39,Kodiak 2018 M7.9,173,179.0,7.900000095367432,7.919155729152917,0.019155633785485016,0.019155633785485016,-0.007054751858575514,64
phase39,Luding 2022 M6.6,173,179.0,6.599999904632568,7.039396703873948,0.4393967992413792,0.4393967992413792,-0.045301919358682774,6
phase39,Mandalay 2025 M7.7,173,179.0,7.699999809265137,7.9434423929387075,0.24344258367357074,0.24344258367357074,-0.10640776198196544,12
phase39,Nepal 2015 M7.3,173,179.0,7.300000190734863,7.138115711093018,-0.16188447964184505,0.16188447964184505,-0.0032560243450650006,5
phase39,Samos 2020 M7.0,173,179.0,7.0,6.812907310068395,-0.187092689931605,0.187092689931605,-0.002770026071976517,3
phase39,Sand 2025 M7.3,173,179.0,7.300000190734863,7.227182279811545,-0.07281791092331868,0.07281791092331868,-0.016603344931461095,45
phase39,Xizang 2025 M7.1,173,179.0,7.099999904632568,7.206972642476805,0.10697273784423622,0.10697273784423622,-0.01227393656096254,12
phase47,Iquique 2014 M7.7,173,179.0,7.699999809265137,7.466111727012073,-0.23388808225306335,0.23388808225306335,-0.0008726301893178245,11
phase47,Kodiak 2018 M7.9,173,179.0,7.900000095367432,7.867505224715303,-0.03249487065212886,0.03249487065212886,-0.0063065534236672605,64
phase47,Luding 2022 M6.6,173,179.0,6.599999904632568,7.399909927281581,0.799910022649013,0.799910022649013,-0.001988078349973499,6
phase47,Mandalay 2025 M7.7,173,179.0,7.699999809265137,7.990433660738938,0.29043385147380096,0.29043385147380096,0.002054890034500545,12
phase47,Nepal 2015 M7.3,173,179.0,7.300000190734863,7.087978417769026,-0.21202177296583713,0.21202177296583713,-0.0006812765717896241,5
phase47,Samos 2020 M7.0,173,179.0,7.0,6.810289589603496,-0.18971041039650416,0.18971041039650416,0.0025588923651183038,3
phase47,Sand 2025 M7.3,173,179.0,7.300000190734863,7.94566186727866,0.6456616765437966,0.6456616765437966,0.009432219506817496,45
phase47,Xizang 2025 M7.1,173,179.0,7.099999904632568,7.774945827595172,0.6749459229626034,0.6749459229626034,-0.010657036162998068,12
phase48,Iquique 2014 M7.7,173,179.0,7.699999809265137,7.531713836901923,-0.16828597236321396,0.16828597236321396,-0.0028926281546048926,11
phase48,Kodiak 2018 M7.9,173,179.0,7.900000095367432,7.873669289080184,-0.026330806287247377,0.026330806287247377,0.004221819779343328,64
phase48,Luding 2022 M6.6,173,179.0,6.599999904632568,7.051648008689577,0.45164810405700884,0.45164810405700884,-0.0026822018845003015,6
phase48,Mandalay 2025 M7.7,173,179.0,7.699999809265137,8.08523175508832,0.38523194582318254,0.38523194582318254,-0.006446803895462594,12
phase48,Nepal 2015 M7.3,173,179.0,7.300000190734863,7.077270787709315,-0.22272940302554822,0.22272940302554822,-8.717699753191255e-07,5
phase48,Samos 2020 M7.0,173,179.0,7.0,6.8432623402954444,-0.15673765970455555,0.15673765970455555,0.0007166855694080709,3
phase48,Sand 2025 M7.3,173,179.0,7.300000190734863,7.855762465684467,0.5557622749496041,0.5557622749496041,-0.026263276604050034,45
phase48,Xizang 2025 M7.1,173,179.0,7.099999904632568,7.338305505351837,0.23830560071926854,0.23830560071926854,-0.004805495873746679,12
phase39,Iquique 2014 M7.7,174,180.0,7.699999809265137,7.5518714974979115,-0.14812831176722518,0.14812831176722518,-0.005047444889788366,11
phase39,Kodiak 2018 M7.9,174,180.0,7.900000095367432,7.927899208637699,0.027899113270267506,0.027899113270267506,0.00874347948478249,64
phase39,Luding 2022 M6.6,174,180.0,6.599999904632568,7.01829143285711,0.4182915282245414,0.4182915282245414,-0.02110527101683779,6
phase39,Mandalay 2025 M7.7,174,180.0,7.699999809265137,7.886745082125683,0.18674527286054587,0.18674527286054587,-0.05669731081302487,12
phase39,Nepal 2015 M7.3,174,180.0,7.300000190734863,7.138691097215273,-0.16130909351959044,0.16130909351959044,0.0005753861222546064,5
phase39,Samos 2020 M7.0,174,180.0,7.0,6.810118550022907,-0.18988144997709266,0.18988144997709266,-0.0027887600454876704,3
phase39,Sand 2025 M7.3,174,180.0,7.300000190734863,7.236807735481521,-0.0631924552533425,0.0631924552533425,0.00962545566997619,45
phase39,Xizang 2025 M7.1,174,180.0,7.099999904632568,7.221974042806612,0.12197413817404357,0.12197413817404357,0.015001400329807346,12
phase47,Iquique 2014 M7.7,174,180.0,7.699999809265137,7.464336830493748,-0.23566297877138886,0.23566297877138886,-0.0017748965183255194,11
phase47,Kodiak 2018 M7.9,174,180.0,7.900000095367432,7.872842636313074,-0.027157459054357957,0.027157459054357957,0.0053374115977709025,64
phase47,Luding 2022 M6.6,174,180.0,6.599999904632568,7.398041320808318,0.7980414161757494,0.7980414161757494,-0.0018686064732635899,6
phase47,Mandalay 2025 M7.7,174,180.0,7.699999809265137,7.973315021506394,0.27331521224125765,0.27331521224125765,-0.01711863923254331,12
phase47,Nepal 2015 M7.3,174,180.0,7.300000190734863,7.087292479719523,-0.21270771101533992,0.21270771101533992,-0.0006859380495027878,5
phase47,Samos 2020 M7.0,174,180.0,7.0,6.809390827929826,-0.19060917207017436,0.19060917207017436,-0.0008987616736702009,3
phase47,Sand 2025 M7.3,174,180.0,7.300000190734863,7.945242097007343,0.6452419062724797,0.6452419062724797,-0.00041977027131689937,45
phase47,Xizang 2025 M7.1,174,180.0,7.099999904632568,7.763870792151377,0.6638708875188088,0.6638708875188088,-0.011075035443794512,12
phase48,Iquique 2014 M7.7,174,180.0,7.699999809265137,7.53108980171826,-0.16891000754687635,0.16891000754687635,-0.0006240351836623859,11
phase48,Kodiak 2018 M7.9,174,180.0,7.900000095367432,7.878399650706584,-0.021600444660847984,0.021600444660847984,0.004730361626399393,64
phase48,Luding 2022 M6.6,174,180.0,6.599999904632568,7.0488553652410015,0.4488554606084332,0.4488554606084332,-0.00279264344857566,6
phase48,Mandalay 2025 M7.7,174,180.0,7.699999809265137,8.072599389526752,0.37259958026161577,0.37259958026161577,-0.012632365561566772,12
phase48,Nepal 2015 M7.3,174,180.0,7.300000190734863,7.077262791630089,-0.22273739910477452,0.22273739910477452,-7.9960792263023e-06,5
phase48,Samos 2020 M7.0,174,180.0,7.0,6.843914173316554,-0.15608582668344617,0.15608582668344617,0.0006518330211093826,3
phase48,Sand 2025 M7.3,174,180.0,7.300000190734863,7.839085127064058,0.5390849363291945,0.5390849363291945,-0.016677338620409543,45
phase48,Xizang 2025 M7.1,174,180.0,7.099999904632568,7.334646933210174,0.2346470285776059,0.2346470285776059,-0.0036585721416626527,12
phase39,Iquique 2014 M7.7,175,181.0,7.699999809265137,7.552061470516628,-0.14793833874850915,0.14793833874850915,0.00018997301871603867,11
phase39,Kodiak 2018 M7.9,175,181.0,7.900000095367432,7.919160050897681,0.01915995553024974,0.01915995553024974,-0.008739157740017767,64
phase39,Luding 2022 M6.6,175,181.0,6.599999904632568,7.01484333661923,0.41484343198666185,0.41484343198666185,-0.003448096237879561,6
phase39,Mandalay 2025 M7.7,175,181.0,7.699999809265137,7.871527148418108,0.1715273391529717,0.1715273391529717,-0.015217933707574183,12
phase39,Nepal 2015 M7.3,175,181.0,7.300000190734863,7.14417369657749,-0.15582649415737304,0.15582649415737304,0.0054825993622174,5
phase39,Samos 2020 M7.0,175,181.0,7.0,6.8082089710230385,-0.19179102897696154,0.19179102897696154,-0.0019095789998688772,3
phase39,Sand 2025 M7.3,175,181.0,7.300000190734863,7.241734723134837,-0.05826546760002671,0.05826546760002671,0.004926987653315784,45
phase39,Xizang 2025 M7.1,175,181.0,7.099999904632568,7.24397900318035,0.14397909854778135,0.14397909854778135,0.02200496037373778,12
phase47,Iquique 2014 M7.7,175,181.0,7.699999809265137,7.462315789354381,-0.2376840199107555,0.2376840199107555,-0.0020210411393666305,11
phase47,Kodiak 2018 M7.9,175,181.0,7.900000095367432,7.891023260245905,-0.00897683512152625,0.00897683512152625,0.018180623932831708,64
phase47,Luding 2022 M6.6,175,181.0,6.599999904632568,7.395848310963321,0.7958484063307525,0.7958484063307525,-0.0021930098449969293,6
phase47,Mandalay 2025 M7.7,175,181.0,7.699999809265137,7.9574498205994715,0.25745001133433476,0.25745001133433476,-0.015865200906922894,12
phase47,Nepal 2015 M7.3,175,181.0,7.300000190734863,7.08686842237917,-0.21313176835569347,0.21313176835569347,-0.00042405734035355636,5
phase47,Samos 2020 M7.0,175,181.0,7.0,6.804882349023964,-0.1951176509760364,0.1951176509760364,-0.0045084789058620345,3
phase47,Sand 2025 M7.3,175,181.0,7.300000190734863,7.9360176315206,0.6360174407857366,0.6360174407857366,-0.00922446548674305,45
phase47,Xizang 2025 M7.1,175,181.0,7.099999904632568,7.751741073964528,0.6517411693319595,0.6517411693319595,-0.01212971818684938,12
phase48,Iquique 2014 M7.7,175,181.0,7.699999809265137,7.532956408091769,-0.1670434011733679,0.1670434011733679,0.0018666063735084393,11
phase48,Kodiak 2018 M7.9,175,181.0,7.900000095367432,7.880934476574621,-0.019065618792810213,0.019065618792810213,0.002534825868037771,64
phase48,Luding 2022 M6.6,175,181.0,6.599999904632568,7.046193638944143,0.4461937343115743,0.4461937343115743,-0.0026617262968589017,6
phase48,Mandalay 2025 M7.7,175,181.0,7.699999809265137,8.062288685351703,0.36228887608656635,0.36228887608656635,-0.010310704175049423,12
phase48,Nepal 2015 M7.3,175,181.0,7.300000190734863,7.077379898924253,-0.22262029181061038,0.22262029181061038,0.00011710729416414267,5
phase48,Samos 2020 M7.0,175,181.0,7.0,6.844779034735503,-0.1552209652644967,0.1552209652644967,0.0008648614189494808,3
phase48,Sand 2025 M7.3,175,181.0,7.300000190734863,7.8310423760155325,0.5310421852806693,0.5310421852806693,-0.008042751048525254,45
phase48,Xizang 2025 M7.1,175,181.0,7.099999904632568,7.329768478135593,0.2297685735030246,0.2297685735030246,-0.004878455074581289,12
phase39,Iquique 2014 M7.7,176,182.0,7.699999809265137,7.554749790046918,-0.1452500192182189,0.1452500192182189,0.0026883195302902507,11
phase39,Kodiak 2018 M7.9,176,182.0,7.900000095367432,7.940627099726386,0.04062700435895472,0.04062700435895472,0.021467048828704982,64
phase39,Luding 2022 M6.6,176,182.0,6.599999904632568,7.012105849338669,0.4121059447061004,0.4121059447061004,-0.002737487280561446,6
phase39,Mandalay 2025 M7.7,176,182.0,7.699999809265137,7.874048161524746,0.17404835225960902,0.17404835225960902,0.0025210131066373265,12
phase39,Nepal 2015 M7.3,176,182.0,7.300000190734863,7.152159057296078,-0.14784113343878502,0.14784113343878502,0.00798536071858802,5
phase39,Samos 2020 M7.0,176,182.0,7.0,6.806622873600501,-0.19337712639949878,0.19337712639949878,-0.001586097422537236,3
phase39,Sand 2025 M7.3,176,182.0,7.300000190734863,7.2571321082334075,-0.042868082501455795,0.042868082501455795,0.015397385098570915,45
phase39,Xizang 2025 M7.1,176,182.0,7.099999904632568,7.275345259767378,0.17534535513480964,0.17534535513480964,0.031366256587028296,12
phase47,Iquique 2014 M7.7,176,182.0,7.699999809265137,7.461022426326864,-0.23897738293827242,0.23897738293827242,-0.001293363027516925,11
phase47,Kodiak 2018 M7.9,176,182.0,7.900000095367432,7.8931791743639454,-0.006820921003486191,0.006820921003486191,0.0021559141180400587,64
phase47,Luding 2022 M6.6,176,182.0,6.599999904632568,7.385908638999016,0.7859087343664477,0.7859087343664477,-0.009939671964304786,6
phase47,Mandalay 2025 M7.7,176,182.0,7.699999809265137,7.956795410056352,0.25679560079121533,0.25679560079121533,-0.0006544105431194325,12
phase47,Nepal 2015 M7.3,176,182.0,7.300000190734863,7.086609933981034,-0.21339025675382928,0.21339025675382928,-0.00025848839813580327,5
phase47,Samos 2020 M7.0,176,182.0,7.0,6.798371423581444,-0.20162857641855592,0.20162857641855592,-0.006510925442519522,3
phase47,Sand 2025 M7.3,176,182.0,7.300000190734863,7.918492989351507,0.6184927986166437,0.6184927986166437,-0.017524642169092886,45
phase47,Xizang 2025 M7.1,176,182.0,7.099999904632568,7.737632506053309,0.6376326014207407,0.6376326014207407,-0.014108567911218728,12
phase48,Iquique 2014 M7.7,176,182.0,7.699999809265137,7.535425896784885,-0.1645739124802521,0.1645739124802521,0.0024694886931158067,11
phase48,Kodiak 2018 M7.9,176,182.0,7.900000095367432,7.883716548695958,-0.016283546671473914,0.016283546671473914,0.0027820721213362987,64
phase48,Luding 2022 M6.6,176,182.0,6.599999904632568,7.043541707944952,0.44354180331238346,0.44354180331238346,-0.00265193099919081,6
phase48,Mandalay 2025 M7.7,176,182.0,7.699999809265137,8.056380821144717,0.3563810118795807,0.3563810118795807,-0.005907864206985636,12
phase48,Nepal 2015 M7.3,176,182.0,7.300000190734863,7.077781869250222,-0.22221832148464138,0.22221832148464138,0.0004019703259690033,5
phase48,Samos 2020 M7.0,176,182.0,7.0,6.845804891016891,-0.15419510898310929,0.15419510898310929,0.001025856281387405,3
phase48,Sand 2025 M7.3,176,182.0,7.300000190734863,7.8264234639964805,0.5264232732616172,0.5264232732616172,-0.004618912019052068,45
phase48,Xizang 2025 M7.1,176,182.0,7.099999904632568,7.322744706664189,0.22274480203162028,0.22274480203162028,-0.0070237714714043165,12
phase39,Iquique 2014 M7.7,177,183.0,7.699999809265137,7.557431514968739,-0.14256829429639772,0.14256829429639772,0.0026817249218211714,11
phase39,Kodiak 2018 M7.9,177,183.0,7.900000095367432,7.947781249140405,0.04778115377297354,0.04778115377297354,0.007154149414018818,64
phase39,Luding 2022 M6.6,177,183.0,6.599999904632568,7.001692372735782,0.4016924681032137,0.4016924681032137,-0.010413476602886718,6
phase39,Mandalay 2025 M7.7,177,183.0,7.699999809265137,7.878822239084753,0.1788224298196166,0.1788224298196166,0.0047740775600075835,12
phase39,Nepal 2015 M7.3,177,183.0,7.300000190734863,7.160622585990579,-0.1393776047442845,0.1393776047442845,0.00846352869450051,5
phase39,Samos 2020 M7.0,177,183.0,7.0,6.804818099870756,-0.19518190012924386,0.19518190012924386,-0.0018047737297450794,3
phase39,Sand 2025 M7.3,177,183.0,7.300000190734863,7.267763661548458,-0.03223652918640507,0.03223652918640507,0.010631553315050724,45
phase39,Xizang 2025 M7.1,177,183.0,7.099999904632568,7.297518081055174,0.19751817642260594,0.19751817642260594,0.022172821287796296,12
phase47,Iquique 2014 M7.7,177,183.0,7.699999809265137,7.461085367029922,-0.23891444223521496,0.23891444223521496,6.294070305745691e-05,11
phase47,Kodiak 2018 M7.9,177,183.0,7.900000095367432,7.889467558442833,-0.010532536924598546,0.010532536924598546,-0.0037116159211123545,64
phase47,Luding 2022 M6.6,177,183.0,6.599999904632568,7.377997849497351,0.7779979448647829,0.7779979448647829,-0.007910789501664794,6
phase47,Mandalay 2025 M7.7,177,183.0,7.699999809265137,7.9637475262290724,0.26374771696393573,0.26374771696393573,0.006952116172720402,12
phase47,Nepal 2015 M7.3,177,183.0,7.300000190734863,7.0867028726084,-0.2132973181264637,0.2132973181264637,9.293862736559078e-05,5
phase47,Samos 2020 M7.0,177,183.0,7.0,6.791455239448281,-0.20854476055171922,0.20854476055171922,-0.006916184133163306,3
phase47,Sand 2025 M7.3,177,183.0,7.300000190734863,7.914771004582105,0.6147708138472421,0.6147708138472421,-0.003721984769401665,45
phase47,Xizang 2025 M7.1,177,183.0,7.099999904632568,7.726300134008287,0.6263002293757189,0.6263002293757189,-0.011332372045021799,12
phase48,Iquique 2014 M7.7,177,183.0,7.699999809265137,7.538087800476223,-0.16191200878891365,0.16191200878891365,0.002661903691338452,11
phase48,Kodiak 2018 M7.9,177,183.0,7.900000095367432,7.8798752737223055,-0.02012482164512619,0.02012482164512619,-0.0038412749736522755,64
phase48,Luding 2022 M6.6,177,183.0,6.599999904632568,7.041177676148065,0.44117777151549653,0.44117777151549653,-0.002364031796886934,6
phase48,Mandalay 2025 M7.7,177,183.0,7.699999809265137,8.056315145789993,0.35631533652485636,0.35631533652485636,-6.567535472434827e-05,12
phase48,Nepal 2015 M7.3,177,183.0,7.300000190734863,7.078437065251801,-0.2215631254830619,0.2215631254830619,0.0006551960015794833,5
phase48,Samos 2020 M7.0,177,183.0,7.0,6.846901774831549,-0.15309822516845095,0.15309822516845095,0.0010968838146583337,3
phase48,Sand 2025 M7.3,177,183.0,7.300000190734863,7.823861171941801,0.5238609812069379,0.5238609812069379,-0.0025622920546792827,45
phase48,Xizang 2025 M7.1,177,183.0,7.099999904632568,7.315398808294022,0.21539890366145364,0.21539890366145364,-0.007345898370166637,12
phase39,Iquique 2014 M7.7,178,184.0,7.699999809265137,7.558111694038059,-0.14188811522707745,0.14188811522707745,0.0006801790693202747,11
phase39,Kodiak 2018 M7.9,178,184.0,7.900000095367432,7.940402933403608,0.040402838036176725,0.040402838036176725,-0.007378315736796814,64
phase39,Luding 2022 M6.6,178,184.0,6.599999904632568,6.982773929275407,0.3827740246428384,0.3827740246428384,-0.0189184434603753,6
phase39,Mandalay 2025 M7.7,178,184.0,7.699999809265137,7.868273418969406,0.1682736097042694,0.1682736097042694,-0.01054882011534719,12
phase39,Nepal 2015 M7.3,178,184.0,7.300000190734863,7.167236146533758,-0.13276404420110488,0.13276404420110488,0.006613560543179631,5
phase39,Samos 2020 M7.0,178,184.0,7.0,6.8018416198898315,-0.1981583801101685,0.1981583801101685,-0.002976479980924651,3
phase39,Sand 2025 M7.3,178,184.0,7.300000190734863,7.273773056143652,-0.02622713459121151,0.02622713459121151,0.006009394595193562,45
phase39,Xizang 2025 M7.1,178,184.0,7.099999904632568,7.299411624049931,0.19941171941736258,0.19941171941736258,0.0018935429947566362,12
phase47,Iquique 2014 M7.7,178,184.0,7.699999809265137,7.462018689049104,-0.23798112021603313,0.23798112021603313,0.000933322019181837,11
phase47,Kodiak 2018 M7.9,178,184.0,7.900000095367432,7.89191512719707,-0.008084968170361861,0.008084968170361861,0.002447568754236684,64
phase47,Luding 2022 M6.6,178,184.0,6.599999904632568,7.373643480258897,0.7736435756263287,0.7736435756263287,-0.004354369238454225,6
phase47,Mandalay 2025 M7.7,178,184.0,7.699999809265137,7.971207079858827,0.2712072705936901,0.2712072705936901,0.007459553629754367,12
phase47,Nepal 2015 M7.3,178,184.0,7.300000190734863,7.0873818598886835,-0.21261833084617976,0.21261833084617976,0.000678987280283927,5
phase47,Samos 2020 M7.0,178,184.0,7.0,6.785561852008062,-0.21443814799193817,0.21443814799193817,-0.0058933874402189446,3
phase47,Sand 2025 M7.3,178,184.0,7.300000190734863,7.928765696431494,0.6287655056966308,0.6287655056966308,0.01399469184938873,45
phase47,Xizang 2025 M7.1,178,184.0,7.099999904632568,7.718076257461714,0.6180763528291457,0.6180763528291457,-0.008223876546573194,12
phase48,Iquique 2014 M7.7,178,184.0,7.699999809265137,7.54040393472587,-0.15959587453926716,0.15959587453926716,0.0023161342496464954,11
phase48,Kodiak 2018 M7.9,178,184.0,7.900000095367432,7.88812948470426,-0.011870610663171632,0.011870610663171632,0.008254210981954557,64
phase48,Luding 2022 M6.6,178,184.0,6.599999904632568,7.039507111190757,0.4395072065581882,0.4395072065581882,-0.0016705649573083292,6
phase48,Mandalay 2025 M7.7,178,184.0,7.699999809265137,8.062066099672062,0.3620662904069256,0.3620662904069256,0.005750953882069254,12
phase48,Nepal 2015 M7.3,178,184.0,7.300000190734863,7.079168006296379,-0.22083218443848462,0.22083218443848462,0.0007309410445772713,5
phase48,Samos 2020 M7.0,178,184.0,7.0,6.847824042657273,-0.1521759573427266,0.1521759573427266,0.0009222678257243544,3
phase48,Sand 2025 M7.3,178,184.0,7.300000190734863,7.825769730524076,0.5257695397892128,0.5257695397892128,0.0019085585822748996,45
phase48,Xizang 2025 M7.1,178,184.0,7.099999904632568,7.31125158562453,0.21125168099196134,0.21125168099196134,-0.004147222669492301,12
phase39,Iquique 2014 M7.7,179,185.0,7.699999809265137,7.553750236556135,-0.14624957270900207,0.14624957270900207,-0.004361457481924624,11
phase39,Kodiak 2018 M7.9,179,185.0,7.900000095367432,7.939791054353077,0.03979095898564555,0.03979095898564555,-0.0006118790505311722,64
phase39,Luding 2022 M6.6,179,185.0,6.599999904632568,6.951989110305824,0.35198920567325587,0.35198920567325587,-0.030784818969582517,6
phase39,Mandalay 2025 M7.7,179,185.0,7.699999809265137,7.840480563914085,0.14048075464894794,0.14048075464894794,-0.027792855055321475,12
phase39,Nepal 2015 M7.3,179,185.0,7.300000190734863,7.170623498364561,-0.12937669237030214,0.12937669237030214,0.003387351830802743,5
phase39,Samos 2020 M7.0,179,185.0,7.0,6.797198459223834,-0.20280154077616608,0.20280154077616608,-0.00464316066599757,3
phase39,Sand 2025 M7.3,179,185.0,7.300000190734863,7.2709821085932695,-0.029018082141593737,0.029018082141593737,-0.002790947550382228,45
phase39,Xizang 2025 M7.1,179,185.0,7.099999904632568,7.29022696239158,0.19022705775901194,0.19022705775901194,-0.009184661658350635,12
phase47,Iquique 2014 M7.7,179,185.0,7.699999809265137,7.462719995016038,-0.2372798142490984,0.2372798142490984,0.0007013059669347399,11
phase47,Kodiak 2018 M7.9,179,185.0,7.900000095367432,7.8969757507891725,-0.003024344578259175,0.003024344578259175,0.0050606235921026865,64
phase47,Luding 2022 M6.6,179,185.0,6.599999904632568,7.370874676696546,0.7708747720639773,0.7708747720639773,-0.0027688035623514295,6
phase47,Mandalay 2025 M7.7,179,185.0,7.699999809265137,7.972894076750748,0.2728942674856114,0.2728942674856114,0.0016869968919213107,12
phase47,Nepal 2015 M7.3,179,185.0,7.300000190734863,7.088096616911219,-0.2119035738236441,0.2119035738236441,0.0007147570225356503,5
phase47,Samos 2020 M7.0,179,185.0,7.0,6.7815845705687,-0.21841542943129966,0.21841542943129966,-0.003977281439361491,3
phase47,Sand 2025 M7.3,179,185.0,7.300000190734863,7.975187573007276,0.675187382272413,0.675187382272413,0.04642187657578223,45
phase47,Xizang 2025 M7.1,179,185.0,7.099999904632568,7.712530134893019,0.6125302302604503,0.6125302302604503,-0.005546122568695466,12
phase48,Iquique 2014 M7.7,179,185.0,7.699999809265137,7.541730290602535,-0.15826951866260153,0.15826951866260153,0.0013263558766656303,11
phase48,Kodiak 2018 M7.9,179,185.0,7.900000095367432,7.893943415345398,-0.006056680022033412,0.006056680022033412,0.005813930641138221,64
phase48,Luding 2022 M6.6,179,185.0,6.599999904632568,7.03856943830549,0.43856953367292206,0.43856953367292206,-0.0009376728852661387,6
phase48,Mandalay 2025 M7.7,179,185.0,7.699999809265137,8.072008517558064,0.37200870829292754,0.37200870829292754,0.00994241788600192,12
phase48,Nepal 2015 M7.3,179,185.0,7.300000190734863,7.079706877093046,-0.22029331364181726,0.22029331364181726,0.0005388707966673678,5
phase48,Samos 2020 M7.0,179,185.0,7.0,6.848581574059711,-0.15141842594028887,0.15141842594028887,0.0007575314024377278,3
phase48,Sand 2025 M7.3,179,185.0,7.300000190734863,7.8310621261920454,0.5310619354571822,0.5310619354571822,0.005292395667969352,45
phase48,Xizang 2025 M7.1,179,185.0,7.099999904632568,7.307571453123029,0.20757154849046078,0.20757154849046078,-0.003680132501500566,12
phase39,Iquique 2014 M7.7,180,186.0,7.699999809265137,7.544110417245411,-0.1558893920197253,0.1558893920197253,-0.009639819310723219,11
phase39,Kodiak 2018 M7.9,180,186.0,7.900000095367432,7.933729715556191,0.033729620188759135,0.033729620188759135,-0.006061338796886417,64
phase39,Luding 2022 M6.6,180,186.0,6.599999904632568,6.925526580870928,0.3255266762383595,0.3255266762383595,-0.026462529434896354,6
phase39,Mandalay 2025 M7.7,180,186.0,7.699999809265137,7.816362288920932,0.1163624796557956,0.1163624796557956,-0.024118274993152333,12
phase39,Nepal 2015 M7.3,180,186.0,7.300000190734863,7.170055882438448,-0.12994430829641512,0.12994430829641512,-0.0005676159261129854,5
phase39,Samos 2020 M7.0,180,186.0,7.0,6.790630093696874,-0.20936990630312557,0.20936990630312557,-0.0065683655269594965,3
phase39,Sand 2025 M7.3,180,186.0,7.300000190734863,7.2812845839851015,-0.018715606749761804,0.018715606749761804,0.010302475391831933,45
phase39,Xizang 2025 M7.1,180,186.0,7.099999904632568,7.281627057553802,0.18162715292123366,0.18162715292123366,-0.008599904837778283,12
phase47,Iquique 2014 M7.7,180,186.0,7.699999809265137,7.462858000022157,-0.23714180924297956,0.23714180924297956,0.00013800500611882427,11
phase47,Kodiak 2018 M7.9,180,186.0,7.900000095367432,7.918931489958962,0.01893139459153037,0.01893139459153037,0.021955739169789545,64
phase47,Luding 2022 M6.6,180,186.0,6.599999904632568,7.368110180906617,0.768110276274049,0.768110276274049,-0.002764495789928212,6
phase47,Mandalay 2025 M7.7,180,186.0,7.699999809265137,7.97013576596438,0.2701359566992432,0.2701359566992432,-0.0027583107863682343,12
phase47,Nepal 2015 M7.3,180,186.0,7.300000190734863,7.08863990833329,-0.21136028240157323,0.21136028240157323,0.0005432914220708795,5
phase47,Samos 2020 M7.0,180,186.0,7.0,6.778812330770469,-0.22118766922953093,0.22118766922953093,-0.0027722397982312685,3
phase47,Sand 2025 M7.3,180,186.0,7.300000190734863,7.994351198538144,0.6943510078032809,0.6943510078032809,0.01916362553086781,45
phase47,Xizang 2025 M7.1,180,186.0,7.099999904632568,7.7115449690653275,0.6115450644327591,0.6115450644327591,-0.000985165827691148,12
phase48,Iquique 2014 M7.7,180,186.0,7.699999809265137,7.542135567850464,-0.15786424141467315,0.15786424141467315,0.0004052772479283817,11
phase48,Kodiak 2018 M7.9,180,186.0,7.900000095367432,7.89631082322783,-0.003689272139602018,0.003689272139602018,0.0023674078824313938,64
phase48,Luding 2022 M6.6,180,186.0,6.599999904632568,7.038270577731595,0.43827067309902645,0.43827067309902645,-0.0002988605738956096,6
phase48,Mandalay 2025 M7.7,180,186.0,7.699999809265137,8.075922732917235,0.375922923652098,0.375922923652098,0.00391421535917047,12
phase48,Nepal 2015 M7.3,180,186.0,7.300000190734863,7.080652496073887,-0.2193476946609767,0.2193476946609767,0.0009456189808405568,5
phase48,Samos 2020 M7.0,180,186.0,7.0,6.849252024577698,-0.150747975422302,0.150747975422302,0.0006704505179868647,3
phase48,Sand 2025 M7.3,180,186.0,7.300000190734863,7.8392540953064564,0.5392539045715932,0.5392539045715932,0.008191969114411002,45
phase48,Xizang 2025 M7.1,180,186.0,7.099999904632568,7.3049793202317534,0.2049794155991851,0.2049794155991851,-0.002592132891275689,12
phase39,Iquique 2014 M7.7,181,187.0,7.699999809265137,7.535188495648596,-0.164811313616541,0.164811313616541,-0.008921921596815707,11
phase39,Kodiak 2018 M7.9,181,187.0,7.900000095367432,7.91296022735353,0.012960131986098133,0.012960131986098133,-0.020769488202661,64
phase39,Luding 2022 M6.6,181,187.0,6.599999904632568,6.911075167434078,0.3110752628015092,0.3110752628015092,-0.014451413436850302,6
phase39,Mandalay 2025 M7.7,181,187.0,7.699999809265137,7.817758300290834,0.11775849102569769,0.11775849102569769,0.0013960113699020837,12
phase39,Nepal 2015 M7.3,181,187.0,7.300000190734863,7.168999923711899,-0.13100026702296397,0.13100026702296397,-0.0010559587265488446,5
phase39,Samos 2020 M7.0,181,187.0,7.0,6.784990855263969,-0.2150091447360314,0.2150091447360314,-0.005639238432905813,3
phase39,Sand 2025 M7.3,181,187.0,7.300000190734863,7.2767794178479885,-0.02322077288687474,0.02322077288687474,-0.004505166137112937,45
phase39,Xizang 2025 M7.1,181,187.0,7.099999904632568,7.286741195259527,0.18674129062695854,0.18674129062695854,0.005114137705724886,12
phase47,Iquique 2014 M7.7,181,187.0,7.699999809265137,7.462684598569404,-0.23731521069573258,0.23731521069573258,-0.00017340145275301921,11
phase47,Kodiak 2018 M7.9,181,187.0,7.900000095367432,7.925065677677919,0.0250655823104875,0.0250655823104875,0.006134187718957129,64
phase47,Luding 2022 M6.6,181,187.0,6.599999904632568,7.365843189223757,0.7658432845911882,0.7658432845911882,-0.0022669916828608194,6
phase47,Mandalay 2025 M7.7,181,187.0,7.699999809265137,7.958961267136738,0.2589614578716013,0.2589614578716013,-0.011174498827641877,12
phase47,Nepal 2015 M7.3,181,187.0,7.300000190734863,7.089171073387119,-0.21082911734774434,0.21082911734774434,0.0005311650538288859,5
phase47,Samos 2020 M7.0,181,187.0,7.0,6.778777196027516,-0.22122280397248417,0.22122280397248417,-3.51347429532467e-05,3
phase47,Sand 2025 M7.3,181,187.0,7.300000190734863,8.004875615089105,0.7048754243542419,0.7048754243542419,0.010524416550961035,45
phase47,Xizang 2025 M7.1,181,187.0,7.099999904632568,7.714660091611416,0.6146601869788473,0.6146601869788473,0.003115122546088145,12
phase48,Iquique 2014 M7.7,181,187.0,7.699999809265137,7.541901508001562,-0.15809830126357483,0.15809830126357483,-0.00023405984890167986,11
phase48,Kodiak 2018 M7.9,181,187.0,7.900000095367432,7.89803277685656,-0.0019673185108715074,0.0019673185108715074,0.0017219536287305104,64
phase48,Luding 2022 M6.6,181,187.0,6.599999904632568,7.038373934869476,0.4383740302369077,0.4383740302369077,0.00010335713788123257,6
phase48,Mandalay 2025 M7.7,181,187.0,7.699999809265137,8.087743939060282,0.38774412979514494,0.38774412979514494,0.011821206143046936,12
phase48,Nepal 2015 M7.3,181,187.0,7.300000190734863,7.081518320527072,-0.21848187020779086,0.21848187020779086,0.0008658244531858372,5
phase48,Samos 2020 M7.0,181,187.0,7.0,6.849988765973212,-0.1500112340267883,0.1500112340267883,0.0007367413955137181,3
phase48,Sand 2025 M7.3,181,187.0,7.300000190734863,7.849420608467671,0.5494204177328079,0.5494204177328079,0.010166513161214752,45
phase48,Xizang 2025 M7.1,181,187.0,7.099999904632568,7.303766056123934,0.203766151491366,0.203766151491366,-0.0012132641078190787,12
phase39,Iquique 2014 M7.7,182,188.0,7.699999809265137,7.530802666963124,-0.16919714230201244,0.16919714230201244,-0.004385828685471438,11
phase39,Kodiak 2018 M7.9,182,188.0,7.900000095367432,7.920791951334321,0.020791855966889372,0.020791855966889372,0.007831723980791239,64
phase39,Luding 2022 M6.6,182,188.0,6.599999904632568,6.909440018907217,0.3094401142746488,0.3094401142746488,-0.0016351485268604193,6
phase39,Mandalay 2025 M7.7,182,188.0,7.699999809265137,7.837614429905234,0.13761462064009766,0.13761462064009766,0.019856129614399975,12
phase39,Nepal 2015 M7.3,182,188.0,7.300000190734863,7.17090518513184,-0.12909500560302334,0.12909500560302334,0.0019052614199406293,5
phase39,Samos 2020 M7.0,182,188.0,7.0,6.781913831705922,-0.2180861682940778,0.2180861682940778,-0.003077023558046399,3
phase39,Sand 2025 M7.3,182,188.0,7.300000190734863,7.286965949358547,-0.01303424137631648,0.01303424137631648,0.010186531510558261,45
phase39,Xizang 2025 M7.1,182,188.0,7.099999904632568,7.309356305404615,0.2093564007720463,0.2093564007720463,0.02261511014508777,12
phase47,Iquique 2014 M7.7,182,188.0,7.699999809265137,7.462615042943552,-0.23738476632158445,0.23738476632158445,-6.955562585186925e-05,11
phase47,Kodiak 2018 M7.9,182,188.0,7.900000095367432,7.921609850138037,0.021609754770605782,0.021609754770605782,-0.0034558275398817173,64
phase47,Luding 2022 M6.6,182,188.0,6.599999904632568,7.36815043310691,0.768150528474342,0.768150528474342,0.002307243883153731,6
phase47,Mandalay 2025 M7.7,182,188.0,7.699999809265137,7.946114653369287,0.24611484410415052,0.24611484410415052,-0.012846613767450776,12
phase47,Nepal 2015 M7.3,182,188.0,7.300000190734863,7.089779878540001,-0.21022031219486248,0.21022031219486248,0.0006088051528818639,5
phase47,Samos 2020 M7.0,182,188.0,7.0,6.782545373842631,-0.21745462615736866,0.21745462615736866,0.0037681778151155143,3
phase47,Sand 2025 M7.3,182,188.0,7.300000190734863,8.021866886611441,0.721866695876578,0.721866695876578,0.01699127152233615,45
phase47,Xizang 2025 M7.1,182,188.0,7.099999904632568,7.719338647672715,0.6193387430401467,0.6193387430401467,0.00467855606129941,12
phase48,Iquique 2014 M7.7,182,188.0,7.699999809265137,7.541729164805546,-0.1582706444595905,0.1582706444595905,-0.0001723431960156674,11
phase48,Kodiak 2018 M7.9,182,188.0,7.900000095367432,7.899921356182672,-7.873918475986841e-05,7.873918475986841e-05,0.001888579326111639,64
phase48,Luding 2022 M6.6,182,188.0,6.599999904632568,7.03886488290371,0.438864978271142,0.438864978271142,0.0004909480342343286,6
phase48,Mandalay 2025 M7.7,182,188.0,7.699999809265137,8.091331215939263,0.39133140667412647,0.39133140667412647,0.003587276878981527,12
phase48,Nepal 2015 M7.3,182,188.0,7.300000190734863,7.0820130063100315,-0.21798718442483178,0.21798718442483178,0.0004946857829590812,5
phase48,Samos 2020 M7.0,182,188.0,7.0,6.850736501044126,-0.14926349895587432,0.14926349895587432,0.0007477350709139685,3
phase48,Sand 2025 M7.3,182,188.0,7.300000190734863,7.849023062671739,0.5490228719368755,0.5490228719368755,-0.0003975457959324302,45
phase48,Xizang 2025 M7.1,182,188.0,7.099999904632568,7.299850691640498,0.19985078700792958,0.19985078700792958,-0.003915364483436434,12
phase39,Iquique 2014 M7.7,183,189.0,7.699999809265137,7.53004054981301,-0.16995925945212687,0.16995925945212687,-0.0007621171501144275,11
phase39,Kodiak 2018 M7.9,183,189.0,7.900000095367432,7.937384334913126,0.0373842395456947,0.0373842395456947,0.016592383578805325,64
phase39,Luding 2022 M6.6,183,189.0,6.599999904632568,6.921620717315936,0.32162081268336795,0.32162081268336795,0.01218069840871916,6
phase39,Mandalay 2025 M7.7,183,189.0,7.699999809265137,7.8620304109074945,0.16203060164235783,0.16203060164235783,0.024415981002260168,12
phase39,Nepal 2015 M7.3,183,189.0,7.300000190734863,7.175061294545018,-0.12493889618984522,0.12493889618984522,0.004156109413178122,5
phase39,Samos 2020 M7.0,183,189.0,7.0,6.7805176578366435,-0.2194823421633565,0.2194823421633565,-0.0013961738692787051,3
phase39,Sand 2025 M7.3,183,189.0,7.300000190734863,7.3028217745589155,0.0028215838240521762,0.0028215838240521762,0.015855825200368656,45
phase39,Xizang 2025 M7.1,183,189.0,7.099999904632568,7.335385850627156,0.2353859459945875,0.2353859459945875,0.026029545222541195,12
phase47,Iquique 2014 M7.7,183,189.0,7.699999809265137,7.462723377318566,-0.23727643194657055,0.23727643194657055,0.00010833437501389653,11
phase47,Kodiak 2018 M7.9,183,189.0,7.900000095367432,7.927344708449228,0.027344613081796254,0.027344613081796254,0.005734858311190472,64
phase47,Luding 2022 M6.6,183,189.0,6.599999904632568,7.377123793916292,0.7771238892837236,0.7771238892837236,0.008973360809381603,6
phase47,Mandalay 2025 M7.7,183,189.0,7.699999809265137,7.96323833700518,0.2632385277400431,0.2632385277400431,0.01712368363589256,12
phase47,Nepal 2015 M7.3,183,189.0,7.300000190734863,7.090193868629376,-0.20980632210548755,0.20980632210548755,0.0004139900893749271,5
phase47,Samos 2020 M7.0,183,189.0,7.0,6.788208230281011,-0.21179176971898883,0.21179176971898883,0.005662856438379826,3
phase47,Sand 2025 M7.3,183,189.0,7.300000190734863,8.029388138973642,0.7293879482387791,0.7293879482387791,0.007521252362201025,45
phase47,Xizang 2025 M7.1,183,189.0,7.099999904632568,7.728104807934521,0.6281049033019528,0.6281049033019528,0.0087661602618061,12
phase48,Iquique 2014 M7.7,183,189.0,7.699999809265137,7.541862811915774,-0.15813699734936293,0.15813699734936293,0.00013364711022756381,11
phase48,Kodiak 2018 M7.9,183,189.0,7.900000095367432,7.902335262618504,0.002335167251072079,0.002335167251072079,0.0024139064358319473,64
phase48,Luding 2022 M6.6,183,189.0,6.599999904632568,7.039291276707431,0.43929137207486235,0.43929137207486235,0.0004263938037203374,6
phase48,Mandalay 2025 M7.7,183,189.0,7.699999809265137,8.091241223766396,0.39124141450125904,0.39124141450125904,-8.999217286742578e-05,12
phase48,Nepal 2015 M7.3,183,189.0,7.300000190734863,7.082202059193383,-0.2177981315414801,0.2177981315414801,0.00018905288335169246,5
phase48,Samos 2020 M7.0,183,189.0,7.0,6.851225669619669,-0.1487743303803306,0.1487743303803306,0.0004891685755437081,3
phase48,Sand 2025 M7.3,183,189.0,7.300000190734863,7.830674523643449,0.5306743329085855,0.5306743329085855,-0.018348539028290034,45
phase48,Xizang 2025 M7.1,183,189.0,7.099999904632568,7.291891824352075,0.1918919197195068,0.1918919197195068,-0.007958867288422766,12
phase39,Iquique 2014 M7.7,184,190.0,7.699999809265137,7.5321214202620705,-0.16787838900306618,0.16787838900306618,0.00208087044906069,11
phase39,Kodiak 2018 M7.9,184,190.0,7.900000095367432,7.951853480766638,0.05185338539920625,0.05185338539920625,0.014469145853511556,64
phase39,Luding 2022 M6.6,184,190.0,6.599999904632568,6.943331284285943,0.34333137965337457,0.34333137965337457,0.021710566970006617,6
phase39,Mandalay 2025 M7.7,184,190.0,7.699999809265137,7.887439254122063,0.18743944485692587,0.18743944485692587,0.025408843214568044,12
phase39,Nepal 2015 M7.3,184,190.0,7.300000190734863,7.179381885030488,-0.12061830570437504,0.12061830570437504,0.004320590485470177,5
phase39,Samos 2020 M7.0,184,190.0,7.0,6.7794828306118085,-0.22051716938819155,0.22051716938819155,-0.0010348272248350554,3
phase39,Sand 2025 M7.3,184,190.0,7.300000190734863,7.3148958150268095,0.014895624291946241,0.014895624291946241,0.012074040467894065,45
phase39,Xizang 2025 M7.1,184,190.0,7.099999904632568,7.347430606105665,0.24743070147309698,0.24743070147309698,0.012044755478509472,12
phase47,Iquique 2014 M7.7,184,190.0,7.699999809265137,7.46280395125033,-0.23719585801480658,0.23719585801480658,8.057393176397198e-05,11
phase47,Kodiak 2018 M7.9,184,190.0,7.900000095367432,7.933267468662124,0.033267373294692426,0.033267373294692426,0.005922760212896172,64
phase47,Luding 2022 M6.6,184,190.0,6.599999904632568,7.388365550508951,0.7883656458763824,0.7883656458763824,0.011241756592658803,6
phase47,Mandalay 2025 M7.7,184,190.0,7.699999809265137,7.984186168800717,0.28418635953558,0.28418635953558,0.020947831795536942,12
phase47,Nepal 2015 M7.3,184,190.0,7.300000190734863,7.090631341898843,-0.20936884883602058,0.20936884883602058,0.0004374732694669703,5
phase47,Samos 2020 M7.0,184,190.0,7.0,6.793631176575911,-0.20636882342408924,0.20636882342408924,0.005422946294899589,3
phase47,Sand 2025 M7.3,184,190.0,7.300000190734863,8.021705559178484,0.7217053684436205,0.7217053684436205,-0.007682579795158517,45
phase47,Xizang 2025 M7.1,184,190.0,7.099999904632568,7.7409349819017494,0.6409350772691811,0.6409350772691811,0.012830173967228298,12
phase48,Iquique 2014 M7.7,184,190.0,7.699999809265137,7.542015293082063,-0.15798451618307396,0.15798451618307396,0.0001524811662889647,11
phase48,Kodiak 2018 M7.9,184,190.0,7.900000095367432,7.904877748240347,0.004877652872915306,0.004877652872915306,0.002542485621843227,64
phase48,Luding 2022 M6.6,184,190.0,6.599999904632568,7.039245391901412,0.4392454872688436,0.4392454872688436,-4.588480601874778e-05,6
phase48,Mandalay 2025 M7.7,184,190.0,7.699999809265137,8.08624015109803,0.38624034183289346,0.38624034183289346,-0.00500107266836558,12
phase48,Nepal 2015 M7.3,184,190.0,7.300000190734863,7.0819998763959555,-0.21800031433890776,0.21800031433890776,-0.00020218279742767464,5
phase48,Samos 2020 M7.0,184,190.0,7.0,6.851358183695357,-0.14864181630464302,0.14864181630464302,0.00013251407568759532,3
phase48,Sand 2025 M7.3,184,190.0,7.300000190734863,7.80330702261194,0.5033068318770768,0.5033068318770768,-0.027367501031508645,45
phase48,Xizang 2025 M7.1,184,190.0,7.099999904632568,7.283612755312938,0.1836128506803698,0.1836128506803698,-0.008279069039137,12
phase39,Iquique 2014 M7.7,185,191.0,7.699999809265137,7.5353565014791535,-0.16464330778598324,0.16464330778598324,0.0032350812170829357,11
phase39,Kodiak 2018 M7.9,185,191.0,7.900000095367432,7.970547191587838,0.07054709622040622,0.07054709622040622,0.01869371082119997,64
phase39,Luding 2022 M6.6,185,191.0,6.599999904632568,6.960177645054081,0.36017774042151274,0.36017774042151274,0.01684636076813817,6
phase39,Mandalay 2025 M7.7,185,191.0,7.699999809265137,7.885319194442701,0.1853193851775643,0.1853193851775643,-0.0021200596793615745,12
phase39,Nepal 2015 M7.3,185,191.0,7.300000190734863,7.180982306775821,-0.11901788395904234,0.11901788395904234,0.001600421745332703,5
phase39,Samos 2020 M7.0,185,191.0,7.0,6.778811205048897,-0.22118879495110289,0.22118879495110289,-0.0006716255629113377,3
phase39,Sand 2025 M7.3,185,191.0,7.300000190734863,7.326092870406584,0.02609267967172091,0.02609267967172091,0.011197055379774667,45
phase39,Xizang 2025 M7.1,185,191.0,7.099999904632568,7.338500986551011,0.238501081918443,0.238501081918443,-0.00892961955465399,12
phase47,Iquique 2014 M7.7,185,191.0,7.699999809265137,7.4625002847465804,-0.23749952451855627,0.23749952451855627,-0.00030366650374968884,11
phase47,Kodiak 2018 M7.9,185,191.0,7.900000095367432,7.931801836874013,0.031801741506581216,0.031801741506581216,-0.0014656317881112102,64
phase47,Luding 2022 M6.6,185,191.0,6.599999904632568,7.400457772901058,0.8004578682684897,0.8004578682684897,0.012092222392107388,6
phase47,Mandalay 2025 M7.7,185,191.0,7.699999809265137,7.997248216009724,0.2972484067445871,0.2972484067445871,0.013062047209007055,12
phase47,Nepal 2015 M7.3,185,191.0,7.300000190734863,7.0909084354688625,-0.20909175526600077,0.20909175526600077,0.00027709357001981516,5
phase47,Samos 2020 M7.0,185,191.0,7.0,6.798159409840111,-0.20184059015988876,0.20184059015988876,0.0045282332642004874,3
phase47,Sand 2025 M7.3,185,191.0,7.300000190734863,8.002668950603578,0.7026687598687147,0.7026687598687147,-0.019036608574905856,45
phase47,Xizang 2025 M7.1,185,191.0,7.099999904632568,7.751658734397677,0.6516588297651085,0.6516588297651085,0.010723752495927386,12
phase48,Iquique 2014 M7.7,185,191.0,7.699999809265137,7.54198981865623,-0.15800999060890675,0.15800999060890675,-2.5474425832783254e-05,11
phase48,Kodiak 2018 M7.9,185,191.0,7.900000095367432,7.908713557117346,0.008713461749914053,0.008713461749914053,0.0038358088769987475,64
phase48,Luding 2022 M6.6,185,191.0,6.599999904632568,7.0388709099373274,0.4388710053047591,0.4388710053047591,-0.0003744819640845165,6
phase48,Mandalay 2025 M7.7,185,191.0,7.699999809265137,8.077571754995024,0.37757194572988695,0.37757194572988695,-0.008668396103006515,12
phase48,Nepal 2015 M7.3,185,191.0,7.300000190734863,7.081423273005738,-0.21857691772912524,0.21857691772912524,-0.0005766033902174783,5
phase48,Samos 2020 M7.0,185,191.0,7.0,6.851158406949962,-0.1488415930500384,0.1488415930500384,-0.00019977674539539692,3
phase48,Sand 2025 M7.3,185,191.0,7.300000190734863,7.843350573600622,0.5433503828657589,0.5433503828657589,0.040043550988682064,45
phase48,Xizang 2025 M7.1,185,191.0,7.099999904632568,7.276774456183988,0.17677455155141963,0.17677455155141963,-0.006838299128950176,12
phase39,Iquique 2014 M7.7,186,192.0,7.699999809265137,7.535459157927293,-0.1645406513378438,0.1645406513378438,0.00010265644813944874,11
phase39,Kodiak 2018 M7.9,186,192.0,7.900000095367432,7.9800279176511335,0.08002782228370187,0.08002782228370187,0.009480726063295641,64
phase39,Luding 2022 M6.6,186,192.0,6.599999904632568,6.968017140370451,0.3680172357378826,0.3680172357378826,0.007839495316369849,6
phase39,Mandalay 2025 M7.7,186,192.0,7.699999809265137,7.869749050917093,0.1697492416519566,0.1697492416519566,-0.015570143525607705,12
phase39,Nepal 2015 M7.3,186,192.0,7.300000190734863,7.177528558025719,-0.12247163270914463,0.12247163270914463,-0.0034537487501022923,5
phase39,Samos 2020 M7.0,186,192.0,7.0,6.776104274587956,-0.22389572541204394,0.22389572541204394,-0.0027069304609410594,3
phase39,Sand 2025 M7.3,186,192.0,7.300000190734863,7.325018202183814,0.02501801144895044,0.02501801144895044,-0.0010746682227704696,45
phase39,Xizang 2025 M7.1,186,192.0,7.099999904632568,7.321970453303141,0.22197054867057275,0.22197054867057275,-0.016530533247870238,12
phase47,Iquique 2014 M7.7,186,192.0,7.699999809265137,7.461518269886074,-0.23848153937906247,0.23848153937906247,-0.0009820148605061974,11
phase47,Kodiak 2018 M7.9,186,192.0,7.900000095367432,7.901204840678737,0.001204745311305544,0.001204745311305544,-0.030596996195275672,64
phase47,Luding 2022 M6.6,186,192.0,6.599999904632568,7.420835772852977,0.8208358682204082,0.8208358682204082,0.02037799995191847,6
phase47,Mandalay 2025 M7.7,186,192.0,7.699999809265137,8.000974715814493,0.30097490654935655,0.30097490654935655,0.0037264998047694675,12
phase47,Nepal 2015 M7.3,186,192.0,7.300000190734863,7.090938195943732,-0.2090619947911314,0.2090619947911314,2.9760474869355846e-05,5
phase47,Samos 2020 M7.0,186,192.0,7.0,6.801320341713883,-0.19867965828611656,0.19867965828611656,0.003160931873772199,3
phase47,Sand 2025 M7.3,186,192.0,7.300000190734863,7.992076012235037,0.6920758215001737,0.6920758215001737,-0.010592938368541027,45
phase47,Xizang 2025 M7.1,186,192.0,7.099999904632568,7.757208163982952,0.6572082593503836,0.6572082593503836,0.005549429585275156,12
phase48,Iquique 2014 M7.7,186,192.0,7.699999809265137,7.5414585318446505,-0.15854127742048618,0.15854127742048618,-0.0005312868115794345,11
phase48,Kodiak 2018 M7.9,186,192.0,7.900000095367432,7.921616410678525,0.021616315311093537,0.021616315311093537,0.012902853561179484,64
phase48,Luding 2022 M6.6,186,192.0,6.599999904632568,7.038684915113173,0.4386850104806044,0.4386850104806044,-0.00018599482415471158,6
phase48,Mandalay 2025 M7.7,186,192.0,7.699999809265137,8.067269304241929,0.3672694949767923,0.3672694949767923,-0.01030245075309466,12
phase48,Nepal 2015 M7.3,186,192.0,7.300000190734863,7.080920751443838,-0.21907943929102558,0.21907943929102558,-0.0005025215619003376,5
phase48,Samos 2020 M7.0,186,192.0,7.0,6.850854497373872,-0.14914550262612813,0.14914550262612813,-0.0003039095760897226,3
phase48,Sand 2025 M7.3,186,192.0,7.300000190734863,7.839880283615266,0.5398800928804031,0.5398800928804031,-0.0034702899853558122,45
phase48,Xizang 2025 M7.1,186,192.0,7.099999904632568,7.272555995787656,0.17255609115508808,0.17255609115508808,-0.004218460396331558,12
phase39,Iquique 2014 M7.7,187,193.0,7.699999809265137,7.525200779485756,-0.1747990297793809,0.1747990297793809,-0.010258378441537097,11
phase39,Kodiak 2018 M7.9,187,193.0,7.900000095367432,7.93011150923184,0.0301114138644083,0.0301114138644083,-0.04991640841929357,64
phase39,Luding 2022 M6.6,187,193.0,6.599999904632568,6.974964863822022,0.3749649591894535,0.3749649591894535,0.0069477234515709085,6
phase39,Mandalay 2025 M7.7,187,193.0,7.699999809265137,7.796029553046496,0.09602974378135887,0.09602974378135887,-0.07371949787059773,12
phase39,Nepal 2015 M7.3,187,193.0,7.300000190734863,7.169136933135129,-0.13086325759973416,0.13086325759973416,-0.008391624890589533,5
phase39,Samos 2020 M7.0,187,193.0,7.0,6.767026735111842,-0.23297326488815795,0.23297326488815795,-0.009077539476114005,3
phase39,Sand 2025 M7.3,187,193.0,7.300000190734863,7.303760469317229,0.003760278582365828,0.003760278582365828,-0.02125773286658461,45
phase39,Xizang 2025 M7.1,187,193.0,7.099999904632568,7.2984016515125685,0.19840174688000012,0.19840174688000012,-0.023568801790572635,12
phase47,Iquique 2014 M7.7,187,193.0,7.699999809265137,7.4597743942827,-0.24022541498243655,0.24022541498243655,-0.0017438756033740788,11
phase47,Kodiak 2018 M7.9,187,193.0,7.900000095367432,7.880062473770414,-0.01993762159701795,0.01993762159701795,-0.021142366908323496,64
phase47,Luding 2022 M6.6,187,193.0,6.599999904632568,7.4496734216083595,0.8496735169757912,0.8496735169757912,0.028837648755382972,6
phase47,Mandalay 2025 M7.7,187,193.0,7.699999809265137,7.9948758210551265,0.2948760117899898,0.2948760117899898,-0.0060988947593667575,12
phase47,Nepal 2015 M7.3,187,193.0,7.300000190734863,7.090789329982898,-0.20921086075196538,0.20921086075196538,-0.00014886596083396597,5
phase47,Samos 2020 M7.0,187,193.0,7.0,6.80384723069355,-0.1961527693064502,0.1961527693064502,0.002526888979666353,3
phase47,Sand 2025 M7.3,187,193.0,7.300000190734863,7.987545572693994,0.6875453819591311,0.6875453819591311,-0.004530439541042597,45
phase47,Xizang 2025 M7.1,187,193.0,7.099999904632568,7.759170797453514,0.6591708928209457,0.6591708928209457,0.001962633470562025,12
phase48,Iquique 2014 M7.7,187,193.0,7.699999809265137,7.540238199193809,-0.15976161007132728,0.15976161007132728,-0.0012203326508410939,11
phase48,Kodiak 2018 M7.9,187,193.0,7.900000095367432,7.916813643603703,0.01681354823627146,0.01681354823627146,-0.0048027670748220785,64
phase48,Luding 2022 M6.6,187,193.0,6.599999904632568,7.039097324831815,0.43909742019924636,0.43909742019924636,0.0004124097186419817,6
phase48,Mandalay 2025 M7.7,187,193.0,7.699999809265137,8.056978446786289,0.3569786375211521,0.3569786375211521,-0.010290857455640179,12
phase48,Nepal 2015 M7.3,187,193.0,7.300000190734863,7.080619407922148,-0.21938078281271522,0.21938078281271522,-0.0003013435216896454,5
phase48,Samos 2020 M7.0,187,193.0,7.0,6.850756258282879,-0.14924374171712085,0.14924374171712085,-9.823909099271333e-05,3
phase48,Sand 2025 M7.3,187,193.0,7.300000190734863,7.819330546314147,0.5193303555792834,0.5193303555792834,-0.02054973730111964,45
phase48,Xizang 2025 M7.1,187,193.0,7.099999904632568,7.276648533598664,0.17664862896609534,0.17664862896609534,0.0040925378110072685,12
phase39,Iquique 2014 M7.7,188,194.0,7.699999809265137,7.512603310915882,-0.18739649834925487,0.18739649834925487,-0.012597468569873982,11
phase39,Kodiak 2018 M7.9,188,194.0,7.900000095367432,7.887512150671285,-0.012487944696146336,0.012487944696146336,-0.042599358560554634,64
phase39,Luding 2022 M6.6,188,194.0,6.599999904632568,6.975156413102617,0.3751565084700488,0.3751565084700488,0.0001915492805952823,6
phase39,Mandalay 2025 M7.7,188,194.0,7.699999809265137,7.711818311350001,0.011818502084864235,0.011818502084864235,-0.08421124169649463,12
phase39,Nepal 2015 M7.3,188,194.0,7.300000190734863,7.164548983496152,-0.1354512072387113,0.1354512072387113,-0.004587949638977129,5
phase39,Samos 2020 M7.0,188,194.0,7.0,6.752974531091629,-0.24702546890837063,0.24702546890837063,-0.014052204020212677,3
phase39,Sand 2025 M7.3,188,194.0,7.300000190734863,7.282608817534856,-0.01739137320000772,0.01739137320000772,-0.02115165178237355,45
phase39,Xizang 2025 M7.1,188,194.0,7.099999904632568,7.276230503748225,0.17623059911565697,0.17623059911565697,-0.022171147764343146,12
phase47,Iquique 2014 M7.7,188,194.0,7.699999809265137,7.457498999903212,-0.24250080936192475,0.24250080936192475,-0.0022753943794882048,11
phase47,Kodiak 2018 M7.9,188,194.0,7.900000095367432,7.891963747868434,-0.008036347498997287,0.008036347498997287,0.011901274098020664,64
phase47,Luding 2022 M6.6,188,194.0,6.599999904632568,7.476340276917728,0.8763403722851599,0.8763403722851599,0.026666855309368742,6
phase47,Mandalay 2025 M7.7,188,194.0,7.699999809265137,7.981110852888315,0.28111104362317807,0.28111104362317807,-0.01376496816681172,12
phase47,Nepal 2015 M7.3,188,194.0,7.300000190734863,7.090599204594995,-0.20940098613986802,0.20940098613986802,-0.00019012538790263989,5
phase47,Samos 2020 M7.0,188,194.0,7.0,6.807561667651198,-0.19243833234880192,0.19243833234880192,0.0037144369576482816,3
phase47,Sand 2025 M7.3,188,194.0,7.300000190734863,7.973041663935636,0.6730414732007723,0.6730414732007723,-0.014503908758358719,45
phase47,Xizang 2025 M7.1,188,194.0,7.099999904632568,7.760586130397802,0.6605862257652335,0.6605862257652335,0.0014153329442878615,12
phase48,Iquique 2014 M7.7,188,194.0,7.699999809265137,7.53837484607662,-0.16162496318851716,0.16162496318851716,-0.001863353117189881,11
phase48,Kodiak 2018 M7.9,188,194.0,7.900000095367432,7.915462355777852,0.015462260410420647,0.015462260410420647,-0.001351287825850811,64
phase48,Luding 2022 M6.6,188,194.0,6.599999904632568,7.040158252383389,0.4401583477508204,0.4401583477508204,0.0010609275515740535,6
phase48,Mandalay 2025 M7.7,188,194.0,7.699999809265137,8.045684082821191,0.3456842735560546,0.3456842735560546,-0.011294363965097531,12
phase48,Nepal 2015 M7.3,188,194.0,7.300000190734863,7.080617100669,-0.21938309006586287,0.21938309006586287,-2.30725314764868e-06,5
phase48,Samos 2020 M7.0,188,194.0,7.0,6.851140681099357,-0.14885931890064263,0.14885931890064263,0.00038442281647821375,3
phase48,Sand 2025 M7.3,188,194.0,7.300000190734863,7.805445218016272,0.505445027281409,0.505445027281409,-0.013885328297874366,45
phase48,Xizang 2025 M7.1,188,194.0,7.099999904632568,7.283467598810056,0.18346769417748732,0.18346769417748732,0.0068190652113919725,12
phase39,Iquique 2014 M7.7,189,195.0,7.699999809265137,7.50372770582186,-0.1962721034432766,0.1962721034432766,-0.008875605094021743,11
phase39,Kodiak 2018 M7.9,189,195.0,7.900000095367432,7.8569526181521,-0.04304747721533175,0.04304747721533175,-0.030559532519185417,64
phase39,Luding 2022 M6.6,189,195.0,6.599999904632568,6.973907876134807,0.37390797150223865,0.37390797150223865,-0.0012485369678101321,6
phase39,Mandalay 2025 M7.7,189,195.0,7.699999809265137,7.669252703663322,-0.03074710560181515,0.03074710560181515,-0.042565607686679385,12
phase39,Nepal 2015 M7.3,189,195.0,7.300000190734863,7.162461503557314,-0.1375386871775497,0.1375386871775497,-0.002087479938838399,5
phase39,Samos 2020 M7.0,189,195.0,7.0,6.7433468712390345,-0.25665312876096547,0.25665312876096547,-0.009627659852594839,3
phase39,Sand 2025 M7.3,189,195.0,7.300000190734863,7.265647469904516,-0.03435272083034757,0.03435272083034757,-0.01696134763033985,45
phase39,Xizang 2025 M7.1,189,195.0,7.099999904632568,7.253295112795855,0.15329520816328657,0.15329520816328657,-0.022935390952370405,12
phase47,Iquique 2014 M7.7,189,195.0,7.699999809265137,7.45489697827399,-0.24510283099114716,0.24510283099114716,-0.0026020216292224063,11
phase47,Kodiak 2018 M7.9,189,195.0,7.900000095367432,7.90679562735065,0.0067955319832186944,0.0067955319832186944,0.014831879482215982,64
phase47,Luding 2022 M6.6,189,195.0,6.599999904632568,7.496808801566646,0.8968088969340773,0.8968088969340773,0.020468524648917352,6
phase47,Mandalay 2025 M7.7,189,195.0,7.699999809265137,7.917401777928363,0.2174019686632267,0.2174019686632267,-0.06370907495995137,12
phase47,Nepal 2015 M7.3,189,195.0,7.300000190734863,7.090482297416008,-0.20951789331885529,0.20951789331885529,-0.00011690717898726888,5
phase47,Samos 2020 M7.0,189,195.0,7.0,6.81237386885497,-0.1876261311450298,0.1876261311450298,0.004812201203772126,3
phase47,Sand 2025 M7.3,189,195.0,7.300000190734863,7.979291818014728,0.6792916272798646,0.6792916272798646,0.0062501540790922405,45
phase47,Xizang 2025 M7.1,189,195.0,7.099999904632568,7.755095256919759,0.6550953522871907,0.6550953522871907,-0.005490873478042779,12
phase48,Iquique 2014 M7.7,189,195.0,7.699999809265137,7.536220065158471,-0.16377974410666596,0.16377974410666596,-0.002154780918148802,11
phase48,Kodiak 2018 M7.9,189,195.0,7.900000095367432,7.916490079284206,0.016489983916774698,0.016489983916774698,0.0010277235063540502,64
phase48,Luding 2022 M6.6,189,195.0,6.599999904632568,7.041736002741904,0.44173609810933545,0.44173609810933545,0.0015777503585150399,6
phase48,Mandalay 2025 M7.7,189,195.0,7.699999809265137,8.033204133708821,0.33320432444368464,0.33320432444368464,-0.012479949112369937,12
phase48,Nepal 2015 M7.3,189,195.0,7.300000190734863,7.080767305815545,-0.21923288491931814,0.21923288491931814,0.00015020514654473516,5
phase48,Samos 2020 M7.0,189,195.0,7.0,6.8520285681096675,-0.14797143189033246,0.14797143189033246,0.0008878870103101733,3
phase48,Sand 2025 M7.3,189,195.0,7.300000190734863,7.796602776923583,0.49660258618872,0.49660258618872,-0.008842441092689057,45
phase48,Xizang 2025 M7.1,189,195.0,7.099999904632568,7.285310419652845,0.1853105150202765,0.1853105150202765,0.0018428208427891946,12
phase39,Iquique 2014 M7.7,190,196.0,7.699999809265137,7.50404249376689,-0.19595731549824702,0.19595731549824702,0.0003147879450295932,11
phase39,Kodiak 2018 M7.9,190,196.0,7.900000095367432,7.822873146059576,-0.07712694930785524,0.07712694930785524,-0.03407947209252349,64
phase39,Luding 2022 M6.6,190,196.0,6.599999904632568,6.986376192769968,0.38637628813739955,0.38637628813739955,0.012468316635160903,6
phase39,Mandalay 2025 M7.7,190,196.0,7.699999809265137,7.6656631320867605,-0.034336677178376185,0.034336677178376185,-0.0035895715765610348,12
phase39,Nepal 2015 M7.3,190,196.0,7.300000190734863,7.165685565098031,-0.13431462563683194,0.13431462563683194,0.0032240615407177486,5
phase39,Samos 2020 M7.0,190,196.0,7.0,6.746207407897597,-0.25379259210240335,0.25379259210240335,0.0028605366585621184,3
phase39,Sand 2025 M7.3,190,196.0,7.300000190734863,7.255007098507765,-0.044993092227098685,0.044993092227098685,-0.010640371396751114,45
phase39,Xizang 2025 M7.1,190,196.0,7.099999904632568,7.23080869072199,0.13080878608942204,0.13080878608942204,-0.02248642207386453,12
phase47,Iquique 2014 M7.7,190,196.0,7.699999809265137,7.452137010109771,-0.24786279915536547,0.24786279915536547,-0.002759968164218307,11
phase47,Kodiak 2018 M7.9,190,196.0,7.900000095367432,7.905382384877221,0.005382289509789473,0.005382289509789473,-0.0014132424734292215,64
phase47,Luding 2022 M6.6,190,196.0,6.599999904632568,7.500084661906027,0.9000847572734587,0.9000847572734587,0.003275860339381431,6
phase47,Mandalay 2025 M7.7,190,196.0,7.699999809265137,7.891024368707623,0.19102455944248664,0.19102455944248664,-0.026377409220740056,12
phase47,Nepal 2015 M7.3,190,196.0,7.300000190734863,7.090349635992585,-0.20965055474227867,0.20965055474227867,-0.00013266142342338583,5
phase47,Samos 2020 M7.0,190,196.0,7.0,6.814147612499445,-0.18585238750055488,0.18585238750055488,0.0017737436444749122,3
phase47,Sand 2025 M7.3,190,196.0,7.300000190734863,7.96184447878163,0.6618442880467663,0.6618442880467663,-0.01744733923309827,45
phase47,Xizang 2025 M7.1,190,196.0,7.099999904632568,7.746280970665444,0.6462810660328753,0.6462810660328753,-0.008814286254315462,12
phase48,Iquique 2014 M7.7,190,196.0,7.699999809265137,7.534743392299637,-0.16525641696549975,0.16525641696549975,-0.001476672858833794,11
phase48,Kodiak 2018 M7.9,190,196.0,7.900000095367432,7.91456277619118,0.01456268082374823,0.01456268082374823,-0.0019273030930264667,64
phase48,Luding 2022 M6.6,190,196.0,6.599999904632568,7.043420807252522,0.4434209026199536,0.4434209026199536,0.001684804510618143,6
phase48,Mandalay 2025 M7.7,190,196.0,7.699999809265137,8.02279623651809,0.3227964272529533,0.3227964272529533,-0.010407897190731319,12
phase48,Nepal 2015 M7.3,190,196.0,7.300000190734863,7.081012501737953,-0.21898768899691046,0.21898768899691046,0.0002451959224076816,5
phase48,Samos 2020 M7.0,190,196.0,7.0,6.853215820774322,-0.1467841792256781,0.1467841792256781,0.001187252664654359,3
phase48,Sand 2025 M7.3,190,196.0,7.300000190734863,7.79077443814835,0.4907742474134871,0.4907742474134871,-0.005828338775232922,45
phase48,Xizang 2025 M7.1,190,196.0,7.099999904632568,7.283678513707942,0.1836786090753737,0.1836786090753737,-0.0016319059449028117,12
phase39,Iquique 2014 M7.7,191,197.0,7.699999809265137,7.516989019331974,-0.18301078993316278,0.18301078993316278,0.012946525565084244,11
phase39,Kodiak 2018 M7.9,191,197.0,7.900000095367432,7.821162306728941,-0.07883778863849056,0.07883778863849056,-0.0017108393306353165,64
phase39,Luding 2022 M6.6,191,197.0,6.599999904632568,7.011005726321489,0.41100582168892075,0.41100582168892075,0.0246295335515212,6
phase39,Mandalay 2025 M7.7,191,197.0,7.699999809265137,7.675618890612332,-0.02438091865280434,0.02438091865280434,0.009955758525571845,12
phase39,Nepal 2015 M7.3,191,197.0,7.300000190734863,7.175134167509324,-0.12486602322553964,0.12486602322553964,0.009448602411292306,5
phase39,Samos 2020 M7.0,191,197.0,7.0,6.762382412996841,-0.23761758700315916,0.23761758700315916,0.01617500509924419,3
phase39,Sand 2025 M7.3,191,197.0,7.300000190734863,7.256284888578241,-0.043715302156622116,0.043715302156622116,0.00127779007047657,45
phase39,Xizang 2025 M7.1,191,197.0,7.099999904632568,7.212565147547705,0.11256524291513692,0.11256524291513692,-0.018243543174285115,12
phase47,Iquique 2014 M7.7,191,197.0,7.699999809265137,7.449676164886267,-0.2503236443788701,0.2503236443788701,-0.0024608452235046485,11
phase47,Kodiak 2018 M7.9,191,197.0,7.900000095367432,7.909582207279251,0.009582111911819347,0.009582111911819347,0.0041998224020298736,64
phase47,Luding 2022 M6.6,191,197.0,6.599999904632568,7.490348790380791,0.8903488857482227,0.8903488857482227,-0.009735871525236028,6
phase47,Mandalay 2025 M7.7,191,197.0,7.699999809265137,7.8827056054452065,0.18270579618006977,0.18270579618006977,-0.008318763262416873,12
phase47,Nepal 2015 M7.3,191,197.0,7.300000190734863,7.090316629628898,-0.2096835611059653,0.2096835611059653,-3.300636368663845e-05,5
phase47,Samos 2020 M7.0,191,197.0,7.0,6.811822750071427,-0.18817724992857343,0.18817724992857343,-0.002324862428018548,3
phase47,Sand 2025 M7.3,191,197.0,7.300000190734863,7.94593576945912,0.6459355787242567,0.6459355787242567,-0.01590870932250965,45
phase47,Xizang 2025 M7.1,191,197.0,7.099999904632568,7.737958303090641,0.637958398458073,0.637958398458073,-0.008322667574802267,12
phase48,Iquique 2014 M7.7,191,197.0,7.699999809265137,7.533729471097526,-0.16627033816761028,0.16627033816761028,-0.0010139212021105237,11
phase48,Kodiak 2018 M7.9,191,197.0,7.900000095367432,7.912754789145809,0.012754693778377124,0.012754693778377124,-0.0018079870453711067,64
phase48,Luding 2022 M6.6,191,197.0,6.599999904632568,7.045382493119239,0.44538258848667045,0.44538258848667045,0.0019616858667168557,6
phase48,Mandalay 2025 M7.7,191,197.0,7.699999809265137,8.015594554366904,0.31559474510176777,0.31559474510176777,-0.007201682151185551,12
phase48,Nepal 2015 M7.3,191,197.0,7.300000190734863,7.08109867183179,-0.2189015189030732,0.2189015189030732,8.617009383726781e-05,5
phase48,Samos 2020 M7.0,191,197.0,7.0,6.854402174808841,-0.14559782519115938,0.14559782519115938,0.0011863540345187218,3
phase48,Sand 2025 M7.3,191,197.0,7.300000190734863,7.785311880005626,0.4853116892707625,0.4853116892707625,-0.005462558142724561,45
phase48,Xizang 2025 M7.1,191,197.0,7.099999904632568,7.279733999449171,0.1797340948166024,0.1797340948166024,-0.003944514258771292,12
phase39,Iquique 2014 M7.7,192,198.0,7.699999809265137,7.537501269407067,-0.1624985398580696,0.1624985398580696,0.020512250075093164,11
phase39,Kodiak 2018 M7.9,192,198.0,7.900000095367432,7.838595811025018,-0.06140428434241407,0.06140428434241407,0.017433504296076485,64
phase39,Luding 2022 M6.6,192,198.0,6.599999904632568,7.040521594875353,0.4405216902427842,0.4405216902427842,0.029515868553863456,6
phase39,Mandalay 2025 M7.7,192,198.0,7.699999809265137,7.684896403983009,-0.015103405282127724,0.015103405282127724,0.009277513370676616,12
phase39,Nepal 2015 M7.3,192,198.0,7.300000190734863,7.188476105360253,-0.11152408537461067,0.11152408537461067,0.013341937850928964,5
phase39,Samos 2020 M7.0,192,198.0,7.0,6.784475035938,-0.21552496406200028,0.21552496406200028,0.02209262294115888,3
phase39,Sand 2025 M7.3,192,198.0,7.300000190734863,7.257699802153317,-0.0423003885815465,0.0423003885815465,0.0014149135750756159,45
phase39,Xizang 2025 M7.1,192,198.0,7.099999904632568,7.216423573769559,0.11642366913699043,0.11642366913699043,0.003858426221853506,12
phase47,Iquique 2014 M7.7,192,198.0,7.699999809265137,7.447859333298312,-0.2521404759668249,0.2521404759668249,-0.0018168315879547592,11
phase47,Kodiak 2018 M7.9,192,198.0,7.900000095367432,7.913536173393281,0.013536078025849108,0.013536078025849108,0.003953966114029761,64
phase47,Luding 2022 M6.6,192,198.0,6.599999904632568,7.4844354412177845,0.8844355365852161,0.8844355365852161,-0.005913349163006565,6
phase47,Mandalay 2025 M7.7,192,198.0,7.699999809265137,7.879679229521657,0.1796794202565204,0.1796794202565204,-0.0030263759235493737,12
phase47,Nepal 2015 M7.3,192,198.0,7.300000190734863,7.090366267747954,-0.2096339229869093,0.2096339229869093,4.963811905600579e-05,5
phase47,Samos 2020 M7.0,192,198.0,7.0,6.807160791266297,-0.19283920873370342,0.19283920873370342,-0.004661958805129984,3
phase47,Sand 2025 M7.3,192,198.0,7.300000190734863,7.9181947481413895,0.6181945574065262,0.6181945574065262,-0.027741021317730485,45
phase47,Xizang 2025 M7.1,192,198.0,7.099999904632568,7.734377695725174,0.6343777910926054,0.6343777910926054,-0.003580607365467614,12
phase48,Iquique 2014 M7.7,192,198.0,7.699999809265137,7.532661505152536,-0.16733830411260087,0.16733830411260087,-0.0010679659449905898,11
phase48,Kodiak 2018 M7.9,192,198.0,7.900000095367432,7.911507844455528,0.011507749088096375,0.011507749088096375,-0.001246944690280749,64
phase48,Luding 2022 M6.6,192,198.0,6.599999904632568,7.0475538076445225,0.4475539030119542,0.4475539030119542,0.0021713145252837407,6
phase48,Mandalay 2025 M7.7,192,198.0,7.699999809265137,8.010911556463109,0.3109117471979719,0.3109117471979719,-0.0046829979037958935,12
phase48,Nepal 2015 M7.3,192,198.0,7.300000190734863,7.080961685143228,-0.2190385055916355,0.2190385055916355,-0.00013698668856232388,5
phase48,Samos 2020 M7.0,192,198.0,7.0,6.855461387832987,-0.14453861216701291,0.14453861216701291,0.001059213024146466,3
phase48,Sand 2025 M7.3,192,198.0,7.300000190734863,7.777970459250787,0.4779702685159233,0.4779702685159233,-0.007341420754839234,45
phase48,Xizang 2025 M7.1,192,198.0,7.099999904632568,7.27503223442043,0.17503232978786176,0.17503232978786176,-0.004701765028740645,12
phase39,Iquique 2014 M7.7,193,199.0,7.699999809265137,7.555691781640274,-0.14430802762486294,0.14430802762486294,0.018190512233206668,11
phase39,Kodiak 2018 M7.9,193,199.0,7.900000095367432,7.8763421463363645,-0.023657949031067105,0.023657949031067105,0.03774633531134697,64
phase39,Luding 2022 M6.6,193,199.0,6.599999904632568,7.068128332065436,0.46812842743286787,0.46812842743286787,0.027606737190083663,6
phase39,Mandalay 2025 M7.7,193,199.0,7.699999809265137,7.699251141551806,-0.0007486677133305975,0.0007486677133305975,0.014354737568797127,12
phase39,Nepal 2015 M7.3,193,199.0,7.300000190734863,7.20226212014562,-0.09773807058924344,0.09773807058924344,0.013786014785367229,5
phase39,Samos 2020 M7.0,193,199.0,7.0,6.802541901905574,-0.19745809809442605,0.19745809809442605,0.01806686596757423,3
phase39,Sand 2025 M7.3,193,199.0,7.300000190734863,7.261208692012003,-0.03879149872286014,0.03879149872286014,0.0035088898586863593,45
phase39,Xizang 2025 M7.1,193,199.0,7.099999904632568,7.222332473826537,0.12233256919396851,0.12233256919396851,0.005908900056978084,12
phase47,Iquique 2014 M7.7,193,199.0,7.699999809265137,7.446608061256925,-0.2533917480082115,0.2533917480082115,-0.0012512720413866418,11
phase47,Kodiak 2018 M7.9,193,199.0,7.900000095367432,7.919432377862845,0.019432282495412956,0.019432282495412956,0.005896204469563848,64
phase47,Luding 2022 M6.6,193,199.0,6.599999904632568,7.482917872045327,0.8829179674127587,0.8829179674127587,-0.001517569172457378,6
phase47,Mandalay 2025 M7.7,193,199.0,7.699999809265137,7.881029428580161,0.1810296193150247,0.1810296193150247,0.0013501990585043089,12
phase47,Nepal 2015 M7.3,193,199.0,7.300000190734863,7.09039624259733,-0.20960394813753336,0.20960394813753336,2.9974849375946633e-05,5
phase47,Samos 2020 M7.0,193,199.0,7.0,6.802049327709884,-0.19795067229011565,0.19795067229011565,-0.005111463556412232,3
phase47,Sand 2025 M7.3,193,199.0,7.300000190734863,7.888334456730709,0.5883342659958455,0.5883342659958455,-0.029860291410680695,45
phase47,Xizang 2025 M7.1,193,199.0,7.099999904632568,7.740372151173234,0.6403722465406654,0.6403722465406654,0.005994455448059988,12
phase48,Iquique 2014 M7.7,193,199.0,7.699999809265137,7.5314608741668,-0.1685389350983364,0.1685389350983364,-0.001200630985735529,11
phase48,Kodiak 2018 M7.9,193,199.0,7.900000095367432,7.911627104395351,0.011627009027919577,0.011627009027919577,0.00011925993982320193,64
phase48,Luding 2022 M6.6,193,199.0,6.599999904632568,7.0497395332850346,0.4497396286524662,0.4497396286524662,0.002185725640512004,6
phase48,Mandalay 2025 M7.7,193,199.0,7.699999809265137,8.005262818868335,0.3052630096031983,0.3052630096031983,-0.0056487375947735785,12
phase48,Nepal 2015 M7.3,193,199.0,7.300000190734863,7.080899802628933,-0.21910038810593058,0.21910038810593058,-6.188251429506408e-05,5
phase48,Samos 2020 M7.0,193,199.0,7.0,6.856436876713079,-0.14356312328692056,0.14356312328692056,0.0009754888800923567,3
phase48,Sand 2025 M7.3,193,199.0,7.300000190734863,7.75966395233066,0.459663761595797,0.459663761595797,-0.018306506920126253,45
phase48,Xizang 2025 M7.1,193,199.0,7.099999904632568,7.271009215795811,0.17100931116324247,0.17100931116324247,-0.00402301862461929,12
phase39,Iquique 2014 M7.7,194,200.0,7.699999809265137,7.565682827368773,-0.13431698189636343,0.13431698189636343,0.009991045728499515,11
phase39,Kodiak 2018 M7.9,194,200.0,7.900000095367432,7.887997591798001,-0.012002503569430445,0.012002503569430445,0.01165544546163666,64
phase39,Luding 2022 M6.6,194,200.0,6.599999904632568,7.092159918558889,0.4921600139263207,0.4921600139263207,0.024031586493452828,6
phase39,Mandalay 2025 M7.7,194,200.0,7.699999809265137,7.714224424790782,0.014224615525645135,0.014224615525645135,0.014973283238975732,12
phase39,Nepal 2015 M7.3,194,200.0,7.300000190734863,7.211908527798425,-0.08809166293643855,0.08809166293643855,0.00964640765280489,5
phase39,Samos 2020 M7.0,194,200.0,7.0,6.812189411291012,-0.18781058870898804,0.18781058870898804,0.009647509385438013,3
phase39,Sand 2025 M7.3,194,200.0,7.300000190734863,7.256991847902118,-0.04300834283274568,0.04300834283274568,-0.0042168441098855425,45
phase39,Xizang 2025 M7.1,194,200.0,7.099999904632568,7.22669245127488,0.12669254664231122,0.12669254664231122,0.004359977448342711,12
phase47,Iquique 2014 M7.7,194,200.0,7.699999809265137,7.445692423210394,-0.2543073860547427,0.2543073860547427,-0.0009156380465311642,11
phase47,Kodiak 2018 M7.9,194,200.0,7.900000095367432,7.9267743247777585,0.02677422941032681,0.02677422941032681,0.007341946914913855,64
phase47,Luding 2022 M6.6,194,200.0,6.599999904632568,7.483068274359977,0.8830683697274084,0.8830683697274084,0.00015040231464968912,6
phase47,Mandalay 2025 M7.7,194,200.0,7.699999809265137,7.891489889301587,0.1914900800364503,0.1914900800364503,0.01046046072142559,12
phase47,Nepal 2015 M7.3,194,200.0,7.300000190734863,7.090204997958017,-0.20979519277684666,0.20979519277684666,-0.00019124463931330382,5
phase47,Samos 2020 M7.0,194,200.0,7.0,6.798537044703419,-0.20146295529658076,0.20146295529658076,-0.003512283006465111,3
phase47,Sand 2025 M7.3,194,200.0,7.300000190734863,7.85863083507438,0.5586306443395168,0.5586306443395168,-0.02970362165632867,45
phase47,Xizang 2025 M7.1,194,200.0,7.099999904632568,7.73422748985172,0.6342275852191515,0.6342275852191515,-0.006144661321513922,12
phase48,Iquique 2014 M7.7,194,200.0,7.699999809265137,7.530242663543616,-0.16975714572152079,0.16975714572152079,-0.0012182106231843903,11
phase48,Kodiak 2018 M7.9,194,200.0,7.900000095367432,7.914054702435456,0.014054607068024083,0.014054607068024083,0.002427598040104506,64
phase48,Luding 2022 M6.6,194,200.0,6.599999904632568,7.051730273684716,0.4517303690521475,0.4517303690521475,0.001990740399681279,6
phase48,Mandalay 2025 M7.7,194,200.0,7.699999809265137,7.990492151910381,0.29049234264524415,0.29049234264524415,-0.014770666957954148,12
phase48,Nepal 2015 M7.3,194,200.0,7.300000190734863,7.080641457184274,-0.21935873355058888,0.21935873355058888,-0.00025834544465830334,5
phase48,Samos 2020 M7.0,194,200.0,7.0,6.8573380395833645,-0.14266196041663548,0.14266196041663548,0.0009011628702850771,3
phase48,Sand 2025 M7.3,194,200.0,7.300000190734863,7.727294226461141,0.4272940357262778,0.4272940357262778,-0.03236972586951925,45
phase48,Xizang 2025 M7.1,194,200.0,7.099999904632568,7.267826009745918,0.16782610511334983,0.16782610511334983,-0.0031832060498926396,12
phase39,Iquique 2014 M7.7,195,201.0,7.699999809265137,7.56871242825682,-0.13128738100831683,0.13128738100831683,0.003029600888046602,11
phase39,Kodiak 2018 M7.9,195,201.0,7.900000095367432,7.926848372116499,0.026848276749067423,0.026848276749067423,0.03885078031849787,64
phase39,Luding 2022 M6.6,195,201.0,6.599999904632568,7.098893301287707,0.49889339665513877,0.49889339665513877,0.006733382728818071,6
phase39,Mandalay 2025 M7.7,195,201.0,7.699999809265137,7.724661109425793,0.024661300160656374,0.024661300160656374,0.01043668463501124,12
phase39,Nepal 2015 M7.3,195,201.0,7.300000190734863,7.2174329858375454,-0.08256720489731784,0.08256720489731784,0.0055244580391207165,5
phase39,Samos 2020 M7.0,195,201.0,7.0,6.81654432222343,-0.18345567777657035,0.18345567777657035,0.004354910932417688,3
phase39,Sand 2025 M7.3,195,201.0,7.300000190734863,7.264184173655563,-0.035816017079300266,0.035816017079300266,0.007192325753445417,45
phase39,Xizang 2025 M7.1,195,201.0,7.099999904632568,7.237447718843812,0.13744781421124408,0.13744781421124408,0.010755267568932858,12
phase47,Iquique 2014 M7.7,195,201.0,7.699999809265137,7.444805545287694,-0.25519426397744294,0.25519426397744294,-0.0008868779227002577,11
phase47,Kodiak 2018 M7.9,195,201.0,7.900000095367432,7.933680071990477,0.03367997662304578,0.03367997662304578,0.006905747212718971,64
phase47,Luding 2022 M6.6,195,201.0,6.599999904632568,7.481891975274122,0.8818920706415536,0.8818920706415536,-0.001176299085854815,6
phase47,Mandalay 2025 M7.7,195,201.0,7.699999809265137,7.911352566749349,0.211352757484212,0.211352757484212,0.019862677447761712,12
phase47,Nepal 2015 M7.3,195,201.0,7.300000190734863,7.089845919254047,-0.21015427148081667,0.21015427148081667,-0.0003590787039700061,5
phase47,Samos 2020 M7.0,195,201.0,7.0,6.796291591923367,-0.2037084080766327,0.2037084080766327,-0.0022454527800519486,3
phase47,Sand 2025 M7.3,195,201.0,7.300000190734863,7.833578129803801,0.5335779390689375,0.5335779390689375,-0.025052705270579345,45
phase47,Xizang 2025 M7.1,195,201.0,7.099999904632568,7.724762764915759,0.624762860283191,0.624762860283191,-0.009464724935960511,12
phase48,Iquique 2014 M7.7,195,201.0,7.699999809265137,7.529091786342558,-0.17090802292257834,0.17090802292257834,-0.001150877201057554,11
phase48,Kodiak 2018 M7.9,195,201.0,7.900000095367432,7.91179993748586,0.011799842118428217,0.011799842118428217,-0.0022547649495958666,64
phase48,Luding 2022 M6.6,195,201.0,6.599999904632568,7.0539949166798035,0.45399501204723514,0.45399501204723514,0.0022646429950876623,6
phase48,Mandalay 2025 M7.7,195,201.0,7.699999809265137,7.968627517535925,0.2686277082707882,0.2686277082707882,-0.02186463437445596,12
phase48,Nepal 2015 M7.3,195,201.0,7.300000190734863,7.080254942951658,-0.21974524778320514,0.21974524778320514,-0.00038651423261626405,5
phase48,Samos 2020 M7.0,195,201.0,7.0,6.858262243479322,-0.1417377565206781,0.1417377565206781,0.0009242038959573762,3
phase48,Sand 2025 M7.3,195,201.0,7.300000190734863,7.738676815584958,0.4386766248500944,0.4386766248500944,0.011382589123816622,45
phase48,Xizang 2025 M7.1,195,201.0,7.099999904632568,7.26538634197016,0.16538643733759173,0.16538643733759173,-0.002439667775758103,12
phase39,Iquique 2014 M7.7,196,202.0,7.699999809265137,7.569450161294302,-0.13054964797083457,0.13054964797083457,0.0007377330374822577,11
phase39,Kodiak 2018 M7.9,196,202.0,7.900000095367432,7.922524914041194,0.022524818673762326,0.022524818673762326,-0.004323458075305098,64
phase39,Luding 2022 M6.6,196,202.0,6.599999904632568,7.10141977164543,0.5014198670128618,0.5014198670128618,0.0025264703577230208,6
phase39,Mandalay 2025 M7.7,196,202.0,7.699999809265137,7.724208826359495,0.024209017094357854,0.024209017094357854,-0.00045228306629852,12
phase39,Nepal 2015 M7.3,196,202.0,7.300000190734863,7.218254772716106,-0.08174541801875712,0.08174541801875712,0.0008217868785607152,5
phase39,Samos 2020 M7.0,196,202.0,7.0,6.821094751982306,-0.1789052480176938,0.1789052480176938,0.00455042975887654,3
phase39,Sand 2025 M7.3,196,202.0,7.300000190734863,7.269487753883473,-0.03051243685139049,0.03051243685139049,0.005303580227909777,45
phase39,Xizang 2025 M7.1,196,202.0,7.099999904632568,7.250093307607342,0.15009340297477358,0.15009340297477358,0.012645588763529503,12
phase47,Iquique 2014 M7.7,196,202.0,7.699999809265137,7.443749672316508,-0.25625013694862897,0.25625013694862897,-0.0010558729711860337,11
phase47,Kodiak 2018 M7.9,196,202.0,7.900000095367432,7.940883955490566,0.0408838601231345,0.0408838601231345,0.007203883500088715,64
phase47,Luding 2022 M6.6,196,202.0,6.599999904632568,7.47128683127254,0.8712869266399714,0.8712869266399714,-0.01060514400158219,6
phase47,Mandalay 2025 M7.7,196,202.0,7.699999809265137,7.9190623919259355,0.2190625826607988,0.2190625826607988,0.007709825176586804,12
phase47,Nepal 2015 M7.3,196,202.0,7.300000190734863,7.089318001078679,-0.21068218965618435,0.21068218965618435,-0.0005279181753676809,5
phase47,Samos 2020 M7.0,196,202.0,7.0,6.79464722040515,-0.20535277959485043,0.20535277959485043,-0.0016443715182177243,3
phase47,Sand 2025 M7.3,196,202.0,7.300000190734863,7.825310214573684,0.5253100238388209,0.5253100238388209,-0.008267915230116607,45
phase47,Xizang 2025 M7.1,196,202.0,7.099999904632568,7.7173185840321725,0.6173186793996042,0.6173186793996042,-0.007444180883586782,12
phase48,Iquique 2014 M7.7,196,202.0,7.699999809265137,7.527941062408389,-0.17205874685674782,0.17205874685674782,-0.0011507239341694842,11
phase48,Kodiak 2018 M7.9,196,202.0,7.900000095367432,7.908510835955267,0.008510740587835741,0.008510740587835741,-0.0032891015305924753,64
phase48,Luding 2022 M6.6,196,202.0,6.599999904632568,7.05644742122896,0.45644751659639127,0.45644751659639127,0.0024525045491561315,6
phase48,Mandalay 2025 M7.7,196,202.0,7.699999809265137,7.969711689229844,0.26971187996470736,0.26971187996470736,0.001084171693919167,12
phase48,Nepal 2015 M7.3,196,202.0,7.300000190734863,7.079907938549227,-0.2200922521856361,0.2200922521856361,-0.00034700440243096153,5
phase48,Samos 2020 M7.0,196,202.0,7.0,6.859103940509561,-0.14089605949043893,0.14089605949043893,0.0008416970302391746,3
phase48,Sand 2025 M7.3,196,202.0,7.300000190734863,7.722888499958942,0.4228883092240787,0.4228883092240787,-0.01578831562601568,45
phase48,Xizang 2025 M7.1,196,202.0,7.099999904632568,7.263634076420247,0.16363417178767836,0.16363417178767836,-0.0017522655499133677,12
phase39,Iquique 2014 M7.7,197,203.0,7.699999809265137,7.571446066986047,-0.1285537422790899,0.1285537422790899,0.0019959056917446816,11
phase39,Kodiak 2018 M7.9,197,203.0,7.900000095367432,7.8985982378482875,-0.001401857519144123,0.001401857519144123,-0.02392667619290645,64
phase39,Luding 2022 M6.6,197,203.0,6.599999904632568,7.0978965254536455,0.4978966208210771,0.4978966208210771,-0.003523246191784679,6
phase39,Mandalay 2025 M7.7,197,203.0,7.699999809265137,7.708460760932262,0.008460951667125016,0.008460951667125016,-0.015748065427232838,12
phase39,Nepal 2015 M7.3,197,203.0,7.300000190734863,7.2170608409755355,-0.08293934975932782,0.08293934975932782,-0.0011939317405706973,5
phase39,Samos 2020 M7.0,197,203.0,7.0,6.827811061343419,-0.17218893865658114,0.17218893865658114,0.006716309361112671,3
phase39,Sand 2025 M7.3,197,203.0,7.300000190734863,7.252295664837555,-0.047704525897308336,0.047704525897308336,-0.017192089045917847,45
phase39,Xizang 2025 M7.1,197,203.0,7.099999904632568,7.25745239134864,0.15745248671607204,0.15745248671607204,0.0073590837412984555,12
phase47,Iquique 2014 M7.7,197,203.0,7.699999809265137,7.442570132780757,-0.25742967648437975,0.25742967648437975,-0.0011795395357507843,11
phase47,Kodiak 2018 M7.9,197,203.0,7.900000095367432,7.939281320706138,0.039281225338706705,0.039281225338706705,-0.0016026347844277922,64
phase47,Luding 2022 M6.6,197,203.0,6.599999904632568,7.4622142057471175,0.8622143011145491,0.8622143011145491,-0.009072625525422318,6
phase47,Mandalay 2025 M7.7,197,203.0,7.699999809265137,7.916250410374982,0.21625060110984506,0.21625060110984506,-0.002811981550953746,12
phase47,Nepal 2015 M7.3,197,203.0,7.300000190734863,7.088592501483029,-0.21140768925183462,0.21140768925183462,-0.0007254995956502697,5
phase47,Samos 2020 M7.0,197,203.0,7.0,6.792283574570072,-0.2077164254299282,0.2077164254299282,-0.0023636458350777545,3
phase47,Sand 2025 M7.3,197,203.0,7.300000190734863,7.834691539290454,0.5346913485555911,0.5346913485555911,0.009381324716770223,45
phase47,Xizang 2025 M7.1,197,203.0,7.099999904632568,7.724914072886477,0.624914168253909,0.624914168253909,0.007595488854304833,12
phase48,Iquique 2014 M7.7,197,203.0,7.699999809265137,7.526748180601151,-0.17325162866398536,0.17325162866398536,-0.0011928818072375336,11
phase48,Kodiak 2018 M7.9,197,203.0,7.900000095367432,7.906221245955981,0.006221150588549662,0.006221150588549662,-0.002289589999286079,64
phase48,Luding 2022 M6.6,197,203.0,6.599999904632568,7.058809982332972,0.45881007770040405,0.45881007770040405,0.0023625611040127836,6
phase48,Mandalay 2025 M7.7,197,203.0,7.699999809265137,7.969844210072441,0.26984440080730465,0.26984440080730465,0.00013252084259729457,12
phase48,Nepal 2015 M7.3,197,203.0,7.300000190734863,7.079696987367177,-0.2203032033676866,0.2203032033676866,-0.00021095118205050056,5
phase48,Samos 2020 M7.0,197,203.0,7.0,6.859842699904929,-0.14015730009507088,0.14015730009507088,0.0007387593953680494,3
phase48,Sand 2025 M7.3,197,203.0,7.300000190734863,7.691696014638493,0.3916958239036301,0.3916958239036301,-0.031192485320448604,45
phase48,Xizang 2025 M7.1,197,203.0,7.099999904632568,7.263163613366719,0.16316370873415043,0.16316370873415043,-0.0004704630535279364,12
phase39,Iquique 2014 M7.7,198,204.0,7.699999809265137,7.568371121880312,-0.1316286873848247,0.1316286873848247,-0.0030749451057348054,11
phase39,Kodiak 2018 M7.9,198,204.0,7.900000095367432,7.897523536638787,-0.0024765587286443846,0.0024765587286443846,-0.0010747012095002617,64
phase39,Luding 2022 M6.6,198,204.0,6.599999904632568,7.087499552191123,0.4874996475585549,0.4874996475585549,-0.010396973262522202,6
phase39,Mandalay 2025 M7.7,198,204.0,7.699999809265137,7.685961659184697,-0.014038150080439848,0.014038150080439848,-0.022499101747564865,12
phase39,Nepal 2015 M7.3,198,204.0,7.300000190734863,7.214141747987484,-0.0858584427473792,0.0858584427473792,-0.002919092988051375,5
phase39,Samos 2020 M7.0,198,204.0,7.0,6.8331103282830945,-0.1668896717169055,0.1668896717169055,0.00529926693967564,3
phase39,Sand 2025 M7.3,198,204.0,7.300000190734863,7.236817615914185,-0.06318257482067846,0.06318257482067846,-0.015478048923370125,45
phase39,Xizang 2025 M7.1,198,204.0,7.099999904632568,7.2555858013893415,0.15558589675677315,0.15558589675677315,-0.0018665899592988922,12
phase47,Iquique 2014 M7.7,198,204.0,7.699999809265137,7.441245829282597,-0.25875397998254,0.25875397998254,-0.001324303498160262,11
phase47,Kodiak 2018 M7.9,198,204.0,7.900000095367432,7.940595672545813,0.04059557717838125,0.04059557717838125,0.0013143518396745435,64
phase47,Luding 2022 M6.6,198,204.0,6.599999904632568,7.458093314101342,0.8580934094687738,0.8580934094687738,-0.0041208916457753375,6
phase47,Mandalay 2025 M7.7,198,204.0,7.699999809265137,7.913175559860768,0.21317575059563154,0.21317575059563154,-0.003074850514213523,12
phase47,Nepal 2015 M7.3,198,204.0,7.300000190734863,7.088020312286937,-0.21197987844792632,0.21197987844792632,-0.0005721891960916992,5
phase47,Samos 2020 M7.0,198,204.0,7.0,6.7902415474713615,-0.20975845252863845,0.20975845252863845,-0.002042027098710264,3
phase47,Sand 2025 M7.3,198,204.0,7.300000190734863,7.851745600994887,0.5517454102600237,0.5517454102600237,0.017054061704432577,45
phase47,Xizang 2025 M7.1,198,204.0,7.099999904632568,7.762359408755861,0.6623595041232928,0.6623595041232928,0.03744533586938381,12
phase48,Iquique 2014 M7.7,198,204.0,7.699999809265137,7.526146217784892,-0.1738535914802446,0.1738535914802446,-0.0006019628162592383,11
phase48,Kodiak 2018 M7.9,198,204.0,7.900000095367432,7.908601341895875,0.008601246528443518,0.008601246528443518,0.002380095939893856,64
phase48,Luding 2022 M6.6,198,204.0,6.599999904632568,7.060910068084478,0.46091016345190994,0.46091016345190994,0.002100085751505887,6
phase48,Mandalay 2025 M7.7,198,204.0,7.699999809265137,7.969730933746707,0.2697311244815701,0.2697311244815701,-0.00011327632573454594,12
phase48,Nepal 2015 M7.3,198,204.0,7.300000190734863,7.079551207381126,-0.2204489833537373,0.2204489833537373,-0.00014577998605069808,5
phase48,Samos 2020 M7.0,198,204.0,7.0,6.860557336165206,-0.1394426638347941,0.1394426638347941,0.0007146362602767908,3
phase48,Sand 2025 M7.3,198,204.0,7.300000190734863,7.671537322916816,0.3715371321819525,0.3715371321819525,-0.020158691721677613,45
phase48,Xizang 2025 M7.1,198,204.0,7.099999904632568,7.264229975792748,0.16423007116017985,0.16423007116017985,0.0010663624260294213,12
phase39,Iquique 2014 M7.7,199,205.0,7.699999809265137,7.5584408334409385,-0.14155897582419819,0.14155897582419819,-0.009930288439373491,11
phase39,Kodiak 2018 M7.9,199,205.0,7.900000095367432,7.883860200028452,-0.01613989533897975,0.01613989533897975,-0.013663336610335364,64
phase39,Luding 2022 M6.6,199,205.0,6.599999904632568,7.073483330466641,0.47348342583407277,0.47348342583407277,-0.014016221724482136,6
phase39,Mandalay 2025 M7.7,199,205.0,7.699999809265137,7.664117499372079,-0.03588230989305785,0.03588230989305785,-0.021844159812618003,12
phase39,Nepal 2015 M7.3,199,205.0,7.300000190734863,7.210197750950725,-0.0898024397841386,0.0898024397841386,-0.003943997036759406,5
phase39,Samos 2020 M7.0,199,205.0,7.0,6.833349931775154,-0.16665006822484596,0.16665006822484596,0.0002396034920595369,3
phase39,Sand 2025 M7.3,199,205.0,7.300000190734863,7.227522346977237,-0.07247784375762656,0.07247784375762656,-0.009295268936948098,45
phase39,Xizang 2025 M7.1,199,205.0,7.099999904632568,7.23913536787277,0.13913546324020132,0.13913546324020132,-0.016450433516571827,12
phase47,Iquique 2014 M7.7,199,205.0,7.699999809265137,7.439833168534937,-0.26016664073019946,0.26016664073019946,-0.0014126607476594444,11
phase47,Kodiak 2018 M7.9,199,205.0,7.900000095367432,7.937442400424276,0.037442305056844205,0.037442305056844205,-0.003153272121537043,64
phase47,Luding 2022 M6.6,199,205.0,6.599999904632568,7.4582993069967785,0.8582994023642101,0.8582994023642101,0.00020599289543632437,6
phase47,Mandalay 2025 M7.7,199,205.0,7.699999809265137,7.910622624446587,0.2106228151814502,0.2106228151814502,-0.0025529354141813343,12
phase47,Nepal 2015 M7.3,199,205.0,7.300000190734863,7.08757861131656,-0.21242157941830353,0.21242157941830353,-0.00044170097037721234,5
phase47,Samos 2020 M7.0,199,205.0,7.0,6.79007469806467,-0.2099253019353302,0.2099253019353302,-0.0001668494066917603,3
phase47,Sand 2025 M7.3,199,205.0,7.300000190734863,7.87302980028332,0.573029609548457,0.573029609548457,0.021284199288433392,45
phase47,Xizang 2025 M7.1,199,205.0,7.099999904632568,7.812548050597917,0.7125481459653482,0.7125481459653482,0.050188641842055404,12
phase48,Iquique 2014 M7.7,199,205.0,7.699999809265137,7.526106436125245,-0.17389337313989195,0.17389337313989195,-3.978165964735325e-05,11
phase48,Kodiak 2018 M7.9,199,205.0,7.900000095367432,7.9061207571752306,0.0061206618077989106,0.0061206618077989106,-0.0024805847206446074,64
phase48,Luding 2022 M6.6,199,205.0,6.599999904632568,7.062609365678228,0.4626094610456599,0.4626094610456599,0.0016992975937499821,6
phase48,Mandalay 2025 M7.7,199,205.0,7.699999809265137,7.968920315770284,0.26892050650514765,0.26892050650514765,-0.0008106179764224564,12
phase48,Nepal 2015 M7.3,199,205.0,7.300000190734863,7.079461859178732,-0.22053833155613134,0.22053833155613134,-8.934820239403507e-05,5
phase48,Samos 2020 M7.0,199,205.0,7.0,6.861320592541826,-0.13867940745817364,0.13867940745817364,0.000763256376620447,3
phase48,Sand 2025 M7.3,199,205.0,7.300000190734863,7.6726871562623895,0.3726869655275262,0.3726869655275262,0.0011498333455737253,45
phase48,Xizang 2025 M7.1,199,205.0,7.099999904632568,7.265696735865314,0.16569683123274537,0.16569683123274537,0.0014667600725655205,12
phase39,Iquique 2014 M7.7,200,206.0,7.699999809265137,7.552301058688192,-0.1476987505769447,0.1476987505769447,-0.0061397747527465185,11
phase39,Kodiak 2018 M7.9,200,206.0,7.900000095367432,7.859626559672003,-0.04037353569542823,0.04037353569542823,-0.024233640356448483,64
phase39,Luding 2022 M6.6,200,206.0,6.599999904632568,7.0684426209790985,0.4684427163465301,0.4684427163465301,-0.0050407094875426495,6
phase39,Mandalay 2025 M7.7,200,206.0,7.699999809265137,7.652294187741406,-0.04770562152373081,0.04770562152373081,-0.011823311630672961,12
phase39,Nepal 2015 M7.3,200,206.0,7.300000190734863,7.20728195879539,-0.09271823193947348,0.09271823193947348,-0.0029157921553348842,5
phase39,Samos 2020 M7.0,200,206.0,7.0,6.830374390703455,-0.1696256092965447,0.1696256092965447,-0.0029755410716987285,3
phase39,Sand 2025 M7.3,200,206.0,7.300000190734863,7.23757968413244,-0.06242050660242349,0.06242050660242349,0.010057337155203072,45
phase39,Xizang 2025 M7.1,200,206.0,7.099999904632568,7.2529136116403565,0.15291370700778817,0.15291370700778817,0.01377824376758685,12
phase47,Iquique 2014 M7.7,200,206.0,7.699999809265137,7.4389915169582235,-0.26100829230691325,0.26100829230691325,-0.0008416515767137867,11
phase47,Kodiak 2018 M7.9,200,206.0,7.900000095367432,7.932973144189834,0.03297304882240226,0.03297304882240226,-0.004469256234441943,64
phase47,Luding 2022 M6.6,200,206.0,6.599999904632568,7.462532783168189,0.862532878535621,0.862532878535621,0.004233476171410899,6
phase47,Mandalay 2025 M7.7,200,206.0,7.699999809265137,7.909767649216073,0.20976783995093662,0.20976783995093662,-0.0008549752305135883,12
phase47,Nepal 2015 M7.3,200,206.0,7.300000190734863,7.087103670619819,-0.21289652011504412,0.21289652011504412,-0.0004749406967405889,5
phase47,Samos 2020 M7.0,200,206.0,7.0,6.790741785675198,-0.20925821432480163,0.20925821432480163,0.0006670876105285828,3
phase47,Sand 2025 M7.3,200,206.0,7.300000190734863,7.875051053408269,0.5750508626734057,0.5750508626734057,0.0020212531249486076,45
phase47,Xizang 2025 M7.1,200,206.0,7.099999904632568,7.8470858802599075,0.7470859756273391,0.7470859756273391,0.034537829661990926,12
phase48,Iquique 2014 M7.7,200,206.0,7.699999809265137,7.526182625543293,-0.17381718372184363,0.17381718372184363,7.618941804832247e-05,11
phase48,Kodiak 2018 M7.9,200,206.0,7.900000095367432,7.908437350276459,0.008437254909027025,0.008437254909027025,0.002316593101228115,64
phase48,Luding 2022 M6.6,200,206.0,6.599999904632568,7.063929657932956,0.46392975330038766,0.46392975330038766,0.0013202922547277396,6
phase48,Mandalay 2025 M7.7,200,206.0,7.699999809265137,7.962137833049969,0.2621380237848321,0.2621380237848321,-0.0067824827203155635,12
phase48,Nepal 2015 M7.3,200,206.0,7.300000190734863,7.079476094723201,-0.2205240960116619,0.2205240960116619,1.4235544469443084e-05,5
phase48,Samos 2020 M7.0,200,206.0,7.0,6.862263561818066,-0.1377364381819337,0.1377364381819337,0.0009429692762399355,3
phase48,Sand 2025 M7.3,200,206.0,7.300000190734863,7.6700186309782845,0.37001844024342123,0.37001844024342123,-0.0026685252841049945,45
phase48,Xizang 2025 M7.1,200,206.0,7.099999904632568,7.265614375976353,0.16561447134378504,0.16561447134378504,-8.235988896032609e-05,12
