event,horizon_sec,mw_pred,mw_reference,error,abs_error,anchor_mw,neural_residual_mw,active_station_count,used_station_count,used_stations
"M 7.7 - 53 km SW of Iquique, Chile",7.0,5.397488117218018,7.7,-2.3025118827819826,2.3025118827819826,5.229020118713379,0.1684681624174118,2,2,AEDA|IQQE
"M 7.7 - 53 km SW of Iquique, Chile",8.0,5.6170148849487305,7.7,-2.0829851150512697,2.0829851150512697,5.449275493621826,0.16773922741413116,2,2,AEDA|IQQE
"M 7.7 - 53 km SW of Iquique, Chile",9.0,5.657107830047607,7.7,-2.0428921699523928,2.0428921699523928,5.490286827087402,0.16682107746601105,2,2,AEDA|IQQE
"M 7.7 - 53 km SW of Iquique, Chile",10.0,5.739484786987305,7.7,-1.9605152130126955,1.9605152130126955,5.573719024658203,0.16576553881168365,2,2,AEDA|IQQE
"M 7.7 - 53 km SW of Iquique, Chile",11.0,5.900643348693848,7.7,-1.7993566513061525,1.7993566513061525,5.73588752746582,0.16475582122802734,2,2,IQQE|AEDA
"M 7.7 - 53 km SW of Iquique, Chile",12.0,6.022943019866943,7.7,-1.6770569801330568,1.6770569801330568,5.859316825866699,0.16362597048282623,2,2,IQQE|AEDA
"M 7.7 - 53 km SW of Iquique, Chile",13.0,6.058045864105225,7.7,-1.6419541358947756,1.6419541358947756,5.895572185516357,0.16247384250164032,2,2,IQQE|AEDA
"M 7.7 - 53 km SW of Iquique, Chile",14.0,6.21216344833374,7.7,-1.48783655166626,1.48783655166626,6.049640655517578,0.16252294182777405,3,3,IQQE|PB02|AEDA
"M 7.7 - 53 km SW of Iquique, Chile",15.0,6.276971817016602,7.7,-1.4230281829833986,1.4230281829833986,6.11484432220459,0.16212739050388336,4,4,IQQE|PB02|PSGA|AEDA
"M 7.7 - 53 km SW of Iquique, Chile",16.0,6.327637195587158,7.7,-1.372362804412842,1.372362804412842,6.16630220413208,0.16133485734462738,5,5,IQQE|PB02|PSGA|PB01|AEDA
"M 7.7 - 53 km SW of Iquique, Chile",17.0,6.328075885772705,7.7,-1.371924114227295,1.371924114227295,6.1676764488220215,0.16039925813674927,6,5,IQQE|PB02|PSGA|PB01|AEDA
"M 7.7 - 53 km SW of Iquique, Chile",18.0,6.340272903442383,7.7,-1.3597270965576174,1.3597270965576174,6.180812835693359,0.15945985913276672,7,5,AEDA|PB02|IQQE|PSGA|PB01
"M 7.7 - 53 km SW of Iquique, Chile",19.0,6.378950595855713,7.7,-1.3210494041442873,1.3210494041442873,6.220400810241699,0.15854980051517487,8,5,AEDA|PB02|IQQE|PSGA|PB01
"M 7.7 - 53 km SW of Iquique, Chile",20.0,6.450148582458496,7.7,-1.249851417541504,1.249851417541504,6.29249382019043,0.15765497088432312,8,5,AEDA|PB02|IQQE|PSGA|PB01
"M 7.7 - 53 km SW of Iquique, Chile",21.0,6.56314754486084,7.7,-1.1368524551391603,1.1368524551391603,6.4064483642578125,0.15669922530651093,8,5,AEDA|IQQE|PB02|PSGA|PB01
"M 7.7 - 53 km SW of Iquique, Chile",22.0,6.681637763977051,7.7,-1.0183622360229494,1.0183622360229494,6.525993824005127,0.1556437611579895,8,5,AEDA|IQQE|PB02|PSGA|PB01
"M 7.7 - 53 km SW of Iquique, Chile",23.0,6.762905120849609,7.7,-0.9370948791503908,0.9370948791503908,6.608234405517578,0.15467052161693573,8,5,AEDA|IQQE|PB02|PSGA|PB01
"M 7.7 - 53 km SW of Iquique, Chile",24.0,6.832469463348389,7.7,-0.8675305366516115,0.8675305366516115,6.6788010597229,0.15366840362548828,9,5,AEDA|IQQE|PB02|PSGA|PB01
"M 7.7 - 53 km SW of Iquique, Chile",25.0,6.886022567749023,7.7,-0.8139774322509767,0.8139774322509767,6.733363151550293,0.15265929698944092,9,5,AEDA|IQQE|PB02|PSGA|PB01
"M 7.7 - 53 km SW of Iquique, Chile",26.0,6.929166316986084,7.7,-0.7708336830139162,0.7708336830139162,6.77718448638916,0.15198184549808502,9,5,AEDA|IQQE|PB02|MNMI|PSGA
"M 7.7 - 53 km SW of Iquique, Chile",27.0,6.966333389282227,7.7,-0.7336666107177736,0.7336666107177736,6.815349102020264,0.1509844809770584,9,5,AEDA|IQQE|PB02|MNMI|PSGA
"M 7.7 - 53 km SW of Iquique, Chile",28.0,7.007913112640381,7.7,-0.6920868873596193,0.6920868873596193,6.857986927032471,0.14992639422416687,9,5,AEDA|IQQE|PB02|MNMI|PSGA
"M 7.7 - 53 km SW of Iquique, Chile",29.0,7.059417724609375,7.7,-0.6405822753906252,0.6405822753906252,6.910635948181152,0.14878161251544952,9,5,AEDA|IQQE|PB02|MNMI|PSGA
"M 7.7 - 53 km SW of Iquique, Chile",30.0,7.115887641906738,7.7,-0.5841123580932619,0.5841123580932619,6.968306541442871,0.14758090674877167,10,5,AEDA|IQQE|PB02|MNMI|PSGA
"M 7.7 - 53 km SW of Iquique, Chile",31.0,7.168496131896973,7.7,-0.5315038681030275,0.5315038681030275,7.022105693817139,0.14639058709144592,11,5,AEDA|IQQE|PB02|MNMI|PSGA
"M 7.7 - 53 km SW of Iquique, Chile",32.0,7.211265563964844,7.7,-0.4887344360351564,0.4887344360351564,7.065793991088867,0.14547157287597656,11,5,AEDA|IQQE|PB02|PB01|MNMI
"M 7.7 - 53 km SW of Iquique, Chile",33.0,7.242397785186768,7.7,-0.4576022148132326,0.4576022148132326,7.098016738891602,0.14438098669052124,11,5,AEDA|IQQE|PB02|PB01|MNMI
"M 7.7 - 53 km SW of Iquique, Chile",34.0,7.261971473693848,7.7,-0.4380285263061525,0.4380285263061525,7.122316360473633,0.13965502381324768,11,5,AEDA|IQQE|PB02|PB01|PSGA
"M 7.7 - 53 km SW of Iquique, Chile",35.0,7.281432151794434,7.7,-0.4185678482055666,0.4185678482055666,7.143640995025635,0.13779130578041077,11,5,AEDA|IQQE|PB02|PB01|PSGA
"M 7.7 - 53 km SW of Iquique, Chile",36.0,7.300357341766357,7.7,-0.39964265823364276,0.39964265823364276,7.164561748504639,0.135795459151268,11,5,AEDA|IQQE|PB02|PB01|PSGA
"M 7.7 - 53 km SW of Iquique, Chile",37.0,7.331184387207031,7.7,-0.3688156127929689,0.3688156127929689,7.197233200073242,0.13395094871520996,11,5,AEDA|IQQE|PB02|PB01|PSGA
"M 7.7 - 53 km SW of Iquique, Chile",38.0,7.379961967468262,7.7,-0.32003803253173846,0.32003803253173846,7.2460103034973145,0.13395148515701294,11,5,AEDA|IQQE|PB01|PB02|PB11
"M 7.7 - 53 km SW of Iquique, Chile",39.0,7.416719913482666,7.7,-0.28328008651733416,0.28328008651733416,7.284476280212402,0.13224384188652039,11,5,AEDA|IQQE|PB01|PB02|PB11
"M 7.7 - 53 km SW of Iquique, Chile",40.0,7.441758632659912,7.7,-0.25824136734008807,0.25824136734008807,7.311494827270508,0.13026362657546997,11,5,AEDA|IQQE|PB01|PB02|PB11
"M 7.7 - 53 km SW of Iquique, Chile",41.0,7.458955764770508,7.7,-0.24104423522949237,0.24104423522949237,7.330923080444336,0.1280328333377838,11,5,AEDA|IQQE|PB01|PB11|PB02
"M 7.7 - 53 km SW of Iquique, Chile",42.0,7.517893314361572,7.7,-0.1821066856384279,0.1821066856384279,7.3836350440979,0.13425837457180023,11,5,AEDA|IQQE|PB01|PB11|PCHA
"M 7.7 - 53 km SW of Iquique, Chile",43.0,7.559649467468262,7.7,-0.14035053253173846,0.14035053253173846,7.427239418029785,0.13240988552570343,11,5,AEDA|IQQE|PB11|PCHA|PB01
"M 7.7 - 53 km SW of Iquique, Chile",44.0,7.600919723510742,7.7,-0.09908027648925799,0.09908027648925799,7.4702887535095215,0.1306307315826416,11,5,AEDA|IQQE|PCHA|PB11|PB01
"M 7.7 - 53 km SW of Iquique, Chile",45.0,7.641517162322998,7.7,-0.05848283767700213,0.05848283767700213,7.510553359985352,0.1309640258550644,11,5,AEDA|IQQE|PCHA|PB11|PB08
"M 7.7 - 53 km SW of Iquique, Chile",46.0,7.6609954833984375,7.7,-0.03900451660156268,0.03900451660156268,7.53133487701416,0.12966056168079376,11,5,AEDA|IQQE|PCHA|PB08|PB11
"M 7.7 - 53 km SW of Iquique, Chile",47.0,7.670594215393066,7.7,-0.02940578460693377,0.02940578460693377,7.542117118835449,0.12847699224948883,11,5,AEDA|IQQE|PCHA|PB08|PB11
"M 7.7 - 53 km SW of Iquique, Chile",48.0,7.681021690368652,7.7,-0.018978309631347834,0.018978309631347834,7.553832530975342,0.12718935310840607,11,5,AEDA|IQQE|PCHA|PB08|PB11
"M 7.7 - 53 km SW of Iquique, Chile",49.0,7.700703144073486,7.7,0.0007031440734861505,0.0007031440734861505,7.574900150299072,0.12580309808254242,11,5,AEDA|IQQE|PCHA|PB11|PB08
"M 7.7 - 53 km SW of Iquique, Chile",50.0,7.7323174476623535,7.7,0.03231744766235334,0.03231744766235334,7.607909679412842,0.12440787255764008,11,5,AEDA|IQQE|PCHA|PB11|PB08
"M 7.7 - 53 km SW of Iquique, Chile",51.0,7.762263298034668,7.7,0.06226329803466779,0.06226329803466779,7.638962745666504,0.12330035865306854,11,5,AEDA|IQQE|PCHA|PB11|PB08
"M 7.7 - 53 km SW of Iquique, Chile",52.0,7.787231922149658,7.7,0.08723192214965803,0.08723192214965803,7.6649603843688965,0.12227148562669754,11,5,AEDA|IQQE|PCHA|PB11|PB08
"M 7.7 - 53 km SW of Iquique, Chile",53.0,7.806178092956543,7.7,0.10617809295654279,0.10617809295654279,7.684805870056152,0.12137231230735779,11,5,AEDA|IQQE|PCHA|PB08|PB11
"M 7.7 - 53 km SW of Iquique, Chile",54.0,7.821020126342773,7.7,0.12102012634277326,0.12102012634277326,7.700657844543457,0.12036217004060745,11,5,AEDA|IQQE|PCHA|PB08|PB11
"M 7.7 - 53 km SW of Iquique, Chile",55.0,7.833349227905273,7.7,0.13334922790527326,0.13334922790527326,7.713888645172119,0.11946040391921997,11,5,AEDA|IQQE|PB08|PCHA|PB11
"M 7.7 - 53 km SW of Iquique, Chile",56.0,7.837254047393799,7.7,0.13725404739379865,0.13725404739379865,7.718791961669922,0.11846189200878143,11,5,AEDA|PB08|IQQE|PCHA|PB11
"M 7.7 - 53 km SW of Iquique, Chile",57.0,7.836222171783447,7.7,0.1362221717834471,0.1362221717834471,7.718791961669922,0.11743001639842987,11,5,AEDA|PB08|IQQE|PCHA|PB11
"M 7.7 - 53 km SW of Iquique, Chile",58.0,7.835210800170898,7.7,0.13521080017089826,0.13521080017089826,7.718791961669922,0.11641880869865417,11,5,AEDA|PB08|IQQE|PCHA|PB11
"M 7.7 - 53 km SW of Iquique, Chile",59.0,7.834162712097168,7.7,0.1341627120971678,0.1341627120971678,7.718791961669922,0.11537059396505356,11,5,AEDA|PB08|IQQE|PCHA|PB11
"M 7.7 - 53 km SW of Iquique, Chile",60.0,7.833084583282471,7.7,0.13308458328247053,0.13308458328247053,7.718791961669922,0.1142926812171936,11,5,AEDA|PB08|IQQE|PCHA|PB11
"M 7.7 - 53 km SW of Iquique, Chile",61.0,7.832026958465576,7.7,0.132026958465576,0.132026958465576,7.718791961669922,0.11323480308055878,11,5,AEDA|PB08|IQQE|PCHA|PB11
"M 7.7 - 53 km SW of Iquique, Chile",62.0,7.830992698669434,7.7,0.13099269866943342,0.13099269866943342,7.718791961669922,0.11220094561576843,11,5,AEDA|PB08|IQQE|PCHA|PB11
"M 7.7 - 53 km SW of Iquique, Chile",63.0,7.830038547515869,7.7,0.13003854751586896,0.13003854751586896,7.718791961669922,0.11124654859304428,11,5,AEDA|PB08|IQQE|PCHA|PB11
"M 7.7 - 53 km SW of Iquique, Chile",64.0,7.829131603240967,7.7,0.12913160324096662,0.12913160324096662,7.718791961669922,0.11033954471349716,11,5,AEDA|PB08|IQQE|PCHA|PB11
"M 7.7 - 53 km SW of Iquique, Chile",65.0,7.828203201293945,7.7,0.12820320129394513,0.12820320129394513,7.718791961669922,0.10941118746995926,11,5,AEDA|PB08|IQQE|PCHA|PB11
"M 7.7 - 53 km SW of Iquique, Chile",66.0,7.827221393585205,7.7,0.1272213935852049,0.1272213935852049,7.718791961669922,0.10842940211296082,11,5,AEDA|PB08|IQQE|PCHA|PB11
"M 7.7 - 53 km SW of Iquique, Chile",67.0,7.8262128829956055,7.7,0.1262128829956053,0.1262128829956053,7.718791961669922,0.10742080211639404,11,5,AEDA|PB08|IQQE|PCHA|PB11
"M 7.7 - 53 km SW of Iquique, Chile",68.0,7.825228214263916,7.7,0.12522821426391584,0.12522821426391584,7.718791961669922,0.10643602162599564,11,5,AEDA|PB08|IQQE|PCHA|PB11
"M 7.7 - 53 km SW of Iquique, Chile",69.0,7.824300289154053,7.7,0.12430028915405256,0.12430028915405256,7.718791961669922,0.1055082306265831,11,5,AEDA|PB08|IQQE|PCHA|PB11
"M 7.7 - 53 km SW of Iquique, Chile",70.0,7.823408603668213,7.7,0.12340860366821271,0.12340860366821271,7.718791961669922,0.10461673140525818,11,5,AEDA|PB08|IQQE|PCHA|PB11
"M 7.7 - 53 km SW of Iquique, Chile",71.0,7.822499752044678,7.7,0.12249975204467756,0.12249975204467756,7.718791961669922,0.1037077009677887,11,5,AEDA|PB08|IQQE|PCHA|PB11
"M 7.7 - 53 km SW of Iquique, Chile",72.0,7.821539878845215,7.7,0.12153987884521467,0.12153987884521467,7.718791961669922,0.10274803638458252,11,5,AEDA|PB08|IQQE|PCHA|PB11
"M 7.7 - 53 km SW of Iquique, Chile",73.0,7.8205246925354,7.7,0.12052469253540021,0.12052469253540021,7.718791961669922,0.10173262655735016,11,5,AEDA|PB08|IQQE|PCHA|PB11
"M 7.7 - 53 km SW of Iquique, Chile",74.0,7.819515228271484,7.7,0.1195152282714842,0.1195152282714842,7.718791961669922,0.10072340071201324,11,5,AEDA|PB08|IQQE|PCHA|PB11
"M 7.7 - 53 km SW of Iquique, Chile",75.0,7.818554878234863,7.7,0.1185548782348631,0.1185548782348631,7.718791961669922,0.09976309537887573,11,5,AEDA|PB08|IQQE|PCHA|PB11
"M 7.7 - 53 km SW of Iquique, Chile",76.0,7.817655086517334,7.7,0.1176550865173338,0.1176550865173338,7.718791961669922,0.09886325150728226,11,5,AEDA|PB08|IQQE|PCHA|PB11
"M 7.7 - 53 km SW of Iquique, Chile",77.0,7.816783428192139,7.7,0.1167834281921385,0.1167834281921385,7.718791961669922,0.09799154847860336,11,5,AEDA|PB08|IQQE|PCHA|PB11
"M 7.7 - 53 km SW of Iquique, Chile",78.0,7.8159003257751465,7.7,0.1159003257751463,0.1159003257751463,7.718791961669922,0.09710858017206192,11,5,AEDA|PB08|IQQE|PCHA|PB11
"M 7.7 - 53 km SW of Iquique, Chile",79.0,7.814986228942871,7.7,0.11498622894287092,0.11498622894287092,7.718791961669922,0.09619418531656265,11,5,AEDA|PB08|IQQE|PCHA|PB11
"M 7.7 - 53 km SW of Iquique, Chile",80.0,7.814056873321533,7.7,0.11405687332153303,0.11405687332153303,7.718791961669922,0.09526508301496506,11,5,AEDA|PB08|IQQE|PCHA|PB11
"M 7.7 - 53 km SW of Iquique, Chile",81.0,7.813144683837891,7.7,0.11314468383789045,0.11314468383789045,7.718791961669922,0.09435275942087173,11,5,AEDA|PB08|IQQE|PCHA|PB11
"M 7.7 - 53 km SW of Iquique, Chile",82.0,7.812263488769531,7.7,0.11226348876953107,0.11226348876953107,7.718791961669922,0.0934714674949646,11,5,AEDA|PB08|IQQE|PCHA|PB11
"M 7.7 - 53 km SW of Iquique, Chile",83.0,7.811397075653076,7.7,0.111397075653076,0.111397075653076,7.718791961669922,0.09260520339012146,11,5,AEDA|PB08|IQQE|PCHA|PB11
"M 7.7 - 53 km SW of Iquique, Chile",84.0,7.8105149269104,7.7,0.11051492691040021,0.11051492691040021,7.718791961669922,0.09172317385673523,11,5,AEDA|PB08|IQQE|PCHA|PB11
"M 7.7 - 53 km SW of Iquique, Chile",85.0,7.80960750579834,7.7,0.10960750579833967,0.10960750579833967,7.718791961669922,0.09081559628248215,11,5,AEDA|PB08|IQQE|PCHA|PB11
"M 7.7 - 53 km SW of Iquique, Chile",86.0,7.808696746826172,7.7,0.1086967468261717,0.1086967468261717,7.718791961669922,0.08990468084812164,11,5,AEDA|PB08|IQQE|PCHA|PB11
"M 7.7 - 53 km SW of Iquique, Chile",87.0,7.807806015014648,7.7,0.10780601501464826,0.10780601501464826,7.718791961669922,0.08901400864124298,11,5,AEDA|PB08|IQQE|PCHA|PB11
"M 7.7 - 53 km SW of Iquique, Chile",88.0,7.806943893432617,7.7,0.10694389343261701,0.10694389343261701,7.718791961669922,0.08815214037895203,11,5,AEDA|PB08|IQQE|PCHA|PB11
"M 7.7 - 53 km SW of Iquique, Chile",89.0,7.806094169616699,7.7,0.10609416961669904,0.10609416961669904,7.718791961669922,0.08730215579271317,11,5,AEDA|PB08|IQQE|PCHA|PB11
"M 7.7 - 53 km SW of Iquique, Chile",90.0,7.8052287101745605,7.7,0.10522871017456037,0.10522871017456037,7.718791961669922,0.08643689006567001,11,5,AEDA|PB08|IQQE|PCHA|PB11
"M 7.7 - 53 km SW of Iquique, Chile",91.0,7.804335594177246,7.7,0.10433559417724592,0.10433559417724592,7.718791961669922,0.08554380387067795,11,5,AEDA|PB08|IQQE|PCHA|PB11
"M 7.7 - 53 km SW of Iquique, Chile",92.0,7.803432941436768,7.7,0.1034329414367674,0.1034329414367674,7.718791961669922,0.08464077115058899,11,5,AEDA|PB08|IQQE|PCHA|PB11
"M 7.7 - 53 km SW of Iquique, Chile",93.0,7.802554130554199,7.7,0.10255413055419904,0.10255413055419904,7.718791961669922,0.08376240730285645,11,5,AEDA|PB08|IQQE|PCHA|PB11
"M 7.7 - 53 km SW of Iquique, Chile",94.0,7.801723480224609,7.7,0.1017234802246092,0.1017234802246092,7.718791961669922,0.08293130248785019,11,5,AEDA|PB08|IQQE|PCHA|PB11
"M 7.7 - 53 km SW of Iquique, Chile",95.0,7.800928115844727,7.7,0.10092811584472638,0.10092811584472638,7.718791961669922,0.08213605731725693,11,5,AEDA|PB08|IQQE|PCHA|PB11
"M 7.7 - 53 km SW of Iquique, Chile",96.0,7.800130844116211,7.7,0.10013084411621076,0.10013084411621076,7.718791961669922,0.08133894205093384,11,5,AEDA|PB08|IQQE|PCHA|PB11
"M 7.7 - 53 km SW of Iquique, Chile",97.0,7.799300193786621,7.7,0.09930019378662092,0.09930019378662092,7.718791961669922,0.08050816506147385,11,5,AEDA|PB08|IQQE|PCHA|PB11
"M 7.7 - 53 km SW of Iquique, Chile",98.0,7.798433780670166,7.7,0.09843378067016584,0.09843378067016584,7.718791961669922,0.07964204251766205,11,5,AEDA|PB08|IQQE|PCHA|PB11
"M 7.7 - 53 km SW of Iquique, Chile",99.0,7.797557353973389,7.7,0.0975573539733885,0.0975573539733885,7.718791961669922,0.07876560091972351,11,5,AEDA|PB08|IQQE|PCHA|PB11
"M 7.7 - 53 km SW of Iquique, Chile",100.0,7.796700954437256,7.7,0.09670095443725568,0.09670095443725568,7.718791961669922,0.07790922373533249,11,5,AEDA|PB08|IQQE|PCHA|PB11
"M 7.7 - 53 km SW of Iquique, Chile",101.0,7.795877456665039,7.7,0.09587745666503888,0.09587745666503888,7.718791961669922,0.07708542048931122,11,5,AEDA|PB08|IQQE|PCHA|PB11
"M 7.7 - 53 km SW of Iquique, Chile",102.0,7.795071125030518,7.7,0.0950711250305174,0.0950711250305174,7.718791961669922,0.07627910375595093,11,5,AEDA|PB08|IQQE|PCHA|PB11
"M 7.7 - 53 km SW of Iquique, Chile",103.0,7.794255256652832,7.7,0.09425525665283185,0.09425525665283185,7.718791961669922,0.07546323537826538,11,5,AEDA|PB08|IQQE|PCHA|PB11
"M 7.7 - 53 km SW of Iquique, Chile",104.0,7.793416976928711,7.7,0.09341697692871076,0.09341697692871076,7.718791961669922,0.07462494820356369,11,5,AEDA|PB08|IQQE|PCHA|PB11
"M 7.7 - 53 km SW of Iquique, Chile",105.0,7.792566299438477,7.7,0.09256629943847638,0.09256629943847638,7.718791961669922,0.07377444952726364,11,5,AEDA|PB08|IQQE|PCHA|PB11
"M 7.7 - 53 km SW of Iquique, Chile",106.0,7.791725158691406,7.7,0.09172515869140607,0.09172515869140607,7.718791961669922,0.07293308526277542,11,5,AEDA|PB08|IQQE|PCHA|PB11
"M 7.7 - 53 km SW of Iquique, Chile",107.0,7.7909064292907715,7.7,0.0909064292907713,0.0909064292907713,7.718791961669922,0.07211468368768692,11,5,AEDA|PB08|IQQE|PCHA|PB11
"M 7.7 - 53 km SW of Iquique, Chile",108.0,7.790105819702148,7.7,0.09010581970214826,0.09010581970214826,7.718791961669922,0.07131372392177582,11,5,AEDA|PB08|IQQE|PCHA|PB11
"M 7.7 - 53 km SW of Iquique, Chile",109.0,7.789299964904785,7.7,0.08929996490478498,0.08929996490478498,7.718791961669922,0.07050799578428268,11,5,AEDA|PB08|IQQE|PCHA|PB11
"M 7.7 - 53 km SW of Iquique, Chile",110.0,7.788473129272461,7.7,0.08847312927246076,0.08847312927246076,7.718791961669922,0.06968121975660324,11,5,AEDA|PB08|IQQE|PCHA|PB11
"M 7.7 - 53 km SW of Iquique, Chile",111.0,7.7876296043396,7.7,0.08762960433959943,0.08762960433959943,7.718791961669922,0.0688374862074852,11,5,AEDA|PB08|IQQE|PCHA|PB11
"M 7.7 - 53 km SW of Iquique, Chile",112.0,7.786783218383789,7.7,0.08678321838378888,0.08678321838378888,7.718791961669922,0.06799139082431793,11,5,AEDA|PB08|IQQE|PCHA|PB11
"M 7.7 - 53 km SW of Iquique, Chile",113.0,7.785940170288086,7.7,0.08594017028808576,0.08594017028808576,7.718791961669922,0.06714843213558197,11,5,AEDA|PB08|IQQE|PCHA|PB11
"M 7.7 - 53 km SW of Iquique, Chile",114.0,7.785100936889648,7.7,0.08510093688964826,0.08510093688964826,7.718791961669922,0.06630896031856537,11,5,AEDA|PB08|IQQE|PCHA|PB11
"M 7.7 - 53 km SW of Iquique, Chile",115.0,7.784254550933838,7.7,0.08425455093383771,0.08425455093383771,7.718791961669922,0.06546249985694885,11,5,AEDA|PB08|IQQE|PCHA|PB11
"M 7.7 - 53 km SW of Iquique, Chile",116.0,7.7833967208862305,7.7,0.08339672088623029,0.08339672088623029,7.718791961669922,0.06460483372211456,11,5,AEDA|PB08|IQQE|PCHA|PB11
"M 7.7 - 53 km SW of Iquique, Chile",117.0,7.782534599304199,7.7,0.08253459930419904,0.08253459930419904,7.718791961669922,0.06374258548021317,11,5,AEDA|PB08|IQQE|PCHA|PB11
"M 7.7 - 53 km SW of Iquique, Chile",118.0,7.781687259674072,7.7,0.08168725967407209,0.08168725967407209,7.718791961669922,0.0628952905535698,11,5,AEDA|PB08|IQQE|PCHA|PB11
"M 7.7 - 53 km SW of Iquique, Chile",119.0,7.780869483947754,7.7,0.08086948394775373,0.08086948394775373,7.718791961669922,0.06207731366157532,11,5,AEDA|PB08|IQQE|PCHA|PB11
"M 7.7 - 53 km SW of Iquique, Chile",120.0,7.78007698059082,7.7,0.08007698059082013,0.08007698059082013,7.718791961669922,0.06128488481044769,11,5,AEDA|PB08|IQQE|PCHA|PB11
"M 7.7 - 53 km SW of Iquique, Chile",121.0,7.7792887687683105,7.7,0.07928876876831037,0.07928876876831037,7.718791961669922,0.06049693003296852,11,5,AEDA|PB08|IQQE|PCHA|PB11
"M 7.7 - 53 km SW of Iquique, Chile",122.0,7.778484344482422,7.7,0.0784843444824217,0.0784843444824217,7.718791961669922,0.05969242751598358,11,5,AEDA|PB08|IQQE|PCHA|PB11
"M 7.7 - 53 km SW of Iquique, Chile",123.0,7.7776594161987305,7.7,0.07765941619873029,0.07765941619873029,7.718791961669922,0.05886765941977501,11,5,AEDA|PB08|IQQE|PCHA|PB11
"M 7.7 - 53 km SW of Iquique, Chile",124.0,7.776828765869141,7.7,0.07682876586914045,0.07682876586914045,7.718791961669922,0.05803688243031502,11,5,AEDA|PB08|IQQE|PCHA|PB11
"M 7.7 - 53 km SW of Iquique, Chile",125.0,7.776010990142822,7.7,0.07601099014282209,0.07601099014282209,7.718791961669922,0.05721922591328621,11,5,AEDA|PB08|IQQE|PCHA|PB11
"M 7.7 - 53 km SW of Iquique, Chile",126.0,7.7752156257629395,7.7,0.07521562576293928,0.07521562576293928,7.718791961669922,0.05642382428050041,11,5,AEDA|PB08|IQQE|PCHA|PB11
"M 7.7 - 53 km SW of Iquique, Chile",127.0,7.774434566497803,7.7,0.07443456649780256,0.07443456649780256,7.718791961669922,0.055642832070589066,11,5,AEDA|PB08|IQQE|PCHA|PB11
"M 7.7 - 53 km SW of Iquique, Chile",128.0,7.773651123046875,7.7,0.07365112304687482,0.07365112304687482,7.718791961669922,0.0548592247068882,11,5,AEDA|PB08|IQQE|PCHA|PB11
"M 7.7 - 53 km SW of Iquique, Chile",129.0,7.772854804992676,7.7,0.0728548049926756,0.0728548049926756,7.718791961669922,0.05406295880675316,11,5,AEDA|PB08|IQQE|PCHA|PB11
"M 7.7 - 53 km SW of Iquique, Chile",130.0,7.772050380706787,7.7,0.07205038070678693,0.07205038070678693,7.718791961669922,0.05325848236680031,11,5,AEDA|PB08|IQQE|PCHA|PB11
"M 7.7 - 53 km SW of Iquique, Chile",131.0,7.771251201629639,7.7,0.0712512016296385,0.0712512016296385,7.718791961669922,0.052459049969911575,11,5,AEDA|PB08|IQQE|PCHA|PB11
"M 7.7 - 53 km SW of Iquique, Chile",132.0,7.770468235015869,7.7,0.07046823501586896,0.07046823501586896,7.718791961669922,0.05167603865265846,11,5,AEDA|PB08|IQQE|PCHA|PB11
"M 7.7 - 53 km SW of Iquique, Chile",133.0,7.769702434539795,7.7,0.06970243453979474,0.06970243453979474,7.718791961669922,0.05091049522161484,11,5,AEDA|PB08|IQQE|PCHA|PB11
"M 7.7 - 53 km SW of Iquique, Chile",134.0,7.76894474029541,7.7,0.06894474029540998,0.06894474029540998,7.718791961669922,0.05015267804265022,11,5,AEDA|PB08|IQQE|PCHA|PB11
"M 7.7 - 53 km SW of Iquique, Chile",135.0,7.768184185028076,7.7,0.068184185028076,0.068184185028076,7.718791961669922,0.049392350018024445,11,5,AEDA|PB08|IQQE|PCHA|PB11
"M 7.7 - 53 km SW of Iquique, Chile",136.0,7.767420768737793,7.7,0.06742076873779279,0.06742076873779279,7.718791961669922,0.04862889647483826,11,5,AEDA|PB08|IQQE|PCHA|PB11
"M 7.7 - 53 km SW of Iquique, Chile",137.0,7.766661167144775,7.7,0.06666116714477521,0.06666116714477521,7.718791961669922,0.047869421541690826,11,5,AEDA|PB08|IQQE|PCHA|PB11
"M 7.7 - 53 km SW of Iquique, Chile",138.0,7.765910625457764,7.7,0.0659106254577635,0.0659106254577635,7.718791961669922,0.04711879789829254,11,5,AEDA|PB08|IQQE|PCHA|PB11
"M 7.7 - 53 km SW of Iquique, Chile",139.0,7.765166282653809,7.7,0.06516628265380842,0.06516628265380842,7.718791961669922,0.046374525874853134,11,5,AEDA|PB08|IQQE|PCHA|PB11
"M 7.7 - 53 km SW of Iquique, Chile",140.0,7.764418125152588,7.7,0.06441812515258771,0.06441812515258771,7.718791961669922,0.045626066625118256,11,5,AEDA|PB08|IQQE|PCHA|PB11
"M 7.7 - 53 km SW of Iquique, Chile",141.0,7.763658046722412,7.7,0.06365804672241193,0.06365804672241193,7.718791961669922,0.044866230338811874,11,5,AEDA|PB08|IQQE|PCHA|PB11
"M 7.7 - 53 km SW of Iquique, Chile",142.0,7.762888431549072,7.7,0.06288843154907209,0.06288843154907209,7.718791961669922,0.04409628361463547,11,5,AEDA|PB08|IQQE|PCHA|PB11
"M 7.7 - 53 km SW of Iquique, Chile",143.0,7.7621169090271,7.7,0.06211690902709943,0.06211690902709943,7.718791961669922,0.04332474619150162,11,5,AEDA|PB08|IQQE|PCHA|PB11
"M 7.7 - 53 km SW of Iquique, Chile",144.0,7.761352062225342,7.7,0.06135206222534162,0.06135206222534162,7.718791961669922,0.04256007820367813,11,5,AEDA|PB08|IQQE|PCHA|PB11
"M 7.7 - 53 km SW of Iquique, Chile",145.0,7.760593891143799,7.7,0.06059389114379865,0.06059389114379865,7.718791961669922,0.04180192947387695,11,5,AEDA|PB08|IQQE|PCHA|PB11
"M 7.7 - 53 km SW of Iquique, Chile",146.0,7.759833335876465,7.7,0.059833335876464666,0.059833335876464666,7.718791961669922,0.04104126989841461,11,5,AEDA|PB08|IQQE|PCHA|PB11
"M 7.7 - 53 km SW of Iquique, Chile",147.0,7.759060859680176,7.7,0.059060859680175604,0.059060859680175604,7.718791961669922,0.04026905819773674,11,5,AEDA|PB08|IQQE|PCHA|PB11
"M 7.7 - 53 km SW of Iquique, Chile",148.0,7.75827693939209,7.7,0.058276939392089666,0.058276939392089666,7.718791961669922,0.03948485478758812,11,5,AEDA|PB08|IQQE|PCHA|PB11
"M 7.7 - 53 km SW of Iquique, Chile",149.0,7.7574896812438965,7.7,0.05748968124389631,0.05748968124389631,7.718791961669922,0.03869772329926491,11,5,AEDA|PB08|IQQE|PCHA|PB11
"M 7.7 - 53 km SW of Iquique, Chile",150.0,7.756711959838867,7.7,0.05671195983886701,0.05671195983886701,7.718791961669922,0.037919990718364716,11,5,AEDA|PB08|IQQE|PCHA|PB11
"M 7.7 - 53 km SW of Iquique, Chile",151.0,7.755950450897217,7.7,0.05595045089721662,0.05595045089721662,7.718791961669922,0.03715859353542328,11,5,AEDA|PB08|IQQE|PCHA|PB11
"M 7.7 - 53 km SW of Iquique, Chile",152.0,7.7552008628845215,7.7,0.05520086288452131,0.05520086288452131,7.718791961669922,0.03640911355614662,11,5,AEDA|PB08|IQQE|PCHA|PB11
"M 7.7 - 53 km SW of Iquique, Chile",153.0,7.754450798034668,7.7,0.05445079803466779,0.05445079803466779,7.718791961669922,0.03565891459584236,11,5,AEDA|PB08|IQQE|PCHA|PB11
"M 7.7 - 53 km SW of Iquique, Chile",154.0,7.753690242767334,7.7,0.05369024276733381,0.05369024276733381,7.718791961669922,0.0348982997238636,11,5,AEDA|PB08|IQQE|PCHA|PB11
"M 7.7 - 53 km SW of Iquique, Chile",155.0,7.7529191970825195,7.7,0.052919197082519354,0.052919197082519354,7.718791961669922,0.03412731736898422,11,5,AEDA|PB08|IQQE|PCHA|PB11
"M 7.7 - 53 km SW of Iquique, Chile",156.0,7.752144813537598,7.7,0.05214481353759748,0.05214481353759748,7.718791961669922,0.03335273638367653,11,5,AEDA|PB08|IQQE|PCHA|PB11
"M 7.7 - 53 km SW of Iquique, Chile",157.0,7.751373291015625,7.7,0.05137329101562482,0.05137329101562482,7.718791961669922,0.03258137404918671,11,5,AEDA|PB08|IQQE|PCHA|PB11
"M 7.7 - 53 km SW of Iquique, Chile",158.0,7.750607013702393,7.7,0.0506070137023924,0.0506070137023924,7.718791961669922,0.031815189868211746,11,5,AEDA|PB08|IQQE|PCHA|PB11
"M 7.7 - 53 km SW of Iquique, Chile",159.0,7.749842643737793,7.7,0.04984264373779279,0.04984264373779279,7.718791961669922,0.031050758436322212,11,5,AEDA|PB08|IQQE|PCHA|PB11
"M 7.7 - 53 km SW of Iquique, Chile",160.0,7.749075889587402,7.7,0.049075889587402166,0.049075889587402166,7.718791961669922,0.03028373420238495,11,5,AEDA|PB08|IQQE|PCHA|PB11
"M 7.7 - 53 km SW of Iquique, Chile",161.0,7.748305797576904,7.7,0.04830579757690412,0.04830579757690412,7.718791961669922,0.029513712972402573,11,5,AEDA|PB08|IQQE|PCHA|PB11
"M 7.7 - 53 km SW of Iquique, Chile",162.0,7.747535705566406,7.7,0.04753570556640607,0.04753570556640607,7.718791961669922,0.02874397486448288,11,5,AEDA|PB08|IQQE|PCHA|PB11
"M 7.7 - 53 km SW of Iquique, Chile",163.0,7.746769905090332,7.7,0.046769905090331854,0.046769905090331854,7.718791961669922,0.02797809988260269,11,5,AEDA|PB08|IQQE|PCHA|PB11
"M 7.7 - 53 km SW of Iquique, Chile",164.0,7.746008396148682,7.7,0.04600839614868146,0.04600839614868146,7.718791961669922,0.027216266840696335,11,5,AEDA|PB08|IQQE|PCHA|PB11
"M 7.7 - 53 km SW of Iquique, Chile",165.0,7.745246887207031,7.7,0.04524688720703107,0.04524688720703107,7.718791961669922,0.02645513042807579,11,5,AEDA|PB08|IQQE|PCHA|PB11
"M 7.7 - 53 km SW of Iquique, Chile",166.0,7.74448299407959,7.7,0.044482994079589666,0.044482994079589666,7.718791961669922,0.025690967217087746,11,5,AEDA|PB08|IQQE|PCHA|PB11
"M 7.7 - 53 km SW of Iquique, Chile",167.0,7.743715286254883,7.7,0.043715286254882635,0.043715286254882635,7.718791961669922,0.02492344193160534,11,5,AEDA|PB08|IQQE|PCHA|PB11
"M 7.7 - 53 km SW of Iquique, Chile",168.0,7.742948532104492,7.7,0.04294853210449201,0.04294853210449201,7.718791961669922,0.024156605824828148,11,5,AEDA|PB08|IQQE|PCHA|PB11
"M 7.7 - 53 km SW of Iquique, Chile",169.0,7.742185115814209,7.7,0.04218511581420881,0.04218511581420881,7.718791961669922,0.023393351584672928,11,5,AEDA|PB08|IQQE|PCHA|PB11
"M 7.7 - 53 km SW of Iquique, Chile",170.0,7.741425514221191,7.7,0.04142551422119123,0.04142551422119123,7.718791961669922,0.02263362519443035,11,5,AEDA|PB08|IQQE|PCHA|PB11
"M 7.7 - 53 km SW of Iquique, Chile",171.0,7.740665435791016,7.7,0.04066543579101545,0.04066543579101545,7.718791961669922,0.021873651072382927,11,5,AEDA|PB08|IQQE|PCHA|PB11
"M 7.7 - 53 km SW of Iquique, Chile",172.0,7.739901065826416,7.7,0.03990106582641584,0.03990106582641584,7.718791961669922,0.021109221503138542,11,5,AEDA|PB08|IQQE|PCHA|PB11
"M 7.7 - 53 km SW of Iquique, Chile",173.0,7.739131450653076,7.7,0.039131450653075994,0.039131450653075994,7.718791961669922,0.020339515060186386,11,5,AEDA|PB08|IQQE|PCHA|PB11
"M 7.7 - 53 km SW of Iquique, Chile",174.0,7.7383599281311035,7.7,0.03835992813110334,0.03835992813110334,7.718791961669922,0.019567828625440598,11,5,AEDA|PB08|IQQE|PCHA|PB11
"M 7.7 - 53 km SW of Iquique, Chile",175.0,7.73759126663208,7.7,0.0375912666320799,0.0375912666320799,7.718791961669922,0.01879950426518917,11,5,AEDA|PB08|IQQE|PCHA|PB11
"M 7.7 - 53 km SW of Iquique, Chile",176.0,7.73682975769043,7.7,0.03682975769042951,0.03682975769042951,7.718791961669922,0.01803785189986229,11,5,AEDA|PB08|IQQE|PCHA|PB11
"M 7.7 - 53 km SW of Iquique, Chile",177.0,7.736073970794678,7.7,0.03607397079467756,0.03607397079467756,7.718791961669922,0.01728193648159504,11,5,AEDA|PB08|IQQE|PCHA|PB11
"M 7.7 - 53 km SW of Iquique, Chile",178.0,7.735319137573242,7.7,0.03531913757324201,0.03531913757324201,7.718791961669922,0.016527362167835236,11,5,AEDA|PB08|IQQE|PCHA|PB11
"M 7.7 - 53 km SW of Iquique, Chile",179.0,7.734562397003174,7.7,0.03456239700317365,0.03456239700317365,7.718791961669922,0.015770327299833298,11,5,AEDA|PB08|IQQE|PCHA|PB11
"M 7.7 - 53 km SW of Iquique, Chile",180.0,7.733802318572998,7.7,0.03380231857299787,0.03380231857299787,7.718791961669922,0.015010545030236244,11,5,AEDA|PB08|IQQE|PCHA|PB11
"M 7.7 - 53 km SW of Iquique, Chile",181.0,7.7330427169799805,7.7,0.03304271697998029,0.03304271697998029,7.718791961669922,0.0142505569383502,11,5,AEDA|PB08|IQQE|PCHA|PB11
"M 7.7 - 53 km SW of Iquique, Chile",182.0,7.732285022735596,7.7,0.032285022735595525,0.032285022735595525,7.718791961669922,0.013493186794221401,11,5,AEDA|PB08|IQQE|PCHA|PB11
"M 7.7 - 53 km SW of Iquique, Chile",183.0,7.731531620025635,7.7,0.03153162002563459,0.03153162002563459,7.718791961669922,0.012739468365907669,11,5,AEDA|PB08|IQQE|PCHA|PB11
"M 7.7 - 53 km SW of Iquique, Chile",184.0,7.730780124664307,7.7,0.030780124664306463,0.030780124664306463,7.718791961669922,0.011987969279289246,11,5,AEDA|PB08|IQQE|PCHA|PB11
"M 7.7 - 53 km SW of Iquique, Chile",185.0,7.73002815246582,7.7,0.030028152465820135,0.030028152465820135,7.718791961669922,0.011236370541155338,11,5,AEDA|PB08|IQQE|PCHA|PB11
"M 7.7 - 53 km SW of Iquique, Chile",186.0,7.729275703430176,7.7,0.029275703430175604,0.029275703430175604,7.718791961669922,0.010483666323125362,11,5,AEDA|PB08|IQQE|PCHA|PB11
"M 7.7 - 53 km SW of Iquique, Chile",187.0,7.728522300720215,7.7,0.028522300720214666,0.028522300720214666,7.718791961669922,0.0097305066883564,11,5,AEDA|PB08|IQQE|PCHA|PB11
"M 7.7 - 53 km SW of Iquique, Chile",188.0,7.72776985168457,7.7,0.027769851684570135,0.027769851684570135,7.718791961669922,0.008977903984487057,11,5,AEDA|PB08|IQQE|PCHA|PB11
"M 7.7 - 53 km SW of Iquique, Chile",189.0,7.727018356323242,7.7,0.02701835632324201,0.02701835632324201,7.718791961669922,0.008226199075579643,11,5,AEDA|PB08|IQQE|PCHA|PB11
"M 7.7 - 53 km SW of Iquique, Chile",190.0,7.726266860961914,7.7,0.026266860961913885,0.026266860961913885,7.718791961669922,0.007474991958588362,11,5,AEDA|PB08|IQQE|PCHA|PB11
"M 7.7 - 53 km SW of Iquique, Chile",191.0,7.725515842437744,7.7,0.025515842437743963,0.025515842437743963,7.718791961669922,0.006723854225128889,11,5,AEDA|PB08|IQQE|PCHA|PB11
"M 7.7 - 53 km SW of Iquique, Chile",192.0,7.724764823913574,7.7,0.02476482391357404,0.02476482391357404,7.718791961669922,0.005973069462925196,11,5,AEDA|PB08|IQQE|PCHA|PB11
"M 7.7 - 53 km SW of Iquique, Chile",193.0,7.724015712738037,7.7,0.024015712738036932,0.024015712738036932,7.718791961669922,0.005223543848842382,11,5,AEDA|PB08|IQQE|PCHA|PB11
"M 7.7 - 53 km SW of Iquique, Chile",194.0,7.723268032073975,7.7,0.023268032073974432,0.023268032073974432,7.718791961669922,0.004475938156247139,11,5,AEDA|PB08|IQQE|PCHA|PB11
"M 7.7 - 53 km SW of Iquique, Chile",195.0,7.722521781921387,7.7,0.02252178192138654,0.02252178192138654,7.718791961669922,0.0037299704272300005,11,5,AEDA|PB08|IQQE|PCHA|PB11
"M 7.7 - 53 km SW of Iquique, Chile",196.0,7.721776485443115,7.7,0.021776485443115057,0.021776485443115057,7.718791961669922,0.002984527265653014,11,5,AEDA|PB08|IQQE|PCHA|PB11
"M 7.7 - 53 km SW of Iquique, Chile",197.0,7.7210307121276855,7.7,0.02103071212768537,0.02103071212768537,7.718791961669922,0.0022386633791029453,11,5,AEDA|PB08|IQQE|PCHA|PB11
"M 7.7 - 53 km SW of Iquique, Chile",198.0,7.720284461975098,7.7,0.02028446197509748,0.02028446197509748,7.718791961669922,0.001492304028943181,11,5,AEDA|PB08|IQQE|PCHA|PB11
"M 7.7 - 53 km SW of Iquique, Chile",199.0,7.719537734985352,7.7,0.019537734985351385,0.019537734985351385,7.718791961669922,0.0007459715125150979,11,5,AEDA|PB08|IQQE|PCHA|PB11
"M 7.7 - 53 km SW of Iquique, Chile",200.0,7.718791961669922,7.7,0.018791961669921697,0.018791961669921697,7.718791961669922,0.0,11,5,AEDA|PB08|IQQE|PCHA|PB11
"M 7.9 - 261 km SE of Chiniak, Alaska",36.0,7.051053524017334,7.9,-0.8489464759826664,0.8489464759826664,6.912195205688477,0.1388583779335022,1,1,AC67.GNSS
"M 7.9 - 261 km SE of Chiniak, Alaska",37.0,6.944060325622559,7.9,-0.9559396743774418,0.9559396743774418,6.802366733551025,0.14169351756572723,2,2,AC67.GNSS|AC34.GNSS
"M 7.9 - 261 km SE of Chiniak, Alaska",38.0,6.943136215209961,7.9,-0.9568637847900394,0.9568637847900394,6.802366733551025,0.1407696157693863,2,2,AC67.GNSS|AC34.GNSS
"M 7.9 - 261 km SE of Chiniak, Alaska",39.0,6.942243576049805,7.9,-0.9577564239501957,0.9577564239501957,6.802366733551025,0.1398768126964569,2,2,AC67.GNSS|AC34.GNSS
"M 7.9 - 261 km SE of Chiniak, Alaska",40.0,6.860873699188232,7.9,-1.039126300811768,1.039126300811768,6.721644401550293,0.1392294019460678,3,3,AC67.GNSS|AC34.GNSS|AC45.GNSS
"M 7.9 - 261 km SE of Chiniak, Alaska",41.0,6.807119369506836,7.9,-1.0928806304931644,1.0928806304931644,6.668464183807373,0.13865502178668976,4,4,AC67.GNSS|AC34.GNSS|AC38.GNSS|AC45.GNSS
"M 7.9 - 261 km SE of Chiniak, Alaska",42.0,6.775081157684326,7.9,-1.1249188423156742,1.1249188423156742,6.637185096740723,0.13789613544940948,5,5,AC67.GNSS|AC34.GNSS|AC02.GNSS|AC38.GNSS|AC45.GNSS
"M 7.9 - 261 km SE of Chiniak, Alaska",43.0,6.7742018699646,7.9,-1.1257981300354007,1.1257981300354007,6.637185096740723,0.1370166391134262,5,5,AC67.GNSS|AC34.GNSS|AC02.GNSS|AC38.GNSS|AC45.GNSS
"M 7.9 - 261 km SE of Chiniak, Alaska",44.0,6.773326396942139,7.9,-1.1266736030578617,1.1266736030578617,6.637185096740723,0.13614127039909363,5,5,AC67.GNSS|AC34.GNSS|AC02.GNSS|AC38.GNSS|AC45.GNSS
"M 7.9 - 261 km SE of Chiniak, Alaska",45.0,6.779171466827393,7.9,-1.1208285331726078,1.1208285331726078,6.643908500671387,0.1352628916501999,5,5,AC67.GNSS|AC34.GNSS|AC45.GNSS|AC02.GNSS|AC38.GNSS
"M 7.9 - 261 km SE of Chiniak, Alaska",46.0,6.78218412399292,7.9,-1.1178158760070804,1.1178158760070804,6.647791862487793,0.13439242541790009,5,5,AC67.GNSS|AC34.GNSS|AC45.GNSS|AC02.GNSS|AC38.GNSS
"M 7.9 - 261 km SE of Chiniak, Alaska",47.0,6.781309604644775,7.9,-1.118690395355225,1.118690395355225,6.647791862487793,0.13351795077323914,5,5,AC67.GNSS|AC34.GNSS|AC45.GNSS|AC02.GNSS|AC38.GNSS
"M 7.9 - 261 km SE of Chiniak, Alaska",48.0,6.859116554260254,7.9,-1.0408834457397464,1.0408834457397464,6.726596355438232,0.13252007961273193,6,5,AC18.GNSS|AC67.GNSS|AC34.GNSS|AC45.GNSS|AC02.GNSS
"M 7.9 - 261 km SE of Chiniak, Alaska",49.0,6.858240127563477,7.9,-1.0417598724365238,1.0417598724365238,6.726596355438232,0.13164368271827698,6,5,AC18.GNSS|AC67.GNSS|AC34.GNSS|AC45.GNSS|AC02.GNSS
"M 7.9 - 261 km SE of Chiniak, Alaska",50.0,7.124932765960693,7.9,-0.775067234039307,0.775067234039307,6.994351387023926,0.13058120012283325,9,5,AC35.GNSS|AC43.GNSS|AC18.GNSS|AC26.GNSS|AC67.GNSS
"M 7.9 - 261 km SE of Chiniak, Alaska",51.0,7.124075889587402,7.9,-0.775924110412598,0.775924110412598,6.994351387023926,0.12972436845302582,9,5,AC35.GNSS|AC43.GNSS|AC18.GNSS|AC26.GNSS|AC67.GNSS
"M 7.9 - 261 km SE of Chiniak, Alaska",52.0,7.12320613861084,7.9,-0.7767938613891605,0.7767938613891605,6.994351387023926,0.1288546621799469,10,5,AC35.GNSS|AC43.GNSS|AC18.GNSS|AC26.GNSS|AC67.GNSS
"M 7.9 - 261 km SE of Chiniak, Alaska",53.0,7.183221817016602,7.9,-0.7167781829833988,0.7167781829833988,7.054728031158447,0.12849387526512146,12,5,SELD.GNSS|AC67.GNSS|AC35.GNSS|AC43.GNSS|AC29.GNSS
"M 7.9 - 261 km SE of Chiniak, Alaska",54.0,7.21763277053833,7.9,-0.6823672294616703,0.6823672294616703,7.090145111083984,0.12748746573925018,13,5,SELD.GNSS|AC67.GNSS|AC08.GNSS|AC35.GNSS|AC43.GNSS
"M 7.9 - 261 km SE of Chiniak, Alaska",55.0,7.231561660766602,7.9,-0.6684383392333988,0.6684383392333988,7.1049089431762695,0.12665291130542755,14,5,AC67.GNSS|SELD.GNSS|AC34.GNSS|AC08.GNSS|AC35.GNSS
"M 7.9 - 261 km SE of Chiniak, Alaska",56.0,7.255481719970703,7.9,-0.6445182800292972,0.6445182800292972,7.129745960235596,0.12573592364788055,14,5,AC67.GNSS|AC34.GNSS|SELD.GNSS|AC08.GNSS|AC35.GNSS
"M 7.9 - 261 km SE of Chiniak, Alaska",57.0,7.399569034576416,7.9,-0.5004309654235843,0.5004309654235843,7.274450302124023,0.1251189410686493,18,5,AC67.GNSS|AV02.GNSS|AC34.GNSS|AV20.GNSS|SELD.GNSS
"M 7.9 - 261 km SE of Chiniak, Alaska",58.0,7.609180927276611,7.9,-0.290819072723389,0.290819072723389,7.484842777252197,0.12433797121047974,24,5,AV01.GNSS|AC67.GNSS|AV18.GNSS|AV04.GNSS|AV02.GNSS
"M 7.9 - 261 km SE of Chiniak, Alaska",59.0,7.6126861572265625,7.9,-0.28731384277343786,0.28731384277343786,7.489294528961182,0.12339147925376892,24,5,AV01.GNSS|AC67.GNSS|AC34.GNSS|AV18.GNSS|AV02.GNSS
"M 7.9 - 261 km SE of Chiniak, Alaska",60.0,7.631337642669678,7.9,-0.2686623573303226,0.2686623573303226,7.508874893188477,0.12246256321668625,25,5,AC67.GNSS|AC34.GNSS|AV01.GNSS|AV18.GNSS|AV02.GNSS
"M 7.9 - 261 km SE of Chiniak, Alaska",61.0,7.669046401977539,7.9,-0.2309535980224613,0.2309535980224613,7.547552108764648,0.12149450182914734,26,5,AC67.GNSS|AC34.GNSS|AV01.GNSS|AV18.GNSS|AV02.GNSS
"M 7.9 - 261 km SE of Chiniak, Alaska",62.0,7.703535079956055,7.9,-0.19646492004394567,0.19646492004394567,7.583014965057373,0.1205199733376503,26,5,AC67.GNSS|AC34.GNSS|AV01.GNSS|AV18.GNSS|AV02.GNSS
"M 7.9 - 261 km SE of Chiniak, Alaska",63.0,7.656858444213867,7.9,-0.24314155578613317,0.24314155578613317,7.537722587585449,0.11913589388132095,27,5,AC67.GNSS|AC34.GNSS|AV01.GNSS|AC45.GNSS|AV18.GNSS
"M 7.9 - 261 km SE of Chiniak, Alaska",64.0,7.67048454284668,7.9,-0.22951545715332067,0.22951545715332067,7.55623722076416,0.11424719542264938,28,5,AC67.GNSS|AC34.GNSS|AV01.GNSS|AC15.GNSS|AC45.GNSS
"M 7.9 - 261 km SE of Chiniak, Alaska",65.0,7.683752059936523,7.9,-0.21624794006347692,0.21624794006347692,7.568539142608643,0.11521288752555847,30,5,AC67.GNSS|AC34.GNSS|AV01.GNSS|AC38.GNSS|AC45.GNSS
"M 7.9 - 261 km SE of Chiniak, Alaska",66.0,7.692471504211426,7.9,-0.20752849578857457,0.20752849578857457,7.578488826751709,0.11398274451494217,30,5,AC67.GNSS|AC34.GNSS|AC38.GNSS|AC45.GNSS|AV01.GNSS
"M 7.9 - 261 km SE of Chiniak, Alaska",67.0,7.697999000549316,7.9,-0.20200099945068395,0.20200099945068395,7.592644691467285,0.10535430163145065,31,5,AC67.GNSS|AC34.GNSS|AC38.GNSS|AC45.GNSS|AC02.GNSS
"M 7.9 - 261 km SE of Chiniak, Alaska",68.0,7.727745056152344,7.9,-0.1722549438476566,0.1722549438476566,7.626273155212402,0.1014719009399414,31,5,AC34.GNSS|AC67.GNSS|AC38.GNSS|AC45.GNSS|AC02.GNSS
"M 7.9 - 261 km SE of Chiniak, Alaska",69.0,7.750693321228027,7.9,-0.149306678771973,0.149306678771973,7.653499603271484,0.09719371050596237,36,5,AC34.GNSS|AC67.GNSS|AC38.GNSS|AC45.GNSS|AC02.GNSS
"M 7.9 - 261 km SE of Chiniak, Alaska",70.0,7.763799667358398,7.9,-0.13620033264160192,0.13620033264160192,7.670579433441162,0.09322044253349304,38,5,AC34.GNSS|AC67.GNSS|AC38.GNSS|AC45.GNSS|AC02.GNSS
"M 7.9 - 261 km SE of Chiniak, Alaska",71.0,7.767001152038574,7.9,-0.13299884796142614,0.13299884796142614,7.677058696746826,0.08994230628013611,39,5,AC34.GNSS|AC67.GNSS|AC38.GNSS|AC45.GNSS|AC02.GNSS
"M 7.9 - 261 km SE of Chiniak, Alaska",72.0,7.7671380043029785,7.9,-0.13286199569702184,0.13286199569702184,7.680445194244385,0.08669295907020569,40,5,AC34.GNSS|AC67.GNSS|AC38.GNSS|AC45.GNSS|AC02.GNSS
"M 7.9 - 261 km SE of Chiniak, Alaska",73.0,7.76766300201416,7.9,-0.1323369979858402,0.1323369979858402,7.684764385223389,0.08289860934019089,40,5,AC34.GNSS|AC67.GNSS|AC38.GNSS|AC45.GNSS|AC02.GNSS
"M 7.9 - 261 km SE of Chiniak, Alaska",74.0,7.767297267913818,7.9,-0.132702732086182,0.132702732086182,7.688235759735107,0.07906146347522736,42,5,AC34.GNSS|AC67.GNSS|AC38.GNSS|AC02.GNSS|AC45.GNSS
"M 7.9 - 261 km SE of Chiniak, Alaska",75.0,7.766718864440918,7.9,-0.1332811355590824,0.1332811355590824,7.691623687744141,0.07509516924619675,43,5,AC34.GNSS|AC67.GNSS|AC38.GNSS|AC02.GNSS|AC45.GNSS
"M 7.9 - 261 km SE of Chiniak, Alaska",76.0,7.763574123382568,7.9,-0.136425876617432,0.136425876617432,7.692011833190918,0.07156223058700562,43,5,AC34.GNSS|AC67.GNSS|AC38.GNSS|AC02.GNSS|AC45.GNSS
"M 7.9 - 261 km SE of Chiniak, Alaska",77.0,7.759936809539795,7.9,-0.14006319046020543,0.14006319046020543,7.692011833190918,0.0679248720407486,44,5,AC34.GNSS|AC67.GNSS|AC38.GNSS|AC02.GNSS|AC45.GNSS
"M 7.9 - 261 km SE of Chiniak, Alaska",78.0,7.7561163902282715,7.9,-0.14388360977172887,0.14388360977172887,7.692011833190918,0.06410467624664307,45,5,AC34.GNSS|AC67.GNSS|AC38.GNSS|AC02.GNSS|AC45.GNSS
"M 7.9 - 261 km SE of Chiniak, Alaska",79.0,7.752081871032715,7.9,-0.1479181289672855,0.1479181289672855,7.692011833190918,0.06007015332579613,47,5,AC34.GNSS|AC67.GNSS|AC38.GNSS|AC02.GNSS|AC45.GNSS
"M 7.9 - 261 km SE of Chiniak, Alaska",80.0,7.748044490814209,7.9,-0.15195550918579137,0.15195550918579137,7.692011833190918,0.05603267252445221,48,5,AC34.GNSS|AC67.GNSS|AC38.GNSS|AC02.GNSS|AC45.GNSS
"M 7.9 - 261 km SE of Chiniak, Alaska",81.0,7.7440948486328125,7.9,-0.15590515136718786,0.15590515136718786,7.692011833190918,0.05208323895931244,48,5,AC34.GNSS|AC67.GNSS|AC38.GNSS|AC02.GNSS|AC45.GNSS
"M 7.9 - 261 km SE of Chiniak, Alaska",82.0,7.740102767944336,7.9,-0.15989723205566442,0.15989723205566442,7.692011833190918,0.04809072986245155,50,5,AC34.GNSS|AC67.GNSS|AC38.GNSS|AC02.GNSS|AC45.GNSS
"M 7.9 - 261 km SE of Chiniak, Alaska",83.0,7.736147403717041,7.9,-0.16385259628295934,0.16385259628295934,7.692011833190918,0.04413537681102753,50,5,AC34.GNSS|AC67.GNSS|AC38.GNSS|AC02.GNSS|AC45.GNSS
"M 7.9 - 261 km SE of Chiniak, Alaska",84.0,7.789799213409424,7.9,-0.11020078659057653,0.11020078659057653,7.716071128845215,0.07372809946537018,50,5,AC34.GNSS|AC67.GNSS|AC38.GNSS|AC02.GNSS|AC29.GNSS
"M 7.9 - 261 km SE of Chiniak, Alaska",85.0,7.790382385253906,7.9,-0.1096176147460941,0.1096176147460941,7.719070911407471,0.07131149619817734,51,5,AC34.GNSS|AC67.GNSS|AC38.GNSS|AC02.GNSS|AC29.GNSS
"M 7.9 - 261 km SE of Chiniak, Alaska",86.0,7.788267612457275,7.9,-0.11173238754272496,0.11173238754272496,7.719322204589844,0.06894551217556,52,5,AC34.GNSS|AC67.GNSS|AC38.GNSS|AC29.GNSS|AC02.GNSS
"M 7.9 - 261 km SE of Chiniak, Alaska",87.0,7.793325901031494,7.9,-0.10667409896850621,0.10667409896850621,7.727981090545654,0.06534470617771149,53,5,AC34.GNSS|AC67.GNSS|AC38.GNSS|AC29.GNSS|AC02.GNSS
"M 7.9 - 261 km SE of Chiniak, Alaska",88.0,7.813742637634277,7.9,-0.08625736236572301,0.08625736236572301,7.75344181060791,0.060300830751657486,54,5,AC34.GNSS|AC67.GNSS|AC38.GNSS|AC29.GNSS|AC02.GNSS
"M 7.9 - 261 km SE of Chiniak, Alaska",89.0,7.830270767211914,7.9,-0.06972923278808629,0.06972923278808629,7.774570465087891,0.05570029839873314,54,5,AC34.GNSS|AC67.GNSS|AC38.GNSS|AC29.GNSS|AC02.GNSS
"M 7.9 - 261 km SE of Chiniak, Alaska",90.0,7.8434977531433105,7.9,-0.05650224685668981,0.05650224685668981,7.79179048538208,0.051707152277231216,55,5,AC34.GNSS|AC67.GNSS|AC38.GNSS|AC29.GNSS|AC02.GNSS
"M 7.9 - 261 km SE of Chiniak, Alaska",91.0,7.851394176483154,7.9,-0.04860582351684606,0.04860582351684606,7.803308486938477,0.04808579012751579,57,5,AC34.GNSS|AC67.GNSS|AC38.GNSS|AC29.GNSS|AC02.GNSS
"M 7.9 - 261 km SE of Chiniak, Alaska",92.0,7.853425025939941,7.9,-0.04657497406005895,0.04657497406005895,7.808889389038086,0.04453587532043457,58,5,AC34.GNSS|AC67.GNSS|AC38.GNSS|AC29.GNSS|AC02.GNSS
"M 7.9 - 261 km SE of Chiniak, Alaska",93.0,7.851439476013184,7.9,-0.04856052398681676,0.04856052398681676,7.810215473175049,0.041224099695682526,58,5,AC34.GNSS|AC67.GNSS|AC38.GNSS|AC29.GNSS|AC02.GNSS
"M 7.9 - 261 km SE of Chiniak, Alaska",94.0,7.850887775421143,7.9,-0.04911222457885778,0.04911222457885778,7.814478397369385,0.03640926256775856,58,5,AC34.GNSS|AC67.GNSS|AC38.GNSS|AC29.GNSS|AC02.GNSS
"M 7.9 - 261 km SE of Chiniak, Alaska",95.0,7.8559250831604,7.9,-0.044074916839599965,0.044074916839599965,7.8263678550720215,0.029557231813669205,59,5,AC34.GNSS|AC67.GNSS|AC38.GNSS|AC02.GNSS|AC29.GNSS
"M 7.9 - 261 km SE of Chiniak, Alaska",96.0,7.804048538208008,7.9,-0.09595146179199254,0.09595146179199254,7.8370466232299805,-0.03299820050597191,59,5,AC34.GNSS|AC67.GNSS|AC38.GNSS|AC02.GNSS|AC45.GNSS
"M 7.9 - 261 km SE of Chiniak, Alaska",97.0,7.808899402618408,7.9,-0.09110059738159215,0.09110059738159215,7.847065448760986,-0.038165975362062454,59,5,AC34.GNSS|AC67.GNSS|AC38.GNSS|AC45.GNSS|AC02.GNSS
"M 7.9 - 261 km SE of Chiniak, Alaska",98.0,7.8095831871032715,7.9,-0.09041681289672887,0.09041681289672887,7.851089954376221,-0.04150686040520668,61,5,AC34.GNSS|AC67.GNSS|AC38.GNSS|AC45.GNSS|AC02.GNSS
"M 7.9 - 261 km SE of Chiniak, Alaska",99.0,7.807461738586426,7.9,-0.09253826141357457,0.09253826141357457,7.851089954376221,-0.04362824931740761,62,5,AC34.GNSS|AC67.GNSS|AC38.GNSS|AC45.GNSS|AC02.GNSS
"M 7.9 - 261 km SE of Chiniak, Alaska",100.0,7.805643558502197,7.9,-0.09435644149780309,0.09435644149780309,7.851089954376221,-0.04544633626937866,62,5,AC34.GNSS|AC67.GNSS|AC38.GNSS|AC45.GNSS|AC02.GNSS
"M 7.9 - 261 km SE of Chiniak, Alaska",101.0,7.805698394775391,7.9,-0.09430160522460973,0.09430160522460973,7.853265762329102,-0.0475674606859684,64,5,AC34.GNSS|AC67.GNSS|AC45.GNSS|AC38.GNSS|AC02.GNSS
"M 7.9 - 261 km SE of Chiniak, Alaska",102.0,7.8072686195373535,7.9,-0.09273138046264684,0.09273138046264684,7.856907844543457,-0.04963919520378113,64,5,AC34.GNSS|AC67.GNSS|AC45.GNSS|AC38.GNSS|AC02.GNSS
"M 7.9 - 261 km SE of Chiniak, Alaska",103.0,7.806828498840332,7.9,-0.09317150115966832,0.09317150115966832,7.857943058013916,-0.05111458897590637,64,5,AC34.GNSS|AC67.GNSS|AC45.GNSS|AC38.GNSS|AC02.GNSS
"M 7.9 - 261 km SE of Chiniak, Alaska",104.0,7.806539058685303,7.9,-0.09346094131469762,0.09346094131469762,7.858954906463623,-0.05241570621728897,64,5,AC34.GNSS|AC67.GNSS|AC45.GNSS|AC38.GNSS|AC02.GNSS
"M 7.9 - 261 km SE of Chiniak, Alaska",105.0,7.806349754333496,7.9,-0.09365024566650426,0.09365024566650426,7.859811305999756,-0.05346161127090454,64,5,AC34.GNSS|AC67.GNSS|AC45.GNSS|AC38.GNSS|AC02.GNSS
"M 7.9 - 261 km SE of Chiniak, Alaska",106.0,7.805624485015869,7.9,-0.09437551498413121,0.09437551498413121,7.859811305999756,-0.05418667197227478,64,5,AC34.GNSS|AC67.GNSS|AC45.GNSS|AC38.GNSS|AC02.GNSS
"M 7.9 - 261 km SE of Chiniak, Alaska",107.0,7.805049896240234,7.9,-0.09495010375976598,0.09495010375976598,7.859811305999756,-0.054761480540037155,64,5,AC34.GNSS|AC67.GNSS|AC45.GNSS|AC38.GNSS|AC02.GNSS
"M 7.9 - 261 km SE of Chiniak, Alaska",108.0,7.804575443267822,7.9,-0.09542455673217809,0.09542455673217809,7.859811305999756,-0.05523600056767464,64,5,AC34.GNSS|AC67.GNSS|AC45.GNSS|AC38.GNSS|AC02.GNSS
"M 7.9 - 261 km SE of Chiniak, Alaska",109.0,7.804149150848389,7.9,-0.09585084915161168,0.09585084915161168,7.859811305999756,-0.05566231533885002,64,5,AC34.GNSS|AC67.GNSS|AC45.GNSS|AC38.GNSS|AC02.GNSS
"M 7.9 - 261 km SE of Chiniak, Alaska",110.0,7.803755760192871,7.9,-0.09624423980712926,0.09624423980712926,7.859811305999756,-0.0560554601252079,64,5,AC34.GNSS|AC67.GNSS|AC45.GNSS|AC38.GNSS|AC02.GNSS
"M 7.9 - 261 km SE of Chiniak, Alaska",111.0,7.803432464599609,7.9,-0.09656753540039098,0.09656753540039098,7.859811305999756,-0.0563790388405323,64,5,AC34.GNSS|AC67.GNSS|AC45.GNSS|AC38.GNSS|AC02.GNSS
"M 7.9 - 261 km SE of Chiniak, Alaska",112.0,7.803202152252197,7.9,-0.09679784774780309,0.09679784774780309,7.859811305999756,-0.056608960032463074,64,5,AC34.GNSS|AC67.GNSS|AC45.GNSS|AC38.GNSS|AC02.GNSS
"M 7.9 - 261 km SE of Chiniak, Alaska",113.0,7.803056716918945,7.9,-0.09694328308105504,0.09694328308105504,7.859811305999756,-0.056754373013973236,64,5,AC34.GNSS|AC67.GNSS|AC45.GNSS|AC38.GNSS|AC02.GNSS
"M 7.9 - 261 km SE of Chiniak, Alaska",114.0,7.802964687347412,7.9,-0.09703531265258825,0.09703531265258825,7.859811305999756,-0.056846607476472855,64,5,AC34.GNSS|AC67.GNSS|AC45.GNSS|AC38.GNSS|AC02.GNSS
"M 7.9 - 261 km SE of Chiniak, Alaska",115.0,7.802903175354004,7.9,-0.09709682464599645,0.09709682464599645,7.859811305999756,-0.056907910853624344,64,5,AC34.GNSS|AC67.GNSS|AC45.GNSS|AC38.GNSS|AC02.GNSS
"M 7.9 - 261 km SE of Chiniak, Alaska",116.0,7.802886009216309,7.9,-0.09711399078369176,0.09711399078369176,7.859811305999756,-0.05692527815699577,64,5,AC34.GNSS|AC67.GNSS|AC45.GNSS|AC38.GNSS|AC02.GNSS
"M 7.9 - 261 km SE of Chiniak, Alaska",117.0,7.802947998046875,7.9,-0.09705200195312536,0.09705200195312536,7.859811305999756,-0.056863464415073395,64,5,AC34.GNSS|AC67.GNSS|AC45.GNSS|AC38.GNSS|AC02.GNSS
"M 7.9 - 261 km SE of Chiniak, Alaska",118.0,7.803114414215088,7.9,-0.09688558578491246,0.09688558578491246,7.859811305999756,-0.05669698864221573,64,5,AC34.GNSS|AC67.GNSS|AC45.GNSS|AC38.GNSS|AC02.GNSS
"M 7.9 - 261 km SE of Chiniak, Alaska",119.0,7.803381443023682,7.9,-0.09661855697631871,0.09661855697631871,7.859811305999756,-0.05642985180020332,64,5,AC34.GNSS|AC67.GNSS|AC45.GNSS|AC38.GNSS|AC02.GNSS
"M 7.9 - 261 km SE of Chiniak, Alaska",120.0,7.803709506988525,7.9,-0.09629049301147496,0.09629049301147496,7.859811305999756,-0.056101880967617035,64,5,AC34.GNSS|AC67.GNSS|AC45.GNSS|AC38.GNSS|AC02.GNSS
"M 7.9 - 261 km SE of Chiniak, Alaska",121.0,7.804055213928223,7.9,-0.0959447860717777,0.0959447860717777,7.859811305999756,-0.05575602501630783,64,5,AC34.GNSS|AC67.GNSS|AC45.GNSS|AC38.GNSS|AC02.GNSS
"M 7.9 - 261 km SE of Chiniak, Alaska",122.0,7.804408550262451,7.9,-0.09559144973754918,0.09559144973754918,7.859811305999756,-0.055402666330337524,64,5,AC34.GNSS|AC67.GNSS|AC45.GNSS|AC38.GNSS|AC02.GNSS
"M 7.9 - 261 km SE of Chiniak, Alaska",123.0,7.804778575897217,7.9,-0.09522142410278356,0.09522142410278356,7.859811305999756,-0.0550328865647316,64,5,AC34.GNSS|AC67.GNSS|AC45.GNSS|AC38.GNSS|AC02.GNSS
"M 7.9 - 261 km SE of Chiniak, Alaska",124.0,7.805179119110107,7.9,-0.09482088088989293,0.09482088088989293,7.859811305999756,-0.0546320378780365,64,5,AC34.GNSS|AC67.GNSS|AC45.GNSS|AC38.GNSS|AC02.GNSS
"M 7.9 - 261 km SE of Chiniak, Alaska",125.0,7.805619239807129,7.9,-0.09438076019287145,0.09438076019287145,7.859811305999756,-0.054192185401916504,64,5,AC34.GNSS|AC67.GNSS|AC45.GNSS|AC38.GNSS|AC02.GNSS
"M 7.9 - 261 km SE of Chiniak, Alaska",126.0,7.806087017059326,7.9,-0.09391298294067418,0.09391298294067418,7.859811305999756,-0.05372430011630058,64,5,AC34.GNSS|AC67.GNSS|AC45.GNSS|AC38.GNSS|AC02.GNSS
"M 7.9 - 261 km SE of Chiniak, Alaska",127.0,7.806567192077637,7.9,-0.09343280792236364,0.09343280792236364,7.859811305999756,-0.053244348615407944,64,5,AC34.GNSS|AC67.GNSS|AC45.GNSS|AC38.GNSS|AC02.GNSS
"M 7.9 - 261 km SE of Chiniak, Alaska",128.0,7.807053089141846,7.9,-0.09294691085815465,0.09294691085815465,7.859811305999756,-0.05275804549455643,64,5,AC34.GNSS|AC67.GNSS|AC45.GNSS|AC38.GNSS|AC02.GNSS
"M 7.9 - 261 km SE of Chiniak, Alaska",129.0,7.807551383972168,7.9,-0.09244861602783239,0.09244861602783239,7.859811305999756,-0.05225982517004013,64,5,AC34.GNSS|AC67.GNSS|AC45.GNSS|AC38.GNSS|AC02.GNSS
"M 7.9 - 261 km SE of Chiniak, Alaska",130.0,7.808069705963135,7.9,-0.09193029403686559,0.09193029403686559,7.859811305999756,-0.0517418347299099,64,5,AC34.GNSS|AC67.GNSS|AC45.GNSS|AC38.GNSS|AC02.GNSS
"M 7.9 - 261 km SE of Chiniak, Alaska",131.0,7.80860710144043,7.9,-0.09139289855957067,0.09139289855957067,7.859811305999756,-0.05120431259274483,64,5,AC34.GNSS|AC67.GNSS|AC45.GNSS|AC38.GNSS|AC02.GNSS
"M 7.9 - 261 km SE of Chiniak, Alaska",132.0,7.8091559410095215,7.9,-0.09084405899047887,0.09084405899047887,7.859811305999756,-0.050655294209718704,64,5,AC34.GNSS|AC67.GNSS|AC45.GNSS|AC38.GNSS|AC02.GNSS
"M 7.9 - 261 km SE of Chiniak, Alaska",133.0,7.809707164764404,7.9,-0.09029283523559606,0.09029283523559606,7.859811305999756,-0.05010437220335007,64,5,AC34.GNSS|AC67.GNSS|AC45.GNSS|AC38.GNSS|AC02.GNSS
"M 7.9 - 261 km SE of Chiniak, Alaska",134.0,7.8102569580078125,7.9,-0.08974304199218786,0.08974304199218786,7.859811305999756,-0.04955435171723366,64,5,AC34.GNSS|AC67.GNSS|AC45.GNSS|AC38.GNSS|AC02.GNSS
"M 7.9 - 261 km SE of Chiniak, Alaska",135.0,7.810815334320068,7.9,-0.089184665679932,0.089184665679932,7.859811305999756,-0.04899592325091362,64,5,AC34.GNSS|AC67.GNSS|AC45.GNSS|AC38.GNSS|AC02.GNSS
"M 7.9 - 261 km SE of Chiniak, Alaska",136.0,7.811396598815918,7.9,-0.08860340118408239,0.08860340118408239,7.859811305999756,-0.048414479941129684,64,5,AC34.GNSS|AC67.GNSS|AC45.GNSS|AC38.GNSS|AC02.GNSS
"M 7.9 - 261 km SE of Chiniak, Alaska",137.0,7.812009811401367,7.9,-0.08799018859863317,0.08799018859863317,7.859811305999756,-0.04780168458819389,64,5,AC34.GNSS|AC67.GNSS|AC45.GNSS|AC38.GNSS|AC02.GNSS
"M 7.9 - 261 km SE of Chiniak, Alaska",138.0,7.812650203704834,7.9,-0.08734979629516637,0.08734979629516637,7.859811305999756,-0.04716102406382561,64,5,AC34.GNSS|AC67.GNSS|AC45.GNSS|AC38.GNSS|AC02.GNSS
"M 7.9 - 261 km SE of Chiniak, Alaska",139.0,7.8133087158203125,7.9,-0.08669128417968786,0.08669128417968786,7.859811305999756,-0.04650282859802246,64,5,AC34.GNSS|AC67.GNSS|AC45.GNSS|AC38.GNSS|AC02.GNSS
"M 7.9 - 261 km SE of Chiniak, Alaska",140.0,7.813974857330322,7.9,-0.08602514266967809,0.08602514266967809,7.859811305999756,-0.04583635553717613,64,5,AC34.GNSS|AC67.GNSS|AC45.GNSS|AC38.GNSS|AC02.GNSS
"M 7.9 - 261 km SE of Chiniak, Alaska",141.0,7.814645767211914,7.9,-0.08535423278808629,0.08535423278808629,7.859811305999756,-0.04516549035906792,64,5,AC34.GNSS|AC67.GNSS|AC45.GNSS|AC38.GNSS|AC02.GNSS
"M 7.9 - 261 km SE of Chiniak, Alaska",142.0,7.8153228759765625,7.9,-0.08467712402343786,0.08467712402343786,7.859811305999756,-0.04448848217725754,64,5,AC34.GNSS|AC67.GNSS|AC45.GNSS|AC38.GNSS|AC02.GNSS
"M 7.9 - 261 km SE of Chiniak, Alaska",143.0,7.8160080909729,7.9,-0.08399190902709996,0.08399190902709996,7.859811305999756,-0.04380304738879204,64,5,AC34.GNSS|AC67.GNSS|AC45.GNSS|AC38.GNSS|AC02.GNSS
"M 7.9 - 261 km SE of Chiniak, Alaska",144.0,7.816700458526611,7.9,-0.08329954147338903,0.08329954147338903,7.859811305999756,-0.0431106798350811,64,5,AC34.GNSS|AC67.GNSS|AC45.GNSS|AC38.GNSS|AC02.GNSS
"M 7.9 - 261 km SE of Chiniak, Alaska",145.0,7.817394256591797,7.9,-0.08260574340820348,0.08260574340820348,7.859811305999756,-0.042416952550411224,64,5,AC34.GNSS|AC67.GNSS|AC45.GNSS|AC38.GNSS|AC02.GNSS
"M 7.9 - 261 km SE of Chiniak, Alaska",146.0,7.818084239959717,7.9,-0.08191576004028356,0.08191576004028356,7.859811305999756,-0.04172692820429802,64,5,AC34.GNSS|AC67.GNSS|AC45.GNSS|AC38.GNSS|AC02.GNSS
"M 7.9 - 261 km SE of Chiniak, Alaska",147.0,7.818769454956055,7.9,-0.08123054504394567,0.08123054504394567,7.859811305999756,-0.04104170948266983,64,5,AC34.GNSS|AC67.GNSS|AC45.GNSS|AC38.GNSS|AC02.GNSS
"M 7.9 - 261 km SE of Chiniak, Alaska",148.0,7.819454193115234,7.9,-0.08054580688476598,0.08054580688476598,7.859811305999756,-0.04035704582929611,64,5,AC34.GNSS|AC67.GNSS|AC45.GNSS|AC38.GNSS|AC02.GNSS
"M 7.9 - 261 km SE of Chiniak, Alaska",149.0,7.820146083831787,7.9,-0.07985391616821325,0.07985391616821325,7.859811305999756,-0.03966499865055084,64,5,AC34.GNSS|AC67.GNSS|AC45.GNSS|AC38.GNSS|AC02.GNSS
"M 7.9 - 261 km SE of Chiniak, Alaska",150.0,7.8208513259887695,7.9,-0.07914867401123082,0.07914867401123082,7.859811305999756,-0.038960110396146774,64,5,AC34.GNSS|AC67.GNSS|AC45.GNSS|AC38.GNSS|AC02.GNSS
"M 7.9 - 261 km SE of Chiniak, Alaska",151.0,7.821568965911865,7.9,-0.07843103408813512,0.07843103408813512,7.859811305999756,-0.03824255242943764,64,5,AC34.GNSS|AC67.GNSS|AC45.GNSS|AC38.GNSS|AC02.GNSS
"M 7.9 - 261 km SE of Chiniak, Alaska",152.0,7.822296142578125,7.9,-0.07770385742187536,0.07770385742187536,7.859811305999756,-0.03751529008150101,64,5,AC34.GNSS|AC67.GNSS|AC45.GNSS|AC38.GNSS|AC02.GNSS
"M 7.9 - 261 km SE of Chiniak, Alaska",153.0,7.823030948638916,7.9,-0.07696905136108434,0.07696905136108434,7.859811305999756,-0.036780308932065964,64,5,AC34.GNSS|AC67.GNSS|AC45.GNSS|AC38.GNSS|AC02.GNSS
"M 7.9 - 261 km SE of Chiniak, Alaska",154.0,7.8237738609313965,7.9,-0.07622613906860387,0.07622613906860387,7.859811305999756,-0.03603728860616684,64,5,AC34.GNSS|AC67.GNSS|AC45.GNSS|AC38.GNSS|AC02.GNSS
"M 7.9 - 261 km SE of Chiniak, Alaska",155.0,7.824523448944092,7.9,-0.07547655105590856,0.07547655105590856,7.859811305999756,-0.03528808057308197,64,5,AC34.GNSS|AC67.GNSS|AC45.GNSS|AC38.GNSS|AC02.GNSS
"M 7.9 - 261 km SE of Chiniak, Alaska",156.0,7.825277328491211,7.9,-0.07472267150878942,0.07472267150878942,7.859811305999756,-0.03453388437628746,64,5,AC34.GNSS|AC67.GNSS|AC45.GNSS|AC38.GNSS|AC02.GNSS
"M 7.9 - 261 km SE of Chiniak, Alaska",157.0,7.826034069061279,7.9,-0.07396593093872106,0.07396593093872106,7.859811305999756,-0.03377728536725044,64,5,AC34.GNSS|AC67.GNSS|AC45.GNSS|AC38.GNSS|AC02.GNSS
"M 7.9 - 261 km SE of Chiniak, Alaska",158.0,7.826789379119873,7.9,-0.07321062088012731,0.07321062088012731,7.859811305999756,-0.03302198275923729,64,5,AC34.GNSS|AC67.GNSS|AC45.GNSS|AC38.GNSS|AC02.GNSS
"M 7.9 - 261 km SE of Chiniak, Alaska",159.0,7.827539443969727,7.9,-0.07246055603027379,0.07246055603027379,7.859811305999756,-0.03227166831493378,64,5,AC34.GNSS|AC67.GNSS|AC45.GNSS|AC38.GNSS|AC02.GNSS
"M 7.9 - 261 km SE of Chiniak, Alaska",160.0,7.828287124633789,7.9,-0.07171287536621129,0.07171287536621129,7.859811305999756,-0.03152422234416008,64,5,AC34.GNSS|AC67.GNSS|AC45.GNSS|AC38.GNSS|AC02.GNSS
"M 7.9 - 261 km SE of Chiniak, Alaska",161.0,7.829039096832275,7.9,-0.07096090316772496,0.07096090316772496,7.859811305999756,-0.030772337689995766,64,5,AC34.GNSS|AC67.GNSS|AC45.GNSS|AC38.GNSS|AC02.GNSS
"M 7.9 - 261 km SE of Chiniak, Alaska",162.0,7.829798698425293,7.9,-0.07020130157470739,0.07020130157470739,7.859811305999756,-0.030012555420398712,64,5,AC34.GNSS|AC67.GNSS|AC45.GNSS|AC38.GNSS|AC02.GNSS
"M 7.9 - 261 km SE of Chiniak, Alaska",163.0,7.830564498901367,7.9,-0.06943550109863317,0.06943550109863317,7.859811305999756,-0.0292468573898077,64,5,AC34.GNSS|AC67.GNSS|AC45.GNSS|AC38.GNSS|AC02.GNSS
"M 7.9 - 261 km SE of Chiniak, Alaska",164.0,7.831331729888916,7.9,-0.06866827011108434,0.06866827011108434,7.859811305999756,-0.028479749336838722,64,5,AC34.GNSS|AC67.GNSS|AC45.GNSS|AC38.GNSS|AC02.GNSS
"M 7.9 - 261 km SE of Chiniak, Alaska",165.0,7.832095623016357,7.9,-0.06790437698364293,0.06790437698364293,7.859811305999756,-0.027715642005205154,64,5,AC34.GNSS|AC67.GNSS|AC45.GNSS|AC38.GNSS|AC02.GNSS
"M 7.9 - 261 km SE of Chiniak, Alaska",166.0,7.83285665512085,7.9,-0.06714334487915075,0.06714334487915075,7.859811305999756,-0.02695484459400177,64,5,AC34.GNSS|AC67.GNSS|AC45.GNSS|AC38.GNSS|AC02.GNSS
"M 7.9 - 261 km SE of Chiniak, Alaska",167.0,7.833617687225342,7.9,-0.06638231277465856,0.06638231277465856,7.859811305999756,-0.02619345858693123,64,5,AC34.GNSS|AC67.GNSS|AC45.GNSS|AC38.GNSS|AC02.GNSS
"M 7.9 - 261 km SE of Chiniak, Alaska",168.0,7.834384441375732,7.9,-0.06561555862426793,0.06561555862426793,7.859811305999756,-0.02542702853679657,64,5,AC34.GNSS|AC67.GNSS|AC45.GNSS|AC38.GNSS|AC02.GNSS
"M 7.9 - 261 km SE of Chiniak, Alaska",169.0,7.83515739440918,7.9,-0.06484260559082067,0.06484260559082067,7.859811305999756,-0.024653786793351173,64,5,AC34.GNSS|AC67.GNSS|AC45.GNSS|AC38.GNSS|AC02.GNSS
"M 7.9 - 261 km SE of Chiniak, Alaska",170.0,7.835936069488525,7.9,-0.06406393051147496,0.06406393051147496,7.859811305999756,-0.02387508563697338,64,5,AC34.GNSS|AC67.GNSS|AC45.GNSS|AC38.GNSS|AC02.GNSS
"M 7.9 - 261 km SE of Chiniak, Alaska",171.0,7.8367180824279785,7.9,-0.06328191757202184,0.06328191757202184,7.859811305999756,-0.023093389347195625,64,5,AC34.GNSS|AC67.GNSS|AC45.GNSS|AC38.GNSS|AC02.GNSS
"M 7.9 - 261 km SE of Chiniak, Alaska",172.0,7.837501049041748,7.9,-0.06249895095825231,0.06249895095825231,7.859811305999756,-0.022310329601168633,64,5,AC34.GNSS|AC67.GNSS|AC45.GNSS|AC38.GNSS|AC02.GNSS
"M 7.9 - 261 km SE of Chiniak, Alaska",173.0,7.838285446166992,7.9,-0.06171455383300817,0.06171455383300817,7.859811305999756,-0.021525878459215164,64,5,AC34.GNSS|AC67.GNSS|AC45.GNSS|AC38.GNSS|AC02.GNSS
"M 7.9 - 261 km SE of Chiniak, Alaska",174.0,7.839071273803711,7.9,-0.06092872619628942,0.06092872619628942,7.859811305999756,-0.020739993080496788,64,5,AC34.GNSS|AC67.GNSS|AC45.GNSS|AC38.GNSS|AC02.GNSS
"M 7.9 - 261 km SE of Chiniak, Alaska",175.0,7.839858531951904,7.9,-0.06014146804809606,0.06014146804809606,7.859811305999756,-0.019952716305851936,64,5,AC34.GNSS|AC67.GNSS|AC45.GNSS|AC38.GNSS|AC02.GNSS
"M 7.9 - 261 km SE of Chiniak, Alaska",176.0,7.840646743774414,7.9,-0.05935325622558629,0.05935325622558629,7.859811305999756,-0.019164783880114555,64,5,AC34.GNSS|AC67.GNSS|AC45.GNSS|AC38.GNSS|AC02.GNSS
"M 7.9 - 261 km SE of Chiniak, Alaska",177.0,7.841434478759766,7.9,-0.05856552124023473,0.05856552124023473,7.859811305999756,-0.01837698370218277,64,5,AC34.GNSS|AC67.GNSS|AC45.GNSS|AC38.GNSS|AC02.GNSS
"M 7.9 - 261 km SE of Chiniak, Alaska",178.0,7.842222213745117,7.9,-0.05777778625488317,0.05777778625488317,7.859811305999756,-0.017589258030056953,64,5,AC34.GNSS|AC67.GNSS|AC45.GNSS|AC38.GNSS|AC02.GNSS
"M 7.9 - 261 km SE of Chiniak, Alaska",179.0,7.843010425567627,7.9,-0.0569895744323734,0.0569895744323734,7.859811305999756,-0.01680072210729122,64,5,AC34.GNSS|AC67.GNSS|AC45.GNSS|AC38.GNSS|AC02.GNSS
"M 7.9 - 261 km SE of Chiniak, Alaska",180.0,7.843801021575928,7.9,-0.05619897842407262,0.05619897842407262,7.859811305999756,-0.016010260209441185,64,5,AC34.GNSS|AC67.GNSS|AC45.GNSS|AC38.GNSS|AC02.GNSS
"M 7.9 - 261 km SE of Chiniak, Alaska",181.0,7.844593048095703,7.9,-0.05540695190429723,0.05540695190429723,7.859811305999756,-0.015218043699860573,64,5,AC34.GNSS|AC67.GNSS|AC45.GNSS|AC38.GNSS|AC02.GNSS
"M 7.9 - 261 km SE of Chiniak, Alaska",182.0,7.845386981964111,7.9,-0.05461301803588903,0.05461301803588903,7.859811305999756,-0.014424211345613003,64,5,AC34.GNSS|AC67.GNSS|AC45.GNSS|AC38.GNSS|AC02.GNSS
"M 7.9 - 261 km SE of Chiniak, Alaska",183.0,7.846181869506836,7.9,-0.05381813049316442,0.05381813049316442,7.859811305999756,-0.013629453256726265,64,5,AC34.GNSS|AC67.GNSS|AC45.GNSS|AC38.GNSS|AC02.GNSS
"M 7.9 - 261 km SE of Chiniak, Alaska",184.0,7.846977233886719,7.9,-0.053022766113281605,0.053022766113281605,7.859811305999756,-0.012834303081035614,64,5,AC34.GNSS|AC67.GNSS|AC45.GNSS|AC38.GNSS|AC02.GNSS
"M 7.9 - 261 km SE of Chiniak, Alaska",185.0,7.847772598266602,7.9,-0.05222740173339879,0.05222740173339879,7.859811305999756,-0.012038515880703926,64,5,AC34.GNSS|AC67.GNSS|AC45.GNSS|AC38.GNSS|AC02.GNSS
"M 7.9 - 261 km SE of Chiniak, Alaska",186.0,7.848569869995117,7.9,-0.05143013000488317,0.05143013000488317,7.859811305999756,-0.011241478845477104,64,5,AC34.GNSS|AC67.GNSS|AC45.GNSS|AC38.GNSS|AC02.GNSS
"M 7.9 - 261 km SE of Chiniak, Alaska",187.0,7.849368095397949,7.9,-0.050631904602051137,0.050631904602051137,7.859811305999756,-0.010443155653774738,64,5,AC34.GNSS|AC67.GNSS|AC45.GNSS|AC38.GNSS|AC02.GNSS
"M 7.9 - 261 km SE of Chiniak, Alaska",188.0,7.8501667976379395,7.9,-0.0498332023620609,0.0498332023620609,7.859811305999756,-0.009644310921430588,64,5,AC34.GNSS|AC67.GNSS|AC45.GNSS|AC38.GNSS|AC02.GNSS
"M 7.9 - 261 km SE of Chiniak, Alaska",189.0,7.850965976715088,7.9,-0.049034023284912465,0.049034023284912465,7.859811305999756,-0.008845566771924496,64,5,AC34.GNSS|AC67.GNSS|AC45.GNSS|AC38.GNSS|AC02.GNSS
"M 7.9 - 261 km SE of Chiniak, Alaska",190.0,7.85176420211792,7.9,-0.04823579788208043,0.04823579788208043,7.859811305999756,-0.008047010749578476,64,5,AC34.GNSS|AC67.GNSS|AC45.GNSS|AC38.GNSS|AC02.GNSS
"M 7.9 - 261 km SE of Chiniak, Alaska",191.0,7.85256290435791,7.9,-0.0474370956420902,0.0474370956420902,7.859811305999756,-0.007248363457620144,64,5,AC34.GNSS|AC67.GNSS|AC45.GNSS|AC38.GNSS|AC02.GNSS
"M 7.9 - 261 km SE of Chiniak, Alaska",192.0,7.853362560272217,7.9,-0.04663743972778356,0.04663743972778356,7.859811305999756,-0.006448849104344845,64,5,AC34.GNSS|AC67.GNSS|AC45.GNSS|AC38.GNSS|AC02.GNSS
"M 7.9 - 261 km SE of Chiniak, Alaska",193.0,7.854163646697998,7.9,-0.04583635330200231,0.04583635330200231,7.859811305999756,-0.005647534504532814,64,5,AC34.GNSS|AC67.GNSS|AC45.GNSS|AC38.GNSS|AC02.GNSS
"M 7.9 - 261 km SE of Chiniak, Alaska",194.0,7.85496711730957,7.9,-0.04503288269043004,0.04503288269043004,7.859811305999756,-0.00484410859644413,64,5,AC34.GNSS|AC67.GNSS|AC45.GNSS|AC38.GNSS|AC02.GNSS
"M 7.9 - 261 km SE of Chiniak, Alaska",195.0,7.855772495269775,7.9,-0.044227504730224965,0.044227504730224965,7.859811305999756,-0.004038910381495953,64,5,AC34.GNSS|AC67.GNSS|AC45.GNSS|AC38.GNSS|AC02.GNSS
"M 7.9 - 261 km SE of Chiniak, Alaska",196.0,7.856578826904297,7.9,-0.04342117309570348,0.04342117309570348,7.859811305999756,-0.003232594346627593,64,5,AC34.GNSS|AC67.GNSS|AC45.GNSS|AC38.GNSS|AC02.GNSS
"M 7.9 - 261 km SE of Chiniak, Alaska",197.0,7.857385635375977,7.9,-0.04261436462402379,0.04261436462402379,7.859811305999756,-0.002425532089546323,64,5,AC34.GNSS|AC67.GNSS|AC45.GNSS|AC38.GNSS|AC02.GNSS
"M 7.9 - 261 km SE of Chiniak, Alaska",198.0,7.858193397521973,7.9,-0.0418066024780277,0.0418066024780277,7.859811305999756,-0.001617751899175346,64,5,AC34.GNSS|AC67.GNSS|AC45.GNSS|AC38.GNSS|AC02.GNSS
"M 7.9 - 261 km SE of Chiniak, Alaska",199.0,7.859002113342285,7.9,-0.0409978866577152,0.0409978866577152,7.859811305999756,-0.0008092168718576431,64,5,AC34.GNSS|AC67.GNSS|AC45.GNSS|AC38.GNSS|AC02.GNSS
"M 7.9 - 261 km SE of Chiniak, Alaska",200.0,7.859811305999756,7.9,-0.040188694000244496,0.040188694000244496,7.859811305999756,-0.0,64,5,AC34.GNSS|AC67.GNSS|AC45.GNSS|AC38.GNSS|AC02.GNSS
"M 6.6 - 44 km SE of Kangding, China",14.0,6.268181324005127,6.6,-0.3318186759948727,0.3318186759948727,6.105774879455566,0.16240622103214264,1,1,SCJL
"M 6.6 - 44 km SE of Kangding, China",15.0,6.346078395843506,6.6,-0.2539216041564938,0.2539216041564938,6.184201717376709,0.16187669336795807,2,2,SCYX|SCJL
"M 6.6 - 44 km SE of Kangding, China",16.0,6.34515905380249,6.6,-0.2548409461975094,0.2548409461975094,6.184201717376709,0.1609574407339096,2,2,SCYX|SCJL
"M 6.6 - 44 km SE of Kangding, China",17.0,6.344246864318848,6.6,-0.255753135681152,0.255753135681152,6.184201717376709,0.16004498302936554,2,2,SCYX|SCJL
"M 6.6 - 44 km SE of Kangding, China",18.0,6.367573261260986,6.6,-0.23242673873901332,0.23242673873901332,6.2084479331970215,0.15912552177906036,2,2,SCYX|SCJL
"M 6.6 - 44 km SE of Kangding, China",19.0,6.391357421875,6.6,-0.20864257812499964,0.20864257812499964,6.232614040374756,0.15874342620372772,3,3,SCYX|SCXJ|SCJL
"M 6.6 - 44 km SE of Kangding, China",20.0,6.463469505310059,6.6,-0.13653049468994105,0.13653049468994105,6.305545330047607,0.15792407095432281,5,5,SCMB|SCYX|SCXD|SCXJ|SCJL
"M 6.6 - 44 km SE of Kangding, China",21.0,6.462603569030762,6.6,-0.13739643096923793,0.13739643096923793,6.305545330047607,0.1570582240819931,5,5,SCMB|SCYX|SCJL|SCXD|SCXJ
"M 6.6 - 44 km SE of Kangding, China",22.0,6.461726188659668,6.6,-0.13827381134033168,0.13827381134033168,6.305545330047607,0.15618076920509338,5,5,SCMB|SCYX|SCJL|SCXD|SCXJ
"M 6.6 - 44 km SE of Kangding, China",23.0,6.540539264678955,6.6,-0.05946073532104457,0.05946073532104457,6.385283946990967,0.1552555114030838,6,5,SCMB|SCYX|SCJL|SCDA|SCXD
"M 6.6 - 44 km SE of Kangding, China",24.0,6.602721214294434,6.6,0.002721214294433949,0.002721214294433949,6.448395252227783,0.15432587265968323,6,5,SCMB|SCXD|SCJL|SCYX|SCDA
"M 6.6 - 44 km SE of Kangding, China",25.0,6.610512733459473,6.6,0.010512733459473012,0.010512733459473012,6.457097053527832,0.1534157395362854,6,5,SCMB|SCJL|SCXD|SCYX|SCDA
"M 6.6 - 44 km SE of Kangding, China",26.0,6.635509967803955,6.6,0.03550996780395543,0.03550996780395543,6.483017444610596,0.15249253809452057,6,5,SCMB|SCYX|SCJL|SCXD|SCDA
"M 6.6 - 44 km SE of Kangding, China",27.0,6.648445129394531,6.6,0.048445129394531605,0.048445129394531605,6.49688196182251,0.15156304836273193,6,5,SCMB|SCYX|SCJL|SCXD|SCDA
"M 6.6 - 44 km SE of Kangding, China",28.0,6.647523403167725,6.6,0.047523403167724965,0.047523403167724965,6.49688196182251,0.15064135193824768,6,5,SCMB|SCYX|SCJL|SCXD|SCDA
"M 6.6 - 44 km SE of Kangding, China",29.0,6.646602630615234,6.6,0.04660263061523473,0.04660263061523473,6.49688196182251,0.149720698595047,6,5,SCMB|SCYX|SCJL|SCXD|SCDA
"M 6.6 - 44 km SE of Kangding, China",30.0,6.645687103271484,6.6,0.04568710327148473,0.04568710327148473,6.49688196182251,0.14880512654781342,6,5,SCMB|SCYX|SCJL|SCXD|SCDA
"M 6.6 - 44 km SE of Kangding, China",31.0,6.6447882652282715,6.6,0.04478826522827184,0.04478826522827184,6.49688196182251,0.14790618419647217,6,5,SCMB|SCYX|SCJL|SCXD|SCDA
"M 6.6 - 44 km SE of Kangding, China",32.0,6.643905162811279,6.6,0.04390516281127965,0.04390516281127965,6.49688196182251,0.1470232456922531,6,5,SCMB|SCYX|SCJL|SCXD|SCDA
"M 6.6 - 44 km SE of Kangding, China",33.0,6.64302396774292,6.6,0.04302396774292028,0.04302396774292028,6.49688196182251,0.14614221453666687,6,5,SCMB|SCYX|SCJL|SCXD|SCDA
"M 6.6 - 44 km SE of Kangding, China",34.0,6.642693519592285,6.6,0.04269351959228551,0.04269351959228551,6.497439861297607,0.14525356888771057,6,5,SCMB|SCYX|SCJL|SCXD|SCDA
"M 6.6 - 44 km SE of Kangding, China",35.0,6.642910957336426,6.6,0.042910957336426137,0.042910957336426137,6.498554229736328,0.14435651898384094,6,5,SCMB|SCYX|SCJL|SCXD|SCDA
"M 6.6 - 44 km SE of Kangding, China",36.0,6.6663923263549805,6.6,0.06639232635498082,0.06639232635498082,6.5229411125183105,0.14345110952854156,6,5,SCMB|SCYX|SCDA|SCJL|SCXD
"M 6.6 - 44 km SE of Kangding, China",37.0,6.686350345611572,6.6,0.08635034561157262,0.08635034561157262,6.543783664703369,0.14256657660007477,6,5,SCMB|SCYX|SCDA|SCJL|SCXD
"M 6.6 - 44 km SE of Kangding, China",38.0,6.692360877990723,6.6,0.09236087799072301,0.09236087799072301,6.550658226013184,0.14170266687870026,6,5,SCMB|SCDA|SCYX|SCJL|SCXD
"M 6.6 - 44 km SE of Kangding, China",39.0,6.6915130615234375,6.6,0.09151306152343786,0.09151306152343786,6.550658226013184,0.14085471630096436,6,5,SCMB|SCDA|SCYX|SCJL|SCXD
"M 6.6 - 44 km SE of Kangding, China",40.0,6.690658092498779,6.6,0.09065809249877965,0.09065809249877965,6.550658226013184,0.13999982178211212,6,5,SCMB|SCDA|SCYX|SCJL|SCXD
"M 6.6 - 44 km SE of Kangding, China",41.0,6.689788818359375,6.6,0.08978881835937536,0.08978881835937536,6.550658226013184,0.1391303986310959,6,5,SCMB|SCDA|SCYX|SCJL|SCXD
"M 6.6 - 44 km SE of Kangding, China",42.0,6.688914775848389,6.6,0.08891477584838903,0.08891477584838903,6.550658226013184,0.13825662434101105,6,5,SCMB|SCDA|SCYX|SCJL|SCXD
"M 6.6 - 44 km SE of Kangding, China",43.0,6.732071876525879,6.6,0.13207187652587926,0.13207187652587926,6.594732761383057,0.13733890652656555,6,5,SCMB|SCJL|SCDA|SCYX|SCXD
"M 6.6 - 44 km SE of Kangding, China",44.0,6.7871904373168945,6.6,0.1871904373168949,0.1871904373168949,6.650791168212891,0.13639922440052032,6,5,SCJL|SCMB|SCDA|SCYX|SCXD
"M 6.6 - 44 km SE of Kangding, China",45.0,6.800256729125977,6.6,0.20025672912597692,0.20025672912597692,6.664719581604004,0.13553723692893982,6,5,SCJL|SCMB|SCDA|SCYX|SCXD
"M 6.6 - 44 km SE of Kangding, China",46.0,6.799402236938477,6.6,0.19940223693847692,0.19940223693847692,6.664719581604004,0.13468244671821594,6,5,SCJL|SCMB|SCDA|SCYX|SCXD
"M 6.6 - 44 km SE of Kangding, China",47.0,6.79854679107666,6.6,0.1985467910766605,0.1985467910766605,6.664719581604004,0.13382741808891296,6,5,SCJL|SCMB|SCDA|SCYX|SCXD
"M 6.6 - 44 km SE of Kangding, China",48.0,6.7976813316345215,6.6,0.19768133163452184,0.19768133163452184,6.664719581604004,0.13296197354793549,6,5,SCJL|SCMB|SCDA|SCYX|SCXD
"M 6.6 - 44 km SE of Kangding, China",49.0,6.796810150146484,6.6,0.19681015014648473,0.19681015014648473,6.664719581604004,0.13209077715873718,6,5,SCJL|SCMB|SCDA|SCYX|SCXD
"M 6.6 - 44 km SE of Kangding, China",50.0,6.803430557250977,6.6,0.20343055725097692,0.20343055725097692,6.672212600708008,0.13121771812438965,6,5,SCJL|SCMB|SCDA|SCYX|SCXD
"M 6.6 - 44 km SE of Kangding, China",51.0,6.830034255981445,6.6,0.23003425598144567,0.23003425598144567,6.699691295623779,0.13034315407276154,6,5,SCJL|SCMB|SCDA|SCYX|SCXD
"M 6.6 - 44 km SE of Kangding, China",52.0,6.8356194496154785,6.6,0.23561944961547887,0.23561944961547887,6.706140995025635,0.12947843968868256,6,5,SCMB|SCJL|SCDA|SCYX|SCXD
"M 6.6 - 44 km SE of Kangding, China",53.0,6.834750652313232,6.6,0.23475065231323278,0.23475065231323278,6.706140995025635,0.12860950827598572,6,5,SCMB|SCJL|SCDA|SCYX|SCXD
"M 6.6 - 44 km SE of Kangding, China",54.0,6.837539196014404,6.6,0.23753919601440465,0.23753919601440465,6.709807872772217,0.12773151695728302,6,5,SCMB|SCJL|SCDA|SCYX|SCXD
"M 6.6 - 44 km SE of Kangding, China",55.0,6.84471321105957,6.6,0.24471321105957067,0.24471321105957067,6.717859745025635,0.12685337662696838,6,5,SCMB|SCJL|SCDA|SCYX|SCXD
"M 6.6 - 44 km SE of Kangding, China",56.0,6.8510661125183105,6.6,0.2510661125183109,0.2510661125183109,6.725085735321045,0.12598036229610443,6,5,SCMB|SCJL|SCDA|SCYX|SCXD
"M 6.6 - 44 km SE of Kangding, China",57.0,6.850232124328613,6.6,0.25023212432861364,0.25023212432861364,6.7251200675964355,0.1251121610403061,6,5,SCMB|SCJL|SCDA|SCYX|SCXD
"M 6.6 - 44 km SE of Kangding, China",58.0,6.849361419677734,6.6,0.24936141967773473,0.24936141967773473,6.7251200675964355,0.12424152344465256,6,5,SCMB|SCJL|SCDA|SCYX|SCXD
"M 6.6 - 44 km SE of Kangding, China",59.0,6.848487854003906,6.6,0.2484878540039066,0.2484878540039066,6.7251200675964355,0.12336781620979309,6,5,SCMB|SCJL|SCDA|SCYX|SCXD
"M 6.6 - 44 km SE of Kangding, China",60.0,6.847610950469971,6.6,0.24761095046997106,0.24761095046997106,6.7251200675964355,0.1224907711148262,6,5,SCMB|SCJL|SCDA|SCYX|SCXD
"M 6.6 - 44 km SE of Kangding, China",61.0,6.846734523773193,6.6,0.24673452377319371,0.24673452377319371,6.7251200675964355,0.12161426246166229,6,5,SCMB|SCJL|SCDA|SCYX|SCXD
"M 6.6 - 44 km SE of Kangding, China",62.0,6.845860004425049,6.6,0.24586000442504918,0.24586000442504918,6.7251200675964355,0.12073985487222672,6,5,SCMB|SCJL|SCDA|SCYX|SCXD
"M 6.6 - 44 km SE of Kangding, China",63.0,6.844988822937012,6.6,0.24498882293701207,0.24498882293701207,6.7251200675964355,0.11986858397722244,6,5,SCMB|SCJL|SCDA|SCYX|SCXD
"M 6.6 - 44 km SE of Kangding, China",64.0,6.844120502471924,6.6,0.24412050247192418,0.24412050247192418,6.7251200675964355,0.1190004050731659,6,5,SCMB|SCJL|SCYX|SCDA|SCXD
"M 6.6 - 44 km SE of Kangding, China",65.0,6.843247413635254,6.6,0.24324741363525426,0.24324741363525426,6.7251200675964355,0.11812752485275269,6,5,SCMB|SCJL|SCYX|SCDA|SCXD
"M 6.6 - 44 km SE of Kangding, China",66.0,6.842369079589844,6.6,0.2423690795898441,0.2423690795898441,6.7251200675964355,0.11724893748760223,6,5,SCMB|SCJL|SCYX|SCDA|SCXD
"M 6.6 - 44 km SE of Kangding, China",67.0,6.841485023498535,6.6,0.2414850234985355,0.2414850234985355,6.7251200675964355,0.11636490374803543,6,5,SCMB|SCJL|SCYX|SCDA|SCXD
"M 6.6 - 44 km SE of Kangding, China",68.0,6.840600490570068,6.6,0.24060049057006871,0.24060049057006871,6.7251200675964355,0.1154804527759552,6,5,SCMB|SCJL|SCYX|SCDA|SCXD
"M 6.6 - 44 km SE of Kangding, China",69.0,6.839719772338867,6.6,0.23971977233886754,0.23971977233886754,6.7251200675964355,0.11459993571043015,6,5,SCMB|SCJL|SCYX|SCDA|SCXD
"M 6.6 - 44 km SE of Kangding, China",70.0,6.838844299316406,6.6,0.2388442993164066,0.2388442993164066,6.7251200675964355,0.11372406035661697,6,5,SCMB|SCJL|SCYX|SCDA|SCXD
"M 6.6 - 44 km SE of Kangding, China",71.0,6.837968349456787,6.6,0.23796834945678746,0.23796834945678746,6.7251200675964355,0.1128484308719635,6,5,SCMB|SCJL|SCYX|SCDA|SCXD
"M 6.6 - 44 km SE of Kangding, China",72.0,6.837090969085693,6.6,0.23709096908569371,0.23709096908569371,6.7251200675964355,0.11197108775377274,6,5,SCMB|SCJL|SCYX|SCDA|SCXD
"M 6.6 - 44 km SE of Kangding, China",73.0,6.836213111877441,6.6,0.23621311187744176,0.23621311187744176,6.7251200675964355,0.11109315603971481,6,5,SCMB|SCJL|SCYX|SCDA|SCXD
"M 6.6 - 44 km SE of Kangding, China",74.0,6.835333824157715,6.6,0.2353338241577152,0.2353338241577152,6.7251200675964355,0.11021360754966736,6,5,SCMB|SCJL|SCYX|SCDA|SCXD
"M 6.6 - 44 km SE of Kangding, China",75.0,6.8344502449035645,6.6,0.2344502449035648,0.2344502449035648,6.7251200675964355,0.10933016985654831,6,5,SCMB|SCJL|SCYX|SCDA|SCXD
"M 6.6 - 44 km SE of Kangding, China",76.0,6.833566188812256,6.6,0.23356618881225621,0.23356618881225621,6.7251200675964355,0.10844621807336807,6,5,SCMB|SCJL|SCYX|SCDA|SCXD
"M 6.6 - 44 km SE of Kangding, China",77.0,6.870779991149902,6.6,0.2707799911499027,0.2707799911499027,6.763286590576172,0.10749340802431107,6,5,SCMB|SCJL|SCDA|SCYX|SCXD
"M 6.6 - 44 km SE of Kangding, China",78.0,6.907619953155518,6.6,0.30761995315551793,0.30761995315551793,6.801074028015137,0.1065458431839943,6,5,SCMB|SCJL|SCDA|SCYX|SCXD
"M 6.6 - 44 km SE of Kangding, China",79.0,6.906723499298096,6.6,0.30672349929809606,0.30672349929809606,6.801074028015137,0.10564932227134705,6,5,SCMB|SCJL|SCDA|SCYX|SCXD
"M 6.6 - 44 km SE of Kangding, China",80.0,6.905824661254883,6.6,0.30582466125488317,0.30582466125488317,6.801074028015137,0.10475075244903564,6,5,SCMB|SCJL|SCDA|SCYX|SCXD
"M 6.6 - 44 km SE of Kangding, China",81.0,6.904926776885986,6.6,0.3049267768859867,0.3049267768859867,6.801074028015137,0.10385283082723618,6,5,SCMB|SCJL|SCDA|SCYX|SCXD
"M 6.6 - 44 km SE of Kangding, China",82.0,6.904031753540039,6.6,0.3040317535400394,0.3040317535400394,6.801074028015137,0.10295756161212921,6,5,SCMB|SCJL|SCDA|SCYX|SCXD
"M 6.6 - 44 km SE of Kangding, China",83.0,6.903136253356934,6.6,0.30313625335693395,0.30313625335693395,6.801074028015137,0.10206219553947449,6,5,SCMB|SCJL|SCDA|SCYX|SCXD
"M 6.6 - 44 km SE of Kangding, China",84.0,6.902237892150879,6.6,0.30223789215087926,0.30223789215087926,6.801074028015137,0.10116392374038696,6,5,SCMB|SCJL|SCDA|SCYX|SCXD
"M 6.6 - 44 km SE of Kangding, China",85.0,6.901337146759033,6.6,0.30133714675903356,0.30133714675903356,6.801074028015137,0.10026320070028305,6,5,SCMB|SCJL|SCDA|SCYX|SCXD
"M 6.6 - 44 km SE of Kangding, China",86.0,6.900437831878662,6.6,0.30043783187866246,0.30043783187866246,6.801074028015137,0.09936387091875076,6,5,SCMB|SCJL|SCDA|SCYX|SCXD
"M 6.6 - 44 km SE of Kangding, China",87.0,6.899549961090088,6.6,0.29954996109008825,0.29954996109008825,6.801074028015137,0.09847571700811386,6,5,SCMB|SCJL|SCDA|SCYX|SCXD
"M 6.6 - 44 km SE of Kangding, China",88.0,6.898674011230469,6.6,0.2986740112304691,0.2986740112304691,6.801074028015137,0.09759994596242905,6,5,SCMB|SCJL|SCDA|SCYX|SCXD
"M 6.6 - 44 km SE of Kangding, China",89.0,6.8978071212768555,6.6,0.2978071212768558,0.2978071212768558,6.801074028015137,0.09673292934894562,6,5,SCMB|SCJL|SCYX|SCDA|SCXD
"M 6.6 - 44 km SE of Kangding, China",90.0,6.920955657958984,6.6,0.32095565795898473,0.32095565795898473,6.825183391571045,0.09577243030071259,6,5,SCMB|SCYX|SCJL|SCDA|SCXD
"M 6.6 - 44 km SE of Kangding, China",91.0,6.931436061859131,6.6,0.3314360618591312,0.3314360618591312,6.836574077606201,0.09486199170351028,6,5,SCMB|SCYX|SCJL|SCDA|SCXD
"M 6.6 - 44 km SE of Kangding, China",92.0,6.93056058883667,6.6,0.3305605888366703,0.3305605888366703,6.836574077606201,0.0939866453409195,6,5,SCMB|SCYX|SCJL|SCDA|SCXD
"M 6.6 - 44 km SE of Kangding, China",93.0,6.929685592651367,6.6,0.32968559265136754,0.32968559265136754,6.836574077606201,0.0931115373969078,6,5,SCMB|SCYX|SCJL|SCDA|SCXD
"M 6.6 - 44 km SE of Kangding, China",94.0,6.919370174407959,6.6,0.31937017440795934,0.31937017440795934,6.827479362487793,0.09189090877771378,6,5,SCMB|SCYX|SCJL|SCDA|SCXJ
"M 6.6 - 44 km SE of Kangding, China",95.0,6.918520927429199,6.6,0.3185209274291996,0.3185209274291996,6.827479362487793,0.09104150533676147,6,5,SCMB|SCYX|SCJL|SCDA|SCXJ
"M 6.6 - 44 km SE of Kangding, China",96.0,6.917672157287598,6.6,0.317672157287598,0.317672157287598,6.827479362487793,0.09019257873296738,6,5,SCMB|SCYX|SCJL|SCDA|SCXJ
"M 6.6 - 44 km SE of Kangding, China",97.0,6.916812896728516,6.6,0.316812896728516,0.316812896728516,6.827479362487793,0.08933372795581818,6,5,SCMB|SCYX|SCJL|SCDA|SCXJ
"M 6.6 - 44 km SE of Kangding, China",98.0,6.915934085845947,6.6,0.3159340858459476,0.3159340858459476,6.827479362487793,0.08845488727092743,6,5,SCMB|SCYX|SCJL|SCDA|SCXJ
"M 6.6 - 44 km SE of Kangding, China",99.0,6.91505241394043,6.6,0.31505241394043004,0.31505241394043004,6.827479362487793,0.08757288753986359,6,5,SCMB|SCYX|SCJL|SCDA|SCXJ
"M 6.6 - 44 km SE of Kangding, China",100.0,6.9141740798950195,6.6,0.3141740798950199,0.3141740798950199,6.827479362487793,0.08669474720954895,6,5,SCMB|SCYX|SCJL|SCDA|SCXJ
"M 6.6 - 44 km SE of Kangding, China",101.0,6.913307189941406,6.6,0.3133071899414066,0.3133071899414066,6.827479362487793,0.08582762628793716,6,5,SCMB|SCYX|SCJL|SCDA|SCXJ
"M 6.6 - 44 km SE of Kangding, China",102.0,6.912451267242432,6.6,0.312451267242432,0.312451267242432,6.827479362487793,0.08497191965579987,6,5,SCMB|SCYX|SCJL|SCDA|SCXJ
"M 6.6 - 44 km SE of Kangding, China",103.0,6.911595821380615,6.6,0.3115958213806156,0.3115958213806156,6.827479362487793,0.0841163694858551,6,5,SCMB|SCYX|SCJL|SCDA|SCXJ
"M 6.6 - 44 km SE of Kangding, China",104.0,6.9107346534729,6.6,0.31073465347290075,0.31073465347290075,6.827479362487793,0.0832553282380104,6,5,SCMB|SCYX|SCJL|SCDA|SCXJ
"M 6.6 - 44 km SE of Kangding, China",105.0,6.909872531890869,6.6,0.3098725318908695,0.3098725318908695,6.827479362487793,0.08239337801933289,6,5,SCMB|SCYX|SCJL|SCDA|SCXJ
"M 6.6 - 44 km SE of Kangding, China",106.0,6.909015655517578,6.6,0.3090156555175785,0.3090156555175785,6.827479362487793,0.08153647184371948,6,5,SCMB|SCYX|SCJL|SCDA|SCXJ
"M 6.6 - 44 km SE of Kangding, China",107.0,6.908165454864502,6.6,0.3081654548645023,0.3081654548645023,6.827479362487793,0.08068619668483734,6,5,SCMB|SCYX|SCJL|SCDA|SCXJ
"M 6.6 - 44 km SE of Kangding, China",108.0,6.90731954574585,6.6,0.30731954574584996,0.30731954574584996,6.827479362487793,0.07984020560979843,6,5,SCMB|SCYX|SCJL|SCDA|SCXJ
"M 6.6 - 44 km SE of Kangding, China",109.0,6.906472682952881,6.6,0.3064726829528812,0.3064726829528812,6.827479362487793,0.0789935439825058,6,5,SCMB|SCYX|SCJL|SCDA|SCXJ
"M 6.6 - 44 km SE of Kangding, China",110.0,6.905622959136963,6.6,0.30562295913696325,0.30562295913696325,6.827479362487793,0.07814347743988037,6,5,SCMB|SCYX|SCJL|SCDA|SCXJ
"M 6.6 - 44 km SE of Kangding, China",111.0,6.9047675132751465,6.6,0.30476751327514684,0.30476751327514684,6.827479362487793,0.07728798687458038,6,5,SCMB|SCYX|SCJL|SCDA|SCXJ
"M 6.6 - 44 km SE of Kangding, China",112.0,6.9039130210876465,6.6,0.30391302108764684,0.30391302108764684,6.827479362487793,0.07643354684114456,6,5,SCMB|SCYX|SCJL|SCDA|SCXJ
"M 6.6 - 44 km SE of Kangding, China",113.0,6.903061389923096,6.6,0.30306138992309606,0.30306138992309606,6.827479362487793,0.07558217644691467,6,5,SCMB|SCYX|SCJL|SCDA|SCXJ
"M 6.6 - 44 km SE of Kangding, China",114.0,6.902210712432861,6.6,0.3022107124328617,0.3022107124328617,6.827479362487793,0.07473140954971313,6,5,SCMB|SCYX|SCJL|SCDA|SCXJ
"M 6.6 - 44 km SE of Kangding, China",115.0,6.910656452178955,6.6,0.31065645217895543,0.31065645217895543,6.836574077606201,0.07408254593610764,6,5,SCMB|SCYX|SCJL|SCDA|SCXD
"M 6.6 - 44 km SE of Kangding, China",116.0,6.910787105560303,6.6,0.3107871055603031,0.3107871055603031,6.837574005126953,0.07321320474147797,6,5,SCMB|SCYX|SCJL|SCXD|SCDA
"M 6.6 - 44 km SE of Kangding, China",117.0,6.913960933685303,6.6,0.3139609336853031,0.3139609336853031,6.841629981994629,0.0723307803273201,6,5,SCMB|SCYX|SCJL|SCXD|SCDA
"M 6.6 - 44 km SE of Kangding, China",118.0,6.91401481628418,6.6,0.31401481628418004,0.31401481628418004,6.842555999755859,0.07145905494689941,6,5,SCMB|SCYX|SCJL|SCXD|SCDA
"M 6.6 - 44 km SE of Kangding, China",119.0,6.926365375518799,6.6,0.3263653755187992,0.3263653755187992,6.855802536010742,0.07056305557489395,6,5,SCMB|SCYX|SCJL|SCXD|SCDA
"M 6.6 - 44 km SE of Kangding, China",120.0,6.9340715408325195,6.6,0.3340715408325199,0.3340715408325199,6.864379405975342,0.0696922019124031,6,5,SCMB|SCYX|SCXD|SCJL|SCDA
"M 6.6 - 44 km SE of Kangding, China",121.0,6.9352827072143555,6.6,0.3352827072143558,0.3352827072143558,6.866457462310791,0.0688253864645958,6,5,SCMB|SCYX|SCXD|SCJL|SCDA
"M 6.6 - 44 km SE of Kangding, China",122.0,6.934410572052002,6.6,0.3344105720520023,0.3344105720520023,6.866457462310791,0.0679529532790184,6,5,SCMB|SCYX|SCXD|SCJL|SCDA
"M 6.6 - 44 km SE of Kangding, China",123.0,6.937986373901367,6.6,0.33798637390136754,0.33798637390136754,6.870924949645996,0.06706153601408005,6,5,SCMB|SCYX|SCXD|SCJL|SCDA
"M 6.6 - 44 km SE of Kangding, China",124.0,6.937108039855957,6.6,0.3371080398559574,0.3371080398559574,6.870924949645996,0.06618297845125198,6,5,SCMB|SCYX|SCXD|SCJL|SCDA
"M 6.6 - 44 km SE of Kangding, China",125.0,6.93623161315918,6.6,0.33623161315918004,0.33623161315918004,6.870924949645996,0.06530662626028061,6,5,SCMB|SCYX|SCXD|SCJL|SCDA
"M 6.6 - 44 km SE of Kangding, China",126.0,6.93535852432251,6.6,0.3353585243225101,0.3353585243225101,6.870924949645996,0.0644335150718689,6,5,SCMB|SCYX|SCXD|SCJL|SCDA
"M 6.6 - 44 km SE of Kangding, China",127.0,6.934486389160156,6.6,0.3344863891601566,0.3344863891601566,6.870924949645996,0.06356167793273926,6,5,SCMB|SCYX|SCXD|SCJL|SCDA
"M 6.6 - 44 km SE of Kangding, China",128.0,6.933611869812012,6.6,0.3336118698120121,0.3336118698120121,6.870924949645996,0.06268686056137085,6,5,SCMB|SCYX|SCXD|SCJL|SCDA
"M 6.6 - 44 km SE of Kangding, China",129.0,6.93273401260376,6.6,0.3327340126037601,0.3327340126037601,6.870924949645996,0.061809226870536804,6,5,SCMB|SCYX|SCXD|SCJL|SCDA
"M 6.6 - 44 km SE of Kangding, China",130.0,6.931855201721191,6.6,0.33185520172119176,0.33185520172119176,6.870924949645996,0.06093040108680725,6,5,SCMB|SCYX|SCXD|SCJL|SCDA
"M 6.6 - 44 km SE of Kangding, China",131.0,6.930976867675781,6.6,0.3309768676757816,0.3309768676757816,6.870924949645996,0.06005208566784859,6,5,SCMB|SCYX|SCXD|SCJL|SCDA
"M 6.6 - 44 km SE of Kangding, China",132.0,6.9301042556762695,6.6,0.3301042556762699,0.3301042556762699,6.870924949645996,0.059179067611694336,6,5,SCMB|SCYX|SCXD|SCJL|SCDA
"M 6.6 - 44 km SE of Kangding, China",133.0,6.929234981536865,6.6,0.3292349815368656,0.3292349815368656,6.870924949645996,0.05830986797809601,6,5,SCMB|SCYX|SCXD|SCJL|SCDA
"M 6.6 - 44 km SE of Kangding, China",134.0,6.928367614746094,6.6,0.3283676147460941,0.3283676147460941,6.870924949645996,0.057442620396614075,6,5,SCMB|SCYX|SCXD|SCJL|SCDA
"M 6.6 - 44 km SE of Kangding, China",135.0,6.927499771118164,6.6,0.3274997711181644,0.3274997711181644,6.870924949645996,0.05657476559281349,6,5,SCMB|SCYX|SCXD|SCJL|SCDA
"M 6.6 - 44 km SE of Kangding, China",136.0,6.92663049697876,6.6,0.3266304969787601,0.3266304969787601,6.870924949645996,0.05570574104785919,6,5,SCMB|SCYX|SCXD|SCJL|SCDA
"M 6.6 - 44 km SE of Kangding, China",137.0,6.925762176513672,6.6,0.32576217651367223,0.32576217651367223,6.870924949645996,0.054837100207805634,6,5,SCMB|SCYX|SCXD|SCJL|SCDA
"M 6.6 - 44 km SE of Kangding, China",138.0,6.924895286560059,6.6,0.32489528656005895,0.32489528656005895,6.870924949645996,0.05397052690386772,6,5,SCMB|SCYX|SCXD|SCJL|SCDA
"M 6.6 - 44 km SE of Kangding, China",139.0,6.924029350280762,6.6,0.3240293502807621,0.3240293502807621,6.870924949645996,0.05310434848070145,6,5,SCMB|SCYX|SCXD|SCJL|SCDA
"M 6.6 - 44 km SE of Kangding, China",140.0,6.923161029815674,6.6,0.3231610298156742,0.3231610298156742,6.870924949645996,0.052235860377550125,6,5,SCMB|SCYX|SCXD|SCJL|SCDA
"M 6.6 - 44 km SE of Kangding, China",141.0,6.922289848327637,6.6,0.3222898483276371,0.3222898483276371,6.870924949645996,0.05136485397815704,6,5,SCMB|SCYX|SCXD|SCJL|SCDA
"M 6.6 - 44 km SE of Kangding, China",142.0,6.921418190002441,6.6,0.32141819000244176,0.32141819000244176,6.870924949645996,0.050493061542510986,6,5,SCMB|SCYX|SCXD|SCJL|SCDA
"M 6.6 - 44 km SE of Kangding, China",143.0,6.9205451011657715,6.6,0.32054510116577184,0.32054510116577184,6.870924949645996,0.04962020739912987,6,5,SCMB|SCYX|SCXD|SCJL|SCDA
"M 6.6 - 44 km SE of Kangding, China",144.0,6.934846878051758,6.6,0.33484687805175817,0.33484687805175817,6.886132717132568,0.04871397092938423,6,5,SCMB|SCYX|SCXD|SCJL|SCDA
"M 6.6 - 44 km SE of Kangding, China",145.0,6.944550514221191,6.6,0.34455051422119176,0.34455051422119176,6.896725177764893,0.04782511293888092,6,5,SCMB|SCYX|SCXD|SCJL|SCDA
"M 6.6 - 44 km SE of Kangding, China",146.0,6.943681240081787,6.6,0.34368124008178746,0.34368124008178746,6.896725177764893,0.04695624113082886,6,5,SCMB|SCYX|SCXD|SCJL|SCDA
"M 6.6 - 44 km SE of Kangding, China",147.0,6.942810535430908,6.6,0.34281053543090856,0.34281053543090856,6.896725177764893,0.046085260808467865,6,5,SCMB|SCYX|SCXD|SCJL|SCDA
"M 6.6 - 44 km SE of Kangding, China",148.0,6.941937446594238,6.6,0.34193744659423864,0.34193744659423864,6.896725177764893,0.04521217942237854,6,5,SCMB|SCYX|SCXD|SCJL|SCDA
"M 6.6 - 44 km SE of Kangding, China",149.0,6.94106388092041,6.6,0.3410638809204105,0.3410638809204105,6.896725177764893,0.044338908046483994,6,5,SCMB|SCYX|SCXD|SCJL|SCDA
"M 6.6 - 44 km SE of Kangding, China",150.0,6.940192699432373,6.6,0.3401926994323734,0.3401926994323734,6.896725177764893,0.04346754774451256,6,5,SCMB|SCYX|SCXD|SCJL|SCDA
"M 6.6 - 44 km SE of Kangding, China",151.0,6.939323902130127,6.6,0.3393239021301273,0.3393239021301273,6.896725177764893,0.042598504573106766,6,5,SCMB|SCYX|SCXD|SCJL|SCDA
"M 6.6 - 44 km SE of Kangding, China",152.0,6.938456058502197,6.6,0.3384560585021976,0.3384560585021976,6.896725177764893,0.041730694472789764,6,5,SCMB|SCYX|SCXD|SCJL|SCDA
"M 6.6 - 44 km SE of Kangding, China",153.0,6.937587261199951,6.6,0.3375872611999515,0.3375872611999515,6.896725177764893,0.040862150490283966,6,5,SCMB|SCYX|SCXD|SCJL|SCDA
"M 6.6 - 44 km SE of Kangding, China",154.0,6.9367170333862305,6.6,0.3367170333862308,0.3367170333862308,6.896725177764893,0.03999187424778938,6,5,SCMB|SCYX|SCXD|SCJL|SCDA
"M 6.6 - 44 km SE of Kangding, China",155.0,6.935845375061035,6.6,0.3358453750610355,0.3358453750610355,6.896725177764893,0.03911997377872467,6,5,SCMB|SCYX|SCXD|SCJL|SCDA
"M 6.6 - 44 km SE of Kangding, China",156.0,6.934972763061523,6.6,0.3349727630615238,0.3349727630615238,6.896725177764893,0.03824770450592041,6,5,SCMB|SCYX|SCXD|SCJL|SCDA
"M 6.6 - 44 km SE of Kangding, China",157.0,6.934101104736328,6.6,0.3341011047363285,0.3341011047363285,6.896725177764893,0.03737594187259674,6,5,SCMB|SCYX|SCXD|SCJL|SCDA
"M 6.6 - 44 km SE of Kangding, China",158.0,6.933229446411133,6.6,0.33322944641113317,0.33322944641113317,6.896725177764893,0.0365043580532074,6,5,SCMB|SCYX|SCXD|SCJL|SCDA
"M 6.6 - 44 km SE of Kangding, China",159.0,6.932356834411621,6.6,0.33235683441162145,0.33235683441162145,6.896725177764893,0.03563183546066284,6,5,SCMB|SCYX|SCXD|SCJL|SCDA
"M 6.6 - 44 km SE of Kangding, China",160.0,6.931483268737793,6.6,0.3314832687377933,0.3314832687377933,6.896725177764893,0.034757934510707855,6,5,SCMB|SCYX|SCXD|SCJL|SCDA
"M 6.6 - 44 km SE of Kangding, China",161.0,6.93060827255249,6.6,0.3306082725524906,0.3306082725524906,6.896725177764893,0.03388319909572601,6,5,SCMB|SCYX|SCXD|SCJL|SCDA
"M 6.6 - 44 km SE of Kangding, China",162.0,6.929734230041504,6.6,0.32973423004150426,0.32973423004150426,6.896725177764893,0.03300881385803223,6,5,SCMB|SCYX|SCXD|SCJL|SCDA
"M 6.6 - 44 km SE of Kangding, China",163.0,6.928860187530518,6.6,0.32886018753051793,0.32886018753051793,6.896725177764893,0.03213481605052948,6,5,SCMB|SCYX|SCXD|SCJL|SCDA
"M 6.6 - 44 km SE of Kangding, China",164.0,6.927986145019531,6.6,0.3279861450195316,0.3279861450195316,6.896725177764893,0.03126111626625061,6,5,SCMB|SCYX|SCXD|SCJL|SCDA
"M 6.6 - 44 km SE of Kangding, China",165.0,6.927113056182861,6.6,0.3271130561828617,0.3271130561828617,6.896725177764893,0.030387742444872856,6,5,SCMB|SCYX|SCXD|SCJL|SCDA
"M 6.6 - 44 km SE of Kangding, China",166.0,6.926239490509033,6.6,0.32623949050903356,0.32623949050903356,6.896725177764893,0.029514186084270477,6,5,SCMB|SCYX|SCXD|SCJL|SCDA
"M 6.6 - 44 km SE of Kangding, China",167.0,6.925364971160889,6.6,0.325364971160889,0.325364971160889,6.896725177764893,0.02863980084657669,6,5,SCMB|SCYX|SCXD|SCJL|SCDA
"M 6.6 - 44 km SE of Kangding, China",168.0,6.924489974975586,6.6,0.3244899749755863,0.3244899749755863,6.896725177764893,0.027765003964304924,6,5,SCMB|SCYX|SCXD|SCJL|SCDA
"M 6.6 - 44 km SE of Kangding, China",169.0,6.923616409301758,6.6,0.32361640930175817,0.32361640930175817,6.896725177764893,0.02689124085009098,6,5,SCMB|SCYX|SCXD|SCJL|SCDA
"M 6.6 - 44 km SE of Kangding, China",170.0,6.922745227813721,6.6,0.32274522781372106,0.32274522781372106,6.896725177764893,0.02602001093327999,6,5,SCMB|SCYX|SCXD|SCJL|SCDA
"M 6.6 - 44 km SE of Kangding, China",171.0,6.921875,6.6,0.32187500000000036,0.32187500000000036,6.896725177764893,0.025149594992399216,6,5,SCMB|SCYX|SCXD|SCJL|SCDA
"M 6.6 - 44 km SE of Kangding, China",172.0,6.921003341674805,6.6,0.32100334167480504,0.32100334167480504,6.896725177764893,0.02427840046584606,6,5,SCMB|SCYX|SCXD|SCJL|SCDA
"M 6.6 - 44 km SE of Kangding, China",173.0,6.920131206512451,6.6,0.3201312065124515,0.3201312065124515,6.896725177764893,0.023406224325299263,6,5,SCMB|SCYX|SCXD|SCJL|SCDA
"M 6.6 - 44 km SE of Kangding, China",174.0,6.919259548187256,6.6,0.3192595481872562,0.3192595481872562,6.896725177764893,0.022534294053912163,6,5,SCMB|SCYX|SCXD|SCJL|SCDA
"M 6.6 - 44 km SE of Kangding, China",175.0,6.918389320373535,6.6,0.3183893203735355,0.3183893203735355,6.896725177764893,0.021663911640644073,6,5,SCMB|SCYX|SCXD|SCJL|SCDA
"M 6.6 - 44 km SE of Kangding, China",176.0,6.917520999908447,6.6,0.3175209999084476,0.3175209999084476,6.896725177764893,0.020795708522200584,6,5,SCMB|SCYX|SCXD|SCJL|SCDA
"M 6.6 - 44 km SE of Kangding, China",177.0,6.916654586791992,6.6,0.31665458679199254,0.31665458679199254,6.896725177764893,0.01992931216955185,6,5,SCMB|SCYX|SCXD|SCJL|SCDA
"M 6.6 - 44 km SE of Kangding, China",178.0,6.915788650512695,6.6,0.31578865051269567,0.31578865051269567,6.896725177764893,0.019063347950577736,6,5,SCMB|SCYX|SCXD|SCJL|SCDA
"M 6.6 - 44 km SE of Kangding, China",179.0,6.91492223739624,6.6,0.3149222373962406,0.3149222373962406,6.896725177764893,0.01819705218076706,6,5,SCMB|SCYX|SCXD|SCJL|SCDA
"M 6.6 - 44 km SE of Kangding, China",180.0,6.914055347442627,6.6,0.3140553474426273,0.3140553474426273,6.896725177764893,0.01733032427728176,6,5,SCMB|SCYX|SCXD|SCJL|SCDA
"M 6.6 - 44 km SE of Kangding, China",181.0,6.913188457489014,6.6,0.313188457489014,0.313188457489014,6.896725177764893,0.016463452950119972,6,5,SCMB|SCYX|SCXD|SCJL|SCDA
"M 6.6 - 44 km SE of Kangding, China",182.0,6.9123215675354,6.6,0.31232156753540075,0.31232156753540075,6.896725177764893,0.015596570447087288,6,5,SCMB|SCYX|SCXD|SCJL|SCDA
"M 6.6 - 44 km SE of Kangding, China",183.0,6.911455154418945,6.6,0.31145515441894567,0.31145515441894567,6.896725177764893,0.014729885384440422,6,5,SCMB|SCYX|SCXD|SCJL|SCDA
"M 6.6 - 44 km SE of Kangding, China",184.0,6.910588264465332,6.6,0.3105882644653324,0.3105882644653324,6.896725177764893,0.01386297307908535,6,5,SCMB|SCYX|SCXD|SCJL|SCDA
"M 6.6 - 44 km SE of Kangding, China",185.0,6.909720420837402,6.6,0.3097204208374027,0.3097204208374027,6.896725177764893,0.012995308265089989,6,5,SCMB|SCYX|SCXD|SCJL|SCDA
"M 6.6 - 44 km SE of Kangding, China",186.0,6.9088521003723145,6.6,0.3088521003723148,0.3088521003723148,6.896725177764893,0.012127040885388851,6,5,SCMB|SCYX|SCXD|SCJL|SCDA
"M 6.6 - 44 km SE of Kangding, China",187.0,6.912326335906982,6.6,0.3123263359069828,0.3123263359069828,6.9010701179504395,0.01125635951757431,6,5,SCMB|SCYX|SCXD|SCJL|SCDA
"M 6.6 - 44 km SE of Kangding, China",188.0,6.920914649963379,6.6,0.32091464996337926,0.32091464996337926,6.910525798797607,0.010388646274805069,6,5,SCMB|SCYX|SCDA|SCXD|SCJL
"M 6.6 - 44 km SE of Kangding, China",189.0,6.9242777824401855,6.6,0.3242777824401859,0.3242777824401859,6.914755821228027,0.009521754458546638,6,5,SCMB|SCDA|SCYX|SCXD|SCJL
"M 6.6 - 44 km SE of Kangding, China",190.0,6.923409938812256,6.6,0.3234099388122562,0.3234099388122562,6.914755821228027,0.008654290810227394,6,5,SCMB|SCDA|SCYX|SCXD|SCJL
"M 6.6 - 44 km SE of Kangding, China",191.0,6.922542572021484,6.6,0.32254257202148473,0.32254257202148473,6.914755821228027,0.007786641828715801,6,5,SCMB|SCDA|SCYX|SCXD|SCJL
"M 6.6 - 44 km SE of Kangding, China",192.0,6.921674728393555,6.6,0.32167472839355504,0.32167472839355504,6.914755821228027,0.006918942555785179,6,5,SCMB|SCDA|SCYX|SCXD|SCJL
"M 6.6 - 44 km SE of Kangding, China",193.0,6.920807361602783,6.6,0.32080736160278356,0.32080736160278356,6.914755821228027,0.006051722913980484,6,5,SCMB|SCDA|SCYX|SCXD|SCJL
"M 6.6 - 44 km SE of Kangding, China",194.0,6.919941425323486,6.6,0.3199414253234867,0.3199414253234867,6.914755821228027,0.005185405258089304,6,5,SCMB|SCDA|SCYX|SCXD|SCJL
"M 6.6 - 44 km SE of Kangding, China",195.0,6.919075965881348,6.6,0.319075965881348,0.319075965881348,6.914755821228027,0.0043199798092246056,6,5,SCMB|SCDA|SCYX|SCXD|SCJL
"M 6.6 - 44 km SE of Kangding, China",196.0,6.918210983276367,6.6,0.31821098327636754,0.31821098327636754,6.914755821228027,0.003455173224210739,6,5,SCMB|SCDA|SCYX|SCXD|SCJL
"M 6.6 - 44 km SE of Kangding, China",197.0,6.917346477508545,6.6,0.3173464775085453,0.3173464775085453,6.914755821228027,0.0025907347444444895,6,5,SCMB|SCDA|SCYX|SCXD|SCJL
"M 6.6 - 44 km SE of Kangding, China",198.0,6.916482448577881,6.6,0.3164824485778812,0.3164824485778812,6.914755821228027,0.0017266484210267663,6,5,SCMB|SCDA|SCYX|SCXD|SCJL
"M 6.6 - 44 km SE of Kangding, China",199.0,6.915618896484375,6.6,0.31561889648437536,0.31561889648437536,6.914755821228027,0.0008630435331724584,6,5,SCMB|SCDA|SCYX|SCXD|SCJL
"M 6.6 - 44 km SE of Kangding, China",200.0,6.914755821228027,6.6,0.3147558212280277,0.3147558212280277,6.914755821228027,0.0,6,5,SCMB|SCDA|SCYX|SCXD|SCJL
"M 7.7 - 2025 Mandalay, Burma (Myanmar) Earthquake",38.0,7.311685085296631,7.7,-0.3883149147033693,0.3883149147033693,7.174907684326172,0.13677744567394257,1,1,YNRL
"M 7.7 - 2025 Mandalay, Burma (Myanmar) Earthquake",39.0,7.322842121124268,7.7,-0.3771578788757326,0.3771578788757326,7.187121391296387,0.13572074472904205,1,1,YNRL
"M 7.7 - 2025 Mandalay, Burma (Myanmar) Earthquake",40.0,7.321821689605713,7.7,-0.3781783103942873,0.3781783103942873,7.187121391296387,0.13470052182674408,1,1,YNRL
"M 7.7 - 2025 Mandalay, Burma (Myanmar) Earthquake",41.0,7.320702075958252,7.7,-0.3792979240417482,0.3792979240417482,7.187121391296387,0.13358046114444733,1,1,YNRL
"M 7.7 - 2025 Mandalay, Burma (Myanmar) Earthquake",42.0,7.319512367248535,7.7,-0.380487632751465,0.380487632751465,7.187121391296387,0.1323908120393753,1,1,YNRL
"M 7.7 - 2025 Mandalay, Burma (Myanmar) Earthquake",43.0,7.318299770355225,7.7,-0.38170022964477557,0.38170022964477557,7.187121391296387,0.13117820024490356,1,1,YNRL
"M 7.7 - 2025 Mandalay, Burma (Myanmar) Earthquake",44.0,7.317133903503418,7.7,-0.3828660964965822,0.3828660964965822,7.187121391296387,0.13001251220703125,1,1,YNRL
"M 7.7 - 2025 Mandalay, Burma (Myanmar) Earthquake",45.0,7.3160200119018555,7.7,-0.3839799880981447,0.3839799880981447,7.187121391296387,0.1288987398147583,1,1,YNRL
"M 7.7 - 2025 Mandalay, Burma (Myanmar) Earthquake",46.0,7.314939022064209,7.7,-0.3850609779357912,0.3850609779357912,7.187121391296387,0.12781764566898346,1,1,YNRL
"M 7.7 - 2025 Mandalay, Burma (Myanmar) Earthquake",47.0,7.313874244689941,7.7,-0.38612575531005877,0.38612575531005877,7.187121391296387,0.1267528235912323,1,1,YNRL
"M 7.7 - 2025 Mandalay, Burma (Myanmar) Earthquake",48.0,7.312849998474121,7.7,-0.3871500015258791,0.3871500015258791,7.187121391296387,0.12572838366031647,1,1,YNRL
"M 7.7 - 2025 Mandalay, Burma (Myanmar) Earthquake",49.0,7.311975002288818,7.7,-0.3880249977111818,0.3880249977111818,7.187121391296387,0.12485356628894806,1,1,YNRL
"M 7.7 - 2025 Mandalay, Burma (Myanmar) Earthquake",50.0,7.384831428527832,7.7,-0.31516857147216815,0.31516857147216815,7.261734962463379,0.1230965107679367,2,2,YNGM|YNRL
"M 7.7 - 2025 Mandalay, Burma (Myanmar) Earthquake",51.0,7.383955955505371,7.7,-0.3160440444946291,0.3160440444946291,7.261734962463379,0.12222086638212204,2,2,YNGM|YNRL
"M 7.7 - 2025 Mandalay, Burma (Myanmar) Earthquake",52.0,7.3830976486206055,7.7,-0.3169023513793947,0.3169023513793947,7.261734962463379,0.12136264145374298,2,2,YNGM|YNRL
"M 7.7 - 2025 Mandalay, Burma (Myanmar) Earthquake",53.0,7.451650142669678,7.7,-0.24834985733032244,0.24834985733032244,7.328269004821777,0.12338130921125412,3,3,YNLA|YNGM|YNRL
"M 7.7 - 2025 Mandalay, Burma (Myanmar) Earthquake",54.0,7.4543352127075195,7.7,-0.24566478729248065,0.24566478729248065,7.3319172859191895,0.12241795659065247,3,3,YNLA|YNGM|YNRL
"M 7.7 - 2025 Mandalay, Burma (Myanmar) Earthquake",55.0,7.453434467315674,7.7,-0.24656553268432635,0.24656553268432635,7.3319172859191895,0.1215171366930008,3,3,YNLA|YNGM|YNRL
"M 7.7 - 2025 Mandalay, Burma (Myanmar) Earthquake",56.0,7.452576160430908,7.7,-0.24742383956909197,0.24742383956909197,7.3319172859191895,0.12065879255533218,3,3,YNLA|YNGM|YNRL
"M 7.7 - 2025 Mandalay, Burma (Myanmar) Earthquake",57.0,7.386107444763184,7.7,-0.3138925552368166,0.3138925552368166,7.265106678009033,0.1210007593035698,4,4,YNLA|YNGM|YNSD|YNRL
"M 7.7 - 2025 Mandalay, Burma (Myanmar) Earthquake",58.0,7.385306358337402,7.7,-0.31469364166259783,0.31469364166259783,7.265106678009033,0.12019991129636765,4,4,YNLA|YNGM|YNSD|YNRL
"M 7.7 - 2025 Mandalay, Burma (Myanmar) Earthquake",59.0,7.384474754333496,7.7,-0.3155252456665041,0.3155252456665041,7.265106678009033,0.11936809122562408,4,4,YNLA|YNGM|YNSD|YNRL
"M 7.7 - 2025 Mandalay, Burma (Myanmar) Earthquake",60.0,7.396276473999023,7.7,-0.30372352600097674,0.30372352600097674,7.276041030883789,0.12023526430130005,5,5,YNLC|YNLA|YNGM|YNSD|YNRL
"M 7.7 - 2025 Mandalay, Burma (Myanmar) Earthquake",61.0,7.397088527679443,7.7,-0.3029114723205568,0.3029114723205568,7.277749061584473,0.1193394884467125,5,5,YNLC|YNLA|YNGM|YNSD|YNRL
"M 7.7 - 2025 Mandalay, Burma (Myanmar) Earthquake",62.0,7.3999834060668945,7.7,-0.30001659393310565,0.30001659393310565,7.281543731689453,0.11843956261873245,5,5,YNLC|YNLA|YNGM|YNSD|YNRL
"M 7.7 - 2025 Mandalay, Burma (Myanmar) Earthquake",63.0,7.399104118347168,7.7,-0.3008958816528322,0.3008958816528322,7.281543731689453,0.11756052821874619,5,5,YNLC|YNLA|YNGM|YNSD|YNRL
"M 7.7 - 2025 Mandalay, Burma (Myanmar) Earthquake",64.0,7.398231029510498,7.7,-0.30176897048950213,0.30176897048950213,7.281543731689453,0.11668723076581955,5,5,YNLC|YNLA|YNGM|YNSD|YNRL
"M 7.7 - 2025 Mandalay, Burma (Myanmar) Earthquake",65.0,7.397349834442139,7.7,-0.3026501655578615,0.3026501655578615,7.281543731689453,0.1158059611916542,5,5,YNLC|YNLA|YNGM|YNSD|YNRL
"M 7.7 - 2025 Mandalay, Burma (Myanmar) Earthquake",66.0,7.396454811096191,7.7,-0.30354518890380877,0.30354518890380877,7.281543731689453,0.11491099745035172,5,5,YNLC|YNLA|YNGM|YNSD|YNRL
"M 7.7 - 2025 Mandalay, Burma (Myanmar) Earthquake",67.0,7.395553112030029,7.7,-0.3044468879699709,0.3044468879699709,7.281543731689453,0.11400923877954483,5,5,YNLC|YNLA|YNGM|YNSD|YNRL
"M 7.7 - 2025 Mandalay, Burma (Myanmar) Earthquake",68.0,7.394656181335449,7.7,-0.30534381866455096,0.30534381866455096,7.281543731689453,0.11311253905296326,5,5,YNLC|YNLA|YNGM|YNSD|YNRL
"M 7.7 - 2025 Mandalay, Burma (Myanmar) Earthquake",69.0,7.393770217895508,7.7,-0.30622978210449237,0.30622978210449237,7.281543731689453,0.11222651600837708,5,5,YNLC|YNLA|YNGM|YNSD|YNRL
"M 7.7 - 2025 Mandalay, Burma (Myanmar) Earthquake",70.0,7.3928914070129395,7.7,-0.3071085929870607,0.3071085929870607,7.281543731689453,0.11134760826826096,5,5,YNLC|YNLA|YNGM|YNSD|YNRL
"M 7.7 - 2025 Mandalay, Burma (Myanmar) Earthquake",71.0,7.412741661071777,7.7,-0.28725833892822283,0.28725833892822283,7.302122116088867,0.11061948537826538,6,5,YNLC|YNLA|YNGM|YNSD|YNYL
"M 7.7 - 2025 Mandalay, Burma (Myanmar) Earthquake",72.0,7.411847114562988,7.7,-0.2881528854370119,0.2881528854370119,7.302122116088867,0.10972478985786438,6,5,YNLC|YNLA|YNGM|YNSD|YNYL
"M 7.7 - 2025 Mandalay, Burma (Myanmar) Earthquake",73.0,7.410912990570068,7.7,-0.2890870094299318,0.2890870094299318,7.302122116088867,0.10879095643758774,7,5,YNLC|YNLA|YNGM|YNSD|YNYL
"M 7.7 - 2025 Mandalay, Burma (Myanmar) Earthquake",74.0,7.410009384155273,7.7,-0.28999061584472674,0.28999061584472674,7.302122116088867,0.10788729786872864,7,5,YNLC|YNLA|YNGM|YNSD|YNYL
"M 7.7 - 2025 Mandalay, Burma (Myanmar) Earthquake",75.0,7.409117221832275,7.7,-0.2908827781677248,0.2908827781677248,7.302122116088867,0.10699523240327835,7,5,YNLC|YNLA|YNGM|YNSD|YNYL
"M 7.7 - 2025 Mandalay, Burma (Myanmar) Earthquake",76.0,7.408217906951904,7.7,-0.2917820930480959,0.2917820930480959,7.302122116088867,0.10609561204910278,8,5,YNLC|YNLA|YNGM|YNSD|YNYL
"M 7.7 - 2025 Mandalay, Burma (Myanmar) Earthquake",77.0,7.4073567390441895,7.7,-0.2926432609558107,0.2926432609558107,7.302122116088867,0.1052347794175148,8,5,YNLC|YNLA|YNGM|YNSD|YNYL
"M 7.7 - 2025 Mandalay, Burma (Myanmar) Earthquake",78.0,7.406520366668701,7.7,-0.293479633331299,0.293479633331299,7.302122116088867,0.10439814627170563,8,5,YNLC|YNLA|YNGM|YNSD|YNYL
"M 7.7 - 2025 Mandalay, Burma (Myanmar) Earthquake",79.0,7.4056830406188965,7.7,-0.2943169593811037,0.2943169593811037,7.302122116088867,0.10356102138757706,8,5,YNLC|YNLA|YNGM|YNSD|YNYL
"M 7.7 - 2025 Mandalay, Burma (Myanmar) Earthquake",80.0,7.40484619140625,7.7,-0.2951538085937502,0.2951538085937502,7.302122116088867,0.10272414237260818,8,5,YNLC|YNLA|YNGM|YNSD|YNYL
"M 7.7 - 2025 Mandalay, Burma (Myanmar) Earthquake",81.0,7.383276462554932,7.7,-0.31672353744506854,0.31672353744506854,7.281543731689453,0.10173295438289642,8,5,YNLC|YNLA|YNGM|YNSD|YNRL
"M 7.7 - 2025 Mandalay, Burma (Myanmar) Earthquake",82.0,7.382443904876709,7.7,-0.3175560951232912,0.3175560951232912,7.281543731689453,0.10090015828609467,8,5,YNLC|YNLA|YNGM|YNSD|YNRL
"M 7.7 - 2025 Mandalay, Burma (Myanmar) Earthquake",83.0,7.478426933288574,7.7,-0.22157306671142596,0.22157306671142596,7.3791351318359375,0.09929189085960388,9,5,YNLC|YNLA|YNXP|YNGM|YNSD
"M 7.7 - 2025 Mandalay, Burma (Myanmar) Earthquake",84.0,7.477585792541504,7.7,-0.22241420745849627,0.22241420745849627,7.3791351318359375,0.09845089167356491,9,5,YNLC|YNLA|YNXP|YNGM|YNSD
"M 7.7 - 2025 Mandalay, Burma (Myanmar) Earthquake",85.0,7.476749897003174,7.7,-0.22325010299682635,0.22325010299682635,7.3791351318359375,0.0976148247718811,9,5,YNLC|YNLA|YNXP|YNGM|YNSD
"M 7.7 - 2025 Mandalay, Burma (Myanmar) Earthquake",86.0,7.475921154022217,7.7,-0.22407884597778338,0.22407884597778338,7.3791351318359375,0.09678591042757034,9,5,YNLC|YNLA|YNXP|YNGM|YNSD
"M 7.7 - 2025 Mandalay, Burma (Myanmar) Earthquake",87.0,7.460657119750977,7.7,-0.23934288024902362,0.23934288024902362,7.365312099456787,0.0953449234366417,10,5,YNLC|YNLA|YNXP|YNRL|YNGM
"M 7.7 - 2025 Mandalay, Burma (Myanmar) Earthquake",88.0,7.461940765380859,7.7,-0.2380592346191408,0.2380592346191408,7.367518901824951,0.09442170709371567,10,5,YNRL|YNLC|YNLA|YNXP|YNGM
"M 7.7 - 2025 Mandalay, Burma (Myanmar) Earthquake",89.0,7.492944717407227,7.7,-0.20705528259277362,0.20705528259277362,7.400074005126953,0.09287071973085403,10,5,YNRL|YNLC|YNLA|YNXP|YNGM
"M 7.7 - 2025 Mandalay, Burma (Myanmar) Earthquake",90.0,7.519742965698242,7.7,-0.180257034301758,0.180257034301758,7.428211212158203,0.0915316641330719,10,5,YNRL|YNLC|YNLA|YNXP|YNGM
"M 7.7 - 2025 Mandalay, Burma (Myanmar) Earthquake",91.0,7.5390777587890625,7.7,-0.16092224121093768,0.16092224121093768,7.448602199554443,0.09047555923461914,10,5,YNRL|YNLC|YNLA|YNXP|YNGM
"M 7.7 - 2025 Mandalay, Burma (Myanmar) Earthquake",92.0,7.557901382446289,7.7,-0.14209861755371112,0.14209861755371112,7.4684553146362305,0.08944624662399292,10,5,YNRL|YNLC|YNLA|YNXP|YNGM
"M 7.7 - 2025 Mandalay, Burma (Myanmar) Earthquake",93.0,7.620508193969727,7.7,-0.07949180603027362,0.07949180603027362,7.5316667556762695,0.08884155750274658,11,5,YNRL|YNLC|YNLA|YNYM|YNXP
"M 7.7 - 2025 Mandalay, Burma (Myanmar) Earthquake",94.0,7.63038969039917,7.7,-0.06961030960083026,0.06961030960083026,7.542555809020996,0.08783378452062607,12,5,YNRL|YNLC|YNLA|YNYM|YNXP
"M 7.7 - 2025 Mandalay, Burma (Myanmar) Earthquake",95.0,7.6315765380859375,7.7,-0.06842346191406268,0.06842346191406268,7.544626235961914,0.08695033192634583,12,5,YNRL|YNLC|YNLA|YNYM|YNXP
"M 7.7 - 2025 Mandalay, Burma (Myanmar) Earthquake",96.0,7.6307220458984375,7.7,-0.06927795410156268,0.06927795410156268,7.544626235961914,0.0860958844423294,12,5,YNRL|YNLC|YNLA|YNYM|YNXP
"M 7.7 - 2025 Mandalay, Burma (Myanmar) Earthquake",97.0,7.6298508644104,7.7,-0.07014913558959979,0.07014913558959979,7.544626235961914,0.08522467315196991,12,5,YNRL|YNLC|YNLA|YNYM|YNXP
"M 7.7 - 2025 Mandalay, Burma (Myanmar) Earthquake",98.0,7.628925800323486,7.7,-0.07107419967651385,0.07107419967651385,7.544626235961914,0.08429960906505585,13,5,YNRL|YNLC|YNLA|YNYM|YNXP
"M 7.7 - 2025 Mandalay, Burma (Myanmar) Earthquake",99.0,7.628016948699951,7.7,-0.071983051300049,0.071983051300049,7.544626235961914,0.08339085429906845,13,5,YNRL|YNLC|YNLA|YNYM|YNXP
"M 7.7 - 2025 Mandalay, Burma (Myanmar) Earthquake",100.0,7.627139568328857,7.7,-0.07286043167114276,0.07286043167114276,7.544626235961914,0.08251332491636276,13,5,YNRL|YNLC|YNLA|YNYM|YNXP
"M 7.7 - 2025 Mandalay, Burma (Myanmar) Earthquake",101.0,7.626274585723877,7.7,-0.07372541427612322,0.07372541427612322,7.544626235961914,0.08164834976196289,13,5,YNRL|YNLC|YNLA|YNYM|YNXP
"M 7.7 - 2025 Mandalay, Burma (Myanmar) Earthquake",102.0,7.625411510467529,7.7,-0.07458848953247088,0.07458848953247088,7.544626235961914,0.08078529685735703,13,5,YNRL|YNLC|YNLA|YNYM|YNXP
"M 7.7 - 2025 Mandalay, Burma (Myanmar) Earthquake",103.0,7.5883917808532715,7.7,-0.1116082191467287,0.1116082191467287,7.507542610168457,0.08084932714700699,13,5,YNRL|YNLC|YNLA|YNGM|YNYM
"M 7.7 - 2025 Mandalay, Burma (Myanmar) Earthquake",104.0,7.589004039764404,7.7,-0.11099596023559588,0.11099596023559588,7.509031295776367,0.07997269183397293,13,5,YNRL|YNGM|YNLC|YNLA|YNYM
"M 7.7 - 2025 Mandalay, Burma (Myanmar) Earthquake",105.0,7.601516246795654,7.7,-0.09848375320434588,0.09848375320434588,7.52262020111084,0.07889602333307266,13,5,YNRL|YNGM|YNLC|YNLA|YNYM
"M 7.7 - 2025 Mandalay, Burma (Myanmar) Earthquake",106.0,7.610921382904053,7.7,-0.08907861709594744,0.08907861709594744,7.5330328941345215,0.07788855582475662,13,5,YNRL|YNGM|YNLC|YNLA|YNYM
"M 7.7 - 2025 Mandalay, Burma (Myanmar) Earthquake",107.0,7.6108174324035645,7.7,-0.08918256759643572,0.08918256759643572,7.533717632293701,0.07709970325231552,13,5,YNRL|YNGM|YNLC|YNLA|YNYM
"M 7.7 - 2025 Mandalay, Burma (Myanmar) Earthquake",108.0,7.6100592613220215,7.7,-0.0899407386779787,0.0899407386779787,7.533717632293701,0.07634154707193375,13,5,YNRL|YNGM|YNLC|YNLA|YNYM
"M 7.7 - 2025 Mandalay, Burma (Myanmar) Earthquake",109.0,7.609289169311523,7.7,-0.09071083068847674,0.09071083068847674,7.533717632293701,0.07557150721549988,13,5,YNRL|YNGM|YNLC|YNLA|YNYM
"M 7.7 - 2025 Mandalay, Burma (Myanmar) Earthquake",110.0,7.608512878417969,7.7,-0.09148712158203143,0.09148712158203143,7.533717632293701,0.07479521632194519,13,5,YNRL|YNGM|YNLC|YNLA|YNYM
"M 7.7 - 2025 Mandalay, Burma (Myanmar) Earthquake",111.0,7.607716083526611,7.7,-0.09228391647338885,0.09228391647338885,7.533717632293701,0.0739985853433609,13,5,YNRL|YNGM|YNLC|YNLA|YNYM
"M 7.7 - 2025 Mandalay, Burma (Myanmar) Earthquake",112.0,7.606907844543457,7.7,-0.09309215545654315,0.09309215545654315,7.533717632293701,0.07319039851427078,13,5,YNRL|YNGM|YNLC|YNLA|YNYM
"M 7.7 - 2025 Mandalay, Burma (Myanmar) Earthquake",113.0,7.6060919761657715,7.7,-0.0939080238342287,0.0939080238342287,7.533717632293701,0.07237411290407181,13,5,YNRL|YNGM|YNLC|YNLA|YNYM
"M 7.7 - 2025 Mandalay, Burma (Myanmar) Earthquake",114.0,7.60529088973999,7.7,-0.09470911026000994,0.09470911026000994,7.533717632293701,0.07157326489686966,13,5,YNRL|YNGM|YNLC|YNLA|YNYM
"M 7.7 - 2025 Mandalay, Burma (Myanmar) Earthquake",115.0,7.605433940887451,7.7,-0.094566059112549,0.094566059112549,7.534702301025391,0.07073180377483368,13,5,YNRL|YNGM|YNLC|YNLA|YNYM
"M 7.7 - 2025 Mandalay, Burma (Myanmar) Earthquake",116.0,7.60476016998291,7.7,-0.09523983001709002,0.09523983001709002,7.534891128540039,0.06986917555332184,13,5,YNRL|YNGM|YNLC|YNLA|YNYM
"M 7.7 - 2025 Mandalay, Burma (Myanmar) Earthquake",117.0,7.57845401763916,7.7,-0.12154598236084002,0.12154598236084002,7.509116172790527,0.06933800131082535,13,5,YNRL|YNGM|YNLC|YNLA|YNSD
"M 7.7 - 2025 Mandalay, Burma (Myanmar) Earthquake",118.0,7.601452350616455,7.7,-0.0985476493835451,0.0985476493835451,7.53350305557251,0.06794949620962143,13,5,YNRL|YNGM|YNLC|YNLA|YNSD
"M 7.7 - 2025 Mandalay, Burma (Myanmar) Earthquake",119.0,7.616497993469238,7.7,-0.0835020065307619,0.0835020065307619,7.549732208251953,0.0667659267783165,13,5,YNRL|YNGM|YNLC|YNLA|YNSD
"M 7.7 - 2025 Mandalay, Burma (Myanmar) Earthquake",120.0,7.622125625610352,7.7,-0.07787437438964862,0.07787437438964862,7.556269645690918,0.06585586071014404,13,5,YNRL|YNGM|YNLC|YNLA|YNSD
"M 7.7 - 2025 Mandalay, Burma (Myanmar) Earthquake",121.0,7.6252336502075195,7.7,-0.07476634979248065,0.07476634979248065,7.560254096984863,0.0649794414639473,13,5,YNRL|YNLC|YNGM|YNLA|YNSD
"M 7.7 - 2025 Mandalay, Burma (Myanmar) Earthquake",122.0,7.625349998474121,7.7,-0.07465000152587908,0.07465000152587908,7.5612473487854,0.06410260498523712,13,5,YNRL|YNLC|YNGM|YNLA|YNSD
"M 7.7 - 2025 Mandalay, Burma (Myanmar) Earthquake",123.0,7.624467372894287,7.7,-0.07553262710571307,0.07553262710571307,7.5612473487854,0.0632200837135315,13,5,YNRL|YNLC|YNGM|YNLA|YNSD
"M 7.7 - 2025 Mandalay, Burma (Myanmar) Earthquake",124.0,7.6235809326171875,7.7,-0.07641906738281268,0.07641906738281268,7.5612473487854,0.06233343854546547,13,5,YNRL|YNLC|YNGM|YNLA|YNSD
"M 7.7 - 2025 Mandalay, Burma (Myanmar) Earthquake",125.0,7.622713565826416,7.7,-0.07728643417358416,0.07728643417358416,7.5612473487854,0.06146616116166115,13,5,YNRL|YNLC|YNGM|YNLA|YNSD
"M 7.7 - 2025 Mandalay, Burma (Myanmar) Earthquake",126.0,7.621880531311035,7.7,-0.07811946868896502,0.07811946868896502,7.5612473487854,0.06063324585556984,13,5,YNRL|YNLC|YNGM|YNLA|YNSD
"M 7.7 - 2025 Mandalay, Burma (Myanmar) Earthquake",127.0,7.62276554107666,7.7,-0.07723445892334002,0.07723445892334002,7.5632548332214355,0.05951065570116043,13,5,YNRL|YNLC|YNGM|YNLA|YNYL
"M 7.7 - 2025 Mandalay, Burma (Myanmar) Earthquake",128.0,7.633833408355713,7.7,-0.06616659164428729,0.06616659164428729,7.575433254241943,0.058399975299835205,13,5,YNRL|YNLC|YNGM|YNYL|YNLA
"M 7.7 - 2025 Mandalay, Burma (Myanmar) Earthquake",129.0,7.649916172027588,7.7,-0.05008382797241229,0.05008382797241229,7.5927839279174805,0.057132139801979065,13,5,YNRL|YNLC|YNGM|YNYL|YNLA
"M 7.7 - 2025 Mandalay, Burma (Myanmar) Earthquake",130.0,7.662032604217529,7.7,-0.03796739578247088,0.03796739578247088,7.606077671051025,0.05595475807785988,13,5,YNRL|YNLC|YNGM|YNYL|YNLA
"M 7.7 - 2025 Mandalay, Burma (Myanmar) Earthquake",131.0,7.6916046142578125,7.7,-0.008395385742187678,0.008395385742187678,7.636661052703857,0.054943379014730453,13,5,YNRL|YNLC|YNGM|YNYL|YNLA
"M 7.7 - 2025 Mandalay, Burma (Myanmar) Earthquake",132.0,7.703219890594482,7.7,0.0032198905944822442,0.0032198905944822442,7.649142742156982,0.05407725274562836,13,5,YNRL|YNLC|YNGM|YNYL|YNLA
"M 7.7 - 2025 Mandalay, Burma (Myanmar) Earthquake",133.0,7.702394962310791,7.7,0.002394962310790838,0.002394962310790838,7.649142742156982,0.05325208231806755,13,5,YNRL|YNLC|YNGM|YNYL|YNLA
"M 7.7 - 2025 Mandalay, Burma (Myanmar) Earthquake",134.0,7.701552867889404,7.7,0.0015528678894041192,0.0015528678894041192,7.649142742156982,0.05240996181964874,13,5,YNRL|YNLC|YNGM|YNYL|YNLA
"M 7.7 - 2025 Mandalay, Burma (Myanmar) Earthquake",135.0,7.700690269470215,7.7,0.0006902694702146661,0.0006902694702146661,7.649142742156982,0.05154755711555481,13,5,YNRL|YNLC|YNGM|YNYL|YNLA
"M 7.7 - 2025 Mandalay, Burma (Myanmar) Earthquake",136.0,7.699825763702393,7.7,-0.0001742362976075995,0.0001742362976075995,7.649142742156982,0.05068293213844299,13,5,YNRL|YNLC|YNGM|YNYL|YNLA
"M 7.7 - 2025 Mandalay, Burma (Myanmar) Earthquake",137.0,7.698986530303955,7.7,-0.0010134696960450995,0.0010134696960450995,7.649142742156982,0.049843717366456985,13,5,YNRL|YNLC|YNGM|YNYL|YNLA
"M 7.7 - 2025 Mandalay, Burma (Myanmar) Earthquake",138.0,7.698184490203857,7.7,-0.0018155097961427558,0.0018155097961427558,7.649142742156982,0.04904196411371231,13,5,YNRL|YNLC|YNGM|YNYL|YNLA
"M 7.7 - 2025 Mandalay, Burma (Myanmar) Earthquake",139.0,7.7235002517700195,7.7,0.023500251770019354,0.023500251770019354,7.6731977462768555,0.050302378833293915,13,5,YNRL|YNLC|YNGM|YNYL|XIAG
"M 7.7 - 2025 Mandalay, Burma (Myanmar) Earthquake",140.0,7.722660064697266,7.7,0.022660064697265447,0.022660064697265447,7.6731977462768555,0.04946211352944374,13,5,YNRL|YNLC|YNGM|YNYL|XIAG
"M 7.7 - 2025 Mandalay, Burma (Myanmar) Earthquake",141.0,7.721805095672607,7.7,0.021805095672607244,0.021805095672607244,7.6731977462768555,0.048607517033815384,13,5,YNRL|YNLC|YNGM|YNYL|XIAG
"M 7.7 - 2025 Mandalay, Burma (Myanmar) Earthquake",142.0,7.72104024887085,7.7,0.021040248870849432,0.021040248870849432,7.6732940673828125,0.047746140509843826,13,5,YNRL|YNLC|YNGM|YNYL|XIAG
"M 7.7 - 2025 Mandalay, Burma (Myanmar) Earthquake",143.0,7.720182418823242,7.7,0.02018241882324201,0.02018241882324201,7.6732940673828125,0.04688842594623566,13,5,YNRL|YNLC|YNGM|YNYL|XIAG
"M 7.7 - 2025 Mandalay, Burma (Myanmar) Earthquake",144.0,7.719334125518799,7.7,0.01933412551879865,0.01933412551879865,7.6732940673828125,0.04604006186127663,13,5,YNRL|YNLC|YNGM|YNYL|XIAG
"M 7.7 - 2025 Mandalay, Burma (Myanmar) Earthquake",145.0,7.71849250793457,7.7,0.018492507934570135,0.018492507934570135,7.6732940673828125,0.04519825056195259,13,5,YNRL|YNLC|YNGM|YNYL|XIAG
"M 7.7 - 2025 Mandalay, Burma (Myanmar) Earthquake",146.0,7.717650413513184,7.7,0.017650413513183416,0.017650413513183416,7.6732940673828125,0.044356271624565125,13,5,YNRL|YNLC|YNGM|YNYL|XIAG
"M 7.7 - 2025 Mandalay, Burma (Myanmar) Earthquake",147.0,7.716806888580322,7.7,0.016806888580322088,0.016806888580322088,7.6732940673828125,0.04351266473531723,13,5,YNRL|YNLC|YNGM|YNYL|XIAG
"M 7.7 - 2025 Mandalay, Burma (Myanmar) Earthquake",148.0,7.715952396392822,7.7,0.015952396392822088,0.015952396392822088,7.6732940673828125,0.04265843704342842,13,5,YNRL|YNLC|YNGM|YNYL|XIAG
"M 7.7 - 2025 Mandalay, Burma (Myanmar) Earthquake",149.0,7.715092658996582,7.7,0.015092658996581854,0.015092658996581854,7.6732940673828125,0.041798658668994904,13,5,YNRL|YNLC|YNGM|YNYL|XIAG
"M 7.7 - 2025 Mandalay, Burma (Myanmar) Earthquake",150.0,7.714236259460449,7.7,0.014236259460449041,0.014236259460449041,7.6732940673828125,0.040942080318927765,13,5,YNRL|YNLC|YNGM|YNYL|XIAG
"M 7.7 - 2025 Mandalay, Burma (Myanmar) Earthquake",151.0,7.713388442993164,7.7,0.013388442993163885,0.013388442993163885,7.6732940673828125,0.0400942899286747,13,5,YNRL|YNLC|YNGM|YNYL|XIAG
"M 7.7 - 2025 Mandalay, Burma (Myanmar) Earthquake",152.0,7.712552070617676,7.7,0.012552070617675604,0.012552070617675604,7.6732940673828125,0.039258234202861786,13,5,YNRL|YNLC|YNGM|YNYL|XIAG
"M 7.7 - 2025 Mandalay, Burma (Myanmar) Earthquake",153.0,7.711716651916504,7.7,0.011716651916503729,0.011716651916503729,7.6732940673828125,0.038422584533691406,13,5,YNRL|YNLC|YNGM|YNYL|XIAG
"M 7.7 - 2025 Mandalay, Burma (Myanmar) Earthquake",154.0,7.710876941680908,7.7,0.010876941680908025,0.010876941680908025,7.6732940673828125,0.03758305311203003,13,5,YNRL|YNLC|YNGM|YNYL|XIAG
"M 7.7 - 2025 Mandalay, Burma (Myanmar) Earthquake",155.0,7.684332370758057,7.7,-0.015667629241943537,0.015667629241943537,7.649142742156982,0.03518965095281601,13,5,YNRL|YNLC|YNGM|YNYL|YNLA
"M 7.7 - 2025 Mandalay, Burma (Myanmar) Earthquake",156.0,7.683505535125732,7.7,-0.016494464874267756,0.016494464874267756,7.649142742156982,0.03436295688152313,13,5,YNRL|YNLA|YNGM|YNLC|YNYL
"M 7.7 - 2025 Mandalay, Burma (Myanmar) Earthquake",157.0,7.685519695281982,7.7,-0.014480304718017756,0.014480304718017756,7.652048110961914,0.03347166255116463,13,5,YNRL|YNGM|YNLA|YNLC|YNYL
"M 7.7 - 2025 Mandalay, Burma (Myanmar) Earthquake",158.0,7.685460567474365,7.7,-0.014539432525634943,0.014539432525634943,7.652832508087158,0.032628148794174194,13,5,YNRL|YNGM|YNLA|YNLC|YNYL
"M 7.7 - 2025 Mandalay, Burma (Myanmar) Earthquake",159.0,7.684643268585205,7.7,-0.0153567314147951,0.0153567314147951,7.652832508087158,0.03181089460849762,13,5,YNRL|YNGM|YNLA|YNLC|YNYL
"M 7.7 - 2025 Mandalay, Burma (Myanmar) Earthquake",160.0,7.683821678161621,7.7,-0.016178321838379084,0.016178321838379084,7.652832508087158,0.03098905086517334,13,5,YNRL|YNGM|YNLA|YNLC|YNYL
"M 7.7 - 2025 Mandalay, Burma (Myanmar) Earthquake",161.0,7.682999134063721,7.7,-0.017000865936279475,0.017000865936279475,7.652832508087158,0.030166450887918472,13,5,YNRL|YNGM|YNLA|YNLC|YNYL
"M 7.7 - 2025 Mandalay, Burma (Myanmar) Earthquake",162.0,7.682182312011719,7.7,-0.017817687988281428,0.017817687988281428,7.652832508087158,0.029349613934755325,13,5,YNRL|YNGM|YNLA|YNLC|YNYL
"M 7.7 - 2025 Mandalay, Burma (Myanmar) Earthquake",163.0,7.681375980377197,7.7,-0.018624019622802912,0.018624019622802912,7.652832508087158,0.028543682768940926,13,5,YNRL|YNGM|YNLA|YNLC|YNYL
"M 7.7 - 2025 Mandalay, Burma (Myanmar) Earthquake",164.0,7.680577278137207,7.7,-0.019422721862793146,0.019422721862793146,7.652832508087158,0.027744926512241364,13,5,YNRL|YNGM|YNLA|YNLC|YNYL
"M 7.7 - 2025 Mandalay, Burma (Myanmar) Earthquake",165.0,7.679779052734375,7.7,-0.020220947265625178,0.020220947265625178,7.652832508087158,0.026946427300572395,13,5,YNRL|YNGM|YNLA|YNLC|YNYL
"M 7.7 - 2025 Mandalay, Burma (Myanmar) Earthquake",166.0,7.678971767425537,7.7,-0.021028232574463068,0.021028232574463068,7.652832508087158,0.02613932266831398,13,5,YNRL|YNGM|YNLA|YNLC|YNYL
"M 7.7 - 2025 Mandalay, Burma (Myanmar) Earthquake",167.0,7.678154468536377,7.7,-0.021845531463623225,0.021845531463623225,7.652832508087158,0.025321967899799347,13,5,YNRL|YNGM|YNLA|YNLC|YNYL
"M 7.7 - 2025 Mandalay, Burma (Myanmar) Earthquake",168.0,7.697515964508057,7.7,-0.002484035491943537,0.002484035491943537,7.673288345336914,0.024227753281593323,13,5,YNRL|YNLC|YNGM|YNLA|YNYL
"M 7.7 - 2025 Mandalay, Burma (Myanmar) Earthquake",169.0,7.706620216369629,7.7,0.006620216369628729,0.006620216369628729,7.6832051277160645,0.023415125906467438,13,5,YNRL|YNLC|YNGM|YNLA|YNYL
"M 7.7 - 2025 Mandalay, Burma (Myanmar) Earthquake",170.0,7.713625907897949,7.7,0.013625907897949041,0.013625907897949041,7.691013336181641,0.02261257730424404,13,5,YNRL|YNLC|YNGM|YNLA|YNYL
"M 7.7 - 2025 Mandalay, Burma (Myanmar) Earthquake",171.0,7.702337741851807,7.7,0.002337741851806463,0.002337741851806463,7.6801676750183105,0.022169994190335274,13,5,YNRL|YNLC|YNGM|YNLA|YNSD
"M 7.7 - 2025 Mandalay, Burma (Myanmar) Earthquake",172.0,7.718739032745361,7.7,0.01873903274536115,0.01873903274536115,7.697608470916748,0.021130654960870743,13,5,YNRL|YNLC|YNGM|YNLA|YNSD
"M 7.7 - 2025 Mandalay, Burma (Myanmar) Earthquake",173.0,7.726001262664795,7.7,0.026001262664794744,0.026001262664794744,7.705784320831299,0.020216835662722588,13,5,YNRL|YNLC|YNGM|YNSD|YNLA
"M 7.7 - 2025 Mandalay, Burma (Myanmar) Earthquake",174.0,7.725410461425781,7.7,0.025410461425781072,0.025410461425781072,7.7060065269470215,0.019403820857405663,13,5,YNRL|YNLC|YNGM|YNSD|YNLA
"M 7.7 - 2025 Mandalay, Burma (Myanmar) Earthquake",175.0,7.7245917320251465,7.7,0.024591732025146307,0.024591732025146307,7.7060065269470215,0.01858515292406082,13,5,YNRL|YNLC|YNGM|YNSD|YNLA
"M 7.7 - 2025 Mandalay, Burma (Myanmar) Earthquake",176.0,7.723787307739258,7.7,0.023787307739257635,0.023787307739257635,7.7060065269470215,0.017780741676688194,13,5,YNRL|YNLC|YNGM|YNSD|YNLA
"M 7.7 - 2025 Mandalay, Burma (Myanmar) Earthquake",177.0,7.723003387451172,7.7,0.023003387451171697,0.023003387451171697,7.7060065269470215,0.016996992751955986,13,5,YNRL|YNLC|YNGM|YNSD|YNLA
"M 7.7 - 2025 Mandalay, Burma (Myanmar) Earthquake",178.0,7.722226619720459,7.7,0.022226619720458807,0.022226619720458807,7.7060065269470215,0.01622023805975914,13,5,YNRL|YNLC|YNGM|YNSD|YNLA
"M 7.7 - 2025 Mandalay, Burma (Myanmar) Earthquake",179.0,7.721446990966797,7.7,0.021446990966796697,0.021446990966796697,7.7060065269470215,0.015440385788679123,13,5,YNRL|YNLC|YNGM|YNSD|YNLA
"M 7.7 - 2025 Mandalay, Burma (Myanmar) Earthquake",180.0,7.720666408538818,7.7,0.020666408538818182,0.020666408538818182,7.7060065269470215,0.014660052955150604,13,5,YNRL|YNLC|YNGM|YNSD|YNLA
"M 7.7 - 2025 Mandalay, Burma (Myanmar) Earthquake",181.0,7.7198920249938965,7.7,0.019892024993896307,0.019892024993896307,7.7060065269470215,0.013885398395359516,13,5,YNRL|YNLC|YNGM|YNSD|YNLA
"M 7.7 - 2025 Mandalay, Burma (Myanmar) Earthquake",182.0,7.719125747680664,7.7,0.019125747680663885,0.019125747680663885,7.7060065269470215,0.013119268231093884,13,5,YNRL|YNLC|YNGM|YNSD|YNLA
"M 7.7 - 2025 Mandalay, Burma (Myanmar) Earthquake",183.0,7.7183637619018555,7.7,0.01836376190185529,0.01836376190185529,7.7060065269470215,0.012357012368738651,13,5,YNRL|YNLC|YNGM|YNSD|YNLA
"M 7.7 - 2025 Mandalay, Burma (Myanmar) Earthquake",184.0,7.7176032066345215,7.7,0.017603206634521307,0.017603206634521307,7.7060065269470215,0.0115968007594347,13,5,YNRL|YNLC|YNGM|YNSD|YNLA
"M 7.7 - 2025 Mandalay, Burma (Myanmar) Earthquake",185.0,7.772571563720703,7.7,0.07257156372070295,0.07257156372070295,7.7624921798706055,0.010079486295580864,13,5,YNRL|YNLC|YNSD|YNGM|YNLA
"M 7.7 - 2025 Mandalay, Burma (Myanmar) Earthquake",186.0,7.835475921630859,7.7,0.1354759216308592,0.1354759216308592,7.827083587646484,0.008392347022891045,13,5,YNRL|YNSD|YNLC|YNGM|YNLA
"M 7.7 - 2025 Mandalay, Burma (Myanmar) Earthquake",187.0,7.834817409515381,7.7,0.13481740951538068,0.13481740951538068,7.827083587646484,0.007733936421573162,13,5,YNRL|YNSD|YNLC|YNGM|YNLA
"M 7.7 - 2025 Mandalay, Burma (Myanmar) Earthquake",188.0,7.834161758422852,7.7,0.13416175842285138,0.13416175842285138,7.827083587646484,0.007078295107930899,13,5,YNRL|YNSD|YNLC|YNGM|YNLA
"M 7.7 - 2025 Mandalay, Burma (Myanmar) Earthquake",189.0,7.8335137367248535,7.7,0.13351373672485334,0.13351373672485334,7.827083587646484,0.006430134642869234,13,5,YNRL|YNSD|YNLC|YNGM|YNLA
"M 7.7 - 2025 Mandalay, Burma (Myanmar) Earthquake",190.0,7.832879066467285,7.7,0.13287906646728498,0.13287906646728498,7.827083587646484,0.005795484408736229,13,5,YNRL|YNSD|YNLC|YNGM|YNLA
"M 7.7 - 2025 Mandalay, Burma (Myanmar) Earthquake",191.0,7.832258701324463,7.7,0.1322587013244627,0.1322587013244627,7.827083587646484,0.005174899473786354,13,5,YNRL|YNSD|YNLC|YNGM|YNLA
"M 7.7 - 2025 Mandalay, Burma (Myanmar) Earthquake",192.0,7.831650257110596,7.7,0.13165025711059553,0.13165025711059553,7.827083587646484,0.004566444084048271,13,5,YNRL|YNSD|YNLC|YNGM|YNLA
"M 7.7 - 2025 Mandalay, Burma (Myanmar) Earthquake",193.0,7.831051349639893,7.7,0.1310513496398924,0.1310513496398924,7.827083587646484,0.00396756362169981,13,5,YNRL|YNSD|YNLC|YNGM|YNLA
"M 7.7 - 2025 Mandalay, Burma (Myanmar) Earthquake",194.0,7.830463886260986,7.7,0.13046388626098615,0.13046388626098615,7.827083587646484,0.0033801274839788675,13,5,YNRL|YNSD|YNLC|YNGM|YNLA
"M 7.7 - 2025 Mandalay, Burma (Myanmar) Earthquake",195.0,7.829888820648193,7.7,0.12988882064819318,0.12988882064819318,7.827083587646484,0.0028050735127180815,13,5,YNRL|YNSD|YNLC|YNGM|YNLA
"M 7.7 - 2025 Mandalay, Burma (Myanmar) Earthquake",196.0,7.829318523406982,7.7,0.12931852340698224,0.12931852340698224,7.827083587646484,0.0022351685911417007,13,5,YNRL|YNSD|YNLC|YNGM|YNLA
"M 7.7 - 2025 Mandalay, Burma (Myanmar) Earthquake",197.0,7.8287529945373535,7.7,0.12875299453735334,0.12875299453735334,7.827083587646484,0.0016695461235940456,13,5,YNRL|YNSD|YNLC|YNGM|YNLA
"M 7.7 - 2025 Mandalay, Burma (Myanmar) Earthquake",198.0,7.828191757202148,7.7,0.12819175720214826,0.12819175720214826,7.827083587646484,0.0011083499994128942,13,5,YNRL|YNSD|YNLC|YNGM|YNLA
"M 7.7 - 2025 Mandalay, Burma (Myanmar) Earthquake",199.0,7.827635765075684,7.7,0.12763576507568342,0.12763576507568342,7.827083587646484,0.000552268058527261,13,5,YNRL|YNSD|YNLC|YNGM|YNLA
"M 7.7 - 2025 Mandalay, Burma (Myanmar) Earthquake",200.0,7.827083587646484,7.7,0.1270835876464842,0.1270835876464842,7.827083587646484,0.0,13,5,YNRL|YNSD|YNLC|YNGM|YNLA
M 7.3 - Nepal,8.0,5.418128490447998,7.3,-1.8818715095520018,1.8818715095520018,5.251101493835449,0.16702678799629211,1,1,SNDL
M 7.3 - Nepal,9.0,5.753089904785156,7.3,-1.5469100952148436,1.5469100952148436,5.585972785949707,0.16711722314357758,2,2,SYBC|SNDL
M 7.3 - Nepal,10.0,5.992435455322266,7.3,-1.3075645446777342,1.3075645446777342,5.8260297775268555,0.16640591621398926,4,4,KKN4|NAST|SYBC|SNDL
M 7.3 - Nepal,11.0,6.048530578613281,7.3,-1.2514694213867186,1.2514694213867186,5.882925987243652,0.16560441255569458,4,4,KKN4|NAST|SYBC|SNDL
M 7.3 - Nepal,12.0,6.1155877113342285,7.3,-1.1844122886657713,1.1844122886657713,5.95086145401001,0.16472643613815308,4,4,NAST|KKN4|SYBC|SNDL
M 7.3 - Nepal,13.0,6.16338586807251,7.3,-1.13661413192749,1.13661413192749,5.999517440795898,0.1638685166835785,4,4,NAST|KKN4|SYBC|SNDL
M 7.3 - Nepal,14.0,6.178646087646484,7.3,-1.1213539123535154,1.1213539123535154,6.015658378601074,0.1629878282546997,4,4,NAST|KKN4|SYBC|SNDL
M 7.3 - Nepal,15.0,6.179925441741943,7.3,-1.1200745582580565,1.1200745582580565,6.017860412597656,0.1620650291442871,4,4,NAST|KKN4|SYBC|SNDL
M 7.3 - Nepal,16.0,6.192660808563232,7.3,-1.1073391914367674,1.1073391914367674,6.031546592712402,0.16111406683921814,4,4,NAST|KKN4|SYBC|SNDL
M 7.3 - Nepal,17.0,6.2071709632873535,7.3,-1.0928290367126463,1.0928290367126463,6.047017574310303,0.16015321016311646,4,4,NAST|SYBC|KKN4|SNDL
M 7.3 - Nepal,18.0,6.206203937530518,7.3,-1.0937960624694822,1.0937960624694822,6.047017574310303,0.15918636322021484,4,4,NAST|SYBC|KKN4|SNDL
M 7.3 - Nepal,19.0,6.308474063873291,7.3,-0.9915259361267088,0.9915259361267088,6.150189399719238,0.15828445553779602,4,4,SNDL|NAST|SYBC|KKN4
M 7.3 - Nepal,20.0,6.4190802574157715,7.3,-0.8809197425842283,0.8809197425842283,6.261594772338867,0.15748557448387146,4,4,SNDL|NAST|SYBC|KKN4
M 7.3 - Nepal,21.0,6.573477745056152,7.3,-0.7265222549438475,0.7265222549438475,6.416924953460693,0.15655259788036346,4,4,SNDL|SYBC|NAST|KKN4
M 7.3 - Nepal,22.0,6.65012264251709,7.3,-0.64987735748291,0.64987735748291,6.494611740112305,0.1555110514163971,4,4,SNDL|SYBC|NAST|KKN4
M 7.3 - Nepal,23.0,6.690341949462891,7.3,-0.6096580505371092,0.6096580505371092,6.535860538482666,0.1544811725616455,4,4,SYBC|SNDL|NAST|KKN4
M 7.3 - Nepal,24.0,6.66581916809082,7.3,-0.6341808319091795,0.6341808319091795,6.511874198913574,0.15394504368305206,5,5,SYBC|SNDL|NAST|KKN4|BRN2
M 7.3 - Nepal,25.0,6.692652225494385,7.3,-0.6073477745056151,0.6073477745056151,6.539740562438965,0.15291164815425873,5,5,SYBC|SNDL|NAST|KKN4|BRN2
M 7.3 - Nepal,26.0,6.773271560668945,7.3,-0.5267284393310545,0.5267284393310545,6.621271133422852,0.1520002782344818,5,5,SNDL|SYBC|NAST|KKN4|BRN2
M 7.3 - Nepal,27.0,6.8299241065979,7.3,-0.47007589340209943,0.47007589340209943,6.678866386413574,0.15105785429477692,5,5,SNDL|SYBC|NAST|KKN4|BRN2
M 7.3 - Nepal,28.0,6.859943866729736,7.3,-0.4400561332702635,0.4400561332702635,6.709862232208252,0.1500817984342575,5,5,SNDL|SYBC|NAST|KKN4|BRN2
M 7.3 - Nepal,29.0,6.861159324645996,7.3,-0.43884067535400373,0.43884067535400373,6.712129592895508,0.14902979135513306,5,5,SNDL|SYBC|NAST|KKN4|BRN2
M 7.3 - Nepal,30.0,6.901096343994141,7.3,-0.3989036560058592,0.3989036560058592,6.753230571746826,0.14786598086357117,5,5,SNDL|SYBC|NAST|KKN4|BRN2
M 7.3 - Nepal,31.0,6.913313865661621,7.3,-0.38668613433837873,0.38668613433837873,6.766633033752441,0.14668072760105133,5,5,SNDL|SYBC|NAST|KKN4|BRN2
M 7.3 - Nepal,32.0,6.91222620010376,7.3,-0.38777379989624006,0.38777379989624006,6.766633033752441,0.14559324085712433,5,5,SNDL|SYBC|NAST|KKN4|BRN2
M 7.3 - Nepal,33.0,6.911153316497803,7.3,-0.3888466835021971,0.3888466835021971,6.766633033752441,0.14452029764652252,5,5,SNDL|SYBC|NAST|KKN4|BRN2
M 7.3 - Nepal,34.0,6.9100799560546875,7.3,-0.3899200439453123,0.3899200439453123,6.766633033752441,0.14344683289527893,5,5,SNDL|SYBC|NAST|KKN4|BRN2
M 7.3 - Nepal,35.0,7.035254001617432,7.3,-0.2647459983825682,0.2647459983825682,6.893792629241943,0.14146114885807037,5,5,SNDL|SYBC|NAST|KKN4|BRN2
M 7.3 - Nepal,36.0,7.084480285644531,7.3,-0.21551971435546857,0.21551971435546857,6.943971157073975,0.14050914347171783,5,5,SNDL|NAST|SYBC|KKN4|BRN2
M 7.3 - Nepal,37.0,7.099036693572998,7.3,-0.20096330642700178,0.20096330642700178,6.959481239318848,0.13955549895763397,5,5,SNDL|NAST|SYBC|KKN4|BRN2
M 7.3 - Nepal,38.0,7.0978288650512695,7.3,-0.2021711349487303,0.2021711349487303,6.959481239318848,0.13834743201732635,5,5,SNDL|NAST|SYBC|KKN4|BRN2
M 7.3 - Nepal,39.0,7.096436023712158,7.3,-0.20356397628784162,0.20356397628784162,6.959481239318848,0.136954665184021,5,5,SNDL|NAST|SYBC|KKN4|BRN2
M 7.3 - Nepal,40.0,7.095019817352295,7.3,-0.2049801826477049,0.2049801826477049,6.959481239318848,0.13553869724273682,5,5,SNDL|NAST|SYBC|KKN4|BRN2
M 7.3 - Nepal,41.0,7.093662261962891,7.3,-0.2063377380371092,0.2063377380371092,6.959481239318848,0.13418088853359222,5,5,SNDL|NAST|SYBC|KKN4|BRN2
M 7.3 - Nepal,42.0,7.092332363128662,7.3,-0.2076676368713377,0.2076676368713377,6.959481239318848,0.13285091519355774,5,5,SNDL|NAST|SYBC|KKN4|BRN2
M 7.3 - Nepal,43.0,7.091207504272461,7.3,-0.20879249572753888,0.20879249572753888,6.959481239318848,0.13172630965709686,5,5,SNDL|NAST|SYBC|KKN4|BRN2
M 7.3 - Nepal,44.0,7.090138912200928,7.3,-0.2098610877990721,0.2098610877990721,6.959481239318848,0.13065755367279053,5,5,SNDL|NAST|SYBC|KKN4|BRN2
M 7.3 - Nepal,45.0,7.0889787673950195,7.3,-0.2110212326049803,0.2110212326049803,6.959481239318848,0.12949752807617188,5,5,SNDL|NAST|SYBC|KKN4|BRN2
M 7.3 - Nepal,46.0,7.087594032287598,7.3,-0.21240596771240217,0.21240596771240217,6.959481239318848,0.12811298668384552,5,5,SNDL|NAST|SYBC|KKN4|BRN2
M 7.3 - Nepal,47.0,7.085773468017578,7.3,-0.2142265319824217,0.2142265319824217,6.959481239318848,0.1262923777103424,5,5,SNDL|NAST|SYBC|KKN4|BRN2
M 7.3 - Nepal,48.0,7.083352088928223,7.3,-0.21664791107177717,0.21664791107177717,6.959481239318848,0.12387069314718246,5,5,SNDL|NAST|SYBC|KKN4|BRN2
M 7.3 - Nepal,49.0,7.080557823181152,7.3,-0.21944217681884748,0.21944217681884748,6.959481239318848,0.12107676267623901,5,5,SNDL|NAST|SYBC|KKN4|BRN2
M 7.3 - Nepal,50.0,7.0776238441467285,7.3,-0.2223761558532713,0.2223761558532713,6.959481239318848,0.11814273148775101,5,5,SNDL|NAST|SYBC|KKN4|BRN2
M 7.3 - Nepal,51.0,7.0746564865112305,7.3,-0.22534351348876935,0.22534351348876935,6.959481239318848,0.11517501622438431,5,5,SNDL|NAST|SYBC|KKN4|BRN2
M 7.3 - Nepal,52.0,7.071835994720459,7.3,-0.22816400527954084,0.22816400527954084,6.959481239318848,0.11235488206148148,5,5,SNDL|NAST|SYBC|KKN4|BRN2
M 7.3 - Nepal,53.0,7.069517135620117,7.3,-0.23048286437988263,0.23048286437988263,6.959481239318848,0.11003601551055908,5,5,SNDL|NAST|SYBC|KKN4|BRN2
M 7.3 - Nepal,54.0,7.067645072937012,7.3,-0.2323549270629881,0.2323549270629881,6.959481239318848,0.10816402733325958,5,5,SNDL|NAST|SYBC|KKN4|BRN2
M 7.3 - Nepal,55.0,7.065892219543457,7.3,-0.2341077804565428,0.2341077804565428,6.959481239318848,0.10641101002693176,5,5,SNDL|NAST|SYBC|KKN4|BRN2
M 7.3 - Nepal,56.0,7.064085483551025,7.3,-0.23591451644897443,0.23591451644897443,6.959481239318848,0.10460429638624191,5,5,SNDL|NAST|SYBC|KKN4|BRN2
M 7.3 - Nepal,57.0,7.061629772186279,7.3,-0.23837022781372053,0.23837022781372053,6.959481239318848,0.10214868187904358,5,5,SNDL|NAST|SYBC|KKN4|BRN2
M 7.3 - Nepal,58.0,7.058777332305908,7.3,-0.24122266769409162,0.24122266769409162,6.959481239318848,0.09929614514112473,5,5,SNDL|NAST|SYBC|KKN4|BRN2
M 7.3 - Nepal,59.0,7.055414199829102,7.3,-0.24458580017089826,0.24458580017089826,6.959481239318848,0.09593280404806137,5,5,SNDL|NAST|SYBC|KKN4|BRN2
M 7.3 - Nepal,60.0,7.052079677581787,7.3,-0.2479203224182127,0.2479203224182127,6.959481239318848,0.09259822964668274,5,5,SNDL|NAST|SYBC|KKN4|BRN2
M 7.3 - Nepal,61.0,7.0489373207092285,7.3,-0.2510626792907713,0.2510626792907713,6.959481239318848,0.0894559696316719,5,5,SNDL|NAST|SYBC|KKN4|BRN2
M 7.3 - Nepal,62.0,7.04602575302124,7.3,-0.2539742469787596,0.2539742469787596,6.959481239318848,0.08654462546110153,5,5,SNDL|NAST|SYBC|KKN4|BRN2
M 7.3 - Nepal,63.0,7.043321132659912,7.3,-0.2566788673400877,0.2566788673400877,6.959481239318848,0.08384005725383759,5,5,SNDL|NAST|SYBC|KKN4|BRN2
M 7.3 - Nepal,64.0,7.040490627288818,7.3,-0.25950937271118146,0.25950937271118146,6.959481239318848,0.08100924640893936,5,5,SNDL|NAST|SYBC|KKN4|BRN2
M 7.3 - Nepal,65.0,7.05612325668335,7.3,-0.2438767433166502,0.2438767433166502,6.986577987670898,0.06954535096883774,5,5,SNDL|NAST|SYBC|KKN4|BRN2
M 7.3 - Nepal,66.0,7.078123092651367,7.3,-0.22187690734863263,0.22187690734863263,7.022735118865967,0.05538778379559517,5,5,SNDL|NAST|SYBC|KKN4|BRN2
M 7.3 - Nepal,67.0,7.073360443115234,7.3,-0.22663955688476545,0.22663955688476545,7.022735118865967,0.05062531679868698,5,5,SNDL|NAST|SYBC|KKN4|BRN2
M 7.3 - Nepal,68.0,7.069117546081543,7.3,-0.23088245391845685,0.23088245391845685,7.022735118865967,0.04638225957751274,5,5,SNDL|NAST|SYBC|KKN4|BRN2
M 7.3 - Nepal,69.0,7.065552234649658,7.3,-0.23444776535034162,0.23444776535034162,7.022735118865967,0.042817339301109314,5,5,SNDL|NAST|SYBC|KKN4|BRN2
M 7.3 - Nepal,70.0,7.061525821685791,7.3,-0.2384741783142088,0.2384741783142088,7.022735118865967,0.03879081457853317,5,5,SNDL|NAST|SYBC|KKN4|BRN2
M 7.3 - Nepal,71.0,7.057214736938477,7.3,-0.24278526306152326,0.24278526306152326,7.022735118865967,0.034479424357414246,5,5,SNDL|NAST|SYBC|KKN4|BRN2
M 7.3 - Nepal,72.0,7.052816390991211,7.3,-0.24718360900878888,0.24718360900878888,7.022735118865967,0.030081208795309067,5,5,SNDL|NAST|SYBC|KKN4|BRN2
M 7.3 - Nepal,73.0,7.049138069152832,7.3,-0.2508619308471678,0.2508619308471678,7.022735118865967,0.026402851566672325,5,5,SNDL|NAST|SYBC|KKN4|BRN2
M 7.3 - Nepal,74.0,7.11273717880249,7.3,-0.1872628211975096,0.1872628211975096,7.106457233428955,0.006279787514358759,5,5,SNDL|NAST|SYBC|BRN2|KKN4
M 7.3 - Nepal,75.0,7.158712863922119,7.3,-0.14128713607788068,0.14128713607788068,7.151363849639893,0.007349064573645592,5,5,SNDL|NAST|BRN2|SYBC|KKN4
M 7.3 - Nepal,76.0,7.181347846984863,7.3,-0.11865215301513654,0.11865215301513654,7.171246528625488,0.01010119542479515,5,5,SNDL|BRN2|NAST|SYBC|KKN4
M 7.3 - Nepal,77.0,7.184185028076172,7.3,-0.11581497192382795,0.11581497192382795,7.173484802246094,0.01070015411823988,5,5,SNDL|BRN2|NAST|SYBC|KKN4
M 7.3 - Nepal,78.0,7.183572769165039,7.3,-0.11642723083496076,0.11642723083496076,7.173484802246094,0.010087940841913223,5,5,SNDL|BRN2|NAST|SYBC|KKN4
M 7.3 - Nepal,79.0,7.182704925537109,7.3,-0.11729507446289045,0.11729507446289045,7.173484802246094,0.00922034215182066,5,5,SNDL|BRN2|NAST|SYBC|KKN4
M 7.3 - Nepal,80.0,7.181674003601074,7.3,-0.1183259963989256,0.1183259963989256,7.173484802246094,0.00818939320743084,5,5,SNDL|BRN2|NAST|SYBC|KKN4
M 7.3 - Nepal,81.0,7.180267333984375,7.3,-0.11973266601562482,0.11973266601562482,7.173484802246094,0.006782760377973318,5,5,SNDL|BRN2|NAST|SYBC|KKN4
M 7.3 - Nepal,82.0,7.177958965301514,7.3,-0.12204103469848615,0.12204103469848615,7.173484802246094,0.004474167246371508,5,5,SNDL|BRN2|NAST|SYBC|KKN4
M 7.3 - Nepal,83.0,7.1755876541137695,7.3,-0.12441234588623029,0.12441234588623029,7.173484802246094,0.0021027938928455114,5,5,SNDL|BRN2|NAST|SYBC|KKN4
M 7.3 - Nepal,84.0,7.173734188079834,7.3,-0.12626581192016584,0.12626581192016584,7.173484802246094,0.0002492555940989405,5,5,SNDL|BRN2|NAST|SYBC|KKN4
M 7.3 - Nepal,85.0,7.172178745269775,7.3,-0.12782125473022443,0.12782125473022443,7.173484802246094,-0.0013060610508546233,5,5,SNDL|BRN2|NAST|SYBC|KKN4
M 7.3 - Nepal,86.0,7.170236110687256,7.3,-0.12976388931274396,0.12976388931274396,7.173484802246094,-0.003248639404773712,5,5,SNDL|BRN2|NAST|SYBC|KKN4
M 7.3 - Nepal,87.0,7.168455123901367,7.3,-0.13154487609863263,0.13154487609863263,7.173484802246094,-0.005029498133808374,5,5,SNDL|BRN2|NAST|SYBC|KKN4
M 7.3 - Nepal,88.0,7.16756010055542,7.3,-0.1324398994445799,0.1324398994445799,7.173484802246094,-0.005924863275140524,5,5,SNDL|BRN2|NAST|SYBC|KKN4
M 7.3 - Nepal,89.0,7.166921615600586,7.3,-0.13307838439941388,0.13307838439941388,7.173484802246094,-0.006563246715813875,5,5,SNDL|BRN2|NAST|SYBC|KKN4
M 7.3 - Nepal,90.0,7.1660685539245605,7.3,-0.13393144607543928,0.13393144607543928,7.173484802246094,-0.007416384294629097,5,5,SNDL|BRN2|NAST|SYBC|KKN4
M 7.3 - Nepal,91.0,7.165369510650635,7.3,-0.13463048934936506,0.13463048934936506,7.173484802246094,-0.008115371689200401,5,5,SNDL|BRN2|NAST|SYBC|KKN4
M 7.3 - Nepal,92.0,7.165169715881348,7.3,-0.13483028411865217,0.13483028411865217,7.173484802246094,-0.008314985781908035,5,5,SNDL|BRN2|NAST|SYBC|KKN4
M 7.3 - Nepal,93.0,7.164507865905762,7.3,-0.1354921340942381,0.1354921340942381,7.173484802246094,-0.008976955898106098,5,5,SNDL|BRN2|NAST|SYBC|KKN4
M 7.3 - Nepal,94.0,7.163480758666992,7.3,-0.13651924133300763,0.13651924133300763,7.173484802246094,-0.010003875009715557,5,5,SNDL|BRN2|NAST|SYBC|KKN4
M 7.3 - Nepal,95.0,7.162445068359375,7.3,-0.13755493164062482,0.13755493164062482,7.173484802246094,-0.011039496399462223,5,5,SNDL|BRN2|NAST|SYBC|KKN4
M 7.3 - Nepal,96.0,7.1615309715271,7.3,-0.1384690284729002,0.1384690284729002,7.173484802246094,-0.011953678913414478,5,5,SNDL|BRN2|NAST|SYBC|KKN4
M 7.3 - Nepal,97.0,7.161220073699951,7.3,-0.13877992630004865,0.13877992630004865,7.173484802246094,-0.012264549732208252,5,5,SNDL|BRN2|NAST|SYBC|KKN4
M 7.3 - Nepal,98.0,7.1612677574157715,7.3,-0.13873224258422834,0.13873224258422834,7.173484802246094,-0.012217169627547264,5,5,SNDL|BRN2|NAST|SYBC|KKN4
M 7.3 - Nepal,99.0,7.16102409362793,7.3,-0.13897590637207013,0.13897590637207013,7.173484802246094,-0.012460795231163502,5,5,SNDL|BRN2|NAST|SYBC|KKN4
M 7.3 - Nepal,100.0,7.160426616668701,7.3,-0.13957338333129865,0.13957338333129865,7.173484802246094,-0.013058323413133621,5,5,SNDL|BRN2|NAST|SYBC|KKN4
M 7.3 - Nepal,101.0,7.160087585449219,7.3,-0.13991241455078107,0.13991241455078107,7.173484802246094,-0.013397132977843285,5,5,SNDL|BRN2|NAST|SYBC|KKN4
M 7.3 - Nepal,102.0,7.1596479415893555,7.3,-0.14035205841064435,0.14035205841064435,7.173484802246094,-0.013836890459060669,5,5,SNDL|BRN2|NAST|SYBC|KKN4
M 7.3 - Nepal,103.0,7.15903902053833,7.3,-0.14096097946166974,0.14096097946166974,7.173484802246094,-0.014445812441408634,5,5,SNDL|BRN2|NAST|SYBC|KKN4
M 7.3 - Nepal,104.0,7.158401012420654,7.3,-0.14159898757934553,0.14159898757934553,7.173484802246094,-0.015083839185535908,5,5,SNDL|BRN2|NAST|SYBC|KKN4
M 7.3 - Nepal,105.0,7.1578497886657715,7.3,-0.14215021133422834,0.14215021133422834,7.173484802246094,-0.015635183081030846,5,5,SNDL|BRN2|NAST|SYBC|KKN4
M 7.3 - Nepal,106.0,7.157358646392822,7.3,-0.14264135360717756,0.14264135360717756,7.173484802246094,-0.0161259975284338,5,5,SNDL|BRN2|NAST|SYBC|KKN4
M 7.3 - Nepal,107.0,7.157136917114258,7.3,-0.142863082885742,0.142863082885742,7.173484802246094,-0.016347721219062805,5,5,SNDL|BRN2|NAST|SYBC|KKN4
M 7.3 - Nepal,108.0,7.157277584075928,7.3,-0.1427224159240721,0.1427224159240721,7.173484802246094,-0.01620742492377758,5,5,SNDL|BRN2|NAST|SYBC|KKN4
M 7.3 - Nepal,109.0,7.157861232757568,7.3,-0.14213876724243146,0.14213876724243146,7.173484802246094,-0.015623633749783039,5,5,SNDL|BRN2|NAST|SYBC|KKN4
M 7.3 - Nepal,110.0,7.158443450927734,7.3,-0.14155654907226545,0.14155654907226545,7.173484802246094,-0.015041274949908257,5,5,SNDL|BRN2|NAST|SYBC|KKN4
M 7.3 - Nepal,111.0,7.1588616371154785,7.3,-0.1411383628845213,0.1411383628845213,7.173484802246094,-0.01462332159280777,5,5,SNDL|BRN2|NAST|SYBC|KKN4
M 7.3 - Nepal,112.0,7.15910005569458,7.3,-0.14089994430541974,0.14089994430541974,7.173484802246094,-0.014384638518095016,5,5,SNDL|BRN2|NAST|SYBC|KKN4
M 7.3 - Nepal,113.0,7.159464359283447,7.3,-0.14053564071655256,0.14053564071655256,7.173484802246094,-0.014020548202097416,5,5,SNDL|BRN2|NAST|SYBC|KKN4
M 7.3 - Nepal,114.0,7.159923076629639,7.3,-0.14007692337036115,0.14007692337036115,7.173484802246094,-0.013561527244746685,5,5,SNDL|BRN2|NAST|SYBC|KKN4
M 7.3 - Nepal,115.0,7.160238265991211,7.3,-0.13976173400878888,0.13976173400878888,7.173484802246094,-0.013246730901300907,5,5,SNDL|BRN2|NAST|SYBC|KKN4
M 7.3 - Nepal,116.0,7.160665988922119,7.3,-0.13933401107788068,0.13933401107788068,7.173484802246094,-0.012818658724427223,5,5,SNDL|BRN2|NAST|SYBC|KKN4
M 7.3 - Nepal,117.0,7.16133975982666,7.3,-0.13866024017333967,0.13866024017333967,7.173484802246094,-0.012144995853304863,5,5,SNDL|BRN2|NAST|SYBC|KKN4
M 7.3 - Nepal,118.0,7.162114143371582,7.3,-0.1378858566284178,0.1378858566284178,7.173484802246094,-0.011370625346899033,5,5,SNDL|BRN2|NAST|SYBC|KKN4
M 7.3 - Nepal,119.0,7.163079738616943,7.3,-0.13692026138305646,0.13692026138305646,7.173484802246094,-0.010405251756310463,5,5,SNDL|BRN2|NAST|SYBC|KKN4
M 7.3 - Nepal,120.0,7.164188385009766,7.3,-0.1358116149902342,0.1358116149902342,7.173484802246094,-0.009296289645135403,5,5,SNDL|BRN2|NAST|SYBC|KKN4
M 7.3 - Nepal,121.0,7.165177822113037,7.3,-0.1348221778869627,0.1348221778869627,7.173484802246094,-0.008306757546961308,5,5,SNDL|BRN2|NAST|SYBC|KKN4
M 7.3 - Nepal,122.0,7.165964126586914,7.3,-0.13403587341308576,0.13403587341308576,7.173484802246094,-0.007520623970776796,5,5,SNDL|BRN2|NAST|SYBC|KKN4
M 7.3 - Nepal,123.0,7.166635513305664,7.3,-0.13336448669433576,0.13336448669433576,7.173484802246094,-0.006849441211670637,5,5,SNDL|BRN2|NAST|SYBC|KKN4
M 7.3 - Nepal,124.0,7.16729211807251,7.3,-0.13270788192749006,0.13270788192749006,7.173484802246094,-0.0061925784684717655,5,5,SNDL|BRN2|NAST|SYBC|KKN4
M 7.3 - Nepal,125.0,7.168059349060059,7.3,-0.13194065093994123,0.13194065093994123,7.173484802246094,-0.005425494164228439,5,5,SNDL|BRN2|NAST|SYBC|KKN4
M 7.3 - Nepal,126.0,7.169073104858398,7.3,-0.13092689514160138,0.13092689514160138,7.173484802246094,-0.004411487840116024,5,5,SNDL|BRN2|NAST|SYBC|KKN4
M 7.3 - Nepal,127.0,7.1703362464904785,7.3,-0.1296637535095213,0.1296637535095213,7.173484802246094,-0.0031487015075981617,5,5,SNDL|BRN2|NAST|SYBC|KKN4
M 7.3 - Nepal,128.0,7.171597480773926,7.3,-0.12840251922607404,0.12840251922607404,7.173484802246094,-0.0018871566280722618,5,5,SNDL|BRN2|NAST|SYBC|KKN4
M 7.3 - Nepal,129.0,7.172535419464111,7.3,-0.1274645805358885,0.1274645805358885,7.173484802246094,-0.0009495466365478933,5,5,SNDL|BRN2|NAST|SYBC|KKN4
M 7.3 - Nepal,130.0,7.173233509063721,7.3,-0.12676649093627912,0.12676649093627912,7.173484802246094,-0.0002514043007977307,5,5,SNDL|BRN2|NAST|SYBC|KKN4
M 7.3 - Nepal,131.0,7.173700332641602,7.3,-0.12629966735839826,0.12629966735839826,7.173484802246094,0.00021542896865867078,5,5,SNDL|BRN2|NAST|SYBC|KKN4
M 7.3 - Nepal,132.0,7.174109935760498,7.3,-0.12589006423950178,0.12589006423950178,7.173484802246094,0.0006251311278901994,5,5,SNDL|BRN2|NAST|SYBC|KKN4
M 7.3 - Nepal,133.0,7.174731254577637,7.3,-0.1252687454223631,0.1252687454223631,7.173484802246094,0.001246555824764073,5,5,SNDL|BRN2|NAST|SYBC|KKN4
M 7.3 - Nepal,134.0,7.175458908081055,7.3,-0.12454109191894513,0.12454109191894513,7.173484802246094,0.001973900478333235,5,5,SNDL|BRN2|NAST|SYBC|KKN4
M 7.3 - Nepal,135.0,7.176116466522217,7.3,-0.12388353347778303,0.12388353347778303,7.173484802246094,0.0026316239964216948,5,5,SNDL|BRN2|NAST|SYBC|KKN4
M 7.3 - Nepal,136.0,7.176541328430176,7.3,-0.12345867156982404,0.12345867156982404,7.173484802246094,0.003056500805541873,5,5,SNDL|BRN2|NAST|SYBC|KKN4
M 7.3 - Nepal,137.0,7.176838397979736,7.3,-0.1231616020202635,0.1231616020202635,7.173484802246094,0.0033534695394337177,5,5,SNDL|BRN2|NAST|SYBC|KKN4
M 7.3 - Nepal,138.0,7.1772637367248535,7.3,-0.1227362632751463,0.1227362632751463,7.173484802246094,0.003778782906010747,5,5,SNDL|BRN2|NAST|SYBC|KKN4
M 7.3 - Nepal,139.0,7.177817344665527,7.3,-0.12218265533447248,0.12218265533447248,7.173484802246094,0.004332462791353464,5,5,SNDL|BRN2|NAST|SYBC|KKN4
M 7.3 - Nepal,140.0,7.178183555603027,7.3,-0.12181644439697248,0.12181644439697248,7.173484802246094,0.004698528442531824,5,5,SNDL|BRN2|NAST|SYBC|KKN4
M 7.3 - Nepal,141.0,7.1782636642456055,7.3,-0.12173633575439435,0.12173633575439435,7.173484802246094,0.004778778646141291,5,5,SNDL|BRN2|NAST|SYBC|KKN4
M 7.3 - Nepal,142.0,7.1781744956970215,7.3,-0.12182550430297834,0.12182550430297834,7.173484802246094,0.004689835011959076,5,5,SNDL|BRN2|NAST|SYBC|KKN4
M 7.3 - Nepal,143.0,7.178025722503662,7.3,-0.12197427749633771,0.12197427749633771,7.173484802246094,0.0045411488972604275,5,5,SNDL|BRN2|NAST|SYBC|KKN4
M 7.3 - Nepal,144.0,7.1779913902282715,7.3,-0.12200860977172834,0.12200860977172834,7.173484802246094,0.00450651440769434,5,5,SNDL|BRN2|NAST|SYBC|KKN4
M 7.3 - Nepal,145.0,7.178211688995361,7.3,-0.1217883110046385,0.1217883110046385,7.173484802246094,0.0047266664914786816,5,5,SNDL|BRN2|NAST|SYBC|KKN4
M 7.3 - Nepal,146.0,7.178459644317627,7.3,-0.12154035568237287,0.12154035568237287,7.173484802246094,0.00497470423579216,5,5,SNDL|BRN2|NAST|SYBC|KKN4
M 7.3 - Nepal,147.0,7.178708553314209,7.3,-0.12129144668579084,0.12129144668579084,7.173484802246094,0.005223899148404598,5,5,SNDL|BRN2|NAST|SYBC|KKN4
M 7.3 - Nepal,148.0,7.178951740264893,7.3,-0.12104825973510724,0.12104825973510724,7.173484802246094,0.0054670036770403385,5,5,SNDL|BRN2|NAST|SYBC|KKN4
M 7.3 - Nepal,149.0,7.179117202758789,7.3,-0.12088279724121076,0.12088279724121076,7.173484802246094,0.00563221238553524,5,5,SNDL|BRN2|NAST|SYBC|KKN4
M 7.3 - Nepal,150.0,7.179246425628662,7.3,-0.12075357437133771,0.12075357437133771,7.173484802246094,0.005761774256825447,5,5,SNDL|BRN2|NAST|SYBC|KKN4
M 7.3 - Nepal,151.0,7.179524898529053,7.3,-0.12047510147094709,0.12047510147094709,7.173484802246094,0.0060400343500077724,5,5,SNDL|BRN2|NAST|SYBC|KKN4
M 7.3 - Nepal,152.0,7.1799750328063965,7.3,-0.12002496719360334,0.12002496719360334,7.173484802246094,0.006490201223641634,5,5,SNDL|BRN2|NAST|SYBC|KKN4
M 7.3 - Nepal,153.0,7.180400371551514,7.3,-0.11959962844848615,0.11959962844848615,7.173484802246094,0.006915384437888861,5,5,SNDL|BRN2|NAST|SYBC|KKN4
M 7.3 - Nepal,154.0,7.18062686920166,7.3,-0.11937313079833967,0.11937313079833967,7.173484802246094,0.007142256945371628,5,5,SNDL|BRN2|NAST|SYBC|KKN4
M 7.3 - Nepal,155.0,7.1807355880737305,7.3,-0.11926441192626935,0.11926441192626935,7.173484802246094,0.007250621914863586,5,5,SNDL|BRN2|NAST|SYBC|KKN4
M 7.3 - Nepal,156.0,7.1807355880737305,7.3,-0.11926441192626935,0.11926441192626935,7.173484802246094,0.007250652648508549,5,5,SNDL|BRN2|NAST|SYBC|KKN4
M 7.3 - Nepal,157.0,7.180671691894531,7.3,-0.11932830810546857,0.11932830810546857,7.173484802246094,0.007186786737293005,5,5,SNDL|BRN2|NAST|SYBC|KKN4
M 7.3 - Nepal,158.0,7.180633068084717,7.3,-0.11936693191528303,0.11936693191528303,7.173484802246094,0.007148211356252432,5,5,SNDL|BRN2|NAST|SYBC|KKN4
M 7.3 - Nepal,159.0,7.180624485015869,7.3,-0.11937551498413068,0.11937551498413068,7.173484802246094,0.0071398415602743626,5,5,SNDL|BRN2|NAST|SYBC|KKN4
M 7.3 - Nepal,160.0,7.180593967437744,7.3,-0.11940603256225568,0.11940603256225568,7.173484802246094,0.007109249010682106,5,5,SNDL|BRN2|NAST|SYBC|KKN4
M 7.3 - Nepal,161.0,7.180472373962402,7.3,-0.11952762603759748,0.11952762603759748,7.173484802246094,0.006987691391259432,5,5,SNDL|BRN2|NAST|SYBC|KKN4
M 7.3 - Nepal,162.0,7.180275917053223,7.3,-0.11972408294677717,0.11972408294677717,7.173484802246094,0.006791215389966965,5,5,SNDL|BRN2|NAST|SYBC|KKN4
M 7.3 - Nepal,163.0,7.180116653442383,7.3,-0.11988334655761701,0.11988334655761701,7.173484802246094,0.006631938274949789,5,5,SNDL|BRN2|NAST|SYBC|KKN4
M 7.3 - Nepal,164.0,7.180014133453369,7.3,-0.11998586654663068,0.11998586654663068,7.173484802246094,0.006529275793582201,5,5,SNDL|BRN2|NAST|SYBC|KKN4
M 7.3 - Nepal,165.0,7.179971694946289,7.3,-0.12002830505371076,0.12002830505371076,7.173484802246094,0.006487002596259117,5,5,SNDL|BRN2|NAST|SYBC|KKN4
M 7.3 - Nepal,166.0,7.179984092712402,7.3,-0.12001590728759748,0.12001590728759748,7.173484802246094,0.0064993142150342464,5,5,SNDL|BRN2|NAST|SYBC|KKN4
M 7.3 - Nepal,167.0,7.180027008056641,7.3,-0.1199729919433592,0.1199729919433592,7.173484802246094,0.006542055867612362,5,5,SNDL|BRN2|NAST|SYBC|KKN4
M 7.3 - Nepal,168.0,7.180067539215088,7.3,-0.11993246078491193,0.11993246078491193,7.173484802246094,0.006582967936992645,5,5,SNDL|BRN2|NAST|SYBC|KKN4
M 7.3 - Nepal,169.0,7.180130958557129,7.3,-0.11986904144287092,0.11986904144287092,7.173484802246094,0.006646334659308195,5,5,SNDL|BRN2|NAST|SYBC|KKN4
M 7.3 - Nepal,170.0,7.1802520751953125,7.3,-0.11974792480468732,0.11974792480468732,7.173484802246094,0.006767109967768192,5,5,SNDL|BRN2|NAST|SYBC|KKN4
M 7.3 - Nepal,171.0,7.180351257324219,7.3,-0.11964874267578107,0.11964874267578107,7.173484802246094,0.006866381503641605,5,5,SNDL|BRN2|NAST|SYBC|KKN4
M 7.3 - Nepal,172.0,7.1803083419799805,7.3,-0.11969165802001935,0.11969165802001935,7.173484802246094,0.006823590025305748,5,5,SNDL|BRN2|NAST|SYBC|KKN4
M 7.3 - Nepal,173.0,7.1801276206970215,7.3,-0.11987237930297834,0.11987237930297834,7.173484802246094,0.006642848253250122,5,5,SNDL|BRN2|NAST|SYBC|KKN4
M 7.3 - Nepal,174.0,7.179888725280762,7.3,-0.1201112747192381,0.1201112747192381,7.173484802246094,0.006403873208910227,5,5,SNDL|BRN2|NAST|SYBC|KKN4
M 7.3 - Nepal,175.0,7.1796746253967285,7.3,-0.1203253746032713,0.1203253746032713,7.173484802246094,0.006189627572894096,5,5,SNDL|BRN2|NAST|SYBC|KKN4
M 7.3 - Nepal,176.0,7.179523944854736,7.3,-0.1204760551452635,0.1204760551452635,7.173484802246094,0.00603908346965909,5,5,SNDL|BRN2|NAST|SYBC|KKN4
M 7.3 - Nepal,177.0,7.179410934448242,7.3,-0.12058906555175763,0.12058906555175763,7.173484802246094,0.005926001351326704,5,5,SNDL|BRN2|NAST|SYBC|KKN4
M 7.3 - Nepal,178.0,7.179291725158691,7.3,-0.12070827484130842,0.12070827484130842,7.173484802246094,0.005807141773402691,5,5,SNDL|BRN2|NAST|SYBC|KKN4
M 7.3 - Nepal,179.0,7.179131507873535,7.3,-0.12086849212646467,0.12086849212646467,7.173484802246094,0.005646605975925922,5,5,SNDL|BRN2|NAST|SYBC|KKN4
M 7.3 - Nepal,180.0,7.178915977478027,7.3,-0.12108402252197248,0.12108402252197248,7.173484802246094,0.005431236233562231,5,5,SNDL|BRN2|NAST|SYBC|KKN4
M 7.3 - Nepal,181.0,7.178651332855225,7.3,-0.12134866714477521,0.12134866714477521,7.173484802246094,0.005166602320969105,5,5,SNDL|BRN2|NAST|SYBC|KKN4
M 7.3 - Nepal,182.0,7.1783576011657715,7.3,-0.12164239883422834,0.12164239883422834,7.173484802246094,0.004872981924563646,5,5,SNDL|BRN2|NAST|SYBC|KKN4
M 7.3 - Nepal,183.0,7.1780500411987305,7.3,-0.12194995880126935,0.12194995880126935,7.173484802246094,0.0045651332475245,5,5,SNDL|BRN2|NAST|SYBC|KKN4
M 7.3 - Nepal,184.0,7.177732467651367,7.3,-0.12226753234863263,0.12226753234863263,7.173484802246094,0.004247446544468403,5,5,SNDL|BRN2|NAST|SYBC|KKN4
M 7.3 - Nepal,185.0,7.177392959594727,7.3,-0.12260704040527326,0.12260704040527326,7.173484802246094,0.00390793289989233,5,5,SNDL|BRN2|NAST|SYBC|KKN4
M 7.3 - Nepal,186.0,7.177024841308594,7.3,-0.12297515869140607,0.12297515869140607,7.173484802246094,0.0035401354543864727,5,5,SNDL|BRN2|NAST|SYBC|KKN4
M 7.3 - Nepal,187.0,7.176645755767822,7.3,-0.12335424423217756,0.12335424423217756,7.173484802246094,0.0031609132420271635,5,5,SNDL|BRN2|NAST|SYBC|KKN4
M 7.3 - Nepal,188.0,7.176279544830322,7.3,-0.12372045516967756,0.12372045516967756,7.173484802246094,0.00279488624073565,5,5,SNDL|BRN2|NAST|SYBC|KKN4
M 7.3 - Nepal,189.0,7.175946235656738,7.3,-0.12405376434326154,0.12405376434326154,7.173484802246094,0.0024613039568066597,5,5,SNDL|BRN2|NAST|SYBC|KKN4
M 7.3 - Nepal,190.0,7.175629138946533,7.3,-0.12437086105346662,0.12437086105346662,7.173484802246094,0.0021444589365273714,5,5,SNDL|BRN2|NAST|SYBC|KKN4
M 7.3 - Nepal,191.0,7.17533540725708,7.3,-0.12466459274291974,0.12466459274291974,7.173484802246094,0.0018504548352211714,5,5,SNDL|BRN2|NAST|SYBC|KKN4
M 7.3 - Nepal,192.0,7.175065040588379,7.3,-0.12493495941162092,0.12493495941162092,7.173484802246094,0.0015800504479557276,5,5,SNDL|BRN2|NAST|SYBC|KKN4
M 7.3 - Nepal,193.0,7.174820423126221,7.3,-0.12517957687377912,0.12517957687377912,7.173484802246094,0.0013355236733332276,5,5,SNDL|BRN2|NAST|SYBC|KKN4
M 7.3 - Nepal,194.0,7.174602508544922,7.3,-0.12539749145507795,0.12539749145507795,7.173484802246094,0.0011177844135090709,5,5,SNDL|BRN2|NAST|SYBC|KKN4
M 7.3 - Nepal,195.0,7.174407005310059,7.3,-0.12559299468994123,0.12559299468994123,7.173484802246094,0.0009219934581778944,5,5,SNDL|BRN2|NAST|SYBC|KKN4
M 7.3 - Nepal,196.0,7.174217224121094,7.3,-0.12578277587890607,0.12578277587890607,7.173484802246094,0.0007325508631765842,5,5,SNDL|BRN2|NAST|SYBC|KKN4
M 7.3 - Nepal,197.0,7.174026012420654,7.3,-0.12597398757934553,0.12597398757934553,7.173484802246094,0.0005412158207036555,5,5,SNDL|BRN2|NAST|SYBC|KKN4
M 7.3 - Nepal,198.0,7.173837661743164,7.3,-0.12616233825683576,0.12616233825683576,7.173484802246094,0.0003529608657117933,5,5,SNDL|BRN2|NAST|SYBC|KKN4
M 7.3 - Nepal,199.0,7.173657417297363,7.3,-0.12634258270263654,0.12634258270263654,7.173484802246094,0.0001725248439470306,5,5,SNDL|BRN2|NAST|SYBC|KKN4
M 7.3 - Nepal,200.0,7.173484802246094,7.3,-0.12651519775390607,0.12651519775390607,7.173484802246094,0.0,5,5,SNDL|BRN2|NAST|SYBC|KKN4
"M 7.0 - 13 km NNE of Néon Karlovásion, Greece",8.0,5.966767311096191,7.0,-1.0332326889038086,1.0332326889038086,5.798971652984619,0.16779544949531555,1,1,cesm
"M 7.0 - 13 km NNE of Néon Karlovásion, Greece",9.0,6.374269485473633,7.0,-0.6257305145263672,0.6257305145263672,6.207365989685059,0.16690325736999512,2,2,izmi|cesm
"M 7.0 - 13 km NNE of Néon Karlovásion, Greece",10.0,6.440794467926025,7.0,-0.5592055320739746,0.5592055320739746,6.2749176025390625,0.16587689518928528,3,3,izmi|didi|cesm
"M 7.0 - 13 km NNE of Néon Karlovásion, Greece",11.0,6.472815990447998,7.0,-0.527184009552002,0.527184009552002,6.307843208312988,0.164972722530365,3,3,izmi|didi|cesm
"M 7.0 - 13 km NNE of Néon Karlovásion, Greece",12.0,6.475027084350586,7.0,-0.5249729156494141,0.5249729156494141,6.311003684997559,0.164023295044899,3,3,izmi|didi|cesm
"M 7.0 - 13 km NNE of Néon Karlovásion, Greece",13.0,6.47398042678833,7.0,-0.5260195732116699,0.5260195732116699,6.311003684997559,0.16297683119773865,3,3,izmi|didi|cesm
"M 7.0 - 13 km NNE of Néon Karlovásion, Greece",14.0,6.472574710845947,7.0,-0.5274252891540527,0.5274252891540527,6.311003684997559,0.16157084703445435,3,3,izmi|didi|cesm
"M 7.0 - 13 km NNE of Néon Karlovásion, Greece",15.0,6.470792770385742,7.0,-0.5292072296142578,0.5292072296142578,6.311003684997559,0.1597891002893448,3,3,izmi|didi|cesm
"M 7.0 - 13 km NNE of Néon Karlovásion, Greece",16.0,6.468292713165283,7.0,-0.5317072868347168,0.5317072868347168,6.311003684997559,0.15728886425495148,3,3,izmi|didi|cesm
"M 7.0 - 13 km NNE of Néon Karlovásion, Greece",17.0,6.465890884399414,7.0,-0.5341091156005859,0.5341091156005859,6.311003684997559,0.1548873633146286,3,3,izmi|didi|cesm
"M 7.0 - 13 km NNE of Néon Karlovásion, Greece",18.0,6.4661784172058105,7.0,-0.5338215827941895,0.5338215827941895,6.3134260177612305,0.1527525782585144,3,3,izmi|cesm|didi
"M 7.0 - 13 km NNE of Néon Karlovásion, Greece",19.0,6.581600189208984,7.0,-0.4183998107910156,0.4183998107910156,6.431665420532227,0.14993496239185333,3,3,cesm|izmi|didi
"M 7.0 - 13 km NNE of Néon Karlovásion, Greece",20.0,6.775580406188965,7.0,-0.22441959381103516,0.22441959381103516,6.629567623138428,0.14601297676563263,3,3,izmi|cesm|didi
"M 7.0 - 13 km NNE of Néon Karlovásion, Greece",21.0,6.920403003692627,7.0,-0.07959699630737305,0.07959699630737305,6.780206680297852,0.14019617438316345,3,3,izmi|cesm|didi
"M 7.0 - 13 km NNE of Néon Karlovásion, Greece",22.0,7.018903732299805,7.0,0.018903732299804688,0.018903732299804688,6.888190746307373,0.13071295619010925,3,3,izmi|cesm|didi
"M 7.0 - 13 km NNE of Néon Karlovásion, Greece",23.0,7.07284688949585,7.0,0.07284688949584961,0.07284688949584961,6.956048965454102,0.11679782718420029,3,3,cesm|izmi|didi
"M 7.0 - 13 km NNE of Néon Karlovásion, Greece",24.0,7.089400291442871,7.0,0.0894002914428711,0.0894002914428711,6.987009525299072,0.1023905947804451,3,3,cesm|izmi|didi
"M 7.0 - 13 km NNE of Néon Karlovásion, Greece",25.0,7.094031810760498,7.0,0.09403181076049805,0.09403181076049805,7.007088661193848,0.08694328367710114,3,3,cesm|izmi|didi
"M 7.0 - 13 km NNE of Néon Karlovásion, Greece",26.0,7.097630500793457,7.0,0.09763050079345703,0.09763050079345703,7.025493621826172,0.07213708758354187,3,3,cesm|izmi|didi
"M 7.0 - 13 km NNE of Néon Karlovásion, Greece",27.0,7.096072196960449,7.0,0.09607219696044922,0.09607219696044922,7.039546012878418,0.05652625858783722,3,3,cesm|izmi|didi
"M 7.0 - 13 km NNE of Néon Karlovásion, Greece",28.0,7.082876682281494,7.0,0.08287668228149414,0.08287668228149414,7.044938087463379,0.0379386767745018,3,3,cesm|izmi|didi
"M 7.0 - 13 km NNE of Néon Karlovásion, Greece",29.0,7.060665607452393,7.0,0.06066560745239258,0.06066560745239258,7.044938087463379,0.01572754606604576,3,3,cesm|izmi|didi
"M 7.0 - 13 km NNE of Néon Karlovásion, Greece",30.0,7.038209915161133,7.0,0.03820991516113281,0.03820991516113281,7.044938087463379,-0.006728381849825382,3,3,cesm|izmi|didi
"M 7.0 - 13 km NNE of Néon Karlovásion, Greece",31.0,7.016191005706787,7.0,0.01619100570678711,0.01619100570678711,7.044938087463379,-0.02874685637652874,3,3,cesm|izmi|didi
"M 7.0 - 13 km NNE of Néon Karlovásion, Greece",32.0,6.997109889984131,7.0,-0.0028901100158691406,0.0028901100158691406,7.044938087463379,-0.047828350216150284,3,3,cesm|izmi|didi
"M 7.0 - 13 km NNE of Néon Karlovásion, Greece",33.0,6.980724811553955,7.0,-0.019275188446044922,0.019275188446044922,7.044938087463379,-0.06421327590942383,3,3,cesm|izmi|didi
"M 7.0 - 13 km NNE of Néon Karlovásion, Greece",34.0,6.966240882873535,7.0,-0.033759117126464844,0.033759117126464844,7.044938087463379,-0.07869737595319748,3,3,cesm|izmi|didi
"M 7.0 - 13 km NNE of Néon Karlovásion, Greece",35.0,6.953661918640137,7.0,-0.04633808135986328,0.04633808135986328,7.044938087463379,-0.09127593040466309,3,3,cesm|izmi|didi
"M 7.0 - 13 km NNE of Néon Karlovásion, Greece",36.0,6.944499969482422,7.0,-0.055500030517578125,0.055500030517578125,7.044938087463379,-0.1004379540681839,3,3,cesm|izmi|didi
"M 7.0 - 13 km NNE of Néon Karlovásion, Greece",37.0,6.938299179077148,7.0,-0.06170082092285156,0.06170082092285156,7.044938087463379,-0.10663912445306778,3,3,cesm|izmi|didi
"M 7.0 - 13 km NNE of Néon Karlovásion, Greece",38.0,6.934043884277344,7.0,-0.06595611572265625,0.06595611572265625,7.044938087463379,-0.11089423298835754,3,3,cesm|izmi|didi
"M 7.0 - 13 km NNE of Néon Karlovásion, Greece",39.0,6.93089485168457,7.0,-0.06910514831542969,0.06910514831542969,7.044938087463379,-0.1140434592962265,3,3,cesm|izmi|didi
"M 7.0 - 13 km NNE of Néon Karlovásion, Greece",40.0,6.928162574768066,7.0,-0.0718374252319336,0.0718374252319336,7.044938087463379,-0.11677573621273041,3,3,cesm|izmi|didi
"M 7.0 - 13 km NNE of Néon Karlovásion, Greece",41.0,6.925960540771484,7.0,-0.07403945922851562,0.07403945922851562,7.044938087463379,-0.11897759139537811,3,3,cesm|izmi|didi
"M 7.0 - 13 km NNE of Néon Karlovásion, Greece",42.0,6.924330711364746,7.0,-0.0756692886352539,0.0756692886352539,7.044938087463379,-0.12060746550559998,3,3,cesm|izmi|didi
"M 7.0 - 13 km NNE of Néon Karlovásion, Greece",43.0,6.923318386077881,7.0,-0.07668161392211914,0.07668161392211914,7.044938087463379,-0.12161991745233536,3,3,cesm|izmi|didi
"M 7.0 - 13 km NNE of Néon Karlovásion, Greece",44.0,6.922852993011475,7.0,-0.07714700698852539,0.07714700698852539,7.044938087463379,-0.12208531051874161,3,3,cesm|izmi|didi
"M 7.0 - 13 km NNE of Néon Karlovásion, Greece",45.0,6.922693252563477,7.0,-0.07730674743652344,0.07730674743652344,7.044938087463379,-0.12224477529525757,3,3,cesm|izmi|didi
"M 7.0 - 13 km NNE of Néon Karlovásion, Greece",46.0,6.922682762145996,7.0,-0.0773172378540039,0.0773172378540039,7.044938087463379,-0.1222553700208664,3,3,cesm|izmi|didi
"M 7.0 - 13 km NNE of Néon Karlovásion, Greece",47.0,6.922820568084717,7.0,-0.0771794319152832,0.0771794319152832,7.044938087463379,-0.12211763858795166,3,3,cesm|izmi|didi
"M 7.0 - 13 km NNE of Néon Karlovásion, Greece",48.0,6.92296028137207,7.0,-0.07703971862792969,0.07703971862792969,7.044938087463379,-0.12197775393724442,3,3,cesm|izmi|didi
"M 7.0 - 13 km NNE of Néon Karlovásion, Greece",49.0,6.92318058013916,7.0,-0.07681941986083984,0.07681941986083984,7.044938087463379,-0.1217574030160904,3,3,cesm|izmi|didi
"M 7.0 - 13 km NNE of Néon Karlovásion, Greece",50.0,6.92354154586792,7.0,-0.07645845413208008,0.07645845413208008,7.044938087463379,-0.12139638513326645,3,3,cesm|izmi|didi
"M 7.0 - 13 km NNE of Néon Karlovásion, Greece",51.0,6.924001693725586,7.0,-0.07599830627441406,0.07599830627441406,7.044938087463379,-0.1209363043308258,3,3,cesm|izmi|didi
"M 7.0 - 13 km NNE of Néon Karlovásion, Greece",52.0,6.924516677856445,7.0,-0.07548332214355469,0.07548332214355469,7.044938087463379,-0.12042153626680374,3,3,cesm|izmi|didi
"M 7.0 - 13 km NNE of Néon Karlovásion, Greece",53.0,6.9249677658081055,7.0,-0.07503223419189453,0.07503223419189453,7.044938087463379,-0.11997038871049881,3,3,cesm|izmi|didi
"M 7.0 - 13 km NNE of Néon Karlovásion, Greece",54.0,6.925379753112793,7.0,-0.07462024688720703,0.07462024688720703,7.044938087463379,-0.11955835670232773,3,3,cesm|izmi|didi
"M 7.0 - 13 km NNE of Néon Karlovásion, Greece",55.0,6.925819396972656,7.0,-0.07418060302734375,0.07418060302734375,7.044938087463379,-0.11911866813898087,3,3,cesm|izmi|didi
"M 7.0 - 13 km NNE of Néon Karlovásion, Greece",56.0,6.926319599151611,7.0,-0.07368040084838867,0.07368040084838867,7.044938087463379,-0.11861838400363922,3,3,cesm|izmi|didi
"M 7.0 - 13 km NNE of Néon Karlovásion, Greece",57.0,6.926861763000488,7.0,-0.07313823699951172,0.07313823699951172,7.044938087463379,-0.11807633191347122,3,3,cesm|izmi|didi
"M 7.0 - 13 km NNE of Néon Karlovásion, Greece",58.0,6.927403450012207,7.0,-0.07259654998779297,0.07259654998779297,7.044938087463379,-0.11753462255001068,3,3,cesm|izmi|didi
"M 7.0 - 13 km NNE of Néon Karlovásion, Greece",59.0,6.92791223526001,7.0,-0.07208776473999023,0.07208776473999023,7.044938087463379,-0.11702588945627213,3,3,cesm|izmi|didi
"M 7.0 - 13 km NNE of Néon Karlovásion, Greece",60.0,6.928432464599609,7.0,-0.07156753540039062,0.07156753540039062,7.044938087463379,-0.11650542914867401,3,3,cesm|izmi|didi
"M 7.0 - 13 km NNE of Néon Karlovásion, Greece",61.0,6.929041385650635,7.0,-0.07095861434936523,0.07095861434936523,7.044938087463379,-0.11589693278074265,3,3,cesm|izmi|didi
"M 7.0 - 13 km NNE of Néon Karlovásion, Greece",62.0,6.929746627807617,7.0,-0.07025337219238281,0.07025337219238281,7.044938087463379,-0.1151912733912468,3,3,cesm|izmi|didi
"M 7.0 - 13 km NNE of Néon Karlovásion, Greece",63.0,6.930515289306641,7.0,-0.06948471069335938,0.06948471069335938,7.044938087463379,-0.11442260444164276,3,3,cesm|izmi|didi
"M 7.0 - 13 km NNE of Néon Karlovásion, Greece",64.0,6.931293487548828,7.0,-0.06870651245117188,0.06870651245117188,7.044938087463379,-0.113644540309906,3,3,cesm|izmi|didi
"M 7.0 - 13 km NNE of Néon Karlovásion, Greece",65.0,6.932032585144043,7.0,-0.06796741485595703,0.06796741485595703,7.044938087463379,-0.1129055917263031,3,3,cesm|izmi|didi
"M 7.0 - 13 km NNE of Néon Karlovásion, Greece",66.0,6.932727336883545,7.0,-0.06727266311645508,0.06727266311645508,7.044938087463379,-0.11221060901880264,3,3,cesm|izmi|didi
"M 7.0 - 13 km NNE of Néon Karlovásion, Greece",67.0,6.93341064453125,7.0,-0.06658935546875,0.06658935546875,7.044938087463379,-0.11152726411819458,3,3,cesm|izmi|didi
"M 7.0 - 13 km NNE of Néon Karlovásion, Greece",68.0,6.934121131896973,7.0,-0.06587886810302734,0.06587886810302734,7.044938087463379,-0.11081679165363312,3,3,cesm|izmi|didi
"M 7.0 - 13 km NNE of Néon Karlovásion, Greece",69.0,6.93487548828125,7.0,-0.06512451171875,0.06512451171875,7.044938087463379,-0.11006239801645279,3,3,cesm|izmi|didi
"M 7.0 - 13 km NNE of Néon Karlovásion, Greece",70.0,6.935647964477539,7.0,-0.06435203552246094,0.06435203552246094,7.044938087463379,-0.10929002612829208,3,3,cesm|izmi|didi
"M 7.0 - 13 km NNE of Néon Karlovásion, Greece",71.0,6.936432361602783,7.0,-0.0635676383972168,0.0635676383972168,7.044938087463379,-0.10850552469491959,3,3,cesm|izmi|didi
"M 7.0 - 13 km NNE of Néon Karlovásion, Greece",72.0,6.937229156494141,7.0,-0.06277084350585938,0.06277084350585938,7.044938087463379,-0.1077088713645935,3,3,cesm|izmi|didi
"M 7.0 - 13 km NNE of Néon Karlovásion, Greece",73.0,6.938033580780029,7.0,-0.0619664192199707,0.0619664192199707,7.044938087463379,-0.10690441727638245,3,3,cesm|izmi|didi
"M 7.0 - 13 km NNE of Néon Karlovásion, Greece",74.0,6.93884801864624,7.0,-0.061151981353759766,0.061151981353759766,7.044938087463379,-0.10609015822410583,3,3,cesm|izmi|didi
"M 7.0 - 13 km NNE of Néon Karlovásion, Greece",75.0,6.939672470092773,7.0,-0.06032752990722656,0.06032752990722656,7.044938087463379,-0.10526580363512039,3,3,cesm|izmi|didi
"M 7.0 - 13 km NNE of Néon Karlovásion, Greece",76.0,6.940505504608154,7.0,-0.0594944953918457,0.0594944953918457,7.044938087463379,-0.10443274676799774,3,3,cesm|izmi|didi
"M 7.0 - 13 km NNE of Néon Karlovásion, Greece",77.0,6.941341400146484,7.0,-0.058658599853515625,0.058658599853515625,7.044938087463379,-0.10359679907560349,3,3,cesm|izmi|didi
"M 7.0 - 13 km NNE of Néon Karlovásion, Greece",78.0,6.942168712615967,7.0,-0.0578312873840332,0.0578312873840332,7.044938087463379,-0.10276948660612106,3,3,cesm|izmi|didi
"M 7.0 - 13 km NNE of Néon Karlovásion, Greece",79.0,6.942983150482178,7.0,-0.057016849517822266,0.057016849517822266,7.044938087463379,-0.10195491462945938,3,3,cesm|izmi|didi
"M 7.0 - 13 km NNE of Néon Karlovásion, Greece",80.0,6.943796157836914,7.0,-0.05620384216308594,0.05620384216308594,7.044938087463379,-0.1011420413851738,3,3,cesm|izmi|didi
"M 7.0 - 13 km NNE of Néon Karlovásion, Greece",81.0,6.944616317749023,7.0,-0.05538368225097656,0.05538368225097656,7.044938087463379,-0.1003219336271286,3,3,cesm|izmi|didi
"M 7.0 - 13 km NNE of Néon Karlovásion, Greece",82.0,6.945441246032715,7.0,-0.054558753967285156,0.054558753967285156,7.044938087463379,-0.09949665516614914,3,3,cesm|izmi|didi
"M 7.0 - 13 km NNE of Néon Karlovásion, Greece",83.0,6.946260452270508,7.0,-0.05373954772949219,0.05373954772949219,7.044938087463379,-0.09867746382951736,3,3,cesm|izmi|didi
"M 7.0 - 13 km NNE of Néon Karlovásion, Greece",84.0,6.9470648765563965,7.0,-0.052935123443603516,0.052935123443603516,7.044938087463379,-0.09787312895059586,3,3,cesm|izmi|didi
"M 7.0 - 13 km NNE of Néon Karlovásion, Greece",85.0,6.9478583335876465,7.0,-0.052141666412353516,0.052141666412353516,7.044938087463379,-0.09707984328269958,3,3,cesm|izmi|didi
"M 7.0 - 13 km NNE of Néon Karlovásion, Greece",86.0,6.948652744293213,7.0,-0.05134725570678711,0.05134725570678711,7.044938087463379,-0.09628511965274811,3,3,cesm|izmi|didi
"M 7.0 - 13 km NNE of Néon Karlovásion, Greece",87.0,6.949459075927734,7.0,-0.050540924072265625,0.050540924072265625,7.044938087463379,-0.09547903388738632,3,3,cesm|izmi|didi
"M 7.0 - 13 km NNE of Néon Karlovásion, Greece",88.0,6.95027494430542,7.0,-0.04972505569458008,0.04972505569458008,7.044938087463379,-0.09466313570737839,3,3,cesm|izmi|didi
"M 7.0 - 13 km NNE of Néon Karlovásion, Greece",89.0,6.951090335845947,7.0,-0.048909664154052734,0.048909664154052734,7.044938087463379,-0.0938478633761406,3,3,cesm|izmi|didi
"M 7.0 - 13 km NNE of Néon Karlovásion, Greece",90.0,6.951895236968994,7.0,-0.04810476303100586,0.04810476303100586,7.044938087463379,-0.09304279088973999,3,3,cesm|izmi|didi
"M 7.0 - 13 km NNE of Néon Karlovásion, Greece",91.0,6.952690601348877,7.0,-0.04730939865112305,0.04730939865112305,7.044938087463379,-0.09224741905927658,3,3,cesm|izmi|didi
"M 7.0 - 13 km NNE of Néon Karlovásion, Greece",92.0,6.953486442565918,7.0,-0.04651355743408203,0.04651355743408203,7.044938087463379,-0.09145157039165497,3,3,cesm|izmi|didi
"M 7.0 - 13 km NNE of Néon Karlovásion, Greece",93.0,6.954296112060547,7.0,-0.045703887939453125,0.045703887939453125,7.044938087463379,-0.09064197540283203,3,3,cesm|izmi|didi
"M 7.0 - 13 km NNE of Néon Karlovásion, Greece",94.0,6.95512580871582,7.0,-0.04487419128417969,0.04487419128417969,7.044938087463379,-0.08981242030858994,3,3,cesm|izmi|didi
"M 7.0 - 13 km NNE of Néon Karlovásion, Greece",95.0,6.955970287322998,7.0,-0.04402971267700195,0.04402971267700195,7.044938087463379,-0.08896803110837936,3,3,cesm|izmi|didi
"M 7.0 - 13 km NNE of Néon Karlovásion, Greece",96.0,6.9568190574646,7.0,-0.04318094253540039,0.04318094253540039,7.044938087463379,-0.08811884373426437,3,3,cesm|izmi|didi
"M 7.0 - 13 km NNE of Néon Karlovásion, Greece",97.0,6.957662105560303,7.0,-0.042337894439697266,0.042337894439697266,7.044938087463379,-0.08727621287107468,3,3,cesm|izmi|didi
"M 7.0 - 13 km NNE of Néon Karlovásion, Greece",98.0,6.958496570587158,7.0,-0.0415034294128418,0.0415034294128418,7.044938087463379,-0.08644171804189682,3,3,cesm|izmi|didi
"M 7.0 - 13 km NNE of Néon Karlovásion, Greece",99.0,6.959327220916748,7.0,-0.04067277908325195,0.04067277908325195,7.044938087463379,-0.08561084419488907,3,3,cesm|izmi|didi
"M 7.0 - 13 km NNE of Néon Karlovásion, Greece",100.0,6.9601593017578125,7.0,-0.0398406982421875,0.0398406982421875,7.044938087463379,-0.08477859944105148,3,3,cesm|izmi|didi
"M 7.0 - 13 km NNE of Néon Karlovásion, Greece",101.0,6.960994243621826,7.0,-0.03900575637817383,0.03900575637817383,7.044938087463379,-0.0839436948299408,3,3,cesm|izmi|didi
"M 7.0 - 13 km NNE of Néon Karlovásion, Greece",102.0,6.96182918548584,7.0,-0.038170814514160156,0.038170814514160156,7.044938087463379,-0.08310877531766891,3,3,cesm|izmi|didi
"M 7.0 - 13 km NNE of Néon Karlovásion, Greece",103.0,6.962662696838379,7.0,-0.037337303161621094,0.037337303161621094,7.044938087463379,-0.08227528631687164,3,3,cesm|izmi|didi
"M 7.0 - 13 km NNE of Néon Karlovásion, Greece",104.0,6.963497161865234,7.0,-0.036502838134765625,0.036502838134765625,7.044938087463379,-0.08144081383943558,3,3,cesm|izmi|didi
"M 7.0 - 13 km NNE of Néon Karlovásion, Greece",105.0,6.964337348937988,7.0,-0.03566265106201172,0.03566265106201172,7.044938087463379,-0.08060071617364883,3,3,cesm|izmi|didi
"M 7.0 - 13 km NNE of Néon Karlovásion, Greece",106.0,6.965185165405273,7.0,-0.03481483459472656,0.03481483459472656,7.044938087463379,-0.07975295931100845,3,3,cesm|izmi|didi
"M 7.0 - 13 km NNE of Néon Karlovásion, Greece",107.0,6.966037273406982,7.0,-0.03396272659301758,0.03396272659301758,7.044938087463379,-0.07890067994594574,3,3,cesm|izmi|didi
"M 7.0 - 13 km NNE of Néon Karlovásion, Greece",108.0,6.9668869972229,7.0,-0.03311300277709961,0.03311300277709961,7.044938087463379,-0.0780508890748024,3,3,cesm|izmi|didi
"M 7.0 - 13 km NNE of Néon Karlovásion, Greece",109.0,6.967728137969971,7.0,-0.0322718620300293,0.0322718620300293,7.044938087463379,-0.07721009105443954,3,3,cesm|izmi|didi
"M 7.0 - 13 km NNE of Néon Karlovásion, Greece",110.0,6.968559265136719,7.0,-0.03144073486328125,0.03144073486328125,7.044938087463379,-0.07637880742549896,3,3,cesm|izmi|didi
"M 7.0 - 13 km NNE of Néon Karlovásion, Greece",111.0,6.969387054443359,7.0,-0.030612945556640625,0.030612945556640625,7.044938087463379,-0.07555108517408371,3,3,cesm|izmi|didi
"M 7.0 - 13 km NNE of Néon Karlovásion, Greece",112.0,6.970217227935791,7.0,-0.029782772064208984,0.029782772064208984,7.044938087463379,-0.07472071051597595,3,3,cesm|izmi|didi
"M 7.0 - 13 km NNE of Néon Karlovásion, Greece",113.0,6.971051216125488,7.0,-0.02894878387451172,0.02894878387451172,7.044938087463379,-0.07388689368963242,3,3,cesm|izmi|didi
"M 7.0 - 13 km NNE of Néon Karlovásion, Greece",114.0,6.971884250640869,7.0,-0.02811574935913086,0.02811574935913086,7.044938087463379,-0.07305373251438141,3,3,cesm|izmi|didi
"M 7.0 - 13 km NNE of Néon Karlovásion, Greece",115.0,6.972712993621826,7.0,-0.027287006378173828,0.027287006378173828,7.044938087463379,-0.07222515344619751,3,3,cesm|izmi|didi
"M 7.0 - 13 km NNE of Néon Karlovásion, Greece",116.0,6.973537445068359,7.0,-0.026462554931640625,0.026462554931640625,7.044938087463379,-0.0714004710316658,3,3,cesm|izmi|didi
"M 7.0 - 13 km NNE of Néon Karlovásion, Greece",117.0,6.974362373352051,7.0,-0.02563762664794922,0.02563762664794922,7.044938087463379,-0.07057568430900574,3,3,cesm|izmi|didi
"M 7.0 - 13 km NNE of Néon Karlovásion, Greece",118.0,6.975192546844482,7.0,-0.024807453155517578,0.024807453155517578,7.044938087463379,-0.06974539160728455,3,3,cesm|izmi|didi
"M 7.0 - 13 km NNE of Néon Karlovásion, Greece",119.0,6.976031303405762,7.0,-0.02396869659423828,0.02396869659423828,7.044938087463379,-0.06890659034252167,3,3,cesm|izmi|didi
"M 7.0 - 13 km NNE of Néon Karlovásion, Greece",120.0,6.976876735687256,7.0,-0.02312326431274414,0.02312326431274414,7.044938087463379,-0.06806117296218872,3,3,cesm|izmi|didi
"M 7.0 - 13 km NNE of Néon Karlovásion, Greece",121.0,6.9851789474487305,7.0,-0.014821052551269531,0.014821052551269531,7.052433013916016,-0.06725388765335083,3,3,cesm|izmi|didi
"M 7.0 - 13 km NNE of Néon Karlovásion, Greece",122.0,6.992247581481934,7.0,-0.007752418518066406,0.007752418518066406,7.058688163757324,-0.066440649330616,3,3,cesm|izmi|didi
"M 7.0 - 13 km NNE of Néon Karlovásion, Greece",123.0,6.99308967590332,7.0,-0.0069103240966796875,0.0069103240966796875,7.058688163757324,-0.06559856235980988,3,3,cesm|izmi|didi
"M 7.0 - 13 km NNE of Néon Karlovásion, Greece",124.0,6.993931293487549,7.0,-0.006068706512451172,0.006068706512451172,7.058688163757324,-0.06475668400526047,3,3,cesm|izmi|didi
"M 7.0 - 13 km NNE of Néon Karlovásion, Greece",125.0,6.994776725769043,7.0,-0.005223274230957031,0.005223274230957031,7.058688163757324,-0.0639115497469902,3,3,cesm|izmi|didi
"M 7.0 - 13 km NNE of Néon Karlovásion, Greece",126.0,6.995625972747803,7.0,-0.004374027252197266,0.004374027252197266,7.058688163757324,-0.06306207180023193,3,3,cesm|izmi|didi
"M 7.0 - 13 km NNE of Néon Karlovásion, Greece",127.0,6.996478080749512,7.0,-0.0035219192504882812,0.0035219192504882812,7.058688163757324,-0.062210097908973694,3,3,cesm|izmi|didi
"M 7.0 - 13 km NNE of Néon Karlovásion, Greece",128.0,6.997330188751221,7.0,-0.002669811248779297,0.002669811248779297,7.058688163757324,-0.06135792285203934,3,3,cesm|izmi|didi
"M 7.0 - 13 km NNE of Néon Karlovásion, Greece",129.0,6.99818229675293,7.0,-0.0018177032470703125,0.0018177032470703125,7.058688163757324,-0.060505811125040054,3,3,cesm|izmi|didi
"M 7.0 - 13 km NNE of Néon Karlovásion, Greece",130.0,6.999035835266113,7.0,-0.0009641647338867188,0.0009641647338867188,7.058688163757324,-0.05965247005224228,3,3,cesm|izmi|didi
"M 7.0 - 13 km NNE of Néon Karlovásion, Greece",131.0,6.9998908042907715,7.0,-0.00010919570922851562,0.00010919570922851562,7.058688163757324,-0.05879734084010124,3,3,cesm|izmi|didi
"M 7.0 - 13 km NNE of Néon Karlovásion, Greece",132.0,7.000746250152588,7.0,0.0007462501525878906,0.0007462501525878906,7.058688163757324,-0.057941798120737076,3,3,cesm|izmi|didi
"M 7.0 - 13 km NNE of Néon Karlovásion, Greece",133.0,7.001599311828613,7.0,0.0015993118286132812,0.0015993118286132812,7.058688163757324,-0.057088617235422134,3,3,cesm|izmi|didi
"M 7.0 - 13 km NNE of Néon Karlovásion, Greece",134.0,7.002448558807373,7.0,0.002448558807373047,0.002448558807373047,7.058688163757324,-0.056239813566207886,3,3,cesm|izmi|didi
"M 7.0 - 13 km NNE of Néon Karlovásion, Greece",135.0,7.003293514251709,7.0,0.0032935142517089844,0.0032935142517089844,7.058688163757324,-0.05539444088935852,3,3,cesm|izmi|didi
"M 7.0 - 13 km NNE of Néon Karlovásion, Greece",136.0,7.0041399002075195,7.0,0.004139900207519531,0.004139900207519531,7.058688163757324,-0.054548464715480804,3,3,cesm|izmi|didi
"M 7.0 - 13 km NNE of Néon Karlovásion, Greece",137.0,7.004990100860596,7.0,0.004990100860595703,0.004990100860595703,7.058688163757324,-0.053697988390922546,3,3,cesm|izmi|didi
"M 7.0 - 13 km NNE of Néon Karlovásion, Greece",138.0,7.005845546722412,7.0,0.005845546722412109,0.005845546722412109,7.058688163757324,-0.05284258350729942,3,3,cesm|izmi|didi
"M 7.0 - 13 km NNE of Néon Karlovásion, Greece",139.0,7.006702899932861,7.0,0.006702899932861328,0.006702899932861328,7.058688163757324,-0.05198505520820618,3,3,cesm|izmi|didi
"M 7.0 - 13 km NNE of Néon Karlovásion, Greece",140.0,7.007559299468994,7.0,0.007559299468994141,0.007559299468994141,7.058688163757324,-0.05112890154123306,3,3,cesm|izmi|didi
"M 7.0 - 13 km NNE of Néon Karlovásion, Greece",141.0,7.0084123611450195,7.0,0.008412361145019531,0.008412361145019531,7.058688163757324,-0.0502760075032711,3,3,cesm|izmi|didi
"M 7.0 - 13 km NNE of Néon Karlovásion, Greece",142.0,7.009262561798096,7.0,0.009262561798095703,0.009262561798095703,7.058688163757324,-0.04942582547664642,3,3,cesm|izmi|didi
"M 7.0 - 13 km NNE of Néon Karlovásion, Greece",143.0,7.0101118087768555,7.0,0.010111808776855469,0.010111808776855469,7.058688163757324,-0.048576220870018005,3,3,cesm|izmi|didi
"M 7.0 - 13 km NNE of Néon Karlovásion, Greece",144.0,7.01096248626709,7.0,0.010962486267089844,0.010962486267089844,7.058688163757324,-0.047725606709718704,3,3,cesm|izmi|didi
"M 7.0 - 13 km NNE of Néon Karlovásion, Greece",145.0,7.013027191162109,7.0,0.013027191162109375,0.013027191162109375,7.059905529022217,-0.0468781441450119,3,3,cesm|izmi|didi
"M 7.0 - 13 km NNE of Néon Karlovásion, Greece",146.0,7.019747257232666,7.0,0.019747257232666016,0.019747257232666016,7.065792560577393,-0.04604535177350044,3,3,cesm|izmi|didi
"M 7.0 - 13 km NNE of Néon Karlovásion, Greece",147.0,7.023100852966309,7.0,0.023100852966308594,0.023100852966308594,7.06830358505249,-0.045202843844890594,3,3,cesm|izmi|didi
"M 7.0 - 13 km NNE of Néon Karlovásion, Greece",148.0,7.023950576782227,7.0,0.023950576782226562,0.023950576782226562,7.06830358505249,-0.04435310512781143,3,3,cesm|izmi|didi
"M 7.0 - 13 km NNE of Néon Karlovásion, Greece",149.0,7.024801731109619,7.0,0.02480173110961914,0.02480173110961914,7.06830358505249,-0.04350189119577408,3,3,cesm|izmi|didi
"M 7.0 - 13 km NNE of Néon Karlovásion, Greece",150.0,7.025655746459961,7.0,0.025655746459960938,0.025655746459960938,7.06830358505249,-0.04264788329601288,3,3,cesm|izmi|didi
"M 7.0 - 13 km NNE of Néon Karlovásion, Greece",151.0,7.027446269989014,7.0,0.027446269989013672,0.027446269989013672,7.069240093231201,-0.04179361090064049,3,3,cesm|izmi|didi
"M 7.0 - 13 km NNE of Néon Karlovásion, Greece",152.0,7.033853530883789,7.0,0.03385353088378906,0.03385353088378906,7.074803352355957,-0.040949683636426926,3,3,cesm|izmi|didi
"M 7.0 - 13 km NNE of Néon Karlovásion, Greece",153.0,7.039361476898193,7.0,0.03936147689819336,0.03936147689819336,7.079464435577393,-0.040102940052747726,3,3,cesm|izmi|didi
"M 7.0 - 13 km NNE of Néon Karlovásion, Greece",154.0,7.0438008308410645,7.0,0.04380083084106445,0.04380083084106445,7.083054542541504,-0.03925388306379318,3,3,cesm|izmi|didi
"M 7.0 - 13 km NNE of Néon Karlovásion, Greece",155.0,7.04779577255249,7.0,0.047795772552490234,0.047795772552490234,7.086199760437012,-0.038403887301683426,3,3,cesm|izmi|didi
"M 7.0 - 13 km NNE of Néon Karlovásion, Greece",156.0,7.050778865814209,7.0,0.050778865814208984,0.050778865814208984,7.088330268859863,-0.03755142539739609,3,3,cesm|izmi|didi
"M 7.0 - 13 km NNE of Néon Karlovásion, Greece",157.0,7.052413463592529,7.0,0.0524134635925293,0.0524134635925293,7.089109420776367,-0.03669615834951401,3,3,cesm|izmi|didi
"M 7.0 - 13 km NNE of Néon Karlovásion, Greece",158.0,7.053269386291504,7.0,0.053269386291503906,0.053269386291503906,7.089109420776367,-0.035840243101119995,3,3,cesm|izmi|didi
"M 7.0 - 13 km NNE of Néon Karlovásion, Greece",159.0,7.054123401641846,7.0,0.0541234016418457,0.0541234016418457,7.089109420776367,-0.03498594090342522,3,3,cesm|izmi|didi
"M 7.0 - 13 km NNE of Néon Karlovásion, Greece",160.0,7.054976463317871,7.0,0.054976463317871094,0.054976463317871094,7.089109420776367,-0.03413285315036774,3,3,cesm|izmi|didi
"M 7.0 - 13 km NNE of Néon Karlovásion, Greece",161.0,7.055830001831055,7.0,0.05583000183105469,0.05583000183105469,7.089109420776367,-0.03327953815460205,3,3,cesm|izmi|didi
"M 7.0 - 13 km NNE of Néon Karlovásion, Greece",162.0,7.056684970855713,7.0,0.05668497085571289,0.05668497085571289,7.089109420776367,-0.03242454305291176,3,3,cesm|izmi|didi
"M 7.0 - 13 km NNE of Néon Karlovásion, Greece",163.0,7.057541847229004,7.0,0.057541847229003906,0.057541847229003906,7.089109420776367,-0.031567562371492386,3,3,cesm|izmi|didi
"M 7.0 - 13 km NNE of Néon Karlovásion, Greece",164.0,7.058399677276611,7.0,0.05839967727661133,0.05839967727661133,7.089109420776367,-0.03070973791182041,3,3,cesm|izmi|didi
"M 7.0 - 13 km NNE of Néon Karlovásion, Greece",165.0,7.059256553649902,7.0,0.059256553649902344,0.059256553649902344,7.089109420776367,-0.029852747917175293,3,3,cesm|izmi|didi
"M 7.0 - 13 km NNE of Néon Karlovásion, Greece",166.0,7.0601115226745605,7.0,0.06011152267456055,0.06011152267456055,7.089109420776367,-0.02899768017232418,3,3,cesm|izmi|didi
"M 7.0 - 13 km NNE of Néon Karlovásion, Greece",167.0,7.060965061187744,7.0,0.06096506118774414,0.06096506118774414,7.089109420776367,-0.028144365176558495,3,3,cesm|izmi|didi
"M 7.0 - 13 km NNE of Néon Karlovásion, Greece",168.0,7.061817646026611,7.0,0.06181764602661133,0.06181764602661133,7.089109420776367,-0.02729164995253086,3,3,cesm|izmi|didi
"M 7.0 - 13 km NNE of Néon Karlovásion, Greece",169.0,7.062671184539795,7.0,0.06267118453979492,0.06267118453979492,7.089109420776367,-0.02643827721476555,3,3,cesm|izmi|didi
"M 7.0 - 13 km NNE of Néon Karlovásion, Greece",170.0,7.063525676727295,7.0,0.06352567672729492,0.06352567672729492,7.089109420776367,-0.025583934038877487,3,3,cesm|izmi|didi
"M 7.0 - 13 km NNE of Néon Karlovásion, Greece",171.0,7.064380168914795,7.0,0.06438016891479492,0.06438016891479492,7.089109420776367,-0.024729138240218163,3,3,cesm|izmi|didi
"M 7.0 - 13 km NNE of Néon Karlovásion, Greece",172.0,7.065234661102295,7.0,0.06523466110229492,0.06523466110229492,7.089109420776367,-0.02387453056871891,3,3,cesm|izmi|didi
"M 7.0 - 13 km NNE of Néon Karlovásion, Greece",173.0,7.066089153289795,7.0,0.06608915328979492,0.06608915328979492,7.089109420776367,-0.023020243272185326,3,3,cesm|izmi|didi
"M 7.0 - 13 km NNE of Néon Karlovásion, Greece",174.0,7.066943168640137,7.0,0.06694316864013672,0.06694316864013672,7.089109420776367,-0.022166039794683456,3,3,cesm|izmi|didi
"M 7.0 - 13 km NNE of Néon Karlovásion, Greece",175.0,7.067797660827637,7.0,0.06779766082763672,0.06779766082763672,7.089109420776367,-0.021311691030859947,3,3,cesm|izmi|didi
"M 7.0 - 13 km NNE of Néon Karlovásion, Greece",176.0,7.068652153015137,7.0,0.06865215301513672,0.06865215301513672,7.089109420776367,-0.020457250997424126,3,3,cesm|izmi|didi
"M 7.0 - 13 km NNE of Néon Karlovásion, Greece",177.0,7.0695061683654785,7.0,0.06950616836547852,0.06950616836547852,7.089109420776367,-0.019603151828050613,3,3,cesm|izmi|didi
"M 7.0 - 13 km NNE of Néon Karlovásion, Greece",178.0,7.070359706878662,7.0,0.07035970687866211,0.07035970687866211,7.089109420776367,-0.018749680370092392,3,3,cesm|izmi|didi
"M 7.0 - 13 km NNE of Néon Karlovásion, Greece",179.0,7.0712127685546875,7.0,0.0712127685546875,0.0712127685546875,7.089109420776367,-0.017896628007292747,3,3,cesm|izmi|didi
"M 7.0 - 13 km NNE of Néon Karlovásion, Greece",180.0,7.072065830230713,7.0,0.07206583023071289,0.07206583023071289,7.089109420776367,-0.017043517902493477,3,3,cesm|izmi|didi
"M 7.0 - 13 km NNE of Néon Karlovásion, Greece",181.0,7.0729193687438965,7.0,0.07291936874389648,0.07291936874389648,7.089109420776367,-0.0161899346858263,3,3,cesm|izmi|didi
"M 7.0 - 13 km NNE of Néon Karlovásion, Greece",182.0,7.073773384094238,7.0,0.07377338409423828,0.07377338409423828,7.089109420776367,-0.015335879288613796,3,3,cesm|izmi|didi
"M 7.0 - 13 km NNE of Néon Karlovásion, Greece",183.0,7.074627876281738,7.0,0.07462787628173828,0.07462787628173828,7.089109420776367,-0.014481774531304836,3,3,cesm|izmi|didi
"M 7.0 - 13 km NNE of Néon Karlovásion, Greece",184.0,7.075481414794922,7.0,0.07548141479492188,0.07548141479492188,7.089109420776367,-0.013628079555928707,3,3,cesm|izmi|didi
"M 7.0 - 13 km NNE of Néon Karlovásion, Greece",185.0,7.076334476470947,7.0,0.07633447647094727,0.07633447647094727,7.089109420776367,-0.012774970382452011,3,3,cesm|izmi|didi
"M 7.0 - 13 km NNE of Néon Karlovásion, Greece",186.0,7.0771870613098145,7.0,0.07718706130981445,0.07718706130981445,7.089109420776367,-0.011922265402972698,3,3,cesm|izmi|didi
"M 7.0 - 13 km NNE of Néon Karlovásion, Greece",187.0,7.078039646148682,7.0,0.07803964614868164,0.07803964614868164,7.089109420776367,-0.01106970850378275,3,3,cesm|izmi|didi
"M 7.0 - 13 km NNE of Néon Karlovásion, Greece",188.0,7.078892230987549,7.0,0.07889223098754883,0.07889223098754883,7.089109420776367,-0.010217277333140373,3,3,cesm|izmi|didi
"M 7.0 - 13 km NNE of Néon Karlovásion, Greece",189.0,7.079744338989258,7.0,0.07974433898925781,0.07974433898925781,7.089109420776367,-0.009365195408463478,3,3,cesm|izmi|didi
"M 7.0 - 13 km NNE of Néon Karlovásion, Greece",190.0,7.08059549331665,7.0,0.08059549331665039,0.08059549331665039,7.089109420776367,-0.008513690903782845,3,3,cesm|izmi|didi
"M 7.0 - 13 km NNE of Néon Karlovásion, Greece",191.0,7.081446647644043,7.0,0.08144664764404297,0.08144664764404297,7.089109420776367,-0.007662729360163212,3,3,cesm|izmi|didi
"M 7.0 - 13 km NNE of Néon Karlovásion, Greece",192.0,7.082297325134277,7.0,0.08229732513427734,0.08229732513427734,7.089109420776367,-0.006811964325606823,3,3,cesm|izmi|didi
"M 7.0 - 13 km NNE of Néon Karlovásion, Greece",193.0,7.08314847946167,7.0,0.08314847946166992,0.08314847946166992,7.089109420776367,-0.005960958078503609,3,3,cesm|izmi|didi
"M 7.0 - 13 km NNE of Néon Karlovásion, Greece",194.0,7.084000110626221,7.0,0.0840001106262207,0.0840001106262207,7.089109420776367,-0.0051094843074679375,3,3,cesm|izmi|didi
"M 7.0 - 13 km NNE of Néon Karlovásion, Greece",195.0,7.0848517417907715,7.0,0.08485174179077148,0.08485174179077148,7.089109420776367,-0.004257684573531151,3,3,cesm|izmi|didi
"M 7.0 - 13 km NNE of Néon Karlovásion, Greece",196.0,7.085703372955322,7.0,0.08570337295532227,0.08570337295532227,7.089109420776367,-0.0034058333840221167,3,3,cesm|izmi|didi
"M 7.0 - 13 km NNE of Néon Karlovásion, Greece",197.0,7.086555480957031,7.0,0.08655548095703125,0.08655548095703125,7.089109420776367,-0.0025541381910443306,3,3,cesm|izmi|didi
"M 7.0 - 13 km NNE of Néon Karlovásion, Greece",198.0,7.087406635284424,7.0,0.08740663528442383,0.08740663528442383,7.089109420776367,-0.0017026358982548118,3,3,cesm|izmi|didi
"M 7.0 - 13 km NNE of Néon Karlovásion, Greece",199.0,7.088258266448975,7.0,0.08825826644897461,0.08825826644897461,7.089109420776367,-0.0008512696367688477,3,3,cesm|izmi|didi
"M 7.0 - 13 km NNE of Néon Karlovásion, Greece",200.0,7.089109420776367,7.0,0.08910942077636719,0.08910942077636719,7.089109420776367,-0.0,3,3,cesm|izmi|didi
"M 7.3 - 2025 Sand Point, Alaska Earthquake",12.0,6.40570068359375,7.3,-0.8942993164062498,0.8942993164062498,6.2425537109375,0.1631470024585724,2,2,AC12.GNSS|AC28.GNSS
"M 7.3 - 2025 Sand Point, Alaska Earthquake",13.0,6.404512882232666,7.3,-0.8954871177673338,0.8954871177673338,6.2425537109375,0.16195914149284363,2,2,AC12.GNSS|AC28.GNSS
"M 7.3 - 2025 Sand Point, Alaska Earthquake",14.0,6.3381266593933105,7.3,-0.9618733406066893,0.9618733406066893,6.176558971405029,0.16156786680221558,3,3,AC12.GNSS|AC28.GNSS|AB07.GNSS
"M 7.3 - 2025 Sand Point, Alaska Earthquake",15.0,6.365012168884277,7.3,-0.9349878311157225,0.9349878311157225,6.204789638519287,0.16022241115570068,3,3,AC12.GNSS|AC28.GNSS|AB07.GNSS
"M 7.3 - 2025 Sand Point, Alaska Earthquake",16.0,6.325296878814697,7.3,-0.9747031211853026,0.9747031211853026,6.164996147155762,0.16030050814151764,4,4,AC12.GNSS|AC28.GNSS|AB07.GNSS|AC25.GNSS
"M 7.3 - 2025 Sand Point, Alaska Earthquake",17.0,6.285242557525635,7.3,-1.014757442474365,1.014757442474365,6.125417709350586,0.1598248928785324,5,5,AC12.GNSS|AC28.GNSS|AB07.GNSS|AC42.GNSS|AC25.GNSS
"M 7.3 - 2025 Sand Point, Alaska Earthquake",18.0,6.291763782501221,7.3,-1.0082362174987791,1.0082362174987791,6.132992744445801,0.15877097845077515,5,5,AC12.GNSS|AC28.GNSS|AB07.GNSS|AC25.GNSS|AC42.GNSS
"M 7.3 - 2025 Sand Point, Alaska Earthquake",19.0,6.305549621582031,7.3,-0.9944503784179686,0.9944503784179686,6.1477813720703125,0.1577681601047516,5,5,AC12.GNSS|AC28.GNSS|AC25.GNSS|AB07.GNSS|AC42.GNSS
"M 7.3 - 2025 Sand Point, Alaska Earthquake",20.0,6.314981937408447,7.3,-0.9850180625915526,0.9850180625915526,6.158141136169434,0.1568407267332077,5,5,AC12.GNSS|AC25.GNSS|AC28.GNSS|AB07.GNSS|AC42.GNSS
"M 7.3 - 2025 Sand Point, Alaska Earthquake",21.0,6.3313069343566895,7.3,-0.9686930656433104,0.9686930656433104,6.175390243530273,0.15591679513454437,5,5,AC12.GNSS|AC25.GNSS|AC28.GNSS|AB07.GNSS|AC42.GNSS
"M 7.3 - 2025 Sand Point, Alaska Earthquake",22.0,6.347214698791504,7.3,-0.9527853012084959,0.9527853012084959,6.19224214553833,0.15497258305549622,5,5,AC12.GNSS|AC25.GNSS|AC28.GNSS|AB07.GNSS|AC42.GNSS
"M 7.3 - 2025 Sand Point, Alaska Earthquake",23.0,6.34626579284668,7.3,-0.9537342071533201,0.9537342071533201,6.19224214553833,0.15402357280254364,5,5,AC12.GNSS|AC25.GNSS|AC28.GNSS|AB07.GNSS|AC42.GNSS
"M 7.3 - 2025 Sand Point, Alaska Earthquake",24.0,6.345332622528076,7.3,-0.9546673774719237,0.9546673774719237,6.19224214553833,0.15309031307697296,5,5,AC12.GNSS|AC25.GNSS|AC28.GNSS|AB07.GNSS|AC42.GNSS
"M 7.3 - 2025 Sand Point, Alaska Earthquake",25.0,6.3444013595581055,7.3,-0.9555986404418944,0.9555986404418944,6.19224214553833,0.15215905010700226,5,5,AC12.GNSS|AC25.GNSS|AC28.GNSS|AB07.GNSS|AC42.GNSS
"M 7.3 - 2025 Sand Point, Alaska Earthquake",26.0,6.47335147857666,7.3,-0.8266485214233397,0.8266485214233397,6.3248291015625,0.14852240681648254,6,5,AC12.GNSS|AC25.GNSS|AC21.GNSS|AC28.GNSS|AB07.GNSS
"M 7.3 - 2025 Sand Point, Alaska Earthquake",27.0,6.472117900848389,7.3,-0.8278820991516112,0.8278820991516112,6.3248291015625,0.14728878438472748,6,5,AC12.GNSS|AC25.GNSS|AC21.GNSS|AC28.GNSS|AB07.GNSS
"M 7.3 - 2025 Sand Point, Alaska Earthquake",28.0,6.47084379196167,7.3,-0.8291562080383299,0.8291562080383299,6.3248291015625,0.1460147649049759,6,5,AC12.GNSS|AC25.GNSS|AC21.GNSS|AC28.GNSS|AB07.GNSS
"M 7.3 - 2025 Sand Point, Alaska Earthquake",29.0,6.483010292053223,7.3,-0.8169897079467772,0.8169897079467772,6.338522911071777,0.14448726177215576,6,5,AC12.GNSS|AC25.GNSS|AB07.GNSS|AC21.GNSS|AC28.GNSS
"M 7.3 - 2025 Sand Point, Alaska Earthquake",30.0,6.509274005889893,7.3,-0.7907259941101072,0.7907259941101072,6.366547584533691,0.14272649586200714,6,5,AB07.GNSS|AC12.GNSS|AC25.GNSS|AC21.GNSS|AC28.GNSS
"M 7.3 - 2025 Sand Point, Alaska Earthquake",31.0,6.508298397064209,7.3,-0.7917016029357908,0.7917016029357908,6.366547584533691,0.14175061881542206,6,5,AB07.GNSS|AC12.GNSS|AC25.GNSS|AC21.GNSS|AC28.GNSS
"M 7.3 - 2025 Sand Point, Alaska Earthquake",32.0,6.507454872131348,7.3,-0.7925451278686522,0.7925451278686522,6.366547584533691,0.14090721309185028,6,5,AB07.GNSS|AC12.GNSS|AC25.GNSS|AC21.GNSS|AC28.GNSS
"M 7.3 - 2025 Sand Point, Alaska Earthquake",33.0,6.506694793701172,7.3,-0.793305206298828,0.793305206298828,6.366547584533691,0.14014704525470734,6,5,AB07.GNSS|AC12.GNSS|AC25.GNSS|AC21.GNSS|AC28.GNSS
"M 7.3 - 2025 Sand Point, Alaska Earthquake",34.0,6.505928993225098,7.3,-0.7940710067749022,0.7940710067749022,6.366547584533691,0.13938136398792267,6,5,AB07.GNSS|AC12.GNSS|AC25.GNSS|AC21.GNSS|AC28.GNSS
"M 7.3 - 2025 Sand Point, Alaska Earthquake",35.0,6.505092620849609,7.3,-0.7949073791503904,0.7949073791503904,6.366547584533691,0.13854525983333588,6,5,AB07.GNSS|AC12.GNSS|AC25.GNSS|AC21.GNSS|AC28.GNSS
"M 7.3 - 2025 Sand Point, Alaska Earthquake",36.0,6.504284381866455,7.3,-0.7957156181335447,0.7957156181335447,6.366547584533691,0.13773679733276367,6,5,AB07.GNSS|AC12.GNSS|AC25.GNSS|AC21.GNSS|AC28.GNSS
"M 7.3 - 2025 Sand Point, Alaska Earthquake",37.0,6.503469944000244,7.3,-0.7965300559997557,0.7965300559997557,6.366547584533691,0.13692216575145721,6,5,AB07.GNSS|AC12.GNSS|AC25.GNSS|AC21.GNSS|AC28.GNSS
"M 7.3 - 2025 Sand Point, Alaska Earthquake",38.0,6.5027756690979,7.3,-0.7972243309020994,0.7972243309020994,6.366547584533691,0.13622801005840302,6,5,AB07.GNSS|AC12.GNSS|AC25.GNSS|AC21.GNSS|AC28.GNSS
"M 7.3 - 2025 Sand Point, Alaska Earthquake",39.0,6.52548885345459,7.3,-0.77451114654541,0.77451114654541,6.389919281005859,0.13556964695453644,6,5,AC12.GNSS|AB07.GNSS|AC25.GNSS|AC21.GNSS|AC28.GNSS
"M 7.3 - 2025 Sand Point, Alaska Earthquake",40.0,6.5655717849731445,7.3,-0.7344282150268553,0.7344282150268553,6.430358409881592,0.13521325588226318,6,5,AC12.GNSS|AB07.GNSS|AC21.GNSS|AC28.GNSS|AC25.GNSS
"M 7.3 - 2025 Sand Point, Alaska Earthquake",41.0,6.622642993927002,7.3,-0.6773570060729979,0.6773570060729979,6.488333225250244,0.13430999219417572,6,5,AC12.GNSS|AC28.GNSS|AC21.GNSS|AB07.GNSS|AC25.GNSS
"M 7.3 - 2025 Sand Point, Alaska Earthquake",42.0,6.683619022369385,7.3,-0.6163809776306151,0.6163809776306151,6.551001071929932,0.13261795043945312,6,5,AC12.GNSS|AC28.GNSS|AC21.GNSS|AB07.GNSS|AC25.GNSS
"M 7.3 - 2025 Sand Point, Alaska Earthquake",43.0,6.713780879974365,7.3,-0.5862191200256346,0.5862191200256346,6.582322597503662,0.13145823776721954,6,5,AC12.GNSS|AC28.GNSS|AC21.GNSS|AB07.GNSS|AC25.GNSS
"M 7.3 - 2025 Sand Point, Alaska Earthquake",44.0,6.727636814117432,7.3,-0.5723631858825682,0.5723631858825682,6.597095489501953,0.1305413544178009,6,5,AC12.GNSS|AC28.GNSS|AC21.GNSS|AB07.GNSS|AC25.GNSS
"M 7.3 - 2025 Sand Point, Alaska Earthquake",45.0,6.7418437004089355,7.3,-0.5581562995910643,0.5581562995910643,6.608465194702148,0.13337869942188263,6,5,AC12.GNSS|AC28.GNSS|AC21.GNSS|AB07.GNSS|AC42.GNSS
"M 7.3 - 2025 Sand Point, Alaska Earthquake",46.0,6.760261535644531,7.3,-0.5397384643554686,0.5397384643554686,6.627840995788574,0.13242046535015106,6,5,AC12.GNSS|AC28.GNSS|AC21.GNSS|AB07.GNSS|AC42.GNSS
"M 7.3 - 2025 Sand Point, Alaska Earthquake",47.0,6.783146381378174,7.3,-0.516853618621826,0.516853618621826,6.651838779449463,0.13130778074264526,6,5,AC12.GNSS|AC28.GNSS|AC21.GNSS|AB07.GNSS|AC42.GNSS
"M 7.3 - 2025 Sand Point, Alaska Earthquake",48.0,6.901646614074707,7.3,-0.3983533859252928,0.3983533859252928,6.777857303619385,0.12378948926925659,7,5,AC12.GNSS|AC28.GNSS|AV09.GNSS|AC21.GNSS|AB07.GNSS
"M 7.3 - 2025 Sand Point, Alaska Earthquake",49.0,6.921111583709717,7.3,-0.378888416290283,0.378888416290283,6.7997941970825195,0.12131752818822861,7,5,AC12.GNSS|AC28.GNSS|AC21.GNSS|AV09.GNSS|AB07.GNSS
"M 7.3 - 2025 Sand Point, Alaska Earthquake",50.0,6.943195343017578,7.3,-0.3568046569824217,0.3568046569824217,6.8233184814453125,0.11987695842981339,7,5,AC12.GNSS|AC28.GNSS|AC21.GNSS|AV09.GNSS|AB07.GNSS
"M 7.3 - 2025 Sand Point, Alaska Earthquake",51.0,6.986402988433838,7.3,-0.31359701156616193,0.31359701156616193,6.867496013641357,0.11890707165002823,7,5,AC12.GNSS|AC28.GNSS|AC21.GNSS|AV09.GNSS|AB07.GNSS
"M 7.3 - 2025 Sand Point, Alaska Earthquake",52.0,7.2577080726623535,7.3,-0.04229192733764631,0.04229192733764631,7.1379194259643555,0.11978869140148163,8,5,AC12.GNSS|AC28.GNSS|AC21.GNSS|AC52.GNSS|AV09.GNSS
"M 7.3 - 2025 Sand Point, Alaska Earthquake",53.0,7.286569118499756,7.3,-0.013430881500243963,0.013430881500243963,7.168411731719971,0.11815759539604187,8,5,AC12.GNSS|AC28.GNSS|AC21.GNSS|AC52.GNSS|AV09.GNSS
"M 7.3 - 2025 Sand Point, Alaska Earthquake",54.0,7.295655250549316,7.3,-0.004344749450683416,0.004344749450683416,7.179299354553223,0.11635609716176987,8,5,AC12.GNSS|AC28.GNSS|AC21.GNSS|AC52.GNSS|AV09.GNSS
"M 7.3 - 2025 Sand Point, Alaska Earthquake",55.0,7.302189350128174,7.3,0.0021893501281740058,0.0021893501281740058,7.1872406005859375,0.11494870483875275,8,5,AC12.GNSS|AC28.GNSS|AC21.GNSS|AC52.GNSS|AV09.GNSS
"M 7.3 - 2025 Sand Point, Alaska Earthquake",56.0,7.315062046051025,7.3,0.015062046051025568,0.015062046051025568,7.2012858390808105,0.11377641558647156,8,5,AC12.GNSS|AC28.GNSS|AC21.GNSS|AC52.GNSS|AV09.GNSS
"M 7.3 - 2025 Sand Point, Alaska Earthquake",57.0,7.3313889503479,7.3,0.03138895034790057,0.03138895034790057,7.219117164611816,0.11227168142795563,8,5,AC12.GNSS|AC28.GNSS|AC21.GNSS|AC52.GNSS|AV09.GNSS
"M 7.3 - 2025 Sand Point, Alaska Earthquake",58.0,7.33804988861084,7.3,0.03804988861084002,0.03804988861084002,7.226963996887207,0.11108573526144028,8,5,AC12.GNSS|AC28.GNSS|AC21.GNSS|AC52.GNSS|AV09.GNSS
"M 7.3 - 2025 Sand Point, Alaska Earthquake",59.0,7.338343143463135,7.3,0.03834314346313494,0.03834314346313494,7.228438377380371,0.10990485548973083,8,5,AC12.GNSS|AC28.GNSS|AC21.GNSS|AC52.GNSS|AV09.GNSS
"M 7.3 - 2025 Sand Point, Alaska Earthquake",60.0,7.337186336517334,7.3,0.03718633651733416,0.03718633651733416,7.228438377380371,0.10874789208173752,8,5,AC12.GNSS|AC28.GNSS|AC21.GNSS|AC52.GNSS|AV09.GNSS
"M 7.3 - 2025 Sand Point, Alaska Earthquake",61.0,7.335819244384766,7.3,0.0358192443847658,0.0358192443847658,7.228438377380371,0.10738110542297363,9,5,AC12.GNSS|AC28.GNSS|AC21.GNSS|AC52.GNSS|AV09.GNSS
"M 7.3 - 2025 Sand Point, Alaska Earthquake",62.0,7.198611259460449,7.3,-0.1013887405395506,0.1013887405395506,7.107635021209717,0.09097647666931152,9,5,AC12.GNSS|AC28.GNSS|AC21.GNSS|AB07.GNSS|AC52.GNSS
"M 7.3 - 2025 Sand Point, Alaska Earthquake",63.0,7.207270622253418,7.3,-0.09272937774658185,0.09272937774658185,7.118192195892334,0.08907826989889145,9,5,AC12.GNSS|AC28.GNSS|AC21.GNSS|AB07.GNSS|AC52.GNSS
"M 7.3 - 2025 Sand Point, Alaska Earthquake",64.0,7.241122722625732,7.3,-0.0588772773742674,0.0588772773742674,7.155388355255127,0.08573445677757263,10,5,AC12.GNSS|AC28.GNSS|AB07.GNSS|AC21.GNSS|AC02.GNSS
"M 7.3 - 2025 Sand Point, Alaska Earthquake",65.0,7.246428489685059,7.3,-0.05357151031494123,0.05357151031494123,7.163007736206055,0.08342059701681137,10,5,AC12.GNSS|AC28.GNSS|AB07.GNSS|AC21.GNSS|AC02.GNSS
"M 7.3 - 2025 Sand Point, Alaska Earthquake",66.0,7.248891353607178,7.3,-0.05110864639282209,0.05110864639282209,7.1675238609313965,0.081367626786232,10,5,AC12.GNSS|AC28.GNSS|AB07.GNSS|AC21.GNSS|AC02.GNSS
"M 7.3 - 2025 Sand Point, Alaska Earthquake",67.0,7.247366428375244,7.3,-0.05263357162475568,0.05263357162475568,7.1675238609313965,0.07984235882759094,10,5,AC12.GNSS|AC28.GNSS|AB07.GNSS|AC21.GNSS|AC02.GNSS
"M 7.3 - 2025 Sand Point, Alaska Earthquake",68.0,7.245320796966553,7.3,-0.05467920303344709,0.05467920303344709,7.1675238609313965,0.07779670506715775,11,5,AC12.GNSS|AC28.GNSS|AB07.GNSS|AC21.GNSS|AC02.GNSS
"M 7.3 - 2025 Sand Point, Alaska Earthquake",69.0,7.252154350280762,7.3,-0.047845649719238104,0.047845649719238104,7.173400402069092,0.0787540152668953,12,5,AC12.GNSS|AC28.GNSS|AB07.GNSS|AC21.GNSS|AC24.GNSS
"M 7.3 - 2025 Sand Point, Alaska Earthquake",70.0,7.2511305809021,7.3,-0.04886941909790021,0.04886941909790021,7.173974514007568,0.07715621590614319,12,5,AC12.GNSS|AC28.GNSS|AB07.GNSS|AC21.GNSS|AC24.GNSS
"M 7.3 - 2025 Sand Point, Alaska Earthquake",71.0,7.257622718811035,7.3,-0.042377281188964666,0.042377281188964666,7.18391227722168,0.07371024787425995,13,5,AC12.GNSS|AC28.GNSS|AB07.GNSS|AC21.GNSS|AC24.GNSS
"M 7.3 - 2025 Sand Point, Alaska Earthquake",72.0,7.2725090980529785,7.3,-0.027490901947021307,0.027490901947021307,7.203232765197754,0.06927614659070969,13,5,AC12.GNSS|AC28.GNSS|AB07.GNSS|AC21.GNSS|AC24.GNSS
"M 7.3 - 2025 Sand Point, Alaska Earthquake",73.0,7.286721706390381,7.3,-0.013278293609618963,0.013278293609618963,7.22079610824585,0.06592576205730438,13,5,AC12.GNSS|AC28.GNSS|AC21.GNSS|AB07.GNSS|AV09.GNSS
"M 7.3 - 2025 Sand Point, Alaska Earthquake",74.0,7.292623519897461,7.3,-0.007376480102538885,0.007376480102538885,7.229444980621338,0.0631784126162529,13,5,AC12.GNSS|AC28.GNSS|AC21.GNSS|AB07.GNSS|AV09.GNSS
"M 7.3 - 2025 Sand Point, Alaska Earthquake",75.0,7.291143894195557,7.3,-0.008856105804443182,0.008856105804443182,7.229444980621338,0.06169888749718666,13,5,AC12.GNSS|AC28.GNSS|AC21.GNSS|AB07.GNSS|AV09.GNSS
"M 7.3 - 2025 Sand Point, Alaska Earthquake",76.0,7.28960657119751,7.3,-0.010393428802490057,0.010393428802490057,7.229444980621338,0.06016158685088158,14,5,AC12.GNSS|AC28.GNSS|AC21.GNSS|AB07.GNSS|AV09.GNSS
"M 7.3 - 2025 Sand Point, Alaska Earthquake",77.0,7.288508892059326,7.3,-0.01149110794067365,0.01149110794067365,7.229444980621338,0.05906413495540619,14,5,AC12.GNSS|AC28.GNSS|AC21.GNSS|AB07.GNSS|AV09.GNSS
"M 7.3 - 2025 Sand Point, Alaska Earthquake",78.0,7.287440776824951,7.3,-0.01255922317504865,0.01255922317504865,7.229444980621338,0.05799563229084015,14,5,AC12.GNSS|AC28.GNSS|AC21.GNSS|AB07.GNSS|AV09.GNSS
"M 7.3 - 2025 Sand Point, Alaska Earthquake",79.0,7.2865705490112305,7.3,-0.013429450988769354,0.013429450988769354,7.229444980621338,0.05712556466460228,14,5,AC12.GNSS|AC28.GNSS|AC21.GNSS|AB07.GNSS|AV09.GNSS
"M 7.3 - 2025 Sand Point, Alaska Earthquake",80.0,7.286128044128418,7.3,-0.013871955871581854,0.013871955871581854,7.229444980621338,0.0566830188035965,14,5,AC12.GNSS|AC28.GNSS|AC21.GNSS|AB07.GNSS|AV09.GNSS
"M 7.3 - 2025 Sand Point, Alaska Earthquake",81.0,7.286170482635498,7.3,-0.013829517364501775,0.013829517364501775,7.229444980621338,0.05672566592693329,14,5,AC12.GNSS|AC28.GNSS|AC21.GNSS|AB07.GNSS|AV09.GNSS
"M 7.3 - 2025 Sand Point, Alaska Earthquake",82.0,7.323335647583008,7.3,0.02333564758300799,0.02333564758300799,7.266788482666016,0.05654739961028099,15,5,AC12.GNSS|AC28.GNSS|AC21.GNSS|AB07.GNSS|AC67.GNSS
"M 7.3 - 2025 Sand Point, Alaska Earthquake",83.0,7.323585510253906,7.3,0.023585510253906428,0.023585510253906428,7.266788482666016,0.05679719150066376,15,5,AC12.GNSS|AC28.GNSS|AC21.GNSS|AB07.GNSS|AC67.GNSS
"M 7.3 - 2025 Sand Point, Alaska Earthquake",84.0,7.3232855796813965,7.3,0.023285579681396662,0.023285579681396662,7.266788482666016,0.05649711564183235,16,5,AC12.GNSS|AC28.GNSS|AC21.GNSS|AB07.GNSS|AC67.GNSS
"M 7.3 - 2025 Sand Point, Alaska Earthquake",85.0,7.322798252105713,7.3,0.022798252105713068,0.022798252105713068,7.266788482666016,0.05600954592227936,17,5,AC12.GNSS|AC28.GNSS|AC21.GNSS|AB07.GNSS|AC67.GNSS
"M 7.3 - 2025 Sand Point, Alaska Earthquake",86.0,7.322332859039307,7.3,0.022332859039306818,0.022332859039306818,7.266788482666016,0.05554436892271042,18,5,AC12.GNSS|AC28.GNSS|AC21.GNSS|AB07.GNSS|AC67.GNSS
"M 7.3 - 2025 Sand Point, Alaska Earthquake",87.0,7.322218894958496,7.3,0.02221889495849627,0.02221889495849627,7.266788482666016,0.055430252104997635,18,5,AC12.GNSS|AC28.GNSS|AC21.GNSS|AB07.GNSS|AC67.GNSS
"M 7.3 - 2025 Sand Point, Alaska Earthquake",88.0,7.2775349617004395,7.3,-0.02246503829956037,0.02246503829956037,7.229444980621338,0.04809005185961723,18,5,AC12.GNSS|AC28.GNSS|AC21.GNSS|AB07.GNSS|AC25.GNSS
"M 7.3 - 2025 Sand Point, Alaska Earthquake",89.0,7.276840686798096,7.3,-0.02315931320190412,0.02315931320190412,7.229444980621338,0.0473954938352108,19,5,AC12.GNSS|AC28.GNSS|AC21.GNSS|AB07.GNSS|AC25.GNSS
"M 7.3 - 2025 Sand Point, Alaska Earthquake",90.0,7.348076343536377,7.3,0.04807634353637713,0.04807634353637713,7.301619052886963,0.046457402408123016,24,5,AC12.GNSS|AC28.GNSS|AC21.GNSS|AB07.GNSS|AV20.GNSS
"M 7.3 - 2025 Sand Point, Alaska Earthquake",91.0,7.3469696044921875,7.3,0.04696960449218768,0.04696960449218768,7.301619052886963,0.045350465923547745,28,5,AC12.GNSS|AC28.GNSS|AC21.GNSS|AB07.GNSS|AV20.GNSS
"M 7.3 - 2025 Sand Point, Alaska Earthquake",92.0,7.346190452575684,7.3,0.04619045257568377,0.04619045257568377,7.301619052886963,0.04457150027155876,30,5,AC12.GNSS|AC28.GNSS|AC21.GNSS|AB07.GNSS|AV20.GNSS
"M 7.3 - 2025 Sand Point, Alaska Earthquake",93.0,7.345833778381348,7.3,0.045833778381347834,0.045833778381347834,7.301619052886963,0.04421471431851387,30,5,AC12.GNSS|AC28.GNSS|AC21.GNSS|AB07.GNSS|AV20.GNSS
"M 7.3 - 2025 Sand Point, Alaska Earthquake",94.0,7.345489501953125,7.3,0.04548950195312518,0.04548950195312518,7.301619052886963,0.043870460242033005,32,5,AC12.GNSS|AC28.GNSS|AC21.GNSS|AB07.GNSS|AV20.GNSS
"M 7.3 - 2025 Sand Point, Alaska Earthquake",95.0,7.345468997955322,7.3,0.04546899795532244,0.04546899795532244,7.301619052886963,0.04384995251893997,32,5,AC12.GNSS|AC28.GNSS|AC21.GNSS|AB07.GNSS|AV20.GNSS
"M 7.3 - 2025 Sand Point, Alaska Earthquake",96.0,7.345349311828613,7.3,0.04534931182861346,0.04534931182861346,7.301619052886963,0.0437302365899086,32,5,AC12.GNSS|AC28.GNSS|AC21.GNSS|AB07.GNSS|AV20.GNSS
"M 7.3 - 2025 Sand Point, Alaska Earthquake",97.0,7.34505558013916,7.3,0.045055580139160334,0.045055580139160334,7.301619052886963,0.043436449021101,32,5,AC12.GNSS|AC28.GNSS|AC21.GNSS|AB07.GNSS|AV20.GNSS
"M 7.3 - 2025 Sand Point, Alaska Earthquake",98.0,7.344709873199463,7.3,0.04470987319946307,0.04470987319946307,7.301619052886963,0.043090954422950745,32,5,AC12.GNSS|AC28.GNSS|AC21.GNSS|AB07.GNSS|AV20.GNSS
"M 7.3 - 2025 Sand Point, Alaska Earthquake",99.0,7.344478130340576,7.3,0.04447813034057635,0.04447813034057635,7.301619052886963,0.042858924716711044,32,5,AC12.GNSS|AC28.GNSS|AC21.GNSS|AB07.GNSS|AV20.GNSS
"M 7.3 - 2025 Sand Point, Alaska Earthquake",100.0,7.344371795654297,7.3,0.04437179565429705,0.04437179565429705,7.301619052886963,0.04275258630514145,34,5,AC12.GNSS|AC28.GNSS|AC21.GNSS|AB07.GNSS|AV20.GNSS
"M 7.3 - 2025 Sand Point, Alaska Earthquake",101.0,7.344746112823486,7.3,0.044746112823486506,0.044746112823486506,7.301619052886963,0.043127041310071945,34,5,AC12.GNSS|AC28.GNSS|AC21.GNSS|AB07.GNSS|AV20.GNSS
"M 7.3 - 2025 Sand Point, Alaska Earthquake",102.0,7.3451738357543945,7.3,0.04517383575439471,0.04517383575439471,7.301619052886963,0.0435548834502697,35,5,AC12.GNSS|AC28.GNSS|AC21.GNSS|AB07.GNSS|AV20.GNSS
"M 7.3 - 2025 Sand Point, Alaska Earthquake",103.0,7.345602989196777,7.3,0.04560298919677752,0.04560298919677752,7.301619052886963,0.04398411512374878,35,5,AC12.GNSS|AC28.GNSS|AC21.GNSS|AB07.GNSS|AV20.GNSS
"M 7.3 - 2025 Sand Point, Alaska Earthquake",104.0,7.345885753631592,7.3,0.045885753631591975,0.045885753631591975,7.301619052886963,0.04426688700914383,35,5,AC12.GNSS|AC28.GNSS|AC21.GNSS|AB07.GNSS|AV20.GNSS
"M 7.3 - 2025 Sand Point, Alaska Earthquake",105.0,7.345979690551758,7.3,0.04597969055175799,0.04597969055175799,7.301619052886963,0.04436083883047104,35,5,AC12.GNSS|AC28.GNSS|AC21.GNSS|AB07.GNSS|AV20.GNSS
"M 7.3 - 2025 Sand Point, Alaska Earthquake",106.0,7.3459978103637695,7.3,0.04599781036376971,0.04599781036376971,7.301619052886963,0.04437868669629097,35,5,AC12.GNSS|AC28.GNSS|AC21.GNSS|AB07.GNSS|AV20.GNSS
"M 7.3 - 2025 Sand Point, Alaska Earthquake",107.0,7.346042156219482,7.3,0.0460421562194826,0.0460421562194826,7.301619052886963,0.044423170387744904,35,5,AC12.GNSS|AC28.GNSS|AC21.GNSS|AB07.GNSS|AV20.GNSS
"M 7.3 - 2025 Sand Point, Alaska Earthquake",108.0,7.346133232116699,7.3,0.046133232116699396,0.046133232116699396,7.301619052886963,0.044513996690511703,35,5,AC12.GNSS|AC28.GNSS|AC21.GNSS|AB07.GNSS|AV20.GNSS
"M 7.3 - 2025 Sand Point, Alaska Earthquake",109.0,7.346195697784424,7.3,0.046195697784424006,0.046195697784424006,7.301619052886963,0.04457680135965347,35,5,AC12.GNSS|AC28.GNSS|AC21.GNSS|AB07.GNSS|AV20.GNSS
"M 7.3 - 2025 Sand Point, Alaska Earthquake",110.0,7.34613561630249,7.3,0.04613561630249041,0.04613561630249041,7.301619052886963,0.04451632872223854,35,5,AC12.GNSS|AC28.GNSS|AC21.GNSS|AB07.GNSS|AV20.GNSS
"M 7.3 - 2025 Sand Point, Alaska Earthquake",111.0,7.346023082733154,7.3,0.046023082733154475,0.046023082733154475,7.301619052886963,0.04440387338399887,35,5,AC12.GNSS|AC28.GNSS|AC21.GNSS|AB07.GNSS|AV20.GNSS
"M 7.3 - 2025 Sand Point, Alaska Earthquake",112.0,7.345951080322266,7.3,0.0459510803222658,0.0459510803222658,7.301619052886963,0.044332053512334824,35,5,AC12.GNSS|AC28.GNSS|AC21.GNSS|AB07.GNSS|AV20.GNSS
"M 7.3 - 2025 Sand Point, Alaska Earthquake",113.0,7.345931053161621,7.3,0.04593105316162127,0.04593105316162127,7.301619052886963,0.044311780482530594,35,5,AC12.GNSS|AC28.GNSS|AC21.GNSS|AB07.GNSS|AV20.GNSS
"M 7.3 - 2025 Sand Point, Alaska Earthquake",114.0,7.3458404541015625,7.3,0.04584045410156268,0.04584045410156268,7.301619052886963,0.044221408665180206,36,5,AC12.GNSS|AC28.GNSS|AC21.GNSS|AB07.GNSS|AV20.GNSS
"M 7.3 - 2025 Sand Point, Alaska Earthquake",115.0,7.345657825469971,7.3,0.04565782546997088,0.04565782546997088,7.301619052886963,0.04403875395655632,36,5,AC12.GNSS|AC28.GNSS|AC21.GNSS|AB07.GNSS|AV20.GNSS
"M 7.3 - 2025 Sand Point, Alaska Earthquake",116.0,7.345378398895264,7.3,0.04537839889526385,0.04537839889526385,7.301619052886963,0.04375942796468735,36,5,AC12.GNSS|AC28.GNSS|AC21.GNSS|AB07.GNSS|AV20.GNSS
"M 7.3 - 2025 Sand Point, Alaska Earthquake",117.0,7.34510612487793,7.3,0.045106124877929865,0.045106124877929865,7.301619052886963,0.04348713159561157,36,5,AC12.GNSS|AC28.GNSS|AC21.GNSS|AB07.GNSS|AV20.GNSS
"M 7.3 - 2025 Sand Point, Alaska Earthquake",118.0,7.344858646392822,7.3,0.04485864639282244,0.04485864639282244,7.301619052886963,0.04323951154947281,36,5,AC12.GNSS|AC28.GNSS|AC21.GNSS|AB07.GNSS|AV20.GNSS
"M 7.3 - 2025 Sand Point, Alaska Earthquake",119.0,7.344696044921875,7.3,0.04469604492187518,0.04469604492187518,7.301619052886963,0.04307682439684868,36,5,AC12.GNSS|AC28.GNSS|AC21.GNSS|AB07.GNSS|AV20.GNSS
"M 7.3 - 2025 Sand Point, Alaska Earthquake",120.0,7.344602584838867,7.3,0.044602584838867365,0.044602584838867365,7.301619052886963,0.04298347979784012,38,5,AC12.GNSS|AC28.GNSS|AC21.GNSS|AB07.GNSS|AV20.GNSS
"M 7.3 - 2025 Sand Point, Alaska Earthquake",121.0,7.34450626373291,7.3,0.044506263732910334,0.044506263732910334,7.301619052886963,0.04288705065846443,38,5,AC12.GNSS|AC28.GNSS|AC21.GNSS|AB07.GNSS|AV20.GNSS
"M 7.3 - 2025 Sand Point, Alaska Earthquake",122.0,7.344239711761475,7.3,0.04423971176147479,0.04423971176147479,7.301619052886963,0.04262085258960724,38,5,AC12.GNSS|AC28.GNSS|AC21.GNSS|AB07.GNSS|AV20.GNSS
"M 7.3 - 2025 Sand Point, Alaska Earthquake",123.0,7.34381628036499,7.3,0.04381628036499041,0.04381628036499041,7.301619052886963,0.04219745472073555,38,5,AC12.GNSS|AC28.GNSS|AC21.GNSS|AB07.GNSS|AV20.GNSS
"M 7.3 - 2025 Sand Point, Alaska Earthquake",124.0,7.343344211578369,7.3,0.04334421157836932,0.04334421157836932,7.301619052886963,0.041724998503923416,38,5,AC12.GNSS|AC28.GNSS|AC21.GNSS|AB07.GNSS|AV20.GNSS
"M 7.3 - 2025 Sand Point, Alaska Earthquake",125.0,7.3428826332092285,7.3,0.04288263320922869,0.04288263320922869,7.301619052886963,0.04126356914639473,39,5,AC12.GNSS|AC28.GNSS|AC21.GNSS|AB07.GNSS|AV20.GNSS
"M 7.3 - 2025 Sand Point, Alaska Earthquake",126.0,7.407936096191406,7.3,0.10793609619140643,0.10793609619140643,7.355471134185791,0.05246502161026001,40,5,AC12.GNSS|AC28.GNSS|AC21.GNSS|AB07.GNSS|AC20.GNSS
"M 7.3 - 2025 Sand Point, Alaska Earthquake",127.0,7.407310962677002,7.3,0.10731096267700213,0.10731096267700213,7.355471134185791,0.051840007305145264,40,5,AC12.GNSS|AC28.GNSS|AC21.GNSS|AB07.GNSS|AC20.GNSS
"M 7.3 - 2025 Sand Point, Alaska Earthquake",128.0,7.406646728515625,7.3,0.10664672851562518,0.10664672851562518,7.355471134185791,0.05117574334144592,41,5,AC12.GNSS|AC28.GNSS|AC21.GNSS|AB07.GNSS|AC20.GNSS
"M 7.3 - 2025 Sand Point, Alaska Earthquake",129.0,7.4059295654296875,7.3,0.10592956542968768,0.10592956542968768,7.355471134185791,0.0504583902657032,41,5,AC12.GNSS|AC28.GNSS|AC21.GNSS|AB07.GNSS|AC20.GNSS
"M 7.3 - 2025 Sand Point, Alaska Earthquake",130.0,7.405212879180908,7.3,0.10521287918090838,0.10521287918090838,7.355471134185791,0.0497417077422142,41,5,AC12.GNSS|AC28.GNSS|AC21.GNSS|AB07.GNSS|AC20.GNSS
"M 7.3 - 2025 Sand Point, Alaska Earthquake",131.0,7.404541015625,7.3,0.10454101562500018,0.10454101562500018,7.355471134185791,0.049069661647081375,41,5,AC12.GNSS|AC28.GNSS|AC21.GNSS|AB07.GNSS|AC20.GNSS
"M 7.3 - 2025 Sand Point, Alaska Earthquake",132.0,7.403914451599121,7.3,0.10391445159912127,0.10391445159912127,7.355471134185791,0.04844348505139351,41,5,AC12.GNSS|AC28.GNSS|AC21.GNSS|AB07.GNSS|AC20.GNSS
"M 7.3 - 2025 Sand Point, Alaska Earthquake",133.0,7.403322696685791,7.3,0.1033226966857912,0.1033226966857912,7.355471134185791,0.0478515662252903,42,5,AC12.GNSS|AC28.GNSS|AC21.GNSS|AB07.GNSS|AC20.GNSS
"M 7.3 - 2025 Sand Point, Alaska Earthquake",134.0,7.402734279632568,7.3,0.10273427963256854,0.10273427963256854,7.355471134185791,0.047263003885746,43,5,AC12.GNSS|AC28.GNSS|AC21.GNSS|AB07.GNSS|AC20.GNSS
"M 7.3 - 2025 Sand Point, Alaska Earthquake",135.0,7.402126312255859,7.3,0.10212631225585955,0.10212631225585955,7.355471134185791,0.046655189245939255,43,5,AC12.GNSS|AC28.GNSS|AC21.GNSS|AB07.GNSS|AC20.GNSS
"M 7.3 - 2025 Sand Point, Alaska Earthquake",136.0,7.401514053344727,7.3,0.10151405334472674,0.10151405334472674,7.355471134185791,0.04604287073016167,43,5,AC12.GNSS|AC28.GNSS|AC21.GNSS|AB07.GNSS|AC20.GNSS
"M 7.3 - 2025 Sand Point, Alaska Earthquake",137.0,7.400906562805176,7.3,0.10090656280517596,0.10090656280517596,7.355471134185791,0.045435454696416855,43,5,AC12.GNSS|AC28.GNSS|AC21.GNSS|AB07.GNSS|AC20.GNSS
"M 7.3 - 2025 Sand Point, Alaska Earthquake",138.0,7.4003214836120605,7.3,0.10032148361206072,0.10032148361206072,7.355471134185791,0.044850416481494904,43,5,AC12.GNSS|AC28.GNSS|AC21.GNSS|AB07.GNSS|AC20.GNSS
"M 7.3 - 2025 Sand Point, Alaska Earthquake",139.0,7.399753570556641,7.3,0.0997535705566408,0.0997535705566408,7.355471134185791,0.044282302260398865,43,5,AC12.GNSS|AC28.GNSS|AC21.GNSS|AB07.GNSS|AC20.GNSS
"M 7.3 - 2025 Sand Point, Alaska Earthquake",140.0,7.399172782897949,7.3,0.0991727828979494,0.0991727828979494,7.355471134185791,0.04370160400867462,44,5,AC12.GNSS|AC28.GNSS|AC21.GNSS|AB07.GNSS|AC20.GNSS
"M 7.3 - 2025 Sand Point, Alaska Earthquake",141.0,7.3985395431518555,7.3,0.09853954315185565,0.09853954315185565,7.355471134185791,0.043068431317806244,44,5,AC12.GNSS|AC28.GNSS|AC21.GNSS|AB07.GNSS|AC20.GNSS
"M 7.3 - 2025 Sand Point, Alaska Earthquake",142.0,7.397873401641846,7.3,0.09787340164184588,0.09787340164184588,7.355471134185791,0.04240237921476364,44,5,AC12.GNSS|AC28.GNSS|AC21.GNSS|AB07.GNSS|AC20.GNSS
"M 7.3 - 2025 Sand Point, Alaska Earthquake",143.0,7.397196292877197,7.3,0.09719629287719744,0.09719629287719744,7.355471134185791,0.04172535985708237,44,5,AC12.GNSS|AC28.GNSS|AC21.GNSS|AB07.GNSS|AC20.GNSS
"M 7.3 - 2025 Sand Point, Alaska Earthquake",144.0,7.396535873413086,7.3,0.09653587341308612,0.09653587341308612,7.355471134185791,0.041064925491809845,44,5,AC12.GNSS|AC28.GNSS|AC21.GNSS|AB07.GNSS|AC20.GNSS
"M 7.3 - 2025 Sand Point, Alaska Earthquake",145.0,7.3958940505981445,7.3,0.09589405059814471,0.09589405059814471,7.355471134185791,0.0404229499399662,44,5,AC12.GNSS|AC28.GNSS|AC21.GNSS|AB07.GNSS|AC20.GNSS
"M 7.3 - 2025 Sand Point, Alaska Earthquake",146.0,7.395244121551514,7.3,0.09524412155151385,0.09524412155151385,7.355471134185791,0.03977277874946594,44,5,AC12.GNSS|AC28.GNSS|AC21.GNSS|AB07.GNSS|AC20.GNSS
"M 7.3 - 2025 Sand Point, Alaska Earthquake",147.0,7.394561767578125,7.3,0.09456176757812518,0.09456176757812518,7.355471134185791,0.03909055143594742,44,5,AC12.GNSS|AC28.GNSS|AC21.GNSS|AB07.GNSS|AC20.GNSS
"M 7.3 - 2025 Sand Point, Alaska Earthquake",148.0,7.393859386444092,7.3,0.09385938644409197,0.09385938644409197,7.355471134185791,0.03838827833533287,45,5,AC12.GNSS|AC28.GNSS|AC21.GNSS|AB07.GNSS|AC20.GNSS
"M 7.3 - 2025 Sand Point, Alaska Earthquake",149.0,7.393133163452148,7.3,0.09313316345214862,0.09313316345214862,7.355471134185791,0.037661824375391006,45,5,AC12.GNSS|AC28.GNSS|AC21.GNSS|AB07.GNSS|AC20.GNSS
"M 7.3 - 2025 Sand Point, Alaska Earthquake",150.0,7.392390727996826,7.3,0.09239072799682635,0.09239072799682635,7.355471134185791,0.036919817328453064,45,5,AC12.GNSS|AC28.GNSS|AC21.GNSS|AB07.GNSS|AC20.GNSS
"M 7.3 - 2025 Sand Point, Alaska Earthquake",151.0,7.391666412353516,7.3,0.0916664123535158,0.0916664123535158,7.355471134185791,0.0361953042447567,45,5,AC12.GNSS|AC28.GNSS|AC21.GNSS|AB07.GNSS|AC20.GNSS
"M 7.3 - 2025 Sand Point, Alaska Earthquake",152.0,7.39096212387085,7.3,0.09096212387084979,0.09096212387084979,7.355471134185791,0.03549114987254143,45,5,AC12.GNSS|AC28.GNSS|AC21.GNSS|AB07.GNSS|AC20.GNSS
"M 7.3 - 2025 Sand Point, Alaska Earthquake",153.0,7.390260219573975,7.3,0.09026021957397479,0.09026021957397479,7.355471134185791,0.034788962453603745,45,5,AC12.GNSS|AC28.GNSS|AC21.GNSS|AB07.GNSS|AC20.GNSS
"M 7.3 - 2025 Sand Point, Alaska Earthquake",154.0,7.389547348022461,7.3,0.08954734802246112,0.08954734802246112,7.355471134185791,0.034076057374477386,45,5,AC12.GNSS|AC28.GNSS|AC21.GNSS|AB07.GNSS|AC20.GNSS
"M 7.3 - 2025 Sand Point, Alaska Earthquake",155.0,7.388839244842529,7.3,0.08883924484252947,0.08883924484252947,7.355471134185791,0.03336802497506142,45,5,AC12.GNSS|AC28.GNSS|AC21.GNSS|AB07.GNSS|AC20.GNSS
"M 7.3 - 2025 Sand Point, Alaska Earthquake",156.0,7.388155460357666,7.3,0.0881554603576662,0.0881554603576662,7.355471134185791,0.03268413618206978,45,5,AC12.GNSS|AC28.GNSS|AC21.GNSS|AB07.GNSS|AC20.GNSS
"M 7.3 - 2025 Sand Point, Alaska Earthquake",157.0,7.387471675872803,7.3,0.08747167587280291,0.08747167587280291,7.355471134185791,0.032000310719013214,45,5,AC12.GNSS|AC28.GNSS|AC21.GNSS|AB07.GNSS|AC20.GNSS
"M 7.3 - 2025 Sand Point, Alaska Earthquake",158.0,7.386778831481934,7.3,0.08677883148193377,0.08677883148193377,7.355471134185791,0.03130774199962616,45,5,AC12.GNSS|AC28.GNSS|AC21.GNSS|AB07.GNSS|AC20.GNSS
"M 7.3 - 2025 Sand Point, Alaska Earthquake",159.0,7.386074542999268,7.3,0.08607454299926776,0.08607454299926776,7.355471134185791,0.030603308230638504,45,5,AC12.GNSS|AC28.GNSS|AC21.GNSS|AB07.GNSS|AC20.GNSS
"M 7.3 - 2025 Sand Point, Alaska Earthquake",160.0,7.3853583335876465,7.3,0.08535833358764666,0.08535833358764666,7.355471134185791,0.029887042939662933,45,5,AC12.GNSS|AC28.GNSS|AC21.GNSS|AB07.GNSS|AC20.GNSS
"M 7.3 - 2025 Sand Point, Alaska Earthquake",161.0,7.384632587432861,7.3,0.0846325874328615,0.0846325874328615,7.355471134185791,0.0291613582521677,45,5,AC12.GNSS|AC28.GNSS|AC21.GNSS|AB07.GNSS|AC20.GNSS
"M 7.3 - 2025 Sand Point, Alaska Earthquake",162.0,7.383909225463867,7.3,0.08390922546386737,0.08390922546386737,7.355471134185791,0.02843792922794819,45,5,AC12.GNSS|AC28.GNSS|AC21.GNSS|AB07.GNSS|AC20.GNSS
"M 7.3 - 2025 Sand Point, Alaska Earthquake",163.0,7.383188724517822,7.3,0.08318872451782244,0.08318872451782244,7.355471134185791,0.02771768532693386,45,5,AC12.GNSS|AC28.GNSS|AC21.GNSS|AB07.GNSS|AC20.GNSS
"M 7.3 - 2025 Sand Point, Alaska Earthquake",164.0,7.382469177246094,7.3,0.08246917724609393,0.08246917724609393,7.355471134185791,0.026998281478881836,45,5,AC12.GNSS|AC28.GNSS|AC21.GNSS|AB07.GNSS|AC20.GNSS
"M 7.3 - 2025 Sand Point, Alaska Earthquake",165.0,7.381740093231201,7.3,0.08174009323120135,0.08174009323120135,7.355471134185791,0.026269134134054184,45,5,AC12.GNSS|AC28.GNSS|AC21.GNSS|AB07.GNSS|AC20.GNSS
"M 7.3 - 2025 Sand Point, Alaska Earthquake",166.0,7.380995273590088,7.3,0.08099527359008807,0.08099527359008807,7.355471134185791,0.025524310767650604,45,5,AC12.GNSS|AC28.GNSS|AC21.GNSS|AB07.GNSS|AC20.GNSS
"M 7.3 - 2025 Sand Point, Alaska Earthquake",167.0,7.380236625671387,7.3,0.0802366256713869,0.0802366256713869,7.355471134185791,0.024765487760305405,45,5,AC12.GNSS|AC28.GNSS|AC21.GNSS|AB07.GNSS|AC20.GNSS
"M 7.3 - 2025 Sand Point, Alaska Earthquake",168.0,7.379469871520996,7.3,0.07946987152099627,0.07946987152099627,7.355471134185791,0.023998932912945747,45,5,AC12.GNSS|AC28.GNSS|AC21.GNSS|AB07.GNSS|AC20.GNSS
"M 7.3 - 2025 Sand Point, Alaska Earthquake",169.0,7.378698348999023,7.3,0.07869834899902362,0.07869834899902362,7.355471134185791,0.023227091878652573,45,5,AC12.GNSS|AC28.GNSS|AC21.GNSS|AB07.GNSS|AC20.GNSS
"M 7.3 - 2025 Sand Point, Alaska Earthquake",170.0,7.3779215812683105,7.3,0.07792158126831072,0.07792158126831072,7.355471134185791,0.022450430318713188,45,5,AC12.GNSS|AC28.GNSS|AC21.GNSS|AB07.GNSS|AC20.GNSS
"M 7.3 - 2025 Sand Point, Alaska Earthquake",171.0,7.377131938934326,7.3,0.07713193893432635,0.07713193893432635,7.355471134185791,0.021660851314663887,45,5,AC12.GNSS|AC28.GNSS|AC21.GNSS|AB07.GNSS|AC20.GNSS
"M 7.3 - 2025 Sand Point, Alaska Earthquake",172.0,7.376327991485596,7.3,0.07632799148559588,0.07632799148559588,7.355471134185791,0.02085709199309349,45,5,AC12.GNSS|AC28.GNSS|AC21.GNSS|AB07.GNSS|AC20.GNSS
"M 7.3 - 2025 Sand Point, Alaska Earthquake",173.0,7.375516414642334,7.3,0.07551641464233416,0.07551641464233416,7.355471134185791,0.020045310258865356,45,5,AC12.GNSS|AC28.GNSS|AC21.GNSS|AB07.GNSS|AC20.GNSS
"M 7.3 - 2025 Sand Point, Alaska Earthquake",174.0,7.374706268310547,7.3,0.07470626831054705,0.07470626831054705,7.355471134185791,0.01923498325049877,45,5,AC12.GNSS|AC28.GNSS|AC21.GNSS|AB07.GNSS|AC20.GNSS
"M 7.3 - 2025 Sand Point, Alaska Earthquake",175.0,7.373905658721924,7.3,0.073905658721924,0.073905658721924,7.355471134185791,0.01843428798019886,45,5,AC12.GNSS|AC28.GNSS|AC21.GNSS|AB07.GNSS|AC20.GNSS
"M 7.3 - 2025 Sand Point, Alaska Earthquake",176.0,7.3731184005737305,7.3,0.07311840057373065,0.07311840057373065,7.355471134185791,0.017647109925746918,45,5,AC12.GNSS|AC28.GNSS|AC21.GNSS|AB07.GNSS|AC20.GNSS
"M 7.3 - 2025 Sand Point, Alaska Earthquake",177.0,7.372345447540283,7.3,0.07234544754028338,0.07234544754028338,7.355471134185791,0.01687418483197689,45,5,AC12.GNSS|AC28.GNSS|AC21.GNSS|AB07.GNSS|AC20.GNSS
"M 7.3 - 2025 Sand Point, Alaska Earthquake",178.0,7.371578693389893,7.3,0.07157869338989276,0.07157869338989276,7.355471134185791,0.016107434406876564,45,5,AC12.GNSS|AC28.GNSS|AC21.GNSS|AB07.GNSS|AC20.GNSS
"M 7.3 - 2025 Sand Point, Alaska Earthquake",179.0,7.3708109855651855,7.3,0.07081098556518572,0.07081098556518572,7.355471134185791,0.015339996665716171,45,5,AC12.GNSS|AC28.GNSS|AC21.GNSS|AB07.GNSS|AC20.GNSS
"M 7.3 - 2025 Sand Point, Alaska Earthquake",180.0,7.370046138763428,7.3,0.07004613876342791,0.07004613876342791,7.355471134185791,0.014575125649571419,45,5,AC12.GNSS|AC28.GNSS|AC21.GNSS|AB07.GNSS|AC20.GNSS
"M 7.3 - 2025 Sand Point, Alaska Earthquake",181.0,7.369290351867676,7.3,0.06929035186767596,0.06929035186767596,7.355471134185791,0.013819239102303982,45,5,AC12.GNSS|AC28.GNSS|AC21.GNSS|AB07.GNSS|AC20.GNSS
"M 7.3 - 2025 Sand Point, Alaska Earthquake",182.0,7.368545055389404,7.3,0.06854505538940447,0.06854505538940447,7.355471134185791,0.013073880225419998,45,5,AC12.GNSS|AC28.GNSS|AC21.GNSS|AB07.GNSS|AC20.GNSS
"M 7.3 - 2025 Sand Point, Alaska Earthquake",183.0,7.367809295654297,7.3,0.06780929565429705,0.06780929565429705,7.355471134185791,0.012338398955762386,45,5,AC12.GNSS|AC28.GNSS|AC21.GNSS|AB07.GNSS|AC20.GNSS
"M 7.3 - 2025 Sand Point, Alaska Earthquake",184.0,7.367076873779297,7.3,0.06707687377929705,0.06707687377929705,7.355471134185791,0.01160596776753664,45,5,AC12.GNSS|AC28.GNSS|AC21.GNSS|AB07.GNSS|AC20.GNSS
"M 7.3 - 2025 Sand Point, Alaska Earthquake",185.0,7.366340160369873,7.3,0.06634016036987322,0.06634016036987322,7.355471134185791,0.010869182646274567,45,5,AC12.GNSS|AC28.GNSS|AC21.GNSS|AB07.GNSS|AC20.GNSS
"M 7.3 - 2025 Sand Point, Alaska Earthquake",186.0,7.365601539611816,7.3,0.06560153961181658,0.06560153961181658,7.355471134185791,0.010130451060831547,45,5,AC12.GNSS|AC28.GNSS|AC21.GNSS|AB07.GNSS|AC20.GNSS
"M 7.3 - 2025 Sand Point, Alaska Earthquake",187.0,7.364862442016602,7.3,0.06486244201660174,0.06486244201660174,7.355471134185791,0.0093911187723279,45,5,AC12.GNSS|AC28.GNSS|AC21.GNSS|AB07.GNSS|AC20.GNSS
"M 7.3 - 2025 Sand Point, Alaska Earthquake",188.0,7.364128589630127,7.3,0.06412858963012713,0.06412858963012713,7.355471134185791,0.008657309226691723,45,5,AC12.GNSS|AC28.GNSS|AC21.GNSS|AB07.GNSS|AC20.GNSS
"M 7.3 - 2025 Sand Point, Alaska Earthquake",189.0,7.363399505615234,7.3,0.06339950561523455,0.06339950561523455,7.355471134185791,0.00792837142944336,45,5,AC12.GNSS|AC28.GNSS|AC21.GNSS|AB07.GNSS|AC20.GNSS
"M 7.3 - 2025 Sand Point, Alaska Earthquake",190.0,7.362671852111816,7.3,0.06267185211181658,0.06267185211181658,7.355471134185791,0.007200656458735466,45,5,AC12.GNSS|AC28.GNSS|AC21.GNSS|AB07.GNSS|AC20.GNSS
"M 7.3 - 2025 Sand Point, Alaska Earthquake",191.0,7.361941814422607,7.3,0.0619418144226076,0.0619418144226076,7.355471134185791,0.0064705973491072655,45,5,AC12.GNSS|AC28.GNSS|AC21.GNSS|AB07.GNSS|AC20.GNSS
"M 7.3 - 2025 Sand Point, Alaska Earthquake",192.0,7.361210346221924,7.3,0.061210346221924006,0.061210346221924006,7.355471134185791,0.005739160813391209,45,5,AC12.GNSS|AC28.GNSS|AC21.GNSS|AB07.GNSS|AC20.GNSS
"M 7.3 - 2025 Sand Point, Alaska Earthquake",193.0,7.360482692718506,7.3,0.06048269271850604,0.06048269271850604,7.355471134185791,0.00501161627471447,45,5,AC12.GNSS|AC28.GNSS|AC21.GNSS|AB07.GNSS|AC20.GNSS
"M 7.3 - 2025 Sand Point, Alaska Earthquake",194.0,7.359763145446777,7.3,0.05976314544677752,0.05976314544677752,7.355471134185791,0.004291828256100416,45,5,AC12.GNSS|AC28.GNSS|AC21.GNSS|AB07.GNSS|AC20.GNSS
"M 7.3 - 2025 Sand Point, Alaska Earthquake",195.0,7.3590497970581055,7.3,0.059049797058105646,0.059049797058105646,7.355471134185791,0.0035788360983133316,45,5,AC12.GNSS|AC28.GNSS|AC21.GNSS|AB07.GNSS|AC20.GNSS
"M 7.3 - 2025 Sand Point, Alaska Earthquake",196.0,7.358341217041016,7.3,0.0583412170410158,0.0583412170410158,7.355471134185791,0.0028700062539428473,45,5,AC12.GNSS|AC28.GNSS|AC21.GNSS|AB07.GNSS|AC20.GNSS
"M 7.3 - 2025 Sand Point, Alaska Earthquake",197.0,7.357629299163818,7.3,0.05762929916381854,0.05762929916381854,7.355471134185791,0.0021580341272056103,45,5,AC12.GNSS|AC28.GNSS|AC21.GNSS|AB07.GNSS|AC20.GNSS
"M 7.3 - 2025 Sand Point, Alaska Earthquake",198.0,7.356912612915039,7.3,0.05691261291503924,0.05691261291503924,7.355471134185791,0.0014415942132472992,45,5,AC12.GNSS|AC28.GNSS|AC21.GNSS|AB07.GNSS|AC20.GNSS
"M 7.3 - 2025 Sand Point, Alaska Earthquake",199.0,7.3561930656433105,7.3,0.056193065643310725,0.056193065643310725,7.355471134185791,0.0007220233092084527,45,5,AC12.GNSS|AC28.GNSS|AC21.GNSS|AB07.GNSS|AC20.GNSS
"M 7.3 - 2025 Sand Point, Alaska Earthquake",200.0,7.355471134185791,7.3,0.05547113418579119,0.05547113418579119,7.355471134185791,0.0,45,5,AC12.GNSS|AC28.GNSS|AC21.GNSS|AB07.GNSS|AC20.GNSS
M 7.1 - 2025 Southern Tibetan Plateau Earthquake,10.0,6.44752311706543,7.1,-0.65247688293457,0.65247688293457,6.282932281494141,0.1645907759666443,1,1,XZAR
M 7.1 - 2025 Southern Tibetan Plateau Earthquake,11.0,6.44597053527832,7.1,-0.6540294647216793,0.6540294647216793,6.282932281494141,0.16303838789463043,1,1,XZAR
M 7.1 - 2025 Southern Tibetan Plateau Earthquake,12.0,6.443819999694824,7.1,-0.6561800003051754,0.6561800003051754,6.282932281494141,0.16088785231113434,1,1,XZAR
M 7.1 - 2025 Southern Tibetan Plateau Earthquake,13.0,6.441547870635986,7.1,-0.6584521293640133,0.6584521293640133,6.282932281494141,0.1586158126592636,1,1,XZAR
M 7.1 - 2025 Southern Tibetan Plateau Earthquake,14.0,6.439779281616211,7.1,-0.6602207183837887,0.6602207183837887,6.282932281494141,0.15684689581394196,1,1,XZAR
M 7.1 - 2025 Southern Tibetan Plateau Earthquake,15.0,6.437046051025391,7.1,-0.662953948974609,0.662953948974609,6.282932281494141,0.1541137993335724,1,1,XZAR
M 7.1 - 2025 Southern Tibetan Plateau Earthquake,16.0,6.516821384429932,7.1,-0.583178615570068,0.583178615570068,6.367038249969482,0.149783194065094,1,1,XZAR
M 7.1 - 2025 Southern Tibetan Plateau Earthquake,17.0,6.594243049621582,7.1,-0.5057569503784176,0.5057569503784176,6.448747158050537,0.14549565315246582,1,1,XZAR
M 7.1 - 2025 Southern Tibetan Plateau Earthquake,18.0,6.609280586242676,7.1,-0.49071941375732386,0.49071941375732386,6.465113639831543,0.14416688680648804,1,1,XZAR
M 7.1 - 2025 Southern Tibetan Plateau Earthquake,19.0,6.610246181488037,7.1,-0.48975381851196254,0.48975381851196254,6.465113639831543,0.14513236284255981,1,1,XZAR
M 7.1 - 2025 Southern Tibetan Plateau Earthquake,20.0,6.611144065856934,7.1,-0.48885593414306605,0.48885593414306605,6.465113639831543,0.14603036642074585,1,1,XZAR
M 7.1 - 2025 Southern Tibetan Plateau Earthquake,21.0,6.562676906585693,7.1,-0.5373230934143063,0.5373230934143063,6.407157897949219,0.15551912784576416,2,2,XZAR|XZRK
M 7.1 - 2025 Southern Tibetan Plateau Earthquake,22.0,6.5617756843566895,7.1,-0.5382243156433102,0.5382243156433102,6.407157897949219,0.15461796522140503,2,2,XZAR|XZRK
M 7.1 - 2025 Southern Tibetan Plateau Earthquake,23.0,6.600224018096924,7.1,-0.4997759819030758,0.4997759819030758,6.446676731109619,0.15354730188846588,2,2,XZAR|XZRK
M 7.1 - 2025 Southern Tibetan Plateau Earthquake,24.0,6.605268478393555,7.1,-0.49473152160644496,0.49473152160644496,6.452664375305176,0.1526040881872177,2,2,XZAR|XZRK
M 7.1 - 2025 Southern Tibetan Plateau Earthquake,25.0,6.604320526123047,7.1,-0.49567947387695277,0.49567947387695277,6.452664375305176,0.1516561508178711,2,2,XZAR|XZRK
M 7.1 - 2025 Southern Tibetan Plateau Earthquake,26.0,6.6034088134765625,7.1,-0.49659118652343714,0.49659118652343714,6.452664375305176,0.15074466168880463,2,2,XZAR|XZRK
M 7.1 - 2025 Southern Tibetan Plateau Earthquake,27.0,6.602458953857422,7.1,-0.49754104614257777,0.49754104614257777,6.452664375305176,0.1497945785522461,2,2,XZAR|XZRK
M 7.1 - 2025 Southern Tibetan Plateau Earthquake,28.0,6.601498603820801,7.1,-0.49850139617919886,0.49850139617919886,6.452664375305176,0.14883427321910858,2,2,XZAR|XZRK
M 7.1 - 2025 Southern Tibetan Plateau Earthquake,29.0,6.600531101226807,7.1,-0.499468898773193,0.499468898773193,6.452664375305176,0.14786678552627563,2,2,XZAR|XZRK
M 7.1 - 2025 Southern Tibetan Plateau Earthquake,30.0,6.599611282348633,7.1,-0.5003887176513668,0.5003887176513668,6.452664375305176,0.14694710075855255,2,2,XZAR|XZRK
M 7.1 - 2025 Southern Tibetan Plateau Earthquake,31.0,6.598759651184082,7.1,-0.5012403488159176,0.5012403488159176,6.452664375305176,0.1460951864719391,2,2,XZAR|XZRK
M 7.1 - 2025 Southern Tibetan Plateau Earthquake,32.0,6.597898006439209,7.1,-0.5021019935607907,0.5021019935607907,6.452664375305176,0.14523376524448395,2,2,XZAR|XZRK
M 7.1 - 2025 Southern Tibetan Plateau Earthquake,33.0,6.5969696044921875,7.1,-0.5030303955078121,0.5030303955078121,6.452664375305176,0.14430512487888336,2,2,XZAR|XZRK
M 7.1 - 2025 Southern Tibetan Plateau Earthquake,34.0,6.595979690551758,7.1,-0.5040203094482418,0.5040203094482418,6.452664375305176,0.14331533014774323,2,2,XZAR|XZRK
M 7.1 - 2025 Southern Tibetan Plateau Earthquake,35.0,6.608452796936035,7.1,-0.4915472030639645,0.4915472030639645,6.4662370681762695,0.14221590757369995,2,2,XZAR|XZRK
M 7.1 - 2025 Southern Tibetan Plateau Earthquake,36.0,6.607423305511475,7.1,-0.49257669448852504,0.49257669448852504,6.4662370681762695,0.1411864012479782,2,2,XZAR|XZRK
M 7.1 - 2025 Southern Tibetan Plateau Earthquake,37.0,6.60640287399292,7.1,-0.4935971260070797,0.4935971260070797,6.4662370681762695,0.14016598463058472,2,2,XZAR|XZRK
M 7.1 - 2025 Southern Tibetan Plateau Earthquake,38.0,6.605401992797852,7.1,-0.4945980072021481,0.4945980072021481,6.4662370681762695,0.13916487991809845,2,2,XZAR|XZRK
M 7.1 - 2025 Southern Tibetan Plateau Earthquake,39.0,6.604507923126221,7.1,-0.49549207687377894,0.49549207687377894,6.4662370681762695,0.13827094435691833,2,2,XZAR|XZRK
M 7.1 - 2025 Southern Tibetan Plateau Earthquake,40.0,6.6036224365234375,7.1,-0.49637756347656214,0.49637756347656214,6.4662370681762695,0.137385293841362,2,2,XZAR|XZRK
M 7.1 - 2025 Southern Tibetan Plateau Earthquake,41.0,6.602685928344727,7.1,-0.4973140716552731,0.4973140716552731,6.4662370681762695,0.13644909858703613,2,2,XZAR|XZRK
M 7.1 - 2025 Southern Tibetan Plateau Earthquake,42.0,6.601742267608643,7.1,-0.49825773239135707,0.49825773239135707,6.4662370681762695,0.1355050802230835,2,2,XZAR|XZRK
M 7.1 - 2025 Southern Tibetan Plateau Earthquake,43.0,6.802879333496094,7.1,-0.2971206665039059,0.2971206665039059,6.665371894836426,0.13750752806663513,3,3,XZZB|XZAR|XZRK
M 7.1 - 2025 Southern Tibetan Plateau Earthquake,44.0,6.802009105682373,7.1,-0.2979908943176266,0.2979908943176266,6.665371894836426,0.13663701713085175,3,3,XZZB|XZAR|XZRK
M 7.1 - 2025 Southern Tibetan Plateau Earthquake,45.0,7.018988609313965,7.1,-0.0810113906860348,0.0810113906860348,6.883152484893799,0.13583609461784363,4,4,XZNM|XZZB|XZAR|XZRK
M 7.1 - 2025 Southern Tibetan Plateau Earthquake,46.0,7.024654865264893,7.1,-0.07534513473510707,0.07534513473510707,6.8896942138671875,0.13496078550815582,4,4,XZNM|XZAR|XZZB|XZRK
M 7.1 - 2025 Southern Tibetan Plateau Earthquake,47.0,7.050670623779297,7.1,-0.04932937622070277,0.04932937622070277,6.916601657867432,0.13406902551651,4,4,XZAR|XZNM|XZZB|XZRK
M 7.1 - 2025 Southern Tibetan Plateau Earthquake,48.0,7.06513786315918,7.1,-0.03486213684081996,0.03486213684081996,6.93195915222168,0.13317859172821045,4,4,XZAR|XZNM|XZZB|XZRK
M 7.1 - 2025 Southern Tibetan Plateau Earthquake,49.0,7.053491115570068,7.1,-0.046508884429931285,0.046508884429931285,6.921164035797119,0.1323269009590149,5,5,XZAR|XZNM|XZZB|XZRK|LHAS
M 7.1 - 2025 Southern Tibetan Plateau Earthquake,50.0,7.0558180809021,7.1,-0.044181919097900035,0.044181919097900035,6.92437219619751,0.1314457505941391,5,5,XZAR|XZNM|XZZB|XZRK|LHAS
M 7.1 - 2025 Southern Tibetan Plateau Earthquake,51.0,7.054940223693848,7.1,-0.04505977630615199,0.04505977630615199,6.92437219619751,0.13056816160678864,5,5,XZAR|XZNM|XZZB|XZRK|LHAS
M 7.1 - 2025 Southern Tibetan Plateau Earthquake,52.0,7.054061412811279,7.1,-0.04593858718872035,0.04593858718872035,6.92437219619751,0.12968914210796356,5,5,XZAR|XZNM|XZZB|XZRK|LHAS
M 7.1 - 2025 Southern Tibetan Plateau Earthquake,53.0,7.1450958251953125,7.1,0.045095825195312855,0.045095825195312855,7.0163187980651855,0.1287769079208374,6,5,XZAR|XZNM|XZZB|XZRK|XZDX
M 7.1 - 2025 Southern Tibetan Plateau Earthquake,54.0,7.166053771972656,7.1,0.0660537719726566,0.0660537719726566,7.038183689117432,0.1278703212738037,6,5,XZAR|XZNM|XZZB|XZRK|XZDX
M 7.1 - 2025 Southern Tibetan Plateau Earthquake,55.0,7.192280292510986,7.1,0.09228029251098668,0.09228029251098668,7.065310478210449,0.12696994841098785,6,5,XZAR|XZNM|XZZB|XZRK|XZDX
M 7.1 - 2025 Southern Tibetan Plateau Earthquake,56.0,7.208563804626465,7.1,0.1085638046264652,0.1085638046264652,7.082485675811768,0.12607832252979279,6,5,XZAR|XZRK|XZNM|XZZB|XZDX
M 7.1 - 2025 Southern Tibetan Plateau Earthquake,57.0,7.231393337249756,7.1,0.13139333724975621,0.13139333724975621,7.106220245361328,0.12517307698726654,6,5,XZAR|XZRK|XZNM|XZZB|XZDX
M 7.1 - 2025 Southern Tibetan Plateau Earthquake,58.0,7.256180286407471,7.1,0.15618028640747106,0.15618028640747106,7.131910800933838,0.12426961213350296,6,5,XZAR|XZRK|XZNM|XZZB|XZDX
M 7.1 - 2025 Southern Tibetan Plateau Earthquake,59.0,7.270195484161377,7.1,0.1701954841613773,0.1701954841613773,7.146820068359375,0.12337522208690643,6,5,XZAR|XZRK|XZNM|XZZB|XZDX
M 7.1 - 2025 Southern Tibetan Plateau Earthquake,60.0,7.276612758636475,7.1,0.17661275863647496,0.17661275863647496,7.154128074645996,0.122484490275383,6,5,XZAR|XZRK|XZNM|XZZB|XZDX
M 7.1 - 2025 Southern Tibetan Plateau Earthquake,61.0,7.280782699584961,7.1,0.1807826995849613,0.1807826995849613,7.1591877937316895,0.12159499526023865,6,5,XZAR|XZRK|XZNM|XZZB|XZDX
M 7.1 - 2025 Southern Tibetan Plateau Earthquake,62.0,7.283624172210693,7.1,0.18362417221069371,0.18362417221069371,7.1629133224487305,0.12071090191602707,6,5,XZAR|XZRK|XZNM|XZZB|XZDX
M 7.1 - 2025 Southern Tibetan Plateau Earthquake,63.0,7.284172058105469,7.1,0.1841720581054691,0.1841720581054691,7.164340972900391,0.11983121931552887,6,5,XZAR|XZRK|XZNM|XZZB|XZDX
M 7.1 - 2025 Southern Tibetan Plateau Earthquake,64.0,7.292323112487793,7.1,0.19232311248779332,0.19232311248779332,7.173386096954346,0.11893702298402786,6,5,XZAR|XZRK|XZNM|XZZB|XZDX
M 7.1 - 2025 Southern Tibetan Plateau Earthquake,65.0,7.319879531860352,7.1,0.21987953186035192,0.21987953186035192,7.201874732971191,0.11800477653741837,6,5,XZAR|XZRK|XZNM|XZZB|XZDX
M 7.1 - 2025 Southern Tibetan Plateau Earthquake,66.0,7.336634635925293,7.1,0.23663463592529332,0.23663463592529332,7.2195587158203125,0.11707578599452972,7,5,XZAR|XZRK|XZNM|XZZB|XZDX
M 7.1 - 2025 Southern Tibetan Plateau Earthquake,67.0,7.33573055267334,7.1,0.2357305526733402,0.2357305526733402,7.2195587158203125,0.11617183685302734,7,5,XZAR|XZRK|XZNM|XZZB|XZDX
M 7.1 - 2025 Southern Tibetan Plateau Earthquake,68.0,7.35068941116333,7.1,0.25068941116333043,0.25068941116333043,7.235571384429932,0.11511791497468948,8,5,XZAR|XZRK|XZNM|XZZB|XZSH
M 7.1 - 2025 Southern Tibetan Plateau Earthquake,69.0,7.349785804748535,7.1,0.2497858047485355,0.2497858047485355,7.235571384429932,0.11421449482440948,8,5,XZAR|XZRK|XZNM|XZZB|XZSH
M 7.1 - 2025 Southern Tibetan Plateau Earthquake,70.0,7.348891735076904,7.1,0.24889173507690465,0.24889173507690465,7.235571384429932,0.11332041025161743,8,5,XZAR|XZRK|XZNM|XZZB|XZSH
M 7.1 - 2025 Southern Tibetan Plateau Earthquake,71.0,7.348006725311279,7.1,0.24800672531127965,0.24800672531127965,7.235571384429932,0.11243527382612228,9,5,XZAR|XZRK|XZNM|XZZB|XZSH
M 7.1 - 2025 Southern Tibetan Plateau Earthquake,72.0,7.35175895690918,7.1,0.25175895690918004,0.25175895690918004,7.240049839019775,0.1117093414068222,9,5,XZAR|XZRK|XZNM|XZZB|XZGZ
M 7.1 - 2025 Southern Tibetan Plateau Earthquake,73.0,7.363291263580322,7.1,0.2632912635803226,0.2632912635803226,7.252501487731934,0.11078976839780807,9,5,XZAR|XZRK|XZNM|XZZB|XZGZ
M 7.1 - 2025 Southern Tibetan Plateau Earthquake,74.0,7.370023250579834,7.1,0.27002325057983434,0.27002325057983434,7.260138034820557,0.10988501459360123,9,5,XZAR|XZRK|XZNM|XZGZ|XZZB
M 7.1 - 2025 Southern Tibetan Plateau Earthquake,75.0,7.371047019958496,7.1,0.27104701995849645,0.27104701995849645,7.262054920196533,0.10899198800325394,9,5,XZAR|XZRK|XZNM|XZGZ|XZZB
M 7.1 - 2025 Southern Tibetan Plateau Earthquake,76.0,7.370628833770752,7.1,0.2706288337707523,0.2706288337707523,7.2625250816345215,0.108103908598423,9,5,XZAR|XZRK|XZNM|XZGZ|XZZB
M 7.1 - 2025 Southern Tibetan Plateau Earthquake,77.0,7.369740009307861,7.1,0.2697400093078617,0.2697400093078617,7.2625250816345215,0.1072147935628891,9,5,XZAR|XZRK|XZNM|XZGZ|XZZB
M 7.1 - 2025 Southern Tibetan Plateau Earthquake,78.0,7.368846416473389,7.1,0.268846416473389,0.268846416473389,7.2625250816345215,0.10632110387086868,9,5,XZAR|XZRK|XZNM|XZGZ|XZZB
M 7.1 - 2025 Southern Tibetan Plateau Earthquake,79.0,7.383671283721924,7.1,0.2836712837219242,0.2836712837219242,7.278294086456299,0.10537713766098022,9,5,XZAR|XZRK|XZNM|XZGZ|XZZB
M 7.1 - 2025 Southern Tibetan Plateau Earthquake,80.0,7.388525485992432,7.1,0.288525485992432,0.288525485992432,7.284058570861816,0.10446703433990479,10,5,XZAR|XZRK|XZNM|XZGZ|XZZB
M 7.1 - 2025 Southern Tibetan Plateau Earthquake,81.0,7.387633323669434,7.1,0.28763332366943395,0.28763332366943395,7.284058570861816,0.10357468575239182,10,5,XZAR|XZRK|XZNM|XZGZ|XZZB
M 7.1 - 2025 Southern Tibetan Plateau Earthquake,82.0,7.386750221252441,7.1,0.28675022125244176,0.28675022125244176,7.284058570861816,0.10269145667552948,10,5,XZAR|XZRK|XZNM|XZGZ|XZZB
M 7.1 - 2025 Southern Tibetan Plateau Earthquake,83.0,7.385871887207031,7.1,0.2858718872070316,0.2858718872070316,7.284058570861816,0.10181349515914917,10,5,XZAR|XZRK|XZNM|XZGZ|XZZB
M 7.1 - 2025 Southern Tibetan Plateau Earthquake,84.0,7.393715858459473,7.1,0.293715858459473,0.293715858459473,7.292807579040527,0.10090810060501099,10,5,XZAR|XZRK|XZNM|XZGZ|XZZB
M 7.1 - 2025 Southern Tibetan Plateau Earthquake,85.0,7.398732662200928,7.1,0.2987326622009281,0.2987326622009281,7.298727035522461,0.10000573843717575,10,5,XZAR|XZRK|XZNM|XZGZ|XZZB
M 7.1 - 2025 Southern Tibetan Plateau Earthquake,86.0,7.397842884063721,7.1,0.29784288406372106,0.29784288406372106,7.298727035522461,0.09911568462848663,10,5,XZAR|XZRK|XZNM|XZGZ|XZZB
M 7.1 - 2025 Southern Tibetan Plateau Earthquake,87.0,7.39694881439209,7.1,0.2969488143920902,0.2969488143920902,7.298727035522461,0.09822188317775726,10,5,XZAR|XZRK|XZNM|XZGZ|XZZB
M 7.1 - 2025 Southern Tibetan Plateau Earthquake,88.0,7.396053791046143,7.1,0.29605379104614293,0.29605379104614293,7.298727035522461,0.09732667356729507,10,5,XZAR|XZRK|XZNM|XZGZ|XZZB
M 7.1 - 2025 Southern Tibetan Plateau Earthquake,89.0,7.395158290863037,7.1,0.29515829086303746,0.29515829086303746,7.298727035522461,0.0964311882853508,10,5,XZAR|XZRK|XZNM|XZZB|XZGZ
M 7.1 - 2025 Southern Tibetan Plateau Earthquake,90.0,7.394258975982666,7.1,0.29425897598266637,0.29425897598266637,7.298727035522461,0.09553208202123642,10,5,XZAR|XZRK|XZNM|XZZB|XZGZ
M 7.1 - 2025 Southern Tibetan Plateau Earthquake,91.0,7.39335298538208,7.1,0.29335298538208043,0.29335298538208043,7.298727035522461,0.09462582319974899,10,5,XZAR|XZRK|XZNM|XZZB|XZGZ
M 7.1 - 2025 Southern Tibetan Plateau Earthquake,92.0,7.3925461769104,7.1,0.29254617691040075,0.29254617691040075,7.298835277557373,0.09371089935302734,10,5,XZAR|XZRK|XZNM|XZZB|XZGZ
M 7.1 - 2025 Southern Tibetan Plateau Earthquake,93.0,7.396371364593506,7.1,0.2963713645935062,0.2963713645935062,7.303613662719727,0.09275782853364944,10,5,XZAR|XZRK|XZNM|XZZB|XZGZ
M 7.1 - 2025 Southern Tibetan Plateau Earthquake,94.0,7.404715538024902,7.1,0.3047155380249027,0.3047155380249027,7.312930107116699,0.09178556501865387,10,5,XZAR|XZRK|XZNM|XZZB|XZGZ
M 7.1 - 2025 Southern Tibetan Plateau Earthquake,95.0,7.410567283630371,7.1,0.31056728363037145,0.31056728363037145,7.31972599029541,0.09084106236696243,10,5,XZAR|XZRK|XZZB|XZNM|XZGZ
M 7.1 - 2025 Southern Tibetan Plateau Earthquake,96.0,7.413055419921875,7.1,0.31305541992187536,0.31305541992187536,7.323139190673828,0.08991644531488419,10,5,XZAR|XZRK|XZZB|XZNM|XZGZ
M 7.1 - 2025 Southern Tibetan Plateau Earthquake,97.0,7.41215181350708,7.1,0.31215181350708043,0.31215181350708043,7.323139190673828,0.08901272714138031,10,5,XZAR|XZRK|XZZB|XZNM|XZGZ
M 7.1 - 2025 Southern Tibetan Plateau Earthquake,98.0,7.406045913696289,7.1,0.3060459136962894,0.3060459136962894,7.317934989929199,0.08811114728450775,10,5,XZAR|XZRK|XZZB|XZNM|XZDX
M 7.1 - 2025 Southern Tibetan Plateau Earthquake,99.0,7.41447639465332,7.1,0.31447639465332067,0.31447639465332067,7.3274078369140625,0.08706839382648468,10,5,XZAR|XZRK|XZZB|XZNM|XZDX
M 7.1 - 2025 Southern Tibetan Plateau Earthquake,100.0,7.421906471252441,7.1,0.32190647125244176,0.32190647125244176,7.335824966430664,0.08608169853687286,10,5,XZAR|XZRK|XZZB|XZNM|XZDX
M 7.1 - 2025 Southern Tibetan Plateau Earthquake,101.0,7.4261603355407715,7.1,0.32616033554077184,0.32616033554077184,7.341030120849609,0.08513016998767853,10,5,XZAR|XZRK|XZZB|XZNM|XZDX
M 7.1 - 2025 Southern Tibetan Plateau Earthquake,102.0,7.429288387298584,7.1,0.32928838729858434,0.32928838729858434,7.345106601715088,0.08418195694684982,10,5,XZAR|XZRK|XZZB|XZNM|XZDX
M 7.1 - 2025 Southern Tibetan Plateau Earthquake,103.0,7.431490421295166,7.1,0.33149042129516637,0.33149042129516637,7.348262310028076,0.083228200674057,10,5,XZAR|XZRK|XZZB|XZNM|XZDX
M 7.1 - 2025 Southern Tibetan Plateau Earthquake,104.0,7.433803558349609,7.1,0.33380355834960973,0.33380355834960973,7.35153865814209,0.08226502686738968,11,5,XZAR|XZRK|XZZB|XZDX|XZNM
M 7.1 - 2025 Southern Tibetan Plateau Earthquake,105.0,7.436293125152588,7.1,0.33629312515258825,0.33629312515258825,7.354997158050537,0.08129610121250153,11,5,XZAR|XZRK|XZZB|XZDX|XZNM
M 7.1 - 2025 Southern Tibetan Plateau Earthquake,106.0,7.437493324279785,7.1,0.3374933242797855,0.3374933242797855,7.357157230377197,0.08033609390258789,11,5,XZAR|XZRK|XZDX|XZZB|XZNM
M 7.1 - 2025 Southern Tibetan Plateau Earthquake,107.0,7.4365553855896,7.1,0.33655538558959996,0.33655538558959996,7.357157230377197,0.07939834892749786,11,5,XZAR|XZRK|XZDX|XZZB|XZNM
M 7.1 - 2025 Southern Tibetan Plateau Earthquake,108.0,7.4356231689453125,7.1,0.33562316894531286,0.33562316894531286,7.357157230377197,0.07846590876579285,11,5,XZAR|XZRK|XZDX|XZZB|XZNM
M 7.1 - 2025 Southern Tibetan Plateau Earthquake,109.0,7.434685230255127,7.1,0.3346852302551273,0.3346852302551273,7.357157230377197,0.07752817869186401,11,5,XZAR|XZRK|XZDX|XZZB|XZNM
M 7.1 - 2025 Southern Tibetan Plateau Earthquake,110.0,7.433745861053467,7.1,0.33374586105346715,0.33374586105346715,7.357157230377197,0.07658874988555908,11,5,XZAR|XZRK|XZDX|XZZB|XZNM
M 7.1 - 2025 Southern Tibetan Plateau Earthquake,111.0,7.432802677154541,7.1,0.33280267715454137,0.33280267715454137,7.357157230377197,0.07564550638198853,11,5,XZAR|XZRK|XZDX|XZZB|XZNM
M 7.1 - 2025 Southern Tibetan Plateau Earthquake,112.0,7.431860446929932,7.1,0.331860446929932,0.331860446929932,7.357157230377197,0.07470328360795975,11,5,XZAR|XZRK|XZDX|XZZB|XZNM
M 7.1 - 2025 Southern Tibetan Plateau Earthquake,113.0,7.430934906005859,7.1,0.33093490600585973,0.33093490600585973,7.357157230377197,0.07377757877111435,11,5,XZAR|XZRK|XZDX|XZZB|XZNM
M 7.1 - 2025 Southern Tibetan Plateau Earthquake,114.0,7.4300127029418945,7.1,0.3300127029418949,0.3300127029418949,7.357157230377197,0.07285536080598831,11,5,XZAR|XZRK|XZDX|XZZB|XZNM
M 7.1 - 2025 Southern Tibetan Plateau Earthquake,115.0,7.429083347320557,7.1,0.329083347320557,0.329083347320557,7.357157230377197,0.0719262883067131,12,5,XZAR|XZRK|XZDX|XZZB|XZNM
M 7.1 - 2025 Southern Tibetan Plateau Earthquake,116.0,7.428145408630371,7.1,0.32814540863037145,0.32814540863037145,7.357157230377197,0.07098804414272308,12,5,XZAR|XZRK|XZDX|XZZB|XZNM
M 7.1 - 2025 Southern Tibetan Plateau Earthquake,117.0,7.4271931648254395,7.1,0.3271931648254398,0.3271931648254398,7.357157230377197,0.0700361356139183,12,5,XZAR|XZRK|XZDX|XZZB|XZNM
M 7.1 - 2025 Southern Tibetan Plateau Earthquake,118.0,7.426244735717773,7.1,0.3262447357177738,0.3262447357177738,7.357157230377197,0.06908728182315826,12,5,XZAR|XZRK|XZDX|XZZB|XZNM
M 7.1 - 2025 Southern Tibetan Plateau Earthquake,119.0,7.42531156539917,7.1,0.3253115653991703,0.3253115653991703,7.357157230377197,0.06815412640571594,12,5,XZAR|XZRK|XZDX|XZZB|XZNM
M 7.1 - 2025 Southern Tibetan Plateau Earthquake,120.0,7.424394607543945,7.1,0.32439460754394567,0.32439460754394567,7.357157230377197,0.06723726540803909,12,5,XZAR|XZRK|XZDX|XZZB|XZNM
M 7.1 - 2025 Southern Tibetan Plateau Earthquake,121.0,7.423495769500732,7.1,0.3234957695007328,0.3234957695007328,7.357157230377197,0.06633876264095306,12,5,XZAR|XZRK|XZDX|XZZB|XZNM
M 7.1 - 2025 Southern Tibetan Plateau Earthquake,122.0,7.422605991363525,7.1,0.32260599136352575,0.32260599136352575,7.357157230377197,0.06544853746891022,12,5,XZAR|XZRK|XZDX|XZZB|XZNM
M 7.1 - 2025 Southern Tibetan Plateau Earthquake,123.0,7.421710014343262,7.1,0.3217100143432621,0.3217100143432621,7.357157230377197,0.06455271691083908,12,5,XZAR|XZRK|XZDX|XZZB|XZNM
M 7.1 - 2025 Southern Tibetan Plateau Earthquake,124.0,7.420807361602783,7.1,0.32080736160278356,0.32080736160278356,7.357157230377197,0.06364991515874863,12,5,XZAR|XZRK|XZDX|XZZB|XZNM
M 7.1 - 2025 Southern Tibetan Plateau Earthquake,125.0,7.419894218444824,7.1,0.3198942184448246,0.3198942184448246,7.357157230377197,0.06273696571588516,12,5,XZAR|XZRK|XZDX|XZZB|XZNM
M 7.1 - 2025 Southern Tibetan Plateau Earthquake,126.0,7.418986797332764,7.1,0.318986797332764,0.318986797332764,7.357157230377197,0.061829376965761185,12,5,XZAR|XZRK|XZDX|XZZB|XZNM
M 7.1 - 2025 Southern Tibetan Plateau Earthquake,127.0,7.418079376220703,7.1,0.3180793762207035,0.3180793762207035,7.357157230377197,0.06092216446995735,12,5,XZAR|XZRK|XZDX|XZZB|XZNM
M 7.1 - 2025 Southern Tibetan Plateau Earthquake,128.0,7.417161464691162,7.1,0.31716146469116246,0.31716146469116246,7.357157230377197,0.06000419333577156,12,5,XZAR|XZRK|XZDX|XZZB|XZNM
M 7.1 - 2025 Southern Tibetan Plateau Earthquake,129.0,7.416223049163818,7.1,0.3162230491638187,0.3162230491638187,7.357157230377197,0.05906594544649124,12,5,XZAR|XZRK|XZDX|XZZB|XZNM
M 7.1 - 2025 Southern Tibetan Plateau Earthquake,130.0,7.415274620056152,7.1,0.3152746200561527,0.3152746200561527,7.357157230377197,0.058117300271987915,12,5,XZAR|XZRK|XZDX|XZZB|XZNM
M 7.1 - 2025 Southern Tibetan Plateau Earthquake,131.0,7.41433048248291,7.1,0.3143304824829105,0.3143304824829105,7.357157230377197,0.05717335268855095,12,5,XZAR|XZRK|XZDX|XZZB|XZNM
M 7.1 - 2025 Southern Tibetan Plateau Earthquake,132.0,7.413399696350098,7.1,0.313399696350098,0.313399696350098,7.357157230377197,0.056242313235998154,12,5,XZAR|XZRK|XZDX|XZZB|XZNM
M 7.1 - 2025 Southern Tibetan Plateau Earthquake,133.0,7.412482261657715,7.1,0.3124822616577152,0.3124822616577152,7.357157230377197,0.05532481521368027,12,5,XZAR|XZRK|XZDX|XZZB|XZNM
M 7.1 - 2025 Southern Tibetan Plateau Earthquake,134.0,7.411571979522705,7.1,0.31157197952270543,0.31157197952270543,7.357157230377197,0.05441494286060333,12,5,XZAR|XZRK|XZDX|XZZB|XZNM
M 7.1 - 2025 Southern Tibetan Plateau Earthquake,135.0,7.410654544830322,7.1,0.3106545448303226,0.3106545448303226,7.357157230377197,0.053497154265642166,12,5,XZAR|XZRK|XZDX|XZZB|XZNM
M 7.1 - 2025 Southern Tibetan Plateau Earthquake,136.0,7.409729957580566,7.1,0.30972995758056676,0.30972995758056676,7.357157230377197,0.052572742104530334,12,5,XZAR|XZRK|XZDX|XZZB|XZNM
M 7.1 - 2025 Southern Tibetan Plateau Earthquake,137.0,7.408810615539551,7.1,0.30881061553955114,0.30881061553955114,7.357157230377197,0.05165332928299904,12,5,XZAR|XZRK|XZDX|XZZB|XZNM
M 7.1 - 2025 Southern Tibetan Plateau Earthquake,138.0,7.407907962799072,7.1,0.3079079627990726,0.3079079627990726,7.357157230377197,0.050750602036714554,12,5,XZAR|XZRK|XZDX|XZZB|XZNM
M 7.1 - 2025 Southern Tibetan Plateau Earthquake,139.0,7.4070210456848145,7.1,0.3070210456848148,0.3070210456848148,7.357157230377197,0.049863629043102264,12,5,XZAR|XZRK|XZDX|XZZB|XZNM
M 7.1 - 2025 Southern Tibetan Plateau Earthquake,140.0,7.406138896942139,7.1,0.306138896942139,0.306138896942139,7.357157230377197,0.04898151010274887,12,5,XZAR|XZRK|XZDX|XZZB|XZNM
M 7.1 - 2025 Southern Tibetan Plateau Earthquake,141.0,7.405247688293457,7.1,0.3052476882934574,0.3052476882934574,7.357157230377197,0.04809069260954857,12,5,XZAR|XZRK|XZDX|XZZB|XZNM
M 7.1 - 2025 Southern Tibetan Plateau Earthquake,142.0,7.404346466064453,7.1,0.3043464660644535,0.3043464660644535,7.357157230377197,0.047189150005578995,12,5,XZAR|XZRK|XZDX|XZZB|XZNM
M 7.1 - 2025 Southern Tibetan Plateau Earthquake,143.0,7.403443813323975,7.1,0.30344381332397496,0.30344381332397496,7.357157230377197,0.046286508440971375,12,5,XZAR|XZRK|XZDX|XZZB|XZNM
M 7.1 - 2025 Southern Tibetan Plateau Earthquake,144.0,7.4025492668151855,7.1,0.3025492668151859,0.3025492668151859,7.357157230377197,0.04539185389876366,12,5,XZAR|XZRK|XZDX|XZZB|XZNM
M 7.1 - 2025 Southern Tibetan Plateau Earthquake,145.0,7.401657581329346,7.1,0.30165758132934606,0.30165758132934606,7.357157230377197,0.04450023174285889,12,5,XZAR|XZRK|XZDX|XZZB|XZNM
M 7.1 - 2025 Southern Tibetan Plateau Earthquake,146.0,7.413576126098633,7.1,0.31357612609863317,0.31357612609863317,7.370164394378662,0.04341157153248787,12,5,XZAR|XZRK|XZNM|XZDX|XZZB
M 7.1 - 2025 Southern Tibetan Plateau Earthquake,147.0,7.413565158843994,7.1,0.3135651588439945,0.3135651588439945,7.371074676513672,0.04249052703380585,12,5,XZAR|XZRK|XZNM|XZDX|XZZB
M 7.1 - 2025 Southern Tibetan Plateau Earthquake,148.0,7.412649154663086,7.1,0.3126491546630863,0.3126491546630863,7.371074676513672,0.04157464578747749,12,5,XZAR|XZRK|XZNM|XZDX|XZZB
M 7.1 - 2025 Southern Tibetan Plateau Earthquake,149.0,7.411725997924805,7.1,0.31172599792480504,0.31172599792480504,7.371074676513672,0.04065113514661789,12,5,XZAR|XZRK|XZNM|XZDX|XZZB
M 7.1 - 2025 Southern Tibetan Plateau Earthquake,150.0,7.410804748535156,7.1,0.3108047485351566,0.3108047485351566,7.371074676513672,0.03972996398806572,12,5,XZAR|XZRK|XZNM|XZDX|XZZB
M 7.1 - 2025 Southern Tibetan Plateau Earthquake,151.0,7.40989351272583,7.1,0.30989351272583043,0.30989351272583043,7.371074676513672,0.038818854838609695,12,5,XZAR|XZRK|XZNM|XZDX|XZZB
M 7.1 - 2025 Southern Tibetan Plateau Earthquake,152.0,7.408995628356934,7.1,0.30899562835693395,0.30899562835693395,7.371074676513672,0.03792094811797142,12,5,XZAR|XZRK|XZNM|XZDX|XZZB
M 7.1 - 2025 Southern Tibetan Plateau Earthquake,153.0,7.408106327056885,7.1,0.3081063270568851,0.3081063270568851,7.371074676513672,0.03703182935714722,12,5,XZAR|XZRK|XZNM|XZDX|XZZB
M 7.1 - 2025 Southern Tibetan Plateau Earthquake,154.0,7.407219886779785,7.1,0.3072198867797855,0.3072198867797855,7.371074676513672,0.03614536672830582,12,5,XZAR|XZRK|XZNM|XZDX|XZZB
M 7.1 - 2025 Southern Tibetan Plateau Earthquake,155.0,7.406339645385742,7.1,0.30633964538574254,0.30633964538574254,7.371074676513672,0.035264864563941956,12,5,XZAR|XZRK|XZNM|XZDX|XZZB
M 7.1 - 2025 Southern Tibetan Plateau Earthquake,156.0,7.405472755432129,7.1,0.30547275543212926,0.30547275543212926,7.371074676513672,0.034398164600133896,12,5,XZAR|XZRK|XZNM|XZDX|XZZB
M 7.1 - 2025 Southern Tibetan Plateau Earthquake,157.0,7.404621601104736,7.1,0.3046216011047367,0.3046216011047367,7.371074676513672,0.033546920865774155,12,5,XZAR|XZRK|XZNM|XZDX|XZZB
M 7.1 - 2025 Southern Tibetan Plateau Earthquake,158.0,7.4037766456604,7.1,0.30377664566040075,0.30377664566040075,7.371074676513672,0.032702021300792694,12,5,XZAR|XZRK|XZNM|XZDX|XZZB
M 7.1 - 2025 Southern Tibetan Plateau Earthquake,159.0,7.4048171043396,7.1,0.30481710433959996,0.30481710433959996,7.372966766357422,0.03185047581791878,12,5,XZAR|XZRK|XZNM|XZDX|XZZB
M 7.1 - 2025 Southern Tibetan Plateau Earthquake,160.0,7.403983116149902,7.1,0.3039831161499027,0.3039831161499027,7.372966766357422,0.03101651929318905,12,5,XZAR|XZRK|XZNM|XZDX|XZZB
M 7.1 - 2025 Southern Tibetan Plateau Earthquake,161.0,7.404792308807373,7.1,0.3047923088073734,0.3047923088073734,7.374631881713867,0.030160367488861084,12,5,XZAR|XZRK|XZNM|XZDX|XZZB
M 7.1 - 2025 Southern Tibetan Plateau Earthquake,162.0,7.405895709991455,7.1,0.30589570999145543,0.30589570999145543,7.376586437225342,0.029309378936886787,12,5,XZAR|XZRK|XZNM|XZDX|XZZB
M 7.1 - 2025 Southern Tibetan Plateau Earthquake,163.0,7.405094623565674,7.1,0.3050946235656742,0.3050946235656742,7.376586437225342,0.028508082032203674,12,5,XZAR|XZRK|XZNM|XZDX|XZZB
M 7.1 - 2025 Southern Tibetan Plateau Earthquake,164.0,7.404301166534424,7.1,0.3043011665344242,0.3043011665344242,7.376586437225342,0.027714721858501434,12,5,XZAR|XZRK|XZNM|XZDX|XZZB
M 7.1 - 2025 Southern Tibetan Plateau Earthquake,165.0,7.403502464294434,7.1,0.30350246429443395,0.30350246429443395,7.376586437225342,0.026916058734059334,12,5,XZAR|XZRK|XZNM|XZDX|XZZB
M 7.1 - 2025 Southern Tibetan Plateau Earthquake,166.0,7.402689456939697,7.1,0.3026894569396976,0.3026894569396976,7.376586437225342,0.026103172451257706,12,5,XZAR|XZRK|XZNM|XZDX|XZZB
M 7.1 - 2025 Southern Tibetan Plateau Earthquake,167.0,7.401861667633057,7.1,0.301861667633057,0.301861667633057,7.376586437225342,0.025275252759456635,12,5,XZAR|XZRK|XZNM|XZDX|XZZB
M 7.1 - 2025 Southern Tibetan Plateau Earthquake,168.0,7.401029586791992,7.1,0.30102958679199254,0.30102958679199254,7.376586437225342,0.0244433656334877,12,5,XZAR|XZRK|XZNM|XZDX|XZZB
M 7.1 - 2025 Southern Tibetan Plateau Earthquake,169.0,7.400206089019775,7.1,0.30020608901977575,0.30020608901977575,7.376586437225342,0.023619888350367546,12,5,XZAR|XZRK|XZNM|XZDX|XZZB
M 7.1 - 2025 Southern Tibetan Plateau Earthquake,170.0,7.3993940353393555,7.1,0.2993940353393558,0.2993940353393558,7.376586437225342,0.022807622328400612,12,5,XZAR|XZRK|XZNM|XZDX|XZZB
M 7.1 - 2025 Southern Tibetan Plateau Earthquake,171.0,7.398580551147461,7.1,0.2985805511474613,0.2985805511474613,7.376586437225342,0.02199414372444153,12,5,XZAR|XZRK|XZNM|XZDX|XZZB
M 7.1 - 2025 Southern Tibetan Plateau Earthquake,172.0,7.397751808166504,7.1,0.29775180816650426,0.29775180816650426,7.376586437225342,0.021165592595934868,12,5,XZAR|XZRK|XZNM|XZDX|XZZB
M 7.1 - 2025 Southern Tibetan Plateau Earthquake,173.0,7.396902561187744,7.1,0.2969025611877445,0.2969025611877445,7.376586437225342,0.02031628042459488,12,5,XZAR|XZRK|XZNM|XZDX|XZZB
M 7.1 - 2025 Southern Tibetan Plateau Earthquake,174.0,7.396041393280029,7.1,0.29604139328002965,0.29604139328002965,7.376586437225342,0.019454950466752052,12,5,XZAR|XZRK|XZNM|XZDX|XZZB
M 7.1 - 2025 Southern Tibetan Plateau Earthquake,175.0,7.400276184082031,7.1,0.3002761840820316,0.3002761840820316,7.381794452667236,0.0184816624969244,12,5,XZAR|XZRK|XZNM|XZZB|XZDX
M 7.1 - 2025 Southern Tibetan Plateau Earthquake,176.0,7.401590347290039,7.1,0.3015903472900394,0.3015903472900394,7.384000301361084,0.017590004950761795,12,5,XZAR|XZRK|XZNM|XZZB|XZDX
M 7.1 - 2025 Southern Tibetan Plateau Earthquake,177.0,7.400766849517822,7.1,0.3007668495178226,0.3007668495178226,7.384000301361084,0.016766423359513283,12,5,XZAR|XZRK|XZNM|XZZB|XZDX
M 7.1 - 2025 Southern Tibetan Plateau Earthquake,178.0,7.399953365325928,7.1,0.2999533653259281,0.2999533653259281,7.384000301361084,0.015952952206134796,12,5,XZAR|XZRK|XZNM|XZZB|XZDX
M 7.1 - 2025 Southern Tibetan Plateau Earthquake,179.0,7.399140357971191,7.1,0.29914035797119176,0.29914035797119176,7.384000301361084,0.015140133909881115,12,5,XZAR|XZRK|XZNM|XZZB|XZDX
M 7.1 - 2025 Southern Tibetan Plateau Earthquake,180.0,7.398332118988037,7.1,0.29833211898803746,0.29833211898803746,7.384000301361084,0.014331853948533535,12,5,XZAR|XZRK|XZNM|XZZB|XZDX
M 7.1 - 2025 Southern Tibetan Plateau Earthquake,181.0,7.397536277770996,7.1,0.29753627777099645,0.29753627777099645,7.384000301361084,0.013536184094846249,12,5,XZAR|XZRK|XZNM|XZZB|XZDX
M 7.1 - 2025 Southern Tibetan Plateau Earthquake,182.0,7.396758556365967,7.1,0.29675855636596715,0.29675855636596715,7.384000301361084,0.012758119963109493,12,5,XZAR|XZRK|XZNM|XZZB|XZDX
M 7.1 - 2025 Southern Tibetan Plateau Earthquake,183.0,7.395995140075684,7.1,0.29599514007568395,0.29599514007568395,7.384000301361084,0.011994664557278156,12,5,XZAR|XZRK|XZNM|XZZB|XZDX
M 7.1 - 2025 Southern Tibetan Plateau Earthquake,184.0,7.39523458480835,7.1,0.29523458480834996,0.29523458480834996,7.384000301361084,0.011234317906200886,12,5,XZAR|XZRK|XZNM|XZZB|XZDX
M 7.1 - 2025 Southern Tibetan Plateau Earthquake,185.0,7.394474029541016,7.1,0.294474029541016,0.294474029541016,7.384000301361084,0.010473513044416904,12,5,XZAR|XZRK|XZNM|XZZB|XZDX
M 7.1 - 2025 Southern Tibetan Plateau Earthquake,186.0,7.393718242645264,7.1,0.293718242645264,0.293718242645264,7.384000301361084,0.009718043729662895,12,5,XZAR|XZRK|XZNM|XZZB|XZDX
M 7.1 - 2025 Southern Tibetan Plateau Earthquake,187.0,7.392972946166992,7.1,0.29297294616699254,0.29297294616699254,7.384000301361084,0.00897272676229477,12,5,XZAR|XZRK|XZNM|XZZB|XZDX
M 7.1 - 2025 Southern Tibetan Plateau Earthquake,188.0,7.392238616943359,7.1,0.29223861694335973,0.29223861694335973,7.384000301361084,0.008238318376243114,12,5,XZAR|XZRK|XZNM|XZZB|XZDX
M 7.1 - 2025 Southern Tibetan Plateau Earthquake,189.0,7.391512870788574,7.1,0.2915128707885746,0.2915128707885746,7.384000301361084,0.007512576412409544,12,5,XZAR|XZRK|XZNM|XZZB|XZDX
M 7.1 - 2025 Southern Tibetan Plateau Earthquake,190.0,7.390791893005371,7.1,0.29079189300537145,0.29079189300537145,7.384000301361084,0.006791797932237387,12,5,XZAR|XZRK|XZNM|XZZB|XZDX
M 7.1 - 2025 Southern Tibetan Plateau Earthquake,191.0,7.390074729919434,7.1,0.29007472991943395,0.29007472991943395,7.384000301361084,0.006074319127947092,12,5,XZAR|XZRK|XZNM|XZZB|XZDX
M 7.1 - 2025 Southern Tibetan Plateau Earthquake,192.0,7.389362812042236,7.1,0.2893628120422367,0.2893628120422367,7.384000301361084,0.005362596362829208,12,5,XZAR|XZRK|XZNM|XZZB|XZDX
M 7.1 - 2025 Southern Tibetan Plateau Earthquake,193.0,7.388661861419678,7.1,0.2886618614196781,0.2886618614196781,7.384000301361084,0.004661609418690205,12,5,XZAR|XZRK|XZNM|XZZB|XZDX
M 7.1 - 2025 Southern Tibetan Plateau Earthquake,194.0,7.387974262237549,7.1,0.2879742622375492,0.2879742622375492,7.384000301361084,0.0039740814827382565,12,5,XZAR|XZRK|XZNM|XZZB|XZDX
M 7.1 - 2025 Southern Tibetan Plateau Earthquake,195.0,7.387299060821533,7.1,0.28729906082153356,0.28729906082153356,7.384000301361084,0.0032986572477966547,12,5,XZAR|XZRK|XZNM|XZZB|XZDX
M 7.1 - 2025 Southern Tibetan Plateau Earthquake,196.0,7.386632919311523,7.1,0.2866329193115238,0.2866329193115238,7.384000301361084,0.002632696647197008,12,5,XZAR|XZRK|XZNM|XZZB|XZDX
M 7.1 - 2025 Southern Tibetan Plateau Earthquake,197.0,7.3859710693359375,7.1,0.28597106933593786,0.28597106933593786,7.384000301361084,0.0019707081373780966,12,5,XZAR|XZRK|XZNM|XZZB|XZDX
M 7.1 - 2025 Southern Tibetan Plateau Earthquake,198.0,7.385311603546143,7.1,0.28531160354614293,0.28531160354614293,7.384000301361084,0.001311299973167479,12,5,XZAR|XZRK|XZNM|XZZB|XZDX
M 7.1 - 2025 Southern Tibetan Plateau Earthquake,199.0,7.384654998779297,7.1,0.28465499877929723,0.28465499877929723,7.384000301361084,0.0006544880452565849,12,5,XZAR|XZRK|XZNM|XZZB|XZDX
M 7.1 - 2025 Southern Tibetan Plateau Earthquake,200.0,7.384000301361084,7.1,0.28400030136108434,0.28400030136108434,7.384000301361084,0.0,12,5,XZAR|XZRK|XZNM|XZZB|XZDX
