variant,event,station,horizon_sec,p_arrival_sec,constrained_window_sec,shape_r_window,delta_mw_window,shape_r_full,delta_mw_full
new3,Anchorage2018,AC11,30,13.975035667419434,16.024964332580566,0.5192432693431297,-0.2917711847796953,,
new3,Anchorage2018,AC11,60,13.975035667419434,46.024964332580566,0.6894797304044075,-0.1722887227521115,,
new3,Anchorage2018,AC11,90,13.975035667419434,76.02496433258057,0.7050763518713201,-0.17166079934667255,,
new3,Anchorage2018,AC11,120,13.975035667419434,106.02496433258057,0.7381076464017899,-0.17442557996101726,,
new3,Anchorage2018,AC11,160,13.975035667419434,146.02496433258057,0.7637717415872484,-0.170458466152688,,
new3,Anchorage2018,AC11,200,13.975035667419434,186.02496433258057,0.7734848222508771,-0.04610271453417614,0.7742144699726419,-0.04563380460145261
new3,Anchorage2018,AC14,30,16.203195571899414,13.796804428100586,0.34585674296290253,-0.12891293705672968,,
new3,Anchorage2018,AC14,60,16.203195571899414,43.796804428100586,0.5263505948250108,0.031116757490998737,,
new3,Anchorage2018,AC14,90,16.203195571899414,73.79680442810059,0.5530961024302201,0.06053522088331942,,
new3,Anchorage2018,AC14,120,16.203195571899414,103.79680442810059,0.5923821438815252,-0.011090826922165675,,
new3,Anchorage2018,AC14,160,16.203195571899414,143.7968044281006,0.6279050380410639,0.03703417792191743,,
new3,Anchorage2018,AC14,200,16.203195571899414,183.7968044281006,0.6427406180310803,0.11166867046853923,0.6445399518311633,0.11286937523017393
new3,Anchorage2018,AC15,30,13.676848411560059,16.32315158843994,0.7673829655780294,-0.1677359299132961,,
new3,Anchorage2018,AC15,60,13.676848411560059,46.32315158843994,0.5326644142414849,0.06732750015997446,,
new3,Anchorage2018,AC15,90,13.676848411560059,76.32315158843994,0.3398467623133497,0.21330690484232662,,
new3,Anchorage2018,AC15,120,13.676848411560059,106.32315158843994,0.41372964871209994,0.04247407991915786,,
new3,Anchorage2018,AC15,160,13.676848411560059,146.32315158843994,0.41599591734425584,-0.01999062765308146,,
new3,Anchorage2018,AC15,200,13.676848411560059,186.32315158843994,0.4571078125940062,-0.17455391253952435,0.45985974520131206,-0.17444797331868234
new3,Anchorage2018,AC32,30,8.082479476928711,21.91752052307129,0.5111044275077571,0.43658854569769545,,
new3,Anchorage2018,AC32,60,8.082479476928711,51.91752052307129,0.6435427012083413,0.12825401646458356,,
new3,Anchorage2018,AC32,90,8.082479476928711,81.91752052307129,0.725737631315248,0.07358657158780879,,
new3,Anchorage2018,AC32,120,8.082479476928711,111.91752052307129,0.7541614166376095,0.1540266213794581,,
new3,Anchorage2018,AC32,160,8.082479476928711,151.9175205230713,0.7752368491840799,0.2942646675356482,,
new3,Anchorage2018,AC32,200,8.082479476928711,191.9175205230713,0.8220841673648767,0.24535095212541602,0.8224537048469599,0.2457481498618943
new3,Anchorage2018,AC36,30,9.22986888885498,20.77013111114502,0.1953147039069877,0.48202477080040573,,
new3,Anchorage2018,AC36,60,9.22986888885498,50.77013111114502,0.563312160352314,0.36474564086162786,,
new3,Anchorage2018,AC36,90,9.22986888885498,80.77013111114502,0.6415389467919057,0.2174768084456371,,
new3,Anchorage2018,AC36,120,9.22986888885498,110.77013111114502,0.6527033829786633,0.2502853570334107,,
new3,Anchorage2018,AC36,160,9.22986888885498,150.77013111114502,0.6436402111208516,0.31608461479042216,,
new3,Anchorage2018,AC36,200,9.22986888885498,190.77013111114502,0.6560253727079847,0.21630829401572793,0.6569582163282663,0.2172781957526153
new3,Anchorage2018,AC48,30,21.260873794555664,8.739126205444336,0.7639855440252548,-0.4482310560235403,,
new3,Anchorage2018,AC48,60,21.260873794555664,38.739126205444336,0.5688360513587182,-0.045692216554741094,,
new3,Anchorage2018,AC48,90,21.260873794555664,68.73912620544434,0.5606129874678363,-0.032932802061307775,,
new3,Anchorage2018,AC48,120,21.260873794555664,98.73912620544434,0.5686539205907429,-0.16580900297670986,,
new3,Anchorage2018,AC48,160,21.260873794555664,138.73912620544434,0.5721149330732475,-0.2617423774286678,,
new3,Anchorage2018,AC48,200,21.260873794555664,178.73912620544434,0.5821427949863401,-0.283700801092988,0.5850224186549609,-0.2803586475186295
new3,Anchorage2018,AC53,30,8.382096290588379,21.61790370941162,0.6707599726309417,0.19822240891089393,,
new3,Anchorage2018,AC53,60,8.382096290588379,51.61790370941162,0.7053094806914253,0.051270983185082386,,
new3,Anchorage2018,AC53,90,8.382096290588379,81.61790370941162,0.7373961442208394,-0.01999020612700697,,
new3,Anchorage2018,AC53,120,8.382096290588379,111.61790370941162,0.7468085382684491,0.01202923702997083,,
new3,Anchorage2018,AC53,160,8.382096290588379,151.61790370941162,0.7802006670340885,0.05161659048931977,,
new3,Anchorage2018,AC53,200,8.382096290588379,191.61790370941162,0.790120971697509,0.05352985575161817,0.7901494056493624,0.05873725210763325
new3,Anchorage2018,ATW2,30,8.835310935974121,21.16468906402588,0.7368690207029522,-0.6432905569607543,,
new3,Anchorage2018,ATW2,60,8.835310935974121,51.16468906402588,0.7311312652781229,-0.47566404477567126,,
new3,Anchorage2018,ATW2,90,8.835310935974121,81.16468906402588,0.7514974884559282,-0.5588162196408248,,
new3,Anchorage2018,ATW2,120,8.835310935974121,111.16468906402588,0.7534565456586109,-0.5912894918295368,,
new3,Anchorage2018,ATW2,160,8.835310935974121,151.16468906402588,0.7793270117618566,-0.6526399745256173,,
new3,Anchorage2018,ATW2,200,8.835310935974121,191.16468906402588,0.7858799846812832,-0.7797202037342288,0.7862550646375384,-0.7793585013692566
new3,Maule2010,BTON,30,80.14662170410156,0.0,,0.0,,
new3,Maule2010,BTON,60,80.14662170410156,0.0,,0.0,,
new3,Maule2010,BTON,90,80.14662170410156,9.853378295898438,0.8306030184408041,-0.2927983123980855,,
new3,Maule2010,BTON,120,80.14662170410156,39.85337829589844,-0.5416730339067366,-0.9777405242645569,,
new3,Maule2010,BTON,160,80.14662170410156,79.85337829589844,-0.2958146489193924,-1.0218131659730352,,
new3,Maule2010,BTON,200,80.14662170410156,119.85337829589844,0.7991815170331646,-0.2607880174995749,0.8934455407795887,-0.2607396178664292
new3,Maule2010,CMBA,30,68.8494873046875,0.0,,0.0,,
new3,Maule2010,CMBA,60,68.8494873046875,0.0,,0.0,,
new3,Maule2010,CMBA,90,68.8494873046875,21.1505126953125,-0.14203385282814254,-0.13997531503789418,,
new3,Maule2010,CMBA,120,68.8494873046875,51.1505126953125,-0.7468357288585855,-0.7259237668012775,,
new3,Maule2010,CMBA,160,68.8494873046875,91.1505126953125,0.1228448472054489,-1.0480933624474815,,
new3,Maule2010,CMBA,200,68.8494873046875,131.1505126953125,0.5578551423161957,0.06646897463762613,0.7264409872611336,0.06649544320346834
new3,Maule2010,CNBA,30,64.60308837890625,0.0,,0.0,,
new3,Maule2010,CNBA,60,64.60308837890625,0.0,,0.0,,
new3,Maule2010,CNBA,90,64.60308837890625,25.39691162109375,0.5166022052183645,-0.505065079293165,,
new3,Maule2010,CNBA,120,64.60308837890625,55.39691162109375,-0.4745295112442296,-0.9632739109617834,,
new3,Maule2010,CNBA,160,64.60308837890625,95.39691162109375,-0.02355670656570511,-1.1831165244334514,,
new3,Maule2010,CNBA,200,64.60308837890625,135.39691162109375,0.7253454722140545,0.0051441792505819706,0.8213093900979168,0.005174329047937576
new3,Maule2010,CONS,30,9.856048583984375,20.143951416015625,0.22868082391609904,-0.6933708884823151,,
new3,Maule2010,CONS,60,9.856048583984375,50.143951416015625,0.4035256721375229,0.00863852652555508,,
new3,Maule2010,CONS,90,9.856048583984375,80.14395141601562,0.1275295432099515,0.05126396661326815,,
new3,Maule2010,CONS,120,9.856048583984375,110.14395141601562,0.4699846773262149,-0.049747864164489286,,
new3,Maule2010,CONS,160,9.856048583984375,150.14395141601562,0.7590246110393933,-0.08876763432553503,,
new3,Maule2010,CONS,200,9.856048583984375,190.14395141601562,0.8938752902098136,-0.08252922552763842,0.8964407859326567,-0.08252481559933145
new3,Maule2010,CONZ,30,15.511825561523438,14.488174438476562,0.7661452806838935,-0.04148845611890106,,
new3,Maule2010,CONZ,60,15.511825561523438,44.48817443847656,-0.5951415661416317,-0.43130261541927695,,
new3,Maule2010,CONZ,90,15.511825561523438,74.48817443847656,-0.6045821033444907,-0.4851520586844096,,
new3,Maule2010,CONZ,120,15.511825561523438,104.48817443847656,-0.1243685785361769,-0.6709549310451468,,
new3,Maule2010,CONZ,160,15.511825561523438,144.48817443847656,0.27307085081613913,-0.7921570185977433,,
new3,Maule2010,CONZ,200,15.511825561523438,184.48817443847656,0.3394766849454279,-0.8208401324748298,0.3622270226581919,-0.8207798900224468
new3,Maule2010,CRZL,30,96.39627075195312,0.0,,0.0,,
new3,Maule2010,CRZL,60,96.39627075195312,0.0,,0.0,,
new3,Maule2010,CRZL,90,96.39627075195312,0.0,,0.0,,
new3,Maule2010,CRZL,120,96.39627075195312,23.603729248046875,0.5339491929664015,-0.49011730886430804,,
new3,Maule2010,CRZL,160,96.39627075195312,63.603729248046875,-0.3150076714391119,-0.9450530686393481,,
new3,Maule2010,CRZL,200,96.39627075195312,103.60372924804688,0.23412471005722862,0.30247601579953454,0.7973936948430637,0.30645440949882996
new3,Maule2010,EMAT,30,67.56893920898438,0.0,,0.0,,
new3,Maule2010,EMAT,60,67.56893920898438,0.0,,0.0,,
new3,Maule2010,EMAT,90,67.56893920898438,22.431060791015625,0.05225658196897329,-0.47778892759720293,,
new3,Maule2010,EMAT,120,67.56893920898438,52.431060791015625,-0.6460796421222581,-1.0521534441309868,,
new3,Maule2010,EMAT,160,67.56893920898438,92.43106079101562,-0.14637116215095078,-0.8804090781467657,,
new3,Maule2010,EMAT,200,67.56893920898438,132.43106079101562,0.6422570305024495,0.015334513510250503,0.7807632508151129,0.015364128519632203
new3,Maule2010,JUNT,30,88.43254852294922,0.0,,0.0,,
new3,Maule2010,JUNT,60,88.43254852294922,0.0,,0.0,,
new3,Maule2010,JUNT,90,88.43254852294922,1.5674514770507812,,2.73647979546476,,
new3,Maule2010,JUNT,120,88.43254852294922,31.56745147705078,-0.6326553585151498,-0.5349486241154331,,
new3,Maule2010,JUNT,160,88.43254852294922,71.56745147705078,-0.5711180587522484,-1.0179771002881681,,
new3,Maule2010,JUNT,200,88.43254852294922,111.56745147705078,0.5964665078828938,0.31563482662439313,0.831560005738096,0.31575847942465174
new3,Maule2010,LSCH,30,85.58885192871094,0.0,,0.0,,
new3,Maule2010,LSCH,60,85.58885192871094,0.0,,0.0,,
new3,Maule2010,LSCH,90,85.58885192871094,4.4111480712890625,0.7815382265943633,0.4598872878362599,,
new3,Maule2010,LSCH,120,85.58885192871094,34.41114807128906,-0.46100963133492034,-0.3772103381067229,,
new3,Maule2010,LSCH,160,85.58885192871094,74.41114807128906,-0.6055676960408243,-0.8935687196163773,,
new3,Maule2010,LSCH,200,85.58885192871094,114.41114807128906,0.7452760814618952,0.038621952629206646,0.8805466729110039,0.03870484695474907
new3,Maule2010,MAUL,30,22.29153060913086,7.708469390869141,0.5854249857524618,-0.670860671164486,,
new3,Maule2010,MAUL,60,22.29153060913086,37.70846939086914,0.6488719457745402,0.0007616937554590919,,
new3,Maule2010,MAUL,90,22.29153060913086,67.70846939086914,0.4759719193386166,0.054707802942029815,,
new3,Maule2010,MAUL,120,22.29153060913086,97.70846939086914,0.41001405615274517,0.07443809399861578,,
new3,Maule2010,MAUL,160,22.29153060913086,137.70846939086914,0.8024948080230547,0.07958316996094617,,
new3,Maule2010,MAUL,200,22.29153060913086,177.70846939086914,0.9508224558522017,0.061651718094314134,0.9543187167595032,0.06166016574296407
new3,Maule2010,OVLL,30,76.15076446533203,0.0,,0.0,,
new3,Maule2010,OVLL,60,76.15076446533203,0.0,,0.0,,
new3,Maule2010,OVLL,90,76.15076446533203,13.849235534667969,0.6333857995330425,-0.4972722503822382,,
new3,Maule2010,OVLL,120,76.15076446533203,43.84923553466797,-0.4828441687366759,-1.2369473743282136,,
new3,Maule2010,OVLL,160,76.15076446533203,83.84923553466797,-0.4560697414538496,-1.5581959574304625,,
new3,Maule2010,OVLL,200,76.15076446533203,123.84923553466797,0.9080444467500329,-0.021815959565183007,0.9470077241095731,-0.021790142889116737
new3,Maule2010,PEDR,30,74.63665008544922,0.0,,0.0,,
new3,Maule2010,PEDR,60,74.63665008544922,0.0,,0.0,,
new3,Maule2010,PEDR,90,74.63665008544922,15.363349914550781,0.7568446200241303,-0.03818412351435807,,
new3,Maule2010,PEDR,120,74.63665008544922,45.36334991455078,0.016072331307139625,-0.5642621360858602,,
new3,Maule2010,PEDR,160,74.63665008544922,85.36334991455078,-0.1533001521925556,-0.837895846681258,,
new3,Maule2010,PEDR,200,74.63665008544922,125.36334991455078,0.8575796083969026,-0.168017067138587,0.9118871606539928,-0.16798298831751168
new3,Maule2010,PFRJ,30,74.14918518066406,0.0,,0.0,,
new3,Maule2010,PFRJ,60,74.14918518066406,0.0,,0.0,,
new3,Maule2010,PFRJ,90,74.14918518066406,15.850814819335938,0.5349911334879119,-0.4073378317158971,,
new3,Maule2010,PFRJ,120,74.14918518066406,45.85081481933594,0.08836349418313733,-0.83598711563201,,
new3,Maule2010,PFRJ,160,74.14918518066406,85.85081481933594,-0.03292701013639138,-0.6935682116182971,,
new3,Maule2010,PFRJ,200,74.14918518066406,125.85081481933594,0.679795078946572,-0.6297725057498003,0.796825890418755,-0.6297192241953802
new3,Maule2010,RCSD,30,33.88138961791992,0.0,,0.0,,
new3,Maule2010,RCSD,60,33.88138961791992,26.118610382080078,-0.27302566664010885,-0.7180122745097393,,
new3,Maule2010,RCSD,90,33.88138961791992,56.11861038208008,0.5720947295505485,-0.35950715106554476,,
new3,Maule2010,RCSD,120,33.88138961791992,86.11861038208008,0.6102502603333145,0.1344317076888526,,
new3,Maule2010,RCSD,160,33.88138961791992,126.11861038208008,0.8930248440073327,0.113713535460219,,
new3,Maule2010,RCSD,200,33.88138961791992,166.11861038208008,0.9783860225125978,0.07855291683657484,0.9812836529889702,0.07856296582122368
new3,Maule2010,ROBL,30,45.334754943847656,0.0,,0.0,,
new3,Maule2010,ROBL,60,45.334754943847656,14.665245056152344,0.6182894958946946,-0.4662710245895072,,
new3,Maule2010,ROBL,90,45.334754943847656,44.665245056152344,-0.17405389439505628,-1.3457400769616061,,
new3,Maule2010,ROBL,120,45.334754943847656,74.66524505615234,0.6143759847872866,0.016074013004663712,,
new3,Maule2010,ROBL,160,45.334754943847656,114.66524505615234,0.8695008279114426,0.04767156620959945,,
new3,Maule2010,ROBL,200,45.334754943847656,154.66524505615234,0.8779835644273727,-0.07321925608017565,0.8990657882763816,-0.0732020844613217
new3,Maule2010,SILL,30,95.88967895507812,0.0,,0.0,,
new3,Maule2010,SILL,60,95.88967895507812,0.0,,0.0,,
new3,Maule2010,SILL,90,95.88967895507812,0.0,,0.0,,
new3,Maule2010,SILL,120,95.88967895507812,24.110321044921875,0.3186103830991635,-0.23378156560494112,,
new3,Maule2010,SILL,160,95.88967895507812,64.11032104492188,0.057399858282807005,-0.8675402825282363,,
new3,Maule2010,SILL,200,95.88967895507812,104.11032104492188,0.525857935578619,0.33966634410112384,0.8307055128624558,0.34166817870236166
new3,Maule2010,SJAV,30,13.0294828414917,16.9705171585083,0.4458051624900516,-0.5257523587074617,,
new3,Maule2010,SJAV,60,13.0294828414917,46.9705171585083,0.29808702155098366,0.07271728105089004,,
new3,Maule2010,SJAV,90,13.0294828414917,76.9705171585083,0.05110471272065159,0.1249316638138982,,
new3,Maule2010,SJAV,120,13.0294828414917,106.9705171585083,0.3771107464115444,0.05400078647376105,,
new3,Maule2010,SJAV,160,13.0294828414917,146.9705171585083,0.7427126298266488,0.006094691515190931,,
new3,Maule2010,SJAV,200,13.0294828414917,186.9705171585083,0.8874283917581022,-0.010561161307075295,0.8914797849610719,-0.010555489011794705
new3,Maule2010,TOLO,30,83.23503875732422,0.0,,0.0,,
new3,Maule2010,TOLO,60,83.23503875732422,0.0,,0.0,,
new3,Maule2010,TOLO,90,83.23503875732422,6.764961242675781,0.796047189632858,-0.1308486215349447,,
new3,Maule2010,TOLO,120,83.23503875732422,36.76496124267578,-0.21785345416871196,-0.8509579576768544,,
new3,Maule2010,TOLO,160,83.23503875732422,76.76496124267578,-0.6996611955690606,-1.152502649019981,,
new3,Maule2010,TOLO,200,83.23503875732422,116.76496124267578,0.2350771160903818,-0.2856651192526307,0.6444901965319216,-0.28560122240887154
new3,Noto2024,0030,30,44.439815521240234,0.0,,0.0,,
new3,Noto2024,0030,60,44.439815521240234,15.560184478759766,0.4539217388220446,0.6639385307284753,,
new3,Noto2024,0030,90,44.439815521240234,45.560184478759766,-0.27374383342522224,0.2010163652265149,,
new3,Noto2024,0030,120,44.439815521240234,75.56018447875977,0.5770084682961767,-0.13041033497921273,,
new3,Noto2024,0030,160,44.439815521240234,115.56018447875977,0.7891001009761165,-0.13453719511891649,,
new3,Noto2024,0030,200,44.439815521240234,155.56018447875977,0.8325979601537785,-0.10702972820052548,0.840960110370802,-0.10689570571155826
new3,Noto2024,0031,30,40.756248474121094,0.0,,0.0,,
new3,Noto2024,0031,60,40.756248474121094,19.243751525878906,0.497348631005259,0.6412316138835337,,
new3,Noto2024,0031,90,40.756248474121094,49.243751525878906,0.05860492892896946,0.239668700489716,,
new3,Noto2024,0031,120,40.756248474121094,79.2437515258789,0.5457992867016292,-0.16227337556124422,,
new3,Noto2024,0031,160,40.756248474121094,119.2437515258789,0.7170116686914846,-0.25116703122342887,,
new3,Noto2024,0031,200,40.756248474121094,159.2437515258789,0.7638765982025227,-0.2674747203766543,0.7761664588931074,-0.2673274002603847
new3,Noto2024,0032,30,34.3674201965332,0.0,,0.0,,
new3,Noto2024,0032,60,34.3674201965332,25.632579803466797,0.00207786705023888,0.35264690238771834,,
new3,Noto2024,0032,90,34.3674201965332,55.6325798034668,0.01716342453905774,-0.10058231160457343,,
new3,Noto2024,0032,120,34.3674201965332,85.6325798034668,0.5219384249233848,-0.2514359199653411,,
new3,Noto2024,0032,160,34.3674201965332,125.6325798034668,0.6555193589294994,0.08177461525336849,,
new3,Noto2024,0032,200,34.3674201965332,165.6325798034668,0.6991777877306686,-0.0928295563341095,0.7123722764888558,-0.09276080849581092
new3,Noto2024,0038,30,40.79875183105469,0.0,,0.0,,
new3,Noto2024,0038,60,40.79875183105469,19.201248168945312,0.36275340118594523,0.5942169445531986,,
new3,Noto2024,0038,90,40.79875183105469,49.20124816894531,0.0090111743886004,0.18575118506886668,,
new3,Noto2024,0038,120,40.79875183105469,79.20124816894531,0.600072910307484,0.11180917736309937,,
new3,Noto2024,0038,160,40.79875183105469,119.20124816894531,0.7867338555248649,0.25549518773060953,,
new3,Noto2024,0038,200,40.79875183105469,159.2012481689453,0.799915686138964,0.17108695242875882,0.8085598456698199,0.17117067744899117
new3,Noto2024,0040,30,28.242511749267578,1.7574882507324219,,0.7910831769852935,,
new3,Noto2024,0040,60,28.242511749267578,31.757488250732422,-0.543458268230884,0.03546855208265054,,
new3,Noto2024,0040,90,28.242511749267578,61.75748825073242,0.6113737755918736,0.08574666978340151,,
new3,Noto2024,0040,120,28.242511749267578,91.75748825073242,0.7386108893689355,0.35553743268339133,,
new3,Noto2024,0040,160,28.242511749267578,131.75748825073242,0.7702078725415961,0.2652426697303314,,
new3,Noto2024,0040,200,28.242511749267578,171.75748825073242,0.7703387428972764,0.19060995113802903,0.7781480219248548,0.1906690006901215
new3,Noto2024,0041,30,41.080387115478516,0.0,,0.0,,
new3,Noto2024,0041,60,41.080387115478516,18.919612884521484,0.3370784732496426,0.5228908712040905,,
new3,Noto2024,0041,90,41.080387115478516,48.919612884521484,-0.13524087660249565,0.042051879150474925,,
new3,Noto2024,0041,120,41.080387115478516,78.91961288452148,0.7128909631396388,0.150827223981004,,
new3,Noto2024,0041,160,41.080387115478516,118.91961288452148,0.6346145435700389,0.6161727204959453,,
new3,Noto2024,0041,200,41.080387115478516,158.91961288452148,0.6587041685479046,0.5556255725696451,0.6778250190664096,0.5556800135437134
new3,Noto2024,0042,30,39.885345458984375,0.0,,0.0,,
new3,Noto2024,0042,60,39.885345458984375,20.114654541015625,0.08607997525480396,0.5160608243992852,,
new3,Noto2024,0042,90,39.885345458984375,50.114654541015625,-0.1430827067382578,0.023404768823198197,,
new3,Noto2024,0042,120,39.885345458984375,80.11465454101562,0.761897979645593,0.3153512275589305,,
new3,Noto2024,0042,160,39.885345458984375,120.11465454101562,0.6807894144328781,0.7139159411531883,,
new3,Noto2024,0042,200,39.885345458984375,160.11465454101562,0.7016455705339323,0.5868853290735361,0.7166048309961388,0.5869399974213669
new3,Noto2024,0043,30,31.61703109741211,0.0,,0.0,,
new3,Noto2024,0043,60,31.61703109741211,28.38296890258789,-0.18123163979248008,0.22846799884588176,,
new3,Noto2024,0043,90,31.61703109741211,58.38296890258789,0.5002329225671245,0.3537660332113388,,
new3,Noto2024,0043,120,31.61703109741211,88.38296890258789,0.7060189532460543,0.52252511784405,,
new3,Noto2024,0043,160,31.61703109741211,128.3829689025879,0.7847978155468182,0.6155240658859169,,
new3,Noto2024,0043,200,31.61703109741211,168.3829689025879,0.8104860406094293,0.5537899092431671,0.8169998078074546,0.5538412310556042
new3,Noto2024,0044,30,21.532329559326172,8.467670440673828,0.5945703238335309,0.24513992037137644,,
new3,Noto2024,0044,60,21.532329559326172,38.46767044067383,-0.7733747793714417,-0.39641820179858644,,
new3,Noto2024,0044,90,21.532329559326172,68.46767044067383,0.6702982269698247,0.4990210972354703,,
new3,Noto2024,0044,120,21.532329559326172,98.46767044067383,0.666986150074758,0.5685212893153411,,
new3,Noto2024,0044,160,21.532329559326172,138.46767044067383,0.6856381423104111,0.5017599902486998,,
new3,Noto2024,0044,200,21.532329559326172,178.46767044067383,0.6996457674792979,0.44131244340091325,0.7071864525597906,0.441348928159492
new3,Noto2024,0045,30,24.98907470703125,5.01092529296875,0.7513972336922964,0.7133308666323899,,
new3,Noto2024,0045,60,24.98907470703125,35.01092529296875,-0.3827267027630471,-0.06892494279640005,,
new3,Noto2024,0045,90,24.98907470703125,65.01092529296875,0.5695131619756169,0.44059569089732253,,
new3,Noto2024,0045,120,24.98907470703125,95.01092529296875,0.6749001814366804,0.6330090511967965,,
new3,Noto2024,0045,160,24.98907470703125,135.01092529296875,0.7027971934631742,0.5065643750874917,,
new3,Noto2024,0045,200,24.98907470703125,175.01092529296875,0.7465558114903336,0.39501267203716406,0.7534479294917003,0.3950550785461546
new3,Noto2024,0046,30,15.444815635681152,14.555184364318848,-0.17065062396131034,-0.06209796075709484,,
new3,Noto2024,0046,60,15.444815635681152,44.55518436431885,-0.12266953143939618,-0.17584308938892246,,
new3,Noto2024,0046,90,15.444815635681152,74.55518436431885,0.6937857602814914,0.4805826029684397,,
new3,Noto2024,0046,120,15.444815635681152,104.55518436431885,0.7075814494987372,0.4184636629661469,,
new3,Noto2024,0046,160,15.444815635681152,144.55518436431885,0.7206519800005309,0.42002999354107384,,
new3,Noto2024,0046,200,15.444815635681152,184.55518436431885,0.7332181777605667,0.4946661885556436,0.7376900098856691,0.4946903829866356
new3,Noto2024,0047,30,23.356204986572266,6.643795013427734,0.6995224507310668,0.5060695906723778,,
new3,Noto2024,0047,60,23.356204986572266,36.643795013427734,-0.6248081673450361,-0.0533181284077715,,
new3,Noto2024,0047,90,23.356204986572266,66.64379501342773,0.4204263159043357,0.3944365220792818,,
new3,Noto2024,0047,120,23.356204986572266,96.64379501342773,0.6687326586224729,0.553240696711943,,
new3,Noto2024,0047,160,23.356204986572266,136.64379501342773,0.6933269554748315,0.35083158307368745,,
new3,Noto2024,0047,200,23.356204986572266,176.64379501342773,0.7480173328318473,0.23565239156226436,0.7543912671853692,0.23570030797119745
new3,Noto2024,0048,30,30.61140251159668,0.0,,0.0,,
new3,Noto2024,0048,60,30.61140251159668,29.38859748840332,-0.4394774517554309,0.31319257418840607,,
new3,Noto2024,0048,90,30.61140251159668,59.38859748840332,0.31900328613771545,0.20358912033016008,,
new3,Noto2024,0048,120,30.61140251159668,89.38859748840332,0.6418964464309795,0.6286213808499488,,
new3,Noto2024,0048,160,30.61140251159668,129.38859748840332,0.7041100356074287,0.6030513806932332,,
new3,Noto2024,0048,200,30.61140251159668,169.38859748840332,0.7529878654141053,0.5116654615048999,0.7611159109285861,0.5117068451809308
new3,Noto2024,0049,30,27.0117244720459,2.9882755279541016,,0.5653695718282066,,
new3,Noto2024,0049,60,27.0117244720459,32.9882755279541,-0.3992104405024863,0.06060730768502065,,
new3,Noto2024,0049,90,27.0117244720459,62.9882755279541,0.5104756741935064,-0.18594868060237513,,
new3,Noto2024,0049,120,27.0117244720459,92.9882755279541,0.7459551907686258,0.1381082264581961,,
new3,Noto2024,0049,160,27.0117244720459,132.9882755279541,0.7713568341563057,-0.1668658844715054,,
new3,Noto2024,0049,200,27.0117244720459,172.9882755279541,0.786812794601755,-0.17528866332267068,0.7934155960800805,-0.1752103456868399
new3,Noto2024,0050,30,20.020750045776367,9.979249954223633,0.6880882650000113,-0.08209040125590406,,
new3,Noto2024,0050,60,20.020750045776367,39.97924995422363,-0.49848943021394815,-0.10581577436449585,,
new3,Noto2024,0050,90,20.020750045776367,69.97924995422363,0.7570896971114229,0.08959348653692256,,
new3,Noto2024,0050,120,20.020750045776367,99.97924995422363,0.7372961112506953,0.24980966586079756,,
new3,Noto2024,0050,160,20.020750045776367,139.97924995422363,0.7643654546003292,0.16053211852957627,,
new3,Noto2024,0050,200,20.020750045776367,179.97924995422363,0.7612197909171062,0.040554119757818974,0.7665048361456573,0.040598236578539115
new3,Noto2024,0051,30,14.689250946044922,15.310749053955078,-0.4282464346002907,-0.36135575291945266,,
new3,Noto2024,0051,60,14.689250946044922,45.31074905395508,-0.3826268574629496,-0.5641677929741604,,
new3,Noto2024,0051,90,14.689250946044922,75.31074905395508,0.7641325258642114,0.4492663231704439,,
new3,Noto2024,0051,120,14.689250946044922,105.31074905395508,0.737123900712779,0.3702563635200944,,
new3,Noto2024,0051,160,14.689250946044922,145.31074905395508,0.7540121613832007,0.4531531167064413,,
new3,Noto2024,0051,200,14.689250946044922,185.31074905395508,0.7556964844014096,0.4967305807990625,0.7595102222853822,0.49675353714722803
new3,Noto2024,0052,30,8.36020278930664,21.63979721069336,-0.5990941839837368,-0.6015190651953377,,
new3,Noto2024,0052,60,8.36020278930664,51.63979721069336,0.3733547450792676,0.20720422410973782,,
new3,Noto2024,0052,90,8.36020278930664,81.63979721069336,0.7602137247336433,0.43134896622589025,,
new3,Noto2024,0052,120,8.36020278930664,111.63979721069336,0.756134983485122,0.3841093854231472,,
new3,Noto2024,0052,160,8.36020278930664,151.63979721069336,0.7352570605039754,0.43743127934030923,,
new3,Noto2024,0052,200,8.36020278930664,191.63979721069336,0.7243207944719077,0.44915199745373524,0.7267735733283984,0.44916421769438397
new3,Noto2024,0054,30,13.617803573608398,16.3821964263916,-0.4023776381476054,-0.28544530593625694,,
new3,Noto2024,0054,60,13.617803573608398,46.3821964263916,-0.32036955227998687,-0.6911281711342765,,
new3,Noto2024,0054,90,13.617803573608398,76.3821964263916,0.49033674687173634,-0.45264565925200895,,
new3,Noto2024,0054,120,13.617803573608398,106.3821964263916,0.511892946912045,-0.45739350614281715,,
new3,Noto2024,0054,160,13.617803573608398,146.3821964263916,0.4753127152992524,-0.6588088720643936,,
new3,Noto2024,0054,200,13.617803573608398,186.3821964263916,0.47681817195206416,-0.5293942267789236,0.48341213344421063,-0.5292940494218241
new3,Noto2024,0055,30,21.636821746826172,8.363178253173828,0.7462835905098554,0.2646725437476789,,
new3,Noto2024,0055,60,21.636821746826172,38.36317825317383,-0.5739942669533241,-0.2774497573263446,,
new3,Noto2024,0055,90,21.636821746826172,68.36317825317383,0.40119910448441126,-0.3186896306236191,,
new3,Noto2024,0055,120,21.636821746826172,98.36317825317383,0.7498937710085134,-0.2072460244887111,,
new3,Noto2024,0055,160,21.636821746826172,138.36317825317383,0.7747151516728801,-0.21710244493411324,,
new3,Noto2024,0055,200,21.636821746826172,178.36317825317383,0.801406318723174,-0.22203082226064197,0.8061753209149918,-0.22193936904976397
new3,Noto2024,0058,30,19.120235443115234,10.879764556884766,0.712778704388704,0.4841124027850041,,
new3,Noto2024,0058,60,19.120235443115234,40.879764556884766,-0.471369065100598,-0.3845932388397184,,
new3,Noto2024,0058,90,19.120235443115234,70.87976455688477,0.6779391874051609,0.17197208427144517,,
new3,Noto2024,0058,120,19.120235443115234,100.87976455688477,0.6954294268503232,0.3441044579934287,,
new3,Noto2024,0058,160,19.120235443115234,140.87976455688477,0.7131751937872207,0.2975037325666987,,
new3,Noto2024,0058,200,19.120235443115234,180.87976455688477,0.7412500411623587,0.3261985396911582,0.7463556345211446,0.3262324640874894
new3,Noto2024,0059,30,23.815385818481445,6.184614181518555,0.699729035679857,0.671465171417843,,
new3,Noto2024,0059,60,23.815385818481445,36.184614181518555,-0.6535774215115514,-0.15824620544845658,,
new3,Noto2024,0059,90,23.815385818481445,66.18461418151855,0.45831496488405704,-0.09603511749377969,,
new3,Noto2024,0059,120,23.815385818481445,96.18461418151855,0.6729851990893491,0.008761768067995668,,
new3,Noto2024,0059,160,23.815385818481445,136.18461418151855,0.7374341215304893,-0.04060850424268381,,
new3,Noto2024,0059,200,23.815385818481445,176.18461418151855,0.7520963259182717,-0.19982542557574323,0.7588775959689585,-0.19948989204332435
new3,Noto2024,0067,30,42.41298294067383,0.0,,0.0,,
new3,Noto2024,0067,60,42.41298294067383,17.587017059326172,0.34137943755409006,0.588147274169387,,
new3,Noto2024,0067,90,42.41298294067383,47.58701705932617,0.0403808976942073,0.1838482965286845,,
new3,Noto2024,0067,120,42.41298294067383,77.58701705932617,0.5839121402108518,-0.07541685808731113,,
new3,Noto2024,0067,160,42.41298294067383,117.58701705932617,0.5740543293696763,-0.3685398732054068,,
new3,Noto2024,0067,200,42.41298294067383,157.58701705932617,0.5022635579814946,-0.3223207728653419,0.5284405173481107,-0.32198862438609677
new3,Noto2024,0184,30,49.340389251708984,0.0,,0.0,,
new3,Noto2024,0184,60,49.340389251708984,10.659610748291016,0.8292696790793816,0.9865611126335292,,
new3,Noto2024,0184,90,49.340389251708984,40.659610748291016,-0.461742589360297,0.3422634439822989,,
new3,Noto2024,0184,120,49.340389251708984,70.65961074829102,0.414842178241269,-0.11549872947696382,,
new3,Noto2024,0184,160,49.340389251708984,110.65961074829102,0.6435710015827129,-0.1151097558675902,,
new3,Noto2024,0184,200,49.340389251708984,150.65961074829102,0.6936081414741413,-0.17048504992957447,0.7153191205431401,-0.17022148718647134
new3,Noto2024,0186,30,46.63389587402344,0.0,,0.0,,
new3,Noto2024,0186,60,46.63389587402344,13.366104125976562,0.6488703212461928,0.8258833238679131,,
new3,Noto2024,0186,90,46.63389587402344,43.36610412597656,-0.44176710518407597,0.2111857387960736,,
new3,Noto2024,0186,120,46.63389587402344,73.36610412597656,0.4732599949923683,0.1461558258548692,,
new3,Noto2024,0186,160,46.63389587402344,113.36610412597656,0.6566037239513302,-0.013186803538876468,,
new3,Noto2024,0186,200,46.63389587402344,153.36610412597656,0.6903413858473086,0.001955135061325386,0.710558982242001,0.0022024996140244113
new3,Noto2024,0188,30,44.68292236328125,0.0,,0.0,,
new3,Noto2024,0188,60,44.68292236328125,15.31707763671875,0.5363132332411364,0.6967300865656965,,
new3,Noto2024,0188,90,44.68292236328125,45.31707763671875,-0.20332367175184365,0.25910593559289463,,
new3,Noto2024,0188,120,44.68292236328125,75.31707763671875,0.5530120448073057,-0.0440578008084076,,
new3,Noto2024,0188,160,44.68292236328125,115.31707763671875,0.6936917917337582,-0.003724566169705845,,
new3,Noto2024,0188,200,44.68292236328125,155.31707763671875,0.720658604281491,0.05113070775336137,0.7376485870572629,0.05128726833414721
new3,Noto2024,0191,30,37.84950256347656,0.0,,0.0,,
new3,Noto2024,0191,60,37.84950256347656,22.150497436523438,0.35831701822284684,0.495403791393092,,
new3,Noto2024,0191,90,37.84950256347656,52.15049743652344,0.03992979182087376,0.054426219597947245,,
new3,Noto2024,0191,120,37.84950256347656,82.15049743652344,0.5234497412491854,-0.32048368577807196,,
new3,Noto2024,0191,160,37.84950256347656,122.15049743652344,0.6861370652575604,-0.2883833793695958,,
new3,Noto2024,0191,200,37.84950256347656,162.15049743652344,0.7127911311573701,-0.3430412853922933,0.7269665864351689,-0.34292053461553706
new3,Noto2024,0192,30,39.703147888183594,0.0,,0.0,,
new3,Noto2024,0192,60,39.703147888183594,20.296852111816406,0.3689369877456044,0.6230267842758908,,
new3,Noto2024,0192,90,39.703147888183594,50.296852111816406,-0.18840091648347268,0.07983257557362844,,
new3,Noto2024,0192,120,39.703147888183594,80.2968521118164,0.34400361705591925,-0.10989109001757669,,
new3,Noto2024,0192,160,39.703147888183594,120.2968521118164,0.6045828005885546,-0.05109098854471217,,
new3,Noto2024,0192,200,39.703147888183594,160.2968521118164,0.6284906747562037,-0.006839291718843121,0.6483848594047251,-0.006616698018457434
new3,Noto2024,0194,30,34.68898010253906,0.0,,0.0,,
new3,Noto2024,0194,60,34.68898010253906,25.311019897460938,0.042309629989819936,0.4010911082383739,,
new3,Noto2024,0194,90,34.68898010253906,55.31101989746094,0.19767810530037935,0.1668384785453796,,
new3,Noto2024,0194,120,34.68898010253906,85.31101989746094,0.6019095042526403,-0.2673279842796461,,
new3,Noto2024,0194,160,34.68898010253906,125.31101989746094,0.6779995818906482,-0.19059039796341626,,
new3,Noto2024,0194,200,34.68898010253906,165.31101989746094,0.7044808268614493,-0.19022022616448186,0.7177125197921589,-0.19007759614630704
new3,Noto2024,0195,30,34.7315559387207,0.0,,0.0,,
new3,Noto2024,0195,60,34.7315559387207,25.268444061279297,-0.46037236913334223,0.2472552825708192,,
new3,Noto2024,0195,90,34.7315559387207,55.2684440612793,-0.15346661709651518,-0.16647426742578908,,
new3,Noto2024,0195,120,34.7315559387207,85.2684440612793,0.40745159002094206,-0.3814504489029389,,
new3,Noto2024,0195,160,34.7315559387207,125.2684440612793,0.5748906132335384,-0.29786570210255814,,
new3,Noto2024,0195,200,34.7315559387207,165.2684440612793,0.626457229890235,-0.26358128927465163,0.6441354351562025,-0.26347169565172646
new3,Noto2024,0196,30,32.3944091796875,0.0,,0.0,,
new3,Noto2024,0196,60,32.3944091796875,27.6055908203125,-0.5027537717987433,0.1400973469787159,,
new3,Noto2024,0196,90,32.3944091796875,57.6055908203125,-0.13037247329770618,-0.2941171239800511,,
new3,Noto2024,0196,120,32.3944091796875,87.6055908203125,0.39806822590784235,-0.22136581541001732,,
new3,Noto2024,0196,160,32.3944091796875,127.6055908203125,0.5696234186788309,-0.11787682979151537,,
new3,Noto2024,0196,200,32.3944091796875,167.6055908203125,0.5426286532857367,-0.17540269183342616,0.5632546721295818,-0.17527666385332896
new3,Noto2024,0197,30,29.025650024414062,0.9743499755859375,,1.1661157162219453,,
new3,Noto2024,0197,60,29.025650024414062,30.974349975585938,-0.3455414346962408,0.16025086649128184,,
new3,Noto2024,0197,90,29.025650024414062,60.97434997558594,0.2966889179028715,-0.11784473067695966,,
new3,Noto2024,0197,120,29.025650024414062,90.97434997558594,0.7312530709240435,0.2083756905600369,,
new3,Noto2024,0197,160,29.025650024414062,130.97434997558594,0.7869386750823177,0.051426619920095895,,
new3,Noto2024,0197,200,29.025650024414062,170.97434997558594,0.79356901387875,0.06030162818938578,0.800764694271213,0.06038033207987592
new3,Noto2024,0198,30,32.156375885009766,0.0,,0.0,,
new3,Noto2024,0198,60,32.156375885009766,27.843624114990234,0.12570192315827144,0.26225892545364804,,
new3,Noto2024,0198,90,32.156375885009766,57.843624114990234,0.2931037177112937,-0.07510269631124622,,
new3,Noto2024,0198,120,32.156375885009766,87.84362411499023,0.6874127700571473,0.0898591150409418,,
new3,Noto2024,0198,160,32.156375885009766,127.84362411499023,0.7001840326839891,0.39873305245847757,,
new3,Noto2024,0198,200,32.156375885009766,167.84362411499023,0.7152989321447509,0.27920147187074473,0.7264767969984834,0.27925715161830755
new3,Noto2024,0201,30,38.93503952026367,0.0,,0.0,,
new3,Noto2024,0201,60,38.93503952026367,21.064960479736328,-0.37328388527005196,0.21575813954600864,,
new3,Noto2024,0201,90,38.93503952026367,51.06496047973633,-0.33725088021338084,-0.15175430106424415,,
new3,Noto2024,0201,120,38.93503952026367,81.06496047973633,0.4528489977247277,-0.16964018675259496,,
new3,Noto2024,0201,160,38.93503952026367,121.06496047973633,0.7250984802554575,-0.26537133041718874,,
new3,Noto2024,0201,200,38.93503952026367,161.06496047973633,0.8470806851170481,-0.1858189582391745,0.8538699321457673,-0.1857271534477647
new3,Noto2024,0202,30,31.328208923339844,0.0,,0.0,,
new3,Noto2024,0202,60,31.328208923339844,28.671791076660156,0.1448088967627214,0.2306272709758037,,
new3,Noto2024,0202,90,31.328208923339844,58.671791076660156,0.36104256951909236,0.044825650280340135,,
new3,Noto2024,0202,120,31.328208923339844,88.67179107666016,0.7394470485628313,0.39368906437309903,,
new3,Noto2024,0202,160,31.328208923339844,128.67179107666016,0.7279197949910607,0.501148019513157,,
new3,Noto2024,0202,200,31.328208923339844,168.67179107666016,0.7527346701038533,0.3403970097665052,0.761423510979201,0.3404513718756803
new3,Noto2024,0203,30,41.740413665771484,0.0,,0.0,,
new3,Noto2024,0203,60,41.740413665771484,18.259586334228516,0.5082610133406666,0.5946427503809275,,
new3,Noto2024,0203,90,41.740413665771484,48.259586334228516,-0.11789004115345117,0.18783642828596037,,
new3,Noto2024,0203,120,41.740413665771484,78.25958633422852,0.6384444597492017,0.18077805789310997,,
new3,Noto2024,0203,160,41.740413665771484,118.25958633422852,0.6528044687812539,0.48376652115165086,,
new3,Noto2024,0203,200,41.740413665771484,158.25958633422852,0.6745338604619948,0.24069601033815502,0.6922759932479863,0.24076203034215649
new3,Noto2024,0204,30,25.260028839111328,4.739971160888672,0.7601492950864359,0.5182910274362538,,
new3,Noto2024,0204,60,25.260028839111328,34.73997116088867,-0.4416436742724684,-0.23572087664031294,,
new3,Noto2024,0204,90,25.260028839111328,64.73997116088867,0.7523243494608325,0.19101877929225441,,
new3,Noto2024,0204,120,25.260028839111328,94.73997116088867,0.7600230996334785,0.2782634963578401,,
new3,Noto2024,0204,160,25.260028839111328,134.73997116088867,0.7818327620066675,0.17180263515623562,,
new3,Noto2024,0204,200,25.260028839111328,174.73997116088867,0.7915465782961356,0.22466799602774312,0.7975044632030545,0.22471634668174545
new3,Noto2024,0205,30,38.015445709228516,0.0,,0.0,,
new3,Noto2024,0205,60,38.015445709228516,21.984554290771484,-0.3905723311817236,0.29796813744114115,,
new3,Noto2024,0205,90,38.015445709228516,51.984554290771484,-0.3532004929200512,-0.20517279569879765,,
new3,Noto2024,0205,120,38.015445709228516,81.98455429077148,0.44818209431574313,-0.08485467142754999,,
new3,Noto2024,0205,160,38.015445709228516,121.98455429077148,0.6544475411242281,0.502054503292892,,
new3,Noto2024,0205,200,38.015445709228516,161.98455429077148,0.6919996171329894,0.40043191357478225,0.7069583297158604,0.40049136131086005
new3,Noto2024,0206,30,23.60079002380371,6.399209976196289,0.6577027350756991,0.31075638988531473,,
new3,Noto2024,0206,60,23.60079002380371,36.39920997619629,-0.692343005882315,-0.2802703195105014,,
new3,Noto2024,0206,90,23.60079002380371,66.39920997619629,0.7138851010102708,0.2842795578160491,,
new3,Noto2024,0206,120,23.60079002380371,96.39920997619629,0.6753931979900013,0.46720641855639133,,
new3,Noto2024,0206,160,23.60079002380371,136.3992099761963,0.7002789271480625,0.42532852115709385,,
new3,Noto2024,0206,200,23.60079002380371,176.3992099761963,0.712690977323515,0.41227774276892415,0.7206288812820963,0.4123180126253585
new3,Noto2024,0207,30,25.1851749420166,4.814825057983398,0.7570382009608622,0.47267268012542907,,
new3,Noto2024,0207,60,25.1851749420166,34.8148250579834,-0.6031527298585592,-0.16481288151298212,,
new3,Noto2024,0207,90,25.1851749420166,64.8148250579834,0.7111921488678651,0.2855132181795641,,
new3,Noto2024,0207,120,25.1851749420166,94.8148250579834,0.7007655902280975,0.513557812226483,,
new3,Noto2024,0207,160,25.1851749420166,134.8148250579834,0.7217153546726319,0.437994086100578,,
new3,Noto2024,0207,200,25.1851749420166,174.8148250579834,0.745983874850411,0.4173091800981821,0.7534249012232692,0.4173532429406679
new3,Noto2024,0209,30,29.302196502685547,0.6978034973144531,,1.3500879139468012,,
new3,Noto2024,0209,60,29.302196502685547,30.697803497314453,-0.08443753253924471,0.2627795344495665,,
new3,Noto2024,0209,90,29.302196502685547,60.69780349731445,0.7487134616597437,0.198814456709556,,
new3,Noto2024,0209,120,29.302196502685547,90.69780349731445,0.7565764110169714,0.5105865718482478,,
new3,Noto2024,0209,160,29.302196502685547,130.69780349731445,0.7903316374448559,0.4276668148356322,,
new3,Noto2024,0209,200,29.302196502685547,170.69780349731445,0.804071643327808,0.3655013965227072,0.8106054862312666,0.36555146964637686
new3,Noto2024,0210,30,33.88479995727539,0.0,,0.0,,
new3,Noto2024,0210,60,33.88479995727539,26.11520004272461,-0.5634976665102538,0.15960586892901318,,
new3,Noto2024,0210,90,33.88479995727539,56.11520004272461,0.09182135415803407,-0.13079738460247814,,
new3,Noto2024,0210,120,33.88479995727539,86.11520004272461,0.6563894659125313,-0.00023558158158731857,,
new3,Noto2024,0210,160,33.88479995727539,126.11520004272461,0.7591457955094157,0.4316491600176109,,
new3,Noto2024,0210,200,33.88479995727539,166.1152000427246,0.7625180179786398,0.3410110076952888,0.7719911167183952,0.3410699190947044
new3,Noto2024,0211,30,37.30879592895508,0.0,,0.0,,
new3,Noto2024,0211,60,37.30879592895508,22.691204071044922,0.04599092484755018,0.4003598928843157,,
new3,Noto2024,0211,90,37.30879592895508,52.69120407104492,0.1149632172797874,-0.03505241372370449,,
new3,Noto2024,0211,120,37.30879592895508,82.69120407104492,0.7139309847656726,0.34299960161931153,,
new3,Noto2024,0211,160,37.30879592895508,122.69120407104492,0.7667855539237703,0.5840828957788551,,
new3,Noto2024,0211,200,37.30879592895508,162.69120407104492,0.7926087961296115,0.5024304186041482,0.8015858081113791,0.5024911540024108
new3,Noto2024,0212,30,36.3629035949707,0.0,,0.0,,
new3,Noto2024,0212,60,36.3629035949707,23.637096405029297,0.03281602795056628,0.5278076414417088,,
new3,Noto2024,0212,90,36.3629035949707,53.6370964050293,0.23023348738502486,0.10484609038151849,,
new3,Noto2024,0212,120,36.3629035949707,83.6370964050293,0.7705020420438061,0.3244813549726686,,
new3,Noto2024,0212,160,36.3629035949707,123.6370964050293,0.7982358525748909,0.5867677268941369,,
new3,Noto2024,0212,200,36.3629035949707,163.6370964050293,0.8219247046231724,0.5756418349009893,0.8290436002903515,0.5756975352084543
new3,Noto2024,0213,30,35.972293853759766,0.0,,0.0,,
new3,Noto2024,0213,60,35.972293853759766,24.027706146240234,-0.4472924462044926,-0.00460484805218897,,
new3,Noto2024,0213,90,35.972293853759766,54.027706146240234,0.590720447320371,0.04996525980202193,,
new3,Noto2024,0213,120,35.972293853759766,84.02770614624023,0.7588239199432684,0.38364612062470105,,
new3,Noto2024,0213,160,35.972293853759766,124.02770614624023,0.7353129011193674,0.5910511799089155,,
new3,Noto2024,0213,200,35.972293853759766,164.02770614624023,0.7610453622278351,0.5269134309764967,0.7710091995788928,0.5269673007022151
new3,Noto2024,0214,30,40.292762756347656,0.0,,0.0,,
new3,Noto2024,0214,60,40.292762756347656,19.707237243652344,0.4862554311581673,0.6600731241857485,,
new3,Noto2024,0214,90,40.292762756347656,49.707237243652344,0.0504772337385995,0.2895944231519696,,
new3,Noto2024,0214,120,40.292762756347656,79.70723724365234,0.7128636117402893,0.2655796812283926,,
new3,Noto2024,0214,160,40.292762756347656,119.70723724365234,0.7991833563736529,0.6335887701614995,,
new3,Noto2024,0214,200,40.292762756347656,159.70723724365234,0.8185826203698081,0.5671499547868839,0.8267135891979799,0.5672141110744588
new3,Noto2024,0215,30,35.361480712890625,0.0,,0.0,,
new3,Noto2024,0215,60,35.361480712890625,24.638519287109375,-0.4781537514345473,0.28537002626870134,,
new3,Noto2024,0215,90,35.361480712890625,54.638519287109375,0.6442498612024804,0.22829209793870575,,
new3,Noto2024,0215,120,35.361480712890625,84.63851928710938,0.7069975184596516,0.4641758359136361,,
new3,Noto2024,0215,160,35.361480712890625,124.63851928710938,0.7707983092947305,0.6898647307779102,,
new3,Noto2024,0215,200,35.361480712890625,164.63851928710938,0.7897497636560802,0.56725189266876,0.7982526533568662,0.5673091539675843
new3,Noto2024,0216,30,39.53843688964844,0.0,,0.0,,
new3,Noto2024,0216,60,39.53843688964844,20.461563110351562,-0.19595092455263924,0.3153857912810354,,
new3,Noto2024,0216,90,39.53843688964844,50.46156311035156,-0.3073390777539649,-0.09240505298928259,,
new3,Noto2024,0216,120,39.53843688964844,80.46156311035156,0.5534592542915779,-0.038636688975448585,,
new3,Noto2024,0216,160,39.53843688964844,120.46156311035156,0.6931082383304504,0.6843907664877475,,
new3,Noto2024,0216,200,39.53843688964844,160.46156311035156,0.7463133577450188,0.6094251704705629,0.7581226479387441,0.6094810184240407
new3,Noto2024,0217,30,32.34564971923828,0.0,,0.0,,
new3,Noto2024,0217,60,32.34564971923828,27.65435028076172,-0.6823241505686292,0.11375944450609143,,
new3,Noto2024,0217,90,32.34564971923828,57.65435028076172,0.34605269944154593,-0.11333919437673323,,
new3,Noto2024,0217,120,32.34564971923828,87.65435028076172,0.6785554058566581,0.38120537075714367,,
new3,Noto2024,0217,160,32.34564971923828,127.65435028076172,0.7646593946789793,0.6493962151335415,,
new3,Noto2024,0217,200,32.34564971923828,167.65435028076172,0.7766859394703736,0.5551514911962157,0.785184260509296,0.5552030459578416
new3,Noto2024,0218,30,28.844655990600586,1.155344009399414,,0.930642080788056,,
new3,Noto2024,0218,60,28.844655990600586,31.155344009399414,-0.6492366962493459,-0.07321264524143345,,
new3,Noto2024,0218,90,28.844655990600586,61.155344009399414,0.44056282558405685,0.13904254308686337,,
new3,Noto2024,0218,120,28.844655990600586,91.15534400939941,0.6667690788994589,0.6637981737977894,,
new3,Noto2024,0218,160,28.844655990600586,131.1553440093994,0.7483869697619233,0.565909210197522,,
new3,Noto2024,0218,200,28.844655990600586,171.1553440093994,0.7782591543904733,0.49069152971891317,0.7855659550768932,0.490737406525227
new3,Noto2024,0219,30,32.364444732666016,0.0,,0.0,,
new3,Noto2024,0219,60,32.364444732666016,27.635555267333984,-0.6509045021812939,-0.012006290816768406,,
new3,Noto2024,0219,90,32.364444732666016,57.635555267333984,0.19734292642335718,0.0023499832493119044,,
new3,Noto2024,0219,120,32.364444732666016,87.63555526733398,0.6454257624098104,0.4268179630636171,,
new3,Noto2024,0219,160,32.364444732666016,127.63555526733398,0.7584152814346505,0.5842394190978188,,
new3,Noto2024,0219,200,32.364444732666016,167.63555526733398,0.7676692359891082,0.4681287090314443,0.776712411573997,0.468185303595817
new3,Noto2024,0220,30,24.19963836669922,5.800361633300781,0.7712315475931244,0.2749437370044676,,
new3,Noto2024,0220,60,24.19963836669922,35.80036163330078,-0.6930150352238486,-0.5411427047063953,,
new3,Noto2024,0220,90,24.19963836669922,65.80036163330078,0.6363610734485111,0.3340419390228222,,
new3,Noto2024,0220,120,24.19963836669922,95.80036163330078,0.698139983244632,0.5932499965692939,,
new3,Noto2024,0220,160,24.19963836669922,135.80036163330078,0.7170571083740641,0.4673132658729129,,
new3,Noto2024,0220,200,24.19963836669922,175.80036163330078,0.7517195533461707,0.43265078186901906,0.7583384788094973,0.4326910194216609
new3,Noto2024,0221,30,20.013761520385742,9.986238479614258,0.35421023365612825,0.27020985843111056,,
new3,Noto2024,0221,60,20.013761520385742,39.98623847961426,-0.6969144193440253,-0.44562161313590565,,
new3,Noto2024,0221,90,20.013761520385742,69.98623847961426,0.6995480030918009,0.5241926575886184,,
new3,Noto2024,0221,120,20.013761520385742,99.98623847961426,0.648857478490397,0.5514197457146386,,
new3,Noto2024,0221,160,20.013761520385742,139.98623847961426,0.6712739421273436,0.49923362024305806,,
new3,Noto2024,0221,200,20.013761520385742,179.98623847961426,0.6890785810829693,0.4736889182810744,0.6965426978841743,0.4737209328535057
new3,Noto2024,0222,30,27.65369987487793,2.3463001251220703,,0.9352219173723979,,
new3,Noto2024,0222,60,27.65369987487793,32.34630012512207,-0.41445764963022014,-0.03420435335952199,,
new3,Noto2024,0222,90,27.65369987487793,62.34630012512207,0.6443921928493681,0.3598656730420702,,
new3,Noto2024,0222,120,27.65369987487793,92.34630012512207,0.6775085551246305,0.7179046021655742,,
new3,Noto2024,0222,160,27.65369987487793,132.34630012512207,0.7234095823557793,0.5883672002481051,,
new3,Noto2024,0222,200,27.65369987487793,172.34630012512207,0.762997878566364,0.5145825504697568,0.7703397323229049,0.5146225867673229
new3,Noto2024,0223,30,29.39332389831543,0.6066761016845703,,1.3724080520356736,,
new3,Noto2024,0223,60,29.39332389831543,30.60667610168457,-0.3786942383970415,-0.09280427236069944,,
new3,Noto2024,0223,90,29.39332389831543,60.60667610168457,0.5099596031405426,0.2281713318492704,,
new3,Noto2024,0223,120,29.39332389831543,90.60667610168457,0.7429215824795969,0.612679449461015,,
new3,Noto2024,0223,160,29.39332389831543,130.60667610168457,0.7972493682441822,0.5529147807023547,,
new3,Noto2024,0223,200,29.39332389831543,170.60667610168457,0.8056630264346697,0.42799132606925827,0.8120977710840872,0.4280467245728685
new3,Noto2024,0224,30,36.298458099365234,0.0,,0.0,,
new3,Noto2024,0224,60,36.298458099365234,23.701541900634766,0.23645165590638428,0.41943661182410796,,
new3,Noto2024,0224,90,36.298458099365234,53.701541900634766,0.4249171514832388,0.36018827674341214,,
new3,Noto2024,0224,120,36.298458099365234,83.70154190063477,0.5843441589270426,0.6501451149175344,,
new3,Noto2024,0224,160,36.298458099365234,123.70154190063477,0.6963728225282609,0.7226269093175253,,
new3,Noto2024,0224,200,36.298458099365234,163.70154190063477,0.7520481519611695,0.5173623603803277,0.7619429882533896,0.5174214377069974
new3,Noto2024,0225,30,40.656524658203125,0.0,,0.0,,
new3,Noto2024,0225,60,40.656524658203125,19.343475341796875,-0.09469115587198951,0.2542695380949098,,
new3,Noto2024,0225,90,40.656524658203125,49.343475341796875,0.0648115973383412,-0.16361097569005967,,
new3,Noto2024,0225,120,40.656524658203125,79.34347534179688,0.7282111784602755,0.32174903947510813,,
new3,Noto2024,0225,160,40.656524658203125,119.34347534179688,0.6747935453193851,0.7639419420525586,,
new3,Noto2024,0225,200,40.656524658203125,159.34347534179688,0.731375710019317,0.6862602410356731,0.7445703048210663,0.6863044364516453
new3,Noto2024,0226,30,47.408233642578125,0.0,,0.0,,
new3,Noto2024,0226,60,47.408233642578125,12.591766357421875,0.35260472442401597,0.6138525861773942,,
new3,Noto2024,0226,90,47.408233642578125,42.591766357421875,-0.5162935791182929,-0.06000294573967757,,
new3,Noto2024,0226,120,47.408233642578125,72.59176635742188,0.6496079875453891,0.5877482728738519,,
new3,Noto2024,0226,160,47.408233642578125,112.59176635742188,0.6776416919436775,0.6506626746483493,,
new3,Noto2024,0226,200,47.408233642578125,152.59176635742188,0.7677156551519498,0.7938076642232916,0.7824062086685977,0.7938520606174295
new3,Noto2024,0227,30,46.57784652709961,0.0,,0.0,,
new3,Noto2024,0227,60,46.57784652709961,13.42215347290039,0.4736085456704539,0.620821764482133,,
new3,Noto2024,0227,90,46.57784652709961,43.42215347290039,-0.28536823263231026,0.09332178829415749,,
new3,Noto2024,0227,120,46.57784652709961,73.42215347290039,0.7295641698580569,0.5696445229828244,,
new3,Noto2024,0227,160,46.57784652709961,113.42215347290039,0.6903502462174111,0.6612926978907554,,
new3,Noto2024,0227,200,46.57784652709961,153.4221534729004,0.785341012948108,0.6793401633636362,0.7982303628848663,0.6793860118232997
new3,Noto2024,0228,30,37.07001876831055,0.0,,0.0,,
new3,Noto2024,0228,60,37.07001876831055,22.929981231689453,-0.6419384444171937,0.40163750639404583,,
new3,Noto2024,0228,90,37.07001876831055,52.92998123168945,-0.4278688633925122,0.015460858059633154,,
new3,Noto2024,0228,120,37.07001876831055,82.92998123168945,0.13444872278511852,-0.00891442922807073,,
new3,Noto2024,0228,160,37.07001876831055,122.92998123168945,0.6320160771619939,0.20736998983065558,,
new3,Noto2024,0228,200,37.07001876831055,162.92998123168945,0.6701800889142259,0.13213101476857236,0.6869718457243082,0.13220493262737154
new3,Noto2024,0229,30,37.14897537231445,0.0,,0.0,,
new3,Noto2024,0229,60,37.14897537231445,22.851024627685547,0.004753701552662414,0.3397339208237842,,
new3,Noto2024,0229,90,37.14897537231445,52.85102462768555,0.07129464062608179,-0.09517019914536462,,
new3,Noto2024,0229,120,37.14897537231445,82.85102462768555,0.6468806842928219,0.44217014968095913,,
new3,Noto2024,0229,160,37.14897537231445,122.85102462768555,0.7840008460533673,0.7461814730926255,,
new3,Noto2024,0229,200,37.14897537231445,162.85102462768555,0.8080966267165955,0.5561265684620826,0.8162299953933917,0.5561882246131367
new3,Noto2024,0230,30,37.80586242675781,0.0,,0.0,,
new3,Noto2024,0230,60,37.80586242675781,22.194137573242188,-0.05348440596078084,0.4340461209526083,,
new3,Noto2024,0230,90,37.80586242675781,52.19413757324219,0.009030541084734535,0.16242973575042186,,
new3,Noto2024,0230,120,37.80586242675781,82.19413757324219,0.610123969429432,0.4803219514663182,,
new3,Noto2024,0230,160,37.80586242675781,122.19413757324219,0.791788593788712,0.7276253902131531,,
new3,Noto2024,0230,200,37.80586242675781,162.1941375732422,0.8148925308376638,0.5702970197318065,0.8228342539159412,0.5703596526629182
new3,Noto2024,0231,30,25.966590881347656,4.033409118652344,0.7901928103785711,0.140744120723852,,
new3,Noto2024,0231,60,25.966590881347656,34.033409118652344,-0.7157710049098581,-0.11893698895051763,,
new3,Noto2024,0231,90,25.966590881347656,64.03340911865234,0.16616825439946586,-0.4339420023610927,,
new3,Noto2024,0231,120,25.966590881347656,94.03340911865234,0.6366782537082906,-0.11265664692264199,,
new3,Noto2024,0231,160,25.966590881347656,134.03340911865234,0.6932127722997098,-0.07184644330461509,,
new3,Noto2024,0231,200,25.966590881347656,174.03340911865234,0.7192260497881061,-0.058225939228099044,0.7278474369402164,-0.058119098368287325
new3,Noto2024,0232,30,18.123329162597656,11.876670837402344,0.6442089642050493,-0.1532397811331112,,
new3,Noto2024,0232,60,18.123329162597656,41.876670837402344,-0.4422218380081976,-0.24924692252156433,,
new3,Noto2024,0232,90,18.123329162597656,71.87667083740234,0.4811800455985134,-0.47072091288640205,,
new3,Noto2024,0232,120,18.123329162597656,101.87667083740234,0.7166064023215885,-0.44422883891958964,,
new3,Noto2024,0232,160,18.123329162597656,141.87667083740234,0.8067080043981453,-0.37153797042024195,,
new3,Noto2024,0232,200,18.123329162597656,181.87667083740234,0.8310047780202799,-0.3833970002467524,0.8343136948516614,-0.3832866329903668
new3,Noto2024,0233,30,15.666488647460938,14.333511352539062,-0.3493322096312079,-0.13834125093143523,,
new3,Noto2024,0233,60,15.666488647460938,44.33351135253906,-0.44188721760218536,-0.5149989488930329,,
new3,Noto2024,0233,90,15.666488647460938,74.33351135253906,0.7951619534878925,0.14888406741740567,,
new3,Noto2024,0233,120,15.666488647460938,104.33351135253906,0.7717220287531835,-0.09810949281313253,,
new3,Noto2024,0233,160,15.666488647460938,144.33351135253906,0.7765534664729653,-0.08930410642079067,,
new3,Noto2024,0233,200,15.666488647460938,184.33351135253906,0.7749696038068047,-0.06496115437404182,0.7787357492118249,-0.0649214454244218
new3,Noto2024,0235,30,12.148785591125488,17.85121440887451,-0.5209271288183918,-0.6426212503247797,,
new3,Noto2024,0235,60,12.148785591125488,47.85121440887451,-0.24011284996261803,-0.7041166100799288,,
new3,Noto2024,0235,90,12.148785591125488,77.85121440887451,0.8146964329637993,0.22848067654807824,,
new3,Noto2024,0235,120,12.148785591125488,107.85121440887451,0.7896967802824699,0.1299995580968556,,
new3,Noto2024,0235,160,12.148785591125488,147.8512144088745,0.7892941567444085,0.16245620875007472,,
new3,Noto2024,0235,200,12.148785591125488,187.8512144088745,0.7695655058480662,0.18551887767107456,0.7725877578570618,0.18554414586617707
new3,Noto2024,0236,30,24.81159782409668,5.18840217590332,0.7514847265452427,0.35686461613321097,,
new3,Noto2024,0236,60,24.81159782409668,35.18840217590332,-0.579606763444884,-0.10551228306793359,,
new3,Noto2024,0236,90,24.81159782409668,65.18840217590332,0.7649280733059425,0.09086821540211787,,
new3,Noto2024,0236,120,24.81159782409668,95.18840217590332,0.7670848531271083,0.34883258706036724,,
new3,Noto2024,0236,160,24.81159782409668,135.18840217590332,0.7909301867838879,0.2515346894254522,,
new3,Noto2024,0236,200,24.81159782409668,175.18840217590332,0.800216922782144,0.24805226604308217,0.8056533945976893,0.24810118558811212
new3,Noto2024,0237,30,17.080772399902344,12.919227600097656,-0.1030453931461621,-0.14879528011806276,,
new3,Noto2024,0237,60,17.080772399902344,42.919227600097656,-0.7192622867250619,-0.7252658698328531,,
new3,Noto2024,0237,90,17.080772399902344,72.91922760009766,0.7574520037602182,0.2558974634014488,,
new3,Noto2024,0237,120,17.080772399902344,102.91922760009766,0.7458611656689133,0.1634118606661259,,
new3,Noto2024,0237,160,17.080772399902344,142.91922760009766,0.7606336658736504,0.21877046855848192,,
new3,Noto2024,0237,200,17.080772399902344,182.91922760009766,0.7306371961951419,0.24318505793516199,0.7360212760720367,0.24322173884254283
new3,Noto2024,0238,30,20.14466094970703,9.855339050292969,0.504774035793957,0.10061433459894165,,
new3,Noto2024,0238,60,20.14466094970703,39.85533905029297,-0.4466283842020569,-0.18923234601778205,,
new3,Noto2024,0238,90,20.14466094970703,69.85533905029297,0.780708654179123,0.12197831173869389,,
new3,Noto2024,0238,120,20.14466094970703,99.85533905029297,0.7404432559589115,0.4118041710661826,,
new3,Noto2024,0238,160,20.14466094970703,139.85533905029297,0.7421975656839415,0.32532300899963484,,
new3,Noto2024,0238,200,20.14466094970703,179.85533905029297,0.7485531710936683,0.32151633537492597,0.7543259295254533,0.3215528161192962
new3,Noto2024,0239,30,19.34555435180664,10.65444564819336,0.707528203485092,0.2726968731963426,,
new3,Noto2024,0239,60,19.34555435180664,40.65444564819336,-0.5322401153597737,-0.25470527891143924,,
new3,Noto2024,0239,90,19.34555435180664,70.65444564819336,0.7541983783032582,0.2968827803989269,,
new3,Noto2024,0239,120,19.34555435180664,100.65444564819336,0.7398838024353631,0.4129948381771298,,
new3,Noto2024,0239,160,19.34555435180664,140.65444564819336,0.7472517861860868,0.34849489763212915,,
new3,Noto2024,0239,200,19.34555435180664,180.65444564819336,0.750205907997313,0.3910826064694133,0.755626793716201,0.3911154790753715
new3,Noto2024,0240,30,17.22736358642578,12.772636413574219,-0.2732936567456535,-0.04148535410752707,,
new3,Noto2024,0240,60,17.22736358642578,42.77263641357422,-0.4572315672704119,-0.4775620370613609,,
new3,Noto2024,0240,90,17.22736358642578,72.77263641357422,0.7455839600452637,0.4066201597805845,,
new3,Noto2024,0240,120,17.22736358642578,102.77263641357422,0.7362080473085238,0.4178481920943442,,
new3,Noto2024,0240,160,17.22736358642578,142.77263641357422,0.7593257282024489,0.4186891732562872,,
new3,Noto2024,0240,200,17.22736358642578,182.77263641357422,0.7613120490296648,0.44489782427315117,0.7658398808546337,0.4449274040678288
new3,Noto2024,0241,30,12.508418083190918,17.491581916809082,-0.646777773120835,-0.5087485240263137,,
new3,Noto2024,0241,60,12.508418083190918,47.49158191680908,0.1818823895698527,-0.2806311395916907,,
new3,Noto2024,0241,90,12.508418083190918,77.49158191680908,0.7311260750844629,0.525096211817444,,
new3,Noto2024,0241,120,12.508418083190918,107.49158191680908,0.7459670302039242,0.426504282326964,,
new3,Noto2024,0241,160,12.508418083190918,147.49158191680908,0.753797795539328,0.4782991449211478,,
new3,Noto2024,0241,200,12.508418083190918,187.49158191680908,0.7573760738223619,0.5042096601870059,0.7605725714848625,0.504228471757382
new3,Noto2024,0242,30,19.2127685546875,10.7872314453125,0.34947140223005285,0.05291441897722127,,
new3,Noto2024,0242,60,19.2127685546875,40.7872314453125,-0.5555011970494086,-0.41963022733388566,,
new3,Noto2024,0242,90,19.2127685546875,70.7872314453125,0.7217446724532728,0.4095115150833353,,
new3,Noto2024,0242,120,19.2127685546875,100.7872314453125,0.6936266162480356,0.49147861651988745,,
new3,Noto2024,0242,160,19.2127685546875,140.7872314453125,0.7060477911173901,0.43523683399130686,,
new3,Noto2024,0242,200,19.2127685546875,180.7872314453125,0.7107222842259878,0.4682871977702563,0.7172462297710371,0.4683178011189497
new3,Noto2024,0243,30,10.460344314575195,19.539655685424805,-0.7284894688111767,-0.6653074624770472,,
new3,Noto2024,0243,60,10.460344314575195,49.539655685424805,0.18375984709788806,-0.05663469113302444,,
new3,Noto2024,0243,90,10.460344314575195,79.5396556854248,0.7233698876452971,0.5210801484168242,,
new3,Noto2024,0243,120,10.460344314575195,109.5396556854248,0.7315563455930637,0.42996165522797725,,
new3,Noto2024,0243,160,10.460344314575195,149.5396556854248,0.732039561234559,0.48519388418959863,,
new3,Noto2024,0243,200,10.460344314575195,189.5396556854248,0.7342967659014724,0.5235545758931748,0.7372493000615363,0.5235688253489501
new3,Noto2024,0244,30,16.118589401245117,13.881410598754883,-0.25766188802746504,-0.16407955078130776,,
new3,Noto2024,0244,60,16.118589401245117,43.88141059875488,-0.5615110769470822,-0.5839115846725038,,
new3,Noto2024,0244,90,16.118589401245117,73.88141059875488,0.698676136458317,0.4919498785853236,,
new3,Noto2024,0244,120,16.118589401245117,103.88141059875488,0.6886826874097859,0.42199693052527465,,
new3,Noto2024,0244,160,16.118589401245117,143.88141059875488,0.7135195062636915,0.45182371767076024,,
new3,Noto2024,0244,200,16.118589401245117,183.88141059875488,0.7172390852018036,0.5120007213305753,0.7225060736290457,0.5120259358070944
new3,Noto2024,0246,30,18.876625061035156,11.123374938964844,0.29796586621865434,0.10338365331530497,,
new3,Noto2024,0246,60,18.876625061035156,41.123374938964844,-0.5656458630421508,-0.6716367437579054,,
new3,Noto2024,0246,90,18.876625061035156,71.12337493896484,0.6979415344153354,0.38518125349624466,,
new3,Noto2024,0246,120,18.876625061035156,101.12337493896484,0.6814210141889837,0.49347397574951657,,
new3,Noto2024,0246,160,18.876625061035156,141.12337493896484,0.7042731976381266,0.43614735732447674,,
new3,Noto2024,0246,200,18.876625061035156,181.12337493896484,0.7226868761511451,0.47728150982579365,0.7284026267828058,0.4773126114533168
new3,Noto2024,0247,30,13.687883377075195,16.312116622924805,-0.21740569985152858,-0.29734290492481286,,
new3,Noto2024,0247,60,13.687883377075195,46.312116622924805,0.09251133965705485,-0.012962678957800122,,
new3,Noto2024,0247,90,13.687883377075195,76.3121166229248,0.6869433987922218,0.58168792111067,,
new3,Noto2024,0247,120,13.687883377075195,106.3121166229248,0.7166959225633719,0.4944521988635371,,
new3,Noto2024,0247,160,13.687883377075195,146.3121166229248,0.7280700441454007,0.5003333080351444,,
new3,Noto2024,0247,200,13.687883377075195,186.3121166229248,0.7347899441318304,0.5484742305134551,0.7386797154064563,0.5484933850521232
new3,Noto2024,0248,30,11.059189796447754,18.940810203552246,-0.1313725125116449,-0.2498731186531531,,
new3,Noto2024,0248,60,11.059189796447754,48.940810203552246,0.01298616876737927,-0.21902767713151228,,
new3,Noto2024,0248,90,11.059189796447754,78.94081020355225,0.7396838768194313,0.0737457710906595,,
new3,Noto2024,0248,120,11.059189796447754,108.94081020355225,0.7365147277075783,0.21227975675878685,,
new3,Noto2024,0248,160,11.059189796447754,148.94081020355225,0.6968678289678918,0.07392340162665345,,
new3,Noto2024,0248,200,11.059189796447754,188.94081020355225,0.7076611148810729,0.005199183031095345,0.7111326807649143,0.005220941704284776
new3,Noto2024,0250,30,13.029672622680664,16.970327377319336,-0.15712412859269706,-0.10584555107421778,,
new3,Noto2024,0250,60,13.029672622680664,46.970327377319336,0.3197809473829665,0.1882186088404154,,
new3,Noto2024,0250,90,13.029672622680664,76.97032737731934,0.7262451579024587,0.41678700205496977,,
new3,Noto2024,0250,120,13.029672622680664,106.97032737731934,0.7412993957229979,0.2766398949947897,,
new3,Noto2024,0250,160,13.029672622680664,146.97032737731934,0.7462824863653166,0.30112756244370065,,
new3,Noto2024,0250,200,13.029672622680664,186.97032737731934,0.7495066564658744,0.4170045049067994,0.753034262902607,0.4170262725307978
new3,Noto2024,0251,30,15.862573623657227,14.137426376342773,0.3082136957338312,0.31680069199731964,,
new3,Noto2024,0251,60,15.862573623657227,44.13742637634277,-0.3930258917143024,-0.27140486851598133,,
new3,Noto2024,0251,90,15.862573623657227,74.13742637634277,0.513798201318791,-0.13919214657451828,,
new3,Noto2024,0251,120,15.862573623657227,104.13742637634277,0.6780083987540133,-0.12679903586448216,,
new3,Noto2024,0251,160,15.862573623657227,144.13742637634277,0.7678016770497263,-0.32272093715181427,,
new3,Noto2024,0251,200,15.862573623657227,184.13742637634277,0.819225863088227,-0.3562177487325826,0.8220921717275268,-0.35616416871187795
new3,Noto2024,0253,30,1.409045934677124,28.590954065322876,-0.17677518351878158,-0.6677303815718956,,
new3,Noto2024,0253,60,1.409045934677124,58.590954065322876,0.25092751782775785,-0.2450943501655276,,
new3,Noto2024,0253,90,1.409045934677124,88.59095406532288,0.3814841518539209,-0.3403831592230686,,
new3,Noto2024,0253,120,1.409045934677124,118.59095406532288,0.45060471440628924,-0.34506094732783055,,
new3,Noto2024,0253,160,1.409045934677124,158.59095406532288,0.4746237153459926,-0.32016167232083603,,
new3,Noto2024,0253,200,1.409045934677124,198.59095406532288,0.3368341976137201,-0.19799320871984083,0.3281946733163022,-0.18981482123535898
new3,Noto2024,0255,30,18.374183654785156,11.625816345214844,0.28002078928613117,0.34539224986053796,,
new3,Noto2024,0255,60,18.374183654785156,41.625816345214844,-0.5243680631030808,-0.3240763085356022,,
new3,Noto2024,0255,90,18.374183654785156,71.62581634521484,0.6521030512314716,-0.3809193613415971,,
new3,Noto2024,0255,120,18.374183654785156,101.62581634521484,0.7104880293756975,-0.37680224689426023,,
new3,Noto2024,0255,160,18.374183654785156,141.62581634521484,0.7310169868329943,-0.40106934878802303,,
new3,Noto2024,0255,200,18.374183654785156,181.62581634521484,0.7358383975946593,-0.3987436729007028,0.7411594077632058,-0.3985768148309887
new3,Noto2024,0256,30,20.0152587890625,9.9847412109375,0.760993412523638,0.5551007782169703,,
new3,Noto2024,0256,60,20.0152587890625,39.9847412109375,-0.49328328152660794,-0.07714849169283422,,
new3,Noto2024,0256,90,20.0152587890625,69.9847412109375,0.5091262501994118,-0.2165742674734119,,
new3,Noto2024,0256,120,20.0152587890625,99.9847412109375,0.7231389445818195,-0.04821428741653211,,
new3,Noto2024,0256,160,20.0152587890625,139.9847412109375,0.7726390096423226,-0.19187864671189203,,
new3,Noto2024,0256,200,20.0152587890625,179.9847412109375,0.800441024345206,-0.2313298298429416,0.8049861344135938,-0.23125657217505857
new3,Noto2024,0257,30,22.008024215698242,7.991975784301758,0.8025146564902772,0.8171889377656951,,
new3,Noto2024,0257,60,22.008024215698242,37.99197578430176,-0.4897929246576073,0.013747798346933848,,
new3,Noto2024,0257,90,22.008024215698242,67.99197578430176,0.24193491229214573,-0.16713136613595037,,
new3,Noto2024,0257,120,22.008024215698242,97.99197578430176,0.6340754988535245,-0.2918882890216592,,
new3,Noto2024,0257,160,22.008024215698242,137.99197578430176,0.6832197957167189,-0.3266560379962966,,
new3,Noto2024,0257,200,22.008024215698242,177.99197578430176,0.696568843414057,-0.23844628217320718,0.7043595049877388,-0.23833180405125187
new3,Noto2024,0258,30,22.909671783447266,7.090328216552734,0.7327847483893354,0.42379374693854555,,
new3,Noto2024,0258,60,22.909671783447266,37.090328216552734,-0.6125582789993893,-0.12259112432010966,,
new3,Noto2024,0258,90,22.909671783447266,67.09032821655273,0.45467129160903824,-0.0709422578090626,,
new3,Noto2024,0258,120,22.909671783447266,97.09032821655273,0.689891559357018,-0.15573380208666077,,
new3,Noto2024,0258,160,22.909671783447266,137.09032821655273,0.7419056386457601,-0.18825280876925898,,
new3,Noto2024,0258,200,22.909671783447266,177.09032821655273,0.7746662915979741,-0.22125288250386177,0.7804730726937725,-0.22115401629049103
new3,Noto2024,0259,30,26.13633918762207,3.8636608123779297,,0.7254290587728391,,
new3,Noto2024,0259,60,26.13633918762207,33.86366081237793,-0.47179855559883926,0.05483345512016591,,
new3,Noto2024,0259,90,26.13633918762207,63.86366081237793,0.26580990917464936,-0.25147634242599803,,
new3,Noto2024,0259,120,26.13633918762207,93.86366081237793,0.7099844266860444,-0.03445768736353472,,
new3,Noto2024,0259,160,26.13633918762207,133.86366081237793,0.773668816805193,-0.16383141719979744,,
new3,Noto2024,0259,200,26.13633918762207,173.86366081237793,0.802086015528978,-0.19506305669049784,0.8081320386016917,-0.19494728459713162
new3,Noto2024,0263,30,25.88616943359375,4.11383056640625,0.8096612171785937,0.46755241623139465,,
new3,Noto2024,0263,60,25.88616943359375,34.11383056640625,-0.6456524803716623,-0.2949329972164181,,
new3,Noto2024,0263,90,25.88616943359375,64.11383056640625,0.45944920088558155,0.23794595207811664,,
new3,Noto2024,0263,120,25.88616943359375,94.11383056640625,0.7640469647441342,0.5155428364043422,,
new3,Noto2024,0263,160,25.88616943359375,134.11383056640625,0.7925310639524947,0.39679625604724134,,
new3,Noto2024,0263,200,25.88616943359375,174.11383056640625,0.8131169427993945,0.26893517348981977,0.8183508646100992,0.26898673271900453
new3,Noto2024,0264,30,29.372156143188477,0.6278438568115234,,1.52796528125773,,
new3,Noto2024,0264,60,29.372156143188477,30.627843856811523,-0.38217589719812534,0.007332307711434005,,
new3,Noto2024,0264,90,29.372156143188477,60.62784385681152,0.4691873917672295,0.14216317670073142,,
new3,Noto2024,0264,120,29.372156143188477,90.62784385681152,0.710157491185879,0.6249466484888861,,
new3,Noto2024,0264,160,29.372156143188477,130.62784385681152,0.7776076165911413,0.582054503477738,,
new3,Noto2024,0264,200,29.372156143188477,170.62784385681152,0.8005637538175354,0.44319153576644066,0.8071754410106713,0.44324528490012227
new3,Noto2024,0265,30,16.329036712646484,13.670963287353516,-0.13490840740698729,-0.04676529494001613,,
new3,Noto2024,0265,60,16.329036712646484,43.670963287353516,-0.37534602330570915,-0.4532545888151249,,
new3,Noto2024,0265,90,16.329036712646484,73.67096328735352,0.7093862019328505,0.5184990039974666,,
new3,Noto2024,0265,120,16.329036712646484,103.67096328735352,0.6954246968869777,0.4904138585683624,,
new3,Noto2024,0265,160,16.329036712646484,143.67096328735352,0.7176769527737753,0.48928394621176086,,
new3,Noto2024,0265,200,16.329036712646484,183.67096328735352,0.7297319265799196,0.5374410917406065,0.7346417688273851,0.5374663213469519
new3,Noto2024,0266,30,12.998263359069824,17.001736640930176,-0.6423898943183087,-0.3557509714146381,,
new3,Noto2024,0266,60,12.998263359069824,47.001736640930176,0.293395129625179,0.1993952484492585,,
new3,Noto2024,0266,90,12.998263359069824,77.00173664093018,0.7021306248268601,0.5838736750197997,,
new3,Noto2024,0266,120,12.998263359069824,107.00173664093018,0.7270759166297321,0.4232819967842998,,
new3,Noto2024,0266,160,12.998263359069824,147.00173664093018,0.7324032421183231,0.4621601006931044,,
new3,Noto2024,0266,200,12.998263359069824,187.00173664093018,0.7337985148192085,0.5195001148733978,0.7373454947848526,0.5195188147484346
new3,Noto2024,0267,30,16.02725601196289,13.97274398803711,-0.1468195591556804,-0.044066901605541275,,
new3,Noto2024,0267,60,16.02725601196289,43.97274398803711,-0.37498895795295883,-0.29771059884901074,,
new3,Noto2024,0267,90,16.02725601196289,73.97274398803711,0.6763370028850414,0.528039705295785,,
new3,Noto2024,0267,120,16.02725601196289,103.97274398803711,0.6618179939680365,0.5256604157088196,,
new3,Noto2024,0267,160,16.02725601196289,143.9727439880371,0.6842675697587008,0.4912703765260007,,
new3,Noto2024,0267,200,16.02725601196289,183.9727439880371,0.6964129640407283,0.5507398086463668,0.7021278625082629,0.5507630239531585
new3,Noto2024,0268,30,19.575246810913086,10.424753189086914,0.36921855828033584,0.2651064614714782,,
new3,Noto2024,0268,60,19.575246810913086,40.424753189086914,-0.5308200487252541,-0.38651640716048075,,
new3,Noto2024,0268,90,19.575246810913086,70.42475318908691,0.7052123861193482,0.4977480422106142,,
new3,Noto2024,0268,120,19.575246810913086,100.42475318908691,0.6503885230635014,0.5458859284039876,,
new3,Noto2024,0268,160,19.575246810913086,140.4247531890869,0.6710672978716676,0.5002744909315426,,
new3,Noto2024,0268,200,19.575246810913086,180.4247531890869,0.693962789897826,0.47435007656183803,0.7007171993165159,0.474381356358033
new3,Noto2024,0269,30,22.31069564819336,7.689304351806641,0.6618401186555429,0.37182916347756123,,
new3,Noto2024,0269,60,22.31069564819336,37.68930435180664,-0.6843173663722444,-0.44867318398928724,,
new3,Noto2024,0269,90,22.31069564819336,67.68930435180664,0.5278237779166004,0.44421224558036254,,
new3,Noto2024,0269,120,22.31069564819336,97.68930435180664,0.6951555905329929,0.6934448125184494,,
new3,Noto2024,0269,160,22.31069564819336,137.68930435180664,0.6953066492304996,0.5065305713544861,,
new3,Noto2024,0269,200,22.31069564819336,177.68930435180664,0.7280686988812959,0.45478908659184203,0.7347833609440412,0.45482566627317045
new3,Noto2024,0270,30,17.956220626831055,12.043779373168945,-0.013457161616695282,0.22234776966980974,,
new3,Noto2024,0270,60,17.956220626831055,42.043779373168945,-0.24090441772746346,-0.24580438167938468,,
new3,Noto2024,0270,90,17.956220626831055,72.04377937316895,0.7252915106857333,0.48780847588830323,,
new3,Noto2024,0270,120,17.956220626831055,102.04377937316895,0.6818347882997651,0.4064316875241092,,
new3,Noto2024,0270,160,17.956220626831055,142.04377937316895,0.7024486017514496,0.425931110929052,,
new3,Noto2024,0270,200,17.956220626831055,182.04377937316895,0.7206134211431432,0.47911268268726825,0.7259540823470372,0.47914165748714055
new3,Noto2024,0271,30,20.990610122680664,9.009389877319336,0.7645871789007005,0.34762689546348025,,
new3,Noto2024,0271,60,20.990610122680664,39.009389877319336,-0.3951163755164239,-0.14480181105792855,,
new3,Noto2024,0271,90,20.990610122680664,69.00938987731934,0.6447928866144547,0.4915381320449912,,
new3,Noto2024,0271,120,20.990610122680664,99.00938987731934,0.6363737900723596,0.5767546310519327,,
new3,Noto2024,0271,160,20.990610122680664,139.00938987731934,0.6435276208437197,0.49768649345675176,,
new3,Noto2024,0271,200,20.990610122680664,179.00938987731934,0.6667652260552209,0.5121193652615466,0.6748779291856216,0.5121497289336547
new3,Noto2024,0272,30,23.40497398376465,6.595026016235352,0.5994215500495339,0.5848714440906964,,
new3,Noto2024,0272,60,23.40497398376465,36.59502601623535,-0.6148971159380172,-0.2635863764148372,,
new3,Noto2024,0272,90,23.40497398376465,66.59502601623535,0.5404545261086353,0.4350534598381799,,
new3,Noto2024,0272,120,23.40497398376465,96.59502601623535,0.7082141500907454,0.6890769011833937,,
new3,Noto2024,0272,160,23.40497398376465,136.59502601623535,0.6971474900921848,0.4754697735429403,,
new3,Noto2024,0272,200,23.40497398376465,176.59502601623535,0.7335123530009372,0.42432769819263694,0.7402707936442727,0.4243655129206303
new3,Noto2024,0273,30,20.914159774780273,9.085840225219727,0.573620120806764,0.3336215515512846,,
new3,Noto2024,0273,60,20.914159774780273,39.08584022521973,-0.4941473826938082,-0.2686777387522259,,
new3,Noto2024,0273,90,20.914159774780273,69.08584022521973,0.6498573009881911,0.4062548799761698,,
new3,Noto2024,0273,120,20.914159774780273,99.08584022521973,0.6684022005464704,0.5063032461518757,,
new3,Noto2024,0273,160,20.914159774780273,139.08584022521973,0.6749595081672762,0.43295614826376294,,
new3,Noto2024,0273,200,20.914159774780273,179.08584022521973,0.7090381199348135,0.4349836674364793,0.7155849222079116,0.43501809792647084
new3,Noto2024,0274,30,24.528230667114258,5.471769332885742,0.7777134059346311,0.7782871308826129,,
new3,Noto2024,0274,60,24.528230667114258,35.47176933288574,-0.6165139671050845,-0.39882171726155224,,
new3,Noto2024,0274,90,24.528230667114258,65.47176933288574,0.49791145737116216,0.12093176648733817,,
new3,Noto2024,0274,120,24.528230667114258,95.47176933288574,0.7779232450467427,0.3451117008126401,,
new3,Noto2024,0274,160,24.528230667114258,135.47176933288574,0.7915376240059622,-0.017107204788731956,,
new3,Noto2024,0274,200,24.528230667114258,175.47176933288574,0.8286948059381716,-0.0926056984609005,0.8331087717029431,-0.09254095039855059
new3,Noto2024,0275,30,28.601194381713867,1.3988056182861328,,1.2079249751903873,,
new3,Noto2024,0275,60,28.601194381713867,31.398805618286133,-0.18549502450333355,0.14270006021383175,,
new3,Noto2024,0275,90,28.601194381713867,61.39880561828613,0.4414618159010098,0.10288569048998131,,
new3,Noto2024,0275,120,28.601194381713867,91.39880561828613,0.6791169484934123,0.4853098872469346,,
new3,Noto2024,0275,160,28.601194381713867,131.39880561828613,0.7565381449572384,0.46603817000925307,,
new3,Noto2024,0275,200,28.601194381713867,171.39880561828613,0.8130353682887014,0.3217731385742155,0.8188466709093999,0.32182460869281915
new3,Noto2024,0276,30,28.41927146911621,1.580728530883789,,0.891670918360381,,
new3,Noto2024,0276,60,28.41927146911621,31.58072853088379,-0.54730268699512,-0.09100982931759383,,
new3,Noto2024,0276,90,28.41927146911621,61.58072853088379,0.25060094431423724,-0.2298492605442135,,
new3,Noto2024,0276,120,28.41927146911621,91.58072853088379,0.647453052779757,0.04145468247679407,,
new3,Noto2024,0276,160,28.41927146911621,131.5807285308838,0.751988389514405,0.0620546228915444,,
new3,Noto2024,0276,200,28.41927146911621,171.5807285308838,0.7596134443579253,-0.12245989305470317,0.7677874181779729,-0.12226437666970735
new3,Noto2024,0277,30,31.496803283691406,0.0,,0.0,,
new3,Noto2024,0277,60,31.496803283691406,28.503196716308594,0.0202111311017971,0.12901593077137807,,
new3,Noto2024,0277,90,31.496803283691406,58.503196716308594,0.3598338305359419,0.14453710232748573,,
new3,Noto2024,0277,120,31.496803283691406,88.5031967163086,0.7399635958547737,0.39473849885801826,,
new3,Noto2024,0277,160,31.496803283691406,128.5031967163086,0.8165374751814369,0.379281278680466,,
new3,Noto2024,0277,200,31.496803283691406,168.5031967163086,0.8496384120389685,0.31340549351471747,0.85492424635734,0.3134692848700098
new3,Noto2024,0278,30,31.800697326660156,0.0,,0.0,,
new3,Noto2024,0278,60,31.800697326660156,28.199302673339844,-0.0927853919893425,0.08344995508364672,,
new3,Noto2024,0278,90,31.800697326660156,58.199302673339844,0.395481536477152,-0.05696934408964882,,
new3,Noto2024,0278,120,31.800697326660156,88.19930267333984,0.737948371262367,0.200970382822514,,
new3,Noto2024,0278,160,31.800697326660156,128.19930267333984,0.8328261407143864,0.20512608938244625,,
new3,Noto2024,0278,200,31.800697326660156,168.19930267333984,0.8381302194498017,0.0934315554068137,0.8440169774017693,0.0935320786906404
new3,Noto2024,0279,30,16.357528686523438,13.642471313476562,0.3762140929899595,0.06980999767422436,,
new3,Noto2024,0279,60,16.357528686523438,43.64247131347656,-0.20383353701549936,-0.12614182849489008,,
new3,Noto2024,0279,90,16.357528686523438,73.64247131347656,0.6782774725824144,0.11225009800367491,,
new3,Noto2024,0279,120,16.357528686523438,103.64247131347656,0.7168303177859834,0.23307857632545836,,
new3,Noto2024,0279,160,16.357528686523438,143.64247131347656,0.7344523197119095,0.11522217990462735,,
new3,Noto2024,0279,200,16.357528686523438,183.64247131347656,0.7583595662459609,0.15907978693995517,0.7622172814944298,0.15911540193033336
new3,Noto2024,0280,30,20.855112075805664,9.144887924194336,0.7514553640479017,0.5011726907264151,,
new3,Noto2024,0280,60,20.855112075805664,39.144887924194336,-0.5728875210786813,-0.32676571831338475,,
new3,Noto2024,0280,90,20.855112075805664,69.14488792419434,0.48413668301024004,-0.15540144186067284,,
new3,Noto2024,0280,120,20.855112075805664,99.14488792419434,0.667022308825698,-0.0018164019465629622,,
new3,Noto2024,0280,160,20.855112075805664,139.14488792419434,0.7337784214103357,-0.18645460699659555,,
new3,Noto2024,0280,200,20.855112075805664,179.14488792419434,0.7555442479740825,-0.22114661786896495,0.7612898890913403,-0.22095634498498828
new3,Noto2024,0281,30,21.59101104736328,8.408988952636719,0.5233926368716406,0.34370478211423006,,
new3,Noto2024,0281,60,21.59101104736328,38.40898895263672,-0.4033240146021627,-0.05931882275086586,,
new3,Noto2024,0281,90,21.59101104736328,68.40898895263672,0.5631199558926854,0.29134590791143733,,
new3,Noto2024,0281,120,21.59101104736328,98.40898895263672,0.6455207511007662,0.4107528548734125,,
new3,Noto2024,0281,160,21.59101104736328,138.40898895263672,0.6692665325595454,0.2669456398699621,,
new3,Noto2024,0281,200,21.59101104736328,178.40898895263672,0.7080432837395234,0.2576707457691141,0.714992149998476,0.25771344065093604
new3,Noto2024,0284,30,25.887592315673828,4.112407684326172,0.8091649361307829,0.5850071153513481,,
new3,Noto2024,0284,60,25.887592315673828,34.11240768432617,-0.5960368252246342,-0.22703739385721367,,
new3,Noto2024,0284,90,25.887592315673828,64.11240768432617,0.44054517544674804,0.03969090190564639,,
new3,Noto2024,0284,120,25.887592315673828,94.11240768432617,0.7047382414946439,0.0059840832250372955,,
new3,Noto2024,0284,160,25.887592315673828,134.11240768432617,0.7292180054848518,-0.21611378381009683,,
new3,Noto2024,0284,200,25.887592315673828,174.11240768432617,0.7389288378736072,-0.29870463838360894,0.7468120311474754,-0.29852648469296383
new3,Noto2024,0287,30,26.484689712524414,3.515310287475586,,0.8481294161012753,,
new3,Noto2024,0287,60,26.484689712524414,33.515310287475586,-0.4174708730891503,0.0514388289460328,,
new3,Noto2024,0287,90,26.484689712524414,63.515310287475586,0.3970727440395669,0.024049546507908026,,
new3,Noto2024,0287,120,26.484689712524414,93.51531028747559,0.6677772612165837,0.10850607671302281,,
new3,Noto2024,0287,160,26.484689712524414,133.5153102874756,0.717280243312218,-0.10456697412744109,,
new3,Noto2024,0287,200,26.484689712524414,173.5153102874756,0.7628674545899843,-0.2006560083935014,0.7702917514014239,-0.20050272826606363
new3,Noto2024,0292,30,29.958118438720703,0.041881561279296875,,0.5639429464761427,,
new3,Noto2024,0292,60,29.958118438720703,30.041881561279297,-0.39662917812325194,0.20509649703179633,,
new3,Noto2024,0292,90,29.958118438720703,60.0418815612793,0.4092408592573693,0.0005376680900397446,,
new3,Noto2024,0292,120,29.958118438720703,90.0418815612793,0.7191738793489414,0.2733580178158137,,
new3,Noto2024,0292,160,29.958118438720703,130.0418815612793,0.7761587245860541,0.06218246091526236,,
new3,Noto2024,0292,200,29.958118438720703,170.0418815612793,0.8029466647381234,0.0619378618739832,0.8096762909232446,0.062024951800428774
new3,Noto2024,0293,30,31.42337989807129,0.0,,0.0,,
new3,Noto2024,0293,60,31.42337989807129,28.57662010192871,-0.1604634007412982,0.04512465981401892,,
new3,Noto2024,0293,90,31.42337989807129,58.57662010192871,0.27283540197398276,-0.08748964460282149,,
new3,Noto2024,0293,120,31.42337989807129,88.57662010192871,0.6437910334040023,0.036642094665116254,,
new3,Noto2024,0293,160,31.42337989807129,128.5766201019287,0.7412487476605135,-0.08977440982687579,,
new3,Noto2024,0293,200,31.42337989807129,168.5766201019287,0.7560170646616652,-0.14189314062119696,0.7652978428712328,-0.1412933176953075
new3,Noto2024,0295,30,35.552978515625,0.0,,0.0,,
new3,Noto2024,0295,60,35.552978515625,24.447021484375,0.3916013747790158,0.5440100826476693,,
new3,Noto2024,0295,90,35.552978515625,54.447021484375,0.309416436672274,0.2533563083379322,,
new3,Noto2024,0295,120,35.552978515625,84.447021484375,0.6282928235815156,0.29528230189457627,,
new3,Noto2024,0295,160,35.552978515625,124.447021484375,0.7328385204158362,0.375720785148677,,
new3,Noto2024,0295,200,35.552978515625,164.447021484375,0.7660846685778907,0.36200604363489663,0.7756445681517793,0.3621022299822769
new3,Noto2024,0296,30,37.98939895629883,0.0,,0.0,,
new3,Noto2024,0296,60,37.98939895629883,22.010601043701172,-0.07213061183441949,0.3466355588863834,,
new3,Noto2024,0296,90,37.98939895629883,52.01060104370117,0.2560224942115884,0.3345384673610594,,
new3,Noto2024,0296,120,37.98939895629883,82.01060104370117,0.6838055089994132,0.39328498608282825,,
new3,Noto2024,0296,160,37.98939895629883,122.01060104370117,0.7998184477888334,0.6334812325877719,,
new3,Noto2024,0296,200,37.98939895629883,162.01060104370117,0.8126395594099342,0.46990133581384885,0.8203355319331884,0.46997240029565557
new3,Noto2024,0297,30,41.45286178588867,0.0,,0.0,,
new3,Noto2024,0297,60,41.45286178588867,18.547138214111328,-0.05610356933935027,0.5546846738219626,,
new3,Noto2024,0297,90,41.45286178588867,48.54713821411133,-0.1055178194840357,0.1577000026298352,,
new3,Noto2024,0297,120,41.45286178588867,78.54713821411133,0.5918008791415623,0.2776040143516054,,
new3,Noto2024,0297,160,41.45286178588867,118.54713821411133,0.7525839101639912,0.19852397844276926,,
new3,Noto2024,0297,200,41.45286178588867,158.54713821411133,0.7709719233113682,0.07800321490658302,0.7832705689189938,0.07813368549123112
new3,Noto2024,0309,30,36.989112854003906,0.0,,0.0,,
new3,Noto2024,0309,60,36.989112854003906,23.010887145996094,0.4750332922578803,0.4418310301826569,,
new3,Noto2024,0309,90,36.989112854003906,53.010887145996094,0.15546599444648965,0.05435068914387209,,
new3,Noto2024,0309,120,36.989112854003906,83.0108871459961,0.5554818024964929,-0.21431748497597436,,
new3,Noto2024,0309,160,36.989112854003906,123.0108871459961,0.7876109776833191,-0.15642904517111322,,
new3,Noto2024,0309,200,36.989112854003906,163.0108871459961,0.800288819333634,-0.23003885294241844,0.8092148581904196,-0.2298936827832021
new3,Noto2024,0351,30,44.35023498535156,0.0,,0.0,,
new3,Noto2024,0351,60,44.35023498535156,15.649765014648438,0.24084784589217298,0.7508258500239311,,
new3,Noto2024,0351,90,44.35023498535156,45.64976501464844,-0.12238573047864386,0.3635984241334871,,
new3,Noto2024,0351,120,44.35023498535156,75.64976501464844,0.59196783997228,0.0631214938042417,,
new3,Noto2024,0351,160,44.35023498535156,115.64976501464844,0.5739489393562451,-0.4237835774220544,,
new3,Noto2024,0351,200,44.35023498535156,155.64976501464844,0.4383210643607376,-0.34279878524916096,0.46826039266942454,-0.3422114544385151
new3,Noto2024,0383,30,52.16269302368164,0.0,,0.0,,
new3,Noto2024,0383,60,52.16269302368164,7.837306976318359,0.8192060609689951,0.9326235915414554,,
new3,Noto2024,0383,90,52.16269302368164,37.83730697631836,-0.1708176501224795,0.20226782312114988,,
new3,Noto2024,0383,120,52.16269302368164,67.83730697631836,0.5825310404462157,-0.02639723829881735,,
new3,Noto2024,0383,160,52.16269302368164,107.83730697631836,0.7286994668575183,-0.16399861926946802,,
new3,Noto2024,0383,200,52.16269302368164,147.83730697631836,0.8155731949464254,-0.22352224249367225,0.8283898980729468,-0.22333321641636683
new3,Noto2024,0551,30,44.115478515625,0.0,,0.0,,
new3,Noto2024,0551,60,44.115478515625,15.884521484375,0.6123623609114204,0.7898458568936082,,
new3,Noto2024,0551,90,44.115478515625,45.884521484375,-0.2060227760375246,0.3532157918226755,,
new3,Noto2024,0551,120,44.115478515625,75.884521484375,0.5251156988707205,0.005132484564261297,,
new3,Noto2024,0551,160,44.115478515625,115.884521484375,0.6899378900479762,0.054090808128665735,,
new3,Noto2024,0551,200,44.115478515625,155.884521484375,0.7280440125734506,0.06623430573614986,0.744496978061975,0.06645052554694786
new3,Noto2024,0552,30,44.85736083984375,0.0,,0.0,,
new3,Noto2024,0552,60,44.85736083984375,15.14263916015625,0.5568934173916099,0.7963987326532447,,
new3,Noto2024,0552,90,44.85736083984375,45.14263916015625,-0.40016136856328355,0.021048878928882075,,
new3,Noto2024,0552,120,44.85736083984375,75.14263916015625,0.3477179611714069,0.03089627992830657,,
new3,Noto2024,0552,160,44.85736083984375,115.14263916015625,0.6521740088033805,-0.012018186495114769,,
new3,Noto2024,0552,200,44.85736083984375,155.14263916015625,0.6031860219375615,0.07948841205203916,0.6289302905541034,0.0795495440271976
new3,Noto2024,0555,30,36.4080696105957,0.0,,0.0,,
new3,Noto2024,0555,60,36.4080696105957,23.591930389404297,-0.6111928839202518,0.1277372502919416,,
new3,Noto2024,0555,90,36.4080696105957,53.5919303894043,-0.327611593786997,-0.2136158250046405,,
new3,Noto2024,0555,120,36.4080696105957,83.5919303894043,0.5070088360340063,-0.4981571302976988,,
new3,Noto2024,0555,160,36.4080696105957,123.5919303894043,0.6341768558332952,-0.5589848512062501,,
new3,Noto2024,0555,200,36.4080696105957,163.5919303894043,0.688626047510984,-0.6235898879280297,0.7034497399185864,-0.6234808533911789
new3,Noto2024,0556,30,37.16170883178711,0.0,,0.0,,
new3,Noto2024,0556,60,37.16170883178711,22.83829116821289,0.34991504007702795,0.4726851104572889,,
new3,Noto2024,0556,90,37.16170883178711,52.83829116821289,0.2359110406715042,0.1281914145735712,,
new3,Noto2024,0556,120,37.16170883178711,82.83829116821289,0.6007209910558984,-0.23083892278599194,,
new3,Noto2024,0556,160,37.16170883178711,122.83829116821289,0.7180103077882817,-0.20453294822488477,,
new3,Noto2024,0556,200,37.16170883178711,162.8382911682129,0.7431535022359408,-0.2254381643205532,0.755051800168852,-0.22534543306132537
new3,Noto2024,0557,30,34.65248107910156,0.0,,0.0,,
new3,Noto2024,0557,60,34.65248107910156,25.347518920898438,0.2092528488405384,0.34735917958147855,,
new3,Noto2024,0557,90,34.65248107910156,55.34751892089844,0.03886574106888491,-0.07324239852730408,,
new3,Noto2024,0557,120,34.65248107910156,85.34751892089844,0.48624565842192957,-0.16274099311802104,,
new3,Noto2024,0557,160,34.65248107910156,125.34751892089844,0.719792395740627,-0.05874664878426028,,
new3,Noto2024,0557,200,34.65248107910156,165.34751892089844,0.7632592630716278,-0.2055386687760814,0.7732428523536432,-0.20542536083548413
new3,Noto2024,0559,30,32.82959747314453,0.0,,0.0,,
new3,Noto2024,0559,60,32.82959747314453,27.17040252685547,-0.3202955009504504,0.2948835894265587,,
new3,Noto2024,0559,90,32.82959747314453,57.17040252685547,0.01150791398510073,-0.061610762636561844,,
new3,Noto2024,0559,120,32.82959747314453,87.17040252685547,0.5227166053792172,-0.14953082789639627,,
new3,Noto2024,0559,160,32.82959747314453,127.17040252685547,0.6475420802005492,0.33153554171721833,,
new3,Noto2024,0559,200,32.82959747314453,167.17040252685547,0.6681590857017804,0.10313126198619482,0.6821237535099746,0.10319165729277557
new3,Noto2024,0561,30,32.058013916015625,0.0,,0.0,,
new3,Noto2024,0561,60,32.058013916015625,27.941986083984375,0.15651488425641505,0.34127788208184207,,
new3,Noto2024,0561,90,32.058013916015625,57.941986083984375,0.3386973545761266,0.15127350419580932,,
new3,Noto2024,0561,120,32.058013916015625,87.94198608398438,0.744080750819349,0.36723960911900644,,
new3,Noto2024,0561,160,32.058013916015625,127.94198608398438,0.7996827764460436,0.45325728925647457,,
new3,Noto2024,0561,200,32.058013916015625,167.94198608398438,0.8282635420204114,0.34051013011449527,0.8342883143693489,0.3405706846959733
new3,Noto2024,0563,30,26.54742431640625,3.45257568359375,,0.7296345074365593,,
new3,Noto2024,0563,60,26.54742431640625,33.45257568359375,-0.3331390852166607,-0.010605104763032891,,
new3,Noto2024,0563,90,26.54742431640625,63.45257568359375,0.6971694085322706,0.3450971916116172,,
new3,Noto2024,0563,120,26.54742431640625,93.45257568359375,0.7292418443089359,0.44033318033949786,,
new3,Noto2024,0563,160,26.54742431640625,133.45257568359375,0.7575341162054768,0.3876525982990229,,
new3,Noto2024,0563,200,26.54742431640625,173.45257568359375,0.7881695382913081,0.36303896471100483,0.7944017270644903,0.3630896202719711
new3,Noto2024,0564,30,25.683971405029297,4.316028594970703,0.7728968244125318,0.45528490728727444,,
new3,Noto2024,0564,60,25.683971405029297,34.3160285949707,-0.5959604575851271,-0.002294417121791348,,
new3,Noto2024,0564,90,25.683971405029297,64.3160285949707,0.3968976098920115,-0.1702480441101768,,
new3,Noto2024,0564,120,25.683971405029297,94.3160285949707,0.7823741265398023,0.22179597519977534,,
new3,Noto2024,0564,160,25.683971405029297,134.3160285949707,0.789634862128229,0.07639637461626858,,
new3,Noto2024,0564,200,25.683971405029297,174.3160285949707,0.7965598046999953,-0.01651674546011339,0.8024047467906803,-0.016454087017021557
new3,Noto2024,0565,30,14.416606903076172,15.583393096923828,0.40459726660094086,-0.08724994193331792,,
new3,Noto2024,0565,60,14.416606903076172,45.58339309692383,-0.12218557871875685,-0.4184973676198114,,
new3,Noto2024,0565,90,14.416606903076172,75.58339309692383,0.739749797366795,0.1673926844101601,,
new3,Noto2024,0565,120,14.416606903076172,105.58339309692383,0.7458736481984829,-0.1808161225857292,,
new3,Noto2024,0565,160,14.416606903076172,145.58339309692383,0.7793325656721766,-0.21591014967171418,,
new3,Noto2024,0565,200,14.416606903076172,185.58339309692383,0.796027381436905,-0.22641025512244095,0.7991660650109013,-0.22636279242451263
new3,Noto2024,0566,30,16.105897903442383,13.894102096557617,-0.32379379153935345,-0.15199299709052383,,
new3,Noto2024,0566,60,16.105897903442383,43.89410209655762,-0.5955838574189534,-0.6311975240185772,,
new3,Noto2024,0566,90,16.105897903442383,73.89410209655762,0.7724283351693362,0.3868041346034614,,
new3,Noto2024,0566,120,16.105897903442383,103.89410209655762,0.7519458903325169,0.28537490369421903,,
new3,Noto2024,0566,160,16.105897903442383,143.89410209655762,0.7729354410625617,0.3507055979331213,,
new3,Noto2024,0566,200,16.105897903442383,183.89410209655762,0.7759642431714064,0.4123557924853216,0.7799217607606035,0.41238419145492156
new3,Noto2024,0567,30,14.131271362304688,15.868728637695312,-0.4560469057668513,-0.37323402649056625,,
new3,Noto2024,0567,60,14.131271362304688,45.86872863769531,-0.03444721442135622,-0.6482985536470594,,
new3,Noto2024,0567,90,14.131271362304688,75.86872863769531,0.7616423894643276,0.44848094932578686,,
new3,Noto2024,0567,120,14.131271362304688,105.86872863769531,0.7491232001221481,0.35410535991024705,,
new3,Noto2024,0567,160,14.131271362304688,145.8687286376953,0.7682302286578215,0.4146339722390264,,
new3,Noto2024,0567,200,14.131271362304688,185.8687286376953,0.7753242075221576,0.475084043155273,0.7787438722055297,0.4751070216779567
new3,Noto2024,0568,30,19.755836486816406,10.244163513183594,0.44797396522347893,0.033639260867755816,,
new3,Noto2024,0568,60,19.755836486816406,40.244163513183594,-0.6475897472230906,-0.3632464019347168,,
new3,Noto2024,0568,90,19.755836486816406,70.2441635131836,0.7379112530264184,0.30917212545431294,,
new3,Noto2024,0568,120,19.755836486816406,100.2441635131836,0.6968702129302862,0.39511585418101447,,
new3,Noto2024,0568,160,19.755836486816406,140.2441635131836,0.7206650159439285,0.3612320825420765,,
new3,Noto2024,0568,200,19.755836486816406,180.2441635131836,0.7174413677527927,0.3607612375346605,0.7238324782293959,0.3607967762160982
new3,Noto2024,0569,30,12.548673629760742,17.451326370239258,-0.4370311363216508,-0.42487379858690844,,
new3,Noto2024,0569,60,12.548673629760742,47.45132637023926,0.022833298705735486,-0.1600064024913994,,
new3,Noto2024,0569,90,12.548673629760742,77.45132637023926,0.689147401788933,0.5881412999481617,,
new3,Noto2024,0569,120,12.548673629760742,107.45132637023926,0.7337109935869058,0.43478454743760153,,
new3,Noto2024,0569,160,12.548673629760742,147.45132637023926,0.7455108857160987,0.4803447840510371,,
new3,Noto2024,0569,200,12.548673629760742,187.45132637023926,0.7525860630569121,0.5334451099619075,0.7558666077872696,0.5334626567492604
new3,Noto2024,0570,30,10.396300315856934,19.603699684143066,-0.6579415923653434,-0.6009390046511971,,
new3,Noto2024,0570,60,10.396300315856934,49.603699684143066,0.22416967062798712,0.03334030624895412,,
new3,Noto2024,0570,90,10.396300315856934,79.60369968414307,0.7200371534743094,0.5204781431462271,,
new3,Noto2024,0570,120,10.396300315856934,109.60369968414307,0.7272142109464338,0.39387020443808485,,
new3,Noto2024,0570,160,10.396300315856934,149.60369968414307,0.7248869908223818,0.4558072946119367,,
new3,Noto2024,0570,200,10.396300315856934,189.60369968414307,0.7276707933744654,0.4999055527389773,0.7307010521483454,0.4999199435787629
new3,Noto2024,0571,30,20.48548698425293,9.51451301574707,0.7363169493119537,0.17708883393816155,,
new3,Noto2024,0571,60,20.48548698425293,39.51451301574707,-0.4238162698571878,-0.12713841282310057,,
new3,Noto2024,0571,90,20.48548698425293,69.51451301574707,0.7717411954578804,0.22128670510657145,,
new3,Noto2024,0571,120,20.48548698425293,99.51451301574707,0.7575126213785558,0.44334310615503814,,
new3,Noto2024,0571,160,20.48548698425293,139.51451301574707,0.7605764644017812,0.35343213020791353,,
new3,Noto2024,0571,200,20.48548698425293,179.51451301574707,0.7684732334691617,0.3074007537902643,0.773662172195248,0.30744211194955096
new3,Noto2024,0572,30,10.732914924621582,19.267085075378418,-0.7438827886562084,-0.4448844829405161,,
new3,Noto2024,0572,60,10.732914924621582,49.26708507537842,0.27065092852819755,0.0029150383094247445,,
new3,Noto2024,0572,90,10.732914924621582,79.26708507537842,0.7468459925526814,0.3747381551899025,,
new3,Noto2024,0572,120,10.732914924621582,109.26708507537842,0.7557874469346941,0.24869775067876265,,
new3,Noto2024,0572,160,10.732914924621582,149.26708507537842,0.7593569039541991,0.28239866669200087,,
new3,Noto2024,0572,200,10.732914924621582,189.26708507537842,0.7637179141663328,0.36036044394207334,0.7661640924902213,0.36038035154588943
new3,Noto2024,0573,30,12.19375228881836,17.80624771118164,-0.6060242103032067,-0.31222263621108226,,
new3,Noto2024,0573,60,12.19375228881836,47.80624771118164,-0.044890041032394475,-0.14894545979609575,,
new3,Noto2024,0573,90,12.19375228881836,77.80624771118164,0.6899281932826498,0.06999786992661239,,
new3,Noto2024,0573,120,12.19375228881836,107.80624771118164,0.7182241452871455,-0.008118249141856104,,
new3,Noto2024,0573,160,12.19375228881836,147.80624771118164,0.7595864578405735,-0.05183125378963904,,
new3,Noto2024,0573,200,12.19375228881836,187.80624771118164,0.7839318436648538,0.10116853815707838,0.7866288904411268,0.10120155720717339
new3,Noto2024,0577,30,11.157894134521484,18.842105865478516,-0.6709184960869683,-0.3462779957851225,,
new3,Noto2024,0577,60,11.157894134521484,48.842105865478516,-0.002242781814931038,-0.5944355143267517,,
new3,Noto2024,0577,90,11.157894134521484,78.84210586547852,0.598207639015171,-0.5107807438283842,,
new3,Noto2024,0577,120,11.157894134521484,108.84210586547852,0.7241200973215396,-0.483499660264056,,
new3,Noto2024,0577,160,11.157894134521484,148.84210586547852,0.7563867507215187,-0.5030916458142416,,
new3,Noto2024,0577,200,11.157894134521484,188.84210586547852,0.7648196069141066,-0.5306292134124133,0.7676951365633212,-0.5305353410846436
new3,Noto2024,0578,30,17.493059158325195,12.506940841674805,0.23651610435970621,0.22413217348562586,,
new3,Noto2024,0578,60,17.493059158325195,42.506940841674805,-0.39556702833180396,-0.1927818298602748,,
new3,Noto2024,0578,90,17.493059158325195,72.5069408416748,0.5037686114048532,-0.3333279374135545,,
new3,Noto2024,0578,120,17.493059158325195,102.5069408416748,0.6616774544356797,-0.36305054693695116,,
new3,Noto2024,0578,160,17.493059158325195,142.5069408416748,0.7089979453098083,-0.4701527948735533,,
new3,Noto2024,0578,200,17.493059158325195,182.5069408416748,0.7234196925703655,-0.5292316553610137,0.7288214291369507,-0.5290752944917587
new3,Noto2024,0579,30,24.693817138671875,5.306182861328125,0.7905664374292858,0.5520483457868339,,
new3,Noto2024,0579,60,24.693817138671875,35.306182861328125,-0.6269516178501017,-0.12366618862558187,,
new3,Noto2024,0579,90,24.693817138671875,65.30618286132812,0.3595004662198717,-0.19591372581748612,,
new3,Noto2024,0579,120,24.693817138671875,95.30618286132812,0.707113305484382,-0.03879248814677272,,
new3,Noto2024,0579,160,24.693817138671875,135.30618286132812,0.7908126719682196,-0.09250375020798884,,
new3,Noto2024,0579,200,24.693817138671875,175.30618286132812,0.8176834979759734,-0.1055047528066142,0.8227001457751096,-0.10540368131980404
new3,Noto2024,0581,30,37.73989486694336,0.0,,0.0,,
new3,Noto2024,0581,60,37.73989486694336,22.26010513305664,-0.43550561076102245,0.33215852382410826,,
new3,Noto2024,0581,90,37.73989486694336,52.26010513305664,-0.19819483115358216,-0.12073166772505584,,
new3,Noto2024,0581,120,37.73989486694336,82.26010513305664,0.6589146209343448,0.2517932174811319,,
new3,Noto2024,0581,160,37.73989486694336,122.26010513305664,0.7566054576429294,0.5181938687930829,,
new3,Noto2024,0581,200,37.73989486694336,162.26010513305664,0.7887663048523249,0.5411149937093667,0.7980186034870337,0.5411729369212965
new3,Noto2024,0582,30,34.8938102722168,0.0,,0.0,,
new3,Noto2024,0582,60,34.8938102722168,25.106189727783203,-0.4018668352429605,0.203946021162845,,
new3,Noto2024,0582,90,34.8938102722168,55.1061897277832,0.6834587592616832,0.21792671723752743,,
new3,Noto2024,0582,120,34.8938102722168,85.1061897277832,0.7171941005396139,0.5131138380611349,,
new3,Noto2024,0582,160,34.8938102722168,125.1061897277832,0.7601433709143062,0.7521427307853363,,
new3,Noto2024,0582,200,34.8938102722168,165.1061897277832,0.7794066254623266,0.5899740730635985,0.7880528885520586,0.5900279148763294
new3,Noto2024,0583,30,35.71881866455078,0.0,,0.0,,
new3,Noto2024,0583,60,35.71881866455078,24.28118133544922,-0.48249312140663175,0.12381359243203605,,
new3,Noto2024,0583,90,35.71881866455078,54.28118133544922,-0.06275502789634216,0.03154602018911312,,
new3,Noto2024,0583,120,35.71881866455078,84.28118133544922,0.48815328345774855,0.14149943099106554,,
new3,Noto2024,0583,160,35.71881866455078,124.28118133544922,0.7486384160465022,0.5027640116143699,,
new3,Noto2024,0583,200,35.71881866455078,164.28118133544922,0.7656182656034758,0.30547292226792155,0.7758092222693866,0.30555464887414985
new3,Noto2024,0584,30,38.94013214111328,0.0,,0.0,,
new3,Noto2024,0584,60,38.94013214111328,21.05986785888672,-0.2958023481133728,0.2598719300939223,,
new3,Noto2024,0584,90,38.94013214111328,51.05986785888672,-0.17543431585396044,0.012449196863019374,,
new3,Noto2024,0584,120,38.94013214111328,81.05986785888672,0.5126796202555605,0.36221503403470034,,
new3,Noto2024,0584,160,38.94013214111328,121.05986785888672,0.7311578900607626,0.7295697314694101,,
new3,Noto2024,0584,200,38.94013214111328,161.05986785888672,0.7623747170810554,0.5841445607617191,0.773599439673643,0.5842097540469728
new3,Noto2024,0585,30,33.33892059326172,0.0,,0.0,,
new3,Noto2024,0585,60,33.33892059326172,26.66107940673828,-0.5755266159664425,-0.16834673798848154,,
new3,Noto2024,0585,90,33.33892059326172,56.66107940673828,0.05869708662729338,-0.12935715116776514,,
new3,Noto2024,0585,120,33.33892059326172,86.66107940673828,0.5654050102408488,0.19479774031385677,,
new3,Noto2024,0585,160,33.33892059326172,126.66107940673828,0.7161010173878596,0.4959245415732383,,
new3,Noto2024,0585,200,33.33892059326172,166.66107940673828,0.726801385618767,0.36346612003439116,0.738240148538875,0.36352707727650113
new3,Noto2024,0586,30,29.336769104003906,0.6632308959960938,,1.46756494944096,,
new3,Noto2024,0586,60,29.336769104003906,30.663230895996094,0.0019517938655054844,0.17451323662526352,,
new3,Noto2024,0586,90,29.336769104003906,60.663230895996094,0.6217537602316958,0.3270382589818821,,
new3,Noto2024,0586,120,29.336769104003906,90.6632308959961,0.7549381439920975,0.5891836206795373,,
new3,Noto2024,0586,160,29.336769104003906,130.6632308959961,0.793676140200624,0.5094359761905372,,
new3,Noto2024,0586,200,29.336769104003906,170.6632308959961,0.810527975526404,0.4606286182133017,0.8167286228239863,0.4606836909341183
new3,Noto2024,0587,30,30.714069366455078,0.0,,0.0,,
new3,Noto2024,0587,60,30.714069366455078,29.285930633544922,0.016213743483618828,0.2057141306586434,,
new3,Noto2024,0587,90,30.714069366455078,59.28593063354492,0.7606690839245457,0.25352633891814946,,
new3,Noto2024,0587,120,30.714069366455078,89.28593063354492,0.7609214179995821,0.5630463518445739,,
new3,Noto2024,0587,160,30.714069366455078,129.28593063354492,0.7947945103440115,0.5539298919853399,,
new3,Noto2024,0587,200,30.714069366455078,169.28593063354492,0.8040617524589023,0.4665267378353066,0.8107890701762266,0.46657621272033634
new3,Noto2024,0588,30,34.33174514770508,0.0,,0.0,,
new3,Noto2024,0588,60,34.33174514770508,25.668254852294922,-0.4156906468306333,0.061776784635573456,,
new3,Noto2024,0588,90,34.33174514770508,55.66825485229492,0.12276895901542709,-0.005299493364097074,,
new3,Noto2024,0588,120,34.33174514770508,85.66825485229492,0.5693445647038666,0.16746374408734255,,
new3,Noto2024,0588,160,34.33174514770508,125.66825485229492,0.7800934371871253,0.6174018543613071,,
new3,Noto2024,0588,200,34.33174514770508,165.66825485229492,0.7972495762815005,0.5930844989186257,0.8054203107838553,0.5931425416367828
new3,Noto2024,0589,30,27.78884506225586,2.2111549377441406,,0.8047285770816757,,
new3,Noto2024,0589,60,27.78884506225586,32.21115493774414,-0.6179563887963418,-0.10299545527698761,,
new3,Noto2024,0589,90,27.78884506225586,62.21115493774414,0.5972444447084143,0.1999212290100516,,
new3,Noto2024,0589,120,27.78884506225586,92.21115493774414,0.7264965369852783,0.6630748284710846,,
new3,Noto2024,0589,160,27.78884506225586,132.21115493774414,0.7805825434622031,0.531827173023081,,
new3,Noto2024,0589,200,27.78884506225586,172.21115493774414,0.8005540899764971,0.45619727265592047,0.8066396515516707,0.4562406112736168
new3,Noto2024,0590,30,35.33421325683594,0.0,,0.0,,
new3,Noto2024,0590,60,35.33421325683594,24.665786743164062,-0.6548311982999616,0.24690595551000616,,
new3,Noto2024,0590,90,35.33421325683594,54.66578674316406,-0.16662394798569777,-0.03454156368147032,,
new3,Noto2024,0590,120,35.33421325683594,84.66578674316406,0.6531182960002674,0.0640760787936614,,
new3,Noto2024,0590,160,35.33421325683594,124.66578674316406,0.7688946479211932,0.6121927644211125,,
new3,Noto2024,0590,200,35.33421325683594,164.66578674316406,0.7720242637374569,0.3329120391411253,0.7813718582812409,0.3329785190911876
new3,Noto2024,0591,30,19.317365646362305,10.682634353637695,0.6173014872332185,0.18790759202768292,,
new3,Noto2024,0591,60,19.317365646362305,40.682634353637695,-0.661543706121362,-0.4702074710970594,,
new3,Noto2024,0591,90,19.317365646362305,70.6826343536377,0.5910232934979344,0.5225854787824149,,
new3,Noto2024,0591,120,19.317365646362305,100.6826343536377,0.6090544006172322,0.5550460191492137,,
new3,Noto2024,0591,160,19.317365646362305,140.6826343536377,0.6445776494270357,0.5011125971433232,,
new3,Noto2024,0591,200,19.317365646362305,180.6826343536377,0.6675942467433572,0.5213468618320052,0.6753353713464635,0.5213753516824857
new3,Noto2024,0592,30,26.89067840576172,3.1093215942382812,,0.7956947181624914,,
new3,Noto2024,0592,60,26.89067840576172,33.10932159423828,-0.713950264812259,-0.093931116092703,,
new3,Noto2024,0592,90,26.89067840576172,63.10932159423828,0.44585209353822436,0.28078623399379143,,
new3,Noto2024,0592,120,26.89067840576172,93.10932159423828,0.7229385557318831,0.5326301741533284,,
new3,Noto2024,0592,160,26.89067840576172,133.10932159423828,0.7859120523677039,0.40010018424060245,,
new3,Noto2024,0592,200,26.89067840576172,173.10932159423828,0.8011953046048481,0.28912973880024584,0.8069279540966428,0.2891764822533318
new3,Noto2024,0593,30,26.526506423950195,3.4734935760498047,,0.6813007636733843,,
new3,Noto2024,0593,60,26.526506423950195,33.473493576049805,-0.3165082798153123,-0.061897802741151864,,
new3,Noto2024,0593,90,26.526506423950195,63.473493576049805,0.5547525986486632,0.44362447952270134,,
new3,Noto2024,0593,120,26.526506423950195,93.4734935760498,0.6650440485051831,0.6853603641655388,,
new3,Noto2024,0593,160,26.526506423950195,133.4734935760498,0.7122253944811138,0.5721372968723477,,
new3,Noto2024,0593,200,26.526506423950195,173.4734935760498,0.7609998995125591,0.4498943726022473,0.7680875928717572,0.44993621124051675
new3,Noto2024,0594,30,45.622650146484375,0.0,,0.0,,
new3,Noto2024,0594,60,45.622650146484375,14.377349853515625,0.4402092929482214,0.5970162773766887,,
new3,Noto2024,0594,90,45.622650146484375,44.377349853515625,-0.3606745590668446,0.01879726124416692,,
new3,Noto2024,0594,120,45.622650146484375,74.37734985351562,0.6590091103357714,0.3626111687464144,,
new3,Noto2024,0594,160,45.622650146484375,114.37734985351562,0.6603091542846339,0.6939822437063858,,
new3,Noto2024,0594,200,45.622650146484375,154.37734985351562,0.7368635460256994,0.6393002716522345,0.7521690044543308,0.639363452371188
new3,Noto2024,0595,30,45.454803466796875,0.0,,0.0,,
new3,Noto2024,0595,60,45.454803466796875,14.545196533203125,0.39526728979811104,0.805773600898573,,
new3,Noto2024,0595,90,45.454803466796875,44.545196533203125,-0.390259454735288,0.24765677261865449,,
new3,Noto2024,0595,120,45.454803466796875,74.54519653320312,0.6945746981517819,0.469919760388926,,
new3,Noto2024,0595,160,45.454803466796875,114.54519653320312,0.7510175704368326,0.5792342646969137,,
new3,Noto2024,0595,200,45.454803466796875,154.54519653320312,0.8086024672211652,0.42440303055779527,0.8191291968845744,0.42447811681293235
new3,Noto2024,0597,30,49.6511344909668,0.0,,0.0,,
new3,Noto2024,0597,60,49.6511344909668,10.348865509033203,0.840884661704694,1.0383493164661957,,
new3,Noto2024,0597,90,49.6511344909668,40.3488655090332,-0.11409327406327592,0.3407950681113263,,
new3,Noto2024,0597,120,49.6511344909668,70.3488655090332,0.664072686142403,0.5733830997682174,,
new3,Noto2024,0597,160,49.6511344909668,110.3488655090332,0.7091426763254445,0.539658934270963,,
new3,Noto2024,0597,200,49.6511344909668,150.3488655090332,0.7642211098902624,0.16425785214766098,0.778406859916567,0.16437151614281476
new3,Noto2024,0598,30,50.475486755371094,0.0,,0.0,,
new3,Noto2024,0598,60,50.475486755371094,9.524513244628906,0.7368488573004985,0.7836077626226885,,
new3,Noto2024,0598,90,50.475486755371094,39.524513244628906,-0.12494925612438232,0.14480298474886943,,
new3,Noto2024,0598,120,50.475486755371094,69.5245132446289,0.7884845181401667,0.5197610889471536,,
new3,Noto2024,0598,160,50.475486755371094,109.5245132446289,0.7989487663131316,0.46866897355055226,,
new3,Noto2024,0598,200,50.475486755371094,149.5245132446289,0.8292171553812869,0.33174124102620084,0.8392112437794387,0.3318342635994398
new3,Noto2024,0599,30,54.50520324707031,0.0,,0.0,,
new3,Noto2024,0599,60,54.50520324707031,5.4947967529296875,0.7918713060046374,1.1256753926525747,,
new3,Noto2024,0599,90,54.50520324707031,35.49479675292969,-0.5221185742039656,0.3869884360550797,,
new3,Noto2024,0599,120,54.50520324707031,65.49479675292969,0.5697060672680435,0.3496102388577498,,
new3,Noto2024,0599,160,54.50520324707031,105.49479675292969,0.5913320023931337,0.020584206641139247,,
new3,Noto2024,0599,200,54.50520324707031,145.4947967529297,0.6666817898717028,0.49971218416907703,0.6938268899170321,0.49977086191080655
new3,Noto2024,0601,30,57.39590072631836,0.0,,0.0,,
new3,Noto2024,0601,60,57.39590072631836,2.6040992736816406,,1.0264220159921633,,
new3,Noto2024,0601,90,57.39590072631836,32.60409927368164,-0.22539025827136694,0.37966934879128633,,
new3,Noto2024,0601,120,57.39590072631836,62.60409927368164,0.6678546978421351,0.5245317907902374,,
new3,Noto2024,0601,160,57.39590072631836,102.60409927368164,0.7298595871067397,0.41286335951607356,,
new3,Noto2024,0601,200,57.39590072631836,142.60409927368164,0.6798735968617732,0.4319994259065085,0.7066395955160635,0.43207471266875075
new3,Noto2024,0606,30,30.503070831298828,0.0,,0.0,,
new3,Noto2024,0606,60,30.503070831298828,29.496929168701172,-0.1628983989244525,-0.020300796983543812,,
new3,Noto2024,0606,90,30.503070831298828,59.49692916870117,0.5368568775210788,0.06603458979757182,,
new3,Noto2024,0606,120,30.503070831298828,89.49692916870117,0.7539373423746397,0.6804869115161951,,
new3,Noto2024,0606,160,30.503070831298828,129.49692916870117,0.7987182946133008,0.6462076138261734,,
new3,Noto2024,0606,200,30.503070831298828,169.49692916870117,0.813614702875608,0.5039713257994434,0.8198135713254893,0.5040230492638846
new3,Noto2024,0607,30,34.22502136230469,0.0,,0.0,,
new3,Noto2024,0607,60,34.22502136230469,25.774978637695312,0.016021430811196162,-0.16551210632682256,,
new3,Noto2024,0607,90,34.22502136230469,55.77497863769531,0.34401542046815575,0.14758579916005488,,
new3,Noto2024,0607,120,34.22502136230469,85.77497863769531,0.7170039747404453,0.39887650954538145,,
new3,Noto2024,0607,160,34.22502136230469,125.77497863769531,0.8298046260874886,0.7149334613735663,,
new3,Noto2024,0607,200,34.22502136230469,165.7749786376953,0.8506827349451738,0.5505976347151593,0.8561902412447363,0.5506602865783128
new3,Noto2024,0608,30,19.400468826293945,10.599531173706055,0.28966469513363224,0.3097340941679363,,
new3,Noto2024,0608,60,19.400468826293945,40.599531173706055,-0.49685142062416476,-0.4061711964113268,,
new3,Noto2024,0608,90,19.400468826293945,70.59953117370605,0.7154333437196105,0.4521926297449754,,
new3,Noto2024,0608,120,19.400468826293945,100.59953117370605,0.666647220935963,0.49668430033414523,,
new3,Noto2024,0608,160,19.400468826293945,140.59953117370605,0.682756778378923,0.48156734923217215,,
new3,Noto2024,0608,200,19.400468826293945,180.59953117370605,0.7067529555712031,0.5044377931305588,0.7131358449922062,0.5044682032666232
new3,Noto2024,0609,30,19.049001693725586,10.950998306274414,0.49641979213864734,0.28067233813720804,,
new3,Noto2024,0609,60,19.049001693725586,40.950998306274414,-0.5285526157558424,-0.34259454718031446,,
new3,Noto2024,0609,90,19.049001693725586,70.95099830627441,0.6408647934809614,0.40606342634641823,,
new3,Noto2024,0609,120,19.049001693725586,100.95099830627441,0.6789481491536757,0.37605433947211253,,
new3,Noto2024,0609,160,19.049001693725586,140.9509983062744,0.7154144055496922,0.378523457723662,,
new3,Noto2024,0609,200,19.049001693725586,180.9509983062744,0.7463709626369655,0.43758220675040604,0.7515700901651766,0.43761802301531105
new3,Noto2024,0610,30,21.92943572998047,8.070564270019531,0.7206870381901985,0.5381754531223324,,
new3,Noto2024,0610,60,21.92943572998047,38.07056427001953,-0.7628203067833318,-0.43890424513159054,,
new3,Noto2024,0610,90,21.92943572998047,68.07056427001953,0.6983811138693368,0.473712057057317,,
new3,Noto2024,0610,120,21.92943572998047,98.07056427001953,0.7034085807823756,0.6825694335012349,,
new3,Noto2024,0610,160,21.92943572998047,138.07056427001953,0.6911679628015117,0.4969740477703466,,
new3,Noto2024,0610,200,21.92943572998047,178.07056427001953,0.7099099767367031,0.45473985443063913,0.7169375503948627,0.45477375871386005
new3,Noto2024,0611,30,20.35938835144043,9.64061164855957,0.6758732777521377,0.2475383241764959,,
new3,Noto2024,0611,60,20.35938835144043,39.64061164855957,-0.5477690496312769,-0.25534517911825105,,
new3,Noto2024,0611,90,20.35938835144043,69.64061164855957,0.5710516440278502,0.3931342860913505,,
new3,Noto2024,0611,120,20.35938835144043,99.64061164855957,0.6406915831617841,0.40786556622562387,,
new3,Noto2024,0611,160,20.35938835144043,139.64061164855957,0.6714415877243808,0.3678188423457387,,
new3,Noto2024,0611,200,20.35938835144043,179.64061164855957,0.7011531140189289,0.3595579050430686,0.7080697815533581,0.3595973082612147
new3,Noto2024,0612,30,23.228130340576172,6.771869659423828,0.6117770444730501,0.5651782580657896,,
new3,Noto2024,0612,60,23.228130340576172,36.77186965942383,-0.44678876723587757,-0.07681292761023162,,
new3,Noto2024,0612,90,23.228130340576172,66.77186965942383,0.5075237440594952,0.4713254508824365,,
new3,Noto2024,0612,120,23.228130340576172,96.77186965942383,0.6711075699773094,0.5981185559255904,,
new3,Noto2024,0612,160,23.228130340576172,136.77186965942383,0.6879218645186624,0.41244198923980946,,
new3,Noto2024,0612,200,23.228130340576172,176.77186965942383,0.71729477126425,0.3156649233613109,0.7249215423963905,0.315709044094473
new3,Noto2024,0613,30,26.00346565246582,3.9965343475341797,,0.48434606029628924,,
new3,Noto2024,0613,60,26.00346565246582,33.99653434753418,-0.6382932023436494,-0.7074206066759219,,
new3,Noto2024,0613,90,26.00346565246582,63.99653434753418,0.695874155890241,0.4009246102082029,,
new3,Noto2024,0613,120,26.00346565246582,93.99653434753418,0.7071732359510895,0.6316916141090578,,
new3,Noto2024,0613,160,26.00346565246582,133.99653434753418,0.7180496195936473,0.5426339601144248,,
new3,Noto2024,0613,200,26.00346565246582,173.99653434753418,0.7450122927866853,0.45191097807825287,0.7526894065800795,0.4519539598098872
new3,Noto2024,0614,30,22.996963500976562,7.0030364990234375,0.738115781428052,0.8158812637414075,,
new3,Noto2024,0614,60,22.996963500976562,37.00303649902344,-0.34075451704644205,0.1964721566043881,,
new3,Noto2024,0614,90,22.996963500976562,67.00303649902344,0.575820234367301,0.3936099779264426,,
new3,Noto2024,0614,120,22.996963500976562,97.00303649902344,0.6698301832868645,0.4633982973418922,,
new3,Noto2024,0614,160,22.996963500976562,137.00303649902344,0.667727886037392,0.30313285753305497,,
new3,Noto2024,0614,200,22.996963500976562,177.00303649902344,0.6974894713318575,0.2574419095679472,0.7052580977745342,0.257484864237715
new3,Noto2024,0615,30,26.132673263549805,3.8673267364501953,,0.683154755301409,,
new3,Noto2024,0615,60,26.132673263549805,33.867326736450195,-0.5140613630742452,0.1119083670194243,,
new3,Noto2024,0615,90,26.132673263549805,63.867326736450195,0.2554890553297117,0.40890032269764465,,
new3,Noto2024,0615,120,26.132673263549805,93.8673267364502,0.6370158027969605,0.504502695507596,,
new3,Noto2024,0615,160,26.132673263549805,133.8673267364502,0.6853952035093889,0.44905884918032246,,
new3,Noto2024,0615,200,26.132673263549805,173.8673267364502,0.7282985823051986,0.39326710050122227,0.7366089016421541,0.3933200282540623
new3,Noto2024,0616,30,30.584148406982422,0.0,,0.0,,
new3,Noto2024,0616,60,30.584148406982422,29.415851593017578,-0.210875076696272,-0.016295075391653313,,
new3,Noto2024,0616,90,30.584148406982422,59.41585159301758,0.39958993171771445,-0.0112885972558745,,
new3,Noto2024,0616,120,30.584148406982422,89.41585159301758,0.7283061751623549,0.22316364477775608,,
new3,Noto2024,0616,160,30.584148406982422,129.41585159301758,0.8031474137712188,0.07126038612567687,,
new3,Noto2024,0616,200,30.584148406982422,169.41585159301758,0.8125973685190909,-0.026789354292105827,0.8193062785508849,-0.026655077875929578
new3,Noto2024,0617,30,17.820476531982422,12.179523468017578,-0.023258163730333414,0.27183748566412635,,
new3,Noto2024,0617,60,17.820476531982422,42.17952346801758,-0.32507369105276374,-0.15254491601308917,,
new3,Noto2024,0617,90,17.820476531982422,72.17952346801758,0.5838461375546525,-0.17806369388742382,,
new3,Noto2024,0617,120,17.820476531982422,102.17952346801758,0.6638331692445512,-0.042629720731855336,,
new3,Noto2024,0617,160,17.820476531982422,142.17952346801758,0.7259031346241058,-0.14287637135630593,,
new3,Noto2024,0617,200,17.820476531982422,182.17952346801758,0.7436544082249192,-0.16568582392642384,0.7487320909575457,-0.16559697280769115
new3,Noto2024,0618,30,17.03113555908203,12.968864440917969,-0.21235380151831187,0.2199336794585509,,
new3,Noto2024,0618,60,17.03113555908203,42.96886444091797,-0.18264086010119024,-0.2734081176804706,,
new3,Noto2024,0618,90,17.03113555908203,72.96886444091797,0.7285496463006402,0.26671041607139045,,
new3,Noto2024,0618,120,17.03113555908203,102.96886444091797,0.7314621095007952,0.18786800920307645,,
new3,Noto2024,0618,160,17.03113555908203,142.96886444091797,0.7590002630510677,0.2172253738033021,,
new3,Noto2024,0618,200,17.03113555908203,182.96886444091797,0.7831039130581904,0.33584595562813746,0.7868751274258765,0.335880014999522
new3,Noto2024,0619,30,22.26576805114746,7.734231948852539,0.7467332183017127,0.38623812703105376,,
new3,Noto2024,0619,60,22.26576805114746,37.73423194885254,-0.628442255107821,-0.3980751717794231,,
new3,Noto2024,0619,90,22.26576805114746,67.73423194885254,0.477261092417189,-0.10312021290350515,,
new3,Noto2024,0619,120,22.26576805114746,97.73423194885254,0.7250380131115386,0.10794943630637732,,
new3,Noto2024,0619,160,22.26576805114746,137.73423194885254,0.7573290284596615,-0.15351060947123063,,
new3,Noto2024,0619,200,22.26576805114746,177.73423194885254,0.7777655397996505,-0.18917715246506095,0.7834806678985102,-0.18902954694778895
new3,Noto2024,0621,30,37.28105545043945,0.0,,0.0,,
new3,Noto2024,0621,60,37.28105545043945,22.718944549560547,-0.17517792643827934,0.3974696015031709,,
new3,Noto2024,0621,90,37.28105545043945,52.71894454956055,-0.02315275596035893,0.37418548556316455,,
new3,Noto2024,0621,120,37.28105545043945,82.71894454956055,0.5696604675281329,0.5405116124801426,,
new3,Noto2024,0621,160,37.28105545043945,122.71894454956055,0.7560564181752404,0.7108172183406714,,
new3,Noto2024,0621,200,37.28105545043945,162.71894454956055,0.7842198755840116,0.5033576097609069,0.7937314136775507,0.5034244423869394
new3,Noto2024,0622,30,40.678497314453125,0.0,,0.0,,
new3,Noto2024,0622,60,40.678497314453125,19.321502685546875,-0.10614573577649164,0.591245701376697,,
new3,Noto2024,0622,90,40.678497314453125,49.321502685546875,0.06707393130446812,0.217370507352749,,
new3,Noto2024,0622,120,40.678497314453125,79.32150268554688,0.7083098449072727,0.3123879328700099,,
new3,Noto2024,0622,160,40.678497314453125,119.32150268554688,0.8159585201294488,0.36215763896179975,,
new3,Noto2024,0622,200,40.678497314453125,159.32150268554688,0.8289280510492236,0.15733740280444142,0.8370929312547989,0.15743662241257805
new3,Noto2024,0623,30,40.9417610168457,0.0,,0.0,,
new3,Noto2024,0623,60,40.9417610168457,19.058238983154297,0.17948397849784337,0.3330687094046798,,
new3,Noto2024,0623,90,40.9417610168457,49.0582389831543,0.03758646351129301,-0.007572047471829713,,
new3,Noto2024,0623,120,40.9417610168457,79.0582389831543,0.6822861995971314,0.2185561599124286,,
new3,Noto2024,0623,160,40.9417610168457,119.0582389831543,0.8360933969266348,0.38306138730647366,,
new3,Noto2024,0623,200,40.9417610168457,159.0582389831543,0.8530004816405644,0.3112108211990048,0.8598789863891069,0.3113010603211235
new3,Noto2024,0624,30,40.73194885253906,0.0,,0.0,,
new3,Noto2024,0624,60,40.73194885253906,19.268051147460938,0.10849224676638554,0.4009254775032405,,
new3,Noto2024,0624,90,40.73194885253906,49.26805114746094,0.011560231468516218,0.07563632422859534,,
new3,Noto2024,0624,120,40.73194885253906,79.26805114746094,0.6729027846477428,0.2968056223927773,,
new3,Noto2024,0624,160,40.73194885253906,119.26805114746094,0.8200857336991505,0.4277465164213865,,
new3,Noto2024,0624,200,40.73194885253906,159.26805114746094,0.826203014694725,0.28482405275145073,0.8345911723657783,0.2849220474822358
new3,Noto2024,0625,30,41.463565826416016,0.0,,0.0,,
new3,Noto2024,0625,60,41.463565826416016,18.536434173583984,0.16511364432132414,0.5626008723965699,,
new3,Noto2024,0625,90,41.463565826416016,48.536434173583984,0.08294010031003352,0.2290073084548352,,
new3,Noto2024,0625,120,41.463565826416016,78.53643417358398,0.6434338951323844,0.42743865044318863,,
new3,Noto2024,0625,160,41.463565826416016,118.53643417358398,0.7990001403952963,0.39757427004016943,,
new3,Noto2024,0625,200,41.463565826416016,158.53643417358398,0.8250875342777714,0.27660027605969173,0.8334608372460343,0.2766937290547533
new3,Noto2024,0626,30,39.09836196899414,0.0,,0.0,,
new3,Noto2024,0626,60,39.09836196899414,20.90163803100586,0.46082488590822135,0.5401998135364634,,
new3,Noto2024,0626,90,39.09836196899414,50.90163803100586,-0.011149396823235316,0.10162141985354634,,
new3,Noto2024,0626,120,39.09836196899414,80.90163803100586,0.6289504040047095,0.3959437632299272,,
new3,Noto2024,0626,160,39.09836196899414,120.90163803100586,0.7985588797848939,0.5744847008616061,,
new3,Noto2024,0626,200,39.09836196899414,160.90163803100586,0.8311608358697944,0.421632400145171,0.8387315314291606,0.4217037831988817
new3,Noto2024,0627,30,37.27973556518555,0.0,,0.0,,
new3,Noto2024,0627,60,37.27973556518555,22.720264434814453,0.4224465402294255,0.38048379569735413,,
new3,Noto2024,0627,90,37.27973556518555,52.72026443481445,0.390886180252742,0.06595678279065176,,
new3,Noto2024,0627,120,37.27973556518555,82.72026443481445,0.7174149016366016,0.5574235890640002,,
new3,Noto2024,0627,160,37.27973556518555,122.72026443481445,0.7362179170981938,0.8051401332780701,,
new3,Noto2024,0627,200,37.27973556518555,162.72026443481445,0.7597038345287801,0.64799129305728,0.7704984118762586,0.6480457827967774
new3,Noto2024,0631,30,35.591346740722656,0.0,,0.0,,
new3,Noto2024,0631,60,35.591346740722656,24.408653259277344,0.06233308737025262,0.2617279049948067,,
new3,Noto2024,0631,90,35.591346740722656,54.408653259277344,0.24795497079201315,0.004251691599942653,,
new3,Noto2024,0631,120,35.591346740722656,84.40865325927734,0.6884495393993048,0.036954956352713175,,
new3,Noto2024,0631,160,35.591346740722656,124.40865325927734,0.8223846663417428,0.3078447965036828,,
new3,Noto2024,0631,200,35.591346740722656,164.40865325927734,0.8493269888631286,0.2486197468702116,0.8554524848380525,0.24868669952182199
new3,Noto2024,0633,30,34.969783782958984,0.0,,0.0,,
new3,Noto2024,0633,60,34.969783782958984,25.030216217041016,0.26277873283005754,0.3911972178331595,,
new3,Noto2024,0633,90,34.969783782958984,55.030216217041016,0.19594305174556506,0.051626954486191146,,
new3,Noto2024,0633,120,34.969783782958984,85.03021621704102,0.5688433315961482,-0.14430930574228285,,
new3,Noto2024,0633,160,34.969783782958984,125.03021621704102,0.7041449056640156,-0.34750049835929975,,
new3,Noto2024,0633,200,34.969783782958984,165.03021621704102,0.7335964211395608,-0.3207555571196705,0.7448223862227341,-0.3206147514108837
new3,Noto2024,0675,30,62.18068313598633,0.0,,0.0,,
new3,Noto2024,0675,60,62.18068313598633,0.0,,0.0,,
new3,Noto2024,0675,90,62.18068313598633,27.819316864013672,0.296779248505939,0.6015446848110715,,
new3,Noto2024,0675,120,62.18068313598633,57.81931686401367,0.5965564309895967,0.3563769685941285,,
new3,Noto2024,0675,160,62.18068313598633,97.81931686401367,0.7112257385428055,-0.06375507754614773,,
new3,Noto2024,0675,200,62.18068313598633,137.81931686401367,0.7239836489611847,-0.10803979182120838,0.7498469654083888,-0.10775163726989945
new3,Noto2024,0752,30,24.163820266723633,5.836179733276367,0.7578971654332842,0.5177035774142666,,
new3,Noto2024,0752,60,24.163820266723633,35.83617973327637,-0.7925665180108349,-0.347967382648811,,
new3,Noto2024,0752,90,24.163820266723633,65.83617973327637,0.6646585233070826,0.3795978654641248,,
new3,Noto2024,0752,120,24.163820266723633,95.83617973327637,0.6965242127357916,0.5973517876544312,,
new3,Noto2024,0752,160,24.163820266723633,135.83617973327637,0.7255469091443681,0.4895098760932539,,
new3,Noto2024,0752,200,24.163820266723633,175.83617973327637,0.7553111420474892,0.4269903763061409,0.7619929553080285,0.4270339187287533
new3,Noto2024,0753,30,30.78321647644043,0.0,,0.0,,
new3,Noto2024,0753,60,30.78321647644043,29.21678352355957,-0.6628045076930813,0.12452843863374774,,
new3,Noto2024,0753,90,30.78321647644043,59.21678352355957,0.5369162975530676,0.1850694594838771,,
new3,Noto2024,0753,120,30.78321647644043,89.21678352355957,0.6773911802179013,0.5888844031510194,,
new3,Noto2024,0753,160,30.78321647644043,129.21678352355957,0.7708982443416355,0.6127228089721486,,
new3,Noto2024,0753,200,30.78321647644043,169.21678352355957,0.7897784709038393,0.5044448487513451,0.7971741772712218,0.5044957495601414
new3,Noto2024,0754,30,31.27776527404785,0.0,,0.0,,
new3,Noto2024,0754,60,31.27776527404785,28.72223472595215,-0.5048051371330584,-0.04369552790513165,,
new3,Noto2024,0754,90,31.27776527404785,58.72223472595215,0.2159656139870808,-0.04859575967137886,,
new3,Noto2024,0754,120,31.27776527404785,88.72223472595215,0.6452434478885446,0.38923619913577756,,
new3,Noto2024,0754,160,31.27776527404785,128.72223472595215,0.786396014870223,0.5511422617888391,,
new3,Noto2024,0754,200,31.27776527404785,168.72223472595215,0.7959585381027847,0.41653828965673245,0.8035452236615309,0.41659675471223334
new3,Noto2024,0755,30,33.5716667175293,0.0,,0.0,,
new3,Noto2024,0755,60,33.5716667175293,26.428333282470703,-0.26498630377905175,0.009156077590555256,,
new3,Noto2024,0755,90,33.5716667175293,56.4283332824707,0.5272045017094358,0.18032640051972226,,
new3,Noto2024,0755,120,33.5716667175293,86.4283332824707,0.7148769957174215,0.3986628224042361,,
new3,Noto2024,0755,160,33.5716667175293,126.4283332824707,0.8091307800540044,0.6427656879702424,,
new3,Noto2024,0755,200,33.5716667175293,166.4283332824707,0.8264869844191111,0.5461603735446223,0.8327708275683595,0.5462193412075029
new3,Noto2024,0758,30,35.50514602661133,0.0,,0.0,,
new3,Noto2024,0758,60,35.50514602661133,24.494853973388672,-0.04226853285663108,0.32280230006847876,,
new3,Noto2024,0758,90,35.50514602661133,54.49485397338867,0.3782697951181642,0.18002947770948463,,
new3,Noto2024,0758,120,35.50514602661133,84.49485397338867,0.6473356676479096,0.591111005467325,,
new3,Noto2024,0758,160,35.50514602661133,124.49485397338867,0.7749942853171374,0.8012411707711538,,
new3,Noto2024,0758,200,35.50514602661133,164.49485397338867,0.8016859098150547,0.6623334329653519,0.8090239805911208,0.6623894904942693
new3,Noto2024,0759,30,42.2197380065918,0.0,,0.0,,
new3,Noto2024,0759,60,42.2197380065918,17.780261993408203,0.13468971093633272,0.4710339786702322,,
new3,Noto2024,0759,90,42.2197380065918,47.7802619934082,-0.1460596188115413,-0.030256010098116626,,
new3,Noto2024,0759,120,42.2197380065918,77.7802619934082,0.7270512322801158,0.3952852988978277,,
new3,Noto2024,0759,160,42.2197380065918,117.7802619934082,0.8055999625518074,0.48773831699973424,,
new3,Noto2024,0759,200,42.2197380065918,157.7802619934082,0.8426684752117695,0.4369722251832586,0.8506450746602703,0.43704591689755556
new3,Noto2024,0763,30,43.148868560791016,0.0,,0.0,,
new3,Noto2024,0763,60,43.148868560791016,16.851131439208984,0.38402803735837165,0.5326254305716915,,
new3,Noto2024,0763,90,43.148868560791016,46.851131439208984,-0.06885831196575343,0.03317669091985653,,
new3,Noto2024,0763,120,43.148868560791016,76.85113143920898,0.5464112289247697,0.1439954849353997,,
new3,Noto2024,0763,160,43.148868560791016,116.85113143920898,0.6379866720986888,0.09122004775489234,,
new3,Noto2024,0763,200,43.148868560791016,156.85113143920898,0.673004685730871,0.02701490447293242,0.692063755208667,0.027365624951779743
new3,Noto2024,0800,30,40.57858657836914,0.0,,0.0,,
new3,Noto2024,0800,60,40.57858657836914,19.42141342163086,-0.4969561730334889,0.4066549487507798,,
new3,Noto2024,0800,90,40.57858657836914,49.42141342163086,-0.6012013337456835,-0.1113448497568088,,
new3,Noto2024,0800,120,40.57858657836914,79.42141342163086,0.6294248805348717,0.11647029390294694,,
new3,Noto2024,0800,160,40.57858657836914,119.42141342163086,0.7050717548448364,0.6171138862112029,,
new3,Noto2024,0800,200,40.57858657836914,159.42141342163086,0.7281880404347154,0.5612626833598684,0.7416578886803034,0.5613239559664533
new3,Noto2024,0801,30,24.753780364990234,5.246219635009766,0.7811031335457432,0.5066967190803382,,
new3,Noto2024,0801,60,24.753780364990234,35.246219635009766,-0.6334836296180718,-0.01616203230414648,,
new3,Noto2024,0801,90,24.753780364990234,65.24621963500977,0.698488114636148,0.35407418568361226,,
new3,Noto2024,0801,120,24.753780364990234,95.24621963500977,0.6759856291108735,0.5798539085537557,,
new3,Noto2024,0801,160,24.753780364990234,135.24621963500977,0.6857770872720584,0.48359421752340115,,
new3,Noto2024,0801,200,24.753780364990234,175.24621963500977,0.7043635721998665,0.47793941329254874,0.7129037013416579,0.47797747641992583
new3,Noto2024,0802,30,21.335317611694336,8.664682388305664,0.4798203504069182,0.18871319590840763,,
new3,Noto2024,0802,60,21.335317611694336,38.664682388305664,-0.39925005442685546,-0.3638626549370638,,
new3,Noto2024,0802,90,21.335317611694336,68.66468238830566,0.6839213506205036,0.500774235593517,,
new3,Noto2024,0802,120,21.335317611694336,98.66468238830566,0.6599752809461675,0.5281257502093668,,
new3,Noto2024,0802,160,21.335317611694336,138.66468238830566,0.6750041135667814,0.4754803436951507,,
new3,Noto2024,0802,200,21.335317611694336,178.66468238830566,0.6947529317470911,0.5009494683334141,0.7024647671073938,0.5009824404335026
new3,Noto2024,0803,30,34.45588302612305,0.0,,0.0,,
new3,Noto2024,0803,60,34.45588302612305,25.544116973876953,0.009405134297593298,0.33749840809715703,,
new3,Noto2024,0803,90,34.45588302612305,55.54411697387695,0.13995319197048517,-0.005184902018527282,,
new3,Noto2024,0803,120,34.45588302612305,85.54411697387695,0.5444511216499612,-0.17849689325548468,,
new3,Noto2024,0803,160,34.45588302612305,125.54411697387695,0.7318292190258211,-0.43290429129106656,,
new3,Noto2024,0803,200,34.45588302612305,165.54411697387695,0.7451345008831243,-0.5410918649058418,0.7560360409175189,-0.5409549083194252
new3,Noto2024,0804,30,38.74082565307617,0.0,,0.0,,
new3,Noto2024,0804,60,38.74082565307617,21.259174346923828,0.05650691007843839,0.487647757271219,,
new3,Noto2024,0804,90,38.74082565307617,51.25917434692383,-0.05752720175019944,0.15336399033479875,,
new3,Noto2024,0804,120,38.74082565307617,81.25917434692383,0.5728659645507423,0.537265293951573,,
new3,Noto2024,0804,160,38.74082565307617,121.25917434692383,0.7312269061816887,0.7414232939282099,,
new3,Noto2024,0804,200,38.74082565307617,161.25917434692383,0.7660728945638555,0.4632152834829144,0.7767582403314363,0.4632759429213662
new3,Noto2024,0806,30,18.44340705871582,11.55659294128418,-0.02254650450477721,0.023786297680187474,,
new3,Noto2024,0806,60,18.44340705871582,41.55659294128418,-0.45361924368013046,-0.3183525329666965,,
new3,Noto2024,0806,90,18.44340705871582,71.55659294128418,0.7995269980925047,0.22353994992723614,,
new3,Noto2024,0806,120,18.44340705871582,101.55659294128418,0.7766151910106422,0.2816687007525589,,
new3,Noto2024,0806,160,18.44340705871582,141.55659294128418,0.7844022107436999,0.27822999084312716,,
new3,Noto2024,0806,200,18.44340705871582,181.55659294128418,0.7895798444018659,0.2953861398287314,0.7937555576319354,0.295419985596034
new3,Noto2024,0807,30,16.905757904052734,13.094242095947266,0.3149092176026283,-0.14222004633777185,,
new3,Noto2024,0807,60,16.905757904052734,43.094242095947266,-0.354806011330945,-0.3555797709614623,,
new3,Noto2024,0807,90,16.905757904052734,73.09424209594727,0.7656705176318127,0.3723961769029147,,
new3,Noto2024,0807,120,16.905757904052734,103.09424209594727,0.7529566546073546,0.35453275758142677,,
new3,Noto2024,0807,160,16.905757904052734,143.09424209594727,0.7720145710934231,0.4037260353231531,,
new3,Noto2024,0807,200,16.905757904052734,183.09424209594727,0.7754486485100428,0.45709069733689756,0.7793775982596942,0.4571184638042878
new3,Noto2024,0809,30,28.897624969482422,1.1023750305175781,,0.9794536122527777,,
new3,Noto2024,0809,60,28.897624969482422,31.102375030517578,-0.3465848889642492,0.0038084851450133073,,
new3,Noto2024,0809,90,28.897624969482422,61.10237503051758,0.37696918780051686,0.10464578078712616,,
new3,Noto2024,0809,120,28.897624969482422,91.10237503051758,0.7004397891577672,0.4617687085981359,,
new3,Noto2024,0809,160,28.897624969482422,131.10237503051758,0.7763978551400227,0.5160983328601381,,
new3,Noto2024,0809,200,28.897624969482422,171.10237503051758,0.8214718242152906,0.3702152375811112,0.8269206481351925,0.37026965992572514
new3,Noto2024,0810,30,18.5150146484375,11.4849853515625,0.5581548637505491,-0.18580736829003097,,
new3,Noto2024,0810,60,18.5150146484375,41.4849853515625,-0.3875499399660432,-0.3903011758987729,,
new3,Noto2024,0810,90,18.5150146484375,71.4849853515625,0.7582617909840166,0.2893845089277107,,
new3,Noto2024,0810,120,18.5150146484375,101.4849853515625,0.7628542007963243,0.4631296875722244,,
new3,Noto2024,0810,160,18.5150146484375,141.4849853515625,0.7711575295880516,0.4622784632321624,,
new3,Noto2024,0810,200,18.5150146484375,181.4849853515625,0.7643659003917412,0.4023037676165915,0.7690729468408124,0.4023346972202946
new3,Noto2024,0813,30,38.64302444458008,0.0,,0.0,,
new3,Noto2024,0813,60,38.64302444458008,21.356975555419922,-0.22883478803731613,0.4704502313186012,,
new3,Noto2024,0813,90,38.64302444458008,51.35697555541992,0.0009057531983705473,0.11830049914949647,,
new3,Noto2024,0813,120,38.64302444458008,81.35697555541992,0.6142117699761528,0.4151245505465555,,
new3,Noto2024,0813,160,38.64302444458008,121.35697555541992,0.7808998826713265,0.6927440490058716,,
new3,Noto2024,0813,200,38.64302444458008,161.35697555541992,0.8064810937050628,0.49728507282774803,0.8152587064867158,0.49735532262578186
new3,Noto2024,0814,30,43.07974624633789,0.0,,0.0,,
new3,Noto2024,0814,60,43.07974624633789,16.92025375366211,0.458684466452136,0.5040586171091048,,
new3,Noto2024,0814,90,43.07974624633789,46.92025375366211,-0.12611967055811638,0.03319901505295775,,
new3,Noto2024,0814,120,43.07974624633789,76.92025375366211,0.6912826936159828,0.2108368199953219,,
new3,Noto2024,0814,160,43.07974624633789,116.92025375366211,0.8352356232956126,0.2982751733243161,,
new3,Noto2024,0814,200,43.07974624633789,156.9202537536621,0.868834920899314,0.2053509230356072,0.8752546478117412,0.20544781066186601
new3,Noto2024,0815,30,36.71516036987305,0.0,,0.0,,
new3,Noto2024,0815,60,36.71516036987305,23.284839630126953,-0.04158421651258705,0.2567312763728351,,
new3,Noto2024,0815,90,36.71516036987305,53.28483963012695,0.4175907668313663,0.30759518768183636,,
new3,Noto2024,0815,120,36.71516036987305,83.28483963012695,0.7332933127092776,0.5264286457962255,,
new3,Noto2024,0815,160,36.71516036987305,123.28483963012695,0.8100730296071869,0.7358114640299851,,
new3,Noto2024,0815,200,36.71516036987305,163.28483963012695,0.8188979071579996,0.6773868796543914,0.8260304190378801,0.6774444375482558
new3,Noto2024,0817,30,35.75553512573242,0.0,,0.0,,
new3,Noto2024,0817,60,35.75553512573242,24.244464874267578,-0.19519918460887747,0.25977653927575783,,
new3,Noto2024,0817,90,35.75553512573242,54.24446487426758,0.10796809447096928,0.11552669040732333,,
new3,Noto2024,0817,120,35.75553512573242,84.24446487426758,0.634887575023826,0.15299017528614467,,
new3,Noto2024,0817,160,35.75553512573242,124.24446487426758,0.8059130476267039,0.5292895989855824,,
new3,Noto2024,0817,200,35.75553512573242,164.24446487426758,0.8301535315978091,0.30830540382141436,0.8373129807778663,0.3083776345141187
new3,Noto2024,0818,30,35.6491584777832,0.0,,0.0,,
new3,Noto2024,0818,60,35.6491584777832,24.350841522216797,0.0943565268586394,0.32236878807532765,,
new3,Noto2024,0818,90,35.6491584777832,54.3508415222168,0.2666841939225445,0.24853869813857,,
new3,Noto2024,0818,120,35.6491584777832,84.3508415222168,0.6861536435202249,0.21398227542776027,,
new3,Noto2024,0818,160,35.6491584777832,124.3508415222168,0.8304150143589559,0.4947323507870065,,
new3,Noto2024,0818,200,35.6491584777832,164.3508415222168,0.8441727476761858,0.37778458686770744,0.85061535985725,0.37786849199191597
new3,Noto2024,0819,30,37.249755859375,0.0,,0.0,,
new3,Noto2024,0819,60,37.249755859375,22.750244140625,0.258495322039133,0.3183736675123017,,
new3,Noto2024,0819,90,37.249755859375,52.750244140625,0.14778330234612963,0.1455817287558645,,
new3,Noto2024,0819,120,37.249755859375,82.750244140625,0.6284647931124944,0.04933055620833482,,
new3,Noto2024,0819,160,37.249755859375,122.750244140625,0.8213509189109358,0.3322610750932453,,
new3,Noto2024,0819,200,37.249755859375,162.750244140625,0.841457020565361,0.27042279168321937,0.8485299263444404,0.2705076074892334
new3,Noto2024,0820,30,38.58880615234375,0.0,,0.0,,
new3,Noto2024,0820,60,38.58880615234375,21.41119384765625,0.28016346700842354,0.019812083304759476,,
new3,Noto2024,0820,90,38.58880615234375,51.41119384765625,0.20408166886383242,-0.14027815594679538,,
new3,Noto2024,0820,120,38.58880615234375,81.41119384765625,0.7247399166896312,0.23730046919872638,,
new3,Noto2024,0820,160,38.58880615234375,121.41119384765625,0.8439687951336073,0.36021445589206014,,
new3,Noto2024,0820,200,38.58880615234375,161.41119384765625,0.8641116954205822,0.46814655243422987,0.87010225475084,0.4682062229809203
new3,Noto2024,0840,30,39.271427154541016,0.0,,0.0,,
new3,Noto2024,0840,60,39.271427154541016,20.728572845458984,0.35519994967799223,0.49510356622209173,,
new3,Noto2024,0840,90,39.271427154541016,50.728572845458984,0.1639951704092275,0.2919550262642616,,
new3,Noto2024,0840,120,39.271427154541016,80.72857284545898,0.6324663708862286,0.46481963337343046,,
new3,Noto2024,0840,160,39.271427154541016,120.72857284545898,0.7895561597488985,0.4013288185997723,,
new3,Noto2024,0840,200,39.271427154541016,160.72857284545898,0.8258747322541041,0.28586748420940733,0.8332769366276472,0.285955815329312
new3,Noto2024,0841,30,41.201255798339844,0.0,,0.0,,
new3,Noto2024,0841,60,41.201255798339844,18.798744201660156,-0.1353358905681868,0.4912688880604916,,
new3,Noto2024,0841,90,41.201255798339844,48.798744201660156,0.10612975035683404,0.13958170285002147,,
new3,Noto2024,0841,120,41.201255798339844,78.79874420166016,0.7480131915030627,0.5478132550991246,,
new3,Noto2024,0841,160,41.201255798339844,118.79874420166016,0.8058861579081774,0.5893759026227228,,
new3,Noto2024,0841,200,41.201255798339844,158.79874420166016,0.8271083019255502,0.49853207940923294,0.8354452023337801,0.49860781459069425
new3,Noto2024,0842,30,37.4050407409668,0.0,,0.0,,
new3,Noto2024,0842,60,37.4050407409668,22.594959259033203,0.09186202730364414,0.15819310404841236,,
new3,Noto2024,0842,90,37.4050407409668,52.5949592590332,0.3106948415860993,0.004742215563432239,,
new3,Noto2024,0842,120,37.4050407409668,82.5949592590332,0.74242470369245,0.2227646376567023,,
new3,Noto2024,0842,160,37.4050407409668,122.5949592590332,0.8471498053111794,0.31523310314319986,,
new3,Noto2024,0842,200,37.4050407409668,162.5949592590332,0.8598901290600828,0.30950052874561607,0.8657204612302647,0.30958706079723886
new3,Noto2024,0845,30,34.211124420166016,0.0,,0.0,,
new3,Noto2024,0845,60,34.211124420166016,25.788875579833984,0.19420855899689438,0.36066750385742363,,
new3,Noto2024,0845,90,34.211124420166016,55.788875579833984,0.5507529474603836,0.015839190020367155,,
new3,Noto2024,0845,120,34.211124420166016,85.78887557983398,0.7823818377217194,0.10075350949613249,,
new3,Noto2024,0845,160,34.211124420166016,125.78887557983398,0.7969623623401021,0.4059402702091619,,
new3,Noto2024,0845,200,34.211124420166016,165.78887557983398,0.8000815376998544,0.3430242441615121,0.807520116022239,0.34308214885491584
new3,Noto2024,0892,30,71.78378295898438,0.0,,0.0,,
new3,Noto2024,0892,60,71.78378295898438,0.0,,0.0,,
new3,Noto2024,0892,90,71.78378295898438,18.216217041015625,0.31865222579558805,0.4457442192853005,,
new3,Noto2024,0892,120,71.78378295898438,48.216217041015625,0.2741009484333869,0.02024623154538574,,
new3,Noto2024,0892,160,71.78378295898438,88.21621704101562,0.6514719842334207,-0.25033622140397416,,
new3,Noto2024,0892,200,71.78378295898438,128.21621704101562,0.6917466935820421,-0.16839291312485472,0.7278916247829273,-0.1677331310538106
new3,Noto2024,0907,30,54.84515380859375,0.0,,0.0,,
new3,Noto2024,0907,60,54.84515380859375,5.15484619140625,0.8498823644356212,0.8065209753811402,,
new3,Noto2024,0907,90,54.84515380859375,35.15484619140625,-0.5844438512818702,0.029128009805016397,,
new3,Noto2024,0907,120,54.84515380859375,65.15484619140625,0.3871330233691884,-0.2281808815804096,,
new3,Noto2024,0907,160,54.84515380859375,105.15484619140625,0.5520084211070514,-0.5374796534826132,,
new3,Noto2024,0907,200,54.84515380859375,145.15484619140625,0.6053542629886666,-0.31161975112474494,0.6380128777265911,-0.31133614599408066
new3,Noto2024,0921,30,50.214820861816406,0.0,,0.0,,
new3,Noto2024,0921,60,50.214820861816406,9.785179138183594,0.8227418601623587,0.9701931657771183,,
new3,Noto2024,0921,90,50.214820861816406,39.785179138183594,-0.33258201399707404,0.4323086398145026,,
new3,Noto2024,0921,120,50.214820861816406,69.7851791381836,0.5210236136308831,0.1788344393510286,,
new3,Noto2024,0921,160,50.214820861816406,109.7851791381836,0.680674592495167,-0.02846525143643941,,
new3,Noto2024,0921,200,50.214820861816406,149.7851791381836,0.7219465911294671,-0.17593866098315925,0.7417861047696526,-0.17554841496238982
new3,Noto2024,0922,30,51.20284652709961,0.0,,0.0,,
new3,Noto2024,0922,60,51.20284652709961,8.79715347290039,0.7235601780892175,0.924052612820363,,
new3,Noto2024,0922,90,51.20284652709961,38.79715347290039,-0.7297521498451367,0.006144514559968783,,
new3,Noto2024,0922,120,51.20284652709961,68.79715347290039,0.2714611304167881,-0.16409263208031888,,
new3,Noto2024,0922,160,51.20284652709961,108.79715347290039,0.46906642670143656,-0.11734933823260985,,
new3,Noto2024,0922,200,51.20284652709961,148.7971534729004,0.4605354689362619,-0.11299128005649539,0.501369084536085,-0.11268533661562952
new3,Noto2024,0923,30,47.44346237182617,0.0,,0.0,,
new3,Noto2024,0923,60,47.44346237182617,12.556537628173828,0.6794992292098643,0.8959270102975907,,
new3,Noto2024,0923,90,47.44346237182617,42.55653762817383,-0.441911371384808,0.18528265927292153,,
new3,Noto2024,0923,120,47.44346237182617,72.55653762817383,0.4234516017530541,0.038261888554060874,,
new3,Noto2024,0923,160,47.44346237182617,112.55653762817383,0.5998264834410342,-0.06634712729968317,,
new3,Noto2024,0923,200,47.44346237182617,152.55653762817383,0.6588389431895068,-0.09244261240336726,0.6818177199457476,-0.09216330049542432
new3,Noto2024,0925,30,41.99934387207031,0.0,,0.0,,
new3,Noto2024,0925,60,41.99934387207031,18.000656127929688,0.12845335254332757,0.5752893275657822,,
new3,Noto2024,0925,90,41.99934387207031,48.00065612792969,-0.2472660581862539,0.1357105699367409,,
new3,Noto2024,0925,120,41.99934387207031,78.00065612792969,0.5089000085088119,-0.2246992530512486,,
new3,Noto2024,0925,160,41.99934387207031,118.00065612792969,0.6734447152597685,-0.21233727688643977,,
new3,Noto2024,0925,200,41.99934387207031,158.0006561279297,0.7376245061011437,-0.24567437166728912,0.7519382105503988,-0.24553628125659532
new3,Noto2024,0935,30,29.709623336791992,0.2903766632080078,,0.924051326857743,,
new3,Noto2024,0935,60,29.709623336791992,30.290376663208008,-0.7704241238644197,-0.1176917847771124,,
new3,Noto2024,0935,90,29.709623336791992,60.29037666320801,0.020072527684793104,-0.2640213998671781,,
new3,Noto2024,0935,120,29.709623336791992,90.29037666320801,0.6859914723969321,0.06200459633298738,,
new3,Noto2024,0935,160,29.709623336791992,130.290376663208,0.690723737911185,0.019680505075764465,,
new3,Noto2024,0935,200,29.709623336791992,170.290376663208,0.7192824280169539,0.0658996341054161,0.7294224922370857,0.06596456658499061
new3,Noto2024,0936,30,35.74696350097656,0.0,,0.0,,
new3,Noto2024,0936,60,35.74696350097656,24.253036499023438,0.08698974931792859,0.49589936082913244,,
new3,Noto2024,0936,90,35.74696350097656,54.25303649902344,0.12154482300456228,-0.007629108463653722,,
new3,Noto2024,0936,120,35.74696350097656,84.25303649902344,0.5503814631900112,-0.2598332354252788,,
new3,Noto2024,0936,160,35.74696350097656,124.25303649902344,0.6122409236337693,0.569516157759856,,
new3,Noto2024,0936,200,35.74696350097656,164.25303649902344,0.6356528978894421,0.37996313626556155,0.6529523834382329,0.38001123890366273
new3,Noto2024,0937,30,30.27873420715332,0.0,,0.0,,
new3,Noto2024,0937,60,30.27873420715332,29.72126579284668,-0.1745089542664514,-0.12657188499349115,,
new3,Noto2024,0937,90,30.27873420715332,59.72126579284668,0.5842337818908065,-0.22046910158123012,,
new3,Noto2024,0937,120,30.27873420715332,89.72126579284668,0.7252753876583041,-0.23407190273189826,,
new3,Noto2024,0937,160,30.27873420715332,129.72126579284668,0.6930675797499134,0.10729867800372705,,
new3,Noto2024,0937,200,30.27873420715332,169.72126579284668,0.7180820070548847,-0.05133435556814003,0.7285844295023165,-0.05127363691988318
new3,Noto2024,0938,30,36.89614486694336,0.0,,0.0,,
new3,Noto2024,0938,60,36.89614486694336,23.10385513305664,0.10818606275377504,0.41578168408648697,,
new3,Noto2024,0938,90,36.89614486694336,53.10385513305664,0.05191848618156012,-0.013322617090776312,,
new3,Noto2024,0938,120,36.89614486694336,83.10385513305664,0.5753468326434987,0.008333928151505354,,
new3,Noto2024,0938,160,36.89614486694336,123.10385513305664,0.813273639015481,0.4760502644651696,,
new3,Noto2024,0938,200,36.89614486694336,163.10385513305664,0.8121284757083892,0.3268835283201428,0.8192881032752561,0.3269580949678641
new3,Noto2024,0939,30,28.687936782836914,1.312063217163086,,0.811359887522987,,
new3,Noto2024,0939,60,28.687936782836914,31.312063217163086,-0.4605505894125654,0.07049497504879554,,
new3,Noto2024,0939,90,28.687936782836914,61.312063217163086,0.7113494703287708,0.07141095466547132,,
new3,Noto2024,0939,120,28.687936782836914,91.31206321716309,0.767804003627035,0.38085079506960096,,
new3,Noto2024,0939,160,28.687936782836914,131.3120632171631,0.7998037096073779,0.23209997941759486,,
new3,Noto2024,0939,200,28.687936782836914,171.3120632171631,0.807677879779357,0.1555212086316331,0.813994016833893,0.15558654395074978
new3,Noto2024,0940,30,35.709049224853516,0.0,,0.0,,
new3,Noto2024,0940,60,35.709049224853516,24.290950775146484,-0.1282759855252568,0.35296103429908676,,
new3,Noto2024,0940,90,35.709049224853516,54.290950775146484,0.04363403083874907,-0.09734324780841952,,
new3,Noto2024,0940,120,35.709049224853516,84.29095077514648,0.5969190085119945,-0.004627652342250599,,
new3,Noto2024,0940,160,35.709049224853516,124.29095077514648,0.7737682987334574,0.4906883178784396,,
new3,Noto2024,0940,200,35.709049224853516,164.29095077514648,0.7788036583834809,0.3767409416237273,0.7876447847206572,0.3768060950046177
new3,Noto2024,0941,30,27.14297103881836,2.8570289611816406,,0.46676683889699166,,
new3,Noto2024,0941,60,27.14297103881836,32.85702896118164,-0.680003316874014,-0.32855336644430366,,
new3,Noto2024,0941,90,27.14297103881836,62.85702896118164,0.17088313174022113,0.05708849848969333,,
new3,Noto2024,0941,120,27.14297103881836,92.85702896118164,0.6174857101323572,0.2245510752417772,,
new3,Noto2024,0941,160,27.14297103881836,132.85702896118164,0.6931548255205898,0.1652828282245764,,
new3,Noto2024,0941,200,27.14297103881836,172.85702896118164,0.7042699867407918,0.12576410316765863,0.7143279206990167,0.12584767100916583
new3,Noto2024,0942,30,33.04815673828125,0.0,,0.0,,
new3,Noto2024,0942,60,33.04815673828125,26.95184326171875,-0.6820962880934858,0.11881322448723797,,
new3,Noto2024,0942,90,33.04815673828125,56.95184326171875,0.15155176653028607,-0.10710958783104552,,
new3,Noto2024,0942,120,33.04815673828125,86.95184326171875,0.6624552295533191,0.1741309770460946,,
new3,Noto2024,0942,160,33.04815673828125,126.95184326171875,0.7137817930590318,0.4545654738925462,,
new3,Noto2024,0942,200,33.04815673828125,166.95184326171875,0.7201241694970741,0.33176200916221443,0.731864290515734,0.33182103242469907
new3,Noto2024,0943,30,35.8296012878418,0.0,,0.0,,
new3,Noto2024,0943,60,35.8296012878418,24.170398712158203,-0.42030661503763084,0.34284291043583437,,
new3,Noto2024,0943,90,35.8296012878418,54.1703987121582,-0.1590500867458389,-0.13460196875724506,,
new3,Noto2024,0943,120,35.8296012878418,84.1703987121582,0.5745795995828731,-0.09602810338200829,,
new3,Noto2024,0943,160,35.8296012878418,124.1703987121582,0.8083582337390008,0.1600830542018583,,
new3,Noto2024,0943,200,35.8296012878418,164.1703987121582,0.8347287448491868,0.13952069375483234,0.8414764941408841,0.13961703913442847
new3,Noto2024,0944,30,38.824398040771484,0.0,,0.0,,
new3,Noto2024,0944,60,38.824398040771484,21.175601959228516,-0.2607209451908912,0.4044032396216011,,
new3,Noto2024,0944,90,38.824398040771484,51.175601959228516,-0.26175759572724966,-0.10507136074391887,,
new3,Noto2024,0944,120,38.824398040771484,81.17560195922852,0.525070811163709,0.17711554888571612,,
new3,Noto2024,0944,160,38.824398040771484,121.17560195922852,0.7412511502077482,0.5532409092442157,,
new3,Noto2024,0944,200,38.824398040771484,161.17560195922852,0.758201383570321,0.32114345284471835,0.7692887593881433,0.32121042588242954
new3,Noto2024,0945,30,35.43436050415039,0.0,,0.0,,
new3,Noto2024,0945,60,35.43436050415039,24.56563949584961,-0.18150494731762506,0.2677508924111365,,
new3,Noto2024,0945,90,35.43436050415039,54.56563949584961,0.1915476292785663,-0.06917546245009021,,
new3,Noto2024,0945,120,35.43436050415039,84.56563949584961,0.740862308329693,0.14154386116172635,,
new3,Noto2024,0945,160,35.43436050415039,124.56563949584961,0.7741146606254377,0.5924309094669313,,
new3,Noto2024,0945,200,35.43436050415039,164.5656394958496,0.7914637624319194,0.5338908983186945,0.7998483195821472,0.533948700383232
new3,Noto2024,0946,30,39.15171432495117,0.0,,0.0,,
new3,Noto2024,0946,60,39.15171432495117,20.848285675048828,0.06734412374812444,0.45462224068034374,,
new3,Noto2024,0946,90,39.15171432495117,50.84828567504883,0.012877153608612833,-0.008209829091399001,,
new3,Noto2024,0946,120,39.15171432495117,80.84828567504883,0.6335953608511702,0.40410447371196057,,
new3,Noto2024,0946,160,39.15171432495117,120.84828567504883,0.7565593537918359,0.7512245857120439,,
new3,Noto2024,0946,200,39.15171432495117,160.84828567504883,0.7777230495759657,0.5009773041638104,0.7878525270439023,0.5010366345370256
new3,Noto2024,0947,30,37.84687042236328,0.0,,0.0,,
new3,Noto2024,0947,60,37.84687042236328,22.15312957763672,-0.5440878330714713,0.14850647245052073,,
new3,Noto2024,0947,90,37.84687042236328,52.15312957763672,-0.16557287417634584,0.07643867071963228,,
new3,Noto2024,0947,120,37.84687042236328,82.15312957763672,0.5749028565927004,0.340051380149454,,
new3,Noto2024,0947,160,37.84687042236328,122.15312957763672,0.6836101048927546,0.747423870935255,,
new3,Noto2024,0947,200,37.84687042236328,162.15312957763672,0.706675952885445,0.5840084714794243,0.7207051670856333,0.5840650751314831
new3,Noto2024,0948,30,31.408565521240234,0.0,,0.0,,
new3,Noto2024,0948,60,31.408565521240234,28.591434478759766,-0.7415982053307747,-0.13267211998984862,,
new3,Noto2024,0948,90,31.408565521240234,58.591434478759766,0.28943179789456014,-0.03237682635879491,,
new3,Noto2024,0948,120,31.408565521240234,88.59143447875977,0.6698834171515538,0.22645246045848477,,
new3,Noto2024,0948,160,31.408565521240234,128.59143447875977,0.7469258243135569,0.3615991237378253,,
new3,Noto2024,0948,200,31.408565521240234,168.59143447875977,0.7464961419188041,0.3039407610774134,0.7563735176620504,0.3040072799697624
new3,Noto2024,0949,30,26.561973571777344,3.4380264282226562,,0.6133488535228055,,
new3,Noto2024,0949,60,26.561973571777344,33.438026428222656,-0.5151024156053906,-0.055613553917867264,,
new3,Noto2024,0949,90,26.561973571777344,63.438026428222656,0.649776775773728,0.3414870873225624,,
new3,Noto2024,0949,120,26.561973571777344,93.43802642822266,0.6828236454966702,0.6031113367446652,,
new3,Noto2024,0949,160,26.561973571777344,133.43802642822266,0.7160249043666096,0.49339857453754377,,
new3,Noto2024,0949,200,26.561973571777344,173.43802642822266,0.7426767289603083,0.4572682575239737,0.7505812059820544,0.45730962036074896
new3,Noto2024,0950,30,30.981386184692383,0.0,,0.0,,
new3,Noto2024,0950,60,30.981386184692383,29.018613815307617,-0.6862354453207324,-0.17818174489165273,,
new3,Noto2024,0950,90,30.981386184692383,59.01861381530762,0.6098419735001414,0.08897783724470099,,
new3,Noto2024,0950,120,30.981386184692383,89.01861381530762,0.711585920134435,0.46664911382140417,,
new3,Noto2024,0950,160,30.981386184692383,129.01861381530762,0.7508275365976105,0.4742586569188916,,
new3,Noto2024,0950,200,30.981386184692383,169.01861381530762,0.7579645551828027,0.35730013708263453,0.7666325019836844,0.35735418297563815
new3,Noto2024,0951,30,33.005733489990234,0.0,,0.0,,
new3,Noto2024,0951,60,33.005733489990234,26.994266510009766,-0.5165769007155306,-0.005230238113229646,,
new3,Noto2024,0951,90,33.005733489990234,56.994266510009766,0.5052236292389287,0.15887805361153085,,
new3,Noto2024,0951,120,33.005733489990234,86.99426651000977,0.6754320222452074,0.5177488352857269,,
new3,Noto2024,0951,160,33.005733489990234,126.99426651000977,0.7812473382229048,0.6685348291306896,,
new3,Noto2024,0951,200,33.005733489990234,166.99426651000977,0.7977937872751546,0.5767214289579004,0.8055708814762085,0.5767733421555077
new3,Noto2024,0952,30,22.124271392822266,7.875728607177734,0.7050465277710876,0.47716875577769446,,
new3,Noto2024,0952,60,22.124271392822266,37.875728607177734,-0.47056107539236214,-0.2281899892749708,,
new3,Noto2024,0952,90,22.124271392822266,67.87572860717773,0.6960912137232023,0.4547030317056624,,
new3,Noto2024,0952,120,22.124271392822266,97.87572860717773,0.6856736871364512,0.5437801363413497,,
new3,Noto2024,0952,160,22.124271392822266,137.87572860717773,0.6959883014924724,0.4818240077669387,,
new3,Noto2024,0952,200,22.124271392822266,177.87572860717773,0.7097702410068963,0.45416128475280004,0.7173046370892453,0.4541961012228741
new3,Noto2024,0954,30,21.81360626220703,8.186393737792969,0.5619025329841546,0.26561839911804164,,
new3,Noto2024,0954,60,21.81360626220703,38.18639373779297,-0.5493126078611301,-0.7142537717237971,,
new3,Noto2024,0954,90,21.81360626220703,68.18639373779297,0.6887656866681119,0.4670703912111138,,
new3,Noto2024,0954,120,21.81360626220703,98.18639373779297,0.7062213745753804,0.5252750295847521,,
new3,Noto2024,0954,160,21.81360626220703,138.18639373779297,0.7232339196364631,0.4491867949289814,,
new3,Noto2024,0954,200,21.81360626220703,178.18639373779297,0.7478991991957528,0.43041487781807763,0.7537735797352016,0.4304544594999369
new3,Noto2024,0955,30,25.00132942199707,4.99867057800293,0.8094387934513737,0.5248717507700364,,
new3,Noto2024,0955,60,25.00132942199707,34.99867057800293,-0.7108262569275561,-0.30734198042706407,,
new3,Noto2024,0955,90,25.00132942199707,64.99867057800293,0.5629585938077952,0.31216273285284046,,
new3,Noto2024,0955,120,25.00132942199707,94.99867057800293,0.7048592839125825,0.6880397930187856,,
new3,Noto2024,0955,160,25.00132942199707,134.99867057800293,0.7382669335234129,0.5278148094424013,,
new3,Noto2024,0955,200,25.00132942199707,174.99867057800293,0.7663214074371101,0.4173615800628028,0.7728197239508804,0.41740848406594466
new3,Noto2024,0956,30,28.228073120117188,1.7719268798828125,,0.8925964980246732,,
new3,Noto2024,0956,60,28.228073120117188,31.771926879882812,-0.539173158732975,-0.13439363775116853,,
new3,Noto2024,0956,90,28.228073120117188,61.77192687988281,0.2632502498622412,0.14553866909956792,,
new3,Noto2024,0956,120,28.228073120117188,91.77192687988281,0.6963551048348591,0.6218106579190605,,
new3,Noto2024,0956,160,28.228073120117188,131.7719268798828,0.7521112275987002,0.5003403823549766,,
new3,Noto2024,0956,200,28.228073120117188,171.7719268798828,0.7630138467123003,0.3725495246639552,0.7709790457185698,0.3725969139020391
new3,Noto2024,0957,30,24.323816299438477,5.676183700561523,0.764785049441523,0.5888475038054803,,
new3,Noto2024,0957,60,24.323816299438477,35.67618370056152,-0.7119928510544635,-0.1373398230191496,,
new3,Noto2024,0957,90,24.323816299438477,65.67618370056152,0.5184520423332996,0.48735139518199855,,
new3,Noto2024,0957,120,24.323816299438477,95.67618370056152,0.6784621256831082,0.6799851536687358,,
new3,Noto2024,0957,160,24.323816299438477,135.67618370056152,0.6906173073297565,0.4961523877461884,,
new3,Noto2024,0957,200,24.323816299438477,175.67618370056152,0.7192707331559849,0.4227240085646642,0.7271857365945282,0.4227661269217764
new3,Noto2024,0958,30,28.86001968383789,1.1399803161621094,,1.209956520310743,,
new3,Noto2024,0958,60,28.86001968383789,31.13998031616211,-0.010458945561795798,0.07366868565994356,,
new3,Noto2024,0958,90,28.86001968383789,61.13998031616211,0.5865255833569656,0.2844063967172614,,
new3,Noto2024,0958,120,28.86001968383789,91.13998031616211,0.6733748305315546,0.6023184421114296,,
new3,Noto2024,0958,160,28.86001968383789,131.1399803161621,0.7313537412274456,0.5461003769015553,,
new3,Noto2024,0958,200,28.86001968383789,171.1399803161621,0.7659809454316872,0.43928307062668637,0.7735713805580796,0.43933322303225264
new3,Noto2024,0959,30,45.03721618652344,0.0,,0.0,,
new3,Noto2024,0959,60,45.03721618652344,14.962783813476562,0.5466289210690582,0.4989801906342919,,
new3,Noto2024,0959,90,45.03721618652344,44.96278381347656,-0.3818373504719271,-0.1728366840074811,,
new3,Noto2024,0959,120,45.03721618652344,74.96278381347656,0.6955143703760504,0.45354081269374813,,
new3,Noto2024,0959,160,45.03721618652344,114.96278381347656,0.7337329876762348,0.5632312309433418,,
new3,Noto2024,0959,200,45.03721618652344,154.96278381347656,0.825722162480551,0.5328010074730161,0.8354494670245587,0.532860753614151
new3,Noto2024,0961,30,20.609704971313477,9.390295028686523,0.6596946600199716,0.07491456996392465,,
new3,Noto2024,0961,60,20.609704971313477,39.39029502868652,-0.6737127983804968,-0.6360282131213113,,
new3,Noto2024,0961,90,20.609704971313477,69.39029502868652,0.5711384785056585,0.13730826722602796,,
new3,Noto2024,0961,120,20.609704971313477,99.39029502868652,0.6802980337122045,0.33198813958444173,,
new3,Noto2024,0961,160,20.609704971313477,139.39029502868652,0.7230510841864164,0.278419552284741,,
new3,Noto2024,0961,200,20.609704971313477,179.39029502868652,0.7331141727868031,0.3355675016976889,0.7394302325116326,0.3356092956841108
new3,Noto2024,0962,30,15.812174797058105,14.187825202941895,-0.10338639031195866,-0.215984503918774,,
new3,Noto2024,0962,60,15.812174797058105,44.187825202941895,-0.29819178690524817,-0.4510747057598179,,
new3,Noto2024,0962,90,15.812174797058105,74.1878252029419,0.7096558111950406,0.47968560429809326,,
new3,Noto2024,0962,120,15.812174797058105,104.1878252029419,0.7032453350743159,0.3848316711865847,,
new3,Noto2024,0962,160,15.812174797058105,144.1878252029419,0.7237247476636364,0.4422132861289825,,
new3,Noto2024,0962,200,15.812174797058105,184.1878252029419,0.7234235524075789,0.5002821558015826,0.7282245481479066,0.5003065841861014
new3,Noto2024,0963,30,22.65398597717285,7.346014022827148,0.4384081390998125,0.31906946809449277,,
new3,Noto2024,0963,60,22.65398597717285,37.34601402282715,-0.6893597635593512,-0.33408000101069746,,
new3,Noto2024,0963,90,22.65398597717285,67.34601402282715,0.738544577455082,0.2998691572930996,,
new3,Noto2024,0963,120,22.65398597717285,97.34601402282715,0.6892532294807977,0.40644120450000276,,
new3,Noto2024,0963,160,22.65398597717285,137.34601402282715,0.7156320832743494,0.39455635711137216,,
new3,Noto2024,0963,200,22.65398597717285,177.34601402282715,0.7209338227682052,0.4116393377279435,0.7282143637751938,0.4116797107221233
new3,Noto2024,0964,30,14.401264190673828,15.598735809326172,0.37881057965664344,0.05728829104882038,,
new3,Noto2024,0964,60,14.401264190673828,45.59873580932617,0.1775821652173591,-0.08920647597007036,,
new3,Noto2024,0964,90,14.401264190673828,75.59873580932617,0.7585523440001826,0.5296707276365114,,
new3,Noto2024,0964,120,14.401264190673828,105.59873580932617,0.7261672791528448,0.41118113950209345,,
new3,Noto2024,0964,160,14.401264190673828,145.59873580932617,0.7452007193598641,0.4663291494758637,,
new3,Noto2024,0964,200,14.401264190673828,185.59873580932617,0.7572324418187207,0.5095595644901509,0.7610169169921536,0.5095807598326347
new3,Noto2024,0965,30,35.42550277709961,0.0,,0.0,,
new3,Noto2024,0965,60,35.42550277709961,24.57449722290039,-0.5274121109603493,-0.24287720210864894,,
new3,Noto2024,0965,90,35.42550277709961,54.57449722290039,0.7114662822727296,0.09089254187030082,,
new3,Noto2024,0965,120,35.42550277709961,84.57449722290039,0.7408644134759378,0.227446722310634,,
new3,Noto2024,0965,160,35.42550277709961,124.57449722290039,0.7434744419748083,0.5953039277230827,,
new3,Noto2024,0965,200,35.42550277709961,164.5744972229004,0.7679691126059242,0.5231303867455663,0.7776117536704075,0.5231845156201578
new3,Noto2024,0966,30,8.57532787322998,21.42467212677002,-0.04945949999236424,-0.2101972778865786,,
new3,Noto2024,0966,60,8.57532787322998,51.42467212677002,0.4574836119151308,0.24709801161113631,,
new3,Noto2024,0966,90,8.57532787322998,81.42467212677002,0.7738702338975767,0.24884666663110977,,
new3,Noto2024,0966,120,8.57532787322998,111.42467212677002,0.7701300467012087,0.21610442157722787,,
new3,Noto2024,0966,160,8.57532787322998,151.42467212677002,0.7581017664178952,0.23167344346037577,,
new3,Noto2024,0966,200,8.57532787322998,191.42467212677002,0.7356871688289667,0.2129443757579068,0.7379963444038657,0.21296156178178194
new3,Noto2024,0967,30,9.439701080322266,20.560298919677734,-0.6247388222738671,-0.41666482287569284,,
new3,Noto2024,0967,60,9.439701080322266,50.560298919677734,0.3799846078582571,0.2293062761489706,,
new3,Noto2024,0967,90,9.439701080322266,80.56029891967773,0.757909356128466,0.46330968199893174,,
new3,Noto2024,0967,120,9.439701080322266,110.56029891967773,0.7560281381432132,0.36918335191370044,,
new3,Noto2024,0967,160,9.439701080322266,150.56029891967773,0.7425993074461785,0.4229029350917415,,
new3,Noto2024,0967,200,9.439701080322266,190.56029891967773,0.7381451915066017,0.4669232154473191,0.7407205364056192,0.46693723131480613
new3,Noto2024,0968,30,10.461926460266113,19.538073539733887,-0.6964190740551846,-0.2818020770542988,,
new3,Noto2024,0968,60,10.461926460266113,49.53807353973389,0.21912375013557714,0.010593779118809543,,
new3,Noto2024,0968,90,10.461926460266113,79.53807353973389,0.7635101893201147,0.25727529302854446,,
new3,Noto2024,0968,120,10.461926460266113,109.53807353973389,0.7647746690997657,0.17507642822583858,,
new3,Noto2024,0968,160,10.461926460266113,149.5380735397339,0.7883232110958285,0.17629004787240898,,
new3,Noto2024,0968,200,10.461926460266113,189.5380735397339,0.7953071467291272,0.2308875844761884,0.7973811981931858,0.23091137497216163
new3,Noto2024,0969,30,13.727945327758789,16.27205467224121,-0.4083380324082607,-0.09192361885221079,,
new3,Noto2024,0969,60,13.727945327758789,46.27205467224121,-0.24559522095440112,-0.37290700409998045,,
new3,Noto2024,0969,90,13.727945327758789,76.27205467224121,0.4552636713051024,-0.28408884455254224,,
new3,Noto2024,0969,120,13.727945327758789,106.27205467224121,0.5950920397508441,-0.472264247198126,,
new3,Noto2024,0969,160,13.727945327758789,146.2720546722412,0.6429597870675001,-0.4688269107372802,,
new3,Noto2024,0969,200,13.727945327758789,186.2720546722412,0.6460229828010012,-0.4816662707719317,0.6508072861999459,-0.47993202884360375
new3,Noto2024,0970,30,14.37742805480957,15.62257194519043,0.4672344316680519,0.20664323184199151,,
new3,Noto2024,0970,60,14.37742805480957,45.62257194519043,0.10612975563007275,0.1746400565289914,,
new3,Noto2024,0970,90,14.37742805480957,75.62257194519043,0.7355939137563288,0.3430827833231591,,
new3,Noto2024,0970,120,14.37742805480957,105.62257194519043,0.7215644115430961,0.30462536892633096,,
new3,Noto2024,0970,160,14.37742805480957,145.62257194519043,0.7361837622008508,0.2914340383917491,,
new3,Noto2024,0970,200,14.37742805480957,185.62257194519043,0.7442666697381086,0.4177296021349335,0.7480657439606353,0.4177542048310201
new3,Noto2024,0972,30,5.629940032958984,24.370059967041016,-0.816421908401586,-0.8222037772241038,,
new3,Noto2024,0972,60,5.629940032958984,54.370059967041016,0.2673914157602802,-0.002266420433421956,,
new3,Noto2024,0972,90,5.629940032958984,84.37005996704102,0.6974955807375758,-0.04783753292460613,,
new3,Noto2024,0972,120,5.629940032958984,114.37005996704102,0.7733541266465864,-0.07685961110454809,,
new3,Noto2024,0972,160,5.629940032958984,154.37005996704102,0.7999051998118095,-0.160979993543644,,
new3,Noto2024,0972,200,5.629940032958984,194.37005996704102,0.8039197016531847,-0.20578470327043874,0.8049485819551395,-0.20575552510502604
new3,Noto2024,0973,30,15.767522811889648,14.232477188110352,0.3848840036376491,0.35111047335081924,,
new3,Noto2024,0973,60,15.767522811889648,44.23247718811035,-0.39753403014536953,-0.22906246554110776,,
new3,Noto2024,0973,90,15.767522811889648,74.23247718811035,0.3142239826186728,-0.2811972406500445,,
new3,Noto2024,0973,120,15.767522811889648,104.23247718811035,0.5460410204232735,-0.2608908427715635,,
new3,Noto2024,0973,160,15.767522811889648,144.23247718811035,0.568098536118956,-0.4837205857881868,,
new3,Noto2024,0973,200,15.767522811889648,184.23247718811035,0.5801334646496361,-0.4983936558831301,0.5868567427508512,-0.49821096491944683
new3,Noto2024,0975,30,23.841129302978516,6.158870697021484,0.745628362993808,0.660026492008245,,
new3,Noto2024,0975,60,23.841129302978516,36.158870697021484,-0.6370762562108638,-0.016826957885309746,,
new3,Noto2024,0975,90,23.841129302978516,66.15887069702148,0.30893597664186623,-0.33320843115586474,,
new3,Noto2024,0975,120,23.841129302978516,96.15887069702148,0.7571092960671272,-0.2457945816556686,,
new3,Noto2024,0975,160,23.841129302978516,136.15887069702148,0.7877368104885746,-0.2388804931634807,,
new3,Noto2024,0975,200,23.841129302978516,176.15887069702148,0.8018730649051089,-0.22111141002043144,0.8071313154138535,-0.2210016383159683
new3,Noto2024,0976,30,23.437198638916016,6.562801361083984,0.7866552201308417,0.669057060067499,,
new3,Noto2024,0976,60,23.437198638916016,36.562801361083984,-0.38141260040556885,0.024572381851190706,,
new3,Noto2024,0976,90,23.437198638916016,66.56280136108398,0.5543664638402304,-0.04983881557188852,,
new3,Noto2024,0976,120,23.437198638916016,96.56280136108398,0.6559783275955164,0.2046938568697998,,
new3,Noto2024,0976,160,23.437198638916016,136.56280136108398,0.7359967035135454,-0.007468817454885368,,
new3,Noto2024,0976,200,23.437198638916016,176.56280136108398,0.7661994864186765,-0.03139423000001518,0.7725721679069366,-0.03130828064447666
new3,Noto2024,0979,30,25.979421615600586,4.020578384399414,0.8120700902376622,0.872572624613861,,
new3,Noto2024,0979,60,25.979421615600586,34.020578384399414,-0.4329137686659744,0.08248709162232881,,
new3,Noto2024,0979,90,25.979421615600586,64.02057838439941,0.5434106263069566,0.4236999019134542,,
new3,Noto2024,0979,120,25.979421615600586,94.02057838439941,0.7068705111781737,0.6273595688338593,,
new3,Noto2024,0979,160,25.979421615600586,134.0205783843994,0.7150699580875758,0.5584167550803771,,
new3,Noto2024,0979,200,25.979421615600586,174.0205783843994,0.7497083937823494,0.5093099606268927,0.7566412926659688,0.5093477067780645
new3,Noto2024,0981,30,32.2597770690918,0.0,,0.0,,
new3,Noto2024,0981,60,32.2597770690918,27.740222930908203,-0.13862150657542788,0.07927953711444502,,
new3,Noto2024,0981,90,32.2597770690918,57.7402229309082,0.31156630026493876,0.010443672249037306,,
new3,Noto2024,0981,120,32.2597770690918,87.7402229309082,0.6985644060311081,0.19042590504697898,,
new3,Noto2024,0981,160,32.2597770690918,127.7402229309082,0.8245118033224308,0.4686803536729629,,
new3,Noto2024,0981,200,32.2597770690918,167.7402229309082,0.8318836261625746,0.2393378437596967,0.838224639837769,0.23940577256324058
new3,Noto2024,0982,30,17.656295776367188,12.343704223632812,-0.1984162411250231,0.043481028371452624,,
new3,Noto2024,0982,60,17.656295776367188,42.34370422363281,-0.4897480636722926,-0.4472331571064059,,
new3,Noto2024,0982,90,17.656295776367188,72.34370422363281,0.6929290799775576,0.5175252798332339,,
new3,Noto2024,0982,120,17.656295776367188,102.34370422363281,0.6648530255106045,0.5084340115611985,,
new3,Noto2024,0982,160,17.656295776367188,142.3437042236328,0.6855286185176397,0.49172347690845175,,
new3,Noto2024,0982,200,17.656295776367188,182.3437042236328,0.6947981061772189,0.5524521567896832,0.7009807035538324,0.5524782772870074
new3,Noto2024,0983,30,14.467657089233398,15.532342910766602,-0.46001131020322295,-0.1786019547620894,,
new3,Noto2024,0983,60,14.467657089233398,45.5323429107666,-0.12430617453858592,-0.22344557278361066,,
new3,Noto2024,0983,90,14.467657089233398,75.5323429107666,0.6636108684225075,0.5562295136239355,,
new3,Noto2024,0983,120,14.467657089233398,105.5323429107666,0.7059606718823402,0.47790058905149824,,
new3,Noto2024,0983,160,14.467657089233398,145.5323429107666,0.7231626171857946,0.46870588660306556,,
new3,Noto2024,0983,200,14.467657089233398,185.5323429107666,0.7338724404041947,0.5507154101027671,0.7380576094170358,0.5507355071583211
new3,Noto2024,0984,30,16.67643928527832,13.32356071472168,-0.21366890053764354,-0.032601690730302835,,
new3,Noto2024,0984,60,16.67643928527832,43.32356071472168,-0.30932521756404857,-0.29976188475917365,,
new3,Noto2024,0984,90,16.67643928527832,73.32356071472168,0.7135241491513468,0.5007804549481838,,
new3,Noto2024,0984,120,16.67643928527832,103.32356071472168,0.668386001998323,0.4893436015700585,,
new3,Noto2024,0984,160,16.67643928527832,143.32356071472168,0.6908418077653043,0.4560992527280616,,
new3,Noto2024,0984,200,16.67643928527832,183.32356071472168,0.7068007589529411,0.4976260955050762,0.7121820655479292,0.497652520460508
new3,Noto2024,0985,30,21.286819458007812,8.713180541992188,0.5409598493150047,0.3131579717798605,,
new3,Noto2024,0985,60,21.286819458007812,38.71318054199219,-0.4179908468818637,-0.2246117762072659,,
new3,Noto2024,0985,90,21.286819458007812,68.71318054199219,0.6641959066602856,0.5164118739909016,,
new3,Noto2024,0985,120,21.286819458007812,98.71318054199219,0.6656680734341232,0.6665324927677192,,
new3,Noto2024,0985,160,21.286819458007812,138.7131805419922,0.655460208334904,0.5408290748986007,,
new3,Noto2024,0985,200,21.286819458007812,178.7131805419922,0.6792500077596908,0.5233002646147424,0.6873045334251696,0.5233302833650813
new3,Noto2024,0986,30,22.551403045654297,7.448596954345703,0.7429693188747885,0.2865636482659797,,
new3,Noto2024,0986,60,22.551403045654297,37.4485969543457,-0.6453263272551426,-0.3846729556442394,,
new3,Noto2024,0986,90,22.551403045654297,67.4485969543457,0.5366615735502246,0.31238595035447503,,
new3,Noto2024,0986,120,22.551403045654297,97.4485969543457,0.7213750782860013,0.3986002859430018,,
new3,Noto2024,0986,160,22.551403045654297,137.4485969543457,0.7317500495568299,0.2221839264702652,,
new3,Noto2024,0986,200,22.551403045654297,177.4485969543457,0.7829048502847235,0.20263565639246917,0.7876513890351468,0.2026854711774151
new3,Noto2024,0987,30,24.555967330932617,5.444032669067383,0.7794919387019387,0.6137696202941072,,
new3,Noto2024,0987,60,24.555967330932617,35.44403266906738,-0.6209323225722043,-0.42396593107164016,,
new3,Noto2024,0987,90,24.555967330932617,65.44403266906738,0.58444289332539,0.3197075935852238,,
new3,Noto2024,0987,120,24.555967330932617,95.44403266906738,0.7617799013349578,0.6305756303186305,,
new3,Noto2024,0987,160,24.555967330932617,135.44403266906738,0.7518554534235757,0.4146162762372443,,
new3,Noto2024,0987,200,24.555967330932617,175.44403266906738,0.7933223713183362,0.33404952298303936,0.7983746522279107,0.3340962021169913
new3,Noto2024,0988,30,23.690534591674805,6.309465408325195,0.7133972367379364,0.6737008363556951,,
new3,Noto2024,0988,60,23.690534591674805,36.309465408325195,-0.631569065490673,-0.23630030068964203,,
new3,Noto2024,0988,90,23.690534591674805,66.3094654083252,0.42790025640866136,-0.048221707643127054,,
new3,Noto2024,0988,120,23.690534591674805,96.3094654083252,0.6938962927106104,-0.015058927460356308,,
new3,Noto2024,0988,160,23.690534591674805,136.3094654083252,0.7339278660367032,-0.15952631859871058,,
new3,Noto2024,0988,200,23.690534591674805,176.3094654083252,0.7472811793220946,-0.18697130509664106,0.7541951244550378,-0.1861523942876575
new3,Noto2024,0989,30,26.073732376098633,3.926267623901367,,0.7016112280560804,,
new3,Noto2024,0989,60,26.073732376098633,33.92626762390137,-0.5472875614887708,-0.12251634764878361,,
new3,Noto2024,0989,90,26.073732376098633,63.92626762390137,0.44920076949736965,0.21396690710288624,,
new3,Noto2024,0989,120,26.073732376098633,93.92626762390137,0.728811244003514,0.4038117581975742,,
new3,Noto2024,0989,160,26.073732376098633,133.92626762390137,0.7539195227529835,0.21566214982019716,,
new3,Noto2024,0989,200,26.073732376098633,173.92626762390137,0.8069093778940147,0.09145983788846923,0.8118324913023784,0.0915175425340422
new3,Noto2024,0990,30,19.15939712524414,10.84060287475586,0.5217392741151988,0.3769372871306089,,
new3,Noto2024,0990,60,19.15939712524414,40.84060287475586,-0.5612347839023291,-0.14594137572997035,,
new3,Noto2024,0990,90,19.15939712524414,70.84060287475586,0.5037797995495011,-0.148919806234467,,
new3,Noto2024,0990,120,19.15939712524414,100.84060287475586,0.6217882922569513,-0.01944208279599291,,
new3,Noto2024,0990,160,19.15939712524414,140.84060287475586,0.6994116481257482,-0.11813627900808665,,
new3,Noto2024,0990,200,19.15939712524414,180.84060287475586,0.7276766933975353,-0.029337057792337085,0.7338527511331137,-0.029207498525224196
new3,Noto2024,0992,30,27.716773986816406,2.2832260131835938,,1.07608254092127,,
new3,Noto2024,0992,60,27.716773986816406,32.283226013183594,-0.37500827441720685,0.04965797004490735,,
new3,Noto2024,0992,90,27.716773986816406,62.283226013183594,0.3948264821887904,0.06030201636338983,,
new3,Noto2024,0992,120,27.716773986816406,92.2832260131836,0.7272612554840931,0.18575174717042575,,
new3,Noto2024,0992,160,27.716773986816406,132.2832260131836,0.7627089404608816,-0.11372466269097714,,
new3,Noto2024,0992,200,27.716773986816406,172.2832260131836,0.7888005168634222,-0.29974646723881904,0.7955914152405573,-0.2995778801298643
new3,Noto2024,0995,30,33.841148376464844,0.0,,0.0,,
new3,Noto2024,0995,60,33.841148376464844,26.158851623535156,-0.2343924929614772,0.4317520087377149,,
new3,Noto2024,0995,90,33.841148376464844,56.158851623535156,0.30959559415513305,0.2694108706193008,,
new3,Noto2024,0995,120,33.841148376464844,86.15885162353516,0.6591789937685403,0.30777751482167304,,
new3,Noto2024,0995,160,33.841148376464844,126.15885162353516,0.7986124018447804,0.40737034697586694,,
new3,Noto2024,0995,200,33.841148376464844,166.15885162353516,0.8136223098673325,0.32592396467012463,0.8210023842452024,0.326002748663309
new3,Noto2024,1011,30,53.679325103759766,0.0,,0.0,,
new3,Noto2024,1011,60,53.679325103759766,6.320674896240234,0.7990027636999523,1.221303067782431,,
new3,Noto2024,1011,90,53.679325103759766,36.320674896240234,0.05266204488811967,0.5554473028595401,,
new3,Noto2024,1011,120,53.679325103759766,66.32067489624023,0.5844332348019857,0.3962966478715728,,
new3,Noto2024,1011,160,53.679325103759766,106.32067489624023,0.6966180539471817,0.375556049859874,,
new3,Noto2024,1011,200,53.679325103759766,146.32067489624023,0.7466526995316266,0.20450955866695342,0.7642829083919098,0.2046735943355218
new3,Noto2024,1079,30,88.56747436523438,0.0,,0.0,,
new3,Noto2024,1079,60,88.56747436523438,0.0,,0.0,,
new3,Noto2024,1079,90,88.56747436523438,1.432525634765625,,1.5108421729628647,,
new3,Noto2024,1079,120,88.56747436523438,31.432525634765625,0.2326271817994295,0.49439605158490707,,
new3,Noto2024,1079,160,88.56747436523438,71.43252563476562,0.5594341441165794,0.2305104496200885,,
new3,Noto2024,1079,200,88.56747436523438,111.43252563476562,0.6693409772545522,0.16338956591288945,0.7260867877196441,0.1638436698348782
new3,Noto2024,1102,30,32.253849029541016,0.0,,0.0,,
new3,Noto2024,1102,60,32.253849029541016,27.746150970458984,0.07468646596135797,0.15623057798234452,,
new3,Noto2024,1102,90,32.253849029541016,57.746150970458984,0.3202984211854444,0.07165808115869776,,
new3,Noto2024,1102,120,32.253849029541016,87.74615097045898,0.7620450390717467,0.4491268754835289,,
new3,Noto2024,1102,160,32.253849029541016,127.74615097045898,0.8336295582052103,0.4107519213927775,,
new3,Noto2024,1102,200,32.253849029541016,167.74615097045898,0.8530090506026442,0.34445728974261414,0.85836760692933,0.34452467151607635
new3,Noto2024,1119,30,70.81785583496094,0.0,,0.0,,
new3,Noto2024,1119,60,70.81785583496094,0.0,,0.0,,
new3,Noto2024,1119,90,70.81785583496094,19.182144165039062,0.5109686531680696,0.4462866518144155,,
new3,Noto2024,1119,120,70.81785583496094,49.18214416503906,0.10906778195848309,0.0740579873914129,,
new3,Noto2024,1119,160,70.81785583496094,89.18214416503906,0.3457749285431429,-0.1850585586305442,,
new3,Noto2024,1119,200,70.81785583496094,129.18214416503906,0.49941513117809694,-0.10564512276412064,0.550481086224276,-0.10518382695188411
new3,Noto2024,1127,30,24.90770721435547,5.092292785644531,0.7884792976392315,0.9051518080453818,,
new3,Noto2024,1127,60,24.90770721435547,35.09229278564453,0.002761409447469736,0.2246138220554359,,
new3,Noto2024,1127,90,24.90770721435547,65.09229278564453,0.6949297142513082,0.45472147792569206,,
new3,Noto2024,1127,120,24.90770721435547,95.09229278564453,0.6760766815578138,0.6458497562303025,,
new3,Noto2024,1127,160,24.90770721435547,135.09229278564453,0.6695516813546286,0.4676852562892604,,
new3,Noto2024,1127,200,24.90770721435547,175.09229278564453,0.7035461714816761,0.41450582953492,0.7119238080609518,0.4145423226539888
new3,Noto2024,1128,30,30.004697799682617,0.0,,0.0,,
new3,Noto2024,1128,60,30.004697799682617,29.995302200317383,-0.01310423368796573,0.3382238901729693,,
new3,Noto2024,1128,90,30.004697799682617,59.99530220031738,0.38383846291187845,0.06206975529009906,,
new3,Noto2024,1128,120,30.004697799682617,89.99530220031738,0.6822066060177219,0.12973781283755148,,
new3,Noto2024,1128,160,30.004697799682617,129.99530220031738,0.7284456177423442,-0.2195984974601659,,
new3,Noto2024,1128,200,30.004697799682617,169.99530220031738,0.7580519302913138,-0.2723376243538951,0.7670369496447458,-0.2720931930005932
new3,Noto2024,1144,30,39.47998809814453,0.0,,0.0,,
new3,Noto2024,1144,60,39.47998809814453,20.52001190185547,0.20194994440420563,0.6415543615494999,,
new3,Noto2024,1144,90,39.47998809814453,50.52001190185547,-0.1400666889713687,0.37012456949098826,,
new3,Noto2024,1144,120,39.47998809814453,80.52001190185547,0.6257821475089341,0.3805451376998805,,
new3,Noto2024,1144,160,39.47998809814453,120.52001190185547,0.7687041947965336,0.5463929535268255,,
new3,Noto2024,1144,200,39.47998809814453,160.52001190185547,0.796057117517604,0.4240354001158311,0.8053863823626922,0.42410708430967503
new3,Noto2024,1158,30,8.94851303100586,21.05148696899414,-0.8015713893181353,-0.661476213526444,,
new3,Noto2024,1158,60,8.94851303100586,51.05148696899414,0.24243227558831348,-0.2595045241734226,,
new3,Noto2024,1158,90,8.94851303100586,81.05148696899414,0.49878181945208216,-0.4219480556249309,,
new3,Noto2024,1158,120,8.94851303100586,111.05148696899414,0.5250597300651685,-0.4750326914673222,,
new3,Noto2024,1158,160,8.94851303100586,151.05148696899414,0.5031999736755198,-0.6570403672853402,,
new3,Noto2024,1158,200,8.94851303100586,191.05148696899414,0.4814207165564505,-0.6557477533158789,0.4853826663635147,-0.6556507329382528
new3,Noto2024,1160,30,40.01359939575195,0.0,,0.0,,
new3,Noto2024,1160,60,40.01359939575195,19.986400604248047,0.1870147533491803,0.32775513964083114,,
new3,Noto2024,1160,90,40.01359939575195,49.98640060424805,0.13492562720830847,0.11912740100207486,,
new3,Noto2024,1160,120,40.01359939575195,79.98640060424805,0.6788576114922044,0.22896999477953006,,
new3,Noto2024,1160,160,40.01359939575195,119.98640060424805,0.7935041486599351,0.1170277423866084,,
new3,Noto2024,1160,200,40.01359939575195,159.98640060424805,0.8128210478449366,0.10348568701052141,0.8222449293582492,0.10363801031121067
new3,Noto2024,1162,30,28.95857048034668,1.0414295196533203,,0.9150702625887801,,
new3,Noto2024,1162,60,28.95857048034668,31.04142951965332,-0.6534885282943788,-0.1333387226694125,,
new3,Noto2024,1162,90,28.95857048034668,61.04142951965332,0.13540717099240862,-0.32782106444946635,,
new3,Noto2024,1162,120,28.95857048034668,91.04142951965332,0.6472816772144362,-0.11494679671636465,,
new3,Noto2024,1162,160,28.95857048034668,131.04142951965332,0.7162134314578756,-0.13747190210465288,,
new3,Noto2024,1162,200,28.95857048034668,171.04142951965332,0.7425169915179808,-0.06899272296883385,0.7511510710932231,-0.06892300841551435
new3,Noto2024,1171,30,36.26603698730469,0.0,,0.0,,
new3,Noto2024,1171,60,36.26603698730469,23.733963012695312,-0.1795719519090785,0.16440093049830296,,
new3,Noto2024,1171,90,36.26603698730469,53.73396301269531,0.520503802410847,0.13746064644178801,,
new3,Noto2024,1171,120,36.26603698730469,83.73396301269531,0.756837612520576,0.38812010292963617,,
new3,Noto2024,1171,160,36.26603698730469,123.73396301269531,0.8223774514297343,0.7378856202341977,,
new3,Noto2024,1171,200,36.26603698730469,163.7339630126953,0.8288406127302098,0.49659500654205857,0.835410423182185,0.4966606543569867
new3,Noto2024,1178,30,42.0513916015625,0.0,,0.0,,
new3,Noto2024,1178,60,42.0513916015625,17.9486083984375,0.1509784898620252,0.5886936320566267,,
new3,Noto2024,1178,90,42.0513916015625,47.9486083984375,-0.018816337848012746,0.24914873645418822,,
new3,Noto2024,1178,120,42.0513916015625,77.9486083984375,0.6779810077616552,0.3475004407351676,,
new3,Noto2024,1178,160,42.0513916015625,117.9486083984375,0.8298857648620763,0.41005914656050635,,
new3,Noto2024,1178,200,42.0513916015625,157.9486083984375,0.8531122461105881,0.3185003947292868,0.8605482663514475,0.31858073690601163
new3,Noto2024,1181,30,41.841957092285156,0.0,,0.0,,
new3,Noto2024,1181,60,41.841957092285156,18.158042907714844,0.44043473626222024,0.6584020350483701,,
new3,Noto2024,1181,90,41.841957092285156,48.158042907714844,0.1186845582963571,0.24964895673603849,,
new3,Noto2024,1181,120,41.841957092285156,78.15804290771484,0.7451507981349316,0.24600658469836123,,
new3,Noto2024,1181,160,41.841957092285156,118.15804290771484,0.6367165777182503,0.6042200832392224,,
new3,Noto2024,1181,200,41.841957092285156,158.15804290771484,0.6620024632291205,0.46847244860651216,0.6807000005067458,0.4685310006563128
new3,Noto2024,1186,30,22.228469848632812,7.7715301513671875,0.7367394623321948,0.2970320398641224,,
new3,Noto2024,1186,60,22.228469848632812,37.77153015136719,-0.4462766945576199,-0.026285809275388594,,
new3,Noto2024,1186,90,22.228469848632812,67.77153015136719,0.7583551078779193,0.054925970848297645,,
new3,Noto2024,1186,120,22.228469848632812,97.77153015136719,0.7643873787802665,0.2729716061778973,,
new3,Noto2024,1186,160,22.228469848632812,137.7715301513672,0.8021680266639132,0.23735682660994417,,
new3,Noto2024,1186,200,22.228469848632812,177.7715301513672,0.8035873904685281,0.16246232206893563,0.8082928266433564,0.1625171934102312
new3,Noto2024,1187,30,53.081871032714844,0.0,,0.0,,
new3,Noto2024,1187,60,53.081871032714844,6.918128967285156,0.8348243218206932,0.9961141310982073,,
new3,Noto2024,1187,90,53.081871032714844,36.918128967285156,-0.45456577310246865,0.31835685844488193,,
new3,Noto2024,1187,120,53.081871032714844,66.91812896728516,0.5761516533173078,0.08476276704741981,,
new3,Noto2024,1187,160,53.081871032714844,106.91812896728516,0.6837843231557439,-0.19403328994004898,,
new3,Noto2024,1187,200,53.081871032714844,146.91812896728516,0.7670519796643932,-0.33114469212326725,0.7844659379433581,-0.33092711665490526
new3,Noto2024,1194,30,41.2581672668457,0.0,,0.0,,
new3,Noto2024,1194,60,41.2581672668457,18.741832733154297,-0.041103910291416364,0.5543351910141139,,
new3,Noto2024,1194,90,41.2581672668457,48.7418327331543,0.1636291947574171,0.5066659710367247,,
new3,Noto2024,1194,120,41.2581672668457,78.7418327331543,0.7250103606231321,0.5808767752125297,,
new3,Noto2024,1194,160,41.2581672668457,118.7418327331543,0.782061338756505,0.5986605399936353,,
new3,Noto2024,1194,200,41.2581672668457,158.7418327331543,0.8175042879841041,0.5959629950481515,0.8264586961222816,0.5960352245069389
new3,Noto2024,1202,30,50.941715240478516,0.0,,0.0,,
new3,Noto2024,1202,60,50.941715240478516,9.058284759521484,0.7284066852275867,0.9989209137624329,,
new3,Noto2024,1202,90,50.941715240478516,39.058284759521484,-0.4789730444922001,0.3818177016861952,,
new3,Noto2024,1202,120,50.941715240478516,69.05828475952148,0.6966832759974171,0.45438994000878097,,
new3,Noto2024,1202,160,50.941715240478516,109.05828475952148,0.7943940807713605,0.2158882474380066,,
new3,Noto2024,1202,200,50.941715240478516,149.05828475952148,0.8470465916549387,0.2515225647717072,0.8565467243599825,0.2516189539511844
new3,Noto2024,1206,30,30.989307403564453,0.0,,0.0,,
new3,Noto2024,1206,60,30.989307403564453,29.010692596435547,-0.45152611431571504,0.28100437631999853,,
new3,Noto2024,1206,90,30.989307403564453,59.01069259643555,-0.0516420899605628,0.33137507821651013,,
new3,Noto2024,1206,120,30.989307403564453,89.01069259643555,0.5364242704008317,0.6755695564384707,,
new3,Noto2024,1206,160,30.989307403564453,129.01069259643555,0.6440616210763364,0.58123556104466,,
new3,Noto2024,1206,200,30.989307403564453,169.01069259643555,0.6672569138710842,0.42082858008910495,0.6805154390623573,0.42087978521531255
new3,Noto2024,1209,30,37.042320251464844,0.0,,0.0,,
new3,Noto2024,1209,60,37.042320251464844,22.957679748535156,0.3065756032087952,0.5712371741074183,,
new3,Noto2024,1209,90,37.042320251464844,52.957679748535156,0.13104573360540245,0.26711703863646363,,
new3,Noto2024,1209,120,37.042320251464844,82.95767974853516,0.575860025205417,0.252164792111226,,
new3,Noto2024,1209,160,37.042320251464844,122.95767974853516,0.7824727466145293,0.3932420781784103,,
new3,Noto2024,1209,200,37.042320251464844,162.95767974853516,0.8208386400934983,0.3268683859527668,0.8276035191879713,0.3269526474997404
new3,Noto2024,1212,30,24.019359588623047,5.980640411376953,0.7990377670357035,0.28282573209002226,,
new3,Noto2024,1212,60,24.019359588623047,35.98064041137695,-0.7261331427896109,-0.1315604824183767,,
new3,Noto2024,1212,90,24.019359588623047,65.98064041137695,0.29861676371746715,-0.20421067817559457,,
new3,Noto2024,1212,120,24.019359588623047,95.98064041137695,0.7576395841956048,0.22139806959334596,,
new3,Noto2024,1212,160,24.019359588623047,135.98064041137695,0.7794523920775152,0.13100462931548673,,
new3,Noto2024,1212,200,24.019359588623047,175.98064041137695,0.7706943729469482,0.0002441521784390943,0.7772305928148098,0.0003062887677529602
new3,Noto2024,1214,30,20.19463539123535,9.805364608764648,0.7294164855181215,0.343998765051448,,
new3,Noto2024,1214,60,20.19463539123535,39.80536460876465,-0.6269994543510462,-0.3729612087518275,,
new3,Noto2024,1214,90,20.19463539123535,69.80536460876465,0.5282913137984069,-0.3822217108725825,,
new3,Noto2024,1214,120,20.19463539123535,99.80536460876465,0.7389699455087669,-0.32078905473793906,,
new3,Noto2024,1214,160,20.19463539123535,139.80536460876465,0.768402880857112,-0.30738743124323964,,
new3,Noto2024,1214,200,20.19463539123535,179.80536460876465,0.7841952077919224,-0.3000480882036669,0.789147783282224,-0.29955904632814434
new3,Noto2024,1216,30,39.116416931152344,0.0,,0.0,,
new3,Noto2024,1216,60,39.116416931152344,20.883583068847656,0.10892036799401086,0.5938927746980571,,
new3,Noto2024,1216,90,39.116416931152344,50.883583068847656,0.018354301879320408,0.24890878293014929,,
new3,Noto2024,1216,120,39.116416931152344,80.88358306884766,0.6079103722863992,0.21653435805933885,,
new3,Noto2024,1216,160,39.116416931152344,120.88358306884766,0.7732683705689036,0.23954521425784048,,
new3,Noto2024,1216,200,39.116416931152344,160.88358306884766,0.792381422201891,0.1763540651729043,0.8027110873079952,0.1764720498395791
new3,Noto2024,1217,30,39.01662063598633,0.0,,0.0,,
new3,Noto2024,1217,60,39.01662063598633,20.983379364013672,0.5416202028586001,0.581143825001206,,
new3,Noto2024,1217,90,39.01662063598633,50.98337936401367,0.176911628242108,0.24918846336678957,,
new3,Noto2024,1217,120,39.01662063598633,80.98337936401367,0.5933403501240158,0.37941593304954324,,
new3,Noto2024,1217,160,39.01662063598633,120.98337936401367,0.7722307267673335,0.5976572379579457,,
new3,Noto2024,1217,200,39.01662063598633,160.98337936401367,0.8046816587690869,0.5029042399616648,0.8132017502418512,0.5029727084498505
new3,Noto2024,1222,30,37.90293502807617,0.0,,0.0,,
new3,Noto2024,1222,60,37.90293502807617,22.097064971923828,0.2210215520277161,0.33233014906408,,
new3,Noto2024,1222,90,37.90293502807617,52.09706497192383,0.055854117762059,0.04013736998027451,,
new3,Noto2024,1222,120,37.90293502807617,82.09706497192383,0.58935969472807,0.5293798658948647,,
new3,Noto2024,1222,160,37.90293502807617,122.09706497192383,0.7980964852909685,0.6330429157553743,,
new3,Noto2024,1222,200,37.90293502807617,162.09706497192383,0.8259691244210335,0.36168110090258665,0.8324990916417688,0.3617487497825236
new3,Noto2024,1223,30,38.04302215576172,0.0,,0.0,,
new3,Noto2024,1223,60,38.04302215576172,21.95697784423828,0.2691760097956649,0.40468327135052107,,
new3,Noto2024,1223,90,38.04302215576172,51.95697784423828,0.03255938417862606,0.2914877388793098,,
new3,Noto2024,1223,120,38.04302215576172,81.95697784423828,0.5399394169194377,0.6119436263967009,,
new3,Noto2024,1223,160,38.04302215576172,121.95697784423828,0.7504000382732333,0.840942564896511,,
new3,Noto2024,1223,200,38.04302215576172,161.95697784423828,0.7753171886385866,0.669752939077429,0.7850763935150168,0.669810367402893
new3,Noto2024,1224,30,45.82746505737305,0.0,,0.0,,
new3,Noto2024,1224,60,45.82746505737305,14.172534942626953,0.41343275358761816,0.49642276782407624,,
new3,Noto2024,1224,90,45.82746505737305,44.17253494262695,-0.04277120897937255,-0.09654478461124949,,
new3,Noto2024,1224,120,45.82746505737305,74.17253494262695,0.7230228622583186,0.469440146943481,,
new3,Noto2024,1224,160,45.82746505737305,114.17253494262695,0.6854980667408185,0.6745889833942718,,
new3,Noto2024,1224,200,45.82746505737305,154.17253494262695,0.7593598383980488,0.7335340325836528,0.7735699559540063,0.7335790618577454
new3,Noto2024,1229,30,44.345863342285156,0.0,,0.0,,
new3,Noto2024,1229,60,44.345863342285156,15.654136657714844,0.4875249114806327,0.5248008554514314,,
new3,Noto2024,1229,90,44.345863342285156,45.654136657714844,-0.24557917346777186,-0.0257493314822268,,
new3,Noto2024,1229,120,44.345863342285156,75.65413665771484,0.6627815666955177,0.2780289889864376,,
new3,Noto2024,1229,160,44.345863342285156,115.65413665771484,0.8201115066992417,0.3739280336652753,,
new3,Noto2024,1229,200,44.345863342285156,155.65413665771484,0.8536326072085527,0.22799183223467434,0.8613421773014355,0.2280938098177332
new3,Noto2024,1231,30,35.326446533203125,0.0,,0.0,,
new3,Noto2024,1231,60,35.326446533203125,24.673553466796875,-0.7585759864409314,0.20994213284665175,,
new3,Noto2024,1231,90,35.326446533203125,54.673553466796875,0.0338317853446306,-0.038579870867548216,,
new3,Noto2024,1231,120,35.326446533203125,84.67355346679688,0.6481045288446415,0.2381942211927095,,
new3,Noto2024,1231,160,35.326446533203125,124.67355346679688,0.7863642019038184,0.5787540154873243,,
new3,Noto2024,1231,200,35.326446533203125,164.67355346679688,0.8025982938156823,0.49651510005759736,0.8106354887553715,0.4965777993465208
new3,Noto2024,1238,30,12.739089965820312,17.260910034179688,-0.6472355185956309,-0.1920035649532732,,
new3,Noto2024,1238,60,12.739089965820312,47.26091003417969,0.08373217803637435,-0.1810146167481479,,
new3,Noto2024,1238,90,12.739089965820312,77.26091003417969,0.744442354087251,0.18666327155550544,,
new3,Noto2024,1238,120,12.739089965820312,107.26091003417969,0.7434946458620146,0.13940037168486885,,
new3,Noto2024,1238,160,12.739089965820312,147.2609100341797,0.7625051786301712,0.13472514361063492,,
new3,Noto2024,1238,200,12.739089965820312,187.2609100341797,0.7806362692641189,0.22737657682168777,0.7832152608728322,0.22740571421153977
new3,Noto2024,1248,30,40.56081771850586,0.0,,0.0,,
new3,Noto2024,1248,60,40.56081771850586,19.43918228149414,0.518980425068283,0.49437793028981325,,
new3,Noto2024,1248,90,40.56081771850586,49.43918228149414,-0.003366844381400847,0.10475434855503352,,
new3,Noto2024,1248,120,40.56081771850586,79.43918228149414,0.6162406062943493,0.5046466151789017,,
new3,Noto2024,1248,160,40.56081771850586,119.43918228149414,0.7568490515094141,0.6254494783059732,,
new3,Noto2024,1248,200,40.56081771850586,159.43918228149414,0.7882827031217409,0.5099868890662025,0.7985097737014397,0.5100556882433933
new3,Noto2024,2009,30,37.8127326965332,0.0,,0.0,,
new3,Noto2024,2009,60,37.8127326965332,22.187267303466797,0.08636728826440451,0.5940192368709445,,
new3,Noto2024,2009,90,37.8127326965332,52.1872673034668,0.1632469296965429,0.11298717036256534,,
new3,Noto2024,2009,120,37.8127326965332,82.1872673034668,0.64868783596354,0.4548404752346329,,
new3,Noto2024,2009,160,37.8127326965332,122.1872673034668,0.744173506905146,0.8336715909969312,,
new3,Noto2024,2009,200,37.8127326965332,162.1872673034668,0.7631558551433781,0.6043788005018831,0.773546750648029,0.6044357265413884
new3,Noto2024,2110,30,37.269527435302734,0.0,,0.0,,
new3,Noto2024,2110,60,37.269527435302734,22.730472564697266,-0.41449242477893816,0.36579596823137894,,
new3,Noto2024,2110,90,37.269527435302734,52.730472564697266,-0.17707589268314294,-0.06038324543170148,,
new3,Noto2024,2110,120,37.269527435302734,82.73047256469727,0.4457165273200034,0.3175379677770893,,
new3,Noto2024,2110,160,37.269527435302734,122.73047256469727,0.7460509189972703,0.6900432758838262,,
new3,Noto2024,2110,200,37.269527435302734,162.73047256469727,0.7838041297847866,0.47087577359411625,0.7935334614303297,0.47094434472187174
new3,Noto2024,3001,30,30.637205123901367,0.0,,0.0,,
new3,Noto2024,3001,60,30.637205123901367,29.362794876098633,-0.7266910074189853,-0.0553064024222536,,
new3,Noto2024,3001,90,30.637205123901367,59.36279487609863,0.11890065706361613,-0.12236278644732845,,
new3,Noto2024,3001,120,30.637205123901367,89.36279487609863,0.6086726108428357,0.6174492239612794,,
new3,Noto2024,3001,160,30.637205123901367,129.36279487609863,0.7366829530510463,0.5937649148399968,,
new3,Noto2024,3001,200,30.637205123901367,169.36279487609863,0.7520739530851104,0.5174983828041197,0.7612853383802556,0.517552742358137
new3,Noto2024,3002,30,36.997798919677734,0.0,,0.0,,
new3,Noto2024,3002,60,36.997798919677734,23.002201080322266,0.12098235202059511,0.35902946307322736,,
new3,Noto2024,3002,90,36.997798919677734,53.002201080322266,0.05025315112932273,0.048003977984701685,,
new3,Noto2024,3002,120,36.997798919677734,83.00220108032227,0.4729673665040607,0.41388997731966715,,
new3,Noto2024,3002,160,36.997798919677734,123.00220108032227,0.7567872351807289,0.7375294065359581,,
new3,Noto2024,3002,200,36.997798919677734,163.00220108032227,0.798118068444236,0.5165243877451102,0.8062914901073426,0.5165885224094469
new3,Noto2024,3003,30,33.884063720703125,0.0,,0.0,,
new3,Noto2024,3003,60,33.884063720703125,26.115936279296875,-0.2844084561158501,-0.1436452388244165,,
new3,Noto2024,3003,90,33.884063720703125,56.115936279296875,0.26812042234142464,0.020892476951638983,,
new3,Noto2024,3003,120,33.884063720703125,86.11593627929688,0.6803114412969303,0.4223936902907939,,
new3,Noto2024,3003,160,33.884063720703125,126.11593627929688,0.7908320339042015,0.691660305852186,,
new3,Noto2024,3003,200,33.884063720703125,166.11593627929688,0.810232107550634,0.524601282609308,0.8173569932545982,0.5246601133021
new3,Noto2024,3004,30,41.24748229980469,0.0,,0.0,,
new3,Noto2024,3004,60,41.24748229980469,18.752517700195312,-0.2583822505378697,0.4371326151060746,,
new3,Noto2024,3004,90,41.24748229980469,48.75251770019531,-0.6794923627536396,0.010365120275167783,,
new3,Noto2024,3004,120,41.24748229980469,78.75251770019531,0.6051627642337448,0.1958146473089286,,
new3,Noto2024,3004,160,41.24748229980469,118.75251770019531,0.6864170303021467,0.7382526581849254,,
new3,Noto2024,3004,200,41.24748229980469,158.7525177001953,0.7238241838300054,0.6164758118090914,0.7380398872679436,0.6165375150465069
new3,Noto2024,3005,30,30.327787399291992,0.0,,0.0,,
new3,Noto2024,3005,60,30.327787399291992,29.672212600708008,-0.3295447897060257,-0.18488544974816,,
new3,Noto2024,3005,90,30.327787399291992,59.67221260070801,0.5910946852639007,0.20477872705023703,,
new3,Noto2024,3005,120,30.327787399291992,89.67221260070801,0.721035811721301,0.6168592943944118,,
new3,Noto2024,3005,160,30.327787399291992,129.672212600708,0.7925687798355059,0.6495194447323458,,
new3,Noto2024,3005,200,30.327787399291992,169.672212600708,0.8055446573266489,0.5402952998295492,0.8121733583057049,0.5403433972498943
new3,Noto2024,3006,30,39.82059860229492,0.0,,0.0,,
new3,Noto2024,3006,60,39.82059860229492,20.179401397705078,-0.3443440848755722,0.33706552694920777,,
new3,Noto2024,3006,90,39.82059860229492,50.17940139770508,-0.38606428592905584,-0.06461595218107608,,
new3,Noto2024,3006,120,39.82059860229492,80.17940139770508,0.5774404569334838,0.3490916264126822,,
new3,Noto2024,3006,160,39.82059860229492,120.17940139770508,0.7130091791395666,0.6512124618785267,,
new3,Noto2024,3006,200,39.82059860229492,160.17940139770508,0.7491454543051622,0.664985929101003,0.7616061381676771,0.6650445459887946
new3,Noto2024,3007,30,33.21217727661133,0.0,,0.0,,
new3,Noto2024,3007,60,33.21217727661133,26.787822723388672,-0.6084774440117892,0.20239751893242897,,
new3,Noto2024,3007,90,33.21217727661133,56.78782272338867,-0.04761864787698754,-0.08251362578316446,,
new3,Noto2024,3007,120,33.21217727661133,86.78782272338867,0.5416568195879529,0.1976991749122492,,
new3,Noto2024,3007,160,33.21217727661133,126.78782272338867,0.7591715484192482,0.6738817609624155,,
new3,Noto2024,3007,200,33.21217727661133,166.78782272338867,0.7770572484404487,0.5710766318287339,0.7858967070253756,0.571130480374463
new3,Noto2024,3010,30,41.32620620727539,0.0,,0.0,,
new3,Noto2024,3010,60,41.32620620727539,18.67379379272461,0.2002937656404008,0.5058284144417486,,
new3,Noto2024,3010,90,41.32620620727539,48.67379379272461,-0.025563841118501483,0.00727101131835628,,
new3,Noto2024,3010,120,41.32620620727539,78.67379379272461,0.7020946529960398,0.5728220404386493,,
new3,Noto2024,3010,160,41.32620620727539,118.67379379272461,0.6882680351636229,0.7752205101532637,,
new3,Noto2024,3010,200,41.32620620727539,158.6737937927246,0.7181777533703638,0.6953416025984156,0.733122527277179,0.6953953932189298
new3,Noto2024,3011,30,33.15835952758789,0.0,,0.0,,
new3,Noto2024,3011,60,33.15835952758789,26.84164047241211,-0.39348574421827154,0.18540361957529683,,
new3,Noto2024,3011,90,33.15835952758789,56.84164047241211,0.5432486467082149,0.2531976959163842,,
new3,Noto2024,3011,120,33.15835952758789,86.84164047241211,0.6800971051001814,0.5986191704605721,,
new3,Noto2024,3011,160,33.15835952758789,126.84164047241211,0.7731799256501599,0.7400157325178212,,
new3,Noto2024,3011,200,33.15835952758789,166.8416404724121,0.7990048399646159,0.5919857511611957,0.8064139334590189,0.5920359765122969
new3,Noto2024,3012,30,37.695281982421875,0.0,,0.0,,
new3,Noto2024,3012,60,37.695281982421875,22.304718017578125,-0.21300905848611887,0.31707928729005364,,
new3,Noto2024,3012,90,37.695281982421875,52.304718017578125,0.0712253004370025,0.053426031849634015,,
new3,Noto2024,3012,120,37.695281982421875,82.30471801757812,0.6272116681930625,0.46250579648211954,,
new3,Noto2024,3012,160,37.695281982421875,122.30471801757812,0.7708216210422196,0.7237913424761038,,
new3,Noto2024,3012,200,37.695281982421875,162.30471801757812,0.7871657276489887,0.5495905490217998,0.7965030053675205,0.5496530702725577
new3,Noto2024,3013,30,34.65900421142578,0.0,,0.0,,
new3,Noto2024,3013,60,34.65900421142578,25.34099578857422,-0.1030627632279479,-0.10498851718359692,,
new3,Noto2024,3013,90,34.65900421142578,55.34099578857422,0.3066664252412392,-0.015270728872384787,,
new3,Noto2024,3013,120,34.65900421142578,85.34099578857422,0.6945454004008045,0.15540736504733843,,
new3,Noto2024,3013,160,34.65900421142578,125.34099578857422,0.8041608030939347,0.5612487095988916,,
new3,Noto2024,3013,200,34.65900421142578,165.34099578857422,0.8182885613047176,0.5080941443791334,0.8251522787080722,0.5081538462149213
new3,Noto2024,3014,30,39.65449523925781,0.0,,0.0,,
new3,Noto2024,3014,60,39.65449523925781,20.345504760742188,0.0620954267649115,0.27562234776462713,,
new3,Noto2024,3014,90,39.65449523925781,50.34550476074219,-0.01642328008025372,-0.06995391169750143,,
new3,Noto2024,3014,120,39.65449523925781,80.34550476074219,0.6192386591402205,0.48875791858687734,,
new3,Noto2024,3014,160,39.65449523925781,120.34550476074219,0.7549264159437528,0.683227371712813,,
new3,Noto2024,3014,200,39.65449523925781,160.3455047607422,0.7919265848265764,0.6223992346941172,0.8018244742178694,0.6224596292642035
new3,Noto2024,3015,30,42.6602668762207,0.0,,0.0,,
new3,Noto2024,3015,60,42.6602668762207,17.339733123779297,0.2897151653238249,0.3632949493840938,,
new3,Noto2024,3015,90,42.6602668762207,47.3397331237793,-0.16341376584190448,-0.24369755220027134,,
new3,Noto2024,3015,120,42.6602668762207,77.3397331237793,0.6944974058499261,0.3414643774509116,,
new3,Noto2024,3015,160,42.6602668762207,117.3397331237793,0.670910057346155,0.6779825163986741,,
new3,Noto2024,3015,200,42.6602668762207,157.3397331237793,0.7206885678890549,0.6668078422728927,0.7358260239775128,0.6668657958574729
new3,Noto2024,3016,30,37.48896408081055,0.0,,0.0,,
new3,Noto2024,3016,60,37.48896408081055,22.511035919189453,-0.2595737261892353,0.31860851252029754,,
new3,Noto2024,3016,90,37.48896408081055,52.51103591918945,0.24230118657149044,0.36733758936343985,,
new3,Noto2024,3016,120,37.48896408081055,82.51103591918945,0.7011383909447579,0.48754432432945105,,
new3,Noto2024,3016,160,37.48896408081055,122.51103591918945,0.7962445571836096,0.6711764161080298,,
new3,Noto2024,3016,200,37.48896408081055,162.51103591918945,0.8015747816762714,0.6047272778347823,0.8100213894490025,0.6047869960308647
new3,Noto2024,3018,30,39.29767990112305,0.0,,0.0,,
new3,Noto2024,3018,60,39.29767990112305,20.702320098876953,0.038784669832646404,0.2695453087079285,,
new3,Noto2024,3018,90,39.29767990112305,50.70232009887695,0.06883947814843946,0.014439251418035148,,
new3,Noto2024,3018,120,39.29767990112305,80.70232009887695,0.7243404209926728,0.38480300454235294,,
new3,Noto2024,3018,160,39.29767990112305,120.70232009887695,0.7686337595282172,0.6263801250386889,,
new3,Noto2024,3018,200,39.29767990112305,160.70232009887695,0.7966900483979481,0.4739674400375522,0.805902944683357,0.4740345792733365
new3,Noto2024,3019,30,35.456974029541016,0.0,,0.0,,
new3,Noto2024,3019,60,35.456974029541016,24.543025970458984,0.08294535549037568,0.3168525220537628,,
new3,Noto2024,3019,90,35.456974029541016,54.543025970458984,0.240242529866031,0.3037851372466447,,
new3,Noto2024,3019,120,35.456974029541016,84.54302597045898,0.5913676665800844,0.6005251286576412,,
new3,Noto2024,3019,160,35.456974029541016,124.54302597045898,0.7606380936877247,0.7624659719947848,,
new3,Noto2024,3019,200,35.456974029541016,164.54302597045898,0.8032876416740563,0.5561666621629202,0.8105389564539706,0.5562267903941249
new3,Noto2024,3020,30,42.51642990112305,0.0,,0.0,,
new3,Noto2024,3020,60,42.51642990112305,17.483570098876953,-0.07316732356135182,0.5843629154783487,,
new3,Noto2024,3020,90,42.51642990112305,47.48357009887695,-0.25462800845868877,0.024027944049230143,,
new3,Noto2024,3020,120,42.51642990112305,77.48357009887695,0.7418784900739324,0.6361941294725044,,
new3,Noto2024,3020,160,42.51642990112305,117.48357009887695,0.6831277714148181,0.7433475395812073,,
new3,Noto2024,3020,200,42.51642990112305,157.48357009887695,0.7270608152055652,0.6394101329149917,0.7420635756653603,0.639468451895671
new3,Noto2024,3021,30,45.133758544921875,0.0,,0.0,,
new3,Noto2024,3021,60,45.133758544921875,14.866241455078125,0.11037534574955997,0.6508797789529011,,
new3,Noto2024,3021,90,45.133758544921875,44.866241455078125,-0.633864840102522,-0.02948678510409053,,
new3,Noto2024,3021,120,45.133758544921875,74.86624145507812,0.6540473335902982,0.5451075516548967,,
new3,Noto2024,3021,160,45.133758544921875,114.86624145507812,0.6791983591396266,0.5203558261834447,,
new3,Noto2024,3021,200,45.133758544921875,154.86624145507812,0.7140833753803695,0.469086023166021,0.7319323313573085,0.46916160957946573
new3,Noto2024,3022,30,47.347782135009766,0.0,,0.0,,
new3,Noto2024,3022,60,47.347782135009766,12.652217864990234,0.3968363085131182,0.8013219091597135,,
new3,Noto2024,3022,90,47.347782135009766,42.652217864990234,-0.3370767658103545,0.1420658346281698,,
new3,Noto2024,3022,120,47.347782135009766,72.65221786499023,0.6856231507930307,0.5449696175953962,,
new3,Noto2024,3022,160,47.347782135009766,112.65221786499023,0.6808254712255761,0.49697551809149854,,
new3,Noto2024,3022,200,47.347782135009766,152.65221786499023,0.7172782381658596,0.371081784974268,0.7357412646291054,0.37115999573420044
new3,Noto2024,3023,30,39.228031158447266,0.0,,0.0,,
new3,Noto2024,3023,60,39.228031158447266,20.771968841552734,0.1082032985678312,0.4183141175867515,,
new3,Noto2024,3023,90,39.228031158447266,50.771968841552734,-0.07941799552240417,0.06276204187813228,,
new3,Noto2024,3023,120,39.228031158447266,80.77196884155273,0.7541426278757998,0.43068295627304565,,
new3,Noto2024,3023,160,39.228031158447266,120.77196884155273,0.7725195663216434,0.6441350506389698,,
new3,Noto2024,3023,200,39.228031158447266,160.77196884155273,0.8099095992275775,0.49672488672992454,0.8188269220361125,0.49678875170914694
new3,Noto2024,3024,30,44.3677978515625,0.0,,0.0,,
new3,Noto2024,3024,60,44.3677978515625,15.6322021484375,0.10653344769833754,0.5612342369448768,,
new3,Noto2024,3024,90,44.3677978515625,45.6322021484375,-0.49166780150634487,-0.06340890599083782,,
new3,Noto2024,3024,120,44.3677978515625,75.6322021484375,0.7004600472653214,0.5391825807242769,,
new3,Noto2024,3024,160,44.3677978515625,115.6322021484375,0.6806680448272137,0.5903361503215665,,
new3,Noto2024,3024,200,44.3677978515625,155.6322021484375,0.7179687781852937,0.5401264965879493,0.7349291391655679,0.5401954876112756
new3,Noto2024,3025,30,42.89371109008789,0.0,,0.0,,
new3,Noto2024,3025,60,42.89371109008789,17.10628890991211,-0.05816886561742332,0.5955491958168464,,
new3,Noto2024,3025,90,42.89371109008789,47.10628890991211,-0.39864312940106583,0.07913711693280145,,
new3,Noto2024,3025,120,42.89371109008789,77.10628890991211,0.6320412318987656,0.5063621242756353,,
new3,Noto2024,3025,160,42.89371109008789,117.10628890991211,0.6500042390151204,0.7984040302277107,,
new3,Noto2024,3025,200,42.89371109008789,157.1062889099121,0.7123938002523105,0.6113302719637419,0.7279965582885839,0.6113861767319007
new3,Noto2024,3026,30,38.41456604003906,0.0,,0.0,,
new3,Noto2024,3026,60,38.41456604003906,21.585433959960938,-0.5122377140699548,0.33168822134372533,,
new3,Noto2024,3026,90,38.41456604003906,51.58543395996094,-0.12782907897181361,0.09443177036332884,,
new3,Noto2024,3026,120,38.41456604003906,81.58543395996094,0.6506541772216007,0.4252649209961872,,
new3,Noto2024,3026,160,38.41456604003906,121.58543395996094,0.7818887460471832,0.6815186684044763,,
new3,Noto2024,3026,200,38.41456604003906,161.58543395996094,0.8050699985559333,0.5055465643987054,0.8134855675238862,0.5056123700934014
new3,Noto2024,3027,30,44.17462921142578,0.0,,0.0,,
new3,Noto2024,3027,60,44.17462921142578,15.825370788574219,-0.14096341626373982,0.6493419142591392,,
new3,Noto2024,3027,90,44.17462921142578,45.82537078857422,-0.5716452791633213,-0.2288057995467483,,
new3,Noto2024,3027,120,44.17462921142578,75.82537078857422,0.6932327987042596,0.6004289744579223,,
new3,Noto2024,3027,160,44.17462921142578,115.82537078857422,0.6515527840679648,0.666924473040452,,
new3,Noto2024,3027,200,44.17462921142578,155.82537078857422,0.7055749788016609,0.6658380992311868,0.7231487062906429,0.6658928106215134
new3,Noto2024,3028,30,37.24894332885742,0.0,,0.0,,
new3,Noto2024,3028,60,37.24894332885742,22.751056671142578,-0.05889399818077133,0.34740914107631404,,
new3,Noto2024,3028,90,37.24894332885742,52.75105667114258,0.3598834031704239,0.10987748209954162,,
new3,Noto2024,3028,120,37.24894332885742,82.75105667114258,0.6614802524722672,0.4297831142654305,,
new3,Noto2024,3028,160,37.24894332885742,122.75105667114258,0.775423244165606,0.822150834156024,,
new3,Noto2024,3028,200,37.24894332885742,162.75105667114258,0.7791140586921722,0.5724678264380847,0.7883257216823918,0.5725276730722895
new3,Noto2024,3029,30,36.59617614746094,0.0,,0.0,,
new3,Noto2024,3029,60,36.59617614746094,23.403823852539062,0.01706239985967911,0.2813113745879603,,
new3,Noto2024,3029,90,36.59617614746094,53.40382385253906,0.1823235663522922,0.11329714157555504,,
new3,Noto2024,3029,120,36.59617614746094,83.40382385253906,0.61952385010056,0.3775342453110282,,
new3,Noto2024,3029,160,36.59617614746094,123.40382385253906,0.8244071875153797,0.6877800772805331,,
new3,Noto2024,3029,200,36.59617614746094,163.40382385253906,0.83684029145422,0.5495975172758127,0.8435917443841723,0.549666251368234
new3,Noto2024,3030,30,42.6456298828125,0.0,,0.0,,
new3,Noto2024,3030,60,42.6456298828125,17.3543701171875,0.2722555238992531,0.2482579620151002,,
new3,Noto2024,3030,90,42.6456298828125,47.3543701171875,-0.2704500449509699,-0.24656085865220412,,
new3,Noto2024,3030,120,42.6456298828125,77.3543701171875,0.6375324663994657,0.27638115088784776,,
new3,Noto2024,3030,160,42.6456298828125,117.3543701171875,0.7070564097738045,0.7095060676692713,,
new3,Noto2024,3030,200,42.6456298828125,157.3543701171875,0.7777066135187067,0.6229223545278897,0.7889239687476702,0.6229720066813416
new3,Noto2024,3031,30,35.46980285644531,0.0,,0.0,,
new3,Noto2024,3031,60,35.46980285644531,24.530197143554688,-0.2543762450572385,0.15323689064366874,,
new3,Noto2024,3031,90,35.46980285644531,54.53019714355469,0.016294868384149272,-0.14062357645133527,,
new3,Noto2024,3031,120,35.46980285644531,84.53019714355469,0.5225543843682549,-0.012380137187200546,,
new3,Noto2024,3031,160,35.46980285644531,124.53019714355469,0.7903840826819654,0.5239137393582558,,
new3,Noto2024,3031,200,35.46980285644531,164.5301971435547,0.8106660192332226,0.31354003553785503,0.8187496114413243,0.31362276061671235
new3,Noto2024,3033,30,45.33230209350586,0.0,,0.0,,
new3,Noto2024,3033,60,45.33230209350586,14.66769790649414,0.029979674390542527,0.5831215426042249,,
new3,Noto2024,3033,90,45.33230209350586,44.66769790649414,-0.517309235588779,0.12581337535095116,,
new3,Noto2024,3033,120,45.33230209350586,74.66769790649414,0.6661214768497644,0.6771667186177117,,
new3,Noto2024,3033,160,45.33230209350586,114.66769790649414,0.6867109880314458,0.6095810381878115,,
new3,Noto2024,3033,200,45.33230209350586,154.66769790649414,0.7361668910138474,0.5323164609256521,0.7523625537017887,0.5323781035527633
new3,Noto2024,3034,30,39.33708953857422,0.0,,0.0,,
new3,Noto2024,3034,60,39.33708953857422,20.66291046142578,0.15521288688235071,0.035145851816397844,,
new3,Noto2024,3034,90,39.33708953857422,50.66291046142578,0.19110639258655351,-0.01322989945979458,,
new3,Noto2024,3034,120,39.33708953857422,80.66291046142578,0.7298713759862879,0.3950379956549339,,
new3,Noto2024,3034,160,39.33708953857422,120.66291046142578,0.8045798748231656,0.6629946470721064,,
new3,Noto2024,3034,200,39.33708953857422,160.66291046142578,0.8337478673027002,0.5855971887800537,0.8412006724063196,0.5856598784012226
new3,Noto2024,3035,30,38.17116928100586,0.0,,0.0,,
new3,Noto2024,3035,60,38.17116928100586,21.82883071899414,0.6399224341156808,0.6861391775023833,,
new3,Noto2024,3035,90,38.17116928100586,51.82883071899414,0.5050428788000727,0.4740844025732631,,
new3,Noto2024,3035,120,38.17116928100586,81.82883071899414,0.6173661377353858,0.5626197901429313,,
new3,Noto2024,3035,160,38.17116928100586,121.82883071899414,0.7242359161968082,0.7802471282428014,,
new3,Noto2024,3035,200,38.17116928100586,161.82883071899414,0.750947593245141,0.6196933919398324,0.7620760827558007,0.619754804546143
new3,Noto2024,3036,30,42.184444427490234,0.0,,0.0,,
new3,Noto2024,3036,60,42.184444427490234,17.815555572509766,0.3989201234957032,0.6074876129582183,,
new3,Noto2024,3036,90,42.184444427490234,47.815555572509766,-0.4177588046063313,0.10178122159302916,,
new3,Noto2024,3036,120,42.184444427490234,77.81555557250977,0.7143308018565069,0.6298440648850301,,
new3,Noto2024,3036,160,42.184444427490234,117.81555557250977,0.7173742051744209,0.655204724723041,,
new3,Noto2024,3036,200,42.184444427490234,157.81555557250977,0.7798311885031812,0.5294668956878175,0.7913038425596662,0.5295286347188108
new3,Noto2024,3037,30,44.55027389526367,0.0,,0.0,,
new3,Noto2024,3037,60,44.55027389526367,15.449726104736328,-0.1324965594476065,0.6319785395962301,,
new3,Noto2024,3037,90,44.55027389526367,45.44972610473633,-0.6388807335315014,0.09267300112342092,,
new3,Noto2024,3037,120,44.55027389526367,75.44972610473633,0.6048990035600225,0.5862934990119255,,
new3,Noto2024,3037,160,44.55027389526367,115.44972610473633,0.6700549675403898,0.7168360759291135,,
new3,Noto2024,3037,200,44.55027389526367,155.44972610473633,0.748542215321462,0.6646117614213436,0.7629261612446276,0.6646634815221004
new3,Noto2024,3038,30,35.58567428588867,0.0,,0.0,,
new3,Noto2024,3038,60,35.58567428588867,24.414325714111328,-0.15407447270997604,0.33084823854059664,,
new3,Noto2024,3038,90,35.58567428588867,54.41432571411133,0.4651150210857624,0.24094896626538986,,
new3,Noto2024,3038,120,35.58567428588867,84.41432571411133,0.6600865978768106,0.510256885340195,,
new3,Noto2024,3038,160,35.58567428588867,124.41432571411133,0.7812245270272008,0.7427828948378474,,
new3,Noto2024,3038,200,35.58567428588867,164.41432571411133,0.8170313074732067,0.5890695943770003,0.8240127962969406,0.5891278301933456
new3,Noto2024,3039,30,44.088356018066406,0.0,,0.0,,
new3,Noto2024,3039,60,44.088356018066406,15.911643981933594,0.34125132469845243,0.563174470242406,,
new3,Noto2024,3039,90,44.088356018066406,45.911643981933594,-0.37513458077184947,-0.11201506933140593,,
new3,Noto2024,3039,120,44.088356018066406,75.9116439819336,0.6298159892519003,0.5071842540241986,,
new3,Noto2024,3039,160,44.088356018066406,115.9116439819336,0.7152129047368581,0.5779859003204395,,
new3,Noto2024,3039,200,44.088356018066406,155.9116439819336,0.7955981644385922,0.4952251644874037,0.8070789800825483,0.49528890316985485
new3,Noto2024,3041,30,47.19064712524414,0.0,,0.0,,
new3,Noto2024,3041,60,47.19064712524414,12.80935287475586,0.04135938063615827,0.8088404678996639,,
new3,Noto2024,3041,90,47.19064712524414,42.80935287475586,-0.5378020460085249,0.1948206792496734,,
new3,Noto2024,3041,120,47.19064712524414,72.80935287475586,0.6943849286570215,0.4122390324163163,,
new3,Noto2024,3041,160,47.19064712524414,112.80935287475586,0.7031383583894147,0.43247013965279546,,
new3,Noto2024,3041,200,47.19064712524414,152.80935287475586,0.7612458613094659,0.5413450641259407,0.7764387226967301,0.5414027096368335
new3,Noto2024,3043,30,38.29253387451172,0.0,,0.0,,
new3,Noto2024,3043,60,38.29253387451172,21.70746612548828,-0.16678999424904356,0.41979490383964,,
new3,Noto2024,3043,90,38.29253387451172,51.70746612548828,0.05106552218417206,0.26914243917396163,,
new3,Noto2024,3043,120,38.29253387451172,81.70746612548828,0.6613968462560665,0.47366444333459157,,
new3,Noto2024,3043,160,38.29253387451172,121.70746612548828,0.7754866203434447,0.7337543279168335,,
new3,Noto2024,3043,200,38.29253387451172,161.70746612548828,0.7989126893916833,0.5400964727894193,0.8077142710955258,0.54016232501393
new3,Noto2024,3044,30,46.22883987426758,0.0,,0.0,,
new3,Noto2024,3044,60,46.22883987426758,13.771160125732422,0.25359800258956017,0.7291354685038867,,
new3,Noto2024,3044,90,46.22883987426758,43.77116012573242,-0.39315283659214384,0.21053882970717286,,
new3,Noto2024,3044,120,46.22883987426758,73.77116012573242,0.7035305279971046,0.4254921165950707,,
new3,Noto2024,3044,160,46.22883987426758,113.77116012573242,0.7446351516309263,0.4986309973308538,,
new3,Noto2024,3044,200,46.22883987426758,153.77116012573242,0.8220011377408719,0.5475813914300565,0.8323468462367316,0.5476417977295087
new3,Noto2024,3045,30,43.77822494506836,0.0,,0.0,,
new3,Noto2024,3045,60,43.77822494506836,16.22177505493164,0.3414838992757813,0.6688968171707383,,
new3,Noto2024,3045,90,43.77822494506836,46.22177505493164,-0.3749029358404549,0.07313576755505835,,
new3,Noto2024,3045,120,43.77822494506836,76.22177505493164,0.6868088711619864,0.6034154478160216,,
new3,Noto2024,3045,160,43.77822494506836,116.22177505493164,0.6641865356009817,0.7186232815468996,,
new3,Noto2024,3045,200,43.77822494506836,156.22177505493164,0.734734213508659,0.4240874908928518,0.7491067954295615,0.42415122224625446
new3,Noto2024,3046,30,39.998130798339844,0.0,,0.0,,
new3,Noto2024,3046,60,39.998130798339844,20.001869201660156,0.31648584158446236,0.5137329475431924,,
new3,Noto2024,3046,90,39.998130798339844,50.001869201660156,0.008675924187245413,0.1014639500524126,,
new3,Noto2024,3046,120,39.998130798339844,80.00186920166016,0.6411174263940645,0.4695695356548244,,
new3,Noto2024,3046,160,39.998130798339844,120.00186920166016,0.7557302137834018,0.657867262367728,,
new3,Noto2024,3046,200,39.998130798339844,160.00186920166016,0.7870882732230249,0.5324096148658084,0.7967602619424712,0.5324774726070194
new3,Noto2024,3047,30,46.291168212890625,0.0,,0.0,,
new3,Noto2024,3047,60,46.291168212890625,13.708831787109375,0.5098180544934697,0.48123724404393187,,
new3,Noto2024,3047,90,46.291168212890625,43.708831787109375,-0.39640915034269647,-0.0998667322959701,,
new3,Noto2024,3047,120,46.291168212890625,73.70883178710938,0.7156457585989826,0.4230429324069265,,
new3,Noto2024,3047,160,46.291168212890625,113.70883178710938,0.7091974054862669,0.6591783222518357,,
new3,Noto2024,3047,200,46.291168212890625,153.70883178710938,0.7915172757534188,0.5082395487156388,0.8036430982915713,0.5083084173251029
new3,Noto2024,3049,30,40.83111572265625,0.0,,0.0,,
new3,Noto2024,3049,60,40.83111572265625,19.16888427734375,0.3748452314155893,0.4828750567166251,,
new3,Noto2024,3049,90,40.83111572265625,49.16888427734375,-0.02425567133929557,0.06027786297911586,,
new3,Noto2024,3049,120,40.83111572265625,79.16888427734375,0.668607440862633,0.3920913400353214,,
new3,Noto2024,3049,160,40.83111572265625,119.16888427734375,0.793290801381518,0.5625402652921165,,
new3,Noto2024,3049,200,40.83111572265625,159.16888427734375,0.8184198774280401,0.3867092597431423,0.8268105317477216,0.3867848293361389
new3,Noto2024,3051,30,45.0285758972168,0.0,,0.0,,
new3,Noto2024,3051,60,45.0285758972168,14.971424102783203,0.4836643385732276,0.5467582622628004,,
new3,Noto2024,3051,90,45.0285758972168,44.9714241027832,-0.26962908583923184,0.08745155992539999,,
new3,Noto2024,3051,120,45.0285758972168,74.9714241027832,0.691381200144031,0.2963247622576999,,
new3,Noto2024,3051,160,45.0285758972168,114.9714241027832,0.771714538289433,0.4557116382898512,,
new3,Noto2024,3051,200,45.0285758972168,154.9714241027832,0.8296559062059433,0.2867574882164847,0.8386094924284088,0.2868437411889504
new3,Noto2024,3053,30,43.239479064941406,0.0,,0.0,,
new3,Noto2024,3053,60,43.239479064941406,16.760520935058594,0.20243452354530073,0.6775785225995961,,
new3,Noto2024,3053,90,43.239479064941406,46.760520935058594,-0.19984925102551113,0.19709694971251235,,
new3,Noto2024,3053,120,43.239479064941406,76.7605209350586,0.5935506986798557,0.5728372066412151,,
new3,Noto2024,3053,160,43.239479064941406,116.7605209350586,0.7526786017162386,0.5532933489226215,,
new3,Noto2024,3053,200,43.239479064941406,156.7605209350586,0.7986654905654479,0.3947213725134686,0.8092888789673786,0.3948033565710247
new3,Noto2024,3055,30,46.51307678222656,0.0,,0.0,,
new3,Noto2024,3055,60,46.51307678222656,13.486923217773438,-0.015173982419595604,0.7659052177293786,,
new3,Noto2024,3055,90,46.51307678222656,43.48692321777344,-0.5632633953876189,0.009768279237235333,,
new3,Noto2024,3055,120,46.51307678222656,73.48692321777344,0.7428927662059835,0.5773344664939257,,
new3,Noto2024,3055,160,46.51307678222656,113.48692321777344,0.6932331832781525,0.5923359944265618,,
new3,Noto2024,3055,200,46.51307678222656,153.48692321777344,0.7717607204814948,0.5060023820656481,0.7855237612101409,0.5060718745342419
new3,Noto2024,3057,30,49.404869079589844,0.0,,0.0,,
new3,Noto2024,3057,60,49.404869079589844,10.595130920410156,0.8104548718018352,0.9378845117331878,,
new3,Noto2024,3057,90,49.404869079589844,40.595130920410156,-0.45963912680543706,0.35484263587767817,,
new3,Noto2024,3057,120,49.404869079589844,70.59513092041016,0.7641840505548181,0.4060292461330066,,
new3,Noto2024,3057,160,49.404869079589844,110.59513092041016,0.793555733436205,0.3368351922080608,,
new3,Noto2024,3057,200,49.404869079589844,150.59513092041016,0.821119720689345,0.1505529079472394,0.8314344199042092,0.15065179359039416
new3,Noto2024,3059,30,53.85041427612305,0.0,,0.0,,
new3,Noto2024,3059,60,53.85041427612305,6.149585723876953,0.730821830552215,1.074939698843008,,
new3,Noto2024,3059,90,53.85041427612305,36.14958572387695,-0.5661313896544482,0.2055243047318811,,
new3,Noto2024,3059,120,53.85041427612305,66.14958572387695,0.7151213466846612,0.6693560499311273,,
new3,Noto2024,3059,160,53.85041427612305,106.14958572387695,0.7464750309552624,0.3764294944682618,,
new3,Noto2024,3059,200,53.85041427612305,146.14958572387695,0.7439263986056875,0.3002967753325594,0.7622816251772345,0.30039120604669023
new3,Noto2024,3062,30,42.38323974609375,0.0,,0.0,,
new3,Noto2024,3062,60,42.38323974609375,17.61676025390625,0.7060956271134922,0.6356863782987059,,
new3,Noto2024,3062,90,42.38323974609375,47.61676025390625,0.19505673556307662,0.16610132503933528,,
new3,Noto2024,3062,120,42.38323974609375,77.61676025390625,0.6212162712915129,0.5515466857180433,,
new3,Noto2024,3062,160,42.38323974609375,117.61676025390625,0.7326158209538162,0.5558332777952559,,
new3,Noto2024,3062,200,42.38323974609375,157.61676025390625,0.7785078782459889,0.4903963011223569,0.7897815330774072,0.4904723020584667
new3,Noto2024,3063,30,33.60395431518555,0.0,,0.0,,
new3,Noto2024,3063,60,33.60395431518555,26.396045684814453,-0.2716686811272577,0.2126602864115883,,
new3,Noto2024,3063,90,33.60395431518555,56.39604568481445,0.3159027734088513,0.1848368724750058,,
new3,Noto2024,3063,120,33.60395431518555,86.39604568481445,0.6341658092803992,0.5924521080538829,,
new3,Noto2024,3063,160,33.60395431518555,126.39604568481445,0.7723062417479556,0.6929858064984389,,
new3,Noto2024,3063,200,33.60395431518555,166.39604568481445,0.8046074784786373,0.562589859380549,0.8117955751946442,0.5626470163149717
new3,Noto2024,3064,30,32.61587142944336,0.0,,0.0,,
new3,Noto2024,3064,60,32.61587142944336,27.38412857055664,-0.07039988856545988,-0.13868018071099453,,
new3,Noto2024,3064,90,32.61587142944336,57.38412857055664,0.6535562816993585,0.23269066070457978,,
new3,Noto2024,3064,120,32.61587142944336,87.38412857055664,0.7799162925279143,0.5236081081976165,,
new3,Noto2024,3064,160,32.61587142944336,127.38412857055664,0.8356015974043595,0.6420140575212256,,
new3,Noto2024,3064,200,32.61587142944336,167.38412857055664,0.8475968906290613,0.5644491387668156,0.8527538629325638,0.5645004245693572
new3,Noto2024,3065,30,34.01258850097656,0.0,,0.0,,
new3,Noto2024,3065,60,34.01258850097656,25.987411499023438,-0.2795199645451254,0.18797672515571673,,
new3,Noto2024,3065,90,34.01258850097656,55.98741149902344,0.3277782454158207,0.14567689652879512,,
new3,Noto2024,3065,120,34.01258850097656,85.98741149902344,0.6696080515987882,0.5173847120206974,,
new3,Noto2024,3065,160,34.01258850097656,125.98741149902344,0.792811960468459,0.7421016987731148,,
new3,Noto2024,3065,200,34.01258850097656,165.98741149902344,0.8194799879229772,0.5761062654323412,0.8263601684416036,0.5761658058704997
new3,Noto2024,3066,30,36.37509536743164,0.0,,0.0,,
new3,Noto2024,3066,60,36.37509536743164,23.62490463256836,-0.20256479899514884,0.3778352046627216,,
new3,Noto2024,3066,90,36.37509536743164,53.62490463256836,0.545437038251351,0.2964626993481492,,
new3,Noto2024,3066,120,36.37509536743164,83.62490463256836,0.7338192973258874,0.5556088033503128,,
new3,Noto2024,3066,160,36.37509536743164,123.62490463256836,0.7947020211142242,0.7188499512511131,,
new3,Noto2024,3066,200,36.37509536743164,163.62490463256836,0.8238790036213282,0.569420429435012,0.8309089084188956,0.569482745922822
new3,Noto2024,3067,30,41.43413162231445,0.0,,0.0,,
new3,Noto2024,3067,60,41.43413162231445,18.565868377685547,0.2936100449603944,0.31073342296991946,,
new3,Noto2024,3067,90,41.43413162231445,48.56586837768555,-0.15244516334842045,-0.20222760020718056,,
new3,Noto2024,3067,120,41.43413162231445,78.56586837768555,0.6692969713770835,0.5046231310303702,,
new3,Noto2024,3067,160,41.43413162231445,118.56586837768555,0.7839175848067536,0.6325919308147396,,
new3,Noto2024,3067,200,41.43413162231445,158.56586837768555,0.8249029246009824,0.47111389649569446,0.8331735594571046,0.471182754714107
new3,Noto2024,3068,30,37.49924850463867,0.0,,0.0,,
new3,Noto2024,3068,60,37.49924850463867,22.500751495361328,-0.11330671098514225,0.3157697350157864,,
new3,Noto2024,3068,90,37.49924850463867,52.50075149536133,0.3146305766508876,0.3274156919141502,,
new3,Noto2024,3068,120,37.49924850463867,82.50075149536133,0.7032115693040911,0.39434962764451154,,
new3,Noto2024,3068,160,37.49924850463867,122.50075149536133,0.8098509084102108,0.6666169668925646,,
new3,Noto2024,3068,200,37.49924850463867,162.50075149536133,0.8268844892827387,0.687544613681843,0.834300111006819,0.6875967435771662
new3,Noto2024,3069,30,31.75206756591797,0.0,,0.0,,
new3,Noto2024,3069,60,31.75206756591797,28.24793243408203,-0.062189847404725364,0.051843827775215345,,
new3,Noto2024,3069,90,31.75206756591797,58.24793243408203,0.34162524651226034,0.15863920617138216,,
new3,Noto2024,3069,120,31.75206756591797,88.24793243408203,0.718129490716361,0.5322363158003727,,
new3,Noto2024,3069,160,31.75206756591797,128.24793243408203,0.8063250721368611,0.6031783280456784,,
new3,Noto2024,3069,200,31.75206756591797,168.24793243408203,0.8388359562359584,0.47979170997217135,0.8442857440378436,0.47984408495206754
new3,Noto2024,3070,30,33.07591247558594,0.0,,0.0,,
new3,Noto2024,3070,60,33.07591247558594,26.924087524414062,-0.2701199244750252,0.04191385952875759,,
new3,Noto2024,3070,90,33.07591247558594,56.92408752441406,0.607923133585061,0.20102705326704307,,
new3,Noto2024,3070,120,33.07591247558594,86.92408752441406,0.7580755937519801,0.5443508851768799,,
new3,Noto2024,3070,160,33.07591247558594,126.92408752441406,0.8096255051908123,0.6725601322318644,,
new3,Noto2024,3070,200,33.07591247558594,166.92408752441406,0.8237481152974111,0.5194427826647035,0.8302129622284028,0.5194999819138983
new3,Noto2024,3071,30,33.36447525024414,0.0,,0.0,,
new3,Noto2024,3071,60,33.36447525024414,26.63552474975586,0.21083252822925536,0.14454431091188713,,
new3,Noto2024,3071,90,33.36447525024414,56.63552474975586,0.3926783423731548,0.22458514386168993,,
new3,Noto2024,3071,120,33.36447525024414,86.63552474975586,0.7115240045013148,0.457059087136062,,
new3,Noto2024,3071,160,33.36447525024414,126.63552474975586,0.8060158876041659,0.6049213874838584,,
new3,Noto2024,3071,200,33.36447525024414,166.63552474975586,0.843200691631773,0.46995991522923486,0.8485606031125158,0.47001539011953053
new3,Noto2024,3072,30,35.15598678588867,0.0,,0.0,,
new3,Noto2024,3072,60,35.15598678588867,24.844013214111328,-0.13411172621228915,0.2198740309069107,,
new3,Noto2024,3072,90,35.15598678588867,54.84401321411133,0.29826275128310914,0.1692887459981094,,
new3,Noto2024,3072,120,35.15598678588867,84.84401321411133,0.6829899592974803,0.3055834339396073,,
new3,Noto2024,3072,160,35.15598678588867,124.84401321411133,0.8271458209688977,0.6285136583771118,,
new3,Noto2024,3072,200,35.15598678588867,164.84401321411133,0.8384532443040921,0.3969645294182653,0.8450881271002307,0.39703547966176966
new3,Noto2024,3073,30,33.7393913269043,0.0,,0.0,,
new3,Noto2024,3073,60,33.7393913269043,26.260608673095703,0.18813466770938211,0.2243895293446201,,
new3,Noto2024,3073,90,33.7393913269043,56.2606086730957,0.46905226881205764,0.11455637424568987,,
new3,Noto2024,3073,120,33.7393913269043,86.2606086730957,0.7729610361364572,0.4699070492536377,,
new3,Noto2024,3073,160,33.7393913269043,126.2606086730957,0.8543183508091567,0.5361650833399212,,
new3,Noto2024,3073,200,33.7393913269043,166.2606086730957,0.8724053969726309,0.46574626064936364,0.8768832210119695,0.4658140170589533
new3,Noto2024,3074,30,34.116390228271484,0.0,,0.0,,
new3,Noto2024,3074,60,34.116390228271484,25.883609771728516,-0.1534616342569473,0.1427070876700327,,
new3,Noto2024,3074,90,34.116390228271484,55.883609771728516,0.3925554216902234,0.14066628690421812,,
new3,Noto2024,3074,120,34.116390228271484,85.88360977172852,0.7322015678978394,0.2820487353874199,,
new3,Noto2024,3074,160,34.116390228271484,125.88360977172852,0.8345264962879871,0.49142530763336634,,
new3,Noto2024,3074,200,34.116390228271484,165.88360977172852,0.8449048156763035,0.3423248472272107,0.8509749320436939,0.3423908728484406
new3,Noto2024,3075,30,35.64767837524414,0.0,,0.0,,
new3,Noto2024,3075,60,35.64767837524414,24.35232162475586,-0.18478171129535848,0.2555585669239049,,
new3,Noto2024,3075,90,35.64767837524414,54.35232162475586,0.17817004383410712,0.09131851360632215,,
new3,Noto2024,3075,120,35.64767837524414,84.35232162475586,0.6416447836816882,0.20549683257544604,,
new3,Noto2024,3075,160,35.64767837524414,124.35232162475586,0.8088426707287217,0.49081917743816916,,
new3,Noto2024,3075,200,35.64767837524414,164.35232162475586,0.8170596913466069,0.3236943000779364,0.8248892253237461,0.3237926797254973
new3,Noto2024,3076,30,36.543636322021484,0.0,,0.0,,
new3,Noto2024,3076,60,36.543636322021484,23.456363677978516,-0.02354567805426343,0.274065008949262,,
new3,Noto2024,3076,90,36.543636322021484,53.456363677978516,0.27554981810632706,0.08783783336393203,,
new3,Noto2024,3076,120,36.543636322021484,83.45636367797852,0.6891261024608115,0.38919502960537233,,
new3,Noto2024,3076,160,36.543636322021484,123.45636367797852,0.8182257322660095,0.6754235745731476,,
new3,Noto2024,3076,200,36.543636322021484,163.45636367797852,0.8340443756991359,0.5096061041343036,0.840880495532721,0.5096769092369291
new3,Noto2024,3077,30,36.972084045410156,0.0,,0.0,,
new3,Noto2024,3077,60,36.972084045410156,23.027915954589844,0.35374294219474894,0.32804380828821955,,
new3,Noto2024,3077,90,36.972084045410156,53.027915954589844,0.1997251641957454,0.19595151282802448,,
new3,Noto2024,3077,120,36.972084045410156,83.02791595458984,0.625009783146806,0.3565746470086282,,
new3,Noto2024,3077,160,36.972084045410156,123.02791595458984,0.7932203652673591,0.6312720681268074,,
new3,Noto2024,3077,200,36.972084045410156,163.02791595458984,0.8240087595122154,0.4509424253890515,0.8306873183549491,0.45101518957295905
new3,Noto2024,3078,30,35.850589752197266,0.0,,0.0,,
new3,Noto2024,3078,60,35.850589752197266,24.149410247802734,-0.18367971171690164,0.32571093139181073,,
new3,Noto2024,3078,90,35.850589752197266,54.149410247802734,0.27071029957006965,0.19696477477619112,,
new3,Noto2024,3078,120,35.850589752197266,84.14941024780273,0.6754470685343359,0.3695061209209287,,
new3,Noto2024,3078,160,35.850589752197266,124.14941024780273,0.8166469085925762,0.5864488417841214,,
new3,Noto2024,3078,200,35.850589752197266,164.14941024780273,0.8315980396178128,0.4069887093925315,0.8385003662447847,0.40707402372992885
new3,Noto2024,3079,30,35.01114273071289,0.0,,0.0,,
new3,Noto2024,3079,60,35.01114273071289,24.98885726928711,0.0734913960976303,0.062052933069646876,,
new3,Noto2024,3079,90,35.01114273071289,54.98885726928711,0.2602786759413889,-0.05059799815622501,,
new3,Noto2024,3079,120,35.01114273071289,84.98885726928711,0.7056944818431317,0.11156300544081699,,
new3,Noto2024,3079,160,35.01114273071289,124.98885726928711,0.8429453753542466,0.3871249600483777,,
new3,Noto2024,3079,200,35.01114273071289,164.9888572692871,0.8569786497797296,0.26708543792474426,0.8628773873993068,0.2671644022357027
new3,Noto2024,3081,30,37.383567810058594,0.0,,0.0,,
new3,Noto2024,3081,60,37.383567810058594,22.616432189941406,0.513637840633082,0.5410092167735856,,
new3,Noto2024,3081,90,37.383567810058594,52.616432189941406,0.24122908216088448,0.15141673309994452,,
new3,Noto2024,3081,120,37.383567810058594,82.6164321899414,0.7215943357128414,0.30979568637424126,,
new3,Noto2024,3081,160,37.383567810058594,122.6164321899414,0.831916644276047,0.3295067229805442,,
new3,Noto2024,3081,200,37.383567810058594,162.6164321899414,0.8619107607175941,0.26105279347950994,0.8677345005079363,0.2611383379326826
new3,Noto2024,3084,30,34.29598617553711,0.0,,0.0,,
new3,Noto2024,3084,60,34.29598617553711,25.70401382446289,-0.022901801991146147,0.07672618494994321,,
new3,Noto2024,3084,90,34.29598617553711,55.70401382446289,0.2918272640967434,0.008199377406457486,,
new3,Noto2024,3084,120,34.29598617553711,85.70401382446289,0.680359211613305,0.05216090729352363,,
new3,Noto2024,3084,160,34.29598617553711,125.70401382446289,0.8265789243207733,0.19194817952822962,,
new3,Noto2024,3084,200,34.29598617553711,165.7040138244629,0.84017980601399,0.13704112934585044,0.8466944342294317,0.13715855679777444
new3,Noto2024,3085,30,41.92455291748047,0.0,,0.0,,
new3,Noto2024,3085,60,41.92455291748047,18.07544708251953,0.28806537262906173,0.21395969073432308,,
new3,Noto2024,3085,90,41.92455291748047,48.07544708251953,-0.025519671528715253,-0.1573045899914165,,
new3,Noto2024,3085,120,41.92455291748047,78.07544708251953,0.6266030430225963,0.10702431797039669,,
new3,Noto2024,3085,160,41.92455291748047,118.07544708251953,0.770673882828515,0.002503413983698799,,
new3,Noto2024,3085,200,41.92455291748047,158.07544708251953,0.8009865363787161,0.17687972252631567,0.8113850456443191,0.17697019149881488
new3,Noto2024,3086,30,44.30833435058594,0.0,,0.0,,
new3,Noto2024,3086,60,44.30833435058594,15.691665649414062,0.5922724355596477,0.6434286424046007,,
new3,Noto2024,3086,90,44.30833435058594,45.69166564941406,-0.12680773665614717,0.12183887008181671,,
new3,Noto2024,3086,120,44.30833435058594,75.69166564941406,0.6871791482061563,0.37596039570269113,,
new3,Noto2024,3086,160,44.30833435058594,115.69166564941406,0.7996074662539548,0.4402181500976097,,
new3,Noto2024,3086,200,44.30833435058594,155.69166564941406,0.8395641226270874,0.24544363819581605,0.8478903363571028,0.24553767061446763
new3,Noto2024,3089,30,38.01837921142578,0.0,,0.0,,
new3,Noto2024,3089,60,38.01837921142578,21.98162078857422,0.18315121603774812,0.4678343068331712,,
new3,Noto2024,3089,90,38.01837921142578,51.98162078857422,0.32261219672735963,0.3856204001755472,,
new3,Noto2024,3089,120,38.01837921142578,81.98162078857422,0.6324358547088841,0.3630254218099438,,
new3,Noto2024,3089,160,38.01837921142578,121.98162078857422,0.8010858485343859,0.3412151533302463,,
new3,Noto2024,3089,200,38.01837921142578,161.98162078857422,0.8331872882765575,0.2686328934310511,0.8397971754089166,0.26872281623411975
new3,Noto2024,3090,30,36.4305305480957,0.0,,0.0,,
new3,Noto2024,3090,60,36.4305305480957,23.569469451904297,-0.08837759253294503,0.5618635075984697,,
new3,Noto2024,3090,90,36.4305305480957,53.5694694519043,0.36522318339154136,0.29953412448874683,,
new3,Noto2024,3090,120,36.4305305480957,83.5694694519043,0.7099942174655965,0.35051368903814506,,
new3,Noto2024,3090,160,36.4305305480957,123.5694694519043,0.8248026195280621,0.3481521272812742,,
new3,Noto2024,3090,200,36.4305305480957,163.5694694519043,0.858028443414828,0.3434281849506178,0.8636565441218209,0.34349970063447
new3,Noto2024,3091,30,39.719669342041016,0.0,,0.0,,
new3,Noto2024,3091,60,39.719669342041016,20.280330657958984,0.14337364377312875,0.4391401808755493,,
new3,Noto2024,3091,90,39.719669342041016,50.280330657958984,0.279057489808017,0.17002575924108498,,
new3,Noto2024,3091,120,39.719669342041016,80.28033065795898,0.7262240725074606,0.2850516139276493,,
new3,Noto2024,3091,160,39.719669342041016,120.28033065795898,0.8350717451164319,0.37288640055243594,,
new3,Noto2024,3091,200,39.719669342041016,160.28033065795898,0.857694545037353,0.43245978721942624,0.8643210602921865,0.43253415943987505
new3,Noto2024,3092,30,40.24540328979492,0.0,,0.0,,
new3,Noto2024,3092,60,40.24540328979492,19.754596710205078,0.48621882542293904,0.4303012792186749,,
new3,Noto2024,3092,90,40.24540328979492,49.75459671020508,0.14733698954135863,0.23070275029980536,,
new3,Noto2024,3092,120,40.24540328979492,79.75459671020508,0.6653741782696952,0.3064940882819158,,
new3,Noto2024,3092,160,40.24540328979492,119.75459671020508,0.8168283861358082,0.3413412911261231,,
new3,Noto2024,3092,200,40.24540328979492,159.75459671020508,0.8397390050500674,0.23464786523878178,0.8471634916025009,0.23474275509881437
new3,Noto2024,3093,30,40.07854461669922,0.0,,0.0,,
new3,Noto2024,3093,60,40.07854461669922,19.92145538330078,0.19996977977246516,0.41735540152547124,,
new3,Noto2024,3093,90,40.07854461669922,49.92145538330078,0.14653221797330285,-0.014840688285694625,,
new3,Noto2024,3093,120,40.07854461669922,79.92145538330078,0.7277708808263752,0.17462447865464714,,
new3,Noto2024,3093,160,40.07854461669922,119.92145538330078,0.842611241886876,0.20674344384109133,,
new3,Noto2024,3093,200,40.07854461669922,159.92145538330078,0.86057002251329,0.2137699036765257,0.8673018076305173,0.21386053966294138
new3,Noto2024,3094,30,41.26790237426758,0.0,,0.0,,
new3,Noto2024,3094,60,41.26790237426758,18.732097625732422,0.3293486063561936,0.2516731089212909,,
new3,Noto2024,3094,90,41.26790237426758,48.73209762573242,-0.08650933276685892,-0.22453415071460814,,
new3,Noto2024,3094,120,41.26790237426758,78.73209762573242,0.6725412187704455,0.1318694036213044,,
new3,Noto2024,3094,160,41.26790237426758,118.73209762573242,0.839222986927077,0.3337998466467864,,
new3,Noto2024,3094,200,41.26790237426758,158.73209762573242,0.8530247030541485,0.17318022643670883,0.860116845446953,0.1732756732098908
new3,Noto2024,3095,30,40.42564392089844,0.0,,0.0,,
new3,Noto2024,3095,60,40.42564392089844,19.574356079101562,0.3559605022979912,0.17067488871308445,,
new3,Noto2024,3095,90,40.42564392089844,49.57435607910156,0.19847339234963018,-0.05735929293729747,,
new3,Noto2024,3095,120,40.42564392089844,79.57435607910156,0.7321474431586878,0.17596063792205285,,
new3,Noto2024,3095,160,40.42564392089844,119.57435607910156,0.841951319240432,0.3482869299014295,,
new3,Noto2024,3095,200,40.42564392089844,159.57435607910156,0.8570803366616122,0.33612834031746797,0.8639304077744251,0.33620575794696084
new3,Noto2024,3096,30,39.19498825073242,0.0,,0.0,,
new3,Noto2024,3096,60,39.19498825073242,20.805011749267578,-0.10902793182095287,0.44701903668886445,,
new3,Noto2024,3096,90,39.19498825073242,50.80501174926758,0.32933339755966906,0.2520298587025467,,
new3,Noto2024,3096,120,39.19498825073242,80.80501174926758,0.7237431978990757,0.2995092050263439,,
new3,Noto2024,3096,160,39.19498825073242,120.80501174926758,0.8343358832773602,0.2610095276852933,,
new3,Noto2024,3096,200,39.19498825073242,160.80501174926758,0.8573056859948225,0.16036473780931448,0.8635606342299859,0.1604573737366506
new3,Noto2024,3098,30,40.18203353881836,0.0,,0.0,,
new3,Noto2024,3098,60,40.18203353881836,19.81796646118164,0.2501408167141121,0.4046465069643048,,
new3,Noto2024,3098,90,40.18203353881836,49.81796646118164,0.00521161290297739,-0.009662911969959609,,
new3,Noto2024,3098,120,40.18203353881836,79.81796646118164,0.654965763788969,-0.014793811387160183,,
new3,Noto2024,3098,160,40.18203353881836,119.81796646118164,0.8440507356562776,0.2209270514478261,,
new3,Noto2024,3098,200,40.18203353881836,159.81796646118164,0.8607045614834595,0.19044144054119005,0.8667443859651148,0.19053312869811112
new3,Noto2024,3099,30,36.11399841308594,0.0,,0.0,,
new3,Noto2024,3099,60,36.11399841308594,23.886001586914062,0.17571367535863838,0.20088761788521925,,
new3,Noto2024,3099,90,36.11399841308594,53.88600158691406,0.16821132887580093,0.2011247962989131,,
new3,Noto2024,3099,120,36.11399841308594,83.88600158691406,0.6278220426397136,0.1360777094397081,,
new3,Noto2024,3099,160,36.11399841308594,123.88600158691406,0.7955229201024204,0.2297393986374674,,
new3,Noto2024,3099,200,36.11399841308594,163.88600158691406,0.819302563979943,0.18317151064663761,0.8272903295659104,0.18327341646623285
new3,Noto2024,5105,30,40.686920166015625,0.0,,0.0,,
new3,Noto2024,5105,60,40.686920166015625,19.313079833984375,-0.08409267726283826,0.5035039250051465,,
new3,Noto2024,5105,90,40.686920166015625,49.313079833984375,-0.12844575100085956,0.07800994330475142,,
new3,Noto2024,5105,120,40.686920166015625,79.31307983398438,0.6332079570190093,0.127454822185193,,
new3,Noto2024,5105,160,40.686920166015625,119.31307983398438,0.7625877274434758,0.5622069193086068,,
new3,Noto2024,5105,200,40.686920166015625,159.31307983398438,0.7995826754273055,0.41492662095739963,0.8091083836139402,0.4150029303253673
new3,Noto2024,9098,30,1.4707725048065186,28.52922749519348,-0.5609617211165242,-1.1411809207088623,,
new3,Noto2024,9098,60,1.4707725048065186,58.52922749519348,0.6592314276751496,0.22993033942175334,,
new3,Noto2024,9098,90,1.4707725048065186,88.52922749519348,0.8227279821037828,0.3361536902489748,,
new3,Noto2024,9098,120,1.4707725048065186,118.52922749519348,0.8024664132948259,0.4018449773044468,,
new3,Noto2024,9098,160,1.4707725048065186,158.52922749519348,0.769682259331404,0.47663787288399373,,
new3,Noto2024,9098,200,1.4707725048065186,198.52922749519348,0.7486356080749417,0.38303794898697685,0.7488998365292387,0.3830396274296506
new3,Noto2024,kin_2024001_h023,30,39.5247802734375,0.0,,0.0,,
new3,Noto2024,kin_2024001_h023,60,39.5247802734375,20.4752197265625,0.22689244760680566,0.4227499634832794,,
new3,Noto2024,kin_2024001_h023,90,39.5247802734375,50.4752197265625,0.1112806827802824,0.1924388638725274,,
new3,Noto2024,kin_2024001_h023,120,39.5247802734375,80.4752197265625,0.6660734247594008,0.2517413674863844,,
new3,Noto2024,kin_2024001_h023,160,39.5247802734375,120.4752197265625,0.8212961025955642,0.27133624670478707,,
new3,Noto2024,kin_2024001_h023,200,39.5247802734375,160.4752197265625,0.838716930335241,0.200079998997853,0.8462193711888291,0.20019053205353288
new3,Noto2024,kin_2024001_h102,30,36.67205810546875,0.0,,0.0,,
new3,Noto2024,kin_2024001_h102,60,36.67205810546875,23.32794189453125,-0.044173293721035484,0.5583681464929198,,
new3,Noto2024,kin_2024001_h102,90,36.67205810546875,53.32794189453125,0.08844740375021014,0.2534576858863762,,
new3,Noto2024,kin_2024001_h102,120,36.67205810546875,83.32794189453125,0.551625553484989,0.28855065120447687,,
new3,Noto2024,kin_2024001_h102,160,36.67205810546875,123.32794189453125,0.7229854150824925,0.29838937118067843,,
new3,Noto2024,kin_2024001_h102,200,36.67205810546875,163.32794189453125,0.7475629265775301,0.20169143256414923,0.7592924621419063,0.2019135380598298
new3,Noto2024,kin_2024001_p105,30,29.43732261657715,0.5626773834228516,,0.7067274106222019,,
new3,Noto2024,kin_2024001_p105,60,29.43732261657715,30.56267738342285,-0.30170993720063916,0.24316511539296748,,
new3,Noto2024,kin_2024001_p105,90,29.43732261657715,60.56267738342285,0.11392929727797624,-0.09031081716437495,,
new3,Noto2024,kin_2024001_p105,120,29.43732261657715,90.56267738342285,0.543372816584585,0.0529136451864316,,
new3,Noto2024,kin_2024001_p105,160,29.43732261657715,130.56267738342285,0.6454821602910665,-0.2519218027567147,,
new3,Noto2024,kin_2024001_p105,200,29.43732261657715,170.56267738342285,0.6698907245192842,-0.295443434090096,0.6816371395709151,-0.29472045109707334
new3,Noto2024,kin_2024001_p107,30,47.40365982055664,0.0,,0.0,,
new3,Noto2024,kin_2024001_p107,60,47.40365982055664,12.59634017944336,0.57026476793022,0.6161651587599364,,
new3,Noto2024,kin_2024001_p107,90,47.40365982055664,42.59634017944336,-0.4881590875076926,0.07232856736179372,,
new3,Noto2024,kin_2024001_p107,120,47.40365982055664,72.59634017944336,0.4311879257233989,0.028472360064465185,,
new3,Noto2024,kin_2024001_p107,160,47.40365982055664,112.59634017944336,0.7813233241500233,0.2386919786600119,,
new3,Noto2024,kin_2024001_p107,200,47.40365982055664,152.59634017944336,0.8214980704520066,0.4850851119035866,0.8321502606755181,0.48515098418472036
new3,Noto2024,kin_2024001_p110,30,14.028465270996094,15.971534729003906,0.0871038767569552,-0.38881400974398694,,
new3,Noto2024,kin_2024001_p110,60,14.028465270996094,45.971534729003906,0.3235669233241377,-0.2563048543804056,,
new3,Noto2024,kin_2024001_p110,90,14.028465270996094,75.9715347290039,0.7525904833026266,0.48768854366226577,,
new3,Noto2024,kin_2024001_p110,120,14.028465270996094,105.9715347290039,0.7394335736816143,0.39473873075161503,,
new3,Noto2024,kin_2024001_p110,160,14.028465270996094,145.9715347290039,0.7510234317458306,0.4468827166926248,,
new3,Noto2024,kin_2024001_p110,200,14.028465270996094,185.9715347290039,0.7535774649541921,0.4946819189975571,0.7574272640782457,0.4947036114568446
new3,Noto2024,kin_2024001_p112,30,21.524938583374023,8.475061416625977,0.6971247276867787,0.3499632729520554,,
new3,Noto2024,kin_2024001_p112,60,21.524938583374023,38.47506141662598,-0.6940858331632352,-0.2678522747796679,,
new3,Noto2024,kin_2024001_p112,90,21.524938583374023,68.47506141662598,0.37269847582502974,-0.23936166291516958,,
new3,Noto2024,kin_2024001_p112,120,21.524938583374023,98.47506141662598,0.5940294277192246,-0.3699226446144239,,
new3,Noto2024,kin_2024001_p112,160,21.524938583374023,138.47506141662598,0.636405102801914,-0.42876879843651494,,
new3,Noto2024,kin_2024001_p112,200,21.524938583374023,178.47506141662598,0.6583113958428202,-0.4897017986131731,0.6665163491079759,-0.488829555907043
new3,Noto2024,kin_2024001_p113,30,42.22346878051758,0.0,,0.0,,
new3,Noto2024,kin_2024001_p113,60,42.22346878051758,17.776531219482422,0.36853900008148827,0.595034875830116,,
new3,Noto2024,kin_2024001_p113,90,42.22346878051758,47.77653121948242,-0.20011234389649094,0.29254598964953704,,
new3,Noto2024,kin_2024001_p113,120,42.22346878051758,77.77653121948242,0.23903136099417596,0.31632639115168626,,
new3,Noto2024,kin_2024001_p113,160,42.22346878051758,117.77653121948242,0.47256550351058235,0.2982740715108916,,
new3,Noto2024,kin_2024001_p113,200,42.22346878051758,157.77653121948242,0.4952877816812108,0.34249568909370964,0.5225595799543118,0.34269234022038564
new3,Noto2024,kin_2024001_p114,30,41.42585372924805,0.0,,0.0,,
new3,Noto2024,kin_2024001_p114,60,41.42585372924805,18.574146270751953,0.30423067518778674,0.3668421588712505,,
new3,Noto2024,kin_2024001_p114,90,41.42585372924805,48.57414627075195,-0.17994778478834383,0.02465330549712963,,
new3,Noto2024,kin_2024001_p114,120,41.42585372924805,78.57414627075195,0.47639995860352025,0.07873227341569322,,
new3,Noto2024,kin_2024001_p114,160,41.42585372924805,118.57414627075195,0.7316604584573932,-0.03937774347052159,,
new3,Noto2024,kin_2024001_p114,200,41.42585372924805,158.57414627075195,0.7635044051892445,-0.01792839592056783,0.7762230844763391,-0.017701183132160736
new3,Noto2024,kin_2024001_p115,30,38.79557418823242,0.0,,0.0,,
new3,Noto2024,kin_2024001_p115,60,38.79557418823242,21.204425811767578,0.026463182144777143,0.25331238186715677,,
new3,Noto2024,kin_2024001_p115,90,38.79557418823242,51.20442581176758,-0.0014420802702947292,-0.078399839696071,,
new3,Noto2024,kin_2024001_p115,120,38.79557418823242,81.20442581176758,0.5753522630350891,-0.11754897344670656,,
new3,Noto2024,kin_2024001_p115,160,38.79557418823242,121.20442581176758,0.649806553505259,-0.2839942933918307,,
new3,Noto2024,kin_2024001_p115,200,38.79557418823242,161.20442581176758,0.6845239442635306,-0.31373371272075445,0.7004418455929292,-0.31357920051682253
new3,Noto2024,kin_2024001_p206,30,46.40006637573242,0.0,,0.0,,
new3,Noto2024,kin_2024001_p206,60,46.40006637573242,13.599933624267578,0.48999486460802893,0.8399629308974301,,
new3,Noto2024,kin_2024001_p206,90,46.40006637573242,43.59993362426758,-0.16457926056990244,0.39583115495450016,,
new3,Noto2024,kin_2024001_p206,120,46.40006637573242,73.59993362426758,0.5355886368019344,0.24205036496319376,,
new3,Noto2024,kin_2024001_p206,160,46.40006637573242,113.59993362426758,0.6706127096557923,0.6146339047957126,,
new3,Noto2024,kin_2024001_p206,200,46.40006637573242,153.59993362426758,0.711816371813521,0.38717022362108633,0.7284295858067334,0.38724543948019896
new3,Noto2024,kin_2024001_p207,30,10.334870338439941,19.66512966156006,-0.45402818062881156,-0.38382817736858765,,
new3,Noto2024,kin_2024001_p207,60,10.334870338439941,49.66512966156006,0.11904764646620758,0.00042975074888040865,,
new3,Noto2024,kin_2024001_p207,90,10.334870338439941,79.66512966156006,0.7366476271927005,0.28707243483258527,,
new3,Noto2024,kin_2024001_p207,120,10.334870338439941,109.66512966156006,0.7537716130464769,0.16221826256247862,,
new3,Noto2024,kin_2024001_p207,160,10.334870338439941,149.66512966156006,0.7815912834851881,0.24907899775048303,,
new3,Noto2024,kin_2024001_p207,200,10.334870338439941,189.66512966156006,0.7960923599232891,0.30515608249338744,0.7981707931869029,0.30517682618094
new3,Noto2024,kin_2024001_r004,30,16.51097297668457,13.48902702331543,0.25960504299633336,-0.05749498501127448,,
new3,Noto2024,kin_2024001_r004,60,16.51097297668457,43.48902702331543,-0.3509578614794925,-0.29026622909580624,,
new3,Noto2024,kin_2024001_r004,90,16.51097297668457,73.48902702331543,0.6782440909756079,0.47173656458537483,,
new3,Noto2024,kin_2024001_r004,120,16.51097297668457,103.48902702331543,0.6663416629890013,0.4231048032983935,,
new3,Noto2024,kin_2024001_r004,160,16.51097297668457,143.48902702331543,0.6903971760326265,0.42869022872209417,,
new3,Noto2024,kin_2024001_r004,200,16.51097297668457,183.48902702331543,0.7006911808899062,0.4383456235404113,0.7062314701518415,0.4383734909569652
new3,Noto2024,kin_2024001_r006,30,17.015880584716797,12.984119415283203,0.398739575605809,0.11784028197102181,,
new3,Noto2024,kin_2024001_r006,60,17.015880584716797,42.9841194152832,-0.3236302653631757,-0.3356064086414916,,
new3,Noto2024,kin_2024001_r006,90,17.015880584716797,72.9841194152832,0.7196861460841326,0.49723770318367855,,
new3,Noto2024,kin_2024001_r006,120,17.015880584716797,102.9841194152832,0.6723682017057334,0.4526093881827551,,
new3,Noto2024,kin_2024001_r006,160,17.015880584716797,142.9841194152832,0.6972887723011308,0.42418724491067383,,
new3,Noto2024,kin_2024001_r006,200,17.015880584716797,182.9841194152832,0.7188887886779164,0.4972730759211812,0.7243869480340891,0.49729906348003095
new3,Noto2024,kin_2024001_r015,30,14.10454273223877,15.89545726776123,0.046151967165320704,-0.29098458566911045,,
new3,Noto2024,kin_2024001_r015,60,14.10454273223877,45.89545726776123,-0.07347862600791914,-0.12034389388014688,,
new3,Noto2024,kin_2024001_r015,90,14.10454273223877,75.89545726776123,0.710017531051235,0.49106580761476426,,
new3,Noto2024,kin_2024001_r015,120,14.10454273223877,105.89545726776123,0.7335288280173099,0.413027391630024,,
new3,Noto2024,kin_2024001_r015,160,14.10454273223877,145.89545726776123,0.7383248670863657,0.38121650841021193,,
new3,Noto2024,kin_2024001_r015,200,14.10454273223877,185.89545726776123,0.7485320799359995,0.47762454456347125,0.752348855963534,0.47764718067304823
new3,Noto2024,kin_2024001_r019,30,20.245342254638672,9.754657745361328,0.7383792432750655,0.6393450250632542,,
new3,Noto2024,kin_2024001_r019,60,20.245342254638672,39.75465774536133,-0.5501847188323136,-0.20625561660192382,,
new3,Noto2024,kin_2024001_r019,90,20.245342254638672,69.75465774536133,0.6601955474111235,0.4102926484238667,,
new3,Noto2024,kin_2024001_r019,120,20.245342254638672,99.75465774536133,0.6643659888171835,0.4973826642519441,,
new3,Noto2024,kin_2024001_r019,160,20.245342254638672,139.75465774536133,0.6746556997716516,0.46513736792210114,,
new3,Noto2024,kin_2024001_r019,200,20.245342254638672,179.75465774536133,0.7045386331434327,0.46309878801111903,0.7112808283959874,0.46313010075023886
new3,Noto2024,kin_2024001_s006,30,34.843040466308594,0.0,,0.0,,
new3,Noto2024,kin_2024001_s006,60,34.843040466308594,25.156959533691406,-0.1645862201087803,0.19155672955086622,,
new3,Noto2024,kin_2024001_s006,90,34.843040466308594,55.156959533691406,0.44539883524622603,0.29643290016135104,,
new3,Noto2024,kin_2024001_s006,120,34.843040466308594,85.1569595336914,0.7398531457370268,0.19286290590394817,,
new3,Noto2024,kin_2024001_s006,160,34.843040466308594,125.1569595336914,0.8430918074871872,0.4892372823123381,,
new3,Noto2024,kin_2024001_s006,200,34.843040466308594,165.1569595336914,0.8506243160089538,0.4647610275591747,0.8561447570517428,0.4648276931826958
new3,Noto2024,kin_2024001_s007,30,34.02711486816406,0.0,,0.0,,
new3,Noto2024,kin_2024001_s007,60,34.02711486816406,25.972885131835938,0.13458922670915324,0.15811968628298434,,
new3,Noto2024,kin_2024001_s007,90,34.02711486816406,55.97288513183594,0.4161913064218964,0.06270153845008508,,
new3,Noto2024,kin_2024001_s007,120,34.02711486816406,85.97288513183594,0.7317295064377376,0.4563142512806566,,
new3,Noto2024,kin_2024001_s007,160,34.02711486816406,125.97288513183594,0.8138197252323908,0.5910233161712304,,
new3,Noto2024,kin_2024001_s007,200,34.02711486816406,165.97288513183594,0.8397384088155012,0.486348958647393,0.8457244723884727,0.48641130466422755
new3,Noto2024,kin_2024001_s043,30,37.76966094970703,0.0,,0.0,,
new3,Noto2024,kin_2024001_s043,60,37.76966094970703,22.23033905029297,0.5062529537556807,0.6593972897723415,,
new3,Noto2024,kin_2024001_s043,90,37.76966094970703,52.23033905029297,0.2514915458194147,0.3486880198843618,,
new3,Noto2024,kin_2024001_s043,120,37.76966094970703,82.23033905029297,0.597785446571375,0.29358604258969745,,
new3,Noto2024,kin_2024001_s043,160,37.76966094970703,122.23033905029297,0.7403824630441114,0.3633159352850255,,
new3,Noto2024,kin_2024001_s043,200,37.76966094970703,162.23033905029297,0.803129662484583,0.34109100460286346,0.8105789047953411,0.3411636917984424
new3,Noto2024,kin_2024001_s045,30,37.33061981201172,0.0,,0.0,,
new3,Noto2024,kin_2024001_s045,60,37.33061981201172,22.66938018798828,0.4679169262994015,0.48919715050469836,,
new3,Noto2024,kin_2024001_s045,90,37.33061981201172,52.66938018798828,0.15268478837538765,0.25636221677238247,,
new3,Noto2024,kin_2024001_s045,120,37.33061981201172,82.66938018798828,0.6147140094526372,0.21176306842750137,,
new3,Noto2024,kin_2024001_s045,160,37.33061981201172,122.66938018798828,0.793065138463264,0.2549817885449981,,
new3,Noto2024,kin_2024001_s045,200,37.33061981201172,162.66938018798828,0.8250644128087836,0.20367580380528505,0.8327988281232366,0.20377119678984013
new3,Noto2024,kin_2024001_s046,30,20.74602508544922,9.253974914550781,0.4504220537641853,0.419801304419825,,
new3,Noto2024,kin_2024001_s046,60,20.74602508544922,39.25397491455078,-0.49048042532161473,-0.4940844169993186,,
new3,Noto2024,kin_2024001_s046,90,20.74602508544922,69.25397491455078,0.7204630446414529,0.5125750361034731,,
new3,Noto2024,kin_2024001_s046,120,20.74602508544922,99.25397491455078,0.6878526398085911,0.5977978588788107,,
new3,Noto2024,kin_2024001_s046,160,20.74602508544922,139.25397491455078,0.6920543571685166,0.48830882309478785,,
new3,Noto2024,kin_2024001_s046,200,20.74602508544922,179.25397491455078,0.7190820268777787,0.48896926762188997,0.725406360339363,0.48900118617787314
new3,Noto2024,kin_2024001_s069,30,40.27473068237305,0.0,,0.0,,
new3,Noto2024,kin_2024001_s069,60,40.27473068237305,19.725269317626953,-0.4273802205862844,0.25376376753667973,,
new3,Noto2024,kin_2024001_s069,90,40.27473068237305,49.72526931762695,-0.5143907507980854,-0.3296763748647322,,
new3,Noto2024,kin_2024001_s069,120,40.27473068237305,79.72526931762695,0.6626244697080843,0.13923528199262858,,
new3,Noto2024,kin_2024001_s069,160,40.27473068237305,119.72526931762695,0.6879434881468882,0.5958823602499157,,
new3,Noto2024,kin_2024001_s069,200,40.27473068237305,159.72526931762695,0.7257313701312689,0.5723110458712997,0.7399283611727129,0.5723697497857687
new3,Noto2024,kin_2024001_s070,30,41.50120544433594,0.0,,0.0,,
new3,Noto2024,kin_2024001_s070,60,41.50120544433594,18.498794555664062,0.30302775799647025,0.6383046152137535,,
new3,Noto2024,kin_2024001_s070,90,41.50120544433594,48.49879455566406,-0.20425598311361448,0.08532895679459784,,
new3,Noto2024,kin_2024001_s070,120,41.50120544433594,78.49879455566406,0.686134344799356,0.28641196446000095,,
new3,Noto2024,kin_2024001_s070,160,41.50120544433594,118.49879455566406,0.8045321320513507,0.45122695085722864,,
new3,Noto2024,kin_2024001_s070,200,41.50120544433594,158.49879455566406,0.831179521263693,0.32457406593716076,0.8392910909874781,0.32465636934841324
new3,Parkfield2004,CAND,30,2.1844165325164795,27.81558346748352,0.5479035821073979,0.07931399081243029,,
new3,Parkfield2004,CAND,60,2.1844165325164795,57.81558346748352,0.429873822989572,0.43852741752629676,,
new3,Parkfield2004,CAND,90,2.1844165325164795,87.81558346748352,0.4780526218118958,0.3259898854524028,,
new3,Parkfield2004,CAND,120,2.1844165325164795,117.81558346748352,0.48086070841494755,0.29761198195417116,,
new3,Parkfield2004,CAND,160,2.1844165325164795,157.81558346748352,0.46537852231767124,0.25748118145213716,,
new3,Parkfield2004,CAND,200,2.1844165325164795,197.81558346748352,0.4362317812277577,0.4078440542492716,0.4366196836619452,0.4078761659650656
new3,Parkfield2004,CARH,30,1.6793134212493896,28.32068657875061,0.5009951705621127,0.28598970556972336,,
new3,Parkfield2004,CARH,60,1.6793134212493896,58.32068657875061,0.6211074390433708,0.045794183665920585,,
new3,Parkfield2004,CARH,90,1.6793134212493896,88.32068657875061,0.6799646999588086,-0.01796751178469247,,
new3,Parkfield2004,CARH,120,1.6793134212493896,118.32068657875061,0.6584450926392811,-0.0003296323863306583,,
new3,Parkfield2004,CARH,160,1.6793134212493896,158.3206865787506,0.7071445185894187,-0.027916074986791273,,
new3,Parkfield2004,CARH,200,1.6793134212493896,198.3206865787506,0.7456848526499061,-0.021350996155045543,0.7456856007853383,-0.019567216736156468
new3,Parkfield2004,HOGS,30,1.879341721534729,28.12065827846527,0.9685850189071753,0.11759471344976369,,
new3,Parkfield2004,HOGS,60,1.879341721534729,58.12065827846527,0.9053583204688845,0.24692724978577463,,
new3,Parkfield2004,HOGS,90,1.879341721534729,88.12065827846527,0.8790959666958151,0.2423408764091448,,
new3,Parkfield2004,HOGS,120,1.879341721534729,118.12065827846527,0.8686082753036733,0.18398547385366015,,
new3,Parkfield2004,HOGS,160,1.879341721534729,158.12065827846527,0.9501642755435203,0.032205455747778444,,
new3,Parkfield2004,HOGS,200,1.879341721534729,198.12065827846527,0.9701188797607618,0.055026984820059965,0.9701236246559463,0.056210289003866265
new3,Parkfield2004,HUNT,30,1.4856576919555664,28.514342308044434,0.559813127974857,0.0561036368452168,,
new3,Parkfield2004,HUNT,60,1.4856576919555664,58.514342308044434,0.5552636683932274,0.25526106453879294,,
new3,Parkfield2004,HUNT,90,1.4856576919555664,88.51434230804443,0.5934664668970318,0.1773222592192285,,
new3,Parkfield2004,HUNT,120,1.4856576919555664,118.51434230804443,0.6063729213855769,0.1267312424872573,,
new3,Parkfield2004,HUNT,160,1.4856576919555664,158.51434230804443,0.6227585325931153,0.09520522841671131,,
new3,Parkfield2004,HUNT,200,1.4856576919555664,198.51434230804443,0.6647113913032564,0.10559959052787349,0.6647458517189837,0.10570470515670394
new3,Parkfield2004,LAND,30,2.0427584648132324,27.957241535186768,0.9183739712333633,0.09256790785418634,,
new3,Parkfield2004,LAND,60,2.0427584648132324,57.95724153518677,0.7629707507273497,0.20260441990477052,,
new3,Parkfield2004,LAND,90,2.0427584648132324,87.95724153518677,0.7727335803410967,0.1616859277675431,,
new3,Parkfield2004,LAND,120,2.0427584648132324,117.95724153518677,0.792302382669174,0.13356173359587586,,
new3,Parkfield2004,LAND,160,2.0427584648132324,157.95724153518677,0.8777435835894797,0.045891373434345795,,
new3,Parkfield2004,LAND,200,2.0427584648132324,197.95724153518677,0.9534142315994479,0.11269887415949142,0.9534255538310566,0.11322497723003
new3,Parkfield2004,MASW,30,1.473652958869934,28.526347041130066,0.9434679986110543,0.06097252623806071,,
new3,Parkfield2004,MASW,60,1.473652958869934,58.526347041130066,0.7602439186070111,0.20028991023351939,,
new3,Parkfield2004,MASW,90,1.473652958869934,88.52634704113007,0.6970808102213628,0.1833164537765981,,
new3,Parkfield2004,MASW,120,1.473652958869934,118.52634704113007,0.6524290097714629,0.1598453589390445,,
new3,Parkfield2004,MASW,160,1.473652958869934,158.52634704113007,0.7699678168382936,0.027419155803333872,,
new3,Parkfield2004,MASW,200,1.473652958869934,198.52634704113007,0.8331863234291884,0.03466309196854134,0.8332138275200306,0.03504631458847918
new3,Parkfield2004,MIDA,30,2.1372525691986084,27.86274743080139,0.5476398450393543,0.07666125129761969,,
new3,Parkfield2004,MIDA,60,2.1372525691986084,57.86274743080139,0.7126807754760821,-0.04987959916789464,,
new3,Parkfield2004,MIDA,90,2.1372525691986084,87.86274743080139,0.7358262934354609,-0.09222269351119472,,
new3,Parkfield2004,MIDA,120,2.1372525691986084,117.86274743080139,0.7603592113303995,-0.035963031107746346,,
new3,Parkfield2004,MIDA,160,2.1372525691986084,157.8627474308014,0.7959476501347198,-0.01571958301620935,,
new3,Parkfield2004,MIDA,200,2.1372525691986084,197.8627474308014,0.9180671389912252,0.031746842116449514,0.91798555694452,0.03426331342009803
new3,Parkfield2004,MNMC,30,2.526001214981079,27.47399878501892,0.5760173704474427,0.16937110207359218,,
new3,Parkfield2004,MNMC,60,2.526001214981079,57.47399878501892,0.7073468445451767,0.13748100238817962,,
new3,Parkfield2004,MNMC,90,2.526001214981079,87.47399878501892,0.7640110056705091,0.06994803953550388,,
new3,Parkfield2004,MNMC,120,2.526001214981079,117.47399878501892,0.7834508203031243,0.09285010087089063,,
new3,Parkfield2004,MNMC,160,2.526001214981079,157.47399878501892,0.8318041650245139,0.13814252596003218,,
new3,Parkfield2004,MNMC,200,2.526001214981079,197.47399878501892,0.9475287687314442,-0.010548553191135568,0.9475068695807223,-0.009839207254752402
new3,Parkfield2004,POMM,30,2.2453842163085938,27.754615783691406,0.944044351608422,0.08415710831438794,,
new3,Parkfield2004,POMM,60,2.2453842163085938,57.754615783691406,0.8720343265952416,0.11413171388503862,,
new3,Parkfield2004,POMM,90,2.2453842163085938,87.7546157836914,0.8513299339399735,0.08315158610952711,,
new3,Parkfield2004,POMM,120,2.2453842163085938,117.7546157836914,0.881568395336875,0.028093148564352077,,
new3,Parkfield2004,POMM,160,2.2453842163085938,157.7546157836914,0.9073704559616614,-0.005076244035218558,,
new3,Parkfield2004,POMM,200,2.2453842163085938,197.7546157836914,0.9496269366203485,0.027639570821321513,0.9496472348960266,0.028617310861188017
new3,Parkfield2004,RNCH,30,2.4582297801971436,27.541770219802856,0.9377107994787376,0.19493829725929146,,
new3,Parkfield2004,RNCH,60,2.4582297801971436,57.541770219802856,0.7825675082905311,0.32148653772828517,,
new3,Parkfield2004,RNCH,90,2.4582297801971436,87.54177021980286,0.7546857226013014,0.30154047487761915,,
new3,Parkfield2004,RNCH,120,2.4582297801971436,117.54177021980286,0.7560142035942449,0.27172670031894075,,
new3,Parkfield2004,RNCH,160,2.4582297801971436,157.54177021980286,0.8827548279832746,0.10673903687147401,,
new3,Parkfield2004,RNCH,200,2.4582297801971436,197.54177021980286,0.9466381786685365,0.11200621530027632,0.9466474838041725,0.11262872723808215
new3,Parkfield2004,TBLP,30,1.7664374113082886,28.23356258869171,0.5835831472293395,-0.04534598970314896,,
new3,Parkfield2004,TBLP,60,1.7664374113082886,58.23356258869171,0.6792252722485376,-0.019620505519358566,,
new3,Parkfield2004,TBLP,90,1.7664374113082886,88.23356258869171,0.7203472606945719,0.08852367697580554,,
new3,Parkfield2004,TBLP,120,1.7664374113082886,118.23356258869171,0.7239584450073014,0.12193550298864153,,
new3,Parkfield2004,TBLP,160,1.7664374113082886,158.2335625886917,0.7299666802888537,0.13208578201974763,,
new3,Parkfield2004,TBLP,200,1.7664374113082886,198.2335625886917,0.7318075416097591,0.21040415590586026,0.7316685805619152,0.21274319417098742
new3,RatIslands2014,AB21,30,42.20375061035156,0.0,,0.0,,
new3,RatIslands2014,AB21,60,42.20375061035156,17.796249389648438,0.5781351993762738,-0.27618638883044877,,
new3,RatIslands2014,AB21,90,42.20375061035156,47.79624938964844,0.49650421613999696,-0.6221594868170417,,
new3,RatIslands2014,AB21,120,42.20375061035156,77.79624938964844,0.6715932629360546,0.08392240030032205,,
new3,RatIslands2014,AB21,160,42.20375061035156,117.79624938964844,0.7385383566425648,-0.10801274450781229,,
new3,RatIslands2014,AB21,200,42.20375061035156,157.79624938964844,0.7491878328008086,-0.03398241882330666,0.7601421246519275,-0.033908467975956924
new3,RatIslands2014,AC60,30,44.3283576965332,0.0,,0.0,,
new3,RatIslands2014,AC60,60,44.3283576965332,15.671642303466797,0.8036813387631526,0.14392452496556274,,
new3,RatIslands2014,AC60,90,44.3283576965332,45.6716423034668,0.3805956954339413,-0.28053442752433,,
new3,RatIslands2014,AC60,120,44.3283576965332,75.6716423034668,0.6539382437490463,-0.35994936856581905,,
new3,RatIslands2014,AC60,160,44.3283576965332,115.6716423034668,0.683841403552034,-0.48009594252842636,,
new3,RatIslands2014,AC60,200,44.3283576965332,155.6716423034668,0.7066321649855121,-0.42365743390113586,0.7207427921272098,-0.42333831641397524
new3,RatIslands2014,AC66,30,15.939087867736816,14.060912132263184,0.7493310267034716,0.39704629539854874,,
new3,RatIslands2014,AC66,60,15.939087867736816,44.060912132263184,0.31790753421640155,0.30130274168143245,,
new3,RatIslands2014,AC66,90,15.939087867736816,74.06091213226318,0.5736680251134696,0.13145834032103387,,
new3,RatIslands2014,AC66,120,15.939087867736816,104.06091213226318,0.639869444580597,0.05271879262093471,,
new3,RatIslands2014,AC66,160,15.939087867736816,144.06091213226318,0.673730379068689,-0.024354013266156826,,
new3,RatIslands2014,AC66,200,15.939087867736816,184.06091213226318,0.6475186594955755,-0.08390758760383665,0.6521731613326872,-0.08384028425034273
new3,SandPoint2020,AB07,30,13.141619682312012,16.85838031768799,-0.46051007798090715,-0.277730648270472,,
new3,SandPoint2020,AB07,60,13.141619682312012,46.85838031768799,0.0845233885853481,-0.6597255472336032,,
new3,SandPoint2020,AB07,90,13.141619682312012,76.85838031768799,0.5875273789951038,-0.43451254131519335,,
new3,SandPoint2020,AB07,120,13.141619682312012,106.85838031768799,0.6377128052206825,-0.3583530908159407,,
new3,SandPoint2020,AB07,160,13.141619682312012,146.858380317688,0.6534092393658788,-0.33154589246186994,,
new3,SandPoint2020,AB07,200,13.141619682312012,186.858380317688,0.6436978123217906,-0.2906883561662399,0.6472669343707385,-0.2906056469708549
new3,SandPoint2020,AB13,30,25.891611099243164,4.108388900756836,0.6542813987540863,0.4551387441510686,,
new3,SandPoint2020,AB13,60,25.891611099243164,34.108388900756836,0.20139443196306694,-0.02082277684019118,,
new3,SandPoint2020,AB13,90,25.891611099243164,64.10838890075684,0.6571872327575271,0.1474548222246268,,
new3,SandPoint2020,AB13,120,25.891611099243164,94.10838890075684,0.6821481871413212,0.11532246321808337,,
new3,SandPoint2020,AB13,160,25.891611099243164,134.10838890075684,0.6853340255225594,0.1364854216174365,,
new3,SandPoint2020,AB13,200,25.891611099243164,174.10838890075684,0.6747878280908035,0.09272619355264311,0.6814167747905253,0.09278625798421114
new3,SandPoint2020,AC12,30,4.919467926025391,25.08053207397461,-0.3686242081030724,-0.16517115715038422,,
new3,SandPoint2020,AC12,60,4.919467926025391,55.08053207397461,0.5774638348186033,0.018616460252125933,,
new3,SandPoint2020,AC12,90,4.919467926025391,85.08053207397461,0.6544896198554491,-0.01869856991293517,,
new3,SandPoint2020,AC12,120,4.919467926025391,115.08053207397461,0.6624497477324987,-0.03208145729757916,,
new3,SandPoint2020,AC12,160,4.919467926025391,155.0805320739746,0.7497255613674381,0.014651330547216901,,
new3,SandPoint2020,AC12,200,4.919467926025391,195.0805320739746,0.7548804001165212,0.008522140756937802,0.7555714473616681,0.008539533130173638
new3,SandPoint2020,AC13,30,36.598480224609375,0.0,,0.0,,
new3,SandPoint2020,AC13,60,36.598480224609375,23.401519775390625,-0.4385854253529248,-0.2914057451704748,,
new3,SandPoint2020,AC13,90,36.598480224609375,53.401519775390625,0.5695040817491274,0.14340572409916774,,
new3,SandPoint2020,AC13,120,36.598480224609375,83.40151977539062,0.5933964839142942,0.18339735804125024,,
new3,SandPoint2020,AC13,160,36.598480224609375,123.40151977539062,0.6572141706090678,0.39545074117132195,,
new3,SandPoint2020,AC13,200,36.598480224609375,163.40151977539062,0.6720186217666264,0.4095288823879262,0.6816739998938934,0.40959299422486417
new3,SandPoint2020,AC25,30,23.18628692626953,6.813713073730469,0.4802409082894268,0.5483946668535493,,
new3,SandPoint2020,AC25,60,23.18628692626953,36.81371307373047,0.032655815350012427,-0.3708397594658619,,
new3,SandPoint2020,AC25,90,23.18628692626953,66.81371307373047,0.5178221080309969,-0.43366276293289907,,
new3,SandPoint2020,AC25,120,23.18628692626953,96.81371307373047,0.6226791533211125,-0.40959259927923064,,
new3,SandPoint2020,AC25,160,23.18628692626953,136.81371307373047,0.683905085046849,-0.347147668393764,,
new3,SandPoint2020,AC25,200,23.18628692626953,176.81371307373047,0.7082860224083776,-0.23804027686790352,0.7137304160770245,-0.23787384472495354
new3,SandPoint2020,AC28,30,8.428019523620605,21.571980476379395,-0.803934318595554,-0.9015270809431026,,
new3,SandPoint2020,AC28,60,8.428019523620605,51.571980476379395,0.16248420141785969,-0.23093396876805627,,
new3,SandPoint2020,AC28,90,8.428019523620605,81.5719804763794,0.3496363415000685,-0.3544093654709357,,
new3,SandPoint2020,AC28,120,8.428019523620605,111.5719804763794,0.4136195405110194,-0.4000907506561493,,
new3,SandPoint2020,AC28,160,8.428019523620605,151.5719804763794,0.43854805956989995,-0.4312127771052374,,
new3,SandPoint2020,AC28,200,8.428019523620605,191.5719804763794,0.44300942393678455,-0.45527754363465966,0.4454711862120173,-0.4523515470369759
new3,SandPoint2020,AC40,30,33.94545364379883,0.0,,0.0,,
new3,SandPoint2020,AC40,60,33.94545364379883,26.054546356201172,-0.24069756657431862,0.053224707163269436,,
new3,SandPoint2020,AC40,90,33.94545364379883,56.05454635620117,0.49308250153886374,0.09516576080103345,,
new3,SandPoint2020,AC40,120,33.94545364379883,86.05454635620117,0.6536773915740693,0.27589586220049966,,
new3,SandPoint2020,AC40,160,33.94545364379883,126.05454635620117,0.7535169592074005,0.04257324573602528,,
new3,SandPoint2020,AC40,200,33.94545364379883,166.05454635620117,0.7678434636287091,0.03656219709842201,0.7733640404777743,0.036651587274000974
new3,SandPoint2020,AC42,30,26.15740203857422,3.8425979614257812,,0.5659752227748402,,
new3,SandPoint2020,AC42,60,26.15740203857422,33.84259796142578,-0.09075874462725364,-0.5121178760024474,,
new3,SandPoint2020,AC42,90,26.15740203857422,63.84259796142578,0.4057320294049718,-0.621575912868737,,
new3,SandPoint2020,AC42,120,26.15740203857422,93.84259796142578,0.5973996926690763,-0.5329933023316586,,
new3,SandPoint2020,AC42,160,26.15740203857422,133.84259796142578,0.6582129503134615,-0.5146341528209009,,
new3,SandPoint2020,AC42,200,26.15740203857422,173.84259796142578,0.6677966356981356,-0.524742731626894,0.6751014864040331,-0.5246169644363636
new3,SandPoint2020,AC45,30,51.460723876953125,0.0,,0.0,,
new3,SandPoint2020,AC45,60,51.460723876953125,8.539276123046875,0.21321176577238496,0.902956662209438,,
new3,SandPoint2020,AC45,90,51.460723876953125,38.539276123046875,0.3585268254443768,0.12911345544573827,,
new3,SandPoint2020,AC45,120,51.460723876953125,68.53927612304688,0.5896749086618096,0.2570621652810967,,
new3,SandPoint2020,AC45,160,51.460723876953125,108.53927612304688,0.623433115724076,0.3033198093137157,,
new3,SandPoint2020,AC45,200,51.460723876953125,148.53927612304688,0.658160225992441,0.38976158577374065,0.6733415241709189,0.38984284130622626
old,Anchorage2018,AC11,30,13.975035667419434,16.024964332580566,-0.48328194202938624,-0.1493211723443082,,
old,Anchorage2018,AC11,60,13.975035667419434,46.024964332580566,-0.017455423927394503,0.0236712688455043,,
old,Anchorage2018,AC11,90,13.975035667419434,76.02496433258057,0.44285220873065834,0.04014103898700938,,
old,Anchorage2018,AC11,120,13.975035667419434,106.02496433258057,0.6867949281075112,0.019313869312625798,,
old,Anchorage2018,AC11,160,13.975035667419434,146.02496433258057,0.8633179372355074,-0.08111696558657577,,
old,Anchorage2018,AC11,200,13.975035667419434,186.02496433258057,0.9244860653914704,-0.14648575972082245,0.9245942485605423,-0.14600361613844814
old,Anchorage2018,AC14,30,16.203195571899414,13.796804428100586,-0.32721478916331476,-0.048327850234764824,,
old,Anchorage2018,AC14,60,16.203195571899414,43.796804428100586,-0.5239105022753039,0.38520402510605134,,
old,Anchorage2018,AC14,90,16.203195571899414,73.79680442810059,0.08155899097913107,0.5468855216622286,,
old,Anchorage2018,AC14,120,16.203195571899414,103.79680442810059,0.3604929295780324,0.42158430588794005,,
old,Anchorage2018,AC14,160,16.203195571899414,143.7968044281006,0.5734460492322079,0.1879640635138955,,
old,Anchorage2018,AC14,200,16.203195571899414,183.7968044281006,0.7236053485066755,0.08336313190283118,0.7247846619387913,0.08365742127245568
old,Anchorage2018,AC15,30,13.676848411560059,16.32315158843994,-0.5467518176907521,-0.4098873128587712,,
old,Anchorage2018,AC15,60,13.676848411560059,46.32315158843994,0.00853873192911479,-0.0182847792184333,,
old,Anchorage2018,AC15,90,13.676848411560059,76.32315158843994,0.3538015839237656,0.18558667150536756,,
old,Anchorage2018,AC15,120,13.676848411560059,106.32315158843994,0.5878483385156037,0.027213472550165818,,
old,Anchorage2018,AC15,160,13.676848411560059,146.32315158843994,0.710150619183475,0.06727853783737725,,
old,Anchorage2018,AC15,200,13.676848411560059,186.32315158843994,0.795625704832078,-0.008162089267372608,0.7949868200621959,-0.007979213796393658
old,Anchorage2018,AC32,30,8.082479476928711,21.91752052307129,-0.6781719354507024,0.10589781253133879,,
old,Anchorage2018,AC32,60,8.082479476928711,51.91752052307129,0.3912833511300383,0.31283642274699286,,
old,Anchorage2018,AC32,90,8.082479476928711,81.91752052307129,0.7412014475464466,0.2305988175757676,,
old,Anchorage2018,AC32,120,8.082479476928711,111.91752052307129,0.8908790459470457,0.17417436031256983,,
old,Anchorage2018,AC32,160,8.082479476928711,151.9175205230713,0.8734086714472714,0.09446137637004881,,
old,Anchorage2018,AC32,200,8.082479476928711,191.9175205230713,0.8262070404013127,0.049273859875929915,0.8265668811931279,0.0499953486976521
old,Anchorage2018,AC36,30,9.22986888885498,20.77013111114502,-0.6328409193963193,0.10764106656115313,,
old,Anchorage2018,AC36,60,9.22986888885498,50.77013111114502,-0.04185266593019499,0.39748309864635445,,
old,Anchorage2018,AC36,90,9.22986888885498,80.77013111114502,0.4671481830924231,0.35058523505892936,,
old,Anchorage2018,AC36,120,9.22986888885498,110.77013111114502,0.7232806853061283,0.2629998305603989,,
old,Anchorage2018,AC36,160,9.22986888885498,150.77013111114502,0.8373421510655193,0.14813234495582872,,
old,Anchorage2018,AC36,200,9.22986888885498,190.77013111114502,0.9068404463744948,0.10611777159072311,0.9068586633488338,0.10635190714649934
old,Anchorage2018,AC48,30,21.260873794555664,8.739126205444336,0.5918637496380134,-0.3804271340718044,,
old,Anchorage2018,AC48,60,21.260873794555664,38.739126205444336,-0.19040154233007858,0.3245860222474999,,
old,Anchorage2018,AC48,90,21.260873794555664,68.73912620544434,0.32218260302090246,0.07586517038260876,,
old,Anchorage2018,AC48,120,21.260873794555664,98.73912620544434,0.46110860750247396,-0.06483191592074355,,
old,Anchorage2018,AC48,160,21.260873794555664,138.73912620544434,0.6752897921914209,0.007799206976997652,,
old,Anchorage2018,AC48,200,21.260873794555664,178.73912620544434,0.7828386365545189,0.10723479082081155,0.7836752209559156,0.1076497116864541
old,Anchorage2018,AC53,30,8.382096290588379,21.61790370941162,-0.6420423591819877,0.0877939287696563,,
old,Anchorage2018,AC53,60,8.382096290588379,51.61790370941162,0.5298892362612309,0.1677622906849292,,
old,Anchorage2018,AC53,90,8.382096290588379,81.61790370941162,0.7361891762477683,0.12432443155619488,,
old,Anchorage2018,AC53,120,8.382096290588379,111.61790370941162,0.7907746445066286,0.05664280960344392,,
old,Anchorage2018,AC53,160,8.382096290588379,151.61790370941162,0.8995375104528742,-0.058785539252205865,,
old,Anchorage2018,AC53,200,8.382096290588379,191.61790370941162,0.8888505087731459,-0.03253851803632557,0.8890566023665253,-0.031876675237981544
old,Anchorage2018,ATW2,30,8.835310935974121,21.16468906402588,-0.5584562989632915,-0.30013184577981633,,
old,Anchorage2018,ATW2,60,8.835310935974121,51.16468906402588,0.25372056554343064,-0.2924863658778607,,
old,Anchorage2018,ATW2,90,8.835310935974121,81.16468906402588,0.6842125051167048,-0.7311245068811942,,
old,Anchorage2018,ATW2,120,8.835310935974121,111.16468906402588,0.7890984778514374,-0.6590163133947247,,
old,Anchorage2018,ATW2,160,8.835310935974121,151.16468906402588,0.8666328160437844,-0.6755419827535123,,
old,Anchorage2018,ATW2,200,8.835310935974121,191.16468906402588,0.7782079156476382,-0.7068467321833154,0.7762953011671194,-0.7065432050992015
old,Maule2010,BTON,30,80.14662170410156,0.0,,0.0,,
old,Maule2010,BTON,60,80.14662170410156,0.0,,0.0,,
old,Maule2010,BTON,90,80.14662170410156,9.853378295898438,0.9430822323628906,-0.11804497467748565,,
old,Maule2010,BTON,120,80.14662170410156,39.85337829589844,0.5107483634292582,-0.68194486891697,,
old,Maule2010,BTON,160,80.14662170410156,79.85337829589844,-0.03264948319149739,-0.7838849962070418,,
old,Maule2010,BTON,200,80.14662170410156,119.85337829589844,0.8001837334368953,0.0793963711057426,0.8949387215112262,0.07940563550692836
old,Maule2010,CMBA,30,68.8494873046875,0.0,,0.0,,
old,Maule2010,CMBA,60,68.8494873046875,0.0,,0.0,,
old,Maule2010,CMBA,90,68.8494873046875,21.1505126953125,0.6321997482205672,-0.33332837563477824,,
old,Maule2010,CMBA,120,68.8494873046875,51.1505126953125,0.1364703177184772,-0.7194771731265774,,
old,Maule2010,CMBA,160,68.8494873046875,91.1505126953125,0.879340412607467,-0.3348325781671928,,
old,Maule2010,CMBA,200,68.8494873046875,131.1505126953125,0.8080234729269395,0.04715979956829841,0.8787566591603164,0.0471662295628974
old,Maule2010,CNBA,30,64.60308837890625,0.0,,0.0,,
old,Maule2010,CNBA,60,64.60308837890625,0.0,,0.0,,
old,Maule2010,CNBA,90,64.60308837890625,25.39691162109375,0.7894653595580463,-0.5414637911691926,,
old,Maule2010,CNBA,120,64.60308837890625,55.39691162109375,-0.31280237663108185,-1.0616163809493875,,
old,Maule2010,CNBA,160,64.60308837890625,95.39691162109375,0.6153412796528326,-0.56178221634908,,
old,Maule2010,CNBA,200,64.60308837890625,135.39691162109375,0.7994577690824107,0.06863005614706985,0.8671388288056687,0.06863591000921865
old,Maule2010,CONS,30,9.856048583984375,20.143951416015625,0.8313835112639925,-0.8468232947680079,,
old,Maule2010,CONS,60,9.856048583984375,50.143951416015625,0.8106663709144754,0.1209771968974831,,
old,Maule2010,CONS,90,9.856048583984375,80.14395141601562,0.6956414305655926,0.1811744008964009,,
old,Maule2010,CONS,120,9.856048583984375,110.14395141601562,0.7563376738127323,0.07787195691665794,,
old,Maule2010,CONS,160,9.856048583984375,150.14395141601562,0.9229169147995052,0.05002796333833537,,
old,Maule2010,CONS,200,9.856048583984375,190.14395141601562,0.927783172418151,-0.012649725728717698,0.9290610452433807,-0.012648507037656742
old,Maule2010,CONZ,30,15.511825561523438,14.488174438476562,0.9678824200130631,-0.23639084031700008,,
old,Maule2010,CONZ,60,15.511825561523438,44.48817443847656,0.10106482828361649,-0.38642358151466283,,
old,Maule2010,CONZ,90,15.511825561523438,74.48817443847656,-0.6383038911914156,-0.6001545640192489,,
old,Maule2010,CONZ,120,15.511825561523438,104.48817443847656,0.19415435774886736,-0.7181883170454206,,
old,Maule2010,CONZ,160,15.511825561523438,144.48817443847656,0.7346086079565277,-0.6681764325155815,,
old,Maule2010,CONZ,200,15.511825561523438,184.48817443847656,0.6698160796612777,-0.6281664089174956,0.6831967718592992,-0.6281618146488483
old,Maule2010,CRZL,30,96.39627075195312,0.0,,0.0,,
old,Maule2010,CRZL,60,96.39627075195312,0.0,,0.0,,
old,Maule2010,CRZL,90,96.39627075195312,0.0,,0.0,,
old,Maule2010,CRZL,120,96.39627075195312,23.603729248046875,0.5001802408447784,-0.5732645857515237,,
old,Maule2010,CRZL,160,96.39627075195312,63.603729248046875,0.16304855150247088,-0.7433206373084777,,
old,Maule2010,CRZL,200,96.39627075195312,103.60372924804688,0.5060461030695173,0.30966413789481173,0.8375592902715563,0.3170981779279316
old,Maule2010,EMAT,30,67.56893920898438,0.0,,0.0,,
old,Maule2010,EMAT,60,67.56893920898438,0.0,,0.0,,
old,Maule2010,EMAT,90,67.56893920898438,22.431060791015625,0.768324318331184,-0.5887331246804752,,
old,Maule2010,EMAT,120,67.56893920898438,52.431060791015625,0.15852136572825942,-0.9801973014023515,,
old,Maule2010,EMAT,160,67.56893920898438,92.43106079101562,0.6846821642033221,-0.30145906646511555,,
old,Maule2010,EMAT,200,67.56893920898438,132.43106079101562,0.7276959581367779,0.1261103170937794,0.8275428143937205,0.12611690708396495
old,Maule2010,JUNT,30,88.43254852294922,0.0,,0.0,,
old,Maule2010,JUNT,60,88.43254852294922,0.0,,0.0,,
old,Maule2010,JUNT,90,88.43254852294922,1.5674514770507812,,2.6895707893343967,,
old,Maule2010,JUNT,120,88.43254852294922,31.56745147705078,0.07968728057515417,-0.4936724848767007,,
old,Maule2010,JUNT,160,88.43254852294922,71.56745147705078,0.3188670698532486,-0.7225894975205964,,
old,Maule2010,JUNT,200,88.43254852294922,111.56745147705078,0.5882403159385712,0.36404598983043535,0.8313781140137589,0.36406238253713497
old,Maule2010,LSCH,30,85.58885192871094,0.0,,0.0,,
old,Maule2010,LSCH,60,85.58885192871094,0.0,,0.0,,
old,Maule2010,LSCH,90,85.58885192871094,4.4111480712890625,0.986427927498683,0.3147801052920176,,
old,Maule2010,LSCH,120,85.58885192871094,34.41114807128906,-0.5058749201356203,-0.5928823917721973,,
old,Maule2010,LSCH,160,85.58885192871094,74.41114807128906,0.0662415416405529,-0.7778668358153658,,
old,Maule2010,LSCH,200,85.58885192871094,114.41114807128906,0.8732764876992943,0.22211947238067964,0.9378723039962912,0.2221327425455737
old,Maule2010,MAUL,30,22.29153060913086,7.708469390869141,0.9672605393247699,-0.8843802743233109,,
old,Maule2010,MAUL,60,22.29153060913086,37.70846939086914,0.8923946720759816,0.15490712234540993,,
old,Maule2010,MAUL,90,22.29153060913086,67.70846939086914,0.8237101905602271,0.17025717819658936,,
old,Maule2010,MAUL,120,22.29153060913086,97.70846939086914,0.621231729719012,0.15832396869558707,,
old,Maule2010,MAUL,160,22.29153060913086,137.70846939086914,0.9012313501663103,0.17381441615766846,,
old,Maule2010,MAUL,200,22.29153060913086,177.70846939086914,0.9414169113288975,0.14402850194956862,0.9443190217252341,0.14403143507883343
old,Maule2010,OVLL,30,76.15076446533203,0.0,,0.0,,
old,Maule2010,OVLL,60,76.15076446533203,0.0,,0.0,,
old,Maule2010,OVLL,90,76.15076446533203,13.849235534667969,0.8336692558349111,-0.3160928994679537,,
old,Maule2010,OVLL,120,76.15076446533203,43.84923553466797,-0.39221865793789207,-0.8179387674926311,,
old,Maule2010,OVLL,160,76.15076446533203,83.84923553466797,-0.4219799469097314,-0.9743131392592508,,
old,Maule2010,OVLL,200,76.15076446533203,123.84923553466797,0.9006079082688551,0.03242572105138741,0.9428367855055935,0.03243479578699571
old,Maule2010,PEDR,30,74.63665008544922,0.0,,0.0,,
old,Maule2010,PEDR,60,74.63665008544922,0.0,,0.0,,
old,Maule2010,PEDR,90,74.63665008544922,15.363349914550781,0.9023703858135557,-0.1379787501651517,,
old,Maule2010,PEDR,120,74.63665008544922,45.36334991455078,0.8842485781867109,-0.9451683060116185,,
old,Maule2010,PEDR,160,74.63665008544922,85.36334991455078,-0.03891112085006163,-0.8508049360176546,,
old,Maule2010,PEDR,200,74.63665008544922,125.36334991455078,0.8359578992894244,0.21052611780055486,0.9043015818068632,0.21053469848669693
old,Maule2010,PFRJ,30,74.14918518066406,0.0,,0.0,,
old,Maule2010,PFRJ,60,74.14918518066406,0.0,,0.0,,
old,Maule2010,PFRJ,90,74.14918518066406,15.850814819335938,0.6642201000833245,-0.3026390406521502,,
old,Maule2010,PFRJ,120,74.14918518066406,45.85081481933594,0.8398558784339096,-0.5583409092935048,,
old,Maule2010,PFRJ,160,74.14918518066406,85.85081481933594,0.11060263381464909,-0.47974425828338774,,
old,Maule2010,PFRJ,200,74.14918518066406,125.85081481933594,0.7361580798253324,-0.14799108839098274,0.8246827776969721,-0.14797454259334053
old,Maule2010,RCSD,30,33.88138961791992,0.0,,0.0,,
old,Maule2010,RCSD,60,33.88138961791992,26.118610382080078,0.7580758988498137,-0.6876645361751414,,
old,Maule2010,RCSD,90,33.88138961791992,56.11861038208008,0.907726476991072,-0.15827435514354526,,
old,Maule2010,RCSD,120,33.88138961791992,86.11861038208008,0.5775366548221881,0.250916614940337,,
old,Maule2010,RCSD,160,33.88138961791992,126.11861038208008,0.9533444225573284,0.13099196131429203,,
old,Maule2010,RCSD,200,33.88138961791992,166.11861038208008,0.9633215292833438,0.07560834535861005,0.9672514853288644,0.0756117839189514
old,Maule2010,ROBL,30,45.334754943847656,0.0,,0.0,,
old,Maule2010,ROBL,60,45.334754943847656,14.665245056152344,0.8886971168531473,-0.5728997369234907,,
old,Maule2010,ROBL,90,45.334754943847656,44.665245056152344,0.802159086811918,-0.804942879657057,,
old,Maule2010,ROBL,120,45.334754943847656,74.66524505615234,0.8409120097017518,0.2382158866771764,,
old,Maule2010,ROBL,160,45.334754943847656,114.66524505615234,0.9403760623898827,0.11330331621354617,,
old,Maule2010,ROBL,200,45.334754943847656,154.66524505615234,0.9340670028962529,0.025392352739663338,0.9453742918556369,0.02539715216606453
old,Maule2010,SILL,30,95.88967895507812,0.0,,0.0,,
old,Maule2010,SILL,60,95.88967895507812,0.0,,0.0,,
old,Maule2010,SILL,90,95.88967895507812,0.0,,0.0,,
old,Maule2010,SILL,120,95.88967895507812,24.110321044921875,0.46253733143344444,-0.26810193649807257,,
old,Maule2010,SILL,160,95.88967895507812,64.11032104492188,0.9065072638267191,-0.6757255021255943,,
old,Maule2010,SILL,200,95.88967895507812,104.11032104492188,0.6065031133492046,0.2999353230309616,0.8638476153552972,0.3038501032202685
old,Maule2010,SJAV,30,13.0294828414917,16.9705171585083,0.8960817588051425,-0.7265503621962113,,
old,Maule2010,SJAV,60,13.0294828414917,46.9705171585083,0.8461815909804089,0.1707253298636644,,
old,Maule2010,SJAV,90,13.0294828414917,76.9705171585083,0.5912493246445102,0.27046177934077775,,
old,Maule2010,SJAV,120,13.0294828414917,106.9705171585083,0.6064368073968482,0.18650270239888123,,
old,Maule2010,SJAV,160,13.0294828414917,146.9705171585083,0.9149949039848908,0.16012562117609974,,
old,Maule2010,SJAV,200,13.0294828414917,186.9705171585083,0.9056482399421609,0.11685744012197574,0.9081497896824096,0.11685925046082346
old,Maule2010,TOLO,30,83.23503875732422,0.0,,0.0,,
old,Maule2010,TOLO,60,83.23503875732422,0.0,,0.0,,
old,Maule2010,TOLO,90,83.23503875732422,6.764961242675781,0.984759818908009,-0.05470338600367075,,
old,Maule2010,TOLO,120,83.23503875732422,36.76496124267578,-0.487882121254516,-0.7520923763268925,,
old,Maule2010,TOLO,160,83.23503875732422,76.76496124267578,-0.8252953840554896,-1.0291771287027718,,
old,Maule2010,TOLO,200,83.23503875732422,116.76496124267578,0.6184934978282486,0.19559571414537658,0.8183571810716157,0.19560895036448755
old,Noto2024,0030,30,44.439815521240234,0.0,,0.0,,
old,Noto2024,0030,60,44.439815521240234,15.560184478759766,0.6846149911473983,0.6205448559808247,,
old,Noto2024,0030,90,44.439815521240234,45.560184478759766,-0.12702153401087338,0.009472151132200679,,
old,Noto2024,0030,120,44.439815521240234,75.56018447875977,-0.04081397782667281,-0.09218056489121551,,
old,Noto2024,0030,160,44.439815521240234,115.56018447875977,0.454791622832302,-0.36632657634565646,,
old,Noto2024,0030,200,44.439815521240234,155.56018447875977,0.737577523046564,-0.0453356727860692,0.7525238679240673,-0.045227784823836714
old,Noto2024,0031,30,40.756248474121094,0.0,,0.0,,
old,Noto2024,0031,60,40.756248474121094,19.243751525878906,0.6893735366650502,0.5099914702917747,,
old,Noto2024,0031,90,40.756248474121094,49.243751525878906,0.1896376831725605,0.04793281720162401,,
old,Noto2024,0031,120,40.756248474121094,79.2437515258789,0.10256153518223712,-0.10537658180210041,,
old,Noto2024,0031,160,40.756248474121094,119.2437515258789,0.2738947698788001,-0.2870126575949854,,
old,Noto2024,0031,200,40.756248474121094,159.2437515258789,0.6639508333640027,0.0397031271509789,0.6826228418556045,0.03978310570188359
old,Noto2024,0032,30,34.3674201965332,0.0,,0.0,,
old,Noto2024,0032,60,34.3674201965332,25.632579803466797,0.6212432461395297,0.29149137504928024,,
old,Noto2024,0032,90,34.3674201965332,55.6325798034668,0.17955911985018588,-0.02921373695059515,,
old,Noto2024,0032,120,34.3674201965332,85.6325798034668,0.30304528798816055,0.11258106109514454,,
old,Noto2024,0032,160,34.3674201965332,125.6325798034668,0.47819644826301766,0.28531839933039294,,
old,Noto2024,0032,200,34.3674201965332,165.6325798034668,0.7104874455750609,0.09471660947796767,0.723107908881644,0.09475798127892698
old,Noto2024,0038,30,40.79875183105469,0.0,,0.0,,
old,Noto2024,0038,60,40.79875183105469,19.201248168945312,0.6441027751700108,0.5748310534936518,,
old,Noto2024,0038,90,40.79875183105469,49.20124816894531,0.3380753025976599,0.2036449671487457,,
old,Noto2024,0038,120,40.79875183105469,79.20124816894531,0.4302183137426767,0.08182025648899849,,
old,Noto2024,0038,160,40.79875183105469,119.20124816894531,0.4741661852793425,0.35751791711619063,,
old,Noto2024,0038,200,40.79875183105469,159.2012481689453,0.8186518991412164,0.06029363705950885,0.8262662420573421,0.06033071790750011
old,Noto2024,0040,30,28.242511749267578,1.7574882507324219,,0.9517136688608927,,
old,Noto2024,0040,60,28.242511749267578,31.757488250732422,0.6543145255715803,0.13332294065502026,,
old,Noto2024,0040,90,28.242511749267578,61.75748825073242,0.8163799003887295,0.37049787010601154,,
old,Noto2024,0040,120,28.242511749267578,91.75748825073242,0.8554161757557578,0.4189378007725253,,
old,Noto2024,0040,160,28.242511749267578,131.75748825073242,0.7383960861742552,0.3835951652765841,,
old,Noto2024,0040,200,28.242511749267578,171.75748825073242,0.7638974561387669,0.29582046991365285,0.7717493733619168,0.2958340950594378
old,Noto2024,0041,30,41.080387115478516,0.0,,0.0,,
old,Noto2024,0041,60,41.080387115478516,18.919612884521484,0.7059525789230143,0.5626811946755739,,
old,Noto2024,0041,90,41.080387115478516,48.919612884521484,0.3916047185110579,0.2664715459243041,,
old,Noto2024,0041,120,41.080387115478516,78.91961288452148,0.7133778440755755,0.30328286987996744,,
old,Noto2024,0041,160,41.080387115478516,118.91961288452148,0.5068612947764578,0.6708444450665327,,
old,Noto2024,0041,200,41.080387115478516,158.91961288452148,0.7975796561140408,0.3612567872836765,0.8073863817746431,0.3612716808417602
old,Noto2024,0042,30,39.885345458984375,0.0,,0.0,,
old,Noto2024,0042,60,39.885345458984375,20.114654541015625,0.6823294491406209,0.538560103236061,,
old,Noto2024,0042,90,39.885345458984375,50.114654541015625,0.6470081662584385,0.3321425085235514,,
old,Noto2024,0042,120,39.885345458984375,80.11465454101562,0.815428965954539,0.34393994537371686,,
old,Noto2024,0042,160,39.885345458984375,120.11465454101562,0.5345253306394202,0.7119899448265388,,
old,Noto2024,0042,200,39.885345458984375,160.11465454101562,0.8018117611370456,0.4731845256532594,0.8106870979593803,0.4731984810237577
old,Noto2024,0043,30,31.61703109741211,0.0,,0.0,,
old,Noto2024,0043,60,31.61703109741211,28.38296890258789,0.744441200732543,0.11543679120057249,,
old,Noto2024,0043,90,31.61703109741211,58.38296890258789,0.619093136325087,0.3966925989638286,,
old,Noto2024,0043,120,31.61703109741211,88.38296890258789,0.806829220990818,0.43858826133382944,,
old,Noto2024,0043,160,31.61703109741211,128.3829689025879,0.7539468692309559,0.4738708281816715,,
old,Noto2024,0043,200,31.61703109741211,168.3829689025879,0.8019723648670096,0.49006336910961323,0.8084454225334201,0.49007475598356365
old,Noto2024,0044,30,21.532329559326172,8.467670440673828,0.7731034709548469,0.11368255697669571,,
old,Noto2024,0044,60,21.532329559326172,38.46767044067383,0.74440997218946,-0.3482307073629487,,
old,Noto2024,0044,90,21.532329559326172,68.46767044067383,0.6470241887260444,0.7328332222821379,,
old,Noto2024,0044,120,21.532329559326172,98.46767044067383,0.7962558624616141,0.4912837424749368,,
old,Noto2024,0044,160,21.532329559326172,138.46767044067383,0.7174642452604622,0.42773777447373096,,
old,Noto2024,0044,200,21.532329559326172,178.46767044067383,0.7366161945719265,0.5075784532021688,0.7425189051543913,0.5075849996019448
old,Noto2024,0045,30,24.98907470703125,5.01092529296875,0.4573690645032598,0.5289851935959105,,
old,Noto2024,0045,60,24.98907470703125,35.01092529296875,0.773405126970085,0.0840222034587157,,
old,Noto2024,0045,90,24.98907470703125,65.01092529296875,0.7072348470718852,0.5568086038211559,,
old,Noto2024,0045,120,24.98907470703125,95.01092529296875,0.7914912549351703,0.4694660620250133,,
old,Noto2024,0045,160,24.98907470703125,135.01092529296875,0.7677010266648486,0.27965360194206124,,
old,Noto2024,0045,200,24.98907470703125,175.01092529296875,0.7738196002119031,0.3627203024056014,0.7794582251602278,0.3627285187469438
old,Noto2024,0046,30,15.444815635681152,14.555184364318848,0.8232124152033372,-0.3318138656034453,,
old,Noto2024,0046,60,15.444815635681152,44.55518436431885,0.681410778295654,-0.06515531390142382,,
old,Noto2024,0046,90,15.444815635681152,74.55518436431885,0.6611646653839969,0.6556165147863213,,
old,Noto2024,0046,120,15.444815635681152,104.55518436431885,0.818993551300084,0.4107854819156129,,
old,Noto2024,0046,160,15.444815635681152,144.55518436431885,0.7088002736552121,0.4756243038690471,,
old,Noto2024,0046,200,15.444815635681152,184.55518436431885,0.7249042489545594,0.5711713964716543,0.729284574632321,0.5711758738218196
old,Noto2024,0047,30,23.356204986572266,6.643795013427734,0.7381707524673984,0.43786059208723316,,
old,Noto2024,0047,60,23.356204986572266,36.643795013427734,0.7424631710865163,0.20393625869118193,,
old,Noto2024,0047,90,23.356204986572266,66.64379501342773,0.7875975988832556,0.4796177544146447,,
old,Noto2024,0047,120,23.356204986572266,96.64379501342773,0.7618059675144204,0.2439220674400202,,
old,Noto2024,0047,160,23.356204986572266,136.64379501342773,0.7722379664491154,-0.4035136291538963,,
old,Noto2024,0047,200,23.356204986572266,176.64379501342773,0.7105789088627237,-0.3744774760856897,0.7187160909215534,-0.37444540364511614
old,Noto2024,0048,30,30.61140251159668,0.0,,0.0,,
old,Noto2024,0048,60,30.61140251159668,29.38859748840332,0.6996837446271632,0.3382516742304018,,
old,Noto2024,0048,90,30.61140251159668,59.38859748840332,0.7013991941410698,0.06154116760926076,,
old,Noto2024,0048,120,30.61140251159668,89.38859748840332,0.7005066228865853,0.43960453311330827,,
old,Noto2024,0048,160,30.61140251159668,129.38859748840332,0.7408475112338418,0.5160145079473315,,
old,Noto2024,0048,200,30.61140251159668,169.38859748840332,0.7624863738398523,0.46963314143952317,0.7698910665322855,0.4696410324975657
old,Noto2024,0049,30,27.0117244720459,2.9882755279541016,,0.44733598038838096,,
old,Noto2024,0049,60,27.0117244720459,32.9882755279541,0.5330640520514045,0.006553324162818619,,
old,Noto2024,0049,90,27.0117244720459,62.9882755279541,0.5367155326577461,0.05288745348445634,,
old,Noto2024,0049,120,27.0117244720459,92.9882755279541,0.8181617009578883,0.187749537369565,,
old,Noto2024,0049,160,27.0117244720459,132.9882755279541,0.7494708030034316,0.049067875141898476,,
old,Noto2024,0049,200,27.0117244720459,172.9882755279541,0.7963279862960473,-0.0001937539730363369,0.8026454196164091,-0.0001666190618152541
old,Noto2024,0050,30,20.020750045776367,9.979249954223633,0.7566730195511211,-0.11178213251676006,,
old,Noto2024,0050,60,20.020750045776367,39.97924995422363,0.5161537330142775,-0.2728926575681614,,
old,Noto2024,0050,90,20.020750045776367,69.97924995422363,0.8327840515246043,0.24349037949044128,,
old,Noto2024,0050,120,20.020750045776367,99.97924995422363,0.5971748928324689,0.07774708696463062,,
old,Noto2024,0050,160,20.020750045776367,139.97924995422363,0.7463828264498225,0.07141709648331318,,
old,Noto2024,0050,200,20.020750045776367,179.97924995422363,0.7615021519597664,0.09727294113674656,0.7662515521909038,0.09728056398413276
old,Noto2024,0051,30,14.689250946044922,15.310749053955078,0.8252396387139381,-0.21347622834358937,,
old,Noto2024,0051,60,14.689250946044922,45.31074905395508,0.7145866255058998,-0.43528937001596013,,
old,Noto2024,0051,90,14.689250946044922,75.31074905395508,0.5733768900076018,0.7354517201299773,,
old,Noto2024,0051,120,14.689250946044922,105.31074905395508,0.8414721780364336,0.4910218289056685,,
old,Noto2024,0051,160,14.689250946044922,145.31074905395508,0.7004688476896725,0.5387959934351274,,
old,Noto2024,0051,200,14.689250946044922,185.31074905395508,0.7355660971755811,0.5983099737340707,0.7395645199038133,0.5983137571310904
old,Noto2024,0052,30,8.36020278930664,21.63979721069336,0.8076602844121533,-0.8591452166295781,,
old,Noto2024,0052,60,8.36020278930664,51.63979721069336,0.6565725239080596,0.3742938895260979,,
old,Noto2024,0052,90,8.36020278930664,81.63979721069336,0.8075638641239002,0.5045256436138521,,
old,Noto2024,0052,120,8.36020278930664,111.63979721069336,0.8079491316926465,0.3337914916530851,,
old,Noto2024,0052,160,8.36020278930664,151.63979721069336,0.6072497148325035,0.4319963986598383,,
old,Noto2024,0052,200,8.36020278930664,191.63979721069336,0.7098590976273337,0.510178194943598,0.7123901190678071,0.5101804460966095
old,Noto2024,0054,30,13.617803573608398,16.3821964263916,0.8511853688132047,-0.392204400164192,,
old,Noto2024,0054,60,13.617803573608398,46.3821964263916,0.5040325989198308,-0.5185555666028963,,
old,Noto2024,0054,90,13.617803573608398,76.3821964263916,0.8125546790450542,-0.2945778639528074,,
old,Noto2024,0054,120,13.617803573608398,106.3821964263916,0.7805047322330076,-0.4546098655061668,,
old,Noto2024,0054,160,13.617803573608398,146.3821964263916,0.5808134845806145,-0.4834007980615196,,
old,Noto2024,0054,200,13.617803573608398,186.3821964263916,0.37050466161416246,-0.4842824341496028,0.3788160883728505,-0.48409806125899024
old,Noto2024,0055,30,21.636821746826172,8.363178253173828,0.7712177646298645,0.03529333936287582,,
old,Noto2024,0055,60,21.636821746826172,38.36317825317383,0.5705331991994932,-0.2660343872837059,,
old,Noto2024,0055,90,21.636821746826172,68.36317825317383,0.785124601392747,-0.19584344292591016,,
old,Noto2024,0055,120,21.636821746826172,98.36317825317383,0.8612363544570165,-0.18969132127620725,,
old,Noto2024,0055,160,21.636821746826172,138.36317825317383,0.8164307438062045,-0.19351435836949804,,
old,Noto2024,0055,200,21.636821746826172,178.36317825317383,0.6737597645046359,-0.12931075838681227,0.6817434830771268,-0.1292523250456581
old,Noto2024,0058,30,19.120235443115234,10.879764556884766,0.7941752352946618,0.08346912840449505,,
old,Noto2024,0058,60,19.120235443115234,40.879764556884766,0.4656128850244691,-0.31957346443130774,,
old,Noto2024,0058,90,19.120235443115234,70.87976455688477,0.8841739830726594,0.33451024832824583,,
old,Noto2024,0058,120,19.120235443115234,100.87976455688477,0.787073385240716,0.13001622100653965,,
old,Noto2024,0058,160,19.120235443115234,140.87976455688477,0.8068623432090376,-0.013176450638503923,,
old,Noto2024,0058,200,19.120235443115234,180.87976455688477,0.75550312462833,0.11517966007063052,0.760077687118233,0.1151907115414561
old,Noto2024,0059,30,23.815385818481445,6.184614181518555,0.7356561567401122,0.36341572632868235,,
old,Noto2024,0059,60,23.815385818481445,36.184614181518555,0.3479295016887439,0.02810592373963594,,
old,Noto2024,0059,90,23.815385818481445,66.18461418151855,0.8304846385739187,-0.13250963662589044,,
old,Noto2024,0059,120,23.815385818481445,96.18461418151855,0.7095357976640606,-0.019489167819418007,,
old,Noto2024,0059,160,23.815385818481445,136.18461418151855,0.7529408120829529,-0.42529160107645225,,
old,Noto2024,0059,200,23.815385818481445,176.18461418151855,0.6129906544929967,-0.41705146858180075,0.6239756643199857,-0.4168945113880582
old,Noto2024,0067,30,42.41298294067383,0.0,,0.0,,
old,Noto2024,0067,60,42.41298294067383,17.587017059326172,0.6596909426003995,0.36186183772336467,,
old,Noto2024,0067,90,42.41298294067383,47.58701705932617,0.6467769512064595,-0.05692904046914027,,
old,Noto2024,0067,120,42.41298294067383,77.58701705932617,0.7816781621257634,0.10971553917176191,,
old,Noto2024,0067,160,42.41298294067383,117.58701705932617,0.6991498662924681,-0.28162239297221703,,
old,Noto2024,0067,200,42.41298294067383,157.58701705932617,0.6505837944734663,-0.23460612939125003,0.6708972716444046,-0.2343568323664984
old,Noto2024,0184,30,49.340389251708984,0.0,,0.0,,
old,Noto2024,0184,60,49.340389251708984,10.659610748291016,0.8608696738975713,0.8094195186744271,,
old,Noto2024,0184,90,49.340389251708984,40.659610748291016,-0.23539041410625522,0.15268483240240016,,
old,Noto2024,0184,120,49.340389251708984,70.65961074829102,0.032239435075339974,0.010041589093312098,,
old,Noto2024,0184,160,49.340389251708984,110.65961074829102,0.04653198771937179,-0.2066949006780474,,
old,Noto2024,0184,200,49.340389251708984,150.65961074829102,0.5449903339699528,0.23810412557633232,0.5809033642287282,0.2381886684938097
old,Noto2024,0186,30,46.63389587402344,0.0,,0.0,,
old,Noto2024,0186,60,46.63389587402344,13.366104125976562,0.7776730140273179,0.7288885688557825,,
old,Noto2024,0186,90,46.63389587402344,43.36610412597656,0.19395041346219344,0.13912220074205628,,
old,Noto2024,0186,120,46.63389587402344,73.36610412597656,0.18261432137280686,0.1911071871085257,,
old,Noto2024,0186,160,46.63389587402344,113.36610412597656,0.1780751107472114,-0.028363716777711545,,
old,Noto2024,0186,200,46.63389587402344,153.36610412597656,0.4669469187614882,-0.014268909880530423,0.5063355533227321,-0.013949250064520413
old,Noto2024,0188,30,44.68292236328125,0.0,,0.0,,
old,Noto2024,0188,60,44.68292236328125,15.31707763671875,0.6916626166170193,0.641919843219104,,
old,Noto2024,0188,90,44.68292236328125,45.31707763671875,-0.10384007914045126,0.09959619114330387,,
old,Noto2024,0188,120,44.68292236328125,75.31707763671875,0.04286656800944039,-0.00033831996067856807,,
old,Noto2024,0188,160,44.68292236328125,115.31707763671875,0.12761250138358765,-0.25239413519898335,,
old,Noto2024,0188,200,44.68292236328125,155.31707763671875,0.5761194814506087,-0.006056245777297242,0.604880690639844,-0.005904258068912149
old,Noto2024,0191,30,37.84950256347656,0.0,,0.0,,
old,Noto2024,0191,60,37.84950256347656,22.150497436523438,0.6730531070406206,0.42570953853403104,,
old,Noto2024,0191,90,37.84950256347656,52.15049743652344,0.26756635074846186,-0.016035853158220092,,
old,Noto2024,0191,120,37.84950256347656,82.15049743652344,0.42285998829297555,-0.1595804391021174,,
old,Noto2024,0191,160,37.84950256347656,122.15049743652344,0.4421418606668894,-0.08968639056340333,,
old,Noto2024,0191,200,37.84950256347656,162.15049743652344,0.5353455862647732,-0.19525798790101323,0.5615959636251442,-0.1951526198258291
old,Noto2024,0192,30,39.703147888183594,0.0,,0.0,,
old,Noto2024,0192,60,39.703147888183594,20.296852111816406,0.675085533707954,0.4273123740018461,,
old,Noto2024,0192,90,39.703147888183594,50.296852111816406,0.04064871824650622,-0.0055873053580102194,,
old,Noto2024,0192,120,39.703147888183594,80.2968521118164,0.16704372724024752,-0.07375250803637545,,
old,Noto2024,0192,160,39.703147888183594,120.2968521118164,0.26687624661624615,-0.2647443270522887,,
old,Noto2024,0192,200,39.703147888183594,160.2968521118164,0.3275909351926842,-0.18640125228142512,0.36315281371099506,-0.18599663729177518
old,Noto2024,0194,30,34.68898010253906,0.0,,0.0,,
old,Noto2024,0194,60,34.68898010253906,25.311019897460938,0.6755743961919586,0.34632880879305183,,
old,Noto2024,0194,90,34.68898010253906,55.31101989746094,0.3668346732771102,-0.05392682576757135,,
old,Noto2024,0194,120,34.68898010253906,85.31101989746094,0.2844237548094038,-0.049276689277054864,,
old,Noto2024,0194,160,34.68898010253906,125.31101989746094,0.2546491723022163,-0.2917577702806353,,
old,Noto2024,0194,200,34.68898010253906,165.31101989746094,0.5288659170933767,-0.27021444438166764,0.5524141077421252,-0.2700123813543911
old,Noto2024,0195,30,34.7315559387207,0.0,,0.0,,
old,Noto2024,0195,60,34.7315559387207,25.268444061279297,0.5040416427881889,0.12600284649303894,,
old,Noto2024,0195,90,34.7315559387207,55.2684440612793,0.12377839384892705,-0.10825499033678732,,
old,Noto2024,0195,120,34.7315559387207,85.2684440612793,0.4106004316183066,-0.09790910509238415,,
old,Noto2024,0195,160,34.7315559387207,125.2684440612793,0.407129303158357,-0.06999535486739195,,
old,Noto2024,0195,200,34.7315559387207,165.2684440612793,0.5625069021497996,0.04639550236468182,0.5839739524070705,0.0464872232718152
old,Noto2024,0196,30,32.3944091796875,0.0,,0.0,,
old,Noto2024,0196,60,32.3944091796875,27.6055908203125,0.495465830602573,0.2234963757345465,,
old,Noto2024,0196,90,32.3944091796875,57.6055908203125,0.414436384709506,-0.30231739185072115,,
old,Noto2024,0196,120,32.3944091796875,87.6055908203125,0.48950767367106895,-0.006665165175085974,,
old,Noto2024,0196,160,32.3944091796875,127.6055908203125,0.7114823360932452,-0.0004984402397001375,,
old,Noto2024,0196,200,32.3944091796875,167.6055908203125,0.6704528473145727,-0.04370622137863478,0.6842462775410988,-0.04362744205822633
old,Noto2024,0197,30,29.025650024414062,0.9743499755859375,,2.264840699485082,,
old,Noto2024,0197,60,29.025650024414062,30.974349975585938,0.5941594603755785,0.16733919015652976,,
old,Noto2024,0197,90,29.025650024414062,60.97434997558594,0.753842816742556,0.3178990018739638,,
old,Noto2024,0197,120,29.025650024414062,90.97434997558594,0.840001343562665,0.3125925688505049,,
old,Noto2024,0197,160,29.025650024414062,130.97434997558594,0.7466894803321711,0.20978342466630284,,
old,Noto2024,0197,200,29.025650024414062,170.97434997558594,0.8050136036795925,0.15652193912403334,0.8116114003448806,0.1565398297294509
old,Noto2024,0198,30,32.156375885009766,0.0,,0.0,,
old,Noto2024,0198,60,32.156375885009766,27.843624114990234,0.6817075386686011,0.34154844751700875,,
old,Noto2024,0198,90,32.156375885009766,57.843624114990234,0.6677919560871947,0.21397725295519088,,
old,Noto2024,0198,120,32.156375885009766,87.84362411499023,0.8247098452322961,0.10873500466384911,,
old,Noto2024,0198,160,32.156375885009766,127.84362411499023,0.686794912816207,0.3044389392332789,,
old,Noto2024,0198,200,32.156375885009766,167.84362411499023,0.803081110188125,0.29571079989996907,0.8102715823854353,0.2957292479908533
old,Noto2024,0201,30,38.93503952026367,0.0,,0.0,,
old,Noto2024,0201,60,38.93503952026367,21.064960479736328,0.6039970713238515,0.19346469328232008,,
old,Noto2024,0201,90,38.93503952026367,51.06496047973633,0.3567729767483396,-0.159860903110844,,
old,Noto2024,0201,120,38.93503952026367,81.06496047973633,0.6658295102538282,-0.14590343241327464,,
old,Noto2024,0201,160,38.93503952026367,121.06496047973633,0.6890903551687273,0.2484860870622354,,
old,Noto2024,0201,200,38.93503952026367,161.06496047973633,0.7737309323611794,0.02961065683311137,0.7837380190828276,0.029676218163385393
old,Noto2024,0202,30,31.328208923339844,0.0,,0.0,,
old,Noto2024,0202,60,31.328208923339844,28.671791076660156,0.7204848980217118,0.37659522500023446,,
old,Noto2024,0202,90,31.328208923339844,58.671791076660156,0.704698400039495,0.3198539997571457,,
old,Noto2024,0202,120,31.328208923339844,88.67179107666016,0.8380847216608502,0.26199226178539714,,
old,Noto2024,0202,160,31.328208923339844,128.67179107666016,0.7091707960914992,0.39397900651813966,,
old,Noto2024,0202,200,31.328208923339844,168.67179107666016,0.8059186964851395,0.28155154859900033,0.8126588118454945,0.28156664649877694
old,Noto2024,0203,30,41.740413665771484,0.0,,0.0,,
old,Noto2024,0203,60,41.740413665771484,18.259586334228516,0.7037008226561337,0.6839809409103212,,
old,Noto2024,0203,90,41.740413665771484,48.259586334228516,0.41144701956160973,0.1599265023166394,,
old,Noto2024,0203,120,41.740413665771484,78.25958633422852,0.4973958816443857,0.30861256618391764,,
old,Noto2024,0203,160,41.740413665771484,118.25958633422852,0.3760877539357124,0.6874884850323726,,
old,Noto2024,0203,200,41.740413665771484,158.25958633422852,0.7205668645314859,0.4311265507947466,0.7347582207523193,0.43113927517596284
old,Noto2024,0204,30,25.260028839111328,4.739971160888672,0.14893432058621336,0.3032871829777788,,
old,Noto2024,0204,60,25.260028839111328,34.73997116088867,0.652311409134277,-0.11547766697893547,,
old,Noto2024,0204,90,25.260028839111328,64.73997116088867,0.8548662866650596,0.3975145049555451,,
old,Noto2024,0204,120,25.260028839111328,94.73997116088867,0.855451471103421,0.3702715641193537,,
old,Noto2024,0204,160,25.260028839111328,134.73997116088867,0.7587567243834418,0.37540217327272796,,
old,Noto2024,0204,200,25.260028839111328,174.73997116088867,0.7933056441786361,0.46533460666035875,0.7988466043304024,0.4653446402909651
old,Noto2024,0205,30,38.015445709228516,0.0,,0.0,,
old,Noto2024,0205,60,38.015445709228516,21.984554290771484,0.6633700927063327,0.34687132520051733,,
old,Noto2024,0205,90,38.015445709228516,51.984554290771484,0.5039927254051914,-0.13602559273771675,,
old,Noto2024,0205,120,38.015445709228516,81.98455429077148,0.7787882697828701,-0.07640898772673932,,
old,Noto2024,0205,160,38.015445709228516,121.98455429077148,0.6284273506054229,0.5179802001416247,,
old,Noto2024,0205,200,38.015445709228516,161.98455429077148,0.7873513501338925,0.3198845334883602,0.7957879762854492,0.3199015988958651
old,Noto2024,0206,30,23.60079002380371,6.399209976196289,0.7368016943863509,0.23805794659681112,,
old,Noto2024,0206,60,23.60079002380371,36.39920997619629,0.735413658925105,-0.13408747224052497,,
old,Noto2024,0206,90,23.60079002380371,66.39920997619629,0.7513420789451462,0.49302634513870647,,
old,Noto2024,0206,120,23.60079002380371,96.39920997619629,0.8288858145262991,0.30171926744953215,,
old,Noto2024,0206,160,23.60079002380371,136.3992099761963,0.7442295995309346,0.27317781732179025,,
old,Noto2024,0206,200,23.60079002380371,176.3992099761963,0.7658724319486567,0.3439419257951828,0.7715548068806793,0.343952570940357
old,Noto2024,0207,30,25.1851749420166,4.814825057983398,0.1494438579221727,0.2548965696668546,,
old,Noto2024,0207,60,25.1851749420166,34.8148250579834,0.6908824585910368,-0.0005099622845374796,,
old,Noto2024,0207,90,25.1851749420166,64.8148250579834,0.7539449579884338,0.48911901438290517,,
old,Noto2024,0207,120,25.1851749420166,94.8148250579834,0.8433414012822718,0.4244127786545322,,
old,Noto2024,0207,160,25.1851749420166,134.8148250579834,0.7271465106501128,0.41189027911927933,,
old,Noto2024,0207,200,25.1851749420166,174.8148250579834,0.7675939889247525,0.426756133632753,0.7739663522170338,0.42676669855555094
old,Noto2024,0209,30,29.302196502685547,0.6978034973144531,,2.09318393000067,,
old,Noto2024,0209,60,29.302196502685547,30.697803497314453,0.728438887270596,0.11871287648416562,,
old,Noto2024,0209,90,29.302196502685547,60.69780349731445,0.8468430560100504,0.41897074278848123,,
old,Noto2024,0209,120,29.302196502685547,90.69780349731445,0.8300223069997149,0.4927860895689422,,
old,Noto2024,0209,160,29.302196502685547,130.69780349731445,0.7267368967360224,0.46518484308515706,,
old,Noto2024,0209,200,29.302196502685547,170.69780349731445,0.7756156005771421,0.48040660130776036,0.782840876991022,0.4804161888377223
old,Noto2024,0210,30,33.88479995727539,0.0,,0.0,,
old,Noto2024,0210,60,33.88479995727539,26.11520004272461,0.7125713011039485,0.2030183436909665,,
old,Noto2024,0210,90,33.88479995727539,56.11520004272461,0.8079824788551738,0.3578879251942677,,
old,Noto2024,0210,120,33.88479995727539,86.11520004272461,0.8691907398610264,0.20801688535460272,,
old,Noto2024,0210,160,33.88479995727539,126.11520004272461,0.7545776275807865,0.4699035647533547,,
old,Noto2024,0210,200,33.88479995727539,166.1152000427246,0.7627595453840669,0.3546561133639443,0.7716999235381158,0.3546702753887887
old,Noto2024,0211,30,37.30879592895508,0.0,,0.0,,
old,Noto2024,0211,60,37.30879592895508,22.691204071044922,0.6496493189624112,0.4660871056216802,,
old,Noto2024,0211,90,37.30879592895508,52.69120407104492,0.599860201052142,0.3218294813454774,,
old,Noto2024,0211,120,37.30879592895508,82.69120407104492,0.8546716761891482,0.32401672307482254,,
old,Noto2024,0211,160,37.30879592895508,122.69120407104492,0.7192231092566723,0.46116029294651906,,
old,Noto2024,0211,200,37.30879592895508,162.69120407104492,0.8292227499437588,0.38694363035360624,0.836003958757273,0.38696153513337084
old,Noto2024,0212,30,36.3629035949707,0.0,,0.0,,
old,Noto2024,0212,60,36.3629035949707,23.637096405029297,0.7007126639703419,0.469382707364808,,
old,Noto2024,0212,90,36.3629035949707,53.6370964050293,0.6530105685168155,0.362677486512581,,
old,Noto2024,0212,120,36.3629035949707,83.6370964050293,0.8762525980947192,0.3623299401742628,,
old,Noto2024,0212,160,36.3629035949707,123.6370964050293,0.7127897515770928,0.5685873730156237,,
old,Noto2024,0212,200,36.3629035949707,163.6370964050293,0.8045139769668678,0.6588015569360595,0.8120570558668716,0.6588142120683704
old,Noto2024,0213,30,35.972293853759766,0.0,,0.0,,
old,Noto2024,0213,60,35.972293853759766,24.027706146240234,0.6196846544266642,0.23822796834633664,,
old,Noto2024,0213,90,35.972293853759766,54.027706146240234,0.7309794658502374,0.36740120390498276,,
old,Noto2024,0213,120,35.972293853759766,84.02770614624023,0.8789158273208757,0.4037209168932874,,
old,Noto2024,0213,160,35.972293853759766,124.02770614624023,0.6194433481933368,0.590605628178877,,
old,Noto2024,0213,200,35.972293853759766,164.02770614624023,0.7247684770053192,0.5492865097921564,0.7360413389662279,0.5492974652106133
old,Noto2024,0214,30,40.292762756347656,0.0,,0.0,,
old,Noto2024,0214,60,40.292762756347656,19.707237243652344,0.7100530332193126,0.628067273785514,,
old,Noto2024,0214,90,40.292762756347656,49.707237243652344,0.42298093692569677,0.28237479365530493,,
old,Noto2024,0214,120,40.292762756347656,79.70723724365234,0.7111799845142692,0.3778716539997644,,
old,Noto2024,0214,160,40.292762756347656,119.70723724365234,0.5260128747687282,0.6165194217850258,,
old,Noto2024,0214,200,40.292762756347656,159.70723724365234,0.8031516499997453,0.45168066750292013,0.8123815694438946,0.45169675905365114
old,Noto2024,0215,30,35.361480712890625,0.0,,0.0,,
old,Noto2024,0215,60,35.361480712890625,24.638519287109375,0.6777771190852139,0.19211570565548186,,
old,Noto2024,0215,90,35.361480712890625,54.638519287109375,0.7396645796124264,0.33497513734160833,,
old,Noto2024,0215,120,35.361480712890625,84.63851928710938,0.866078045404867,0.5256734187983669,,
old,Noto2024,0215,160,35.361480712890625,124.63851928710938,0.7423314068948685,0.4661331121418897,,
old,Noto2024,0215,200,35.361480712890625,164.63851928710938,0.8149793278393004,0.4799984923625642,0.8218580362244438,0.48001300080156994
old,Noto2024,0216,30,39.53843688964844,0.0,,0.0,,
old,Noto2024,0216,60,39.53843688964844,20.461563110351562,0.6997148462396238,0.5528303074331946,,
old,Noto2024,0216,90,39.53843688964844,50.46156311035156,0.7349996337756293,0.29983264375491103,,
old,Noto2024,0216,120,39.53843688964844,80.46156311035156,0.8245997267771387,0.2898456900219344,,
old,Noto2024,0216,160,39.53843688964844,120.46156311035156,0.6672976853302107,0.6216485656920261,,
old,Noto2024,0216,200,39.53843688964844,160.46156311035156,0.8545427751616654,0.36711816056903057,0.86077941711021,0.36713643481696323
old,Noto2024,0217,30,32.34564971923828,0.0,,0.0,,
old,Noto2024,0217,60,32.34564971923828,27.65435028076172,0.6671111675519085,0.11045838518133166,,
old,Noto2024,0217,90,32.34564971923828,57.65435028076172,0.8137714055246863,0.329730336677601,,
old,Noto2024,0217,120,32.34564971923828,87.65435028076172,0.8629738087169597,0.3462188734566096,,
old,Noto2024,0217,160,32.34564971923828,127.65435028076172,0.7423865405572396,0.6373908389697567,,
old,Noto2024,0217,200,32.34564971923828,167.65435028076172,0.7701329997908068,0.5788107720374684,0.7785158786896458,0.5788220877828882
old,Noto2024,0218,30,28.844655990600586,1.155344009399414,,1.3103386906001804,,
old,Noto2024,0218,60,28.844655990600586,31.155344009399414,0.7470694940598763,0.17512313141342428,,
old,Noto2024,0218,90,28.844655990600586,61.155344009399414,0.7601232946336403,0.41612915633982084,,
old,Noto2024,0218,120,28.844655990600586,91.15534400939941,0.809267716323887,0.5925516855579636,,
old,Noto2024,0218,160,28.844655990600586,131.1553440093994,0.8161119209557968,0.3130418902126193,,
old,Noto2024,0218,200,28.844655990600586,171.1553440093994,0.7882178265434033,0.3102875547934216,0.7950967939358846,0.3103005664863616
old,Noto2024,0219,30,32.364444732666016,0.0,,0.0,,
old,Noto2024,0219,60,32.364444732666016,27.635555267333984,0.7098687396672863,0.08467902783148684,,
old,Noto2024,0219,90,32.364444732666016,57.635555267333984,0.8131956097995089,0.3873699705906306,,
old,Noto2024,0219,120,32.364444732666016,87.63555526733398,0.8600493662122305,0.48909423816600395,,
old,Noto2024,0219,160,32.364444732666016,127.63555526733398,0.7816290910328865,0.5149350950434313,,
old,Noto2024,0219,200,32.364444732666016,167.63555526733398,0.778787078776609,0.33366135603990443,0.7869640757799328,0.3336754914868889
old,Noto2024,0220,30,24.19963836669922,5.800361633300781,0.4579300504139605,0.15640517062297477,,
old,Noto2024,0220,60,24.19963836669922,35.80036163330078,0.7622928200203885,-0.22425230883804925,,
old,Noto2024,0220,90,24.19963836669922,65.80036163330078,0.7528137136217203,0.5086680160351369,,
old,Noto2024,0220,120,24.19963836669922,95.80036163330078,0.7960793270171959,0.3935513640374877,,
old,Noto2024,0220,160,24.19963836669922,135.80036163330078,0.7715375526481257,0.3921267451527344,,
old,Noto2024,0220,200,24.19963836669922,175.80036163330078,0.7910558296555809,0.36830209799195046,0.7959497348865594,0.36831155147238803
old,Noto2024,0221,30,20.013761520385742,9.986238479614258,0.7532051557700629,-0.023062127383381537,,
old,Noto2024,0221,60,20.013761520385742,39.98623847961426,0.7571044808747918,-0.5084296596779883,,
old,Noto2024,0221,90,20.013761520385742,69.98623847961426,0.6268632960763173,0.7581891526438183,,
old,Noto2024,0221,120,20.013761520385742,99.98623847961426,0.7626131072551611,0.5268424064899682,,
old,Noto2024,0221,160,20.013761520385742,139.98623847961426,0.7283823635280667,0.42596392919634507,,
old,Noto2024,0221,200,20.013761520385742,179.98623847961426,0.7447162624305955,0.540666667425195,0.7501625235278236,0.5406726554031822
old,Noto2024,0222,30,27.65369987487793,2.3463001251220703,,0.8081235596504923,,
old,Noto2024,0222,60,27.65369987487793,32.34630012512207,0.7381792567602179,0.07585341960117642,,
old,Noto2024,0222,90,27.65369987487793,62.34630012512207,0.7363840648159922,0.48864672524356934,,
old,Noto2024,0222,120,27.65369987487793,92.34630012512207,0.7573112106549632,0.6462916941382888,,
old,Noto2024,0222,160,27.65369987487793,132.34630012512207,0.7800876434062657,0.4428400220798281,,
old,Noto2024,0222,200,27.65369987487793,172.34630012512207,0.7922340545383953,0.5455466063716292,0.7982904686542175,0.5455543271690031
old,Noto2024,0223,30,29.39332389831543,0.6066761016845703,,2.086633250117572,,
old,Noto2024,0223,60,29.39332389831543,30.60667610168457,0.5313751984710543,-0.07180869225713327,,
old,Noto2024,0223,90,29.39332389831543,60.60667610168457,0.8440933533310332,0.473419083737487,,
old,Noto2024,0223,120,29.39332389831543,90.60667610168457,0.7408630314609888,0.6777299584172729,,
old,Noto2024,0223,160,29.39332389831543,130.60667610168457,0.8042355755064139,0.37437230610570094,,
old,Noto2024,0223,200,29.39332389831543,170.60667610168457,0.8082979974205706,0.18835781898179516,0.8146972202586081,0.18837499146431913
old,Noto2024,0224,30,36.298458099365234,0.0,,0.0,,
old,Noto2024,0224,60,36.298458099365234,23.701541900634766,0.7199765414324202,0.603652864020991,,
old,Noto2024,0224,90,36.298458099365234,53.701541900634766,0.8226811015127012,0.4020880823859132,,
old,Noto2024,0224,120,36.298458099365234,83.70154190063477,0.7975097426508408,0.6619674371017981,,
old,Noto2024,0224,160,36.298458099365234,123.70154190063477,0.7560669114798062,0.658782450818868,,
old,Noto2024,0224,200,36.298458099365234,163.70154190063477,0.7964494485004375,0.74443079028286,0.8042194928619004,0.7444403650386233
old,Noto2024,0225,30,40.656524658203125,0.0,,0.0,,
old,Noto2024,0225,60,40.656524658203125,19.343475341796875,0.7139715560677183,0.2403456644673243,,
old,Noto2024,0225,90,40.656524658203125,49.343475341796875,0.694518066257206,0.2332187575536251,,
old,Noto2024,0225,120,40.656524658203125,79.34347534179688,0.8299674017737156,0.4610125570221557,,
old,Noto2024,0225,160,40.656524658203125,119.34347534179688,0.5954004653443542,0.7432416604041228,,
old,Noto2024,0225,200,40.656524658203125,159.34347534179688,0.834607706826146,0.653010074740421,0.8418165312517936,0.6530224668967035
old,Noto2024,0226,30,47.408233642578125,0.0,,0.0,,
old,Noto2024,0226,60,47.408233642578125,12.591766357421875,0.792832157611086,0.5119952170498534,,
old,Noto2024,0226,90,47.408233642578125,42.591766357421875,0.6479151951474122,0.04596881706307965,,
old,Noto2024,0226,120,47.408233642578125,72.59176635742188,0.4700789524447879,0.679637980412811,,
old,Noto2024,0226,160,47.408233642578125,112.59176635742188,0.5730414370095984,0.6046649109006266,,
old,Noto2024,0226,200,47.408233642578125,152.59176635742188,0.7859219185258637,0.6053589459040145,0.7983780241755684,0.6053757592556641
old,Noto2024,0227,30,46.57784652709961,0.0,,0.0,,
old,Noto2024,0227,60,46.57784652709961,13.42215347290039,0.7748598899707414,0.7896601125086207,,
old,Noto2024,0227,90,46.57784652709961,43.42215347290039,0.6840866420108521,-0.08790519435552113,,
old,Noto2024,0227,120,46.57784652709961,73.42215347290039,0.5529391269757978,0.7882512899856229,,
old,Noto2024,0227,160,46.57784652709961,113.42215347290039,0.6238231562501936,0.6734766512250365,,
old,Noto2024,0227,200,46.57784652709961,153.4221534729004,0.8358266109695626,0.728288167615136,0.8443860976596688,0.7283073571066838
old,Noto2024,0228,30,37.07001876831055,0.0,,0.0,,
old,Noto2024,0228,60,37.07001876831055,22.929981231689453,0.61581773006587,0.3286322302606761,,
old,Noto2024,0228,90,37.07001876831055,52.92998123168945,0.18047365881790944,-0.22339691189965816,,
old,Noto2024,0228,120,37.07001876831055,82.92998123168945,0.549921755644068,-0.2919592300525027,,
old,Noto2024,0228,160,37.07001876831055,122.92998123168945,0.6927900737831132,0.45089277175595033,,
old,Noto2024,0228,200,37.07001876831055,162.92998123168945,0.7362452757232083,0.34585461703574794,0.7481846880520433,0.3458853968487219
old,Noto2024,0229,30,37.14897537231445,0.0,,0.0,,
old,Noto2024,0229,60,37.14897537231445,22.851024627685547,0.7547738799414611,0.5625233761212769,,
old,Noto2024,0229,90,37.14897537231445,52.85102462768555,0.5832445019575403,0.312016671405253,,
old,Noto2024,0229,120,37.14897537231445,82.85102462768555,0.805453948041991,0.5541526601057738,,
old,Noto2024,0229,160,37.14897537231445,122.85102462768555,0.8048985653809528,0.7677136910975291,,
old,Noto2024,0229,200,37.14897537231445,162.85102462768555,0.8701377938133754,0.6923053480326748,0.8751592249146255,0.6923204971489723
old,Noto2024,0230,30,37.80586242675781,0.0,,0.0,,
old,Noto2024,0230,60,37.80586242675781,22.194137573242188,0.6979532941712994,0.47666138998609586,,
old,Noto2024,0230,90,37.80586242675781,52.19413757324219,0.5374350100301354,0.30377100093678955,,
old,Noto2024,0230,120,37.80586242675781,82.19413757324219,0.8270100440428905,0.5259806849156083,,
old,Noto2024,0230,160,37.80586242675781,122.19413757324219,0.8464022924773315,0.6489031046639431,,
old,Noto2024,0230,200,37.80586242675781,162.1941375732422,0.8660105388884107,0.5798357093893349,0.871473193717931,0.5798591182819441
old,Noto2024,0231,30,25.966590881347656,4.033409118652344,0.1497387269636764,0.2929372290535879,,
old,Noto2024,0231,60,25.966590881347656,34.033409118652344,0.44397947836600465,-0.13691115039502932,,
old,Noto2024,0231,90,25.966590881347656,64.03340911865234,0.41133470167813574,-0.2466265051903962,,
old,Noto2024,0231,120,25.966590881347656,94.03340911865234,0.6626871985611628,0.06796806701917024,,
old,Noto2024,0231,160,25.966590881347656,134.03340911865234,0.6929642377352248,-0.11156122626737641,,
old,Noto2024,0231,200,25.966590881347656,174.03340911865234,0.736343769794763,-0.23375557645303946,0.7442899622908344,-0.2337096600737807
old,Noto2024,0232,30,18.123329162597656,11.876670837402344,0.840732241775846,-0.16022910946269509,,
old,Noto2024,0232,60,18.123329162597656,41.876670837402344,0.5141213388622833,-0.23334121789350792,,
old,Noto2024,0232,90,18.123329162597656,71.87667083740234,0.6627248374538339,-0.19268072544073522,,
old,Noto2024,0232,120,18.123329162597656,101.87667083740234,0.7814163853323055,-0.22054177264063934,,
old,Noto2024,0232,160,18.123329162597656,141.87667083740234,0.7688482036853388,-0.291291397368596,,
old,Noto2024,0232,200,18.123329162597656,181.87667083740234,0.763703228795275,-0.3494958221679427,0.7685811451940422,-0.3494578903027614
old,Noto2024,0233,30,15.666488647460938,14.333511352539062,0.838455952413295,-0.016089306732358644,,
old,Noto2024,0233,60,15.666488647460938,44.33351135253906,0.4784324865474873,-0.41398585706104285,,
old,Noto2024,0233,90,15.666488647460938,74.33351135253906,0.7661209648264431,0.21916274731418905,,
old,Noto2024,0233,120,15.666488647460938,104.33351135253906,0.7746818358852671,-0.2515361051199747,,
old,Noto2024,0233,160,15.666488647460938,144.33351135253906,0.7753595565734345,-0.3232328065045138,,
old,Noto2024,0233,200,15.666488647460938,184.33351135253906,0.7333303556454687,-0.29753869064875715,0.7379252610034891,-0.2974981215722652
old,Noto2024,0235,30,12.148785591125488,17.85121440887451,0.8528393620880209,-0.443902466321215,,
old,Noto2024,0235,60,12.148785591125488,47.85121440887451,0.5822629654523817,-0.6701731666463928,,
old,Noto2024,0235,90,12.148785591125488,77.85121440887451,0.8108908752861974,0.4071143627688629,,
old,Noto2024,0235,120,12.148785591125488,107.85121440887451,0.8731797164301303,0.20023109852294851,,
old,Noto2024,0235,160,12.148785591125488,147.8512144088745,0.7975052411094129,0.27895254800878444,,
old,Noto2024,0235,200,12.148785591125488,187.8512144088745,0.7598379332523197,0.3351501208289065,0.7627504841588938,0.335155414849595
old,Noto2024,0236,30,24.81159782409668,5.18840217590332,0.45752709668177777,0.32156799248073575,,
old,Noto2024,0236,60,24.81159782409668,35.18840217590332,0.6277022914150189,-0.07894105032355014,,
old,Noto2024,0236,90,24.81159782409668,65.18840217590332,0.8410250010891138,0.3356886119576856,,
old,Noto2024,0236,120,24.81159782409668,95.18840217590332,0.8330629720170184,0.3986303526071451,,
old,Noto2024,0236,160,24.81159782409668,135.18840217590332,0.7261356691857547,0.11371053718222157,,
old,Noto2024,0236,200,24.81159782409668,175.18840217590332,0.768906182056431,0.27673453091703504,0.7754828609574347,0.2767511282767998
old,Noto2024,0237,30,17.080772399902344,12.919227600097656,0.844023393131059,-0.12069724268708626,,
old,Noto2024,0237,60,17.080772399902344,42.919227600097656,0.3478385505306155,-0.6016006443923816,,
old,Noto2024,0237,90,17.080772399902344,72.91922760009766,0.7229939252302187,0.529485369248099,,
old,Noto2024,0237,120,17.080772399902344,102.91922760009766,0.8541903558087035,0.2519112959209595,,
old,Noto2024,0237,160,17.080772399902344,142.91922760009766,0.8159038660594226,0.2539888597888975,,
old,Noto2024,0237,200,17.080772399902344,182.91922760009766,0.7855768950929376,0.34748353220160766,0.7892717535486898,0.3474922931814417
old,Noto2024,0238,30,20.14466094970703,9.855339050292969,0.7637992607973437,0.11945180329649219,,
old,Noto2024,0238,60,20.14466094970703,39.85533905029297,0.6212629827167996,-0.25807786582695513,,
old,Noto2024,0238,90,20.14466094970703,69.85533905029297,0.849222138194085,0.35498989273980897,,
old,Noto2024,0238,120,20.14466094970703,99.85533905029297,0.8105611304194013,0.09704527631869997,,
old,Noto2024,0238,160,20.14466094970703,139.85533905029297,0.7874788927816082,0.1822030033808728,,
old,Noto2024,0238,200,20.14466094970703,179.85533905029297,0.7931086887445159,0.22095645600599045,0.7971309039171004,0.220966653146057
old,Noto2024,0239,30,19.34555435180664,10.65444564819336,0.7991325774954676,-0.15199507290627956,,
old,Noto2024,0239,60,19.34555435180664,40.65444564819336,0.6215576358786743,-0.20286035363500332,,
old,Noto2024,0239,90,19.34555435180664,70.65444564819336,0.7291069384828307,0.5316248901541245,,
old,Noto2024,0239,120,19.34555435180664,100.65444564819336,0.812111634732758,0.24450092050481942,,
old,Noto2024,0239,160,19.34555435180664,140.65444564819336,0.7585492742556377,0.25965076763999395,,
old,Noto2024,0239,200,19.34555435180664,180.65444564819336,0.7415404569016606,0.3374091280080762,0.7465412896881878,0.33741627976855426
old,Noto2024,0240,30,17.22736358642578,12.772636413574219,0.8427206755950943,-0.1743357175773852,,
old,Noto2024,0240,60,17.22736358642578,42.77263641357422,0.6467392969554295,-0.4450778377698894,,
old,Noto2024,0240,90,17.22736358642578,72.77263641357422,0.5454469132771078,0.6857651177186943,,
old,Noto2024,0240,120,17.22736358642578,102.77263641357422,0.8026808586273707,0.43809677703993355,,
old,Noto2024,0240,160,17.22736358642578,142.77263641357422,0.7402705510704952,0.40085785654724315,,
old,Noto2024,0240,200,17.22736358642578,182.77263641357422,0.7500117385764719,0.4908060133875125,0.7543742190082239,0.49081140118335753
old,Noto2024,0241,30,12.508418083190918,17.491581916809082,0.8438859831935663,-0.5261940754853871,,
old,Noto2024,0241,60,12.508418083190918,47.49158191680908,0.7062261063256272,-0.28933037078462576,,
old,Noto2024,0241,90,12.508418083190918,77.49158191680908,0.5556164816321003,0.7504960714046467,,
old,Noto2024,0241,120,12.508418083190918,107.49158191680908,0.8632187738692009,0.5312527365697397,,
old,Noto2024,0241,160,12.508418083190918,147.49158191680908,0.6675215776192353,0.5521367142538827,,
old,Noto2024,0241,200,12.508418083190918,187.49158191680908,0.7183881471548067,0.6074114197102345,0.7221418158420393,0.6074145058706923
old,Noto2024,0242,30,19.2127685546875,10.7872314453125,0.7889833199828128,-0.14684842579946622,,
old,Noto2024,0242,60,19.2127685546875,40.7872314453125,0.6628645406212295,-0.2658003493937331,,
old,Noto2024,0242,90,19.2127685546875,70.7872314453125,0.6020926590540218,0.6711032489647613,,
old,Noto2024,0242,120,19.2127685546875,100.7872314453125,0.7699528783950634,0.41473562619277704,,
old,Noto2024,0242,160,19.2127685546875,140.7872314453125,0.6890439396959068,0.40182989292658267,,
old,Noto2024,0242,200,19.2127685546875,180.7872314453125,0.7222477497891807,0.49827502512674027,0.7280263953757453,0.49828092529955814
old,Noto2024,0243,30,10.460344314575195,19.539655685424805,0.8122885526273402,-0.6102633398063091,,
old,Noto2024,0243,60,10.460344314575195,49.539655685424805,0.6522006284795269,0.09738767644699653,,
old,Noto2024,0243,90,10.460344314575195,79.5396556854248,0.6522104766465523,0.7098038256339327,,
old,Noto2024,0243,120,10.460344314575195,109.5396556854248,0.8714654603212993,0.5309404104856883,,
old,Noto2024,0243,160,10.460344314575195,149.5396556854248,0.6363499504760882,0.573645350216359,,
old,Noto2024,0243,200,10.460344314575195,189.5396556854248,0.7140014398542994,0.624850425024353,0.7172144552270042,0.6248529677203534
old,Noto2024,0244,30,16.118589401245117,13.881410598754883,0.8452197543764669,-0.22672563409931712,,
old,Noto2024,0244,60,16.118589401245117,43.88141059875488,0.6979620525435322,-0.5058497863133269,,
old,Noto2024,0244,90,16.118589401245117,73.88141059875488,0.4719000625943421,0.7480204893999867,,
old,Noto2024,0244,120,16.118589401245117,103.88141059875488,0.8086581201774684,0.46406187317233805,,
old,Noto2024,0244,160,16.118589401245117,143.88141059875488,0.694822915153777,0.4791009714730805,,
old,Noto2024,0244,200,16.118589401245117,183.88141059875488,0.7251338369101197,0.5648448188940991,0.7299504204239613,0.5648493901031477
old,Noto2024,0246,30,18.876625061035156,11.123374938964844,0.835284150666438,0.09708930216129819,,
old,Noto2024,0246,60,18.876625061035156,41.123374938964844,0.7680297208091451,-0.39736581984756913,,
old,Noto2024,0246,90,18.876625061035156,71.12337493896484,0.7220621292213041,0.6913032039679168,,
old,Noto2024,0246,120,18.876625061035156,101.12337493896484,0.7851471436948815,0.42183428828311254,,
old,Noto2024,0246,160,18.876625061035156,141.12337493896484,0.7660642542290261,0.36563598137731645,,
old,Noto2024,0246,200,18.876625061035156,181.12337493896484,0.7626195287910448,0.4581657165164019,0.7668446521382398,0.45817226401962063
old,Noto2024,0247,30,13.687883377075195,16.312116622924805,0.815408589485935,-0.3644470744531976,,
old,Noto2024,0247,60,13.687883377075195,46.312116622924805,0.6791549496202228,0.029614940645707577,,
old,Noto2024,0247,90,13.687883377075195,76.3121166229248,0.5371256468850224,0.7589390448486162,,
old,Noto2024,0247,120,13.687883377075195,106.3121166229248,0.8512757345478296,0.5410779773329351,,
old,Noto2024,0247,160,13.687883377075195,146.3121166229248,0.6832056076298307,0.5651776371460207,,
old,Noto2024,0247,200,13.687883377075195,186.3121166229248,0.7349948233614272,0.628608063352428,0.7387074063673018,0.6286115196643065
old,Noto2024,0248,30,11.059189796447754,18.940810203552246,0.8424753885310988,-0.6184753367973572,,
old,Noto2024,0248,60,11.059189796447754,48.940810203552246,0.6364875937636328,-0.22692923034575152,,
old,Noto2024,0248,90,11.059189796447754,78.94081020355225,0.8906753299413507,0.008979296721373764,,
old,Noto2024,0248,120,11.059189796447754,108.94081020355225,0.7906472933898894,-0.15233656558440334,,
old,Noto2024,0248,160,11.059189796447754,148.94081020355225,0.6726529570189191,-0.039631029558155895,,
old,Noto2024,0248,200,11.059189796447754,188.94081020355225,0.6751702651279592,-0.08630378879910428,0.6791015330348036,-0.08629849097040232
old,Noto2024,0250,30,13.029672622680664,16.970327377319336,0.8468043884884536,-0.42299390769907497,,
old,Noto2024,0250,60,13.029672622680664,46.970327377319336,0.6696504063907515,0.08625729953139949,,
old,Noto2024,0250,90,13.029672622680664,76.97032737731934,0.7466419770404815,0.4317623271002562,,
old,Noto2024,0250,120,13.029672622680664,106.97032737731934,0.8440644289053685,0.17646614382297354,,
old,Noto2024,0250,160,13.029672622680664,146.97032737731934,0.6799852313183764,0.3035334549039588,,
old,Noto2024,0250,200,13.029672622680664,186.97032737731934,0.7212226556388641,0.42034173631463556,0.7250086455324951,0.42034632045262743
old,Noto2024,0251,30,15.862573623657227,14.137426376342773,0.8045700548220766,-0.1402247122990845,,
old,Noto2024,0251,60,15.862573623657227,44.13742637634277,0.6447746520947719,-0.2849017670326166,,
old,Noto2024,0251,90,15.862573623657227,74.13742637634277,0.864762005138619,-0.17678763964478872,,
old,Noto2024,0251,120,15.862573623657227,104.13742637634277,0.7422877278193536,-0.09236861481419112,,
old,Noto2024,0251,160,15.862573623657227,144.13742637634277,0.8109507121166033,-0.39906141037191656,,
old,Noto2024,0251,200,15.862573623657227,184.13742637634277,0.7432595000213549,-0.3565470101117425,0.7474194056797252,-0.3565232121179749
old,Noto2024,0253,30,1.409045934677124,28.590954065322876,0.8477806464173699,-0.901917316869989,,
old,Noto2024,0253,60,1.409045934677124,58.590954065322876,0.38650892594626224,-0.614506951646038,,
old,Noto2024,0253,90,1.409045934677124,88.59095406532288,0.7558029764659829,-0.5031111922508584,,
old,Noto2024,0253,120,1.409045934677124,118.59095406532288,0.3670884485404641,-0.22274007233657045,,
old,Noto2024,0253,160,1.409045934677124,158.59095406532288,0.14413942867150467,-0.07811104647777967,,
old,Noto2024,0253,200,1.409045934677124,198.59095406532288,0.05489544931399132,0.018410010466939575,0.05548501970162791,0.01843936648044764
old,Noto2024,0255,30,18.374183654785156,11.625816345214844,0.8391696007331545,0.011611517270708305,,
old,Noto2024,0255,60,18.374183654785156,41.625816345214844,0.44956898057163464,-0.347598295597467,,
old,Noto2024,0255,90,18.374183654785156,71.62581634521484,0.7284290057676633,-0.02952349185048586,,
old,Noto2024,0255,120,18.374183654785156,101.62581634521484,0.8645520844488336,-0.29450039185452237,,
old,Noto2024,0255,160,18.374183654785156,141.62581634521484,0.7130763435553574,-0.2943030569480385,,
old,Noto2024,0255,200,18.374183654785156,181.62581634521484,0.5252875218987771,-0.25084116597930706,0.5343867040708034,-0.25075707994953245
old,Noto2024,0256,30,20.0152587890625,9.9847412109375,0.7531778039430922,0.1761173231999109,,
old,Noto2024,0256,60,20.0152587890625,39.9847412109375,0.7233607176821606,-0.23148796696926688,,
old,Noto2024,0256,90,20.0152587890625,69.9847412109375,0.8246146239922317,-0.25690008080502746,,
old,Noto2024,0256,120,20.0152587890625,99.9847412109375,0.7980751373900928,-0.17108545870247838,,
old,Noto2024,0256,160,20.0152587890625,139.9847412109375,0.801242478523312,-0.38131978925000976,,
old,Noto2024,0256,200,20.0152587890625,179.9847412109375,0.7038971303216863,-0.27578896107951056,0.7111001918962275,-0.2757367792872971
old,Noto2024,0257,30,22.008024215698242,7.991975784301758,0.8113442468767408,0.27273358970217476,,
old,Noto2024,0257,60,22.008024215698242,37.99197578430176,0.6287765960251617,-0.1495222539643235,,
old,Noto2024,0257,90,22.008024215698242,67.99197578430176,0.8041911173974705,0.0035372875030716955,,
old,Noto2024,0257,120,22.008024215698242,97.99197578430176,0.810372357699027,-0.14577286509408793,,
old,Noto2024,0257,160,22.008024215698242,137.99197578430176,0.7518676824626113,-0.18866904330306244,,
old,Noto2024,0257,200,22.008024215698242,177.99197578430176,0.5650369665544274,-0.27595526942705106,0.5763281320788702,-0.27585500833281174
old,Noto2024,0258,30,22.909671783447266,7.090328216552734,0.8120185503779855,0.3364086535584434,,
old,Noto2024,0258,60,22.909671783447266,37.090328216552734,0.7232637880541738,-0.056076413551768844,,
old,Noto2024,0258,90,22.909671783447266,67.09032821655273,0.7599999051923587,-0.021458442352383145,,
old,Noto2024,0258,120,22.909671783447266,97.09032821655273,0.7561366739489959,-0.08544163833945095,,
old,Noto2024,0258,160,22.909671783447266,137.09032821655273,0.7920938539861541,-0.387552526242267,,
old,Noto2024,0258,200,22.909671783447266,177.09032821655273,0.691277874207406,-0.32167345899351574,0.699623946057549,-0.32158775419995766
old,Noto2024,0259,30,26.13633918762207,3.8636608123779297,,0.4265631191764854,,
old,Noto2024,0259,60,26.13633918762207,33.86366081237793,0.6968185368192285,-0.057808085430787415,,
old,Noto2024,0259,90,26.13633918762207,63.86366081237793,0.7876739740383394,-0.12834835282650925,,
old,Noto2024,0259,120,26.13633918762207,93.86366081237793,0.7850020141767434,-0.23306355581814397,,
old,Noto2024,0259,160,26.13633918762207,133.86366081237793,0.8024727388362396,-0.30394237193992524,,
old,Noto2024,0259,200,26.13633918762207,173.86366081237793,0.6504151142812894,-0.19311132454021607,0.6616476451174219,-0.19301224047926535
old,Noto2024,0263,30,25.88616943359375,4.11383056640625,0.14722169076341157,0.47921609388280473,,
old,Noto2024,0263,60,25.88616943359375,34.11383056640625,0.5633954867836333,-0.06069527632711669,,
old,Noto2024,0263,90,25.88616943359375,64.11383056640625,0.7920614138154571,0.3735514682040515,,
old,Noto2024,0263,120,25.88616943359375,94.11383056640625,0.7011108463042618,0.3642539898050927,,
old,Noto2024,0263,160,25.88616943359375,134.11383056640625,0.8097703904799726,-0.17703531444157505,,
old,Noto2024,0263,200,25.88616943359375,174.11383056640625,0.7577356532023821,-0.09987048525528763,0.7650347752247141,-0.09984039744928008
old,Noto2024,0264,30,29.372156143188477,0.6278438568115234,,2.114515113804879,,
old,Noto2024,0264,60,29.372156143188477,30.627843856811523,0.7122715321477644,0.10005598650337078,,
old,Noto2024,0264,90,29.372156143188477,60.62784385681152,0.7627522851957522,0.40339546199537324,,
old,Noto2024,0264,120,29.372156143188477,90.62784385681152,0.7521848026706799,0.5625669678893912,,
old,Noto2024,0264,160,29.372156143188477,130.62784385681152,0.8141801089906372,0.3393668835569814,,
old,Noto2024,0264,200,29.372156143188477,170.62784385681152,0.8005610220729258,0.17224770572651682,0.8073197103579279,0.17226732421039959
old,Noto2024,0265,30,16.329036712646484,13.670963287353516,0.8237579202797514,-0.2587353105098016,,
old,Noto2024,0265,60,16.329036712646484,43.670963287353516,0.678554564147738,-0.22836535028996696,,
old,Noto2024,0265,90,16.329036712646484,73.67096328735352,0.5500895951319408,0.8259332328145659,,
old,Noto2024,0265,120,16.329036712646484,103.67096328735352,0.813566429300187,0.5564411031024425,,
old,Noto2024,0265,160,16.329036712646484,143.67096328735352,0.7512311077553834,0.560488946146461,,
old,Noto2024,0265,200,16.329036712646484,183.67096328735352,0.7649713798706547,0.6388067015442447,0.7688113060145967,0.6388112214282549
old,Noto2024,0266,30,12.998263359069824,17.001736640930176,0.839737418996793,-0.5259229003728212,,
old,Noto2024,0266,60,12.998263359069824,47.001736640930176,0.635512120013129,0.22564212171406695,,
old,Noto2024,0266,90,12.998263359069824,77.00173664093018,0.61238035095786,0.6957344900137388,,
old,Noto2024,0266,120,12.998263359069824,107.00173664093018,0.8605941771069848,0.4580406539856554,,
old,Noto2024,0266,160,12.998263359069824,147.00173664093018,0.6568797807105987,0.5196549404288193,,
old,Noto2024,0266,200,12.998263359069824,187.00173664093018,0.7192220870158597,0.5904520271672089,0.7229178936270576,0.5904553802878114
old,Noto2024,0267,30,16.02725601196289,13.97274398803711,0.82717334483787,-0.14202021370398654,,
old,Noto2024,0267,60,16.02725601196289,43.97274398803711,0.7195198058894808,-0.06432951875000992,,
old,Noto2024,0267,90,16.02725601196289,73.97274398803711,0.5518962357707801,0.7961252905558966,,
old,Noto2024,0267,120,16.02725601196289,103.97274398803711,0.7961449752522519,0.5310463370153,,
old,Noto2024,0267,160,16.02725601196289,143.9727439880371,0.7107960238292886,0.5547353501446635,,
old,Noto2024,0267,200,16.02725601196289,183.9727439880371,0.7332810329528694,0.6345735578889657,0.737836116180634,0.6345777424910439
old,Noto2024,0268,30,19.575246810913086,10.424753189086914,0.789260730719543,0.05517533672468744,,
old,Noto2024,0268,60,19.575246810913086,40.424753189086914,0.6584090208966099,-0.2630658424343366,,
old,Noto2024,0268,90,19.575246810913086,70.42475318908691,0.7086280303018314,0.7278783760659442,,
old,Noto2024,0268,120,19.575246810913086,100.42475318908691,0.7662571500694393,0.5164378280339674,,
old,Noto2024,0268,160,19.575246810913086,140.4247531890869,0.756241029207919,0.5091388615445238,,
old,Noto2024,0268,200,19.575246810913086,180.4247531890869,0.7501919690531565,0.5654647308696168,0.7549185205959182,0.5654700701401696
old,Noto2024,0269,30,22.31069564819336,7.689304351806641,0.8120863854625864,0.1947005118241183,,
old,Noto2024,0269,60,22.31069564819336,37.68930435180664,0.6446719428283358,-0.20382057176199897,,
old,Noto2024,0269,90,22.31069564819336,67.68930435180664,0.7493355968976959,0.6516707030067961,,
old,Noto2024,0269,120,22.31069564819336,97.68930435180664,0.7830851699656398,0.47640564497205684,,
old,Noto2024,0269,160,22.31069564819336,137.68930435180664,0.7929531467000707,0.2091318523147665,,
old,Noto2024,0269,200,22.31069564819336,177.68930435180664,0.7821082214139414,0.15559523048147383,0.7871563440273549,0.1556075437620903
old,Noto2024,0270,30,17.956220626831055,12.043779373168945,0.8425919995928042,-0.007235841182127167,,
old,Noto2024,0270,60,17.956220626831055,42.043779373168945,0.6814575046635954,-0.20405766247478585,,
old,Noto2024,0270,90,17.956220626831055,72.04377937316895,0.6575174549939884,0.7227655879664381,,
old,Noto2024,0270,120,17.956220626831055,102.04377937316895,0.7762633641329001,0.43833807895078536,,
old,Noto2024,0270,160,17.956220626831055,142.04377937316895,0.7158994788224811,0.49153871133500626,,
old,Noto2024,0270,200,17.956220626831055,182.04377937316895,0.7221971590244332,0.5963760272887972,0.7272148693656728,0.5963808987780679
old,Noto2024,0271,30,20.990610122680664,9.009389877319336,0.749820636145176,0.011928330853431923,,
old,Noto2024,0271,60,20.990610122680664,39.009389877319336,0.7643876370110128,0.03639172745842956,,
old,Noto2024,0271,90,20.990610122680664,69.00938987731934,0.7058764635672854,0.6652042520367774,,
old,Noto2024,0271,120,20.990610122680664,99.00938987731934,0.7567192636944202,0.457712811196596,,
old,Noto2024,0271,160,20.990610122680664,139.00938987731934,0.7195895022730074,0.40037373232161144,,
old,Noto2024,0271,200,20.990610122680664,179.00938987731934,0.7212050997613808,0.5292707611306229,0.7272412795109726,0.5292767381924266
old,Noto2024,0272,30,23.40497398376465,6.595026016235352,0.7359579107879175,0.2627293393834096,,
old,Noto2024,0272,60,23.40497398376465,36.59502601623535,0.699979230754827,0.03893663319520435,,
old,Noto2024,0272,90,23.40497398376465,66.59502601623535,0.7365752447821358,0.5649428898927882,,
old,Noto2024,0272,120,23.40497398376465,96.59502601623535,0.7427066547194886,0.42270565099185387,,
old,Noto2024,0272,160,23.40497398376465,136.59502601623535,0.7954304317825567,0.08118391467693176,,
old,Noto2024,0272,200,23.40497398376465,176.59502601623535,0.7696903010431639,0.12235455869448675,0.7752683623808152,0.12236757415246302
old,Noto2024,0273,30,20.914159774780273,9.085840225219727,0.7475854574761766,0.05888096764351314,,
old,Noto2024,0273,60,20.914159774780273,39.08584022521973,0.7050465449387525,-0.11130973080831286,,
old,Noto2024,0273,90,20.914159774780273,69.08584022521973,0.7918319703489182,0.5706159552174617,,
old,Noto2024,0273,120,20.914159774780273,99.08584022521973,0.7599567691438196,0.339960929773909,,
old,Noto2024,0273,160,20.914159774780273,139.08584022521973,0.7807040821235359,0.14269962399137892,,
old,Noto2024,0273,200,20.914159774780273,179.08584022521973,0.7488230744009089,0.24558467848788457,0.7539084396100354,0.24559310863845507
old,Noto2024,0274,30,24.528230667114258,5.471769332885742,0.4573032799486337,0.3560765319562451,,
old,Noto2024,0274,60,24.528230667114258,35.47176933288574,0.5163462871213829,-0.048703197599846426,,
old,Noto2024,0274,90,24.528230667114258,65.47176933288574,0.8217392894973815,0.2328770794231021,,
old,Noto2024,0274,120,24.528230667114258,95.47176933288574,0.6918324701701621,0.16380894926947054,,
old,Noto2024,0274,160,24.528230667114258,135.47176933288574,0.8421549772876908,-0.35876385040779724,,
old,Noto2024,0274,200,24.528230667114258,175.47176933288574,0.744202189889625,-0.41606027586920646,0.7516335973521641,-0.4159910332943939
old,Noto2024,0275,30,28.601194381713867,1.3988056182861328,,1.1528929599591011,,
old,Noto2024,0275,60,28.601194381713867,31.398805618286133,0.6786897841997639,0.33380084749775385,,
old,Noto2024,0275,90,28.601194381713867,61.39880561828613,0.8107948335171298,0.17390891583180945,,
old,Noto2024,0275,120,28.601194381713867,91.39880561828613,0.710962865695469,0.40859553928102077,,
old,Noto2024,0275,160,28.601194381713867,131.39880561828613,0.8197108987198451,0.14400173611659284,,
old,Noto2024,0275,200,28.601194381713867,171.39880561828613,0.7985896630062747,0.17453266902404874,0.8049532472338992,0.1745480443389411
old,Noto2024,0276,30,28.41927146911621,1.580728530883789,,1.121797203766917,,
old,Noto2024,0276,60,28.41927146911621,31.58072853088379,0.5876520753980364,0.23852417645944257,,
old,Noto2024,0276,90,28.41927146911621,61.58072853088379,0.7786435049161211,-0.26462997725023474,,
old,Noto2024,0276,120,28.41927146911621,91.58072853088379,0.7373675085188123,0.15280768765696262,,
old,Noto2024,0276,160,28.41927146911621,131.5807285308838,0.8101947413803497,-0.1565144041455966,,
old,Noto2024,0276,200,28.41927146911621,171.5807285308838,0.6659721574093372,-0.14683266093166036,0.6773927576346871,-0.14670965220114596
old,Noto2024,0277,30,31.496803283691406,0.0,,0.0,,
old,Noto2024,0277,60,31.496803283691406,28.503196716308594,0.6742765486519247,0.33708613816044863,,
old,Noto2024,0277,90,31.496803283691406,58.503196716308594,0.7407307273638284,0.11993886839454859,,
old,Noto2024,0277,120,31.496803283691406,88.5031967163086,0.6793936192549526,0.4950643809738251,,
old,Noto2024,0277,160,31.496803283691406,128.5031967163086,0.8108385264385701,0.19769736624389367,,
old,Noto2024,0277,200,31.496803283691406,168.5031967163086,0.8250992026649512,0.2028450374228301,0.8312251219862575,0.2028655659563654
old,Noto2024,0278,30,31.800697326660156,0.0,,0.0,,
old,Noto2024,0278,60,31.800697326660156,28.199302673339844,0.5319011480226349,0.26756415182348103,,
old,Noto2024,0278,90,31.800697326660156,58.199302673339844,0.7605717808271074,-0.07703913140509133,,
old,Noto2024,0278,120,31.800697326660156,88.19930267333984,0.7496132535336446,0.16867292460199668,,
old,Noto2024,0278,160,31.800697326660156,128.19930267333984,0.8037073041997844,-0.06250104062032147,,
old,Noto2024,0278,200,31.800697326660156,168.19930267333984,0.7880879099866722,0.027355527175177308,0.7960367023214194,0.02741419206941753
old,Noto2024,0279,30,16.357528686523438,13.642471313476562,0.8311283674308861,-0.2887710602870852,,
old,Noto2024,0279,60,16.357528686523438,43.64247131347656,0.6815540502416024,-0.09292544618030973,,
old,Noto2024,0279,90,16.357528686523438,73.64247131347656,0.8610294445358357,0.07028936000688457,,
old,Noto2024,0279,120,16.357528686523438,103.64247131347656,0.8186725376549191,-0.0771136829310306,,
old,Noto2024,0279,160,16.357528686523438,143.64247131347656,0.764960352253866,-0.18552246598375888,,
old,Noto2024,0279,200,16.357528686523438,183.64247131347656,0.7163748627922872,-0.08384723802083016,0.7211273651506911,-0.08383446118940885
old,Noto2024,0280,30,20.855112075805664,9.144887924194336,0.7497475603720553,0.01571199230294873,,
old,Noto2024,0280,60,20.855112075805664,39.144887924194336,0.5957306364523433,-0.143172381538764,,
old,Noto2024,0280,90,20.855112075805664,69.14488792419434,0.7563029176552157,-0.4597101709007374,,
old,Noto2024,0280,120,20.855112075805664,99.14488792419434,0.7639793218356614,0.05071789706360619,,
old,Noto2024,0280,160,20.855112075805664,139.14488792419434,0.745707391044937,-0.5103141173672086,,
old,Noto2024,0280,200,20.855112075805664,179.14488792419434,0.5950505390970373,-0.3812051084539121,0.6047881342112238,-0.3810081299440027
old,Noto2024,0281,30,21.59101104736328,8.408988952636719,0.7706183099083491,0.1446463375105198,,
old,Noto2024,0281,60,21.59101104736328,38.40898895263672,0.7214768797544985,0.039916581623055336,,
old,Noto2024,0281,90,21.59101104736328,68.40898895263672,0.8910524128810172,0.35977192419286297,,
old,Noto2024,0281,120,21.59101104736328,98.40898895263672,0.7697105841965118,0.27127281872756726,,
old,Noto2024,0281,160,21.59101104736328,138.40898895263672,0.7715983770633508,-0.3864559324656627,,
old,Noto2024,0281,200,21.59101104736328,178.40898895263672,0.7107542319457324,-0.22426654275348312,0.7179591076270153,-0.22424210941078382
old,Noto2024,0284,30,25.887592315673828,4.112407684326172,0.1484337842204999,0.6206263500316638,,
old,Noto2024,0284,60,25.887592315673828,34.11240768432617,0.5838654407420905,-0.09228113831649587,,
old,Noto2024,0284,90,25.887592315673828,64.11240768432617,0.8373079148455354,0.0632103566964135,,
old,Noto2024,0284,120,25.887592315673828,94.11240768432617,0.7947834824571677,-0.17680911417449874,,
old,Noto2024,0284,160,25.887592315673828,134.11240768432617,0.7053373587781776,-0.530002727781631,,
old,Noto2024,0284,200,25.887592315673828,174.11240768432617,0.5405181470388146,-0.3730633468284452,0.5539950186303862,-0.3728803801222753
old,Noto2024,0287,30,26.484689712524414,3.515310287475586,,0.544627772086538,,
old,Noto2024,0287,60,26.484689712524414,33.515310287475586,0.6872392437819071,0.246471082471321,,
old,Noto2024,0287,90,26.484689712524414,63.515310287475586,0.8578302201263186,-0.1665319328909094,,
old,Noto2024,0287,120,26.484689712524414,93.51531028747559,0.7644213638859852,-0.07887317924538184,,
old,Noto2024,0287,160,26.484689712524414,133.5153102874756,0.7679779979809777,-0.544575178965033,,
old,Noto2024,0287,200,26.484689712524414,173.5153102874756,0.6323069718656986,-0.4209067403497242,0.6443350624132298,-0.4207358134995687
old,Noto2024,0292,30,29.958118438720703,0.041881561279296875,,1.5257997625393074,,
old,Noto2024,0292,60,29.958118438720703,30.041881561279297,0.5759230079985385,0.239005936626846,,
old,Noto2024,0292,90,29.958118438720703,60.0418815612793,0.8540220645985858,-0.2175527624499054,,
old,Noto2024,0292,120,29.958118438720703,90.0418815612793,0.711123236562276,0.06495368182776406,,
old,Noto2024,0292,160,29.958118438720703,130.0418815612793,0.7775762775401113,-0.15533697724419682,,
old,Noto2024,0292,200,29.958118438720703,170.0418815612793,0.7203146063870606,-0.36814756988610764,0.7305737022485375,-0.3680582653233744
old,Noto2024,0293,30,31.42337989807129,0.0,,0.0,,
old,Noto2024,0293,60,31.42337989807129,28.57662010192871,0.6288724246811219,0.29432717430065747,,
old,Noto2024,0293,90,31.42337989807129,58.57662010192871,0.8779587504029148,-0.08839960930594959,,
old,Noto2024,0293,120,31.42337989807129,88.57662010192871,0.8036817464092794,0.07017641323828361,,
old,Noto2024,0293,160,31.42337989807129,128.5766201019287,0.8067871763011331,-0.2540180523734108,,
old,Noto2024,0293,200,31.42337989807129,168.5766201019287,0.6770948797877834,-0.11724962663915495,0.6897126224862851,-0.11702030886756187
old,Noto2024,0295,30,35.552978515625,0.0,,0.0,,
old,Noto2024,0295,60,35.552978515625,24.447021484375,0.7909174359731242,0.5997135978195232,,
old,Noto2024,0295,90,35.552978515625,54.447021484375,0.8888242955195027,0.3982597347820702,,
old,Noto2024,0295,120,35.552978515625,84.447021484375,0.8446055743317038,0.2371262962884444,,
old,Noto2024,0295,160,35.552978515625,124.447021484375,0.8115318564149518,0.32723024598110584,,
old,Noto2024,0295,200,35.552978515625,164.447021484375,0.8068489972186513,0.5042024169609549,0.8143704214639432,0.5042384682785697
old,Noto2024,0296,30,37.98939895629883,0.0,,0.0,,
old,Noto2024,0296,60,37.98939895629883,22.010601043701172,0.6151400135481399,0.3860041647982442,,
old,Noto2024,0296,90,37.98939895629883,52.01060104370117,0.6342901306341812,0.3558068756829984,,
old,Noto2024,0296,120,37.98939895629883,82.01060104370117,0.7986713553710926,0.5941575839083262,,
old,Noto2024,0296,160,37.98939895629883,122.01060104370117,0.738500035800544,0.6719327015479424,,
old,Noto2024,0296,200,37.98939895629883,162.01060104370117,0.8395112502884403,0.48887952517835487,0.8457079223230305,0.48890725287008774
old,Noto2024,0297,30,41.45286178588867,0.0,,0.0,,
old,Noto2024,0297,60,41.45286178588867,18.547138214111328,0.712141822448875,0.8212848966983657,,
old,Noto2024,0297,90,41.45286178588867,48.54713821411133,0.6981274288937331,0.24915878093964494,,
old,Noto2024,0297,120,41.45286178588867,78.54713821411133,0.8007905967744058,0.36944961223824446,,
old,Noto2024,0297,160,41.45286178588867,118.54713821411133,0.8394355653849984,0.17669287156382296,,
old,Noto2024,0297,200,41.45286178588867,158.54713821411133,0.7501364489700066,0.09747905877449892,0.7636204507175725,0.09767050500479701
old,Noto2024,0309,30,36.989112854003906,0.0,,0.0,,
old,Noto2024,0309,60,36.989112854003906,23.010887145996094,0.6174140112515407,0.4631273832122673,,
old,Noto2024,0309,90,36.989112854003906,53.010887145996094,0.5919316288059756,0.10624925864137946,,
old,Noto2024,0309,120,36.989112854003906,83.0108871459961,0.8371212778986747,-0.12879793343447687,,
old,Noto2024,0309,160,36.989112854003906,123.0108871459961,0.846329688127701,-0.025942560817429516,,
old,Noto2024,0309,200,36.989112854003906,163.0108871459961,0.7784560102221484,-0.08073544989123604,0.7885276697183425,-0.08063152652812011
old,Noto2024,0351,30,44.35023498535156,0.0,,0.0,,
old,Noto2024,0351,60,44.35023498535156,15.649765014648438,0.6536451574124171,0.3937089538816938,,
old,Noto2024,0351,90,44.35023498535156,45.64976501464844,0.5345549929725801,-0.10696035451303754,,
old,Noto2024,0351,120,44.35023498535156,75.64976501464844,0.7195591601094671,0.09955633506446304,,
old,Noto2024,0351,160,44.35023498535156,115.64976501464844,0.7160398882548011,-0.26076826341309545,,
old,Noto2024,0351,200,44.35023498535156,155.64976501464844,0.596415115230422,-0.22981046308559172,0.6206520629923032,-0.2293636367864904
old,Noto2024,0383,30,52.16269302368164,0.0,,0.0,,
old,Noto2024,0383,60,52.16269302368164,7.837306976318359,0.8171036674276337,0.5785786112538389,,
old,Noto2024,0383,90,52.16269302368164,37.83730697631836,0.7948575757465663,0.09855130992613947,,
old,Noto2024,0383,120,52.16269302368164,67.83730697631836,0.8523886705609705,0.08147683746553724,,
old,Noto2024,0383,160,52.16269302368164,107.83730697631836,0.7903126834656367,-0.13090576523711395,,
old,Noto2024,0383,200,52.16269302368164,147.83730697631836,0.7849574879215995,-0.08219582332268782,0.7995171222150573,-0.08205511484801775
old,Noto2024,0551,30,44.115478515625,0.0,,0.0,,
old,Noto2024,0551,60,44.115478515625,15.884521484375,0.7245067735701758,0.588880099162286,,
old,Noto2024,0551,90,44.115478515625,45.884521484375,0.086221743502714,0.0556225170543696,,
old,Noto2024,0551,120,44.115478515625,75.884521484375,0.13618560390283668,-0.06392320154414932,,
old,Noto2024,0551,160,44.115478515625,115.884521484375,0.23127182038719996,-0.30549485709485236,,
old,Noto2024,0551,200,44.115478515625,155.884521484375,0.556603282757312,-0.030230582391328475,0.5864564614061809,-0.030018189723523214
old,Noto2024,0552,30,44.85736083984375,0.0,,0.0,,
old,Noto2024,0552,60,44.85736083984375,15.14263916015625,0.7068333536335903,0.6186450259872771,,
old,Noto2024,0552,90,44.85736083984375,45.14263916015625,-0.10106936176765967,0.0683305216593979,,
old,Noto2024,0552,120,44.85736083984375,75.14263916015625,0.08800322591638926,0.16804619438301938,,
old,Noto2024,0552,160,44.85736083984375,115.14263916015625,0.4565620181328853,0.0009434989232390834,,
old,Noto2024,0552,200,44.85736083984375,155.14263916015625,0.4717351122384045,0.306853438375998,0.5124604268822862,0.3068644889380181
old,Noto2024,0555,30,36.4080696105957,0.0,,0.0,,
old,Noto2024,0555,60,36.4080696105957,23.591930389404297,0.5875052877223127,0.1398929543533498,,
old,Noto2024,0555,90,36.4080696105957,53.5919303894043,-0.040832458728032386,-0.19277511487525079,,
old,Noto2024,0555,120,36.4080696105957,83.5919303894043,0.48839150927622116,-0.39543187950368264,,
old,Noto2024,0555,160,36.4080696105957,123.5919303894043,0.5329905453815428,-0.48556722865296376,,
old,Noto2024,0555,200,36.4080696105957,163.5919303894043,0.654617506832642,-0.19416555253153422,0.6709099293442541,-0.19413877803119295
old,Noto2024,0556,30,37.16170883178711,0.0,,0.0,,
old,Noto2024,0556,60,37.16170883178711,22.83829116821289,0.6604957984317338,0.41714447333001914,,
old,Noto2024,0556,90,37.16170883178711,52.83829116821289,0.3024104288683417,0.023909473260116165,,
old,Noto2024,0556,120,37.16170883178711,82.83829116821289,0.16894299889624773,-0.1644141484568662,,
old,Noto2024,0556,160,37.16170883178711,122.83829116821289,0.6224773113359986,-0.36015843136879244,,
old,Noto2024,0556,200,37.16170883178711,162.8382911682129,0.70889533354859,-0.05204853551669686,0.7230441513982075,-0.05195284171564207
old,Noto2024,0557,30,34.65248107910156,0.0,,0.0,,
old,Noto2024,0557,60,34.65248107910156,25.347518920898438,0.6466714300569623,0.40652737592245547,,
old,Noto2024,0557,90,34.65248107910156,55.34751892089844,0.4545452590045824,0.060100886472572945,,
old,Noto2024,0557,120,34.65248107910156,85.34751892089844,0.4346594713073296,0.12257737877727948,,
old,Noto2024,0557,160,34.65248107910156,125.34751892089844,0.525320235871192,0.16556766026582892,,
old,Noto2024,0557,200,34.65248107910156,165.34751892089844,0.6421388942527202,0.1693550440845284,0.6589925564627914,0.1694409839356199
old,Noto2024,0559,30,32.82959747314453,0.0,,0.0,,
old,Noto2024,0559,60,32.82959747314453,27.17040252685547,0.6786590290398055,0.40155743290947754,,
old,Noto2024,0559,90,32.82959747314453,57.17040252685547,0.5083490456614653,0.21034395630932323,,
old,Noto2024,0559,120,32.82959747314453,87.17040252685547,0.7850719697579822,0.20690534453530507,,
old,Noto2024,0559,160,32.82959747314453,127.17040252685547,0.6651240983077535,0.48813833795892503,,
old,Noto2024,0559,200,32.82959747314453,167.17040252685547,0.7655348765598496,0.2132386778729467,0.7745104471315509,0.21325855751273348
old,Noto2024,0561,30,32.058013916015625,0.0,,0.0,,
old,Noto2024,0561,60,32.058013916015625,27.941986083984375,0.6889945750178031,0.3787333559876913,,
old,Noto2024,0561,90,32.058013916015625,57.941986083984375,0.7362608727332404,0.37537196155472685,,
old,Noto2024,0561,120,32.058013916015625,87.94198608398438,0.8616105425629751,0.3653778616292582,,
old,Noto2024,0561,160,32.058013916015625,127.94198608398438,0.7517660568165805,0.4023765419373335,,
old,Noto2024,0561,200,32.058013916015625,167.94198608398438,0.8206160997237999,0.3650224666690818,0.8268781355813866,0.3650346175991883
old,Noto2024,0563,30,26.54742431640625,3.45257568359375,,0.35589379483691097,,
old,Noto2024,0563,60,26.54742431640625,33.45257568359375,0.6859458575646615,-0.057793673346570706,,
old,Noto2024,0563,90,26.54742431640625,63.45257568359375,0.7012400413965698,0.47347406089847777,,
old,Noto2024,0563,120,26.54742431640625,93.45257568359375,0.8374671874174772,0.37736288657786776,,
old,Noto2024,0563,160,26.54742431640625,133.45257568359375,0.7427315144319359,0.43153133273892763,,
old,Noto2024,0563,200,26.54742431640625,173.45257568359375,0.7805590022202333,0.5364096717631162,0.7865574182465325,0.5364181625120397
old,Noto2024,0564,30,25.683971405029297,4.316028594970703,0.15025628136191138,0.3304432658374665,,
old,Noto2024,0564,60,25.683971405029297,34.3160285949707,0.5248071045798001,-0.022946273140036055,,
old,Noto2024,0564,90,25.683971405029297,64.3160285949707,0.7105670854841682,0.1748733167748613,,
old,Noto2024,0564,120,25.683971405029297,94.3160285949707,0.7961563564564484,0.19712385240238905,,
old,Noto2024,0564,160,25.683971405029297,134.3160285949707,0.7745904522879585,0.19632329589276498,,
old,Noto2024,0564,200,25.683971405029297,174.3160285949707,0.8084815408163895,0.21497728399229743,0.8137956908862208,0.2149905037941835
old,Noto2024,0565,30,14.416606903076172,15.583393096923828,0.831836465936724,-0.23244570749976923,,
old,Noto2024,0565,60,14.416606903076172,45.58339309692383,0.49952218101474555,-0.372616935562208,,
old,Noto2024,0565,90,14.416606903076172,75.58339309692383,0.7646174264937224,0.1918599003614858,,
old,Noto2024,0565,120,14.416606903076172,105.58339309692383,0.8135086777463002,-0.3947997657857014,,
old,Noto2024,0565,160,14.416606903076172,145.58339309692383,0.8410054680565007,-0.3891664234627994,,
old,Noto2024,0565,200,14.416606903076172,185.58339309692383,0.7593689158315235,-0.3280886329895907,0.7631580623216266,-0.3280599280605001
old,Noto2024,0566,30,16.105897903442383,13.894102096557617,0.8581767047837436,-0.08551521257855832,,
old,Noto2024,0566,60,16.105897903442383,43.89410209655762,0.6226772856276941,-0.47409180439688026,,
old,Noto2024,0566,90,16.105897903442383,73.89410209655762,0.5828991843692027,0.6572000005007785,,
old,Noto2024,0566,120,16.105897903442383,103.89410209655762,0.8482042940586976,0.40479702732531564,,
old,Noto2024,0566,160,16.105897903442383,143.89410209655762,0.7560502751115693,0.43016259489687325,,
old,Noto2024,0566,200,16.105897903442383,183.89410209655762,0.784231570802202,0.5282170104713986,0.787741260789159,0.5282220883839797
old,Noto2024,0567,30,14.131271362304688,15.868728637695312,0.8126659343546778,-0.47216680476574346,,
old,Noto2024,0567,60,14.131271362304688,45.86872863769531,0.7076969795122618,-0.6473052782091857,,
old,Noto2024,0567,90,14.131271362304688,75.86872863769531,0.5710276427488091,0.7428080705310451,,
old,Noto2024,0567,120,14.131271362304688,105.86872863769531,0.855029686290286,0.498929541809197,,
old,Noto2024,0567,160,14.131271362304688,145.8687286376953,0.7274111674759185,0.5338082068035819,,
old,Noto2024,0567,200,14.131271362304688,185.8687286376953,0.7508573506773688,0.6033552194943157,0.754513232109559,0.6033588988155492
old,Noto2024,0568,30,19.755836486816406,10.244163513183594,0.788371876381261,0.031617774548346134,,
old,Noto2024,0568,60,19.755836486816406,40.244163513183594,0.591368054352294,-0.22354175169252954,,
old,Noto2024,0568,90,19.755836486816406,70.2441635131836,0.7265140033703037,0.5593050473983565,,
old,Noto2024,0568,120,19.755836486816406,100.2441635131836,0.8221326700991034,0.2892875553037868,,
old,Noto2024,0568,160,19.755836486816406,140.2441635131836,0.7706073700488679,0.22207253131800542,,
old,Noto2024,0568,200,19.755836486816406,180.2441635131836,0.7627821819776954,0.3166635322862872,0.7673668816732696,0.31667218123633933
old,Noto2024,0569,30,12.548673629760742,17.451326370239258,0.8216995270172297,-0.4590668290567308,,
old,Noto2024,0569,60,12.548673629760742,47.45132637023926,0.6798612608197485,-0.0396307821811277,,
old,Noto2024,0569,90,12.548673629760742,77.45132637023926,0.5533200443893088,0.7607566558822425,,
old,Noto2024,0569,120,12.548673629760742,107.45132637023926,0.8800735009535345,0.5405106487115718,,
old,Noto2024,0569,160,12.548673629760742,147.45132637023926,0.6969233198182464,0.5573161171181864,,
old,Noto2024,0569,200,12.548673629760742,187.45132637023926,0.7491697705313379,0.6179037224563286,0.7523670220163526,0.6179069240538384
old,Noto2024,0570,30,10.396300315856934,19.603699684143066,0.8026099398212295,-0.6246249579360779,,
old,Noto2024,0570,60,10.396300315856934,49.603699684143066,0.6479965061746996,0.2191819192567852,,
old,Noto2024,0570,90,10.396300315856934,79.60369968414307,0.6401038854327263,0.7090068390943491,,
old,Noto2024,0570,120,10.396300315856934,109.60369968414307,0.865770405789038,0.5195457750416539,,
old,Noto2024,0570,160,10.396300315856934,149.60369968414307,0.6375764732281054,0.5782323867487422,,
old,Noto2024,0570,200,10.396300315856934,189.60369968414307,0.7224215283608896,0.6414429632761811,0.7254934288603864,0.6414454921699848
old,Noto2024,0571,30,20.48548698425293,9.51451301574707,0.7615634569432277,0.005169226927243642,,
old,Noto2024,0571,60,20.48548698425293,39.51451301574707,0.5669831145359708,-0.21076990014115182,,
old,Noto2024,0571,90,20.48548698425293,69.51451301574707,0.8236469830761823,0.4230971451473593,,
old,Noto2024,0571,120,20.48548698425293,99.51451301574707,0.7891524926333626,0.18191495404957703,,
old,Noto2024,0571,160,20.48548698425293,139.51451301574707,0.7801285956251272,0.2818242753315445,,
old,Noto2024,0571,200,20.48548698425293,179.51451301574707,0.8056081296685405,0.2807713581904734,0.8093939585337986,0.28078135589718567
old,Noto2024,0572,30,10.732914924621582,19.267085075378418,0.8311472939137324,-0.6161971539454427,,
old,Noto2024,0572,60,10.732914924621582,49.26708507537842,0.6589175105980899,0.11423309862239961,,
old,Noto2024,0572,90,10.732914924621582,79.26708507537842,0.818327325819198,0.35595579102829333,,
old,Noto2024,0572,120,10.732914924621582,109.26708507537842,0.8492418555008834,0.14275122926985073,,
old,Noto2024,0572,160,10.732914924621582,149.26708507537842,0.6584564147432305,0.27100223794370937,,
old,Noto2024,0572,200,10.732914924621582,189.26708507537842,0.7057011731727234,0.37083123958422703,0.708856664344435,0.3708353226007004
old,Noto2024,0573,30,12.19375228881836,17.80624771118164,0.8242239447237775,-0.3341758496765195,,
old,Noto2024,0573,60,12.19375228881836,47.80624771118164,0.6578701797785693,-0.13463594034346738,,
old,Noto2024,0573,90,12.19375228881836,77.80624771118164,0.8954114193955494,0.01612471557706119,,
old,Noto2024,0573,120,12.19375228881836,107.80624771118164,0.8388171247674572,-0.24541944215724243,,
old,Noto2024,0573,160,12.19375228881836,147.80624771118164,0.757612506950392,-0.24833347437350994,,
old,Noto2024,0573,200,12.19375228881836,187.80624771118164,0.7250298923062485,-0.1321018053365206,0.7286315103595942,-0.1320842824411086
old,Noto2024,0577,30,11.157894134521484,18.842105865478516,0.8688265089521652,-0.42524350401910027,,
old,Noto2024,0577,60,11.157894134521484,48.842105865478516,0.5879398053965995,-0.6530443796026448,,
old,Noto2024,0577,90,11.157894134521484,78.84210586547852,0.7751097603208724,-0.34955233115091744,,
old,Noto2024,0577,120,11.157894134521484,108.84210586547852,0.738081457132754,-0.4587608249531838,,
old,Noto2024,0577,160,11.157894134521484,148.84210586547852,0.6286587223255293,-0.5487671929695139,,
old,Noto2024,0577,200,11.157894134521484,188.84210586547852,0.53220601891526,-0.5082548890865297,0.5377076737093572,-0.5081599873438236
old,Noto2024,0578,30,17.493059158325195,12.506940841674805,0.8354933815253244,-0.07940517687795534,,
old,Noto2024,0578,60,17.493059158325195,42.506940841674805,0.5999046001551138,-0.1337125260974945,,
old,Noto2024,0578,90,17.493059158325195,72.5069408416748,0.8369514752499257,-0.20595900852547544,,
old,Noto2024,0578,120,17.493059158325195,102.5069408416748,0.8067712393661608,-0.5857499651534139,,
old,Noto2024,0578,160,17.493059158325195,142.5069408416748,0.6983108176520991,-0.5517441915008563,,
old,Noto2024,0578,200,17.493059158325195,182.5069408416748,0.5613094093512778,-0.49538600422467294,0.5699803488512812,-0.4952586556576124
old,Noto2024,0579,30,24.693817138671875,5.306182861328125,0.4579140893462118,0.3799326219442465,,
old,Noto2024,0579,60,24.693817138671875,35.306182861328125,0.5941587908949805,-0.05514210367442729,,
old,Noto2024,0579,90,24.693817138671875,65.30618286132812,0.7333288169336996,-0.025707484536468428,,
old,Noto2024,0579,120,24.693817138671875,95.30618286132812,0.7732694253184844,-0.20230853304894225,,
old,Noto2024,0579,160,24.693817138671875,135.30618286132812,0.8495000686971838,-0.14393325665681989,,
old,Noto2024,0579,200,24.693817138671875,175.30618286132812,0.7225394875852615,-0.0754314133802465,0.7305981754466013,-0.07535212318735063
old,Noto2024,0581,30,37.73989486694336,0.0,,0.0,,
old,Noto2024,0581,60,37.73989486694336,22.26010513305664,0.6014244629638364,0.4416456462748739,,
old,Noto2024,0581,90,37.73989486694336,52.26010513305664,0.5831443698763935,0.2794514303572555,,
old,Noto2024,0581,120,37.73989486694336,82.26010513305664,0.8530026639889167,0.31394726397191164,,
old,Noto2024,0581,160,37.73989486694336,122.26010513305664,0.737405314856985,0.5690859325867583,,
old,Noto2024,0581,200,37.73989486694336,162.26010513305664,0.8387712871791017,0.5571969402737649,0.8452402026034672,0.557216417507802
old,Noto2024,0582,30,34.8938102722168,0.0,,0.0,,
old,Noto2024,0582,60,34.8938102722168,25.106189727783203,0.7414823604755839,0.08430267837760663,,
old,Noto2024,0582,90,34.8938102722168,55.1061897277832,0.7040544794271746,0.3519339285612775,,
old,Noto2024,0582,120,34.8938102722168,85.1061897277832,0.8504222891220677,0.5385361840491667,,
old,Noto2024,0582,160,34.8938102722168,125.1061897277832,0.709017747042773,0.5223361275265974,,
old,Noto2024,0582,200,34.8938102722168,165.1061897277832,0.7992248354773992,0.4563113998849744,0.806321166559128,0.4563232722457
old,Noto2024,0583,30,35.71881866455078,0.0,,0.0,,
old,Noto2024,0583,60,35.71881866455078,24.28118133544922,0.6417785399562987,0.37151862285365933,,
old,Noto2024,0583,90,35.71881866455078,54.28118133544922,0.7760596867503129,0.3782556276004474,,
old,Noto2024,0583,120,35.71881866455078,84.28118133544922,0.8544880494831409,0.39859396789309187,,
old,Noto2024,0583,160,35.71881866455078,124.28118133544922,0.8177709323361884,0.3621470179062669,,
old,Noto2024,0583,200,35.71881866455078,164.28118133544922,0.8047150742495414,0.14787258051080254,0.8126390678733043,0.1479060570734303
old,Noto2024,0584,30,38.94013214111328,0.0,,0.0,,
old,Noto2024,0584,60,38.94013214111328,21.05986785888672,0.6553230882621223,0.5228674894663712,,
old,Noto2024,0584,90,38.94013214111328,51.05986785888672,0.6607108008254235,0.21867017967247726,,
old,Noto2024,0584,120,38.94013214111328,81.05986785888672,0.8310847935281902,0.327903434160973,,
old,Noto2024,0584,160,38.94013214111328,121.05986785888672,0.7403283158916606,0.57227925547945,,
old,Noto2024,0584,200,38.94013214111328,161.05986785888672,0.8519344558553835,0.3742883626642426,0.85826836974112,0.37431109707274857
old,Noto2024,0585,30,33.33892059326172,0.0,,0.0,,
old,Noto2024,0585,60,33.33892059326172,26.66107940673828,0.7036498418729328,0.13089242555620206,,
old,Noto2024,0585,90,33.33892059326172,56.66107940673828,0.8438912104415938,0.22806822239428648,,
old,Noto2024,0585,120,33.33892059326172,86.66107940673828,0.8707453551705396,0.35440023956145694,,
old,Noto2024,0585,160,33.33892059326172,126.66107940673828,0.7116483639168779,0.4828587243536644,,
old,Noto2024,0585,200,33.33892059326172,166.66107940673828,0.7494650715760982,0.1635828581044434,0.7590099090847201,0.16359843029045606
old,Noto2024,0586,30,29.336769104003906,0.6632308959960938,,2.1218330588187015,,
old,Noto2024,0586,60,29.336769104003906,30.663230895996094,0.6189011955210908,0.37490888103003517,,
old,Noto2024,0586,90,29.336769104003906,60.663230895996094,0.7486146130361826,0.48688812212016597,,
old,Noto2024,0586,120,29.336769104003906,90.6632308959961,0.8396806444281416,0.4785827304554928,,
old,Noto2024,0586,160,29.336769104003906,130.6632308959961,0.7524516993622634,0.47117062937633847,,
old,Noto2024,0586,200,29.336769104003906,170.6632308959961,0.7976727519056263,0.4875278078685268,0.8041279789710838,0.48754109812305035
old,Noto2024,0587,30,30.714069366455078,0.0,,0.0,,
old,Noto2024,0587,60,30.714069366455078,29.285930633544922,0.713274674517499,0.20530410549891087,,
old,Noto2024,0587,90,30.714069366455078,59.28593063354492,0.8753572388269877,0.4622541212161053,,
old,Noto2024,0587,120,30.714069366455078,89.28593063354492,0.8475640528055872,0.5662812933794177,,
old,Noto2024,0587,160,30.714069366455078,129.28593063354492,0.7495788627292816,0.5813872044307358,,
old,Noto2024,0587,200,30.714069366455078,169.28593063354492,0.7827650897012747,0.5372850854101641,0.7899900558406353,0.5372941147440846
old,Noto2024,0588,30,34.33174514770508,0.0,,0.0,,
old,Noto2024,0588,60,34.33174514770508,25.668254852294922,0.7186859428618501,0.4385921978530636,,
old,Noto2024,0588,90,34.33174514770508,55.66825485229492,0.7879905232050335,0.33252789289850426,,
old,Noto2024,0588,120,34.33174514770508,85.66825485229492,0.8644415593154116,0.30180392543039414,,
old,Noto2024,0588,160,34.33174514770508,125.66825485229492,0.8036786989040122,0.38464279981969884,,
old,Noto2024,0588,200,34.33174514770508,165.66825485229492,0.8037060567137193,0.5949288582683296,0.8109171031126228,0.5949439254799271
old,Noto2024,0589,30,27.78884506225586,2.2111549377441406,,0.7942681113599024,,
old,Noto2024,0589,60,27.78884506225586,32.21115493774414,0.7305612001019977,0.014463581773441092,,
old,Noto2024,0589,90,27.78884506225586,62.21115493774414,0.8177821533078615,0.3804250342504645,,
old,Noto2024,0589,120,27.78884506225586,92.21115493774414,0.7512512909836203,0.6472640754312353,,
old,Noto2024,0589,160,27.78884506225586,132.21115493774414,0.7649119731545901,0.5016216869921442,,
old,Noto2024,0589,200,27.78884506225586,172.21115493774414,0.7897466176476952,0.4837403929589881,0.7957307335103677,0.4837483478408968
old,Noto2024,0590,30,35.33421325683594,0.0,,0.0,,
old,Noto2024,0590,60,35.33421325683594,24.665786743164062,0.6172885754418145,0.15405859588468207,,
old,Noto2024,0590,90,35.33421325683594,54.66578674316406,0.7868605744359927,0.3560253203173147,,
old,Noto2024,0590,120,35.33421325683594,84.66578674316406,0.757628224719329,0.15323658916368021,,
old,Noto2024,0590,160,35.33421325683594,124.66578674316406,0.686559871606263,0.40214618043265205,,
old,Noto2024,0590,200,35.33421325683594,164.66578674316406,0.7596418003109802,0.33620283634201087,0.769357765200843,0.336216856723925
old,Noto2024,0591,30,19.317365646362305,10.682634353637695,0.7919804292356725,0.2760765954413813,,
old,Noto2024,0591,60,19.317365646362305,40.682634353637695,0.7176515969285323,-0.07601403593685774,,
old,Noto2024,0591,90,19.317365646362305,70.6826343536377,0.735765548142468,0.7284651203702621,,
old,Noto2024,0591,120,19.317365646362305,100.6826343536377,0.7915376042252953,0.5260464514243521,,
old,Noto2024,0591,160,19.317365646362305,140.6826343536377,0.7650973072387904,0.4568805338477757,,
old,Noto2024,0591,200,19.317365646362305,180.6826343536377,0.7542043692688545,0.5247512288487064,0.7591367512107494,0.524757274197138
old,Noto2024,0592,30,26.89067840576172,3.1093215942382812,,0.5038487816333159,,
old,Noto2024,0592,60,26.89067840576172,33.10932159423828,0.5616123357798779,-0.13744447155527695,,
old,Noto2024,0592,90,26.89067840576172,63.10932159423828,0.7763733327698047,0.5449502062234748,,
old,Noto2024,0592,120,26.89067840576172,93.10932159423828,0.7390329723208818,0.505274343164257,,
old,Noto2024,0592,160,26.89067840576172,133.10932159423828,0.7751557048176392,0.21439404921302252,,
old,Noto2024,0592,200,26.89067840576172,173.10932159423828,0.7902588322819045,0.2550962655087545,0.7963218496424812,0.2551058378352211
old,Noto2024,0593,30,26.526506423950195,3.4734935760498047,,0.4202928227265277,,
old,Noto2024,0593,60,26.526506423950195,33.473493576049805,0.7669207472514038,-0.019822117112846982,,
old,Noto2024,0593,90,26.526506423950195,63.473493576049805,0.6340131317273201,0.5530878313088392,,
old,Noto2024,0593,120,26.526506423950195,93.4734935760498,0.7762868054796741,0.539021005795937,,
old,Noto2024,0593,160,26.526506423950195,133.4734935760498,0.7751435165816576,0.4034068911979558,,
old,Noto2024,0593,200,26.526506423950195,173.4734935760498,0.7838284389572742,0.4664421416779492,0.7898111388263722,0.4664501985609659
old,Noto2024,0594,30,45.622650146484375,0.0,,0.0,,
old,Noto2024,0594,60,45.622650146484375,14.377349853515625,0.7359332989423271,0.8421682990566124,,
old,Noto2024,0594,90,45.622650146484375,44.377349853515625,0.7183383488672264,0.018098100941136508,,
old,Noto2024,0594,120,45.622650146484375,74.37734985351562,0.6144144666488728,0.7169450143936986,,
old,Noto2024,0594,160,45.622650146484375,114.37734985351562,0.6067905532308491,0.7788826087257563,,
old,Noto2024,0594,200,45.622650146484375,154.37734985351562,0.8229051491457668,0.7371713254720929,0.831583497638263,0.7371917437735283
old,Noto2024,0595,30,45.454803466796875,0.0,,0.0,,
old,Noto2024,0595,60,45.454803466796875,14.545196533203125,0.7174800737553946,0.8417683394643065,,
old,Noto2024,0595,90,45.454803466796875,44.545196533203125,0.6751298212588838,0.46878808020467044,,
old,Noto2024,0595,120,45.454803466796875,74.54519653320312,0.7315196409252759,0.562420572054303,,
old,Noto2024,0595,160,45.454803466796875,114.54519653320312,0.7804227652754392,0.6154782556841445,,
old,Noto2024,0595,200,45.454803466796875,154.54519653320312,0.8661490455642704,0.4528325407126488,0.8727696591890708,0.45286192260670344
old,Noto2024,0597,30,49.6511344909668,0.0,,0.0,,
old,Noto2024,0597,60,49.6511344909668,10.348865509033203,0.8719709336290719,0.8588802725959752,,
old,Noto2024,0597,90,49.6511344909668,40.3488655090332,0.7174043412563013,0.2747237919283432,,
old,Noto2024,0597,120,49.6511344909668,70.3488655090332,0.7867449220896967,0.6084356223930092,,
old,Noto2024,0597,160,49.6511344909668,110.3488655090332,0.7774381521377473,0.6441053366210303,,
old,Noto2024,0597,200,49.6511344909668,150.3488655090332,0.830348887648077,0.40990475571841056,0.8400237453396804,0.4099390088613317
old,Noto2024,0598,30,50.475486755371094,0.0,,0.0,,
old,Noto2024,0598,60,50.475486755371094,9.524513244628906,0.846641200730526,0.83127899914754,,
old,Noto2024,0598,90,50.475486755371094,39.524513244628906,0.7962017573528908,0.32811838616982936,,
old,Noto2024,0598,120,50.475486755371094,69.5245132446289,0.6450406707306096,0.7576803858141785,,
old,Noto2024,0598,160,50.475486755371094,109.5245132446289,0.7773914910013653,0.43503849086511526,,
old,Noto2024,0598,200,50.475486755371094,149.5245132446289,0.8276875991159807,0.2048698736459329,0.8380066693407683,0.2049243826031697
old,Noto2024,0599,30,54.50520324707031,0.0,,0.0,,
old,Noto2024,0599,60,54.50520324707031,5.4947967529296875,0.6809716111098083,1.0747179348925444,,
old,Noto2024,0599,90,54.50520324707031,35.49479675292969,0.666623434679815,0.007491800279799676,,
old,Noto2024,0599,120,54.50520324707031,65.49479675292969,0.5550578734181798,0.43490961211279,,
old,Noto2024,0599,160,54.50520324707031,105.49479675292969,0.7053996594955304,0.20629710460498263,,
old,Noto2024,0599,200,54.50520324707031,145.4947967529297,0.7401398877269463,0.598270561564159,0.7593424209034314,0.5982947540056562
old,Noto2024,0601,30,57.39590072631836,0.0,,0.0,,
old,Noto2024,0601,60,57.39590072631836,2.6040992736816406,,1.1211484080272953,,
old,Noto2024,0601,90,57.39590072631836,32.60409927368164,0.7180499278936925,0.31845274796392165,,
old,Noto2024,0601,120,57.39590072631836,62.60409927368164,0.4292681053509555,0.6599180920100993,,
old,Noto2024,0601,160,57.39590072631836,102.60409927368164,0.7281648982934514,0.48109741296890984,,
old,Noto2024,0601,200,57.39590072631836,142.60409927368164,0.7557343976364024,0.704455673693599,0.7739312017347074,0.7044706778794092
old,Noto2024,0606,30,30.503070831298828,0.0,,0.0,,
old,Noto2024,0606,60,30.503070831298828,29.496929168701172,0.6645661877437984,0.05417757365043663,,
old,Noto2024,0606,90,30.503070831298828,59.49692916870117,0.7867424681298131,0.28438550755504366,,
old,Noto2024,0606,120,30.503070831298828,89.49692916870117,0.6889056110876878,0.5732642244754489,,
old,Noto2024,0606,160,30.503070831298828,129.49692916870117,0.7922427654125497,0.3327835900560556,,
old,Noto2024,0606,200,30.503070831298828,169.49692916870117,0.8187615002783105,0.20032808060382035,0.824870064258856,0.20034631212473641
old,Noto2024,0607,30,34.22502136230469,0.0,,0.0,,
old,Noto2024,0607,60,34.22502136230469,25.774978637695312,0.663367513336893,0.15234651504885477,,
old,Noto2024,0607,90,34.22502136230469,55.77497863769531,0.7582734891872702,0.21883448861502153,,
old,Noto2024,0607,120,34.22502136230469,85.77497863769531,0.7602694842998223,0.4804635791520653,,
old,Noto2024,0607,160,34.22502136230469,125.77497863769531,0.795474235755834,0.4260313877909594,,
old,Noto2024,0607,200,34.22502136230469,165.7749786376953,0.8633253097374038,0.43300117263856475,0.8682818834487046,0.4330213087201855
old,Noto2024,0608,30,19.400468826293945,10.599531173706055,0.7903495319112421,0.07275343368556708,,
old,Noto2024,0608,60,19.400468826293945,40.599531173706055,0.6795096319761189,-0.38637495488130735,,
old,Noto2024,0608,90,19.400468826293945,70.59953117370605,0.7225542915305423,0.6798589674655053,,
old,Noto2024,0608,120,19.400468826293945,100.59953117370605,0.7556871484480301,0.4177454006555008,,
old,Noto2024,0608,160,19.400468826293945,140.59953117370605,0.7587170912348477,0.33907558149492,,
old,Noto2024,0608,200,19.400468826293945,180.59953117370605,0.7600368963953366,0.47244337503369405,0.7646608715969248,0.47245065668868147
old,Noto2024,0609,30,19.049001693725586,10.950998306274414,0.7885367709272276,0.019376237315725575,,
old,Noto2024,0609,60,19.049001693725586,40.950998306274414,0.5942892511301521,-0.12072908320778186,,
old,Noto2024,0609,90,19.049001693725586,70.95099830627441,0.8209880954641995,0.6452561273710229,,
old,Noto2024,0609,120,19.049001693725586,100.95099830627441,0.7717943835838142,0.3209622139676327,,
old,Noto2024,0609,160,19.049001693725586,140.9509983062744,0.8202843626195729,0.008487811366236997,,
old,Noto2024,0609,200,19.049001693725586,180.9509983062744,0.7526654371957167,0.10713032819426616,0.7579080687437116,0.10714574646460306
old,Noto2024,0610,30,21.92943572998047,8.070564270019531,0.7789379339859153,0.1576294027393148,,
old,Noto2024,0610,60,21.92943572998047,38.07056427001953,0.7107119102202422,-0.5583062445756797,,
old,Noto2024,0610,90,21.92943572998047,68.07056427001953,0.6797734318197013,0.6569209932093996,,
old,Noto2024,0610,120,21.92943572998047,98.07056427001953,0.7585282603401516,0.47046649697356013,,
old,Noto2024,0610,160,21.92943572998047,138.07056427001953,0.734375250462014,0.34580299003630177,,
old,Noto2024,0610,200,21.92943572998047,178.07056427001953,0.7481158684384855,0.4733603349636111,0.7535061991830511,0.4733674181083245
old,Noto2024,0611,30,20.35938835144043,9.64061164855957,0.7438924575075149,0.19463481960264062,,
old,Noto2024,0611,60,20.35938835144043,39.64061164855957,0.7260838725378856,-0.05060757831763407,,
old,Noto2024,0611,90,20.35938835144043,69.64061164855957,0.8457911121812355,0.5419000065428081,,
old,Noto2024,0611,120,20.35938835144043,99.64061164855957,0.777329637715123,0.2946825914824842,,
old,Noto2024,0611,160,20.35938835144043,139.64061164855957,0.787286691633743,-0.13232715725004596,,
old,Noto2024,0611,200,20.35938835144043,179.64061164855957,0.7256465272768006,0.03407537710661046,0.7319625607756765,0.03409294121888706
old,Noto2024,0612,30,23.228130340576172,6.771869659423828,0.7372879554405315,0.2115210122055844,,
old,Noto2024,0612,60,23.228130340576172,36.77186965942383,0.7433449418729889,0.005928422755533624,,
old,Noto2024,0612,90,23.228130340576172,66.77186965942383,0.7071159392194751,0.5390160890403921,,
old,Noto2024,0612,120,23.228130340576172,96.77186965942383,0.774602788008519,0.3790402948954963,,
old,Noto2024,0612,160,23.228130340576172,136.77186965942383,0.7628492419490495,-0.16947653332655488,,
old,Noto2024,0612,200,23.228130340576172,176.77186965942383,0.7284914321979024,-0.05068064248601445,0.735845037870196,-0.05065952497920723
old,Noto2024,0613,30,26.00346565246582,3.9965343475341797,,0.5604191793648452,,
old,Noto2024,0613,60,26.00346565246582,33.99653434753418,0.822984879089085,-0.4401825007135658,,
old,Noto2024,0613,90,26.00346565246582,63.99653434753418,0.697803000254981,0.5559583207908885,,
old,Noto2024,0613,120,26.00346565246582,93.99653434753418,0.7708449729689485,0.4547345024026539,,
old,Noto2024,0613,160,26.00346565246582,133.99653434753418,0.7709840423021372,0.25091536401505454,,
old,Noto2024,0613,200,26.00346565246582,173.99653434753418,0.7851251384615309,0.36507061962617815,0.791255301423942,0.3650809647282429
old,Noto2024,0614,30,22.996963500976562,7.0030364990234375,0.8112683303149135,0.5042583613457072,,
old,Noto2024,0614,60,22.996963500976562,37.00303649902344,0.7707198203417996,0.007459639864530132,,
old,Noto2024,0614,90,22.996963500976562,67.00303649902344,0.782809416219424,0.34118956304059367,,
old,Noto2024,0614,120,22.996963500976562,97.00303649902344,0.7563455821107236,0.21921805203324585,,
old,Noto2024,0614,160,22.996963500976562,137.00303649902344,0.7402821934338542,-0.17012770505575947,,
old,Noto2024,0614,200,22.996963500976562,177.00303649902344,0.7114567161610215,0.07999171093196811,0.718348516612193,0.08000235759139951
old,Noto2024,0615,30,26.132673263549805,3.8673267364501953,,0.4029323946718346,,
old,Noto2024,0615,60,26.132673263549805,33.867326736450195,0.6811758043265425,0.2716740834690654,,
old,Noto2024,0615,90,26.132673263549805,63.867326736450195,0.7527743631754362,0.42280740908476844,,
old,Noto2024,0615,120,26.132673263549805,93.8673267364502,0.7800964450742255,0.31178923639391787,,
old,Noto2024,0615,160,26.132673263549805,133.8673267364502,0.7667406949667976,-0.2321510899678474,,
old,Noto2024,0615,200,26.132673263549805,173.8673267364502,0.7219256056825849,-0.11468364835298406,0.7308787061809351,-0.11464465364817489
old,Noto2024,0616,30,30.584148406982422,0.0,,0.0,,
old,Noto2024,0616,60,30.584148406982422,29.415851593017578,0.5771860441073741,0.17396044308970904,,
old,Noto2024,0616,90,30.584148406982422,59.41585159301758,0.8429092908558597,-0.0050313309830061215,,
old,Noto2024,0616,120,30.584148406982422,89.41585159301758,0.7344173557470286,0.2505325521247057,,
old,Noto2024,0616,160,30.584148406982422,129.41585159301758,0.8185094463563725,-0.1411384307473753,,
old,Noto2024,0616,200,30.584148406982422,169.41585159301758,0.7404317982659081,-0.015545081791588977,0.7501204224757091,-0.015466727244946021
old,Noto2024,0617,30,17.820476531982422,12.179523468017578,0.8360855454055686,-0.06415155631472214,,
old,Noto2024,0617,60,17.820476531982422,42.17952346801758,0.6037530595247945,-0.09364597099333594,,
old,Noto2024,0617,90,17.820476531982422,72.17952346801758,0.7841986296038369,-0.4149162968565223,,
old,Noto2024,0617,120,17.820476531982422,102.17952346801758,0.8124928702845378,-0.39214574199526453,,
old,Noto2024,0617,160,17.820476531982422,142.17952346801758,0.6448224710708579,-0.546821772373761,,
old,Noto2024,0617,200,17.820476531982422,182.17952346801758,0.5245340590063359,-0.41656830192319916,0.533700261038726,-0.4164305451934398
old,Noto2024,0618,30,17.03113555908203,12.968864440917969,0.8370609517436342,-0.15143036021435563,,
old,Noto2024,0618,60,17.03113555908203,42.96886444091797,0.6806046788156551,-0.24703827815799873,,
old,Noto2024,0618,90,17.03113555908203,72.96886444091797,0.8329458211343447,0.3853261859601078,,
old,Noto2024,0618,120,17.03113555908203,102.96886444091797,0.8238186844599402,0.04410408736088112,,
old,Noto2024,0618,160,17.03113555908203,142.96886444091797,0.7917768855647654,0.0018682908884981586,,
old,Noto2024,0618,200,17.03113555908203,182.96886444091797,0.7522121348103041,0.20231795674415043,0.7565805274465038,0.2023299270935608
old,Noto2024,0619,30,22.26576805114746,7.734231948852539,0.8120241539480407,0.12534056907931035,,
old,Noto2024,0619,60,22.26576805114746,37.73423194885254,0.4913009916918593,-0.23872290823815767,,
old,Noto2024,0619,90,22.26576805114746,67.73423194885254,0.8181643416911567,-0.101870497342742,,
old,Noto2024,0619,120,22.26576805114746,97.73423194885254,0.7214730050721325,0.1220099181449088,,
old,Noto2024,0619,160,22.26576805114746,137.73423194885254,0.7791246130663992,-0.5143517509561093,,
old,Noto2024,0619,200,22.26576805114746,177.73423194885254,0.6182229318072494,-0.3576566288665264,0.6283134803257553,-0.3575248799577606
old,Noto2024,0621,30,37.28105545043945,0.0,,0.0,,
old,Noto2024,0621,60,37.28105545043945,22.718944549560547,0.7309566223904119,0.47773427529201307,,
old,Noto2024,0621,90,37.28105545043945,52.71894454956055,0.517837506503402,0.4288341844600865,,
old,Noto2024,0621,120,37.28105545043945,82.71894454956055,0.87022859530579,0.5473579108947773,,
old,Noto2024,0621,160,37.28105545043945,122.71894454956055,0.8396194775445623,0.6079294123504928,,
old,Noto2024,0621,200,37.28105545043945,162.71894454956055,0.8471544422392682,0.6111127470293782,0.8534970877071212,0.6111333042687521
old,Noto2024,0622,30,40.678497314453125,0.0,,0.0,,
old,Noto2024,0622,60,40.678497314453125,19.321502685546875,0.702297941805188,0.4835553401209909,,
old,Noto2024,0622,90,40.678497314453125,49.321502685546875,0.6689393611896612,0.062069760622184056,,
old,Noto2024,0622,120,40.678497314453125,79.32150268554688,0.7559886812740122,0.4098603915381913,,
old,Noto2024,0622,160,40.678497314453125,119.32150268554688,0.8157116484137824,0.24737461100982916,,
old,Noto2024,0622,200,40.678497314453125,159.32150268554688,0.8194131496997231,0.0820803503653762,0.8282901954910307,0.0821571598608104
old,Noto2024,0623,30,40.9417610168457,0.0,,0.0,,
old,Noto2024,0623,60,40.9417610168457,19.058238983154297,0.6879057049227975,0.48740081281484215,,
old,Noto2024,0623,90,40.9417610168457,49.0582389831543,0.5906923685152091,0.1370310249087936,,
old,Noto2024,0623,120,40.9417610168457,79.0582389831543,0.7582237380902129,0.42801101739284064,,
old,Noto2024,0623,160,40.9417610168457,119.0582389831543,0.8030378123222325,0.45144098371497865,,
old,Noto2024,0623,200,40.9417610168457,159.0582389831543,0.8583799960095977,0.13688290048639384,0.865056869323168,0.1369575842845423
old,Noto2024,0624,30,40.73194885253906,0.0,,0.0,,
old,Noto2024,0624,60,40.73194885253906,19.268051147460938,0.6953169621564598,0.5384516954717942,,
old,Noto2024,0624,90,40.73194885253906,49.26805114746094,0.6185749248438464,0.1197350466085636,,
old,Noto2024,0624,120,40.73194885253906,79.26805114746094,0.7507332720141695,0.34358143937238594,,
old,Noto2024,0624,160,40.73194885253906,119.26805114746094,0.8160828318889605,0.28690842502113423,,
old,Noto2024,0624,200,40.73194885253906,159.26805114746094,0.8070109679221872,-0.0824238135103883,0.8167753446242796,-0.0823125515098484
old,Noto2024,0625,30,41.463565826416016,0.0,,0.0,,
old,Noto2024,0625,60,41.463565826416016,18.536434173583984,0.7388556976390246,0.5317686032439113,,
old,Noto2024,0625,90,41.463565826416016,48.536434173583984,0.7128092401332744,0.10701006932918222,,
old,Noto2024,0625,120,41.463565826416016,78.53643417358398,0.7965524414357887,0.4880621027507006,,
old,Noto2024,0625,160,41.463565826416016,118.53643417358398,0.8504746199304021,0.22105321835686897,,
old,Noto2024,0625,200,41.463565826416016,158.53643417358398,0.8446110607267902,0.3164231852561912,0.8520162581879916,0.31648334716019644
old,Noto2024,0626,30,39.09836196899414,0.0,,0.0,,
old,Noto2024,0626,60,39.09836196899414,20.90163803100586,0.7368016523238105,0.6443904466478498,,
old,Noto2024,0626,90,39.09836196899414,50.90163803100586,0.6433334330909197,0.20161994948120388,,
old,Noto2024,0626,120,39.09836196899414,80.90163803100586,0.8080238385393982,0.478490913982637,,
old,Noto2024,0626,160,39.09836196899414,120.90163803100586,0.8183272930302172,0.5847171935716533,,
old,Noto2024,0626,200,39.09836196899414,160.90163803100586,0.8818504197929479,0.5884814089699892,0.8868267059624169,0.5885027390822843
old,Noto2024,0627,30,37.27973556518555,0.0,,0.0,,
old,Noto2024,0627,60,37.27973556518555,22.720264434814453,0.7978161134232519,0.24060737092991502,,
old,Noto2024,0627,90,37.27973556518555,52.72026443481445,0.6283062645678582,0.37887612453214103,,
old,Noto2024,0627,120,37.27973556518555,82.72026443481445,0.8242609851722584,0.5733151200806423,,
old,Noto2024,0627,160,37.27973556518555,122.72026443481445,0.6799195459967872,0.7167812499952353,,
old,Noto2024,0627,200,37.27973556518555,162.72026443481445,0.8300542735015787,0.6428629073040311,0.8369502625909454,0.6428745311120059
old,Noto2024,0631,30,35.591346740722656,0.0,,0.0,,
old,Noto2024,0631,60,35.591346740722656,24.408653259277344,0.6980155684541278,0.3589717878056913,,
old,Noto2024,0631,90,35.591346740722656,54.408653259277344,0.7076383096312698,-0.059907499300446254,,
old,Noto2024,0631,120,35.591346740722656,84.40865325927734,0.8262131157358957,0.0419515050024728,,
old,Noto2024,0631,160,35.591346740722656,124.40865325927734,0.807657598905114,0.294322529856724,,
old,Noto2024,0631,200,35.591346740722656,164.40865325927734,0.8115130411929032,0.14953756810101293,0.8188331707209701,0.149563863805521
old,Noto2024,0633,30,34.969783782958984,0.0,,0.0,,
old,Noto2024,0633,60,34.969783782958984,25.030216217041016,0.6568400173652998,0.32798605448788276,,
old,Noto2024,0633,90,34.969783782958984,55.030216217041016,0.7335072852506668,-0.13279103647443868,,
old,Noto2024,0633,120,34.969783782958984,85.03021621704102,0.8576466867932322,-0.20401971676936625,,
old,Noto2024,0633,160,34.969783782958984,125.03021621704102,0.8417708318480749,-0.07437238706664573,,
old,Noto2024,0633,200,34.969783782958984,165.03021621704102,0.7656220028118093,0.03694922334753681,0.7756669463826447,0.03700758328171361
old,Noto2024,0675,30,62.18068313598633,0.0,,0.0,,
old,Noto2024,0675,60,62.18068313598633,0.0,,0.0,,
old,Noto2024,0675,90,62.18068313598633,27.819316864013672,0.7230923433562669,0.7594502818207145,,
old,Noto2024,0675,120,62.18068313598633,57.81931686401367,0.7150700545122323,0.4231489348844164,,
old,Noto2024,0675,160,62.18068313598633,97.81931686401367,0.8319084423706965,0.15895856151286392,,
old,Noto2024,0675,200,62.18068313598633,137.81931686401367,0.7372981856678377,0.11490754526680735,0.7622591762553453,0.11513981995586153
old,Noto2024,0752,30,24.163820266723633,5.836179733276367,0.45765250897595655,0.2269539297055303,,
old,Noto2024,0752,60,24.163820266723633,35.83617973327637,0.7222370320099235,-0.5521501517651259,,
old,Noto2024,0752,90,24.163820266723633,65.83617973327637,0.697002362888854,0.5855305273503051,,
old,Noto2024,0752,120,24.163820266723633,95.83617973327637,0.8121470481273214,0.4589272126294901,,
old,Noto2024,0752,160,24.163820266723633,135.83617973327637,0.7723093452860385,0.13544672930829194,,
old,Noto2024,0752,200,24.163820266723633,175.83617973327637,0.783536620552924,0.22287876236644433,0.7892992892872683,0.22289176056926152
old,Noto2024,0753,30,30.78321647644043,0.0,,0.0,,
old,Noto2024,0753,60,30.78321647644043,29.21678352355957,0.7013776151466999,0.08743383346879519,,
old,Noto2024,0753,90,30.78321647644043,59.21678352355957,0.7637247634479112,0.49033659566307364,,
old,Noto2024,0753,120,30.78321647644043,89.21678352355957,0.8438783777042455,0.5746390451142629,,
old,Noto2024,0753,160,30.78321647644043,129.21678352355957,0.816425629127389,0.5247931124860932,,
old,Noto2024,0753,200,30.78321647644043,169.21678352355957,0.8110358839792653,0.49081204095849795,0.8175119438383219,0.4908236656111411
old,Noto2024,0754,30,31.27776527404785,0.0,,0.0,,
old,Noto2024,0754,60,31.27776527404785,28.72223472595215,0.7355799103482091,0.31781898627300365,,
old,Noto2024,0754,90,31.27776527404785,58.72223472595215,0.7840071750393978,0.376647426975242,,
old,Noto2024,0754,120,31.27776527404785,88.72223472595215,0.8368829812197116,0.5010808644487001,,
old,Noto2024,0754,160,31.27776527404785,128.72223472595215,0.848403312114789,0.4040784192919231,,
old,Noto2024,0754,200,31.27776527404785,168.72223472595215,0.8129295292410806,0.2587862143557276,0.8197971357361085,0.25880360573832917
old,Noto2024,0755,30,33.5716667175293,0.0,,0.0,,
old,Noto2024,0755,60,33.5716667175293,26.428333282470703,0.7139819832096753,0.011304263133389725,,
old,Noto2024,0755,90,33.5716667175293,56.4283332824707,0.656754946359669,0.3751948506753564,,
old,Noto2024,0755,120,33.5716667175293,86.4283332824707,0.838687540534556,0.512538417555402,,
old,Noto2024,0755,160,33.5716667175293,126.4283332824707,0.8137048431220505,0.6536321659952664,,
old,Noto2024,0755,200,33.5716667175293,166.4283332824707,0.8483437426054374,0.6381664475823898,0.8536075024853729,0.6381794706095496
old,Noto2024,0758,30,35.50514602661133,0.0,,0.0,,
old,Noto2024,0758,60,35.50514602661133,24.494853973388672,0.7066336432551554,0.28682422718748324,,
old,Noto2024,0758,90,35.50514602661133,54.49485397338867,0.6918235670197211,0.25306890638015744,,
old,Noto2024,0758,120,35.50514602661133,84.49485397338867,0.8278651245637794,0.5940523773009732,,
old,Noto2024,0758,160,35.50514602661133,124.49485397338867,0.7694401933914307,0.7444839038640216,,
old,Noto2024,0758,200,35.50514602661133,164.49485397338867,0.8411849296225498,0.7873167154264413,0.8468747778723846,0.7873290834079212
old,Noto2024,0759,30,42.2197380065918,0.0,,0.0,,
old,Noto2024,0759,60,42.2197380065918,17.780261993408203,0.724146271625242,0.5132293840446138,,
old,Noto2024,0759,90,42.2197380065918,47.7802619934082,0.6064345003945721,-0.09135846793584346,,
old,Noto2024,0759,120,42.2197380065918,77.7802619934082,0.6949267621755087,0.6605617856232628,,
old,Noto2024,0759,160,42.2197380065918,117.7802619934082,0.7696663361277273,0.4448913421799219,,
old,Noto2024,0759,200,42.2197380065918,157.7802619934082,0.8816425944169047,0.6236369205636221,0.8867578481757828,0.6236735142260885
old,Noto2024,0763,30,43.148868560791016,0.0,,0.0,,
old,Noto2024,0763,60,43.148868560791016,16.851131439208984,0.6965278957687057,0.3922533666925947,,
old,Noto2024,0763,90,43.148868560791016,46.851131439208984,0.6435345132763336,0.18989572054811976,,
old,Noto2024,0763,120,43.148868560791016,76.85113143920898,0.684133698356521,0.027610020841632554,,
old,Noto2024,0763,160,43.148868560791016,116.85113143920898,0.6905709351718915,0.09023508907560984,,
old,Noto2024,0763,200,43.148868560791016,156.85113143920898,0.5642850485470138,0.11386794344317064,0.5888733522568508,0.1141756476333855
old,Noto2024,0800,30,40.57858657836914,0.0,,0.0,,
old,Noto2024,0800,60,40.57858657836914,19.42141342163086,0.6038209185486207,0.46619424025820955,,
old,Noto2024,0800,90,40.57858657836914,49.42141342163086,0.39815186753271375,0.32447702640660037,,
old,Noto2024,0800,120,40.57858657836914,79.42141342163086,0.6414737118285514,0.20056376484525185,,
old,Noto2024,0800,160,40.57858657836914,119.42141342163086,0.5851547120437237,0.5719264756625462,,
old,Noto2024,0800,200,40.57858657836914,159.42141342163086,0.8208872402072348,0.2614524727780987,0.8292111344584652,0.2614742231721605
old,Noto2024,0801,30,24.753780364990234,5.246219635009766,0.4573801311516031,0.4793676705820191,,
old,Noto2024,0801,60,24.753780364990234,35.246219635009766,0.6659326071991307,0.10407152088519922,,
old,Noto2024,0801,90,24.753780364990234,65.24621963500977,0.7486272284581922,0.5589283328422558,,
old,Noto2024,0801,120,24.753780364990234,95.24621963500977,0.8358106468933632,0.3538067604953552,,
old,Noto2024,0801,160,24.753780364990234,135.24621963500977,0.7243590676390935,0.38197175860362886,,
old,Noto2024,0801,200,24.753780364990234,175.24621963500977,0.7549466721767424,0.420905286691716,0.7611276583255187,0.42091405537280036
old,Noto2024,0802,30,21.335317611694336,8.664682388305664,0.7760160711351645,0.044252299778333004,,
old,Noto2024,0802,60,21.335317611694336,38.664682388305664,0.7625389071010711,-0.23835321802074372,,
old,Noto2024,0802,90,21.335317611694336,68.66468238830566,0.6202098459773926,0.7198865899716962,,
old,Noto2024,0802,120,21.335317611694336,98.66468238830566,0.7719550337679836,0.4693341505010098,,
old,Noto2024,0802,160,21.335317611694336,138.66468238830566,0.7030787549678487,0.39542825896320277,,
old,Noto2024,0802,200,21.335317611694336,178.66468238830566,0.7360788887168546,0.5333589225160837,0.7421221713672589,0.533365459948766
old,Noto2024,0803,30,34.45588302612305,0.0,,0.0,,
old,Noto2024,0803,60,34.45588302612305,25.544116973876953,0.6621561402431425,0.33621219588495155,,
old,Noto2024,0803,90,34.45588302612305,55.54411697387695,0.4452760642317444,0.035131307279274715,,
old,Noto2024,0803,120,34.45588302612305,85.54411697387695,0.32948989482712104,0.12719444529246005,,
old,Noto2024,0803,160,34.45588302612305,125.54411697387695,0.5188390301167659,0.22898588341604142,,
old,Noto2024,0803,200,34.45588302612305,165.54411697387695,0.7152197991837441,0.23881658364053937,0.7276526288527853,0.23886903559870643
old,Noto2024,0804,30,38.74082565307617,0.0,,0.0,,
old,Noto2024,0804,60,38.74082565307617,21.259174346923828,0.7060339703147025,0.49898215179749883,,
old,Noto2024,0804,90,38.74082565307617,51.25917434692383,0.5833631949008354,0.358767238229305,,
old,Noto2024,0804,120,38.74082565307617,81.25917434692383,0.8249823267682262,0.633265530124965,,
old,Noto2024,0804,160,38.74082565307617,121.25917434692383,0.7316973024822666,0.7291864275827207,,
old,Noto2024,0804,200,38.74082565307617,161.25917434692383,0.8466621587311982,0.6747425840160863,0.8528423777423849,0.6747550206045174
old,Noto2024,0806,30,18.44340705871582,11.55659294128418,0.8413378054680665,-0.07696991753048366,,
old,Noto2024,0806,60,18.44340705871582,41.55659294128418,0.5943133486683175,-0.3035932175879923,,
old,Noto2024,0806,90,18.44340705871582,71.55659294128418,0.7558271612080241,0.4461345167641513,,
old,Noto2024,0806,120,18.44340705871582,101.55659294128418,0.8353137373758368,0.16986967560399346,,
old,Noto2024,0806,160,18.44340705871582,141.55659294128418,0.7842537474642459,0.25306023432002167,,
old,Noto2024,0806,200,18.44340705871582,181.55659294128418,0.7933712116377003,0.31196297263438044,0.7969576048446473,0.31197153309634995
old,Noto2024,0807,30,16.905757904052734,13.094242095947266,0.8388763849651473,-0.20125347304082464,,
old,Noto2024,0807,60,16.905757904052734,43.094242095947266,0.6400461957870189,-0.3533456302970306,,
old,Noto2024,0807,90,16.905757904052734,73.09424209594727,0.5765252092896285,0.6210530015436069,,
old,Noto2024,0807,120,16.905757904052734,103.09424209594727,0.8272445687575093,0.35663561800413834,,
old,Noto2024,0807,160,16.905757904052734,143.09424209594727,0.7407883435790825,0.3843200972136813,,
old,Noto2024,0807,200,16.905757904052734,183.09424209594727,0.7418294560908888,0.471125711726363,0.7461411853721969,0.47113097725393516
old,Noto2024,0809,30,28.897624969482422,1.1023750305175781,,1.326466241120814,,
old,Noto2024,0809,60,28.897624969482422,31.102375030517578,0.7419486892033766,0.34644949171360917,,
old,Noto2024,0809,90,28.897624969482422,61.10237503051758,0.8516081456401021,0.1516409666081655,,
old,Noto2024,0809,120,28.897624969482422,91.10237503051758,0.7186242874963853,0.4649110899823983,,
old,Noto2024,0809,160,28.897624969482422,131.10237503051758,0.8230035085092995,0.3458646700632544,,
old,Noto2024,0809,200,28.897624969482422,171.10237503051758,0.8261452257474191,0.2786942899300202,0.8314655954470033,0.27870939477758316
old,Noto2024,0810,30,18.5150146484375,11.4849853515625,0.8371905814017498,-0.18963603045829824,,
old,Noto2024,0810,60,18.5150146484375,41.4849853515625,0.7275175975063474,-0.4951316934711274,,
old,Noto2024,0810,90,18.5150146484375,71.4849853515625,0.7050185317507954,0.5195680280473569,,
old,Noto2024,0810,120,18.5150146484375,101.4849853515625,0.8020048802040826,0.2979534691588386,,
old,Noto2024,0810,160,18.5150146484375,141.4849853515625,0.7784048081323643,0.35202681071233144,,
old,Noto2024,0810,200,18.5150146484375,181.4849853515625,0.7578672467543413,0.3998026125788927,0.7621643098983786,0.3998087747716257
old,Noto2024,0813,30,38.64302444458008,0.0,,0.0,,
old,Noto2024,0813,60,38.64302444458008,21.356975555419922,0.6499831177683175,0.5619328997312092,,
old,Noto2024,0813,90,38.64302444458008,51.35697555541992,0.5627857263788071,0.3600685023078398,,
old,Noto2024,0813,120,38.64302444458008,81.35697555541992,0.8244752842222212,0.4689787060331838,,
old,Noto2024,0813,160,38.64302444458008,121.35697555541992,0.8223273968026804,0.5912393832475962,,
old,Noto2024,0813,200,38.64302444458008,161.35697555541992,0.8546898829088281,0.485670586141862,0.8609976052166409,0.48569884042201483
old,Noto2024,0814,30,43.07974624633789,0.0,,0.0,,
old,Noto2024,0814,60,43.07974624633789,16.92025375366211,0.7197992613224097,0.6897304501088568,,
old,Noto2024,0814,90,43.07974624633789,46.92025375366211,0.6202352484230668,0.04474756035569705,,
old,Noto2024,0814,120,43.07974624633789,76.92025375366211,0.622893726936277,0.5043351326500511,,
old,Noto2024,0814,160,43.07974624633789,116.92025375366211,0.7301571957455726,0.3568746638819702,,
old,Noto2024,0814,200,43.07974624633789,156.9202537536621,0.8862283185425494,0.2692564983179837,0.891517255956456,0.26931485956449297
old,Noto2024,0815,30,36.71516036987305,0.0,,0.0,,
old,Noto2024,0815,60,36.71516036987305,23.284839630126953,0.647408468410247,0.327840868501859,,
old,Noto2024,0815,90,36.71516036987305,53.28483963012695,0.5828194739906709,0.2770644907039639,,
old,Noto2024,0815,120,36.71516036987305,83.28483963012695,0.7456823797982767,0.7676165549442144,,
old,Noto2024,0815,160,36.71516036987305,123.28483963012695,0.7400429696908574,0.57775113629702,,
old,Noto2024,0815,200,36.71516036987305,163.28483963012695,0.8344909480559463,0.4919765414719466,0.8407673642366744,0.49200422675916666
old,Noto2024,0817,30,35.75553512573242,0.0,,0.0,,
old,Noto2024,0817,60,35.75553512573242,24.244464874267578,0.7771016346623352,0.641513706769314,,
old,Noto2024,0817,90,35.75553512573242,54.24446487426758,0.7051474073407121,0.2618220349352045,,
old,Noto2024,0817,120,35.75553512573242,84.24446487426758,0.7978230740031751,0.44482449090256626,,
old,Noto2024,0817,160,35.75553512573242,124.24446487426758,0.8287692262777626,0.22674135910370818,,
old,Noto2024,0817,200,35.75553512573242,164.24446487426758,0.826398850118409,0.20201059430432888,0.833493675481978,0.20203502499041814
old,Noto2024,0818,30,35.6491584777832,0.0,,0.0,,
old,Noto2024,0818,60,35.6491584777832,24.350841522216797,0.7269125884546596,0.47667791237136026,,
old,Noto2024,0818,90,35.6491584777832,54.3508415222168,0.7065090817349695,0.20741198307472342,,
old,Noto2024,0818,120,35.6491584777832,84.3508415222168,0.7953373275217931,0.2368031209106789,,
old,Noto2024,0818,160,35.6491584777832,124.3508415222168,0.8377579319213293,0.20517613967555803,,
old,Noto2024,0818,200,35.6491584777832,164.3508415222168,0.8334559132207905,0.2725962247866933,0.8402227311680478,0.2726435871182602
old,Noto2024,0819,30,37.249755859375,0.0,,0.0,,
old,Noto2024,0819,60,37.249755859375,22.750244140625,0.5946165746948487,0.5455970828313896,,
old,Noto2024,0819,90,37.249755859375,52.750244140625,0.6883542971412632,0.10502253382438465,,
old,Noto2024,0819,120,37.249755859375,82.750244140625,0.8082759588908841,0.06663487812602398,,
old,Noto2024,0819,160,37.249755859375,122.750244140625,0.8499419839040611,0.12759765528382605,,
old,Noto2024,0819,200,37.249755859375,162.750244140625,0.8366530659776538,0.2122516021545069,0.8437773896287986,0.21231755658298113
old,Noto2024,0820,30,38.58880615234375,0.0,,0.0,,
old,Noto2024,0820,60,38.58880615234375,21.41119384765625,0.602671224958906,0.3373394626014532,,
old,Noto2024,0820,90,38.58880615234375,51.41119384765625,0.5336781489578492,0.2039028122217843,,
old,Noto2024,0820,120,38.58880615234375,81.41119384765625,0.7807554163437548,0.3619889674358161,,
old,Noto2024,0820,160,38.58880615234375,121.41119384765625,0.8216296846359368,0.33119713229546033,,
old,Noto2024,0820,200,38.58880615234375,161.41119384765625,0.8590202230560222,0.37172841401685286,0.8649357593278066,0.3718183106308244
old,Noto2024,0840,30,39.271427154541016,0.0,,0.0,,
old,Noto2024,0840,60,39.271427154541016,20.728572845458984,0.7341181141124237,0.4674947693016822,,
old,Noto2024,0840,90,39.271427154541016,50.728572845458984,0.6372725689006761,0.278716728767745,,
old,Noto2024,0840,120,39.271427154541016,80.72857284545898,0.8152505415439223,0.4742188218566028,,
old,Noto2024,0840,160,39.271427154541016,120.72857284545898,0.8471805831523627,0.3549519681583506,,
old,Noto2024,0840,200,39.271427154541016,160.72857284545898,0.8496648156804463,0.45183852788794354,0.8561540038128749,0.4518733661058194
old,Noto2024,0841,30,41.201255798339844,0.0,,0.0,,
old,Noto2024,0841,60,41.201255798339844,18.798744201660156,0.6894498700914211,0.4648132602008612,,
old,Noto2024,0841,90,41.201255798339844,48.798744201660156,0.5980958524612071,0.13749546046933858,,
old,Noto2024,0841,120,41.201255798339844,78.79874420166016,0.7698893545228597,0.6877954589282256,,
old,Noto2024,0841,160,41.201255798339844,118.79874420166016,0.8033817290179198,0.289863215725771,,
old,Noto2024,0841,200,41.201255798339844,158.79874420166016,0.8691468015554333,0.4274631818589185,0.8750692450185201,0.42749450981961257
old,Noto2024,0842,30,37.4050407409668,0.0,,0.0,,
old,Noto2024,0842,60,37.4050407409668,22.594959259033203,0.5784245524043449,0.26920620446692034,,
old,Noto2024,0842,90,37.4050407409668,52.5949592590332,0.6318164913583395,0.25057467848058934,,
old,Noto2024,0842,120,37.4050407409668,82.5949592590332,0.7850138851845111,0.5154609124569722,,
old,Noto2024,0842,160,37.4050407409668,122.5949592590332,0.8324627470004916,0.27268257470793866,,
old,Noto2024,0842,200,37.4050407409668,162.5949592590332,0.84343356567773,0.33604616121829434,0.8501694932921263,0.3361383756485141
old,Noto2024,0845,30,34.211124420166016,0.0,,0.0,,
old,Noto2024,0845,60,34.211124420166016,25.788875579833984,0.7038329596929598,0.2381162437718185,,
old,Noto2024,0845,90,34.211124420166016,55.788875579833984,0.8065502971658545,0.4380072392887513,,
old,Noto2024,0845,120,34.211124420166016,85.78887557983398,0.8567246967884447,0.2509225668969748,,
old,Noto2024,0845,160,34.211124420166016,125.78887557983398,0.6797921444889538,0.5346225994571219,,
old,Noto2024,0845,200,34.211124420166016,165.78887557983398,0.7808328279815195,0.4944708836404743,0.7892760340085567,0.4944837253891565
old,Noto2024,0892,30,71.78378295898438,0.0,,0.0,,
old,Noto2024,0892,60,71.78378295898438,0.0,,0.0,,
old,Noto2024,0892,90,71.78378295898438,18.216217041015625,0.5447666949991281,0.732098958556227,,
old,Noto2024,0892,120,71.78378295898438,48.216217041015625,-0.25098419431420005,0.007088466283474482,,
old,Noto2024,0892,160,71.78378295898438,88.21621704101562,-0.09259147519023472,-0.11041330456839393,,
old,Noto2024,0892,200,71.78378295898438,128.21621704101562,0.16616994942388982,-0.16037158175208788,0.2483162714150945,-0.15823473838589042
old,Noto2024,0907,30,54.84515380859375,0.0,,0.0,,
old,Noto2024,0907,60,54.84515380859375,5.15484619140625,0.6822007808278598,0.7720721694636667,,
old,Noto2024,0907,90,54.84515380859375,35.15484619140625,-0.3076135462440233,0.23792923291711077,,
old,Noto2024,0907,120,54.84515380859375,65.15484619140625,0.3240443096836855,-0.07241072374976465,,
old,Noto2024,0907,160,54.84515380859375,105.15484619140625,0.061280346614547565,-0.29122436189811385,,
old,Noto2024,0907,200,54.84515380859375,145.15484619140625,0.2994859472856071,-0.28407091161758746,0.35507176949679115,-0.2836890885057741
old,Noto2024,0921,30,50.214820861816406,0.0,,0.0,,
old,Noto2024,0921,60,50.214820861816406,9.785179138183594,0.8324556031846471,0.8133365502186107,,
old,Noto2024,0921,90,50.214820861816406,39.785179138183594,-0.1972880521109055,0.22816887063236635,,
old,Noto2024,0921,120,50.214820861816406,69.7851791381836,0.1313566082332651,-0.02619515531827954,,
old,Noto2024,0921,160,50.214820861816406,109.7851791381836,0.1300194337598102,-0.18084023815951422,,
old,Noto2024,0921,200,50.214820861816406,149.7851791381836,0.5607255297242505,-0.13800285021050485,0.5954425973216377,-0.13760100340172432
old,Noto2024,0922,30,51.20284652709961,0.0,,0.0,,
old,Noto2024,0922,60,51.20284652709961,8.79715347290039,0.8344727076283586,0.7374976263639299,,
old,Noto2024,0922,90,51.20284652709961,38.79715347290039,0.15724881497381954,0.2567095946663782,,
old,Noto2024,0922,120,51.20284652709961,68.79715347290039,0.4686806400624713,0.21991674345096612,,
old,Noto2024,0922,160,51.20284652709961,108.79715347290039,0.20661576253671057,0.1478283580170059,,
old,Noto2024,0922,200,51.20284652709961,148.7971534729004,0.07090602361858853,-0.026525276172615797,0.12593208704254044,-0.026088426355054928
old,Noto2024,0923,30,47.44346237182617,0.0,,0.0,,
old,Noto2024,0923,60,47.44346237182617,12.556537628173828,0.8074276266632527,0.7617032062196198,,
old,Noto2024,0923,90,47.44346237182617,42.55653762817383,0.10944521875333803,0.13399651080567576,,
old,Noto2024,0923,120,47.44346237182617,72.55653762817383,0.24477654384660985,0.1280356062574599,,
old,Noto2024,0923,160,47.44346237182617,112.55653762817383,0.12769531131770828,-0.14585075260577707,,
old,Noto2024,0923,200,47.44346237182617,152.55653762817383,0.4009004819461013,0.09083472571144835,0.447827332574674,0.09098963651147063
old,Noto2024,0925,30,41.99934387207031,0.0,,0.0,,
old,Noto2024,0925,60,41.99934387207031,18.000656127929688,0.6213606273819415,0.4819919027427302,,
old,Noto2024,0925,90,41.99934387207031,48.00065612792969,-0.06139348041776391,0.058369593012805865,,
old,Noto2024,0925,120,41.99934387207031,78.00065612792969,0.09939349302673184,-0.13343120794529728,,
old,Noto2024,0925,160,41.99934387207031,118.00065612792969,0.25100911134492404,-0.31497201802302044,,
old,Noto2024,0925,200,41.99934387207031,158.0006561279297,0.620190401828655,0.1348201695206841,0.6427488166934048,0.1348601859920393
old,Noto2024,0935,30,29.709623336791992,0.2903766632080078,,1.9700600271188833,,
old,Noto2024,0935,60,29.709623336791992,30.290376663208008,0.34837266464428723,0.020846798094100727,,
old,Noto2024,0935,90,29.709623336791992,60.29037666320801,0.5357180362284374,0.2158141705492822,,
old,Noto2024,0935,120,29.709623336791992,90.29037666320801,0.8250854443443351,0.15486071075650898,,
old,Noto2024,0935,160,29.709623336791992,130.290376663208,0.7336457928376111,0.1207986395863685,,
old,Noto2024,0935,200,29.709623336791992,170.290376663208,0.7676101755125248,0.1003161487692692,0.7756707456204294,0.10033775689047086
old,Noto2024,0936,30,35.74696350097656,0.0,,0.0,,
old,Noto2024,0936,60,35.74696350097656,24.253036499023438,0.698780397496964,0.4081728436189085,,
old,Noto2024,0936,90,35.74696350097656,54.25303649902344,0.46338133726490466,0.146325874792943,,
old,Noto2024,0936,120,35.74696350097656,84.25303649902344,0.6302982553118093,0.004733814563389949,,
old,Noto2024,0936,160,35.74696350097656,124.25303649902344,0.5068197276522065,0.5146391175808978,,
old,Noto2024,0936,200,35.74696350097656,164.25303649902344,0.7272256403964457,0.373415749096762,0.7388325461498048,0.3734296466739009
old,Noto2024,0937,30,30.27873420715332,0.0,,0.0,,
old,Noto2024,0937,60,30.27873420715332,29.72126579284668,0.7422945423682961,0.03078237087036939,,
old,Noto2024,0937,90,30.27873420715332,59.72126579284668,0.6311144510362305,0.18238449051982997,,
old,Noto2024,0937,120,30.27873420715332,89.72126579284668,0.8435025158350384,0.03299548866013158,,
old,Noto2024,0937,160,30.27873420715332,129.72126579284668,0.6906450836032983,0.3648650909414668,,
old,Noto2024,0937,200,30.27873420715332,169.72126579284668,0.7401162711199487,0.3520688698523031,0.7493998044481496,0.3520836555347202
old,Noto2024,0938,30,36.89614486694336,0.0,,0.0,,
old,Noto2024,0938,60,36.89614486694336,23.10385513305664,0.6230397285681284,0.4770831217559106,,
old,Noto2024,0938,90,36.89614486694336,53.10385513305664,0.6733268531936937,0.28948185688525285,,
old,Noto2024,0938,120,36.89614486694336,83.10385513305664,0.7419227897649976,0.04743133199720262,,
old,Noto2024,0938,160,36.89614486694336,123.10385513305664,0.717089775366177,0.4648332472283867,,
old,Noto2024,0938,200,36.89614486694336,163.10385513305664,0.8145735914661215,0.43985140270758905,0.8213763968603387,0.43986897776640443
old,Noto2024,0939,30,28.687936782836914,1.312063217163086,,1.2057834078609293,,
old,Noto2024,0939,60,28.687936782836914,31.312063217163086,0.7170412756900807,0.13512226938377303,,
old,Noto2024,0939,90,28.687936782836914,61.312063217163086,0.8396524200749602,0.32182141386276175,,
old,Noto2024,0939,120,28.687936782836914,91.31206321716309,0.8420402773051616,0.37889384215421984,,
old,Noto2024,0939,160,28.687936782836914,131.3120632171631,0.7620987345547688,0.3463009961934107,,
old,Noto2024,0939,200,28.687936782836914,171.3120632171631,0.7799914133500664,0.3318149764694125,0.7872637846838259,0.33182654408986156
old,Noto2024,0940,30,35.709049224853516,0.0,,0.0,,
old,Noto2024,0940,60,35.709049224853516,24.290950775146484,0.6635647429059741,0.46226231669103335,,
old,Noto2024,0940,90,35.709049224853516,54.290950775146484,0.7633280522969584,0.3487722358869032,,
old,Noto2024,0940,120,35.709049224853516,84.29095077514648,0.8024013398128771,0.16816160856215845,,
old,Noto2024,0940,160,35.709049224853516,124.29095077514648,0.6772940831648786,0.4958054762644961,,
old,Noto2024,0940,200,35.709049224853516,164.29095077514648,0.773488278333941,0.41047047313958984,0.7822264515695517,0.410485665799702
old,Noto2024,0941,30,27.14297103881836,2.8570289611816406,,0.5628008728295795,,
old,Noto2024,0941,60,27.14297103881836,32.85702896118164,0.5197431071728287,-0.3035025286253772,,
old,Noto2024,0941,90,27.14297103881836,62.85702896118164,0.8166432181545189,0.346547829778868,,
old,Noto2024,0941,120,27.14297103881836,92.85702896118164,0.8489016280254755,0.3685694919839877,,
old,Noto2024,0941,160,27.14297103881836,132.85702896118164,0.7274790225865442,0.09642114672934365,,
old,Noto2024,0941,200,27.14297103881836,172.85702896118164,0.6927302887689909,-0.06775903768255365,0.7031139828612879,-0.06771253851194103
old,Noto2024,0942,30,33.04815673828125,0.0,,0.0,,
old,Noto2024,0942,60,33.04815673828125,26.95184326171875,0.6312260781391299,0.10587891834916441,,
old,Noto2024,0942,90,33.04815673828125,56.95184326171875,0.8149711544273932,0.3238597597206905,,
old,Noto2024,0942,120,33.04815673828125,86.95184326171875,0.8709855033631345,0.22957340809819016,,
old,Noto2024,0942,160,33.04815673828125,126.95184326171875,0.7414514899131911,0.39372254254012784,,
old,Noto2024,0942,200,33.04815673828125,166.95184326171875,0.7677589732936715,0.14418066530369344,0.7767109119791574,0.14419949349534988
old,Noto2024,0943,30,35.8296012878418,0.0,,0.0,,
old,Noto2024,0943,60,35.8296012878418,24.170398712158203,0.5759588353051702,0.3384867760258956,,
old,Noto2024,0943,90,35.8296012878418,54.1703987121582,0.507477772396188,0.30856313549551295,,
old,Noto2024,0943,120,35.8296012878418,84.1703987121582,0.7669683975243471,0.1668973755685359,,
old,Noto2024,0943,160,35.8296012878418,124.1703987121582,0.7894978593779177,0.2461043231188329,,
old,Noto2024,0943,200,35.8296012878418,164.1703987121582,0.8108277922607505,0.3417521264173713,0.8185875932071461,0.3417789773904971
old,Noto2024,0944,30,38.824398040771484,0.0,,0.0,,
old,Noto2024,0944,60,38.824398040771484,21.175601959228516,0.6536742788828697,0.46809735280413456,,
old,Noto2024,0944,90,38.824398040771484,51.175601959228516,0.6509693654784657,0.3727219348703912,,
old,Noto2024,0944,120,38.824398040771484,81.17560195922852,0.7046466177583253,0.23243388138612442,,
old,Noto2024,0944,160,38.824398040771484,121.17560195922852,0.6387320018044405,0.5598092456871013,,
old,Noto2024,0944,200,38.824398040771484,161.17560195922852,0.790866426591341,0.226473955631616,0.7994902955085259,0.22649242268019965
old,Noto2024,0945,30,35.43436050415039,0.0,,0.0,,
old,Noto2024,0945,60,35.43436050415039,24.56563949584961,0.6019910281187738,0.36298435862411793,,
old,Noto2024,0945,90,35.43436050415039,54.56563949584961,0.6730004721658641,0.33326539047816084,,
old,Noto2024,0945,120,35.43436050415039,84.56563949584961,0.8153854985297753,0.23180085446144716,,
old,Noto2024,0945,160,35.43436050415039,124.56563949584961,0.6427679231188801,0.5154091525938371,,
old,Noto2024,0945,200,35.43436050415039,164.5656394958496,0.7576909739702781,0.5849960041059079,0.767206282461871,0.5850092283730151
old,Noto2024,0946,30,39.15171432495117,0.0,,0.0,,
old,Noto2024,0946,60,39.15171432495117,20.848285675048828,0.723662306716943,0.5861033047861639,,
old,Noto2024,0946,90,39.15171432495117,50.84828567504883,0.7888111436694029,0.3226383700935669,,
old,Noto2024,0946,120,39.15171432495117,80.84828567504883,0.8385832592618461,0.35804595237619186,,
old,Noto2024,0946,160,39.15171432495117,120.84828567504883,0.6982364900380887,0.5669639676983449,,
old,Noto2024,0946,200,39.15171432495117,160.84828567504883,0.8524557889099217,0.32461439251308377,0.8586492741803278,0.32462981865026563
old,Noto2024,0947,30,37.84687042236328,0.0,,0.0,,
old,Noto2024,0947,60,37.84687042236328,22.15312957763672,0.7131645813704882,0.2716612049469642,,
old,Noto2024,0947,90,37.84687042236328,52.15312957763672,0.7311999405966461,0.36008955178485547,,
old,Noto2024,0947,120,37.84687042236328,82.15312957763672,0.8530683821108799,0.2566651752408946,,
old,Noto2024,0947,160,37.84687042236328,122.15312957763672,0.6158611114291758,0.7185715495840155,,
old,Noto2024,0947,200,37.84687042236328,162.15312957763672,0.788770525775152,0.45742160398948783,0.797341755293188,0.4574355840481177
old,Noto2024,0948,30,31.408565521240234,0.0,,0.0,,
old,Noto2024,0948,60,31.408565521240234,28.591434478759766,0.6828053128648829,0.10665063747313752,,
old,Noto2024,0948,90,31.408565521240234,58.591434478759766,0.8335211442133615,0.35801735078578645,,
old,Noto2024,0948,120,31.408565521240234,88.59143447875977,0.8651180384920106,0.33594649255720554,,
old,Noto2024,0948,160,31.408565521240234,128.59143447875977,0.7794120110964127,0.27712161644878375,,
old,Noto2024,0948,200,31.408565521240234,168.59143447875977,0.7549465251315508,0.19656477268712536,0.7643719640148967,0.1965877678508292
old,Noto2024,0949,30,26.561973571777344,3.4380264282226562,,0.5656368970571748,,
old,Noto2024,0949,60,26.561973571777344,33.438026428222656,0.7131275799728137,0.13679350021140646,,
old,Noto2024,0949,90,26.561973571777344,63.438026428222656,0.7544035658325989,0.520803626010756,,
old,Noto2024,0949,120,26.561973571777344,93.43802642822266,0.8365171234481529,0.5102438130817495,,
old,Noto2024,0949,160,26.561973571777344,133.43802642822266,0.7495913364282657,0.4410080129595473,,
old,Noto2024,0949,200,26.561973571777344,173.43802642822266,0.7728831663878654,0.4208534354251894,0.779374106528376,0.4208643706205848
old,Noto2024,0950,30,30.981386184692383,0.0,,0.0,,
old,Noto2024,0950,60,30.981386184692383,29.018613815307617,0.7372518196801823,-0.23346096220609258,,
old,Noto2024,0950,90,30.981386184692383,59.01861381530762,0.8468663900014217,0.34363980839647734,,
old,Noto2024,0950,120,30.981386184692383,89.01861381530762,0.7875717662121682,0.4910575284259364,,
old,Noto2024,0950,160,30.981386184692383,129.01861381530762,0.7153165321231911,0.38806628231564577,,
old,Noto2024,0950,200,30.981386184692383,169.01861381530762,0.7574742885177512,0.20865419773841865,0.7658310923211533,0.20866627962058715
old,Noto2024,0951,30,33.005733489990234,0.0,,0.0,,
old,Noto2024,0951,60,33.005733489990234,26.994266510009766,0.680242881060741,0.15780170451501174,,
old,Noto2024,0951,90,33.005733489990234,56.994266510009766,0.7346193965269937,0.41703042513293553,,
old,Noto2024,0951,120,33.005733489990234,86.99426651000977,0.8649137088801394,0.5174187510375559,,
old,Noto2024,0951,160,33.005733489990234,126.99426651000977,0.7897672365726727,0.3954080728710778,,
old,Noto2024,0951,200,33.005733489990234,166.99426651000977,0.8051096292813049,0.39793724813941633,0.8122701576732901,0.3979521762636056
old,Noto2024,0952,30,22.124271392822266,7.875728607177734,0.8113793101091394,0.06929073828717947,,
old,Noto2024,0952,60,22.124271392822266,37.875728607177734,0.6850781511811869,-0.361068453470752,,
old,Noto2024,0952,90,22.124271392822266,67.87572860717773,0.5876176730731053,0.6901036497282549,,
old,Noto2024,0952,120,22.124271392822266,97.87572860717773,0.7610198308432448,0.4226182541898966,,
old,Noto2024,0952,160,22.124271392822266,137.87572860717773,0.6665986868596305,0.43952248095962165,,
old,Noto2024,0952,200,22.124271392822266,177.87572860717773,0.6942438414022464,0.5485021491262403,0.7019857281550174,0.5485076974724086
old,Noto2024,0954,30,21.81360626220703,8.186393737792969,0.7748156352501957,0.12182270838026632,,
old,Noto2024,0954,60,21.81360626220703,38.18639373779297,0.726981073350236,-0.459161355096815,,
old,Noto2024,0954,90,21.81360626220703,68.18639373779297,0.7401832446793948,0.6736694164013874,,
old,Noto2024,0954,120,21.81360626220703,98.18639373779297,0.7942147322977301,0.45716468160716506,,
old,Noto2024,0954,160,21.81360626220703,138.18639373779297,0.7919008024391303,0.2240149392001003,,
old,Noto2024,0954,200,21.81360626220703,178.18639373779297,0.7883692353485802,0.3875767706420161,0.7928745430575785,0.38758572531225344
old,Noto2024,0955,30,25.00132942199707,4.99867057800293,0.14902267350950602,0.35177272728833486,,
old,Noto2024,0955,60,25.00132942199707,34.99867057800293,0.726611392808809,-0.24010120375278188,,
old,Noto2024,0955,90,25.00132942199707,64.99867057800293,0.7293152598038135,0.49133912511000677,,
old,Noto2024,0955,120,25.00132942199707,94.99867057800293,0.793969853233489,0.5605558783418401,,
old,Noto2024,0955,160,25.00132942199707,134.99867057800293,0.7783398225578277,0.298387292573449,,
old,Noto2024,0955,200,25.00132942199707,174.99867057800293,0.7878957199234554,0.25537081524957994,0.793770355968873,0.2553830178622407
old,Noto2024,0956,30,28.228073120117188,1.7719268798828125,,1.071229269972707,,
old,Noto2024,0956,60,28.228073120117188,31.771926879882812,0.5209971729074029,0.1629023463076491,,
old,Noto2024,0956,90,28.228073120117188,61.77192687988281,0.7779182334554485,0.30640938584890876,,
old,Noto2024,0956,120,28.228073120117188,91.77192687988281,0.8096104717214684,0.8154766064806216,,
old,Noto2024,0956,160,28.228073120117188,131.7719268798828,0.7924748049187148,0.2493612496421349,,
old,Noto2024,0956,200,28.228073120117188,171.7719268798828,0.7325549520286725,-0.0004799662507890545,0.7419041957216835,-0.00045918727841165463
old,Noto2024,0957,30,24.323816299438477,5.676183700561523,0.4576737908077978,0.2975243954469562,,
old,Noto2024,0957,60,24.323816299438477,35.67618370056152,0.7826125851647614,-0.2012843449936783,,
old,Noto2024,0957,90,24.323816299438477,65.67618370056152,0.6639316867676898,0.5995391184192043,,
old,Noto2024,0957,120,24.323816299438477,95.67618370056152,0.7927415790526603,0.43383824101454405,,
old,Noto2024,0957,160,24.323816299438477,135.67618370056152,0.7488354409504516,0.12299019877496864,,
old,Noto2024,0957,200,24.323816299438477,175.67618370056152,0.7522978151187366,0.23940478095734097,0.7588087161701993,0.23941691019751943
old,Noto2024,0958,30,28.86001968383789,1.1399803161621094,,1.297772472179136,,
old,Noto2024,0958,60,28.86001968383789,31.13998031616211,0.7761175071860033,0.09610022552393627,,
old,Noto2024,0958,90,28.86001968383789,61.13998031616211,0.7394357668279669,0.4384098455733989,,
old,Noto2024,0958,120,28.86001968383789,91.13998031616211,0.7959746083060212,0.5121278607949256,,
old,Noto2024,0958,160,28.86001968383789,131.1399803161621,0.8009975664831773,0.4291722759133352,,
old,Noto2024,0958,200,28.86001968383789,171.1399803161621,0.8059399325080522,0.42525464692133585,0.8119097328600526,0.42526675516706103
old,Noto2024,0959,30,45.03721618652344,0.0,,0.0,,
old,Noto2024,0959,60,45.03721618652344,14.962783813476562,0.759938311124059,0.8184408245517929,,
old,Noto2024,0959,90,45.03721618652344,44.96278381347656,0.6622139635636959,-0.0010137450551095384,,
old,Noto2024,0959,120,45.03721618652344,74.96278381347656,0.6460619884450317,0.6971003722514171,,
old,Noto2024,0959,160,45.03721618652344,114.96278381347656,0.6838448924807825,0.53297400918657,,
old,Noto2024,0959,200,45.03721618652344,154.96278381347656,0.8658140407072261,0.6258612250899871,0.8722378669928712,0.6258824313686473
old,Noto2024,0961,30,20.609704971313477,9.390295028686523,0.7485596839582911,0.11769300084176315,,
old,Noto2024,0961,60,20.609704971313477,39.39029502868652,0.627898484116686,-0.4814378255436269,,
old,Noto2024,0961,90,20.609704971313477,69.39029502868652,0.8206825790505284,0.4322505709586082,,
old,Noto2024,0961,120,20.609704971313477,99.39029502868652,0.8461730413961995,0.11569784257348914,,
old,Noto2024,0961,160,20.609704971313477,139.39029502868652,0.7931807512652764,0.07983987464146747,,
old,Noto2024,0961,200,20.609704971313477,179.39029502868652,0.7712712190360792,0.06517252317205635,0.7765055441856187,0.06519027396730781
old,Noto2024,0962,30,15.812174797058105,14.187825202941895,0.8218738577179542,-0.1386187141102182,,
old,Noto2024,0962,60,15.812174797058105,44.187825202941895,0.719043692054485,-0.2633820284188486,,
old,Noto2024,0962,90,15.812174797058105,74.1878252029419,0.5193891912184114,0.7429593476627714,,
old,Noto2024,0962,120,15.812174797058105,104.1878252029419,0.8409671702650857,0.4816778367780783,,
old,Noto2024,0962,160,15.812174797058105,144.1878252029419,0.7178215147091155,0.501777290757988,,
old,Noto2024,0962,200,15.812174797058105,184.1878252029419,0.7411314610490455,0.579552225747169,0.7452901252401811,0.5795564914467422
old,Noto2024,0963,30,22.65398597717285,7.346014022827148,0.8115531119720035,0.19511181406080613,,
old,Noto2024,0963,60,22.65398597717285,37.34601402282715,0.7432307778933497,-0.2951014491863493,,
old,Noto2024,0963,90,22.65398597717285,67.34601402282715,0.7402051412800406,0.531799016050873,,
old,Noto2024,0963,120,22.65398597717285,97.34601402282715,0.8120222204750948,0.2715324742411198,,
old,Noto2024,0963,160,22.65398597717285,137.34601402282715,0.7425356041677487,0.3026823664741629,,
old,Noto2024,0963,200,22.65398597717285,177.34601402282715,0.7639096274904121,0.38006554062641396,0.7692193616504995,0.3800763475929827
old,Noto2024,0964,30,14.401264190673828,15.598735809326172,0.82516257808323,-0.16368479479984632,,
old,Noto2024,0964,60,14.401264190673828,45.59873580932617,0.7490354056371737,-0.3325537191904884,,
old,Noto2024,0964,90,14.401264190673828,75.59873580932617,0.458729384674676,0.8029792681630168,,
old,Noto2024,0964,120,14.401264190673828,105.59873580932617,0.8258268362208945,0.5524305886773417,,
old,Noto2024,0964,160,14.401264190673828,145.59873580932617,0.6747150740599646,0.5702535473954127,,
old,Noto2024,0964,200,14.401264190673828,185.59873580932617,0.7408452770358714,0.6335120832388954,0.7447756825449454,0.6335153535137819
old,Noto2024,0965,30,35.42550277709961,0.0,,0.0,,
old,Noto2024,0965,60,35.42550277709961,24.57449722290039,0.7094790199225554,0.06789648635610046,,
old,Noto2024,0965,90,35.42550277709961,54.57449722290039,0.7791999973139903,0.28221917946245423,,
old,Noto2024,0965,120,35.42550277709961,84.57449722290039,0.8704453998758058,0.17110839114228593,,
old,Noto2024,0965,160,35.42550277709961,124.57449722290039,0.6171229712978193,0.5744553046820089,,
old,Noto2024,0965,200,35.42550277709961,164.5744972229004,0.7364674640558551,0.581493872084553,0.747170225359937,0.5815048091475417
old,Noto2024,0966,30,8.57532787322998,21.42467212677002,0.8734516280824156,-0.5101562728142257,,
old,Noto2024,0966,60,8.57532787322998,51.42467212677002,0.6290973366524336,0.20997111655614997,,
old,Noto2024,0966,90,8.57532787322998,81.42467212677002,0.8568655079696136,0.1693051154405607,,
old,Noto2024,0966,120,8.57532787322998,111.42467212677002,0.7757038715330881,-0.11573597945651404,,
old,Noto2024,0966,160,8.57532787322998,151.42467212677002,0.6373402634905648,0.09674885092293817,,
old,Noto2024,0966,200,8.57532787322998,191.42467212677002,0.7072513609096496,0.1282186943663417,0.7097200757695971,0.12822234156468681
old,Noto2024,0967,30,9.439701080322266,20.560298919677734,0.8461610491476762,-0.6074851564293011,,
old,Noto2024,0967,60,9.439701080322266,50.560298919677734,0.6214644473295057,0.3044615471186374,,
old,Noto2024,0967,90,9.439701080322266,80.56029891967773,0.7496464692956054,0.5468817593945134,,
old,Noto2024,0967,120,9.439701080322266,110.56029891967773,0.8351086353355902,0.33735353282232694,,
old,Noto2024,0967,160,9.439701080322266,150.56029891967773,0.6216171236702279,0.43199772296286465,,
old,Noto2024,0967,200,9.439701080322266,190.56029891967773,0.7220242960809109,0.5210214456221509,0.7247334589233239,0.5210241517842151
old,Noto2024,0968,30,10.461926460266113,19.538073539733887,0.8256798989264611,-0.5488020741376491,,
old,Noto2024,0968,60,10.461926460266113,49.53807353973389,0.657364008693717,0.04741176002466574,,
old,Noto2024,0968,90,10.461926460266113,79.53807353973389,0.8722297098570415,0.20537104578750132,,
old,Noto2024,0968,120,10.461926460266113,109.53807353973389,0.8417061108994629,-0.024239421009032647,,
old,Noto2024,0968,160,10.461926460266113,149.5380735397339,0.6819377902151667,0.16233803588499285,,
old,Noto2024,0968,200,10.461926460266113,189.5380735397339,0.723936371630976,0.25074051318054114,0.7267402549027644,0.2507453983848551
old,Noto2024,0969,30,13.727945327758789,16.27205467224121,0.8266328885488115,-0.27460930505367287,,
old,Noto2024,0969,60,13.727945327758789,46.27205467224121,0.5469928030371736,-0.20782105998773126,,
old,Noto2024,0969,90,13.727945327758789,76.27205467224121,0.8826256239403758,-0.26318632820604204,,
old,Noto2024,0969,120,13.727945327758789,106.27205467224121,0.7650703758314719,-0.77857167326935,,
old,Noto2024,0969,160,13.727945327758789,146.2720546722412,0.5122486230009863,-0.7952747018354716,,
old,Noto2024,0969,200,13.727945327758789,186.2720546722412,0.30639470492837856,-0.7238677299535441,0.3151797849394105,-0.7234096697466725
old,Noto2024,0970,30,14.37742805480957,15.62257194519043,0.8578486525654176,-0.049051057589625024,,
old,Noto2024,0970,60,14.37742805480957,45.62257194519043,0.6961761685962028,0.08876802402941841,,
old,Noto2024,0970,90,14.37742805480957,75.62257194519043,0.785713572499884,0.326978121813724,,
old,Noto2024,0970,120,14.37742805480957,105.62257194519043,0.8136551710026118,0.00580770583011514,,
old,Noto2024,0970,160,14.37742805480957,145.62257194519043,0.7476237999650226,-0.0923218885852819,,
old,Noto2024,0970,200,14.37742805480957,185.62257194519043,0.7639200544856324,0.0940152390950475,0.7672861570535978,0.09402464751128026
old,Noto2024,0972,30,5.629940032958984,24.370059967041016,0.8084681460196563,-0.9484229539891444,,
old,Noto2024,0972,60,5.629940032958984,54.370059967041016,0.5215034302291979,-0.1679665845625422,,
old,Noto2024,0972,90,5.629940032958984,84.37005996704102,0.7053834845474892,0.12381556948664496,,
old,Noto2024,0972,120,5.629940032958984,114.37005996704102,0.902750663629748,-0.11330191644617837,,
old,Noto2024,0972,160,5.629940032958984,154.37005996704102,0.6617981208747875,-0.10787106924906009,,
old,Noto2024,0972,200,5.629940032958984,194.37005996704102,0.6963629529093996,-0.05056643209504852,0.6979949889674975,-0.05056340773870449
old,Noto2024,0973,30,15.767522811889648,14.232477188110352,0.8277989764223603,-0.038971941974686786,,
old,Noto2024,0973,60,15.767522811889648,44.23247718811035,0.6542837640774376,-0.355366798167708,,
old,Noto2024,0973,90,15.767522811889648,74.23247718811035,0.8283863589258657,-0.11889935954095865,,
old,Noto2024,0973,120,15.767522811889648,104.23247718811035,0.8266134316074393,-0.25709620238445563,,
old,Noto2024,0973,160,15.767522811889648,144.23247718811035,0.6590459129658374,-0.39200183972986924,,
old,Noto2024,0973,200,15.767522811889648,184.23247718811035,0.6117416623033992,-0.3464360526759007,0.6186441525110831,-0.34635654781225167
old,Noto2024,0975,30,23.841129302978516,6.158870697021484,0.7371308505330185,0.2959688985817861,,
old,Noto2024,0975,60,23.841129302978516,36.158870697021484,0.6949416700354993,-0.21332229114478718,,
old,Noto2024,0975,90,23.841129302978516,66.15887069702148,0.8895632899809132,-0.2461586186577689,,
old,Noto2024,0975,120,23.841129302978516,96.15887069702148,0.8160344334925137,-0.3018011915827543,,
old,Noto2024,0975,160,23.841129302978516,136.15887069702148,0.8205961858675529,-0.38480610020080075,,
old,Noto2024,0975,200,23.841129302978516,176.15887069702148,0.7062464341681615,-0.3045455988247765,0.7144015410188707,-0.3044672629854732
old,Noto2024,0976,30,23.437198638916016,6.562801361083984,0.7372260282411291,0.19762719972460996,,
old,Noto2024,0976,60,23.437198638916016,36.562801361083984,0.7428473494078115,0.0538911463586178,,
old,Noto2024,0976,90,23.437198638916016,66.56280136108398,0.790832322481316,-0.2877736398797195,,
old,Noto2024,0976,120,23.437198638916016,96.56280136108398,0.7956127908586489,-0.04714688354503682,,
old,Noto2024,0976,160,23.437198638916016,136.56280136108398,0.6983819710315468,-0.33104217731529406,,
old,Noto2024,0976,200,23.437198638916016,176.56280136108398,0.6338207572533744,-0.2646991338748661,0.6445477520436629,-0.26460274292271446
old,Noto2024,0979,30,25.979421615600586,4.020578384399414,0.15004811448768712,0.33317671778616376,,
old,Noto2024,0979,60,25.979421615600586,34.020578384399414,0.6860678262995419,0.04973314220751046,,
old,Noto2024,0979,90,25.979421615600586,64.02057838439941,0.7273896531435247,0.4551522881766674,,
old,Noto2024,0979,120,25.979421615600586,94.02057838439941,0.7400862806385894,0.4453184945097659,,
old,Noto2024,0979,160,25.979421615600586,134.0205783843994,0.7720209779589711,0.35075583444803726,,
old,Noto2024,0979,200,25.979421615600586,174.0205783843994,0.7862417061147803,0.42188894461181103,0.7916932703307806,0.4218992279003517
old,Noto2024,0981,30,32.2597770690918,0.0,,0.0,,
old,Noto2024,0981,60,32.2597770690918,27.740222930908203,0.6614920159280805,0.34233383837360787,,
old,Noto2024,0981,90,32.2597770690918,57.7402229309082,0.8200942337600039,0.1391190341985773,,
old,Noto2024,0981,120,32.2597770690918,87.7402229309082,0.7629426648365986,0.3603788438214197,,
old,Noto2024,0981,160,32.2597770690918,127.7402229309082,0.8367310259411865,0.07654103619139097,,
old,Noto2024,0981,200,32.2597770690918,167.7402229309082,0.8015743340672554,0.0006619658946673823,0.809292815995066,0.0006981689042433459
old,Noto2024,0982,30,17.656295776367188,12.343704223632812,0.8323377119926019,-0.09744417957124796,,
old,Noto2024,0982,60,17.656295776367188,42.34370422363281,0.7459915310006306,-0.34491040535446427,,
old,Noto2024,0982,90,17.656295776367188,72.34370422363281,0.48415274769552286,0.8029148487480926,,
old,Noto2024,0982,120,17.656295776367188,102.34370422363281,0.7598422549914017,0.5146602736325461,,
old,Noto2024,0982,160,17.656295776367188,142.3437042236328,0.6822608240037809,0.5321059220356448,,
old,Noto2024,0982,200,17.656295776367188,182.3437042236328,0.7328013322400058,0.6203894071509444,0.7377814418368588,0.6203942306221224
old,Noto2024,0983,30,14.467657089233398,15.532342910766602,0.8294399415582008,-0.349284300823844,,
old,Noto2024,0983,60,14.467657089233398,45.5323429107666,0.6811043718103162,-0.05625248761658952,,
old,Noto2024,0983,90,14.467657089233398,75.5323429107666,0.5972977556177638,0.7100912789259466,,
old,Noto2024,0983,120,14.467657089233398,105.5323429107666,0.8465384882546563,0.4963527846565441,,
old,Noto2024,0983,160,14.467657089233398,145.5323429107666,0.7296990035857723,0.5292673838142194,,
old,Noto2024,0983,200,14.467657089233398,185.5323429107666,0.7562440066079771,0.5976513266530104,0.7597322389325045,0.5976555015000775
old,Noto2024,0984,30,16.67643928527832,13.32356071472168,0.8428058841757585,-0.1239125064151505,,
old,Noto2024,0984,60,16.67643928527832,43.32356071472168,0.675874752734774,-0.19040659775106228,,
old,Noto2024,0984,90,16.67643928527832,73.32356071472168,0.6141370477135911,0.7637912539376854,,
old,Noto2024,0984,120,16.67643928527832,103.32356071472168,0.7941554710777534,0.49156566412938485,,
old,Noto2024,0984,160,16.67643928527832,143.32356071472168,0.7503761801143765,0.5192372755773524,,
old,Noto2024,0984,200,16.67643928527832,183.32356071472168,0.7392456939993342,0.5928386788151334,0.7435106132391329,0.5928433219952014
old,Noto2024,0985,30,21.286819458007812,8.713180541992188,0.7728539291303311,-0.001121616421114524,,
old,Noto2024,0985,60,21.286819458007812,38.71318054199219,0.758847874622399,-0.0674937324213305,,
old,Noto2024,0985,90,21.286819458007812,68.71318054199219,0.697708063541518,0.7001189889711652,,
old,Noto2024,0985,120,21.286819458007812,98.71318054199219,0.7584431410717701,0.5273959250180296,,
old,Noto2024,0985,160,21.286819458007812,138.7131805419922,0.714605872869369,0.44367174744577387,,
old,Noto2024,0985,200,21.286819458007812,178.7131805419922,0.7279069457646257,0.5570229872415409,0.7340228686423101,0.5570286784896128
old,Noto2024,0986,30,22.551403045654297,7.448596954345703,0.8119916993470201,0.08851949423987548,,
old,Noto2024,0986,60,22.551403045654297,37.4485969543457,0.6904258281719009,-0.033814171865470755,,
old,Noto2024,0986,90,22.551403045654297,67.4485969543457,0.8590019947452424,0.42423994746814486,,
old,Noto2024,0986,120,22.551403045654297,97.4485969543457,0.7520020235212999,0.17811920884838894,,
old,Noto2024,0986,160,22.551403045654297,137.4485969543457,0.8123460850947124,-0.4001748080871268,,
old,Noto2024,0986,200,22.551403045654297,177.4485969543457,0.7146386492678551,-0.3467786443776104,0.7223040544503891,-0.34673864619577
old,Noto2024,0987,30,24.555967330932617,5.444032669067383,0.4577619522351883,0.33356872928067816,,
old,Noto2024,0987,60,24.555967330932617,35.44403266906738,0.5819326049759395,-0.11576121464884448,,
old,Noto2024,0987,90,24.555967330932617,65.44403266906738,0.795248133139985,0.44623885390980167,,
old,Noto2024,0987,120,24.555967330932617,95.44403266906738,0.7053188009570847,0.30851812395671185,,
old,Noto2024,0987,160,24.555967330932617,135.44403266906738,0.8130776989276391,-0.3159571173555831,,
old,Noto2024,0987,200,24.555967330932617,175.44403266906738,0.7524474561635439,-0.27661655175415234,0.7594991777418271,-0.2765829452276831
old,Noto2024,0988,30,23.690534591674805,6.309465408325195,0.7378938131762769,0.3463265003969962,,
old,Noto2024,0988,60,23.690534591674805,36.309465408325195,0.4615387166209254,-0.10833643536247894,,
old,Noto2024,0988,90,23.690534591674805,66.3094654083252,0.8767560459338528,0.10311758149160966,,
old,Noto2024,0988,120,23.690534591674805,96.3094654083252,0.7417505714405201,0.09824618614506608,,
old,Noto2024,0988,160,23.690534591674805,136.3094654083252,0.7538655331562656,-0.43459164698225106,,
old,Noto2024,0988,200,23.690534591674805,176.3094654083252,0.5688447938959471,-0.27363628050365474,0.5805344539729511,-0.27344613863224776
old,Noto2024,0989,30,26.073732376098633,3.926267623901367,,0.34739781139933257,,
old,Noto2024,0989,60,26.073732376098633,33.92626762390137,0.6687201027094829,-0.05702623402691831,,
old,Noto2024,0989,90,26.073732376098633,63.92626762390137,0.8531028662749903,0.09607822112160402,,
old,Noto2024,0989,120,26.073732376098633,93.92626762390137,0.7338672791095705,0.07344353281803251,,
old,Noto2024,0989,160,26.073732376098633,133.92626762390137,0.8094339900013195,-0.33949040584993373,,
old,Noto2024,0989,200,26.073732376098633,173.92626762390137,0.7600766257891918,-0.20068565697507967,0.7674878903573624,-0.20064846871975828
old,Noto2024,0990,30,19.15939712524414,10.84060287475586,0.7967405269925472,0.10922505604114008,,
old,Noto2024,0990,60,19.15939712524414,40.84060287475586,0.518338199940365,0.009841902846742911,,
old,Noto2024,0990,90,19.15939712524414,70.84060287475586,0.7861079695926425,-0.36148440456684927,,
old,Noto2024,0990,120,19.15939712524414,100.84060287475586,0.785553182279013,-0.505897008694852,,
old,Noto2024,0990,160,19.15939712524414,140.84060287475586,0.6204237819890843,-0.7583603846193725,,
old,Noto2024,0990,200,19.15939712524414,180.84060287475586,0.4638947272992972,-0.6767744549056216,0.4757216681748361,-0.6764567248331801
old,Noto2024,0992,30,27.716773986816406,2.2832260131835938,,0.6906767165382321,,
old,Noto2024,0992,60,27.716773986816406,32.283226013183594,0.629537982553794,0.2019274399735762,,
old,Noto2024,0992,90,27.716773986816406,62.283226013183594,0.822604884320609,-0.10075683977285355,,
old,Noto2024,0992,120,27.716773986816406,92.2832260131836,0.7327528454383946,-0.05525238904972696,,
old,Noto2024,0992,160,27.716773986816406,132.2832260131836,0.7917687480873014,-0.5012237693380213,,
old,Noto2024,0992,200,27.716773986816406,172.2832260131836,0.689762990531171,-0.34801472568616276,0.7002249987141478,-0.347876372162645
old,Noto2024,0995,30,33.841148376464844,0.0,,0.0,,
old,Noto2024,0995,60,33.841148376464844,26.158851623535156,0.7174010179980373,0.3469280502501251,,
old,Noto2024,0995,90,33.841148376464844,56.158851623535156,0.8210344419913396,0.26272307312674315,,
old,Noto2024,0995,120,33.841148376464844,86.15885162353516,0.8207316287827531,0.057078021040058324,,
old,Noto2024,0995,160,33.841148376464844,126.15885162353516,0.7909137967893212,0.11911355635950116,,
old,Noto2024,0995,200,33.841148376464844,166.15885162353516,0.7814377250737494,0.1176207324140135,0.7902485779123185,0.1176757814198055
old,Noto2024,1011,30,53.679325103759766,0.0,,0.0,,
old,Noto2024,1011,60,53.679325103759766,6.320674896240234,0.778352715248656,0.8255728803386946,,
old,Noto2024,1011,90,53.679325103759766,36.320674896240234,0.8621971262178534,0.4659113775892125,,
old,Noto2024,1011,120,53.679325103759766,66.32067489624023,0.8504883373376808,0.34547602301607316,,
old,Noto2024,1011,160,53.679325103759766,106.32067489624023,0.7148138041691463,0.09514089573927453,,
old,Noto2024,1011,200,53.679325103759766,146.32067489624023,0.7555316957881869,0.10353175086649724,0.7709903909453083,0.10360702738869776
old,Noto2024,1079,30,88.56747436523438,0.0,,0.0,,
old,Noto2024,1079,60,88.56747436523438,0.0,,0.0,,
old,Noto2024,1079,90,88.56747436523438,1.432525634765625,,1.7862448857730415,,
old,Noto2024,1079,120,88.56747436523438,31.432525634765625,0.9031969337160114,0.6110269809395614,,
old,Noto2024,1079,160,88.56747436523438,71.43252563476562,0.8271593917948737,0.34206854057874647,,
old,Noto2024,1079,200,88.56747436523438,111.43252563476562,0.7487999606829748,0.584721305203499,0.7822062353134974,0.5849131436643349
old,Noto2024,1102,30,32.253849029541016,0.0,,0.0,,
old,Noto2024,1102,60,32.253849029541016,27.746150970458984,0.6438471810709216,0.4190069758527484,,
old,Noto2024,1102,90,32.253849029541016,57.746150970458984,0.6918259415822269,0.19139498997545967,,
old,Noto2024,1102,120,32.253849029541016,87.74615097045898,0.6884092541154674,0.54042675939984,,
old,Noto2024,1102,160,32.253849029541016,127.74615097045898,0.824873322638382,0.03227096877757685,,
old,Noto2024,1102,200,32.253849029541016,167.74615097045898,0.8367094871909644,0.16006705850999747,0.842693446226801,0.16009730505187036
old,Noto2024,1119,30,70.81785583496094,0.0,,0.0,,
old,Noto2024,1119,60,70.81785583496094,0.0,,0.0,,
old,Noto2024,1119,90,70.81785583496094,19.182144165039062,0.7123821615860338,0.5252103803891117,,
old,Noto2024,1119,120,70.81785583496094,49.18214416503906,0.4099768715206255,0.03733707209255055,,
old,Noto2024,1119,160,70.81785583496094,89.18214416503906,0.49891807419747836,0.014878961612756036,,
old,Noto2024,1119,200,70.81785583496094,129.18214416503906,0.7382613574462308,0.24714679909278203,0.7679426648725733,0.24724423646404148
old,Noto2024,1127,30,24.90770721435547,5.092292785644531,0.4572701048316626,0.6070692390794097,,
old,Noto2024,1127,60,24.90770721435547,35.09229278564453,0.8103121628584485,-0.05068683214272163,,
old,Noto2024,1127,90,24.90770721435547,65.09229278564453,0.7162057352029956,0.36042924901394,,
old,Noto2024,1127,120,24.90770721435547,95.09229278564453,0.7214128751967191,0.26547782633329575,,
old,Noto2024,1127,160,24.90770721435547,135.09229278564453,0.7347971702966527,-0.013951892834408675,,
old,Noto2024,1127,200,24.90770721435547,175.09229278564453,0.7481237056685486,0.15961922255994665,0.754375077617823,0.15963007142748342
old,Noto2024,1128,30,30.004697799682617,0.0,,0.0,,
old,Noto2024,1128,60,30.004697799682617,29.995302200317383,0.6206101821981865,0.35380504927655476,,
old,Noto2024,1128,90,30.004697799682617,59.99530220031738,0.8447914484579039,-0.13347556268655136,,
old,Noto2024,1128,120,30.004697799682617,89.99530220031738,0.7797437483043322,-0.08265344067246883,,
old,Noto2024,1128,160,30.004697799682617,129.99530220031738,0.7637496703463404,-0.45592608568631476,,
old,Noto2024,1128,200,30.004697799682617,169.99530220031738,0.6303778448392846,-0.34577680155660584,0.6444631550641666,-0.3455391464476181
old,Noto2024,1144,30,39.47998809814453,0.0,,0.0,,
old,Noto2024,1144,60,39.47998809814453,20.52001190185547,0.7231596182837365,0.5252908643296497,,
old,Noto2024,1144,90,39.47998809814453,50.52001190185547,0.44227331296387706,0.16766938759339922,,
old,Noto2024,1144,120,39.47998809814453,80.52001190185547,0.8152491527842461,0.4041712265320312,,
old,Noto2024,1144,160,39.47998809814453,120.52001190185547,0.7923767204541411,0.461170807790249,,
old,Noto2024,1144,200,39.47998809814453,160.52001190185547,0.8725617579089269,0.5393340365540285,0.8778813887278156,0.5393539113762733
old,Noto2024,1158,30,8.94851303100586,21.05148696899414,0.85882410584061,-0.7060085156447711,,
old,Noto2024,1158,60,8.94851303100586,51.05148696899414,0.43970661488807866,-0.579959638431478,,
old,Noto2024,1158,90,8.94851303100586,81.05148696899414,0.5359590162181177,-0.4318438517152048,,
old,Noto2024,1158,120,8.94851303100586,111.05148696899414,0.3745790164077852,-0.6255903012936246,,
old,Noto2024,1158,160,8.94851303100586,151.05148696899414,0.27816407261374404,-0.6014524375231289,,
old,Noto2024,1158,200,8.94851303100586,191.05148696899414,0.27084298692681025,-0.6146535162639495,0.2763914442862636,-0.6143314206612116
old,Noto2024,1160,30,40.01359939575195,0.0,,0.0,,
old,Noto2024,1160,60,40.01359939575195,19.986400604248047,0.6514610337799365,0.4663325338185995,,
old,Noto2024,1160,90,40.01359939575195,49.98640060424805,0.5783230686313248,0.19834979799267494,,
old,Noto2024,1160,120,40.01359939575195,79.98640060424805,0.7820085945925604,0.2192769640023684,,
old,Noto2024,1160,160,40.01359939575195,119.98640060424805,0.8664925561892082,0.06233716399279121,,
old,Noto2024,1160,200,40.01359939575195,159.98640060424805,0.7155046527577407,-0.09185663535585586,0.7304262366329796,-0.09165078904517987
old,Noto2024,1162,30,28.95857048034668,1.0414295196533203,,1.6762949267218854,,
old,Noto2024,1162,60,28.95857048034668,31.04142951965332,0.5911994056447768,0.03986212382284737,,
old,Noto2024,1162,90,28.95857048034668,61.04142951965332,0.3531242483257382,-0.11740328072389605,,
old,Noto2024,1162,120,28.95857048034668,91.04142951965332,0.8034659469821123,0.12302586510682811,,
old,Noto2024,1162,160,28.95857048034668,131.04142951965332,0.6867254530125162,-0.07551966313371583,,
old,Noto2024,1162,200,28.95857048034668,171.04142951965332,0.7566738035873086,-0.13267472769519895,0.7648546686068765,-0.13262324778690004
old,Noto2024,1171,30,36.26603698730469,0.0,,0.0,,
old,Noto2024,1171,60,36.26603698730469,23.733963012695312,0.7088611018376048,0.035577740010166004,,
old,Noto2024,1171,90,36.26603698730469,53.73396301269531,0.5374073485536589,0.2532150997491103,,
old,Noto2024,1171,120,36.26603698730469,83.73396301269531,0.8252098602150918,0.5509572745875717,,
old,Noto2024,1171,160,36.26603698730469,123.73396301269531,0.7080241784785627,0.7757340574482852,,
old,Noto2024,1171,200,36.26603698730469,163.7339630126953,0.8280877769807368,0.6357755074301563,0.8342076713180275,0.6357873361701563
old,Noto2024,1178,30,42.0513916015625,0.0,,0.0,,
old,Noto2024,1178,60,42.0513916015625,17.9486083984375,0.716254030311619,0.6877757578141175,,
old,Noto2024,1178,90,42.0513916015625,47.9486083984375,0.6198641605426185,0.16478135930152593,,
old,Noto2024,1178,120,42.0513916015625,77.9486083984375,0.7515528089462641,0.5563692742622974,,
old,Noto2024,1178,160,42.0513916015625,117.9486083984375,0.8240055796290653,0.43379257123342807,,
old,Noto2024,1178,200,42.0513916015625,157.9486083984375,0.849632786746958,0.18458667765771963,0.857263812946244,0.1846452373598142
old,Noto2024,1181,30,41.841957092285156,0.0,,0.0,,
old,Noto2024,1181,60,41.841957092285156,18.158042907714844,0.7024983416621032,0.585477352306242,,
old,Noto2024,1181,90,41.841957092285156,48.158042907714844,0.5203630500131292,0.21320605210118515,,
old,Noto2024,1181,120,41.841957092285156,78.15804290771484,0.7051623436845452,0.18819255432083537,,
old,Noto2024,1181,160,41.841957092285156,118.15804290771484,0.5148820979894111,0.5520265917329601,,
old,Noto2024,1181,200,41.841957092285156,158.15804290771484,0.8083042793427807,0.3212920942431339,0.8171871238636605,0.32130870596243
old,Noto2024,1186,30,22.228469848632812,7.7715301513671875,0.8115437406862986,0.00014859504507036547,,
old,Noto2024,1186,60,22.228469848632812,37.77153015136719,0.41900405419049797,-0.20116775607865378,,
old,Noto2024,1186,90,22.228469848632812,67.77153015136719,0.8233751453316487,0.2185472965568609,,
old,Noto2024,1186,120,22.228469848632812,97.77153015136719,0.8145965771352739,0.12024143099803108,,
old,Noto2024,1186,160,22.228469848632812,137.7715301513672,0.7806091221407594,0.18759447233485815,,
old,Noto2024,1186,200,22.228469848632812,177.7715301513672,0.8100102093074566,0.12323930601037869,0.8145074174924004,0.12325113772674712
old,Noto2024,1187,30,53.081871032714844,0.0,,0.0,,
old,Noto2024,1187,60,53.081871032714844,6.918128967285156,0.7721180638323568,0.6661293468420926,,
old,Noto2024,1187,90,53.081871032714844,36.918128967285156,0.7414153762723585,0.10954554208881007,,
old,Noto2024,1187,120,53.081871032714844,66.91812896728516,0.8337445256595977,0.05302679881229455,,
old,Noto2024,1187,160,53.081871032714844,106.91812896728516,0.8017015265592627,-0.1440898333645677,,
old,Noto2024,1187,200,53.081871032714844,146.91812896728516,0.8067887261796551,0.0022931105746692992,0.8203400407497146,0.0024211772860880387
old,Noto2024,1194,30,41.2581672668457,0.0,,0.0,,
old,Noto2024,1194,60,41.2581672668457,18.741832733154297,0.7395023684694592,0.5438538446555681,,
old,Noto2024,1194,90,41.2581672668457,48.7418327331543,0.5718348271761766,0.4125504175092143,,
old,Noto2024,1194,120,41.2581672668457,78.7418327331543,0.8023034947381719,0.6910796970048549,,
old,Noto2024,1194,160,41.2581672668457,118.7418327331543,0.7641019876575532,0.44637616212149567,,
old,Noto2024,1194,200,41.2581672668457,158.7418327331543,0.8591633590610179,0.5401575276944817,0.8655555975939677,0.5401943411000962
old,Noto2024,1202,30,50.941715240478516,0.0,,0.0,,
old,Noto2024,1202,60,50.941715240478516,9.058284759521484,0.8479224067699607,1.0276138663896504,,
old,Noto2024,1202,90,50.941715240478516,39.058284759521484,0.7145603156856319,0.006700585965823791,,
old,Noto2024,1202,120,50.941715240478516,69.05828475952148,0.5234412106727192,0.762585956354644,,
old,Noto2024,1202,160,50.941715240478516,109.05828475952148,0.7749642548794421,0.28373709362306965,,
old,Noto2024,1202,200,50.941715240478516,149.05828475952148,0.8362848678838274,0.2100212446326042,0.8464420884702674,0.21009207845967115
old,Noto2024,1206,30,30.989307403564453,0.0,,0.0,,
old,Noto2024,1206,60,30.989307403564453,29.010692596435547,0.7520285646702836,0.3908799957225826,,
old,Noto2024,1206,90,30.989307403564453,59.01069259643555,0.7691100845257568,0.3814654496250398,,
old,Noto2024,1206,120,30.989307403564453,89.01069259643555,0.8641082563806035,0.5485150210356897,,
old,Noto2024,1206,160,30.989307403564453,129.01069259643555,0.7914943497502782,0.3646404299476176,,
old,Noto2024,1206,200,30.989307403564453,169.01069259643555,0.7710860778251682,0.37605882681409764,0.7792570037839456,0.3760737618697263
old,Noto2024,1209,30,37.042320251464844,0.0,,0.0,,
old,Noto2024,1209,60,37.042320251464844,22.957679748535156,0.6758432635505239,0.48713754695459954,,
old,Noto2024,1209,90,37.042320251464844,52.957679748535156,0.7084411610282135,0.026645314773809048,,
old,Noto2024,1209,120,37.042320251464844,82.95767974853516,0.8283481121190204,0.17962710397798975,,
old,Noto2024,1209,160,37.042320251464844,122.95767974853516,0.8278723309149366,0.23281144668863174,,
old,Noto2024,1209,200,37.042320251464844,162.95767974853516,0.837284914163064,0.4480631467377476,0.8437124756638821,0.448099428032414
old,Noto2024,1212,30,24.019359588623047,5.980640411376953,0.45740947492504763,0.39435811041761326,,
old,Noto2024,1212,60,24.019359588623047,35.98064041137695,0.42007742955818633,-0.15239199401756487,,
old,Noto2024,1212,90,24.019359588623047,65.98064041137695,0.7277890896614703,0.20718959658613745,,
old,Noto2024,1212,120,24.019359588623047,95.98064041137695,0.7427386591999533,0.24516871101050697,,
old,Noto2024,1212,160,24.019359588623047,135.98064041137695,0.7556635040899385,0.22369088426009398,,
old,Noto2024,1212,200,24.019359588623047,175.98064041137695,0.7657565032834834,0.3141824888262521,0.7724063746800751,0.31419487795077305
old,Noto2024,1214,30,20.19463539123535,9.805364608764648,0.7448194328568486,0.1292758913009049,,
old,Noto2024,1214,60,20.19463539123535,39.80536460876465,0.3953427134424902,-0.4304547102723131,,
old,Noto2024,1214,90,20.19463539123535,69.80536460876465,0.7655599370504034,-0.2789842800617395,,
old,Noto2024,1214,120,20.19463539123535,99.80536460876465,0.8480955698523662,-0.27830183231819206,,
old,Noto2024,1214,160,20.19463539123535,139.80536460876465,0.7300625718331465,-0.26328478929116983,,
old,Noto2024,1214,200,20.19463539123535,179.80536460876465,0.5287228920588702,-0.19107344980390195,0.5389826278015181,-0.19095784739270005
old,Noto2024,1216,30,39.116416931152344,0.0,,0.0,,
old,Noto2024,1216,60,39.116416931152344,20.883583068847656,0.6938575005927484,0.7155480165193993,,
old,Noto2024,1216,90,39.116416931152344,50.883583068847656,0.6791791060231355,0.3071879914225022,,
old,Noto2024,1216,120,39.116416931152344,80.88358306884766,0.7860330414740565,0.357805670283625,,
old,Noto2024,1216,160,39.116416931152344,120.88358306884766,0.8494334098551078,0.1526916739359363,,
old,Noto2024,1216,200,39.116416931152344,160.88358306884766,0.7985509011633588,0.1330862649685871,0.8085044733011487,0.1332211807289907
old,Noto2024,1217,30,39.01662063598633,0.0,,0.0,,
old,Noto2024,1217,60,39.01662063598633,20.983379364013672,0.7831612331781573,0.5929354049705795,,
old,Noto2024,1217,90,39.01662063598633,50.98337936401367,0.8022959180431981,0.38020360211019266,,
old,Noto2024,1217,120,39.01662063598633,80.98337936401367,0.8153193992682716,0.4598264753347552,,
old,Noto2024,1217,160,39.01662063598633,120.98337936401367,0.8389549080914835,0.5699934663561494,,
old,Noto2024,1217,200,39.01662063598633,160.98337936401367,0.8627100717756505,0.6989698098607251,0.8686988031182038,0.6989925744336345
old,Noto2024,1222,30,37.90293502807617,0.0,,0.0,,
old,Noto2024,1222,60,37.90293502807617,22.097064971923828,0.7048822017015789,0.526179386567037,,
old,Noto2024,1222,90,37.90293502807617,52.09706497192383,0.7112618330440924,0.10552586015255816,,
old,Noto2024,1222,120,37.90293502807617,82.09706497192383,0.7835695835367901,0.5524876494603292,,
old,Noto2024,1222,160,37.90293502807617,122.09706497192383,0.7840931159389021,0.6467597633806852,,
old,Noto2024,1222,200,37.90293502807617,162.09706497192383,0.8671950894345251,0.5406062548174964,0.8720976185304555,0.5406207180877418
old,Noto2024,1223,30,38.04302215576172,0.0,,0.0,,
old,Noto2024,1223,60,38.04302215576172,21.95697784423828,0.7246569319729312,0.4472018152914803,,
old,Noto2024,1223,90,38.04302215576172,51.95697784423828,0.6111846859454867,0.3673834413391983,,
old,Noto2024,1223,120,38.04302215576172,81.95697784423828,0.8266819055833138,0.6621135367253066,,
old,Noto2024,1223,160,38.04302215576172,121.95697784423828,0.7809218041350539,0.7532406294468279,,
old,Noto2024,1223,200,38.04302215576172,161.95697784423828,0.8541583904138608,0.7898996747348663,0.860038156228188,0.7899146362472704
old,Noto2024,1224,30,45.82746505737305,0.0,,0.0,,
old,Noto2024,1224,60,45.82746505737305,14.172534942626953,0.7208000172165079,0.6581952822760417,,
old,Noto2024,1224,90,45.82746505737305,44.17253494262695,0.7340411701968642,0.2917643248550066,,
old,Noto2024,1224,120,45.82746505737305,74.17253494262695,0.7675913394001556,0.7575788878042173,,
old,Noto2024,1224,160,45.82746505737305,114.17253494262695,0.5531826421160173,0.7972511709992203,,
old,Noto2024,1224,200,45.82746505737305,154.17253494262695,0.751607606489378,0.6895187179815023,0.7648581374905267,0.6895317038818218
old,Noto2024,1229,30,44.345863342285156,0.0,,0.0,,
old,Noto2024,1229,60,44.345863342285156,15.654136657714844,0.7299339107498867,0.7638478429614368,,
old,Noto2024,1229,90,44.345863342285156,45.654136657714844,0.6800530190961417,0.20119347304686652,,
old,Noto2024,1229,120,44.345863342285156,75.65413665771484,0.6191050269025657,0.6519481733153496,,
old,Noto2024,1229,160,44.345863342285156,115.65413665771484,0.7754501425236799,0.4871393409260021,,
old,Noto2024,1229,200,44.345863342285156,155.65413665771484,0.885681262956394,0.28664244102899517,0.8913590214957835,0.28670684745874997
old,Noto2024,1231,30,35.326446533203125,0.0,,0.0,,
old,Noto2024,1231,60,35.326446533203125,24.673553466796875,0.6276601039162139,0.1966353460747854,,
old,Noto2024,1231,90,35.326446533203125,54.673553466796875,0.7358418875110527,0.38853278714955763,,
old,Noto2024,1231,120,35.326446533203125,84.67355346679688,0.8524775357469961,0.520128164643066,,
old,Noto2024,1231,160,35.326446533203125,124.67355346679688,0.7672540995901513,0.6405611720593543,,
old,Noto2024,1231,200,35.326446533203125,164.67355346679688,0.8011146851945742,0.6575834337247644,0.8088648813747824,0.65759710947271
old,Noto2024,1238,30,12.739089965820312,17.260910034179688,0.8204185781402914,-0.4668783986475784,,
old,Noto2024,1238,60,12.739089965820312,47.26091003417969,0.6466472637582119,-0.11004523358602558,,
old,Noto2024,1238,90,12.739089965820312,77.26091003417969,0.8386416453364922,0.20292087846007245,,
old,Noto2024,1238,120,12.739089965820312,107.26091003417969,0.8235536384056673,-0.01708509377904477,,
old,Noto2024,1238,160,12.739089965820312,147.2609100341797,0.7235987974936823,0.05985609112742463,,
old,Noto2024,1238,200,12.739089965820312,187.2609100341797,0.7137428949550072,0.18659141019571734,0.7172981166276972,0.1865990005332252
old,Noto2024,1248,30,40.56081771850586,0.0,,0.0,,
old,Noto2024,1248,60,40.56081771850586,19.43918228149414,0.7379990589627368,0.5492095736218827,,
old,Noto2024,1248,90,40.56081771850586,49.43918228149414,0.5943528329023055,0.1963980727028014,,
old,Noto2024,1248,120,40.56081771850586,79.43918228149414,0.7930458867768865,0.6203742790657545,,
old,Noto2024,1248,160,40.56081771850586,119.43918228149414,0.7787320481877782,0.5252619885164078,,
old,Noto2024,1248,200,40.56081771850586,159.43918228149414,0.8738928140683669,0.5640034181749245,0.8792363768465424,0.5640278083291781
old,Noto2024,2009,30,37.8127326965332,0.0,,0.0,,
old,Noto2024,2009,60,37.8127326965332,22.187267303466797,0.6954341135793207,0.6391392620584568,,
old,Noto2024,2009,90,37.8127326965332,52.1872673034668,0.7623242959023958,0.4819021669057193,,
old,Noto2024,2009,120,37.8127326965332,82.1872673034668,0.8626798820922212,0.4933362513868884,,
old,Noto2024,2009,160,37.8127326965332,122.1872673034668,0.651237110510527,0.7273642626067245,,
old,Noto2024,2009,200,37.8127326965332,162.1872673034668,0.828047677793668,0.5145383766817195,0.835002485217809,0.5145508327990163
old,Noto2024,2110,30,37.269527435302734,0.0,,0.0,,
old,Noto2024,2110,60,37.269527435302734,22.730472564697266,0.662784915923098,0.43229304514884337,,
old,Noto2024,2110,90,37.269527435302734,52.730472564697266,0.6633244081791778,0.3445491768213218,,
old,Noto2024,2110,120,37.269527435302734,82.73047256469727,0.8656889999431437,0.31005873099168024,,
old,Noto2024,2110,160,37.269527435302734,122.73047256469727,0.8124316998443091,0.4874817503676425,,
old,Noto2024,2110,200,37.269527435302734,162.73047256469727,0.8297531803817407,0.4039925878208921,0.8371752158543304,0.40401680187640476
old,Noto2024,3001,30,30.637205123901367,0.0,,0.0,,
old,Noto2024,3001,60,30.637205123901367,29.362794876098633,0.6842179923441883,-0.10548663272575176,,
old,Noto2024,3001,90,30.637205123901367,59.36279487609863,0.7691409549213176,0.40302788843492277,,
old,Noto2024,3001,120,30.637205123901367,89.36279487609863,0.8262752522050875,0.5718953596862635,,
old,Noto2024,3001,160,30.637205123901367,129.36279487609863,0.799042826765487,0.16778377581727,,
old,Noto2024,3001,200,30.637205123901367,169.36279487609863,0.7655293106394357,0.08123183807414325,0.774104434608155,0.08125709820945826
old,Noto2024,3002,30,36.997798919677734,0.0,,0.0,,
old,Noto2024,3002,60,36.997798919677734,23.002201080322266,0.7322899249073082,0.4126996431663432,,
old,Noto2024,3002,90,36.997798919677734,53.002201080322266,0.7549167581077707,0.26932241256370126,,
old,Noto2024,3002,120,36.997798919677734,83.00220108032227,0.8496009954513756,0.3111522179507915,,
old,Noto2024,3002,160,36.997798919677734,123.00220108032227,0.8093081097516042,0.5236538008117693,,
old,Noto2024,3002,200,36.997798919677734,163.00220108032227,0.8553877936990736,0.4021046519464546,0.8610956799857108,0.4021247805750976
old,Noto2024,3003,30,33.884063720703125,0.0,,0.0,,
old,Noto2024,3003,60,33.884063720703125,26.115936279296875,0.7118261424540432,0.3486834910340022,,
old,Noto2024,3003,90,33.884063720703125,56.115936279296875,0.8252215040392722,0.2821481083661981,,
old,Noto2024,3003,120,33.884063720703125,86.11593627929688,0.8260235508968622,0.5672945410226804,,
old,Noto2024,3003,160,33.884063720703125,126.11593627929688,0.7822527461764139,0.35383845073783515,,
old,Noto2024,3003,200,33.884063720703125,166.11593627929688,0.8223461336020507,0.3125946668639017,0.8285421150435638,0.31261103725805395
old,Noto2024,3004,30,41.24748229980469,0.0,,0.0,,
old,Noto2024,3004,60,41.24748229980469,18.752517700195312,0.7199513281609217,0.25591936066680354,,
old,Noto2024,3004,90,41.24748229980469,48.75251770019531,0.6809166625737554,0.13612234966602443,,
old,Noto2024,3004,120,41.24748229980469,78.75251770019531,0.8037271639716936,0.3342472596712751,,
old,Noto2024,3004,160,41.24748229980469,118.75251770019531,0.6274492307380679,0.58756739120843,,
old,Noto2024,3004,200,41.24748229980469,158.7525177001953,0.8475042030536017,0.43782422716112723,0.8546218410018492,0.4378422815228191
old,Noto2024,3005,30,30.327787399291992,0.0,,0.0,,
old,Noto2024,3005,60,30.327787399291992,29.672212600708008,0.7530024376116781,-0.14439382042010607,,
old,Noto2024,3005,90,30.327787399291992,59.67221260070801,0.808585503362564,0.4728356149591333,,
old,Noto2024,3005,120,30.327787399291992,89.67221260070801,0.8145252999276072,0.5934794592220056,,
old,Noto2024,3005,160,30.327787399291992,129.672212600708,0.811251910127338,0.6015926133217091,,
old,Noto2024,3005,200,30.327787399291992,169.672212600708,0.8248598684863901,0.5591985493915503,0.8305696038919774,0.5592078737414949
old,Noto2024,3006,30,39.82059860229492,0.0,,0.0,,
old,Noto2024,3006,60,39.82059860229492,20.179401397705078,0.6799505203779848,0.38539659086218325,,
old,Noto2024,3006,90,39.82059860229492,50.17940139770508,0.6574323332469485,0.2339947940700684,,
old,Noto2024,3006,120,39.82059860229492,80.17940139770508,0.8248905987323715,0.3902358051302315,,
old,Noto2024,3006,160,39.82059860229492,120.17940139770508,0.7255366178129365,0.5241995327477413,,
old,Noto2024,3006,200,39.82059860229492,160.17940139770508,0.8494664128764965,0.48375465895851466,0.8560997596593648,0.4837770940799784
old,Noto2024,3007,30,33.21217727661133,0.0,,0.0,,
old,Noto2024,3007,60,33.21217727661133,26.787822723388672,0.72703059432008,0.19560000915902975,,
old,Noto2024,3007,90,33.21217727661133,56.78782272338867,0.7249028522952299,0.3197817355414285,,
old,Noto2024,3007,120,33.21217727661133,86.78782272338867,0.8513247579137949,0.41670470209180355,,
old,Noto2024,3007,160,33.21217727661133,126.78782272338867,0.8213259416966562,0.41578095170202545,,
old,Noto2024,3007,200,33.21217727661133,166.78782272338867,0.8045941405745313,0.44758555156282664,0.8120317869077712,0.44760466787058295
old,Noto2024,3010,30,41.32620620727539,0.0,,0.0,,
old,Noto2024,3010,60,41.32620620727539,18.67379379272461,0.7021628172947537,0.459723791424139,,
old,Noto2024,3010,90,41.32620620727539,48.67379379272461,0.6974927667058716,0.2817636877566514,,
old,Noto2024,3010,120,41.32620620727539,78.67379379272461,0.8132807003798581,0.5206986486600771,,
old,Noto2024,3010,160,41.32620620727539,118.67379379272461,0.599195444181454,0.6448238354589977,,
old,Noto2024,3010,200,41.32620620727539,158.6737937927246,0.825947702029778,0.5518789552321826,0.8343171339697285,0.5518939739684443
old,Noto2024,3011,30,33.15835952758789,0.0,,0.0,,
old,Noto2024,3011,60,33.15835952758789,26.84164047241211,0.7428780333064184,0.12284485265584077,,
old,Noto2024,3011,90,33.15835952758789,56.84164047241211,0.692851233357095,0.43174933818016825,,
old,Noto2024,3011,120,33.15835952758789,86.84164047241211,0.8341829343362946,0.6048195398436009,,
old,Noto2024,3011,160,33.15835952758789,126.84164047241211,0.7827240735574069,0.6997944092291961,,
old,Noto2024,3011,200,33.15835952758789,166.8416404724121,0.8248197497110019,0.6625167190447554,0.8308770461379603,0.6625263638048748
old,Noto2024,3012,30,37.695281982421875,0.0,,0.0,,
old,Noto2024,3012,60,37.695281982421875,22.304718017578125,0.6148505567273951,0.41217051760159773,,
old,Noto2024,3012,90,37.695281982421875,52.304718017578125,0.6474996135727468,0.36186973607784445,,
old,Noto2024,3012,120,37.695281982421875,82.30471801757812,0.8530533036378032,0.480597119742332,,
old,Noto2024,3012,160,37.695281982421875,122.30471801757812,0.7238206610002164,0.6944536457773713,,
old,Noto2024,3012,200,37.695281982421875,162.30471801757812,0.8522878099359984,0.6050154615664143,0.8580924580790253,0.6050289095802013
old,Noto2024,3013,30,34.65900421142578,0.0,,0.0,,
old,Noto2024,3013,60,34.65900421142578,25.34099578857422,0.6961437990373179,0.22299381728584233,,
old,Noto2024,3013,90,34.65900421142578,55.34099578857422,0.8336796482704912,0.3599296610985645,,
old,Noto2024,3013,120,34.65900421142578,85.34099578857422,0.8231874754209798,0.5612630890617316,,
old,Noto2024,3013,160,34.65900421142578,125.34099578857422,0.7048875427124391,0.7151069721318484,,
old,Noto2024,3013,200,34.65900421142578,165.34099578857422,0.8107466742263209,0.4867222621948786,0.8175077864591166,0.48673593863089337
old,Noto2024,3014,30,39.65449523925781,0.0,,0.0,,
old,Noto2024,3014,60,39.65449523925781,20.345504760742188,0.7515445087236057,0.5313255672742985,,
old,Noto2024,3014,90,39.65449523925781,50.34550476074219,0.704944366909514,0.3427494057817597,,
old,Noto2024,3014,120,39.65449523925781,80.34550476074219,0.817488940839235,0.5609701649937717,,
old,Noto2024,3014,160,39.65449523925781,120.34550476074219,0.7436408217543101,0.5893764738890868,,
old,Noto2024,3014,200,39.65449523925781,160.3455047607422,0.8713459113676308,0.6356237422218873,0.8767467586888996,0.635641414944911
old,Noto2024,3015,30,42.6602668762207,0.0,,0.0,,
old,Noto2024,3015,60,42.6602668762207,17.339733123779297,0.7371998863327219,0.5372174940313199,,
old,Noto2024,3015,90,42.6602668762207,47.3397331237793,0.7286816992371928,0.20478085952284442,,
old,Noto2024,3015,120,42.6602668762207,77.3397331237793,0.7909043441194386,0.5711685013194243,,
old,Noto2024,3015,160,42.6602668762207,117.3397331237793,0.6312474988759827,0.7425019529070331,,
old,Noto2024,3015,200,42.6602668762207,157.3397331237793,0.8479769614006593,0.6267067277088065,0.8552184679217234,0.6267228744850177
old,Noto2024,3016,30,37.48896408081055,0.0,,0.0,,
old,Noto2024,3016,60,37.48896408081055,22.511035919189453,0.7157245519775676,0.2834291884810707,,
old,Noto2024,3016,90,37.48896408081055,52.51103591918945,0.7415344769941933,0.41342216986743363,,
old,Noto2024,3016,120,37.48896408081055,82.51103591918945,0.8636294935401575,0.5497357409996768,,
old,Noto2024,3016,160,37.48896408081055,122.51103591918945,0.6995064564303434,0.8104479643475413,,
old,Noto2024,3016,200,37.48896408081055,162.51103591918945,0.8315924586192729,0.7912984484059988,0.8381264728387454,0.7913118120749933
old,Noto2024,3018,30,39.29767990112305,0.0,,0.0,,
old,Noto2024,3018,60,39.29767990112305,20.702320098876953,0.6369790235364371,0.29600835543460846,,
old,Noto2024,3018,90,39.29767990112305,50.70232009887695,0.7552843761919149,0.3329385404188985,,
old,Noto2024,3018,120,39.29767990112305,80.70232009887695,0.7760241885765538,0.4867271346281612,,
old,Noto2024,3018,160,39.29767990112305,120.70232009887695,0.6711040142193643,0.725744320261895,,
old,Noto2024,3018,200,39.29767990112305,160.70232009887695,0.8526432800481596,0.4662004876392558,0.8586447948737667,0.4662193594266313
old,Noto2024,3019,30,35.456974029541016,0.0,,0.0,,
old,Noto2024,3019,60,35.456974029541016,24.543025970458984,0.7891283573276686,0.4119343256076702,,
old,Noto2024,3019,90,35.456974029541016,54.543025970458984,0.6788516729514401,0.33684040687883776,,
old,Noto2024,3019,120,35.456974029541016,84.54302597045898,0.8339006671988612,0.6101551287471478,,
old,Noto2024,3019,160,35.456974029541016,124.54302597045898,0.7784651467771415,0.7678505682396848,,
old,Noto2024,3019,200,35.456974029541016,164.54302597045898,0.8411200558221129,0.8111409370355647,0.8466904547980888,0.8111512905294918
old,Noto2024,3020,30,42.51642990112305,0.0,,0.0,,
old,Noto2024,3020,60,42.51642990112305,17.483570098876953,0.7076247169135742,0.4884934419177114,,
old,Noto2024,3020,90,42.51642990112305,47.48357009887695,0.7012052239145554,0.24715082696223334,,
old,Noto2024,3020,120,42.51642990112305,77.48357009887695,0.7898784371905441,0.5326418241042363,,
old,Noto2024,3020,160,42.51642990112305,117.48357009887695,0.6432782276902969,0.5456978603717841,,
old,Noto2024,3020,200,42.51642990112305,157.48357009887695,0.8382120814477761,0.6180776527467158,0.8460578249795686,0.6180935870624564
old,Noto2024,3021,30,45.133758544921875,0.0,,0.0,,
old,Noto2024,3021,60,45.133758544921875,14.866241455078125,0.7217100577855887,0.7137698162786048,,
old,Noto2024,3021,90,45.133758544921875,44.866241455078125,0.6768559534372565,0.17431153206616745,,
old,Noto2024,3021,120,45.133758544921875,74.86624145507812,0.7597808967478141,0.6581503228541115,,
old,Noto2024,3021,160,45.133758544921875,114.86624145507812,0.6945409543569255,0.3871106709363472,,
old,Noto2024,3021,200,45.133758544921875,154.86624145507812,0.824930737119361,0.3179900715063626,0.8343472240369483,0.31802626235149933
old,Noto2024,3022,30,47.347782135009766,0.0,,0.0,,
old,Noto2024,3022,60,47.347782135009766,12.652217864990234,0.7848057965942182,0.7960275159562871,,
old,Noto2024,3022,90,47.347782135009766,42.652217864990234,0.72118616329277,0.4277085588647056,,
old,Noto2024,3022,120,47.347782135009766,72.65221786499023,0.5806747262871381,0.6244284495824077,,
old,Noto2024,3022,160,47.347782135009766,112.65221786499023,0.6103912765206483,0.46319569124172943,,
old,Noto2024,3022,200,47.347782135009766,152.65221786499023,0.8032389392693121,0.3311517506534898,0.8144738927145139,0.3311793865986461
old,Noto2024,3023,30,39.228031158447266,0.0,,0.0,,
old,Noto2024,3023,60,39.228031158447266,20.771968841552734,0.7282154946353668,0.35624307122261456,,
old,Noto2024,3023,90,39.228031158447266,50.771968841552734,0.7743989031741229,0.3376538278814962,,
old,Noto2024,3023,120,39.228031158447266,80.77196884155273,0.8396739456602699,0.6186717901722565,,
old,Noto2024,3023,160,39.228031158447266,120.77196884155273,0.6582332182195801,0.6995048261957093,,
old,Noto2024,3023,200,39.228031158447266,160.77196884155273,0.8233846975190662,0.7028160849420244,0.8310480767125373,0.7028295400773148
old,Noto2024,3024,30,44.3677978515625,0.0,,0.0,,
old,Noto2024,3024,60,44.3677978515625,15.6322021484375,0.7179028340801503,0.4939089613986978,,
old,Noto2024,3024,90,44.3677978515625,45.6322021484375,0.6114339392826518,-0.09230266016902,,
old,Noto2024,3024,120,44.3677978515625,75.6322021484375,0.6804872477772319,0.6353067091098952,,
old,Noto2024,3024,160,44.3677978515625,115.6322021484375,0.6404937664923541,0.4729664340684723,,
old,Noto2024,3024,200,44.3677978515625,155.6322021484375,0.8275017052738953,0.483166113619629,0.8363666733309094,0.48318837698989103
old,Noto2024,3025,30,42.89371109008789,0.0,,0.0,,
old,Noto2024,3025,60,42.89371109008789,17.10628890991211,0.7223528701958492,0.564898148181646,,
old,Noto2024,3025,90,42.89371109008789,47.10628890991211,0.5052293557638536,-0.2040622496146982,,
old,Noto2024,3025,120,42.89371109008789,77.10628890991211,0.7566941403713495,0.6118176328110012,,
old,Noto2024,3025,160,42.89371109008789,117.10628890991211,0.6818757778364563,0.6424527927767327,,
old,Noto2024,3025,200,42.89371109008789,157.1062889099121,0.8492510379403123,0.7062189915449428,0.8561261426453257,0.7062334937269954
old,Noto2024,3026,30,38.41456604003906,0.0,,0.0,,
old,Noto2024,3026,60,38.41456604003906,21.585433959960938,0.6507763118632884,0.1791016853038414,,
old,Noto2024,3026,90,38.41456604003906,51.58543395996094,0.5289051900823206,0.3314797626973718,,
old,Noto2024,3026,120,38.41456604003906,81.58543395996094,0.8168850756845455,0.5451514308681995,,
old,Noto2024,3026,160,38.41456604003906,121.58543395996094,0.7211539816357251,0.6404187860970856,,
old,Noto2024,3026,200,38.41456604003906,161.58543395996094,0.8421943640007932,0.6601592508301861,0.8484968691824508,0.6601738926691842
old,Noto2024,3027,30,44.17462921142578,0.0,,0.0,,
old,Noto2024,3027,60,44.17462921142578,15.825370788574219,0.6862063691522327,0.7071899485768256,,
old,Noto2024,3027,90,44.17462921142578,45.82537078857422,0.4239535048805724,0.25222032655869686,,
old,Noto2024,3027,120,44.17462921142578,75.82537078857422,0.8141037604636788,0.6058847790604878,,
old,Noto2024,3027,160,44.17462921142578,115.82537078857422,0.5730692926788904,0.5689060847552829,,
old,Noto2024,3027,200,44.17462921142578,155.82537078857422,0.8019476153047032,0.7005975651709155,0.8125753905877197,0.7006138902669035
old,Noto2024,3028,30,37.24894332885742,0.0,,0.0,,
old,Noto2024,3028,60,37.24894332885742,22.751056671142578,0.7124239817034895,0.4026411773699836,,
old,Noto2024,3028,90,37.24894332885742,52.75105667114258,0.6111815940861687,0.3450672316656167,,
old,Noto2024,3028,120,37.24894332885742,82.75105667114258,0.8451795239039591,0.5734608271309716,,
old,Noto2024,3028,160,37.24894332885742,122.75105667114258,0.7008643606408161,0.8016354173105773,,
old,Noto2024,3028,200,37.24894332885742,162.75105667114258,0.825329099800268,0.7658841685010929,0.8320077791868881,0.7658946765131303
old,Noto2024,3029,30,36.59617614746094,0.0,,0.0,,
old,Noto2024,3029,60,36.59617614746094,23.403823852539062,0.7876703866917708,0.5706510625203078,,
old,Noto2024,3029,90,36.59617614746094,53.40382385253906,0.7004234158360277,0.357300037261564,,
old,Noto2024,3029,120,36.59617614746094,83.40382385253906,0.8200150538269292,0.4516585455965556,,
old,Noto2024,3029,160,36.59617614746094,123.40382385253906,0.8630272619316114,0.6755167046469266,,
old,Noto2024,3029,200,36.59617614746094,163.40382385253906,0.8701144290379241,0.642287719894159,0.8752387415782902,0.6423101361867056
old,Noto2024,3030,30,42.6456298828125,0.0,,0.0,,
old,Noto2024,3030,60,42.6456298828125,17.3543701171875,0.7227461929177678,0.7829730812532834,,
old,Noto2024,3030,90,42.6456298828125,47.3543701171875,0.605066859681981,-0.2582569745471801,,
old,Noto2024,3030,120,42.6456298828125,77.3543701171875,0.6624275309411352,0.6655469909652387,,
old,Noto2024,3030,160,42.6456298828125,117.3543701171875,0.7433002710903509,0.6213456063480054,,
old,Noto2024,3030,200,42.6456298828125,157.3543701171875,0.8677543567181849,0.6855026480845927,0.8734855701436632,0.685518095460778
old,Noto2024,3031,30,35.46980285644531,0.0,,0.0,,
old,Noto2024,3031,60,35.46980285644531,24.530197143554688,0.7266781111953413,0.6202167077883471,,
old,Noto2024,3031,90,35.46980285644531,54.53019714355469,0.7933850443268212,0.2868557818515187,,
old,Noto2024,3031,120,35.46980285644531,84.53019714355469,0.8287837071856355,0.12242521646034987,,
old,Noto2024,3031,160,35.46980285644531,124.53019714355469,0.8345813288021469,0.5228604906085978,,
old,Noto2024,3031,200,35.46980285644531,164.5301971435547,0.8581200092567399,0.34970220697456966,0.8637522747880056,0.349731058051975
old,Noto2024,3033,30,45.33230209350586,0.0,,0.0,,
old,Noto2024,3033,60,45.33230209350586,14.66769790649414,0.7411298064853056,0.44730273581702296,,
old,Noto2024,3033,90,45.33230209350586,44.66769790649414,0.5828939474955769,-0.07798290259943208,,
old,Noto2024,3033,120,45.33230209350586,74.66769790649414,0.6217676084565938,0.656713683101116,,
old,Noto2024,3033,160,45.33230209350586,114.66769790649414,0.5770096964172511,0.4866264344948448,,
old,Noto2024,3033,200,45.33230209350586,154.66769790649414,0.8055496046268945,0.6654000809730567,0.8160772459653653,0.6654179899293835
old,Noto2024,3034,30,39.33708953857422,0.0,,0.0,,
old,Noto2024,3034,60,39.33708953857422,20.66291046142578,0.6904849263702604,0.4797193882720494,,
old,Noto2024,3034,90,39.33708953857422,50.66291046142578,0.6466934681529304,0.45122634478465073,,
old,Noto2024,3034,120,39.33708953857422,80.66291046142578,0.7786899211532546,0.6540152246797648,,
old,Noto2024,3034,160,39.33708953857422,120.66291046142578,0.715394980515483,0.6916137891077723,,
old,Noto2024,3034,200,39.33708953857422,160.66291046142578,0.8567336931927326,0.662718398685505,0.862718968462085,0.6627362722820243
old,Noto2024,3035,30,38.17116928100586,0.0,,0.0,,
old,Noto2024,3035,60,38.17116928100586,21.82883071899414,0.8185856764394575,0.46495178077031785,,
old,Noto2024,3035,90,38.17116928100586,51.82883071899414,0.7784874469499474,0.4783205766943368,,
old,Noto2024,3035,120,38.17116928100586,81.82883071899414,0.8277841102944686,0.5534149824403558,,
old,Noto2024,3035,160,38.17116928100586,121.82883071899414,0.7429665055476269,0.7453047284644212,,
old,Noto2024,3035,200,38.17116928100586,161.82883071899414,0.8177207937168971,0.8513974435388851,0.8255686197162877,0.8514113950606772
old,Noto2024,3036,30,42.184444427490234,0.0,,0.0,,
old,Noto2024,3036,60,42.184444427490234,17.815555572509766,0.751454907930567,0.33738519530524247,,
old,Noto2024,3036,90,42.184444427490234,47.815555572509766,0.5523495833478493,0.07185551725266048,,
old,Noto2024,3036,120,42.184444427490234,77.81555557250977,0.7170174877554248,0.5555364486148724,,
old,Noto2024,3036,160,42.184444427490234,117.81555557250977,0.6057945643875086,0.5684858328761058,,
old,Noto2024,3036,200,42.184444427490234,157.81555557250977,0.7899470839174607,0.6952456728640373,0.8001073114012234,0.6952584557046242
old,Noto2024,3037,30,44.55027389526367,0.0,,0.0,,
old,Noto2024,3037,60,44.55027389526367,15.449726104736328,0.7173113661781412,0.5069031996630926,,
old,Noto2024,3037,90,44.55027389526367,45.44972610473633,0.5233131786387927,-0.13973772278332497,,
old,Noto2024,3037,120,44.55027389526367,75.44972610473633,0.8154308825333249,0.52212747011595,,
old,Noto2024,3037,160,44.55027389526367,115.44972610473633,0.6290762332141158,0.434996103598027,,
old,Noto2024,3037,200,44.55027389526367,155.44972610473633,0.688429930293246,0.640416368159733,0.7054969587190058,0.6404270434203232
old,Noto2024,3038,30,35.58567428588867,0.0,,0.0,,
old,Noto2024,3038,60,35.58567428588867,24.414325714111328,0.6423324121251102,0.2537087574032171,,
old,Noto2024,3038,90,35.58567428588867,54.41432571411133,0.5848541330393378,0.3063558320494648,,
old,Noto2024,3038,120,35.58567428588867,84.41432571411133,0.8363592235243226,0.4858654904019275,,
old,Noto2024,3038,160,35.58567428588867,124.41432571411133,0.8109905804352201,0.60257392186291,,
old,Noto2024,3038,200,35.58567428588867,164.41432571411133,0.8622409896910171,0.5889750979093789,0.8673042156451992,0.5889909054768738
old,Noto2024,3039,30,44.088356018066406,0.0,,0.0,,
old,Noto2024,3039,60,44.088356018066406,15.911643981933594,0.705101865507467,0.7947572449287819,,
old,Noto2024,3039,90,44.088356018066406,45.911643981933594,0.7079385952462989,0.3876285861121813,,
old,Noto2024,3039,120,44.088356018066406,75.9116439819336,0.764434767889049,0.6465396836706949,,
old,Noto2024,3039,160,44.088356018066406,115.9116439819336,0.695127812136955,0.46778376844712266,,
old,Noto2024,3039,200,44.088356018066406,155.9116439819336,0.84593737606135,0.632833403173632,0.8532328939920162,0.6328548666653253
old,Noto2024,3041,30,47.19064712524414,0.0,,0.0,,
old,Noto2024,3041,60,47.19064712524414,12.80935287475586,0.7941343997130879,0.6535188506578944,,
old,Noto2024,3041,90,47.19064712524414,42.80935287475586,0.45974498154516175,-0.10694806178739924,,
old,Noto2024,3041,120,47.19064712524414,72.80935287475586,0.5942932779103216,0.664339704706129,,
old,Noto2024,3041,160,47.19064712524414,112.80935287475586,0.6165278411028933,0.48031555116749747,,
old,Noto2024,3041,200,47.19064712524414,152.80935287475586,0.7869312281573997,0.6401178207525495,0.799196470718406,0.6401377201870586
old,Noto2024,3043,30,38.29253387451172,0.0,,0.0,,
old,Noto2024,3043,60,38.29253387451172,21.70746612548828,0.7492881921430686,0.2803043158217804,,
old,Noto2024,3043,90,38.29253387451172,51.70746612548828,0.5860384836885915,0.16923264988536868,,
old,Noto2024,3043,120,38.29253387451172,81.70746612548828,0.8214321273003977,0.4188712435524993,,
old,Noto2024,3043,160,38.29253387451172,121.70746612548828,0.7938587787152512,0.5942226422991537,,
old,Noto2024,3043,200,38.29253387451172,161.70746612548828,0.8744143287509121,0.5539668827504203,0.8794640497858308,0.5539891822274177
old,Noto2024,3044,30,46.22883987426758,0.0,,0.0,,
old,Noto2024,3044,60,46.22883987426758,13.771160125732422,0.7582568471523453,0.8862068805059122,,
old,Noto2024,3044,90,46.22883987426758,43.77116012573242,0.5769564967835602,-0.1967512963476734,,
old,Noto2024,3044,120,46.22883987426758,73.77116012573242,0.5631224562690955,0.7718978214004037,,
old,Noto2024,3044,160,46.22883987426758,113.77116012573242,0.7321423860378926,0.43306874390026184,,
old,Noto2024,3044,200,46.22883987426758,153.77116012573242,0.8650837728899693,0.560287792127153,0.8718964831296386,0.5603178390508416
old,Noto2024,3045,30,43.77822494506836,0.0,,0.0,,
old,Noto2024,3045,60,43.77822494506836,16.22177505493164,0.7171558761549298,0.5517764730792649,,
old,Noto2024,3045,90,43.77822494506836,46.22177505493164,0.7157777941697082,0.01124644319700252,,
old,Noto2024,3045,120,43.77822494506836,76.22177505493164,0.60823684934467,0.670877479936137,,
old,Noto2024,3045,160,43.77822494506836,116.22177505493164,0.5777451320139452,0.6184748482677902,,
old,Noto2024,3045,200,43.77822494506836,156.22177505493164,0.7880414992289506,0.7297506007936407,0.7986420214343865,0.7297608190535927
old,Noto2024,3046,30,39.998130798339844,0.0,,0.0,,
old,Noto2024,3046,60,39.998130798339844,20.001869201660156,0.7212459348126773,0.6173526700203436,,
old,Noto2024,3046,90,39.998130798339844,50.001869201660156,0.6773842811467716,0.23315397777311375,,
old,Noto2024,3046,120,39.998130798339844,80.00186920166016,0.7493570503391733,0.5728233720537999,,
old,Noto2024,3046,160,39.998130798339844,120.00186920166016,0.7767167012487529,0.48669494535842706,,
old,Noto2024,3046,200,39.998130798339844,160.00186920166016,0.8670048978967573,0.5499936419889186,0.8724989460368074,0.5500176224131996
old,Noto2024,3047,30,46.291168212890625,0.0,,0.0,,
old,Noto2024,3047,60,46.291168212890625,13.708831787109375,0.7737836817012743,0.821205774758103,,
old,Noto2024,3047,90,46.291168212890625,43.708831787109375,0.7817256872664897,-0.08002392345783704,,
old,Noto2024,3047,120,46.291168212890625,73.70883178710938,0.5413803706311279,0.7374799886491905,,
old,Noto2024,3047,160,46.291168212890625,113.70883178710938,0.6220631940371082,0.7406651294619193,,
old,Noto2024,3047,200,46.291168212890625,153.70883178710938,0.8597045463853754,0.6509745026288387,0.8666456602525442,0.6509935257001134
old,Noto2024,3049,30,40.83111572265625,0.0,,0.0,,
old,Noto2024,3049,60,40.83111572265625,19.16888427734375,0.7248958158337514,0.5004718665840953,,
old,Noto2024,3049,90,40.83111572265625,49.16888427734375,0.6402039191355366,0.09461493102052998,,
old,Noto2024,3049,120,40.83111572265625,79.16888427734375,0.770794609250348,0.5276426890317341,,
old,Noto2024,3049,160,40.83111572265625,119.16888427734375,0.7761229776870286,0.419965240399101,,
old,Noto2024,3049,200,40.83111572265625,159.16888427734375,0.8840931175635236,0.4623349849264855,0.8889457084004342,0.46236037952288456
old,Noto2024,3051,30,45.0285758972168,0.0,,0.0,,
old,Noto2024,3051,60,45.0285758972168,14.971424102783203,0.7680609130909559,0.796028078390826,,
old,Noto2024,3051,90,45.0285758972168,44.9714241027832,0.7308799443449011,0.005641111148794842,,
old,Noto2024,3051,120,45.0285758972168,74.9714241027832,0.5314619254447861,0.7602668081071355,,
old,Noto2024,3051,160,45.0285758972168,114.9714241027832,0.7006450298114358,0.650139509885487,,
old,Noto2024,3051,200,45.0285758972168,154.9714241027832,0.8774357592133667,0.5120121867977394,0.8832696001174776,0.5120414466731793
old,Noto2024,3053,30,43.239479064941406,0.0,,0.0,,
old,Noto2024,3053,60,43.239479064941406,16.760520935058594,0.7478448753042632,0.6248047774959034,,
old,Noto2024,3053,90,43.239479064941406,46.760520935058594,0.731409597407134,0.030797055879983937,,
old,Noto2024,3053,120,43.239479064941406,76.7605209350586,0.7642614715976367,0.7193127140638369,,
old,Noto2024,3053,160,43.239479064941406,116.7605209350586,0.823883146885435,0.2503272722596561,,
old,Noto2024,3053,200,43.239479064941406,156.7605209350586,0.8526348506418727,0.25562041684571124,0.8601110809729566,0.2556724792148346
old,Noto2024,3055,30,46.51307678222656,0.0,,0.0,,
old,Noto2024,3055,60,46.51307678222656,13.486923217773438,0.7729346402704137,0.5360819177453733,,
old,Noto2024,3055,90,46.51307678222656,43.48692321777344,0.6324978592110818,0.06102299915395104,,
old,Noto2024,3055,120,46.51307678222656,73.48692321777344,0.7060154318939891,0.6387485497622363,,
old,Noto2024,3055,160,46.51307678222656,113.48692321777344,0.658052602188022,0.6010418570463534,,
old,Noto2024,3055,200,46.51307678222656,153.48692321777344,0.8380099615043706,0.5652712765423304,0.8463624525448806,0.5653012007986478
old,Noto2024,3057,30,49.404869079589844,0.0,,0.0,,
old,Noto2024,3057,60,49.404869079589844,10.595130920410156,0.8618140163766543,0.923575097612523,,
old,Noto2024,3057,90,49.404869079589844,40.595130920410156,0.5596342079750398,0.10703450302899853,,
old,Noto2024,3057,120,49.404869079589844,70.59513092041016,0.43101678997866594,0.5457813609910831,,
old,Noto2024,3057,160,49.404869079589844,110.59513092041016,0.7001983526469089,0.40455861187591324,,
old,Noto2024,3057,200,49.404869079589844,150.59513092041016,0.8359676744303235,0.2539771598485361,0.8452274005473304,0.2540134913679184
old,Noto2024,3059,30,53.85041427612305,0.0,,0.0,,
old,Noto2024,3059,60,53.85041427612305,6.149585723876953,0.7811740307640025,1.0283053477341042,,
old,Noto2024,3059,90,53.85041427612305,36.14958572387695,0.7276858376872686,0.22216431325030328,,
old,Noto2024,3059,120,53.85041427612305,66.14958572387695,0.5428549407710365,0.7128306792214216,,
old,Noto2024,3059,160,53.85041427612305,106.14958572387695,0.7954808138998226,0.3901770981571344,,
old,Noto2024,3059,200,53.85041427612305,146.14958572387695,0.8143390634536085,0.3150199936196243,0.8264903691981095,0.31504973094707633
old,Noto2024,3062,30,42.38323974609375,0.0,,0.0,,
old,Noto2024,3062,60,42.38323974609375,17.61676025390625,0.7589184880958718,0.5932522518634027,,
old,Noto2024,3062,90,42.38323974609375,47.61676025390625,0.7627408196052362,0.29273826375682876,,
old,Noto2024,3062,120,42.38323974609375,77.61676025390625,0.7710702334654894,0.7229195943544839,,
old,Noto2024,3062,160,42.38323974609375,117.61676025390625,0.7916606881433149,0.31470476322686647,,
old,Noto2024,3062,200,42.38323974609375,157.61676025390625,0.8669608401141351,0.4963322831769901,0.872978427720764,0.49636362002285495
old,Noto2024,3063,30,33.60395431518555,0.0,,0.0,,
old,Noto2024,3063,60,33.60395431518555,26.396045684814453,0.7242753929094969,0.33695227483164825,,
old,Noto2024,3063,90,33.60395431518555,56.39604568481445,0.7120335355879756,0.44084425181152653,,
old,Noto2024,3063,120,33.60395431518555,86.39604568481445,0.8335629611659379,0.6163504163031659,,
old,Noto2024,3063,160,33.60395431518555,126.39604568481445,0.826411888101197,0.5586641069618166,,
old,Noto2024,3063,200,33.60395431518555,166.39604568481445,0.8395508114971094,0.5557282149468916,0.8453012686938964,0.5557431435588045
old,Noto2024,3064,30,32.61587142944336,0.0,,0.0,,
old,Noto2024,3064,60,32.61587142944336,27.38412857055664,0.6509598639956604,0.026242845341714727,,
old,Noto2024,3064,90,32.61587142944336,57.38412857055664,0.7641788434386775,0.3112035125971815,,
old,Noto2024,3064,120,32.61587142944336,87.38412857055664,0.8126251223656985,0.6248937016900333,,
old,Noto2024,3064,160,32.61587142944336,127.38412857055664,0.7867698288892864,0.4571726579330502,,
old,Noto2024,3064,200,32.61587142944336,167.38412857055664,0.8362296091158292,0.49577907632761775,0.8419858977550259,0.49579479727195075
old,Noto2024,3065,30,34.01258850097656,0.0,,0.0,,
old,Noto2024,3065,60,34.01258850097656,25.987411499023438,0.6550541032362214,0.19800131267110999,,
old,Noto2024,3065,90,34.01258850097656,55.98741149902344,0.6378489354771685,0.371963315712871,,
old,Noto2024,3065,120,34.01258850097656,85.98741149902344,0.8088945317488353,0.5679420360595939,,
old,Noto2024,3065,160,34.01258850097656,125.98741149902344,0.8085473537675948,0.4314687149580507,,
old,Noto2024,3065,200,34.01258850097656,165.98741149902344,0.8363119158138824,0.42222690765796944,0.8425798353571775,0.42224603705001584
old,Noto2024,3066,30,36.37509536743164,0.0,,0.0,,
old,Noto2024,3066,60,36.37509536743164,23.62490463256836,0.7687882394253757,-0.010704052283507792,,
old,Noto2024,3066,90,36.37509536743164,53.62490463256836,0.524898285575685,0.3765809635213415,,
old,Noto2024,3066,120,36.37509536743164,83.62490463256836,0.8373705711349049,0.5727720515006185,,
old,Noto2024,3066,160,36.37509536743164,123.62490463256836,0.7900533147766531,0.7893365241140797,,
old,Noto2024,3066,200,36.37509536743164,163.62490463256836,0.8473237940034042,0.8262860779686667,0.8531715721952465,0.8262979870293305
old,Noto2024,3067,30,41.43413162231445,0.0,,0.0,,
old,Noto2024,3067,60,41.43413162231445,18.565868377685547,0.6796081458185098,0.558282314730552,,
old,Noto2024,3067,90,41.43413162231445,48.56586837768555,0.6724521227090221,0.035727975603501605,,
old,Noto2024,3067,120,41.43413162231445,78.56586837768555,0.748855925206834,0.6264917678899726,,
old,Noto2024,3067,160,41.43413162231445,118.56586837768555,0.7201024763516491,0.4805910777975102,,
old,Noto2024,3067,200,41.43413162231445,158.56586837768555,0.8725399888622744,0.5594223888661576,0.8778700746517847,0.5594407750110788
old,Noto2024,3068,30,37.49924850463867,0.0,,0.0,,
old,Noto2024,3068,60,37.49924850463867,22.500751495361328,0.6370108035334826,0.33463099288544385,,
old,Noto2024,3068,90,37.49924850463867,52.50075149536133,0.6484731008724535,0.45528806313085646,,
old,Noto2024,3068,120,37.49924850463867,82.50075149536133,0.829695881050203,0.5814361912692805,,
old,Noto2024,3068,160,37.49924850463867,122.50075149536133,0.7967827573787786,0.7780734564983112,,
old,Noto2024,3068,200,37.49924850463867,162.50075149536133,0.8565487946968229,0.7150741704144172,0.8621638402950894,0.7150979706182659
old,Noto2024,3069,30,31.75206756591797,0.0,,0.0,,
old,Noto2024,3069,60,31.75206756591797,28.24793243408203,0.7659267535569333,0.3330653586296366,,
old,Noto2024,3069,90,31.75206756591797,58.24793243408203,0.78479347056958,0.20719583642105732,,
old,Noto2024,3069,120,31.75206756591797,88.24793243408203,0.7479452635219099,0.4585442397100197,,
old,Noto2024,3069,160,31.75206756591797,128.24793243408203,0.8133430951403918,0.2875340209649737,,
old,Noto2024,3069,200,31.75206756591797,168.24793243408203,0.8418248727213399,0.26915634719903636,0.8471230152508887,0.26917233145089625
old,Noto2024,3070,30,33.07591247558594,0.0,,0.0,,
old,Noto2024,3070,60,33.07591247558594,26.924087524414062,0.6314644425195003,-0.0016958312897017436,,
old,Noto2024,3070,90,33.07591247558594,56.92408752441406,0.7019073921016823,0.3145849394183644,,
old,Noto2024,3070,120,33.07591247558594,86.92408752441406,0.7762793771034225,0.5988807606186617,,
old,Noto2024,3070,160,33.07591247558594,126.92408752441406,0.7766750281605203,0.323737616708601,,
old,Noto2024,3070,200,33.07591247558594,166.92408752441406,0.8296791673713132,0.30810517958179684,0.8359342641139108,0.3081235875275681
old,Noto2024,3071,30,33.36447525024414,0.0,,0.0,,
old,Noto2024,3071,60,33.36447525024414,26.63552474975586,0.7274086660460953,0.2322228790785985,,
old,Noto2024,3071,90,33.36447525024414,56.63552474975586,0.7706965547915909,0.16736155329358837,,
old,Noto2024,3071,120,33.36447525024414,86.63552474975586,0.7822958471917331,0.42450203230673633,,
old,Noto2024,3071,160,33.36447525024414,126.63552474975586,0.8072251520580749,0.3788564114274493,,
old,Noto2024,3071,200,33.36447525024414,166.63552474975586,0.8558338917752903,0.43515489586038125,0.8608792811256083,0.43516944475196784
old,Noto2024,3072,30,35.15598678588867,0.0,,0.0,,
old,Noto2024,3072,60,35.15598678588867,24.844013214111328,0.6565956660147029,0.4182030338438407,,
old,Noto2024,3072,90,35.15598678588867,54.84401321411133,0.6690720213344581,0.3203970478114613,,
old,Noto2024,3072,120,35.15598678588867,84.84401321411133,0.8058694814302346,0.275071335588291,,
old,Noto2024,3072,160,35.15598678588867,124.84401321411133,0.8200457660237882,0.41161344916384035,,
old,Noto2024,3072,200,35.15598678588867,164.84401321411133,0.8443145659014109,0.2889062714226611,0.850646866598534,0.2889367344770095
old,Noto2024,3073,30,33.7393913269043,0.0,,0.0,,
old,Noto2024,3073,60,33.7393913269043,26.260608673095703,0.7970452344620729,0.4517880470952509,,
old,Noto2024,3073,90,33.7393913269043,56.2606086730957,0.6002036066014835,0.2114898245771455,,
old,Noto2024,3073,120,33.7393913269043,86.2606086730957,0.7445285316570835,0.5692467205447143,,
old,Noto2024,3073,160,33.7393913269043,126.2606086730957,0.8154550604872276,0.3029385713744359,,
old,Noto2024,3073,200,33.7393913269043,166.2606086730957,0.8455900263756257,0.3629428995620314,0.8512378694885836,0.3629692711796979
old,Noto2024,3074,30,34.116390228271484,0.0,,0.0,,
old,Noto2024,3074,60,34.116390228271484,25.883609771728516,0.6841954313042022,0.2878361925699888,,
old,Noto2024,3074,90,34.116390228271484,55.883609771728516,0.6362956278588419,0.2261336632488451,,
old,Noto2024,3074,120,34.116390228271484,85.88360977172852,0.7950891874990602,0.4505359206281936,,
old,Noto2024,3074,160,34.116390228271484,125.88360977172852,0.8075357271145942,0.1647853414820375,,
old,Noto2024,3074,200,34.116390228271484,165.88360977172852,0.8199076349637191,0.19098170969693484,0.8269810280760514,0.19100681038989098
old,Noto2024,3075,30,35.64767837524414,0.0,,0.0,,
old,Noto2024,3075,60,35.64767837524414,24.35232162475586,0.6206107856032526,0.5520063272189546,,
old,Noto2024,3075,90,35.64767837524414,54.35232162475586,0.6627421367485106,0.26319312124677374,,
old,Noto2024,3075,120,35.64767837524414,84.35232162475586,0.7897208434686215,0.28199221094552485,,
old,Noto2024,3075,160,35.64767837524414,124.35232162475586,0.8529002626530882,0.34012748257266434,,
old,Noto2024,3075,200,35.64767837524414,164.35232162475586,0.8323159606740338,0.3523301665268006,0.8393268678336364,0.3523928940611256
old,Noto2024,3076,30,36.543636322021484,0.0,,0.0,,
old,Noto2024,3076,60,36.543636322021484,23.456363677978516,0.6562657451277633,0.38895011481101704,,
old,Noto2024,3076,90,36.543636322021484,53.456363677978516,0.54562643877084,0.28041674457832233,,
old,Noto2024,3076,120,36.543636322021484,83.45636367797852,0.8046655575111313,0.492578235148204,,
old,Noto2024,3076,160,36.543636322021484,123.45636367797852,0.8296465420543527,0.6019868572100213,,
old,Noto2024,3076,200,36.543636322021484,163.45636367797852,0.8629716484232642,0.49964960869191355,0.8683853207679436,0.4996747938297048
old,Noto2024,3077,30,36.972084045410156,0.0,,0.0,,
old,Noto2024,3077,60,36.972084045410156,23.027915954589844,0.7850949383814784,0.49324080533899206,,
old,Noto2024,3077,90,36.972084045410156,53.027915954589844,0.7479098315876082,0.10429677051510833,,
old,Noto2024,3077,120,36.972084045410156,83.02791595458984,0.7926611926453166,0.4673061875646596,,
old,Noto2024,3077,160,36.972084045410156,123.02791595458984,0.8108866118902853,0.5163346134835676,,
old,Noto2024,3077,200,36.972084045410156,163.02791595458984,0.8554333122737603,0.5692865431941092,0.860823346630891,0.5693071442607964
old,Noto2024,3078,30,35.850589752197266,0.0,,0.0,,
old,Noto2024,3078,60,35.850589752197266,24.149410247802734,0.678835994069748,0.5438895414752043,,
old,Noto2024,3078,90,35.850589752197266,54.149410247802734,0.6159473504336624,0.3448160576999326,,
old,Noto2024,3078,120,35.850589752197266,84.14941024780273,0.7834892767817739,0.5188978844388776,,
old,Noto2024,3078,160,35.850589752197266,124.14941024780273,0.8138562233536164,0.27350643646772266,,
old,Noto2024,3078,200,35.850589752197266,164.14941024780273,0.825777294813435,0.3140463942564624,0.8328322455051561,0.31408994025206294
old,Noto2024,3079,30,35.01114273071289,0.0,,0.0,,
old,Noto2024,3079,60,35.01114273071289,24.98885726928711,0.6418031002292991,0.3130120871525772,,
old,Noto2024,3079,90,35.01114273071289,54.98885726928711,0.6450320532396046,0.004006823476577992,,
old,Noto2024,3079,120,35.01114273071289,84.98885726928711,0.7985079797620084,0.25270267219145115,,
old,Noto2024,3079,160,35.01114273071289,124.98885726928711,0.8257952631105457,0.2583586691151796,,
old,Noto2024,3079,200,35.01114273071289,164.9888572692871,0.8435924004914973,0.33433859597008553,0.8497933838867977,0.3343723206978453
old,Noto2024,3081,30,37.383567810058594,0.0,,0.0,,
old,Noto2024,3081,60,37.383567810058594,22.616432189941406,0.8058117786261578,0.4160204106901615,,
old,Noto2024,3081,90,37.383567810058594,52.616432189941406,0.569615466703939,0.25104581275432203,,
old,Noto2024,3081,120,37.383567810058594,82.6164321899414,0.824114034939852,0.4742594061547054,,
old,Noto2024,3081,160,37.383567810058594,122.6164321899414,0.8749964208828028,0.30189044491345385,,
old,Noto2024,3081,200,37.383567810058594,162.6164321899414,0.8453378654697405,0.4697987356859672,0.8518937578396121,0.4698265118778382
old,Noto2024,3084,30,34.29598617553711,0.0,,0.0,,
old,Noto2024,3084,60,34.29598617553711,25.70401382446289,0.5637513909267248,0.2779137945283878,,
old,Noto2024,3084,90,34.29598617553711,55.70401382446289,0.6813258220839421,0.09115560572223558,,
old,Noto2024,3084,120,34.29598617553711,85.70401382446289,0.8257745546688247,0.01964665646159336,,
old,Noto2024,3084,160,34.29598617553711,125.70401382446289,0.8381746497715192,0.1324415308645941,,
old,Noto2024,3084,200,34.29598617553711,165.7040138244629,0.8095922923556856,0.2729384551441285,0.8174778601941888,0.2730125858917729
old,Noto2024,3085,30,41.92455291748047,0.0,,0.0,,
old,Noto2024,3085,60,41.92455291748047,18.07544708251953,0.6815243749235405,0.44588944000690667,,
old,Noto2024,3085,90,41.92455291748047,48.07544708251953,0.6839588402621241,0.12066070996704337,,
old,Noto2024,3085,120,41.92455291748047,78.07544708251953,0.8066142330613748,0.09676776502940054,,
old,Noto2024,3085,160,41.92455291748047,118.07544708251953,0.8426846452129995,0.2176035344066749,,
old,Noto2024,3085,200,41.92455291748047,158.07544708251953,0.7795436683009411,0.1442344661302828,0.7912496130151043,0.14446790523101072
old,Noto2024,3086,30,44.30833435058594,0.0,,0.0,,
old,Noto2024,3086,60,44.30833435058594,15.691665649414062,0.7347905818645691,0.8000910461494186,,
old,Noto2024,3086,90,44.30833435058594,45.69166564941406,0.7758630920593577,0.2014550154771131,,
old,Noto2024,3086,120,44.30833435058594,75.69166564941406,0.6476071100256,0.7390771527226248,,
old,Noto2024,3086,160,44.30833435058594,115.69166564941406,0.8008909578924159,0.4301750916307254,,
old,Noto2024,3086,200,44.30833435058594,155.69166564941406,0.8758518183205989,0.3080689800850438,0.8821317972723139,0.30812357141487734
old,Noto2024,3089,30,38.01837921142578,0.0,,0.0,,
old,Noto2024,3089,60,38.01837921142578,21.98162078857422,0.7173571252940776,0.4138861487802217,,
old,Noto2024,3089,90,38.01837921142578,51.98162078857422,0.6575143975084841,0.24758291014091505,,
old,Noto2024,3089,120,38.01837921142578,81.98162078857422,0.8311121560879553,0.32085042321199353,,
old,Noto2024,3089,160,38.01837921142578,121.98162078857422,0.8481170592523392,0.3166609602647936,,
old,Noto2024,3089,200,38.01837921142578,161.98162078857422,0.8297891961694631,0.3181055189486939,0.8373036189489002,0.3181532224493777
old,Noto2024,3090,30,36.4305305480957,0.0,,0.0,,
old,Noto2024,3090,60,36.4305305480957,23.569469451904297,0.5859355799954986,0.5512975429708815,,
old,Noto2024,3090,90,36.4305305480957,53.5694694519043,0.5526715405310706,0.24470297216528802,,
old,Noto2024,3090,120,36.4305305480957,83.5694694519043,0.8163533655250244,0.32808819671697353,,
old,Noto2024,3090,160,36.4305305480957,123.5694694519043,0.8309912789443873,0.2861157117328048,,
old,Noto2024,3090,200,36.4305305480957,163.5694694519043,0.8415159633836996,0.34987710977249975,0.8478281504143043,0.34990455197554393
old,Noto2024,3091,30,39.719669342041016,0.0,,0.0,,
old,Noto2024,3091,60,39.719669342041016,20.280330657958984,0.7070333506065786,0.5096446564624388,,
old,Noto2024,3091,90,39.719669342041016,50.280330657958984,0.5610437006500094,0.2277700432684071,,
old,Noto2024,3091,120,39.719669342041016,80.28033065795898,0.8135168729950011,0.44713953724910294,,
old,Noto2024,3091,160,39.719669342041016,120.28033065795898,0.8495081657158635,0.4033762321841694,,
old,Noto2024,3091,200,39.719669342041016,160.28033065795898,0.8620487491432418,0.4385520369174172,0.868307245131712,0.43860873710110315
old,Noto2024,3092,30,40.24540328979492,0.0,,0.0,,
old,Noto2024,3092,60,40.24540328979492,19.754596710205078,0.7254848046353991,0.5615233432530644,,
old,Noto2024,3092,90,40.24540328979492,49.75459671020508,0.7802586467130899,0.2398912680976224,,
old,Noto2024,3092,120,40.24540328979492,79.75459671020508,0.7709656447663147,0.39856481624871076,,
old,Noto2024,3092,160,40.24540328979492,119.75459671020508,0.8505823386192476,0.2872797224232313,,
old,Noto2024,3092,200,40.24540328979492,159.75459671020508,0.8565360869726351,0.26176096051001263,0.8632937879882759,0.2618209376727849
old,Noto2024,3093,30,40.07854461669922,0.0,,0.0,,
old,Noto2024,3093,60,40.07854461669922,19.92145538330078,0.6898895534275349,0.5220429977788132,,
old,Noto2024,3093,90,40.07854461669922,49.92145538330078,0.5270848591942666,0.03583008145258049,,
old,Noto2024,3093,120,40.07854461669922,79.92145538330078,0.8062285357164106,0.4210851195330605,,
old,Noto2024,3093,160,40.07854461669922,119.92145538330078,0.8634310346448119,0.25258765090185165,,
old,Noto2024,3093,200,40.07854461669922,159.92145538330078,0.8510371448243008,0.32795384275499373,0.8581601595905238,0.32801060788693803
old,Noto2024,3094,30,41.26790237426758,0.0,,0.0,,
old,Noto2024,3094,60,41.26790237426758,18.732097625732422,0.693340248821275,0.5078876859892656,,
old,Noto2024,3094,90,41.26790237426758,48.73209762573242,0.6027239433317473,0.06540070852833946,,
old,Noto2024,3094,120,41.26790237426758,78.73209762573242,0.7439244225007864,0.32688090377292145,,
old,Noto2024,3094,160,41.26790237426758,118.73209762573242,0.7850082299932489,0.30552422136463253,,
old,Noto2024,3094,200,41.26790237426758,158.73209762573242,0.856277083166409,0.02577112947719229,0.8631316241544539,0.025851426320841142
old,Noto2024,3095,30,40.42564392089844,0.0,,0.0,,
old,Noto2024,3095,60,40.42564392089844,19.574356079101562,0.6727670593293481,0.4428379287760169,,
old,Noto2024,3095,90,40.42564392089844,49.57435607910156,0.5298419931518631,0.15284709408976926,,
old,Noto2024,3095,120,40.42564392089844,79.57435607910156,0.7683205046101534,0.3235741906075278,,
old,Noto2024,3095,160,40.42564392089844,119.57435607910156,0.8320965426433292,0.26488956992932344,,
old,Noto2024,3095,200,40.42564392089844,159.57435607910156,0.8286115364876617,0.09665242937751817,0.8370889660839052,0.09677918304871458
old,Noto2024,3096,30,39.19498825073242,0.0,,0.0,,
old,Noto2024,3096,60,39.19498825073242,20.805011749267578,0.6470130171786423,0.4772058994814943,,
old,Noto2024,3096,90,39.19498825073242,50.80501174926758,0.561235701290422,0.026101048493321066,,
old,Noto2024,3096,120,39.19498825073242,80.80501174926758,0.8116652189661078,0.31726049229498887,,
old,Noto2024,3096,160,39.19498825073242,120.80501174926758,0.8605954016492324,0.22549810815498006,,
old,Noto2024,3096,200,39.19498825073242,160.80501174926758,0.8434571020318331,0.24030056978471048,0.8506078392383386,0.24034669812877762
old,Noto2024,3098,30,40.18203353881836,0.0,,0.0,,
old,Noto2024,3098,60,40.18203353881836,19.81796646118164,0.69785341336232,0.5822164028268357,,
old,Noto2024,3098,90,40.18203353881836,49.81796646118164,0.6152482440692681,0.11305559991901237,,
old,Noto2024,3098,120,40.18203353881836,79.81796646118164,0.7653297664310529,0.22926300609030648,,
old,Noto2024,3098,160,40.18203353881836,119.81796646118164,0.790108939361699,0.38520473744320594,,
old,Noto2024,3098,200,40.18203353881836,159.81796646118164,0.8507278268308655,0.11487399842815638,0.8571735895301601,0.11493332329663541
old,Noto2024,3099,30,36.11399841308594,0.0,,0.0,,
old,Noto2024,3099,60,36.11399841308594,23.886001586914062,0.6908286620078332,0.4962427454998011,,
old,Noto2024,3099,90,36.11399841308594,53.88600158691406,0.7721163550673917,0.2380233044098361,,
old,Noto2024,3099,120,36.11399841308594,83.88600158691406,0.8269195426785398,0.031161158118140797,,
old,Noto2024,3099,160,36.11399841308594,123.88600158691406,0.8513241005213733,0.06305796319057055,,
old,Noto2024,3099,200,36.11399841308594,163.88600158691406,0.7990783426833633,0.107187591708656,0.8080631601963983,0.10727052017314964
old,Noto2024,5105,30,40.686920166015625,0.0,,0.0,,
old,Noto2024,5105,60,40.686920166015625,19.313079833984375,0.7203181004342325,0.5745217070330808,,
old,Noto2024,5105,90,40.686920166015625,49.313079833984375,0.5480105903169731,0.092507965295896,,
old,Noto2024,5105,120,40.686920166015625,79.31307983398438,0.7520192639660466,0.624579494827052,,
old,Noto2024,5105,160,40.686920166015625,119.31307983398438,0.7271600240091275,0.6301698346899292,,
old,Noto2024,5105,200,40.686920166015625,159.31307983398438,0.8614522350837545,0.5778132453400646,0.8672455475926595,0.5778379952254538
old,Noto2024,9098,30,1.4707725048065186,28.52922749519348,0.7588292483205964,-1.078089355684976,,
old,Noto2024,9098,60,1.4707725048065186,58.52922749519348,0.46762487394897934,0.4577763410529698,,
old,Noto2024,9098,90,1.4707725048065186,88.52922749519348,0.7042297857176086,0.5485391922613756,,
old,Noto2024,9098,120,1.4707725048065186,118.52922749519348,0.627438181618835,0.359299014545047,,
old,Noto2024,9098,160,1.4707725048065186,158.52922749519348,0.5921861142677662,0.3282724470340552,,
old,Noto2024,9098,200,1.4707725048065186,198.52922749519348,0.745239472465844,0.3355361154604326,0.7454985355212241,0.3355364753841359
old,Noto2024,kin_2024001_h023,30,39.5247802734375,0.0,,0.0,,
old,Noto2024,kin_2024001_h023,60,39.5247802734375,20.4752197265625,0.7105201272133448,0.5643850414501275,,
old,Noto2024,kin_2024001_h023,90,39.5247802734375,50.4752197265625,0.6747972613591359,0.12380021473354752,,
old,Noto2024,kin_2024001_h023,120,39.5247802734375,80.4752197265625,0.7812184889590513,0.33675297366902157,,
old,Noto2024,kin_2024001_h023,160,39.5247802734375,120.4752197265625,0.8521994882470122,0.2805479804012707,,
old,Noto2024,kin_2024001_h023,200,39.5247802734375,160.4752197265625,0.837060524776282,0.14994526967629884,0.8447445512248031,0.15003233173038666
old,Noto2024,kin_2024001_h102,30,36.67205810546875,0.0,,0.0,,
old,Noto2024,kin_2024001_h102,60,36.67205810546875,23.32794189453125,0.6892120671552343,0.6706814650824553,,
old,Noto2024,kin_2024001_h102,90,36.67205810546875,53.32794189453125,0.783134059532016,0.3110847540971209,,
old,Noto2024,kin_2024001_h102,120,36.67205810546875,83.32794189453125,0.7969343667981396,0.011760501239471921,,
old,Noto2024,kin_2024001_h102,160,36.67205810546875,123.32794189453125,0.7951561837836671,-0.19227789521935268,,
old,Noto2024,kin_2024001_h102,200,36.67205810546875,163.32794189453125,0.7051372688526679,-0.09660238139792199,0.7191465060208467,-0.09629616759279447
old,Noto2024,kin_2024001_p105,30,29.43732261657715,0.5626773834228516,,2.019503138622288,,
old,Noto2024,kin_2024001_p105,60,29.43732261657715,30.56267738342285,0.5949839538929615,0.266949645093284,,
old,Noto2024,kin_2024001_p105,90,29.43732261657715,60.56267738342285,0.4524186626875576,-0.1273867296020681,,
old,Noto2024,kin_2024001_p105,120,29.43732261657715,90.56267738342285,0.44559269259859374,0.2588950671638015,,
old,Noto2024,kin_2024001_p105,160,29.43732261657715,130.56267738342285,0.5072832972421206,-0.11098345107261043,,
old,Noto2024,kin_2024001_p105,200,29.43732261657715,170.56267738342285,0.4673815275218082,-0.25863659753415646,0.48743550888179277,-0.25835027478349115
old,Noto2024,kin_2024001_p107,30,47.40365982055664,0.0,,0.0,,
old,Noto2024,kin_2024001_p107,60,47.40365982055664,12.59634017944336,0.8014008598210832,0.902076408652448,,
old,Noto2024,kin_2024001_p107,90,47.40365982055664,42.59634017944336,0.428762852731733,-0.2868056744758878,,
old,Noto2024,kin_2024001_p107,120,47.40365982055664,72.59634017944336,0.7809233936880977,0.415475389589413,,
old,Noto2024,kin_2024001_p107,160,47.40365982055664,112.59634017944336,0.7292066364375828,0.48749059921388493,,
old,Noto2024,kin_2024001_p107,200,47.40365982055664,152.59634017944336,0.858920548563517,0.5039747563969881,0.8661116005749404,0.504010959771203
old,Noto2024,kin_2024001_p110,30,14.028465270996094,15.971534729003906,0.8320353497695808,-0.2869007835799051,,
old,Noto2024,kin_2024001_p110,60,14.028465270996094,45.971534729003906,0.7741206303015835,-0.29952006714927215,,
old,Noto2024,kin_2024001_p110,90,14.028465270996094,75.9715347290039,0.5285985900677975,0.7639140215486071,,
old,Noto2024,kin_2024001_p110,120,14.028465270996094,105.9715347290039,0.8438689779872413,0.5272971302739462,,
old,Noto2024,kin_2024001_p110,160,14.028465270996094,145.9715347290039,0.674229855276453,0.5652675289130853,,
old,Noto2024,kin_2024001_p110,200,14.028465270996094,185.9715347290039,0.7148391730549697,0.6211452042893653,0.7193048688518251,0.621148559090833
old,Noto2024,kin_2024001_p112,30,21.524938583374023,8.475061416625977,0.7736732312732452,0.24006651078228192,,
old,Noto2024,kin_2024001_p112,60,21.524938583374023,38.47506141662598,0.3026722901445285,-0.2568120229582096,,
old,Noto2024,kin_2024001_p112,90,21.524938583374023,68.47506141662598,0.6745843204839246,-0.1672950143208638,,
old,Noto2024,kin_2024001_p112,120,21.524938583374023,98.47506141662598,0.7709722852755719,-0.3216566111620125,,
old,Noto2024,kin_2024001_p112,160,21.524938583374023,138.47506141662598,0.5547728236701037,-0.20441732566495308,,
old,Noto2024,kin_2024001_p112,200,21.524938583374023,178.47506141662598,0.3336616329444633,-0.28250979152671807,0.34772580793107993,-0.28209313782016654
old,Noto2024,kin_2024001_p113,30,42.22346878051758,0.0,,0.0,,
old,Noto2024,kin_2024001_p113,60,42.22346878051758,17.776531219482422,0.7545456830599544,0.8474678593362741,,
old,Noto2024,kin_2024001_p113,90,42.22346878051758,47.77653121948242,0.7829087819689633,0.577534272402854,,
old,Noto2024,kin_2024001_p113,120,42.22346878051758,77.77653121948242,0.7964820710989471,0.47012444803006304,,
old,Noto2024,kin_2024001_p113,160,42.22346878051758,117.77653121948242,0.750119349495344,0.6414807906816664,,
old,Noto2024,kin_2024001_p113,200,42.22346878051758,157.77653121948242,0.6204092881861094,0.5076054178925462,0.642392545929216,0.5077174709127936
old,Noto2024,kin_2024001_p114,30,41.42585372924805,0.0,,0.0,,
old,Noto2024,kin_2024001_p114,60,41.42585372924805,18.574146270751953,0.6606831075165386,0.6751123765409712,,
old,Noto2024,kin_2024001_p114,90,41.42585372924805,48.57414627075195,0.44571131622339233,-0.024455923220375375,,
old,Noto2024,kin_2024001_p114,120,41.42585372924805,78.57414627075195,0.7794299501562979,0.45789779322446567,,
old,Noto2024,kin_2024001_p114,160,41.42585372924805,118.57414627075195,0.8337785112638512,0.21517362773427617,,
old,Noto2024,kin_2024001_p114,200,41.42585372924805,158.57414627075195,0.8141006863945343,0.19040311712310665,0.8238033101740891,0.1907474018175348
old,Noto2024,kin_2024001_p115,30,38.79557418823242,0.0,,0.0,,
old,Noto2024,kin_2024001_p115,60,38.79557418823242,21.204425811767578,0.6521308257784376,0.2913916042274902,,
old,Noto2024,kin_2024001_p115,90,38.79557418823242,51.20442581176758,0.6603677117773568,0.23294443122818365,,
old,Noto2024,kin_2024001_p115,120,38.79557418823242,81.20442581176758,0.8128040793766446,0.3693775309041003,,
old,Noto2024,kin_2024001_p115,160,38.79557418823242,121.20442581176758,0.7741366771841373,-0.03097968337934276,,
old,Noto2024,kin_2024001_p115,200,38.79557418823242,161.20442581176758,0.7456684957564387,-0.028679132831132215,0.7583251619234068,-0.028535911446387452
old,Noto2024,kin_2024001_p206,30,46.40006637573242,0.0,,0.0,,
old,Noto2024,kin_2024001_p206,60,46.40006637573242,13.599933624267578,0.7715116436058829,0.9691199094091347,,
old,Noto2024,kin_2024001_p206,90,46.40006637573242,43.59993362426758,0.44998919311537183,0.22067285643961299,,
old,Noto2024,kin_2024001_p206,120,46.40006637573242,73.59993362426758,0.6201442688235436,0.7557520560975624,,
old,Noto2024,kin_2024001_p206,160,46.40006637573242,113.59993362426758,0.5389325118824209,0.8556790806048555,,
old,Noto2024,kin_2024001_p206,200,46.40006637573242,153.59993362426758,0.789474658487067,0.6745868929852206,0.7998755446536819,0.6746015641975935
old,Noto2024,kin_2024001_p207,30,10.334870338439941,19.66512966156006,0.8564869467329437,-0.5255904716092532,,
old,Noto2024,kin_2024001_p207,60,10.334870338439941,49.66512966156006,0.7036106565791116,0.1807196422712254,,
old,Noto2024,kin_2024001_p207,90,10.334870338439941,79.66512966156006,0.8765103972335796,0.30366331428947024,,
old,Noto2024,kin_2024001_p207,120,10.334870338439941,109.66512966156006,0.8594857234067311,0.044221149117589675,,
old,Noto2024,kin_2024001_p207,160,10.334870338439941,149.66512966156006,0.7216656850963334,0.13140908183008282,,
old,Noto2024,kin_2024001_p207,200,10.334870338439941,189.66512966156006,0.7578210935008605,0.21339563245887927,0.7601820042803056,0.21340105354096295
old,Noto2024,kin_2024001_r004,30,16.51097297668457,13.48902702331543,0.8236552200296757,-0.052247760724263514,,
old,Noto2024,kin_2024001_r004,60,16.51097297668457,43.48902702331543,0.7052164733701051,-0.06942941625842991,,
old,Noto2024,kin_2024001_r004,90,16.51097297668457,73.48902702331543,0.6952003780923911,0.6833105830841566,,
old,Noto2024,kin_2024001_r004,120,16.51097297668457,103.48902702331543,0.8070874543740302,0.4091694398121346,,
old,Noto2024,kin_2024001_r004,160,16.51097297668457,143.48902702331543,0.7500652995937017,0.4173771439749929,,
old,Noto2024,kin_2024001_r004,200,16.51097297668457,183.48902702331543,0.7276255041231294,0.41673749972039076,0.7321193082714799,0.4167424859253046
old,Noto2024,kin_2024001_r006,30,17.015880584716797,12.984119415283203,0.8286597122167735,-0.2323754998784464,,
old,Noto2024,kin_2024001_r006,60,17.015880584716797,42.9841194152832,0.7221503753610687,-0.20488269343542242,,
old,Noto2024,kin_2024001_r006,90,17.015880584716797,72.9841194152832,0.6373989468722885,0.750964877052481,,
old,Noto2024,kin_2024001_r006,120,17.015880584716797,102.9841194152832,0.7941937668682393,0.4694255000742844,,
old,Noto2024,kin_2024001_r006,160,17.015880584716797,142.9841194152832,0.7813224493563041,0.40088542424689155,,
old,Noto2024,kin_2024001_r006,200,17.015880584716797,182.9841194152832,0.7752188050425294,0.54145147618613,0.7792015151354867,0.5414569462746028
old,Noto2024,kin_2024001_r015,30,14.10454273223877,15.89545726776123,0.8221874431947586,-0.44850346573950617,,
old,Noto2024,kin_2024001_r015,60,14.10454273223877,45.89545726776123,0.6833577491416135,-0.018971974620735743,,
old,Noto2024,kin_2024001_r015,90,14.10454273223877,75.89545726776123,0.6894109515565605,0.596456087227458,,
old,Noto2024,kin_2024001_r015,120,14.10454273223877,105.89545726776123,0.8369532551644003,0.3457389373979822,,
old,Noto2024,kin_2024001_r015,160,14.10454273223877,145.89545726776123,0.6907976316275494,0.40836977052364887,,
old,Noto2024,kin_2024001_r015,200,14.10454273223877,185.89545726776123,0.7203133950942326,0.5260629000795616,0.7245182483785495,0.5260672100772643
old,Noto2024,kin_2024001_r019,30,20.245342254638672,9.754657745361328,0.7600191227216109,0.11965868552662062,,
old,Noto2024,kin_2024001_r019,60,20.245342254638672,39.75465774536133,0.6452320576434659,-0.15589926745597626,,
old,Noto2024,kin_2024001_r019,90,20.245342254638672,69.75465774536133,0.7740622641066651,0.6021807013136327,,
old,Noto2024,kin_2024001_r019,120,20.245342254638672,99.75465774536133,0.7502795859838549,0.3933079982425598,,
old,Noto2024,kin_2024001_r019,160,20.245342254638672,139.75465774536133,0.7707263356897343,0.276653574069222,,
old,Noto2024,kin_2024001_r019,200,20.245342254638672,179.75465774536133,0.7437514574403723,0.4172575472825075,0.7489727001611775,0.4172637986692296
old,Noto2024,kin_2024001_s006,30,34.843040466308594,0.0,,0.0,,
old,Noto2024,kin_2024001_s006,60,34.843040466308594,25.156959533691406,0.5852139468089272,0.2298431544086581,,
old,Noto2024,kin_2024001_s006,90,34.843040466308594,55.156959533691406,0.6930198124045244,0.2699644373636829,,
old,Noto2024,kin_2024001_s006,120,34.843040466308594,85.1569595336914,0.8249289122569546,0.34616997517862114,,
old,Noto2024,kin_2024001_s006,160,34.843040466308594,125.1569595336914,0.7789925323729234,0.5271000362730378,,
old,Noto2024,kin_2024001_s006,200,34.843040466308594,165.1569595336914,0.8446196997098137,0.4051675818585636,0.8502207433587236,0.4051963259903957
old,Noto2024,kin_2024001_s007,30,34.02711486816406,0.0,,0.0,,
old,Noto2024,kin_2024001_s007,60,34.02711486816406,25.972885131835938,0.7599308730174954,0.3204279544859663,,
old,Noto2024,kin_2024001_s007,90,34.02711486816406,55.97288513183594,0.6503420289278727,0.24568384699939116,,
old,Noto2024,kin_2024001_s007,120,34.02711486816406,85.97288513183594,0.7941761654711135,0.5387759824535552,,
old,Noto2024,kin_2024001_s007,160,34.02711486816406,125.97288513183594,0.8135125542920445,0.3770586038004753,,
old,Noto2024,kin_2024001_s007,200,34.02711486816406,165.97288513183594,0.8531544227890749,0.41849732795263606,0.8585681291477995,0.4185173419812642
old,Noto2024,kin_2024001_s043,30,37.76966094970703,0.0,,0.0,,
old,Noto2024,kin_2024001_s043,60,37.76966094970703,22.23033905029297,0.7879758577047461,0.5227206100063553,,
old,Noto2024,kin_2024001_s043,90,37.76966094970703,52.23033905029297,0.8659551558267757,0.3163425379204252,,
old,Noto2024,kin_2024001_s043,120,37.76966094970703,82.23033905029297,0.851575718275776,0.16060347914633866,,
old,Noto2024,kin_2024001_s043,160,37.76966094970703,122.23033905029297,0.8003656819518526,0.34642317181697724,,
old,Noto2024,kin_2024001_s043,200,37.76966094970703,162.23033905029297,0.8217280899885226,0.48472361468232794,0.8286153854043596,0.4847391200625468
old,Noto2024,kin_2024001_s045,30,37.33061981201172,0.0,,0.0,,
old,Noto2024,kin_2024001_s045,60,37.33061981201172,22.66938018798828,0.7262783660097859,0.5399189202788719,,
old,Noto2024,kin_2024001_s045,90,37.33061981201172,52.66938018798828,0.7241814545319777,0.16290931664071628,,
old,Noto2024,kin_2024001_s045,120,37.33061981201172,82.66938018798828,0.8306608050662099,0.05671719296171762,,
old,Noto2024,kin_2024001_s045,160,37.33061981201172,122.66938018798828,0.8549299984153034,0.12326167444498726,,
old,Noto2024,kin_2024001_s045,200,37.33061981201172,162.66938018798828,0.8272059396160454,0.1501996978780582,0.8348152847772874,0.15026307808204553
old,Noto2024,kin_2024001_s046,30,20.74602508544922,9.253974914550781,0.7549514844576118,0.04009339931246103,,
old,Noto2024,kin_2024001_s046,60,20.74602508544922,39.25397491455078,0.648203738881856,-0.2909056501653735,,
old,Noto2024,kin_2024001_s046,90,20.74602508544922,69.25397491455078,0.7528056422702387,0.709361414589579,,
old,Noto2024,kin_2024001_s046,120,20.74602508544922,99.25397491455078,0.7556563347905398,0.5508178128491847,,
old,Noto2024,kin_2024001_s046,160,20.74602508544922,139.25397491455078,0.7760235184579317,0.39880718808321536,,
old,Noto2024,kin_2024001_s046,200,20.74602508544922,179.25397491455078,0.7702034288442076,0.5347067663885143,0.7748980256604864,0.5347129751632158
old,Noto2024,kin_2024001_s069,30,40.27473068237305,0.0,,0.0,,
old,Noto2024,kin_2024001_s069,60,40.27473068237305,19.725269317626953,0.6409483309762674,0.4963127192144343,,
old,Noto2024,kin_2024001_s069,90,40.27473068237305,49.72526931762695,0.41684535670290285,0.2501317564636807,,
old,Noto2024,kin_2024001_s069,120,40.27473068237305,79.72526931762695,0.8172868695467667,0.28565453572955324,,
old,Noto2024,kin_2024001_s069,160,40.27473068237305,119.72526931762695,0.6054408847224413,0.6085242797770247,,
old,Noto2024,kin_2024001_s069,200,40.27473068237305,159.72526931762695,0.8260176612452843,0.46472450772855733,0.8340132294246728,0.4647415648425737
old,Noto2024,kin_2024001_s070,30,41.50120544433594,0.0,,0.0,,
old,Noto2024,kin_2024001_s070,60,41.50120544433594,18.498794555664062,0.648489755751292,0.5680174215387082,,
old,Noto2024,kin_2024001_s070,90,41.50120544433594,48.49879455566406,0.31854735347507374,0.27128973856796534,,
old,Noto2024,kin_2024001_s070,120,41.50120544433594,78.49879455566406,0.49822503367193127,0.1663624518682143,,
old,Noto2024,kin_2024001_s070,160,41.50120544433594,118.49879455566406,0.6083854786788316,0.3609896709534892,,
old,Noto2024,kin_2024001_s070,200,41.50120544433594,158.49879455566406,0.8549791956434015,0.29090059044471417,0.8616003594602814,0.2909237033582768
old,Parkfield2004,CAND,30,2.1844165325164795,27.81558346748352,-0.794388279177812,0.19130213505139437,,
old,Parkfield2004,CAND,60,2.1844165325164795,57.81558346748352,0.00262875369277727,0.4720844986048718,,
old,Parkfield2004,CAND,90,2.1844165325164795,87.81558346748352,0.24818323540013568,0.4031845254577222,,
old,Parkfield2004,CAND,120,2.1844165325164795,117.81558346748352,0.30425033454083955,0.3850011277349399,,
old,Parkfield2004,CAND,160,2.1844165325164795,157.81558346748352,0.4232060861101215,0.48134896621984957,,
old,Parkfield2004,CAND,200,2.1844165325164795,197.81558346748352,0.5417154147320116,0.4794228466185233,0.5419034706442557,0.4794799175089839
old,Parkfield2004,CARH,30,1.6793134212493896,28.32068657875061,-0.8533175844653833,0.2748142873496988,,
old,Parkfield2004,CARH,60,1.6793134212493896,58.32068657875061,-0.137455384425366,0.08055395759756578,,
old,Parkfield2004,CARH,90,1.6793134212493896,88.32068657875061,0.26961177018469684,0.06343971784945257,,
old,Parkfield2004,CARH,120,1.6793134212493896,118.32068657875061,0.3802241660318289,0.09060141850371828,,
old,Parkfield2004,CARH,160,1.6793134212493896,158.3206865787506,0.6085542328588962,0.11109128614814257,,
old,Parkfield2004,CARH,200,1.6793134212493896,198.3206865787506,0.75709316020033,0.13014649868363115,0.7567962342150589,0.13051877442270854
old,Parkfield2004,HOGS,30,1.879341721534729,28.12065827846527,-0.3417388454599965,-0.10629453875402373,,
old,Parkfield2004,HOGS,60,1.879341721534729,58.12065827846527,0.4860505398877672,-0.026251034758914216,,
old,Parkfield2004,HOGS,90,1.879341721534729,88.12065827846527,0.5726514528067238,0.04900830176822524,,
old,Parkfield2004,HOGS,120,1.879341721534729,118.12065827846527,0.5948363219642303,0.07416016011121229,,
old,Parkfield2004,HOGS,160,1.879341721534729,158.12065827846527,0.6606638111362281,0.06778591999767247,,
old,Parkfield2004,HOGS,200,1.879341721534729,198.12065827846527,0.7149499010594406,0.08065154402779218,0.714638571135117,0.0813867305183722
old,Parkfield2004,HUNT,30,1.4856576919555664,28.514342308044434,-0.7253780130364109,0.15506649097118164,,
old,Parkfield2004,HUNT,60,1.4856576919555664,58.514342308044434,0.1450216881168515,0.25959135591228666,,
old,Parkfield2004,HUNT,90,1.4856576919555664,88.51434230804443,0.21694193896497796,0.27245241334537695,,
old,Parkfield2004,HUNT,120,1.4856576919555664,118.51434230804443,0.3289221880232035,0.24476513510037723,,
old,Parkfield2004,HUNT,160,1.4856576919555664,158.51434230804443,0.4256493673150191,0.28205068104291975,,
old,Parkfield2004,HUNT,200,1.4856576919555664,198.51434230804443,0.5548017633779773,0.30507435449971076,0.5548507946697685,0.30518057109819274
old,Parkfield2004,LAND,30,2.0427584648132324,27.957241535186768,-0.7930698291791825,-0.0164042168548022,,
old,Parkfield2004,LAND,60,2.0427584648132324,57.95724153518677,0.3128974545282268,0.14471262078223113,,
old,Parkfield2004,LAND,90,2.0427584648132324,87.95724153518677,0.5637046053838416,0.13179456943217804,,
old,Parkfield2004,LAND,120,2.0427584648132324,117.95724153518677,0.6651676110751442,0.18399941770460693,,
old,Parkfield2004,LAND,160,2.0427584648132324,157.95724153518677,0.7185286596604802,0.20533982951872076,,
old,Parkfield2004,LAND,200,2.0427584648132324,197.95724153518677,0.7658478576474321,0.22805426004288876,0.7655372832899338,0.22857681022888698
old,Parkfield2004,MASW,30,1.473652958869934,28.526347041130066,-0.6025788696150436,-0.016608331557980804,,
old,Parkfield2004,MASW,60,1.473652958869934,58.526347041130066,0.12969875538880923,0.1489781195985005,,
old,Parkfield2004,MASW,90,1.473652958869934,88.52634704113007,0.3928341610556704,0.12917713056450886,,
old,Parkfield2004,MASW,120,1.473652958869934,118.52634704113007,0.544489441572548,0.16821654072667513,,
old,Parkfield2004,MASW,160,1.473652958869934,158.52634704113007,0.6618417701994268,0.1628669912858598,,
old,Parkfield2004,MASW,200,1.473652958869934,198.52634704113007,0.7681532197206509,0.18707414123455557,0.7680498122028844,0.18742454562917743
old,Parkfield2004,MIDA,30,2.1372525691986084,27.86274743080139,-0.8244476024530706,0.11977278259013246,,
old,Parkfield2004,MIDA,60,2.1372525691986084,57.86274743080139,0.18646187780942308,0.08861335452604813,,
old,Parkfield2004,MIDA,90,2.1372525691986084,87.86274743080139,0.4927124396025229,0.1560556625606937,,
old,Parkfield2004,MIDA,120,2.1372525691986084,117.86274743080139,0.6579741575169141,0.19991556454898074,,
old,Parkfield2004,MIDA,160,2.1372525691986084,157.8627474308014,0.8030201943353904,0.23792874832802102,,
old,Parkfield2004,MIDA,200,2.1372525691986084,197.8627474308014,0.8012128056953015,0.213664785413906,0.7999959257970863,0.21401111178205845
old,Parkfield2004,MNMC,30,2.526001214981079,27.47399878501892,-0.7595960598332249,0.2212289234044178,,
old,Parkfield2004,MNMC,60,2.526001214981079,57.47399878501892,0.38250315189907813,0.15049709179277393,,
old,Parkfield2004,MNMC,90,2.526001214981079,87.47399878501892,0.5818327239933383,0.1412174610181438,,
old,Parkfield2004,MNMC,120,2.526001214981079,117.47399878501892,0.6375093705735089,0.19658526589795144,,
old,Parkfield2004,MNMC,160,2.526001214981079,157.47399878501892,0.7429644186205969,0.19347643033308692,,
old,Parkfield2004,MNMC,200,2.526001214981079,197.47399878501892,0.745139716884271,0.17396403918448478,0.7448501906873337,0.17436175484225203
old,Parkfield2004,POMM,30,2.2453842163085938,27.754615783691406,-0.7270688165442668,-0.025766054416799022,,
old,Parkfield2004,POMM,60,2.2453842163085938,57.754615783691406,0.34561307312268935,0.0195346009364048,,
old,Parkfield2004,POMM,90,2.2453842163085938,87.7546157836914,0.5503011543287861,0.01899309314372033,,
old,Parkfield2004,POMM,120,2.2453842163085938,117.7546157836914,0.6448994955533196,0.019175469289685054,,
old,Parkfield2004,POMM,160,2.2453842163085938,157.7546157836914,0.6786133336859109,0.06656178535475021,,
old,Parkfield2004,POMM,200,2.2453842163085938,197.7546157836914,0.7316390557472299,0.09519257325804631,0.730900642079201,0.09597217621588072
old,Parkfield2004,RNCH,30,2.4582297801971436,27.541770219802856,-0.7157874415417311,-0.03363628864705781,,
old,Parkfield2004,RNCH,60,2.4582297801971436,57.541770219802856,0.3150945238296112,0.23905444978798762,,
old,Parkfield2004,RNCH,90,2.4582297801971436,87.54177021980286,0.5425825114855368,0.1709922749389552,,
old,Parkfield2004,RNCH,120,2.4582297801971436,117.54177021980286,0.6305541582246429,0.2094488126438776,,
old,Parkfield2004,RNCH,160,2.4582297801971436,157.54177021980286,0.6823775020891149,0.2217960675879116,,
old,Parkfield2004,RNCH,200,2.4582297801971436,197.54177021980286,0.7363675401425027,0.24766698666856257,0.7361844737899357,0.24825295309635464
old,Parkfield2004,TBLP,30,1.7664374113082886,28.23356258869171,-0.7746509684456924,0.07828404359259622,,
old,Parkfield2004,TBLP,60,1.7664374113082886,58.23356258869171,0.27302311748093444,0.13188705881663942,,
old,Parkfield2004,TBLP,90,1.7664374113082886,88.23356258869171,0.4875496106122588,0.13934125471791425,,
old,Parkfield2004,TBLP,120,1.7664374113082886,118.23356258869171,0.6866249778963904,0.18896376184452368,,
old,Parkfield2004,TBLP,160,1.7664374113082886,158.2335625886917,0.785375701259905,0.2094614160385504,,
old,Parkfield2004,TBLP,200,1.7664374113082886,198.2335625886917,0.8443883549573254,0.2668485287556379,0.8437517133041752,0.2673006232783255
old,RatIslands2014,AB21,30,42.20375061035156,0.0,,0.0,,
old,RatIslands2014,AB21,60,42.20375061035156,17.796249389648438,0.6260427315790708,-0.1167639768053732,,
old,RatIslands2014,AB21,90,42.20375061035156,47.79624938964844,0.5776487391728817,-0.0944492857156991,,
old,RatIslands2014,AB21,120,42.20375061035156,77.79624938964844,0.7975284488252339,-0.2090356632262118,,
old,RatIslands2014,AB21,160,42.20375061035156,117.79624938964844,0.7981037790676271,0.040634761588154156,,
old,RatIslands2014,AB21,200,42.20375061035156,157.79624938964844,0.7320819780957055,0.017315882091500256,0.7439899657449689,0.01737094996265931
old,RatIslands2014,AC60,30,44.3283576965332,0.0,,0.0,,
old,RatIslands2014,AC60,60,44.3283576965332,15.671642303466797,0.5871066861682802,-0.0946425578192942,,
old,RatIslands2014,AC60,90,44.3283576965332,45.6716423034668,0.40023056923771244,0.00039780018685853236,,
old,RatIslands2014,AC60,120,44.3283576965332,75.6716423034668,0.7170296776144229,-0.2996951973424533,,
old,RatIslands2014,AC60,160,44.3283576965332,115.6716423034668,0.6157313825109315,-0.44008454633798966,,
old,RatIslands2014,AC60,200,44.3283576965332,155.6716423034668,0.5872744820301979,-0.41386846145444345,0.6086987144092155,-0.4135295261481362
old,RatIslands2014,AC66,30,15.939087867736816,14.060912132263184,0.21716606693020649,0.10586638648823055,,
old,RatIslands2014,AC66,60,15.939087867736816,44.060912132263184,0.3271536561403841,0.29176859799611243,,
old,RatIslands2014,AC66,90,15.939087867736816,74.06091213226318,0.7732799025419784,0.013290047259448379,,
old,RatIslands2014,AC66,120,15.939087867736816,104.06091213226318,0.7903170156109974,-0.01648561245240643,,
old,RatIslands2014,AC66,160,15.939087867736816,144.06091213226318,0.726139767899029,0.020002677281574677,,
old,RatIslands2014,AC66,200,15.939087867736816,184.06091213226318,0.6368280793474075,0.02352230617398554,0.6416632012470173,0.023543841029393775
old,SandPoint2020,AB07,30,13.141619682312012,16.85838031768799,0.6544949802005849,-0.3200380605527444,,
old,SandPoint2020,AB07,60,13.141619682312012,46.85838031768799,0.35854050246020225,-0.4724453181888908,,
old,SandPoint2020,AB07,90,13.141619682312012,76.85838031768799,0.46234149273698333,-0.3617533387241707,,
old,SandPoint2020,AB07,120,13.141619682312012,106.85838031768799,0.41979598080507274,-0.3251286672899312,,
old,SandPoint2020,AB07,160,13.141619682312012,146.858380317688,0.37051172887737416,-0.38002794063195644,,
old,SandPoint2020,AB07,200,13.141619682312012,186.858380317688,0.20954366927379858,-0.3501783548430826,0.21606755134284955,-0.34998626382072917
old,SandPoint2020,AB13,30,25.891611099243164,4.108388900756836,0.25088735368337617,0.04958915912948658,,
old,SandPoint2020,AB13,60,25.891611099243164,34.108388900756836,0.6262912135693521,-0.18804603244672258,,
old,SandPoint2020,AB13,90,25.891611099243164,64.10838890075684,0.6764229904548306,0.09329069910487942,,
old,SandPoint2020,AB13,120,25.891611099243164,94.10838890075684,0.798549003846652,0.14593951987631026,,
old,SandPoint2020,AB13,160,25.891611099243164,134.10838890075684,0.7800398150424613,0.1027179066540711,,
old,SandPoint2020,AB13,200,25.891611099243164,174.10838890075684,0.7504487945846992,0.15847677952266803,0.7547415519527759,0.15850201002322262
old,SandPoint2020,AC12,30,4.919467926025391,25.08053207397461,0.8217898940145124,-0.31251747261635376,,
old,SandPoint2020,AC12,60,4.919467926025391,55.08053207397461,0.3937633622257223,-0.15186024992203784,,
old,SandPoint2020,AC12,90,4.919467926025391,85.08053207397461,0.6582570339285537,-0.11820040798833276,,
old,SandPoint2020,AC12,120,4.919467926025391,115.08053207397461,0.8545194368415235,-0.15539207911089647,,
old,SandPoint2020,AC12,160,4.919467926025391,155.0805320739746,0.8939924902846842,-0.09190778170553404,,
old,SandPoint2020,AC12,200,4.919467926025391,195.0805320739746,0.7242399877062801,-0.07416483913614247,0.7250102978210665,-0.07415518994609194
old,SandPoint2020,AC13,30,36.598480224609375,0.0,,0.0,,
old,SandPoint2020,AC13,60,36.598480224609375,23.401519775390625,0.6423142464667069,-0.42299113418897427,,
old,SandPoint2020,AC13,90,36.598480224609375,53.401519775390625,0.6163588837185455,0.17853754025531288,,
old,SandPoint2020,AC13,120,36.598480224609375,83.40151977539062,0.6965036899187127,0.09311174543375067,,
old,SandPoint2020,AC13,160,36.598480224609375,123.40151977539062,0.7648736964161216,0.295138600359385,,
old,SandPoint2020,AC13,200,36.598480224609375,163.40151977539062,0.7336988663479194,0.3309751946296231,0.7410953423202803,0.33100675274817615
old,SandPoint2020,AC25,30,23.18628692626953,6.813713073730469,-0.05577931085614956,-0.035946377712917865,,
old,SandPoint2020,AC25,60,23.18628692626953,36.81371307373047,0.3294787603872827,-0.44705252881532953,,
old,SandPoint2020,AC25,90,23.18628692626953,66.81371307373047,0.41429754073324804,-0.31759687189688623,,
old,SandPoint2020,AC25,120,23.18628692626953,96.81371307373047,0.5272785630330936,-0.3056807885340902,,
old,SandPoint2020,AC25,160,23.18628692626953,136.81371307373047,0.3912760122718809,-0.3671960497404587,,
old,SandPoint2020,AC25,200,23.18628692626953,176.81371307373047,0.3503305464370302,-0.31723730557607155,0.36267422786267733,-0.3166742787985015
old,SandPoint2020,AC28,30,8.428019523620605,21.571980476379395,0.6818943520585353,-0.7944035152546602,,
old,SandPoint2020,AC28,60,8.428019523620605,51.571980476379395,0.5383694547155915,-0.23168433114378217,,
old,SandPoint2020,AC28,90,8.428019523620605,81.5719804763794,0.3192342542303757,-0.27157070880952183,,
old,SandPoint2020,AC28,120,8.428019523620605,111.5719804763794,0.26357234117837464,-0.27385791953756655,,
old,SandPoint2020,AC28,160,8.428019523620605,151.5719804763794,0.09508665107375817,-0.20611549218001546,,
old,SandPoint2020,AC28,200,8.428019523620605,191.5719804763794,0.010440484021341625,-0.19964742701412064,0.014297871697285962,-0.19951565877042032
old,SandPoint2020,AC40,30,33.94545364379883,0.0,,0.0,,
old,SandPoint2020,AC40,60,33.94545364379883,26.054546356201172,0.7309701095306899,-0.2429299044690909,,
old,SandPoint2020,AC40,90,33.94545364379883,56.05454635620117,0.6468193352712462,-0.07834871862493475,,
old,SandPoint2020,AC40,120,33.94545364379883,86.05454635620117,0.6296608565619904,0.1327989189896499,,
old,SandPoint2020,AC40,160,33.94545364379883,126.05454635620117,0.773718168518974,-0.04484846362946815,,
old,SandPoint2020,AC40,200,33.94545364379883,166.05454635620117,0.7677825089608843,-0.055332346046208514,0.7734612336700625,-0.05529968781384298
old,SandPoint2020,AC42,30,26.15740203857422,3.8425979614257812,,0.23567582095831519,,
old,SandPoint2020,AC42,60,26.15740203857422,33.84259796142578,0.4937956208589081,-0.5024471660945196,,
old,SandPoint2020,AC42,90,26.15740203857422,63.84259796142578,0.589468047506516,-0.41884999097009956,,
old,SandPoint2020,AC42,120,26.15740203857422,93.84259796142578,0.7090890398789172,-0.33410091591715485,,
old,SandPoint2020,AC42,160,26.15740203857422,133.84259796142578,0.5916157893444995,-0.42970356570158685,,
old,SandPoint2020,AC42,200,26.15740203857422,173.84259796142578,0.6034936337682644,-0.3998397188886731,0.6128258669578706,-0.3997347619503575
old,SandPoint2020,AC45,30,51.460723876953125,0.0,,0.0,,
old,SandPoint2020,AC45,60,51.460723876953125,8.539276123046875,-0.09733593010948807,0.5085340763535724,,
old,SandPoint2020,AC45,90,51.460723876953125,38.539276123046875,0.6431811802433559,-0.0022232330156057856,,
old,SandPoint2020,AC45,120,51.460723876953125,68.53927612304688,0.6781363637747623,0.15882211359457,,
old,SandPoint2020,AC45,160,51.460723876953125,108.53927612304688,0.6948274937548264,0.21315590826155795,,
old,SandPoint2020,AC45,200,51.460723876953125,148.53927612304688,0.7123561981040659,0.3576161768013817,0.7238591763093372,0.3576453299826099
