event,observation_horizon_sec,release_time_sec,mw_pred_median,mw_catalog,error,abs_error,within_target,station_count
Iquique 2014 M7.7,1.0,6.0,6.4548797607421875,7.7,-1.2451202392578127,1.2451202392578127,False,11
Kodiak 2018 M7.9,1.0,6.0,6.9081714153289795,7.9,-0.9918285846710209,0.9918285846710209,False,64
Nepal 2015 M7.3,1.0,6.0,6.500975608825684,7.3,-0.7990243911743162,0.7990243911743162,False,5
Samos 2020 M7.0,1.0,6.0,6.3065505027771,7.0,-0.6934494972229004,0.6934494972229004,False,3
Sand 2025 M7.3,1.0,6.0,6.96270751953125,7.3,-0.3372924804687498,0.3372924804687498,False,45
Iquique 2014 M7.7,2.0,7.0,6.454695701599121,7.7,-1.245304298400879,1.245304298400879,False,11
Kodiak 2018 M7.9,2.0,7.0,6.908908843994141,7.9,-0.9910911560058597,0.9910911560058597,False,64
Nepal 2015 M7.3,2.0,7.0,6.502760887145996,7.3,-0.7972391128540037,0.7972391128540037,False,5
Samos 2020 M7.0,2.0,7.0,6.305593013763428,7.0,-0.6944069862365723,0.6944069862365723,False,3
Sand 2025 M7.3,2.0,7.0,6.964163780212402,7.3,-0.3358362197875975,0.3358362197875975,False,45
Iquique 2014 M7.7,3.0,8.0,6.4549994468688965,7.7,-1.2450005531311037,1.2450005531311037,False,11
Kodiak 2018 M7.9,3.0,8.0,6.909109115600586,7.9,-0.9908908843994144,0.9908908843994144,False,64
Nepal 2015 M7.3,3.0,8.0,6.503334045410156,7.3,-0.7966659545898436,0.7966659545898436,False,5
Samos 2020 M7.0,3.0,8.0,6.305535793304443,7.0,-0.6944642066955566,0.6944642066955566,False,3
Sand 2025 M7.3,3.0,8.0,6.964217185974121,7.3,-0.33578281402587873,0.33578281402587873,False,45
Iquique 2014 M7.7,4.0,9.0,6.458209991455078,7.7,-1.241790008544922,1.241790008544922,False,11
Kodiak 2018 M7.9,4.0,9.0,6.911636590957642,7.9,-0.9883634090423588,0.9883634090423588,False,64
Nepal 2015 M7.3,4.0,9.0,6.504325866699219,7.3,-0.7956741333007811,0.7956741333007811,False,5
Samos 2020 M7.0,4.0,9.0,6.304100036621094,7.0,-0.6958999633789062,0.6958999633789062,False,3
Sand 2025 M7.3,4.0,9.0,6.96488094329834,7.3,-0.33511905670166,0.33511905670166,False,45
Iquique 2014 M7.7,5.0,10.0,6.459886074066162,7.7,-1.240113925933838,1.240113925933838,False,11
Kodiak 2018 M7.9,5.0,10.0,6.915470838546753,7.9,-0.9845291614532474,0.9845291614532474,False,64
Nepal 2015 M7.3,5.0,10.0,6.504820823669434,7.3,-0.7951791763305662,0.7951791763305662,False,5
Samos 2020 M7.0,5.0,10.0,6.306452751159668,7.0,-0.693547248840332,0.693547248840332,False,3
Sand 2025 M7.3,5.0,10.0,6.965512752532959,7.3,-0.33448724746704084,0.33448724746704084,False,45
Xizang 2025 M7.1,5.0,10.0,6.329457759857178,7.1,-0.7705422401428219,0.7705422401428219,False,1
Iquique 2014 M7.7,6.0,11.0,6.464297294616699,7.7,-1.235702705383301,1.235702705383301,False,11
Kodiak 2018 M7.9,6.0,11.0,6.9148993492126465,7.9,-0.9851006507873539,0.9851006507873539,False,64
Nepal 2015 M7.3,6.0,11.0,6.505770683288574,7.3,-0.7942293167114256,0.7942293167114256,False,5
Samos 2020 M7.0,6.0,11.0,6.304064750671387,7.0,-0.6959352493286133,0.6959352493286133,False,3
Sand 2025 M7.3,6.0,11.0,6.96575927734375,7.3,-0.3342407226562498,0.3342407226562498,False,45
Xizang 2025 M7.1,6.0,11.0,6.334761619567871,7.1,-0.7652383804321286,0.7652383804321286,False,1
Iquique 2014 M7.7,7.0,12.0,6.464781761169434,7.7,-1.2352182388305666,1.2352182388305666,False,11
Kodiak 2018 M7.9,7.0,12.0,6.922735214233398,7.9,-0.9772647857666019,0.9772647857666019,False,64
Nepal 2015 M7.3,7.0,12.0,6.505366325378418,7.3,-0.7946336746215819,0.7946336746215819,False,5
Samos 2020 M7.0,7.0,12.0,6.311662197113037,7.0,-0.6883378028869629,0.6883378028869629,False,3
Sand 2025 M7.3,7.0,12.0,6.97092342376709,7.3,-0.32907657623291,0.32907657623291,False,45
Xizang 2025 M7.1,7.0,12.0,6.337174892425537,7.1,-0.7628251075744625,0.7628251075744625,False,1
Iquique 2014 M7.7,8.0,13.0,6.459662437438965,7.7,-1.2403375625610353,1.2403375625610353,False,11
Kodiak 2018 M7.9,8.0,13.0,6.924792766571045,7.9,-0.9752072334289554,0.9752072334289554,False,64
Nepal 2015 M7.3,8.0,13.0,6.503070831298828,7.3,-0.7969291687011717,0.7969291687011717,False,5
Samos 2020 M7.0,8.0,13.0,6.310227870941162,7.0,-0.6897721290588379,0.6897721290588379,False,3
Sand 2025 M7.3,8.0,13.0,6.978627681732178,7.3,-0.3213723182678221,0.3213723182678221,False,45
Xizang 2025 M7.1,8.0,13.0,6.333371639251709,7.1,-0.7666283607482907,0.7666283607482907,False,1
Iquique 2014 M7.7,9.0,14.0,6.456137657165527,7.7,-1.2438623428344728,1.2438623428344728,False,11
Kodiak 2018 M7.9,9.0,14.0,6.926234722137451,7.9,-0.9737652778625492,0.9737652778625492,False,64
Luding 2022 M6.6,9.0,14.0,6.626166343688965,6.6,0.0261663436889652,0.0261663436889652,True,1
Nepal 2015 M7.3,9.0,14.0,6.502409934997559,7.3,-0.7975900650024412,0.7975900650024412,False,5
Samos 2020 M7.0,9.0,14.0,6.316986083984375,7.0,-0.683013916015625,0.683013916015625,False,3
Sand 2025 M7.3,9.0,14.0,6.9852423667907715,7.3,-0.31475763320922834,0.31475763320922834,False,45
Xizang 2025 M7.1,9.0,14.0,6.325046539306641,7.1,-0.774953460693359,0.774953460693359,False,1
Iquique 2014 M7.7,10.0,15.0,6.454363822937012,7.7,-1.2456361770629885,1.2456361770629885,False,11
Kodiak 2018 M7.9,10.0,15.0,6.927909851074219,7.9,-0.9720901489257816,0.9720901489257816,False,64
Luding 2022 M6.6,10.0,15.0,6.599560022354126,6.6,-0.00043997764587366817,0.00043997764587366817,True,2
Nepal 2015 M7.3,10.0,15.0,6.505059719085693,7.3,-0.7949402809143065,0.7949402809143065,False,5
Samos 2020 M7.0,10.0,15.0,6.315236568450928,7.0,-0.6847634315490723,0.6847634315490723,False,3
Sand 2025 M7.3,10.0,15.0,6.993746757507324,7.3,-0.3062532424926756,0.3062532424926756,False,45
Xizang 2025 M7.1,10.0,15.0,6.317161560058594,7.1,-0.7828384399414059,0.7828384399414059,False,1
Iquique 2014 M7.7,11.0,16.0,6.456233024597168,7.7,-1.2437669754028322,1.2437669754028322,False,11
Kodiak 2018 M7.9,11.0,16.0,6.936379909515381,7.9,-0.9636200904846195,0.9636200904846195,False,64
Luding 2022 M6.6,11.0,16.0,6.5999274253845215,6.6,-7.257461547816035e-05,7.257461547816035e-05,True,2
Nepal 2015 M7.3,11.0,16.0,6.512319087982178,7.3,-0.7876809120178221,0.7876809120178221,False,5
Samos 2020 M7.0,11.0,16.0,6.323969841003418,7.0,-0.676030158996582,0.676030158996582,False,3
Sand 2025 M7.3,11.0,16.0,7.001360893249512,7.3,-0.2986391067504881,0.2986391067504881,False,45
Xizang 2025 M7.1,11.0,16.0,6.321683406829834,7.1,-0.7783165931701657,0.7783165931701657,False,1
Iquique 2014 M7.7,12.0,17.0,6.465941429138184,7.7,-1.2340585708618166,1.2340585708618166,False,11
Kodiak 2018 M7.9,12.0,17.0,6.936215400695801,7.9,-0.9637845993041996,0.9637845993041996,False,64
Luding 2022 M6.6,12.0,17.0,6.609399318695068,6.6,0.009399318695068715,0.009399318695068715,True,2
Nepal 2015 M7.3,12.0,17.0,6.526686668395996,7.3,-0.7733133316040037,0.7733133316040037,False,5
Samos 2020 M7.0,12.0,17.0,6.326351165771484,7.0,-0.6736488342285156,0.6736488342285156,False,3
Sand 2025 M7.3,12.0,17.0,7.000009059906006,7.3,-0.29999094009399396,0.29999094009399396,False,45
Xizang 2025 M7.1,12.0,17.0,6.326230525970459,7.1,-0.7737694740295407,0.7737694740295407,False,1
Iquique 2014 M7.7,13.0,18.0,6.482104301452637,7.7,-1.2178956985473635,1.2178956985473635,False,11
Kodiak 2018 M7.9,13.0,18.0,6.935205698013306,7.9,-0.9647943019866947,0.9647943019866947,False,64
Luding 2022 M6.6,13.0,18.0,6.629880428314209,6.6,0.02988042831420934,0.02988042831420934,True,2
Nepal 2015 M7.3,13.0,18.0,6.551631927490234,7.3,-0.7483680725097654,0.7483680725097654,False,5
Samos 2020 M7.0,13.0,18.0,6.363231658935547,7.0,-0.6367683410644531,0.6367683410644531,False,3
Sand 2025 M7.3,13.0,18.0,6.999753475189209,7.3,-0.30024652481079084,0.30024652481079084,False,45
Xizang 2025 M7.1,13.0,18.0,6.341383934020996,7.1,-0.7586160659790036,0.7586160659790036,False,1
Iquique 2014 M7.7,14.0,19.0,6.502635955810547,7.7,-1.1973640441894533,1.1973640441894533,False,11
Kodiak 2018 M7.9,14.0,19.0,6.932342052459717,7.9,-0.9676579475402836,0.9676579475402836,False,64
Luding 2022 M6.6,14.0,19.0,6.645659446716309,6.6,0.04565944671630895,0.04565944671630895,True,3
Nepal 2015 M7.3,14.0,19.0,6.756549835205078,7.3,-0.5434501647949217,0.5434501647949217,False,5
Samos 2020 M7.0,14.0,19.0,6.4573774337768555,7.0,-0.5426225662231445,0.5426225662231445,False,3
Sand 2025 M7.3,14.0,19.0,7.001452445983887,7.3,-0.2985475540161131,0.2985475540161131,False,45
Xizang 2025 M7.1,14.0,19.0,6.355382442474365,7.1,-0.7446175575256344,0.7446175575256344,False,1
Iquique 2014 M7.7,15.0,20.0,6.5204010009765625,7.7,-1.1795989990234377,1.1795989990234377,False,11
Kodiak 2018 M7.9,15.0,20.0,6.9308180809021,7.9,-0.9691819190979007,0.9691819190979007,False,64
Luding 2022 M6.6,15.0,20.0,6.664813041687012,6.6,0.06481304168701207,0.06481304168701207,True,5
Nepal 2015 M7.3,15.0,20.0,6.8147101402282715,7.3,-0.48528985977172834,0.48528985977172834,False,5
Samos 2020 M7.0,15.0,20.0,6.693594932556152,7.0,-0.30640506744384766,0.30640506744384766,False,3
Sand 2025 M7.3,15.0,20.0,7.008594512939453,7.3,-0.2914054870605467,0.2914054870605467,False,45
Xizang 2025 M7.1,15.0,20.0,6.3732452392578125,7.1,-0.7267547607421871,0.7267547607421871,False,1
Iquique 2014 M7.7,16.0,21.0,6.554598808288574,7.7,-1.145401191711426,1.145401191711426,False,11
Kodiak 2018 M7.9,16.0,21.0,6.9319682121276855,7.9,-0.9680317878723148,0.9680317878723148,False,64
Luding 2022 M6.6,16.0,21.0,6.667960166931152,6.6,0.0679601669311527,0.0679601669311527,True,5
Nepal 2015 M7.3,16.0,21.0,6.836444854736328,7.3,-0.4635551452636717,0.4635551452636717,False,5
Samos 2020 M7.0,16.0,21.0,6.888923645019531,7.0,-0.11107635498046875,0.11107635498046875,True,3
Sand 2025 M7.3,16.0,21.0,7.006076812744141,7.3,-0.2939231872558592,0.2939231872558592,False,45
Xizang 2025 M7.1,16.0,21.0,6.461212873458862,7.1,-0.6387871265411373,0.6387871265411373,False,2
Iquique 2014 M7.7,17.0,22.0,6.552711486816406,7.7,-1.147288513183594,1.147288513183594,False,11
Kodiak 2018 M7.9,17.0,22.0,6.933828353881836,7.9,-0.9661716461181644,0.9661716461181644,False,64
Luding 2022 M6.6,17.0,22.0,6.665022850036621,6.6,0.06502285003662145,0.06502285003662145,True,5
Nepal 2015 M7.3,17.0,22.0,6.834807395935059,7.3,-0.46519260406494123,0.46519260406494123,False,5
Samos 2020 M7.0,17.0,22.0,7.044827938079834,7.0,0.044827938079833984,0.044827938079833984,True,3
Sand 2025 M7.3,17.0,22.0,7.009032249450684,7.3,-0.29096775054931623,0.29096775054931623,False,45
Xizang 2025 M7.1,17.0,22.0,6.483657360076904,7.1,-0.6163426399230953,0.6163426399230953,False,2
Iquique 2014 M7.7,18.0,23.0,6.557862758636475,7.7,-1.1421372413635256,1.1421372413635256,False,11
Kodiak 2018 M7.9,18.0,23.0,6.940982341766357,7.9,-0.9590176582336429,0.9590176582336429,False,64
Luding 2022 M6.6,18.0,23.0,6.690164089202881,6.6,0.09016408920288121,0.09016408920288121,True,6
Nepal 2015 M7.3,18.0,23.0,6.826501369476318,7.3,-0.47349863052368146,0.47349863052368146,False,5
Samos 2020 M7.0,18.0,23.0,7.13812780380249,7.0,0.13812780380249023,0.13812780380249023,True,3
Sand 2025 M7.3,18.0,23.0,7.008266448974609,7.3,-0.29173355102539045,0.29173355102539045,False,45
Xizang 2025 M7.1,18.0,23.0,6.498659372329712,7.1,-0.6013406276702877,0.6013406276702877,False,2
Iquique 2014 M7.7,19.0,24.0,6.572549343109131,7.7,-1.1274506568908693,1.1274506568908693,False,11
Kodiak 2018 M7.9,19.0,24.0,6.947230815887451,7.9,-0.9527691841125492,0.9527691841125492,False,64
Luding 2022 M6.6,19.0,24.0,6.701877117156982,6.6,0.10187711715698278,0.10187711715698278,True,6
Nepal 2015 M7.3,19.0,24.0,6.805281639099121,7.3,-0.49471836090087873,0.49471836090087873,False,5
Samos 2020 M7.0,19.0,24.0,7.188220024108887,7.0,0.18822002410888672,0.18822002410888672,False,3
Sand 2025 M7.3,19.0,24.0,7.0079169273376465,7.3,-0.29208307266235334,0.29208307266235334,False,45
Xizang 2025 M7.1,19.0,24.0,6.509421110153198,7.1,-0.5905788898468014,0.5905788898468014,False,2
Iquique 2014 M7.7,20.0,25.0,6.603574275970459,7.7,-1.0964257240295412,1.0964257240295412,False,11
Kodiak 2018 M7.9,20.0,25.0,6.947839260101318,7.9,-0.952160739898682,0.952160739898682,False,64
Luding 2022 M6.6,20.0,25.0,6.729859828948975,6.6,0.12985982894897496,0.12985982894897496,True,6
Nepal 2015 M7.3,20.0,25.0,6.790139675140381,7.3,-0.509860324859619,0.509860324859619,False,5
Samos 2020 M7.0,20.0,25.0,7.2158026695251465,7.0,0.21580266952514648,0.21580266952514648,False,3
Sand 2025 M7.3,20.0,25.0,7.010034084320068,7.3,-0.28996591567993146,0.28996591567993146,False,45
Xizang 2025 M7.1,20.0,25.0,6.514310836791992,7.1,-0.5856891632080075,0.5856891632080075,False,2
Iquique 2014 M7.7,21.0,26.0,6.6356329917907715,7.7,-1.0643670082092287,1.0643670082092287,False,11
Kodiak 2018 M7.9,21.0,26.0,6.954593181610107,7.9,-0.9454068183898929,0.9454068183898929,False,64
Luding 2022 M6.6,21.0,26.0,6.75662636756897,6.6,0.15662636756897008,0.15662636756897008,False,6
Nepal 2015 M7.3,21.0,26.0,6.784026145935059,7.3,-0.5159738540649412,0.5159738540649412,False,5
Samos 2020 M7.0,21.0,26.0,7.236318111419678,7.0,0.23631811141967773,0.23631811141967773,False,3
Sand 2025 M7.3,21.0,26.0,7.018773555755615,7.3,-0.2812264442443846,0.2812264442443846,False,45
Xizang 2025 M7.1,21.0,26.0,6.518513441085815,7.1,-0.5814865589141842,0.5814865589141842,False,2
Iquique 2014 M7.7,22.0,27.0,6.671254634857178,7.7,-1.0287453651428224,1.0287453651428224,False,11
Kodiak 2018 M7.9,22.0,27.0,6.969817161560059,7.9,-0.9301828384399418,0.9301828384399418,False,64
Luding 2022 M6.6,22.0,27.0,6.762840986251831,6.6,0.1628409862518314,0.1628409862518314,False,6
Nepal 2015 M7.3,22.0,27.0,6.785577297210693,7.3,-0.5144227027893065,0.5144227027893065,False,5
Samos 2020 M7.0,22.0,27.0,7.26456356048584,7.0,0.26456356048583984,0.26456356048583984,False,3
Sand 2025 M7.3,22.0,27.0,7.0280866622924805,7.3,-0.27191333770751935,0.27191333770751935,False,45
Xizang 2025 M7.1,22.0,27.0,6.515753507614136,7.1,-0.5842464923858639,0.5842464923858639,False,2
Iquique 2014 M7.7,23.0,28.0,6.703413963317871,7.7,-0.9965860366821291,0.9965860366821291,False,11
Kodiak 2018 M7.9,23.0,28.0,6.978625297546387,7.9,-0.9213747024536136,0.9213747024536136,False,64
Luding 2022 M6.6,23.0,28.0,6.7623889446258545,6.6,0.16238894462585485,0.16238894462585485,False,6
Nepal 2015 M7.3,23.0,28.0,6.789259910583496,7.3,-0.5107400894165037,0.5107400894165037,False,5
Samos 2020 M7.0,23.0,28.0,7.289852142333984,7.0,0.2898521423339844,0.2898521423339844,False,3
Sand 2025 M7.3,23.0,28.0,7.0372748374938965,7.3,-0.26272516250610334,0.26272516250610334,False,45
Xizang 2025 M7.1,23.0,28.0,6.518027067184448,7.1,-0.5819729328155514,0.5819729328155514,False,2
Iquique 2014 M7.7,24.0,29.0,6.727860927581787,7.7,-0.9721390724182131,0.9721390724182131,False,11
Kodiak 2018 M7.9,24.0,29.0,6.991271018981934,7.9,-0.9087289810180668,0.9087289810180668,False,64
Luding 2022 M6.6,24.0,29.0,6.749727964401245,6.6,0.14972796440124547,0.14972796440124547,True,6
Nepal 2015 M7.3,24.0,29.0,6.811784267425537,7.3,-0.4882157325744627,0.4882157325744627,False,5
Samos 2020 M7.0,24.0,29.0,7.306535243988037,7.0,0.3065352439880371,0.3065352439880371,False,3
Sand 2025 M7.3,24.0,29.0,7.036913871765137,7.3,-0.2630861282348631,0.2630861282348631,False,45
Xizang 2025 M7.1,24.0,29.0,6.518409967422485,7.1,-0.5815900325775143,0.5815900325775143,False,2
Iquique 2014 M7.7,25.0,30.0,6.739241600036621,7.7,-0.9607583999633791,0.9607583999633791,False,11
Kodiak 2018 M7.9,25.0,30.0,6.995172023773193,7.9,-0.904827976226807,0.904827976226807,False,64
Luding 2022 M6.6,25.0,30.0,6.741395950317383,6.6,0.14139595031738317,0.14139595031738317,True,6
Mandalay 2025 M7.7,25.0,30.0,6.925194025039673,7.7,-0.7748059749603273,0.7748059749603273,False,12
Nepal 2015 M7.3,25.0,30.0,6.847929954528809,7.3,-0.45207004547119123,0.45207004547119123,False,5
Samos 2020 M7.0,25.0,30.0,7.316129207611084,7.0,0.316129207611084,0.316129207611084,False,3
Sand 2025 M7.3,25.0,30.0,7.033633232116699,7.3,-0.2663667678833006,0.2663667678833006,False,45
Xizang 2025 M7.1,25.0,30.0,6.954773902893066,7.1,-0.14522609710693324,0.14522609710693324,True,12
Iquique 2014 M7.7,26.0,31.0,6.746025085449219,7.7,-0.9539749145507814,0.9539749145507814,False,11
Kodiak 2018 M7.9,26.0,31.0,7.00605034828186,7.9,-0.89394965171814,0.89394965171814,False,64
Luding 2022 M6.6,26.0,31.0,6.73689603805542,6.6,0.13689603805542028,0.13689603805542028,True,6
Mandalay 2025 M7.7,26.0,31.0,6.921481609344482,7.7,-0.7785183906555178,0.7785183906555178,False,12
Nepal 2015 M7.3,26.0,31.0,6.871396541595459,7.3,-0.42860345840454084,0.42860345840454084,False,5
Samos 2020 M7.0,26.0,31.0,7.317830562591553,7.0,0.31783056259155273,0.31783056259155273,False,3
Sand 2025 M7.3,26.0,31.0,7.018544673919678,7.3,-0.2814553260803221,0.2814553260803221,False,45
Xizang 2025 M7.1,26.0,31.0,6.954965829849243,7.1,-0.14503417015075648,0.14503417015075648,True,12
Iquique 2014 M7.7,27.0,32.0,6.749196529388428,7.7,-0.9508034706115724,0.9508034706115724,False,11
Kodiak 2018 M7.9,27.0,32.0,7.013843059539795,7.9,-0.8861569404602054,0.8861569404602054,False,64
Luding 2022 M6.6,27.0,32.0,6.740594387054443,6.6,0.14059438705444371,0.14059438705444371,True,6
Mandalay 2025 M7.7,27.0,32.0,6.91707181930542,7.7,-0.7829281806945803,0.7829281806945803,False,12
Nepal 2015 M7.3,27.0,32.0,6.889595031738281,7.3,-0.4104049682617186,0.4104049682617186,False,5
Samos 2020 M7.0,27.0,32.0,7.309251308441162,7.0,0.3092513084411621,0.3092513084411621,False,3
Sand 2025 M7.3,27.0,32.0,7.021693229675293,7.3,-0.27830677032470685,0.27830677032470685,False,45
Xizang 2025 M7.1,27.0,32.0,6.952999830245972,7.1,-0.14700016975402797,0.14700016975402797,True,12
Iquique 2014 M7.7,28.0,33.0,6.795335292816162,7.7,-0.9046647071838381,0.9046647071838381,False,11
Kodiak 2018 M7.9,28.0,33.0,7.020619869232178,7.9,-0.8793801307678226,0.8793801307678226,False,64
Luding 2022 M6.6,28.0,33.0,6.755823850631714,6.6,0.15582385063171422,0.15582385063171422,False,6
Mandalay 2025 M7.7,28.0,33.0,6.925816297531128,7.7,-0.7741837024688722,0.7741837024688722,False,12
Nepal 2015 M7.3,28.0,33.0,6.9006781578063965,7.3,-0.39932184219360334,0.39932184219360334,False,5
Samos 2020 M7.0,28.0,33.0,7.292897701263428,7.0,0.29289770126342773,0.29289770126342773,False,3
Sand 2025 M7.3,28.0,33.0,7.022256374359131,7.3,-0.27774362564086896,0.27774362564086896,False,45
Xizang 2025 M7.1,28.0,33.0,6.950274229049683,7.1,-0.14972577095031703,0.14972577095031703,True,12
Iquique 2014 M7.7,29.0,34.0,6.829685211181641,7.7,-0.8703147888183596,0.8703147888183596,False,11
Kodiak 2018 M7.9,29.0,34.0,7.023125648498535,7.9,-0.8768743515014652,0.8768743515014652,False,64
Luding 2022 M6.6,29.0,34.0,6.764183759689331,6.6,0.1641837596893314,0.1641837596893314,False,6
Mandalay 2025 M7.7,29.0,34.0,6.94563102722168,7.7,-0.7543689727783205,0.7543689727783205,False,12
Nepal 2015 M7.3,29.0,34.0,6.928821563720703,7.3,-0.3711784362792967,0.3711784362792967,False,5
Samos 2020 M7.0,29.0,34.0,7.2798004150390625,7.0,0.2798004150390625,0.2798004150390625,False,3
Sand 2025 M7.3,29.0,34.0,7.018519401550293,7.3,-0.28148059844970685,0.28148059844970685,False,45
Xizang 2025 M7.1,29.0,34.0,6.9498701095581055,7.1,-0.15012989044189418,0.15012989044189418,False,12
Iquique 2014 M7.7,30.0,35.0,6.832999229431152,7.7,-0.8670007705688478,0.8670007705688478,False,11
Kodiak 2018 M7.9,30.0,35.0,7.023309946060181,7.9,-0.8766900539398197,0.8766900539398197,False,64
Luding 2022 M6.6,30.0,35.0,6.766843318939209,6.6,0.16684331893920934,0.16684331893920934,False,6
Mandalay 2025 M7.7,30.0,35.0,6.983352899551392,7.7,-0.7166471004486086,0.7166471004486086,False,12
Nepal 2015 M7.3,30.0,35.0,7.004084587097168,7.3,-0.29591541290283185,0.29591541290283185,False,5
Samos 2020 M7.0,30.0,35.0,7.286824703216553,7.0,0.28682470321655273,0.28682470321655273,False,3
Sand 2025 M7.3,30.0,35.0,7.013387203216553,7.3,-0.2866127967834471,0.2866127967834471,False,45
Xizang 2025 M7.1,30.0,35.0,6.953329801559448,7.1,-0.1466701984405514,0.1466701984405514,True,12
Iquique 2014 M7.7,31.0,36.0,6.842097282409668,7.7,-0.8579027175903322,0.8579027175903322,False,11
Kodiak 2018 M7.9,31.0,36.0,7.020925521850586,7.9,-0.8790744781494144,0.8790744781494144,False,64
Luding 2022 M6.6,31.0,36.0,6.783043146133423,6.6,0.1830431461334232,0.1830431461334232,False,6
Mandalay 2025 M7.7,31.0,36.0,7.019687175750732,7.7,-0.6803128242492678,0.6803128242492678,False,12
Nepal 2015 M7.3,31.0,36.0,7.130338191986084,7.3,-0.16966180801391584,0.16966180801391584,False,5
Samos 2020 M7.0,31.0,36.0,7.300534725189209,7.0,0.300534725189209,0.300534725189209,False,3
Sand 2025 M7.3,31.0,36.0,7.010793209075928,7.3,-0.2892067909240721,0.2892067909240721,False,45
Xizang 2025 M7.1,31.0,36.0,7.0035834312438965,7.1,-0.09641656875610316,0.09641656875610316,True,12
Iquique 2014 M7.7,32.0,37.0,6.930712699890137,7.7,-0.7692873001098635,0.7692873001098635,False,11
Kodiak 2018 M7.9,32.0,37.0,7.021407604217529,7.9,-0.8785923957824711,0.8785923957824711,False,64
Luding 2022 M6.6,32.0,37.0,6.834257364273071,6.6,0.23425736427307164,0.23425736427307164,False,6
Mandalay 2025 M7.7,32.0,37.0,7.012127637863159,7.7,-0.687872362136841,0.687872362136841,False,12
Nepal 2015 M7.3,32.0,37.0,7.197953701019287,7.3,-0.10204629898071271,0.10204629898071271,True,5
Samos 2020 M7.0,32.0,37.0,7.3123884201049805,7.0,0.31238842010498047,0.31238842010498047,False,3
Sand 2025 M7.3,32.0,37.0,7.0070013999938965,7.3,-0.29299860000610334,0.29299860000610334,False,45
Xizang 2025 M7.1,32.0,37.0,7.026055097579956,7.1,-0.07394490242004359,0.07394490242004359,True,12
Iquique 2014 M7.7,33.0,38.0,6.997474670410156,7.7,-0.7025253295898439,0.7025253295898439,False,11
Kodiak 2018 M7.9,33.0,38.0,7.022371292114258,7.9,-0.8776287078857425,0.8776287078857425,False,64
Luding 2022 M6.6,33.0,38.0,6.842447996139526,6.6,0.24244799613952672,0.24244799613952672,False,6
Mandalay 2025 M7.7,33.0,38.0,7.035305738449097,7.7,-0.6646942615509035,0.6646942615509035,False,12
Nepal 2015 M7.3,33.0,38.0,7.204963684082031,7.3,-0.09503631591796857,0.09503631591796857,True,5
Samos 2020 M7.0,33.0,38.0,7.316609859466553,7.0,0.31660985946655273,0.31660985946655273,False,3
Sand 2025 M7.3,33.0,38.0,7.003589630126953,7.3,-0.2964103698730467,0.2964103698730467,False,45
Xizang 2025 M7.1,33.0,38.0,7.032130002975464,7.1,-0.06786999702453578,0.06786999702453578,True,12
Iquique 2014 M7.7,34.0,39.0,7.02023458480835,7.7,-0.6797654151916506,0.6797654151916506,False,11
Kodiak 2018 M7.9,34.0,39.0,7.0228190422058105,7.9,-0.8771809577941898,0.8771809577941898,False,64
Luding 2022 M6.6,34.0,39.0,6.836024761199951,6.6,0.23602476119995153,0.23602476119995153,False,6
Mandalay 2025 M7.7,34.0,39.0,7.041534662246704,7.7,-0.6584653377532961,0.6584653377532961,False,12
Nepal 2015 M7.3,34.0,39.0,7.202349662780762,7.3,-0.0976503372192381,0.0976503372192381,True,5
Samos 2020 M7.0,34.0,39.0,7.316168785095215,7.0,0.31616878509521484,0.31616878509521484,False,3
Sand 2025 M7.3,34.0,39.0,7.018874168395996,7.3,-0.28112583160400373,0.28112583160400373,False,45
Xizang 2025 M7.1,34.0,39.0,7.030285596847534,7.1,-0.06971440315246547,0.06971440315246547,True,12
Iquique 2014 M7.7,35.0,40.0,7.03085994720459,7.7,-0.6691400527954103,0.6691400527954103,False,11
Kodiak 2018 M7.9,35.0,40.0,7.01985502243042,7.9,-0.8801449775695804,0.8801449775695804,False,64
Luding 2022 M6.6,35.0,40.0,6.835871458053589,6.6,0.23587145805358922,0.23587145805358922,False,6
Mandalay 2025 M7.7,35.0,40.0,7.041513681411743,7.7,-0.658486318588257,0.658486318588257,False,12
Nepal 2015 M7.3,35.0,40.0,7.219472408294678,7.3,-0.08052759170532209,0.08052759170532209,True,5
Samos 2020 M7.0,35.0,40.0,7.3100104331970215,7.0,0.3100104331970215,0.3100104331970215,False,3
Sand 2025 M7.3,35.0,40.0,7.020196437835693,7.3,-0.27980356216430646,0.27980356216430646,False,45
Xizang 2025 M7.1,35.0,40.0,7.02137017250061,7.1,-0.0786298274993893,0.0786298274993893,True,12
Iquique 2014 M7.7,36.0,41.0,7.040677547454834,7.7,-0.6593224525451662,0.6593224525451662,False,11
Kodiak 2018 M7.9,36.0,41.0,7.016994476318359,7.9,-0.883005523681641,0.883005523681641,False,64
Luding 2022 M6.6,36.0,41.0,6.8362321853637695,6.6,0.2362321853637699,0.2362321853637699,False,6
Mandalay 2025 M7.7,36.0,41.0,7.0411696434021,7.7,-0.6588303565979006,0.6588303565979006,False,12
Nepal 2015 M7.3,36.0,41.0,7.222048759460449,7.3,-0.0779512405395506,0.0779512405395506,True,5
Samos 2020 M7.0,36.0,41.0,7.297229766845703,7.0,0.2972297668457031,0.2972297668457031,False,3
Sand 2025 M7.3,36.0,41.0,7.0383100509643555,7.3,-0.26168994903564435,0.26168994903564435,False,45
Xizang 2025 M7.1,36.0,41.0,7.014133453369141,7.1,-0.08586654663085902,0.08586654663085902,True,12
Iquique 2014 M7.7,37.0,42.0,7.067739009857178,7.7,-0.6322609901428224,0.6322609901428224,False,11
Kodiak 2018 M7.9,37.0,42.0,7.01436448097229,7.9,-0.8856355190277103,0.8856355190277103,False,64
Luding 2022 M6.6,37.0,42.0,6.8364646434783936,6.6,0.2364646434783939,0.2364646434783939,False,6
Mandalay 2025 M7.7,37.0,42.0,7.041482448577881,7.7,-0.6585175514221193,0.6585175514221193,False,12
Nepal 2015 M7.3,37.0,42.0,7.114485740661621,7.3,-0.18551425933837873,0.18551425933837873,False,5
Samos 2020 M7.0,37.0,42.0,7.279506683349609,7.0,0.2795066833496094,0.2795066833496094,False,3
Sand 2025 M7.3,37.0,42.0,7.044924736022949,7.3,-0.2550752639770506,0.2550752639770506,False,45
Xizang 2025 M7.1,37.0,42.0,7.01259183883667,7.1,-0.08740816116332972,0.08740816116332972,True,12
Iquique 2014 M7.7,38.0,43.0,7.118404388427734,7.7,-0.5815956115722658,0.5815956115722658,False,11
Kodiak 2018 M7.9,38.0,43.0,7.0164453983306885,7.9,-0.8835546016693119,0.8835546016693119,False,64
Luding 2022 M6.6,38.0,43.0,6.844213008880615,6.6,0.2442130088806156,0.2442130088806156,False,6
Mandalay 2025 M7.7,38.0,43.0,7.039798259735107,7.7,-0.6602017402648928,0.6602017402648928,False,12
Nepal 2015 M7.3,38.0,43.0,7.101834774017334,7.3,-0.19816522598266584,0.19816522598266584,False,5
Samos 2020 M7.0,38.0,43.0,7.260629177093506,7.0,0.26062917709350586,0.26062917709350586,False,3
Sand 2025 M7.3,38.0,43.0,7.05878210067749,7.3,-0.2412178993225096,0.2412178993225096,False,45
Xizang 2025 M7.1,38.0,43.0,7.013001918792725,7.1,-0.08699808120727504,0.08699808120727504,True,12
Iquique 2014 M7.7,39.0,44.0,7.1752471923828125,7.7,-0.5247528076171877,0.5247528076171877,False,11
Kodiak 2018 M7.9,39.0,44.0,7.017505168914795,7.9,-0.8824948310852054,0.8824948310852054,False,64
Luding 2022 M6.6,39.0,44.0,6.873269557952881,6.6,0.2732695579528812,0.2732695579528812,False,6
Mandalay 2025 M7.7,39.0,44.0,7.036367654800415,7.7,-0.6636323451995851,0.6636323451995851,False,12
Nepal 2015 M7.3,39.0,44.0,7.101431846618652,7.3,-0.19856815338134748,0.19856815338134748,False,5
Samos 2020 M7.0,39.0,44.0,7.246152400970459,7.0,0.24615240097045898,0.24615240097045898,False,3
Sand 2025 M7.3,39.0,44.0,7.062631130218506,7.3,-0.23736886978149396,0.23736886978149396,False,45
Xizang 2025 M7.1,39.0,44.0,7.0131120681762695,7.1,-0.08688793182373011,0.08688793182373011,True,12
Iquique 2014 M7.7,40.0,45.0,7.209475517272949,7.7,-0.49052448272705096,0.49052448272705096,False,11
Kodiak 2018 M7.9,40.0,45.0,7.022958993911743,7.9,-0.8770410060882572,0.8770410060882572,False,64
Luding 2022 M6.6,40.0,45.0,6.900554895401001,6.6,0.30055489540100133,0.30055489540100133,False,6
Mandalay 2025 M7.7,40.0,45.0,7.037924528121948,7.7,-0.6620754718780519,0.6620754718780519,False,12
Nepal 2015 M7.3,40.0,45.0,7.101534843444824,7.3,-0.1984651565551756,0.1984651565551756,False,5
Samos 2020 M7.0,40.0,45.0,7.232656002044678,7.0,0.23265600204467773,0.23265600204467773,False,3
Sand 2025 M7.3,40.0,45.0,7.070662498474121,7.3,-0.22933750152587873,0.22933750152587873,False,45
Xizang 2025 M7.1,40.0,45.0,7.012465953826904,7.1,-0.08753404617309535,0.08753404617309535,True,12
Iquique 2014 M7.7,41.0,46.0,7.267167568206787,7.7,-0.43283243179321307,0.43283243179321307,False,11
Kodiak 2018 M7.9,41.0,46.0,7.024201154708862,7.9,-0.875798845291138,0.875798845291138,False,64
Luding 2022 M6.6,41.0,46.0,6.928141355514526,6.6,0.3281413555145267,0.3281413555145267,False,6
Mandalay 2025 M7.7,41.0,46.0,7.045703411102295,7.7,-0.6542965888977053,0.6542965888977053,False,12
Nepal 2015 M7.3,41.0,46.0,7.097960472106934,7.3,-0.20203952789306623,0.20203952789306623,False,5
Samos 2020 M7.0,41.0,46.0,7.2240424156188965,7.0,0.22404241561889648,0.22404241561889648,False,3
Sand 2025 M7.3,41.0,46.0,7.08306884765625,7.3,-0.21693115234374982,0.21693115234374982,False,45
Xizang 2025 M7.1,41.0,46.0,7.010619163513184,7.1,-0.08938083648681605,0.08938083648681605,True,12
Iquique 2014 M7.7,42.0,47.0,7.309123992919922,7.7,-0.3908760070800783,0.3908760070800783,False,11
Kodiak 2018 M7.9,42.0,47.0,7.027520656585693,7.9,-0.872479343414307,0.872479343414307,False,64
Luding 2022 M6.6,42.0,47.0,6.9523069858551025,6.6,0.3523069858551029,0.3523069858551029,False,6
Mandalay 2025 M7.7,42.0,47.0,7.05206823348999,7.7,-0.6479317665100099,0.6479317665100099,False,12
Nepal 2015 M7.3,42.0,47.0,7.094654083251953,7.3,-0.2053459167480467,0.2053459167480467,False,5
Samos 2020 M7.0,42.0,47.0,7.216312408447266,7.0,0.21631240844726562,0.21631240844726562,False,3
Sand 2025 M7.3,42.0,47.0,7.084916591644287,7.3,-0.2150834083557127,0.2150834083557127,False,45
Xizang 2025 M7.1,42.0,47.0,7.009749174118042,7.1,-0.09025082588195765,0.09025082588195765,True,12
Iquique 2014 M7.7,43.0,48.0,7.338253021240234,7.7,-0.3617469787597658,0.3617469787597658,False,11
Kodiak 2018 M7.9,43.0,48.0,7.034149169921875,7.9,-0.8658508300781254,0.8658508300781254,False,64
Luding 2022 M6.6,43.0,48.0,6.9559550285339355,6.6,0.3559550285339359,0.3559550285339359,False,6
Mandalay 2025 M7.7,43.0,48.0,7.05543327331543,7.7,-0.6445667266845705,0.6445667266845705,False,12
Nepal 2015 M7.3,43.0,48.0,7.09595251083374,7.3,-0.2040474891662596,0.2040474891662596,False,5
Samos 2020 M7.0,43.0,48.0,7.210033416748047,7.0,0.21003341674804688,0.21003341674804688,False,3
Sand 2025 M7.3,43.0,48.0,7.0871405601501465,7.3,-0.21285943984985334,0.21285943984985334,False,45
Xizang 2025 M7.1,43.0,48.0,7.0109007358551025,7.1,-0.0890992641448971,0.0890992641448971,True,12
Iquique 2014 M7.7,44.0,49.0,7.371373653411865,7.7,-0.32862634658813494,0.32862634658813494,False,11
Kodiak 2018 M7.9,44.0,49.0,7.040834426879883,7.9,-0.8591655731201175,0.8591655731201175,False,64
Luding 2022 M6.6,44.0,49.0,6.9542951583862305,6.6,0.3542951583862308,0.3542951583862308,False,6
Mandalay 2025 M7.7,44.0,49.0,7.0528857707977295,7.7,-0.6471142292022707,0.6471142292022707,False,12
Nepal 2015 M7.3,44.0,49.0,7.104562282562256,7.3,-0.19543771743774396,0.19543771743774396,False,5
Samos 2020 M7.0,44.0,49.0,7.204152584075928,7.0,0.20415258407592773,0.20415258407592773,False,3
Sand 2025 M7.3,44.0,49.0,7.088346004486084,7.3,-0.21165399551391584,0.21165399551391584,False,45
Xizang 2025 M7.1,44.0,49.0,7.013463497161865,7.1,-0.08653650283813441,0.08653650283813441,True,12
Iquique 2014 M7.7,45.0,50.0,7.403419494628906,7.7,-0.2965805053710939,0.2965805053710939,False,11
Kodiak 2018 M7.9,45.0,50.0,7.037060022354126,7.9,-0.8629399776458744,0.8629399776458744,False,64
Luding 2022 M6.6,45.0,50.0,6.9532790184021,6.6,0.35327901840209996,0.35327901840209996,False,6
Mandalay 2025 M7.7,45.0,50.0,7.0433807373046875,7.7,-0.6566192626953127,0.6566192626953127,False,12
Nepal 2015 M7.3,45.0,50.0,7.118891716003418,7.3,-0.18110828399658185,0.18110828399658185,False,5
Samos 2020 M7.0,45.0,50.0,7.2024335861206055,7.0,0.20243358612060547,0.20243358612060547,False,3
Sand 2025 M7.3,45.0,50.0,7.0996832847595215,7.3,-0.20031671524047834,0.20031671524047834,False,45
Xizang 2025 M7.1,45.0,50.0,7.014087200164795,7.1,-0.08591279983520472,0.08591279983520472,True,12
Iquique 2014 M7.7,46.0,51.0,7.4301886558532715,7.7,-0.2698113441467287,0.2698113441467287,False,11
Kodiak 2018 M7.9,46.0,51.0,7.040588617324829,7.9,-0.8594113826751713,0.8594113826751713,False,64
Luding 2022 M6.6,46.0,51.0,6.956902265548706,6.6,0.3569022655487064,0.3569022655487064,False,6
Mandalay 2025 M7.7,46.0,51.0,7.036258935928345,7.7,-0.6637410640716555,0.6637410640716555,False,12
Nepal 2015 M7.3,46.0,51.0,7.128777980804443,7.3,-0.17122201919555646,0.17122201919555646,False,5
Samos 2020 M7.0,46.0,51.0,7.204808712005615,7.0,0.20480871200561523,0.20480871200561523,False,3
Sand 2025 M7.3,46.0,51.0,7.107785701751709,7.3,-0.19221429824829084,0.19221429824829084,False,45
Xizang 2025 M7.1,46.0,51.0,7.015383005142212,7.1,-0.08461699485778773,0.08461699485778773,True,12
Iquique 2014 M7.7,47.0,52.0,7.4509687423706055,7.7,-0.2490312576293947,0.2490312576293947,False,11
Kodiak 2018 M7.9,47.0,52.0,7.045852184295654,7.9,-0.8541478157043461,0.8541478157043461,False,64
Luding 2022 M6.6,47.0,52.0,6.960026025772095,6.6,0.3600260257720951,0.3600260257720951,False,6
Mandalay 2025 M7.7,47.0,52.0,7.033228158950806,7.7,-0.6667718410491945,0.6667718410491945,False,12
Nepal 2015 M7.3,47.0,52.0,7.134118556976318,7.3,-0.16588144302368146,0.16588144302368146,False,5
Samos 2020 M7.0,47.0,52.0,7.210711479187012,7.0,0.21071147918701172,0.21071147918701172,False,3
Sand 2025 M7.3,47.0,52.0,7.1119184494018555,7.3,-0.18808155059814435,0.18808155059814435,False,45
Xizang 2025 M7.1,47.0,52.0,7.016114711761475,7.1,-0.08388528823852504,0.08388528823852504,True,12
Iquique 2014 M7.7,48.0,53.0,7.465686798095703,7.7,-0.23431320190429705,0.23431320190429705,False,11
Kodiak 2018 M7.9,48.0,53.0,7.050234079360962,7.9,-0.8497659206390384,0.8497659206390384,False,64
Luding 2022 M6.6,48.0,53.0,6.961386442184448,6.6,0.3613864421844486,0.3613864421844486,False,6
Mandalay 2025 M7.7,48.0,53.0,7.034562110900879,7.7,-0.6654378890991213,0.6654378890991213,False,12
Nepal 2015 M7.3,48.0,53.0,7.136150360107422,7.3,-0.16384963989257795,0.16384963989257795,False,5
Samos 2020 M7.0,48.0,53.0,7.217230796813965,7.0,0.21723079681396484,0.21723079681396484,False,3
Sand 2025 M7.3,48.0,53.0,7.114009857177734,7.3,-0.18599014282226545,0.18599014282226545,False,45
Xizang 2025 M7.1,48.0,53.0,7.013805627822876,7.1,-0.08619437217712367,0.08619437217712367,True,12
Iquique 2014 M7.7,49.0,54.0,7.474407196044922,7.7,-0.2255928039550783,0.2255928039550783,False,11
Kodiak 2018 M7.9,49.0,54.0,7.050353527069092,7.9,-0.8496464729309086,0.8496464729309086,False,64
Luding 2022 M6.6,49.0,54.0,6.962308883666992,6.6,0.36230888366699254,0.36230888366699254,False,6
Mandalay 2025 M7.7,49.0,54.0,7.03913688659668,7.7,-0.6608631134033205,0.6608631134033205,False,12
Nepal 2015 M7.3,49.0,54.0,7.135278224945068,7.3,-0.16472177505493146,0.16472177505493146,False,5
Samos 2020 M7.0,49.0,54.0,7.2228827476501465,7.0,0.22288274765014648,0.22288274765014648,False,3
Sand 2025 M7.3,49.0,54.0,7.116212368011475,7.3,-0.1837876319885252,0.1837876319885252,False,45
Xizang 2025 M7.1,49.0,54.0,7.009154796600342,7.1,-0.09084520339965785,0.09084520339965785,True,12
Iquique 2014 M7.7,50.0,55.0,7.463123321533203,7.7,-0.23687667846679705,0.23687667846679705,False,11
Kodiak 2018 M7.9,50.0,55.0,7.05066442489624,7.9,-0.8493355751037601,0.8493355751037601,False,64
Luding 2022 M6.6,50.0,55.0,6.961007595062256,6.6,0.3610075950622562,0.3610075950622562,False,6
Mandalay 2025 M7.7,50.0,55.0,7.045461893081665,7.7,-0.6545381069183351,0.6545381069183351,False,12
Nepal 2015 M7.3,50.0,55.0,7.134482383728027,7.3,-0.16551761627197248,0.16551761627197248,False,5
Samos 2020 M7.0,50.0,55.0,7.226946830749512,7.0,0.22694683074951172,0.22694683074951172,False,3
Sand 2025 M7.3,50.0,55.0,7.1191205978393555,7.3,-0.18087940216064435,0.18087940216064435,False,45
Xizang 2025 M7.1,50.0,55.0,7.021729230880737,7.1,-0.07827076911926234,0.07827076911926234,True,12
Iquique 2014 M7.7,51.0,56.0,7.4510321617126465,7.7,-0.2489678382873537,0.2489678382873537,False,11
Kodiak 2018 M7.9,51.0,56.0,7.0463950634002686,7.9,-0.8536049365997318,0.8536049365997318,False,64
Luding 2022 M6.6,51.0,56.0,6.954974174499512,6.6,0.3549741744995121,0.3549741744995121,False,6
Mandalay 2025 M7.7,51.0,56.0,7.052253246307373,7.7,-0.6477467536926271,0.6477467536926271,False,12
Nepal 2015 M7.3,51.0,56.0,7.135980129241943,7.3,-0.16401987075805646,0.16401987075805646,False,5
Samos 2020 M7.0,51.0,56.0,7.230278015136719,7.0,0.23027801513671875,0.23027801513671875,False,3
Sand 2025 M7.3,51.0,56.0,7.119991302490234,7.3,-0.18000869750976545,0.18000869750976545,False,45
Xizang 2025 M7.1,51.0,56.0,7.046123743057251,7.1,-0.05387625694274867,0.05387625694274867,True,12
Iquique 2014 M7.7,52.0,57.0,7.438748836517334,7.7,-0.2612511634826662,0.2612511634826662,False,11
Kodiak 2018 M7.9,52.0,57.0,7.046520471572876,7.9,-0.8534795284271244,0.8534795284271244,False,64
Luding 2022 M6.6,52.0,57.0,6.952422618865967,6.6,0.35242261886596715,0.35242261886596715,False,6
Mandalay 2025 M7.7,52.0,57.0,7.059201717376709,7.7,-0.6407982826232912,0.6407982826232912,False,12
Nepal 2015 M7.3,52.0,57.0,7.14047384262085,7.3,-0.1595261573791502,0.1595261573791502,False,5
Samos 2020 M7.0,52.0,57.0,7.234801292419434,7.0,0.2348012924194336,0.2348012924194336,False,3
Sand 2025 M7.3,52.0,57.0,7.122289180755615,7.3,-0.1777108192443846,0.1777108192443846,False,45
Xizang 2025 M7.1,52.0,57.0,7.045983791351318,7.1,-0.054016208648681285,0.054016208648681285,True,12
Iquique 2014 M7.7,53.0,58.0,7.430755615234375,7.7,-0.2692443847656252,0.2692443847656252,False,11
Kodiak 2018 M7.9,53.0,58.0,7.0565855503082275,7.9,-0.8434144496917728,0.8434144496917728,False,64
Luding 2022 M6.6,53.0,58.0,6.951898097991943,6.6,0.3518980979919437,0.3518980979919437,False,6
Mandalay 2025 M7.7,53.0,58.0,7.066627025604248,7.7,-0.6333729743957521,0.6333729743957521,False,12
Nepal 2015 M7.3,53.0,58.0,7.144692897796631,7.3,-0.15530710220336896,0.15530710220336896,False,5
Samos 2020 M7.0,53.0,58.0,7.241062164306641,7.0,0.24106216430664062,0.24106216430664062,False,3
Sand 2025 M7.3,53.0,58.0,7.124777793884277,7.3,-0.17522220611572248,0.17522220611572248,False,45
Xizang 2025 M7.1,53.0,58.0,7.046740531921387,7.1,-0.053259468078612926,0.053259468078612926,True,12
Iquique 2014 M7.7,54.0,59.0,7.4299163818359375,7.7,-0.2700836181640627,0.2700836181640627,False,11
Kodiak 2018 M7.9,54.0,59.0,7.060811519622803,7.9,-0.8391884803771976,0.8391884803771976,False,64
Luding 2022 M6.6,54.0,59.0,6.951320648193359,6.6,0.35132064819335973,0.35132064819335973,False,6
Mandalay 2025 M7.7,54.0,59.0,7.0877745151519775,7.7,-0.6122254848480226,0.6122254848480226,False,12
Nepal 2015 M7.3,54.0,59.0,7.146205902099609,7.3,-0.15379409790039045,0.15379409790039045,False,5
Samos 2020 M7.0,54.0,59.0,7.247832298278809,7.0,0.2478322982788086,0.2478322982788086,False,3
Sand 2025 M7.3,54.0,59.0,7.11923885345459,7.3,-0.18076114654540998,0.18076114654540998,False,45
Xizang 2025 M7.1,54.0,59.0,7.057977199554443,7.1,-0.042022800445556285,0.042022800445556285,True,12
Iquique 2014 M7.7,55.0,60.0,7.436219692230225,7.7,-0.26378030776977557,0.26378030776977557,False,11
Kodiak 2018 M7.9,55.0,60.0,7.063273906707764,7.9,-0.8367260932922367,0.8367260932922367,False,64
Luding 2022 M6.6,55.0,60.0,6.95003342628479,6.6,0.3500334262847904,0.3500334262847904,False,6
Mandalay 2025 M7.7,55.0,60.0,7.104765176773071,7.7,-0.5952348232269289,0.5952348232269289,False,12
Nepal 2015 M7.3,55.0,60.0,7.14484167098999,7.3,-0.1551583290100096,0.1551583290100096,False,5
Samos 2020 M7.0,55.0,60.0,7.253360748291016,7.0,0.2533607482910156,0.2533607482910156,False,3
Sand 2025 M7.3,55.0,60.0,7.117523193359375,7.3,-0.18247680664062482,0.18247680664062482,False,45
Xizang 2025 M7.1,55.0,60.0,7.065486907958984,7.1,-0.03451309204101527,0.03451309204101527,True,12
Iquique 2014 M7.7,56.0,61.0,7.447078704833984,7.7,-0.2529212951660158,0.2529212951660158,False,11
Kodiak 2018 M7.9,56.0,61.0,7.06373405456543,7.9,-0.8362659454345707,0.8362659454345707,False,64
Luding 2022 M6.6,56.0,61.0,6.94853663444519,6.6,0.3485366344451908,0.3485366344451908,False,6
Mandalay 2025 M7.7,56.0,61.0,7.117494583129883,7.7,-0.5825054168701174,0.5825054168701174,False,12
Nepal 2015 M7.3,56.0,61.0,7.144274711608887,7.3,-0.1557252883911131,0.1557252883911131,False,5
Samos 2020 M7.0,56.0,61.0,7.257226467132568,7.0,0.25722646713256836,0.25722646713256836,False,3
Sand 2025 M7.3,56.0,61.0,7.115861415863037,7.3,-0.1841385841369627,0.1841385841369627,False,45
Xizang 2025 M7.1,56.0,61.0,7.045468807220459,7.1,-0.05453119277954066,0.05453119277954066,True,12
Iquique 2014 M7.7,57.0,62.0,7.458611965179443,7.7,-0.24138803482055682,0.24138803482055682,False,11
Kodiak 2018 M7.9,57.0,62.0,7.061014890670776,7.9,-0.838985109329224,0.838985109329224,False,64
Luding 2022 M6.6,57.0,62.0,6.947520017623901,6.6,0.3475200176239017,0.3475200176239017,False,6
Mandalay 2025 M7.7,57.0,62.0,7.118309020996094,7.7,-0.5816909790039064,0.5816909790039064,False,12
Nepal 2015 M7.3,57.0,62.0,7.145359039306641,7.3,-0.1546409606933592,0.1546409606933592,False,5
Samos 2020 M7.0,57.0,62.0,7.25970983505249,7.0,0.25970983505249023,0.25970983505249023,False,3
Sand 2025 M7.3,57.0,62.0,7.116506099700928,7.3,-0.1834939002990721,0.1834939002990721,False,45
Xizang 2025 M7.1,57.0,62.0,7.044801950454712,7.1,-0.05519804954528773,0.05519804954528773,True,12
Iquique 2014 M7.7,58.0,63.0,7.466322898864746,7.7,-0.23367710113525408,0.23367710113525408,False,11
Kodiak 2018 M7.9,58.0,63.0,7.0666282176971436,7.9,-0.8333717823028568,0.8333717823028568,False,64
Luding 2022 M6.6,58.0,63.0,6.944706201553345,6.6,0.3447062015533451,0.3447062015533451,False,6
Mandalay 2025 M7.7,58.0,63.0,7.117990016937256,7.7,-0.5820099830627443,0.5820099830627443,False,12
Nepal 2015 M7.3,58.0,63.0,7.144872188568115,7.3,-0.1551278114318846,0.1551278114318846,False,5
Samos 2020 M7.0,58.0,63.0,7.262138366699219,7.0,0.26213836669921875,0.26213836669921875,False,3
Sand 2025 M7.3,58.0,63.0,7.119014739990234,7.3,-0.18098526000976545,0.18098526000976545,False,45
Xizang 2025 M7.1,58.0,63.0,7.044238567352295,7.1,-0.05576143264770472,0.05576143264770472,True,12
Iquique 2014 M7.7,59.0,64.0,7.468011379241943,7.7,-0.23198862075805682,0.23198862075805682,False,11
Kodiak 2018 M7.9,59.0,64.0,7.065380096435547,7.9,-0.8346199035644535,0.8346199035644535,False,64
Luding 2022 M6.6,59.0,64.0,6.940295696258545,6.6,0.3402956962585453,0.3402956962585453,False,6
Mandalay 2025 M7.7,59.0,64.0,7.116119623184204,7.7,-0.5838803768157961,0.5838803768157961,False,12
Nepal 2015 M7.3,59.0,64.0,7.142945766448975,7.3,-0.1570542335510252,0.1570542335510252,False,5
Samos 2020 M7.0,59.0,64.0,7.264546871185303,7.0,0.26454687118530273,0.26454687118530273,False,3
Sand 2025 M7.3,59.0,64.0,7.119097709655762,7.3,-0.1809022903442381,0.1809022903442381,False,45
Xizang 2025 M7.1,59.0,64.0,7.043259620666504,7.1,-0.05674037933349574,0.05674037933349574,True,12
Iquique 2014 M7.7,60.0,65.0,7.464804649353027,7.7,-0.23519535064697283,0.23519535064697283,False,11
Kodiak 2018 M7.9,60.0,65.0,7.063505172729492,7.9,-0.8364948272705082,0.8364948272705082,False,64
Luding 2022 M6.6,60.0,65.0,6.937314510345459,6.6,0.33731451034545934,0.33731451034545934,False,6
Mandalay 2025 M7.7,60.0,65.0,7.118118524551392,7.7,-0.5818814754486086,0.5818814754486086,False,12
Nepal 2015 M7.3,60.0,65.0,7.141252040863037,7.3,-0.1587479591369627,0.1587479591369627,False,5
Samos 2020 M7.0,60.0,65.0,7.2660675048828125,7.0,0.2660675048828125,0.2660675048828125,False,3
Sand 2025 M7.3,60.0,65.0,7.1195478439331055,7.3,-0.18045215606689435,0.18045215606689435,False,45
Xizang 2025 M7.1,60.0,65.0,7.029052972793579,7.1,-0.07094702720642054,0.07094702720642054,True,12
Iquique 2014 M7.7,61.0,66.0,7.495929718017578,7.7,-0.20407028198242205,0.20407028198242205,False,11
Kodiak 2018 M7.9,61.0,66.0,7.064108610153198,7.9,-0.8358913898468021,0.8358913898468021,False,64
Luding 2022 M6.6,61.0,66.0,6.934316873550415,6.6,0.3343168735504154,0.3343168735504154,False,6
Mandalay 2025 M7.7,61.0,66.0,7.1205432415008545,7.7,-0.5794567584991457,0.5794567584991457,False,12
Nepal 2015 M7.3,61.0,66.0,7.140193939208984,7.3,-0.15980606079101545,0.15980606079101545,False,5
Samos 2020 M7.0,61.0,66.0,7.264553070068359,7.0,0.2645530700683594,0.2645530700683594,False,3
Sand 2025 M7.3,61.0,66.0,7.124820709228516,7.3,-0.1751792907714842,0.1751792907714842,False,45
Xizang 2025 M7.1,61.0,66.0,7.0296549797058105,7.1,-0.0703450202941891,0.0703450202941891,True,12
Iquique 2014 M7.7,62.0,67.0,7.528184413909912,7.7,-0.17181558609008807,0.17181558609008807,False,11
Kodiak 2018 M7.9,62.0,67.0,7.06834602355957,7.9,-0.83165397644043,0.83165397644043,False,64
Luding 2022 M6.6,62.0,67.0,6.928939342498779,6.6,0.32893934249877965,0.32893934249877965,False,6
Mandalay 2025 M7.7,62.0,67.0,7.121165037155151,7.7,-0.5788349628448488,0.5788349628448488,False,12
Nepal 2015 M7.3,62.0,67.0,7.140510559082031,7.3,-0.15948944091796857,0.15948944091796857,False,5
Samos 2020 M7.0,62.0,67.0,7.260301113128662,7.0,0.2603011131286621,0.2603011131286621,False,3
Sand 2025 M7.3,62.0,67.0,7.142539024353027,7.3,-0.15746097564697248,0.15746097564697248,False,45
Xizang 2025 M7.1,62.0,67.0,7.04029655456543,7.1,-0.05970344543456996,0.05970344543456996,True,12
Iquique 2014 M7.7,63.0,68.0,7.5645904541015625,7.7,-0.13540954589843768,0.13540954589843768,True,11
Kodiak 2018 M7.9,63.0,68.0,7.064228296279907,7.9,-0.8357717037200931,0.8357717037200931,False,64
Luding 2022 M6.6,63.0,68.0,6.924633741378784,6.6,0.32463374137878453,0.32463374137878453,False,6
Mandalay 2025 M7.7,63.0,68.0,7.119516372680664,7.7,-0.5804836273193361,0.5804836273193361,False,12
Nepal 2015 M7.3,63.0,68.0,7.142935752868652,7.3,-0.15706424713134748,0.15706424713134748,False,5
Samos 2020 M7.0,63.0,68.0,7.253732204437256,7.0,0.25373220443725586,0.25373220443725586,False,3
Sand 2025 M7.3,63.0,68.0,7.142420768737793,7.3,-0.15757923126220685,0.15757923126220685,False,45
Xizang 2025 M7.1,63.0,68.0,7.03965950012207,7.1,-0.06034049987792933,0.06034049987792933,True,12
Iquique 2014 M7.7,64.0,69.0,7.590660095214844,7.7,-0.10933990478515643,0.10933990478515643,True,11
Kodiak 2018 M7.9,64.0,69.0,7.059549331665039,7.9,-0.8404506683349613,0.8404506683349613,False,64
Luding 2022 M6.6,64.0,69.0,6.92255163192749,6.6,0.3225516319274906,0.3225516319274906,False,6
Mandalay 2025 M7.7,64.0,69.0,7.116237640380859,7.7,-0.5837623596191408,0.5837623596191408,False,12
Nepal 2015 M7.3,64.0,69.0,7.173154354095459,7.3,-0.12684564590454084,0.12684564590454084,True,5
Samos 2020 M7.0,64.0,69.0,7.247666835784912,7.0,0.2476668357849121,0.2476668357849121,False,3
Sand 2025 M7.3,64.0,69.0,7.130942344665527,7.3,-0.16905765533447248,0.16905765533447248,False,45
Xizang 2025 M7.1,64.0,69.0,7.040104866027832,7.1,-0.059895133972167613,0.059895133972167613,True,12
Iquique 2014 M7.7,65.0,70.0,7.572185516357422,7.7,-0.1278144836425783,0.1278144836425783,True,11
Kodiak 2018 M7.9,65.0,70.0,7.060734033584595,7.9,-0.8392659664154056,0.8392659664154056,False,64
Luding 2022 M6.6,65.0,70.0,6.920753479003906,6.6,0.3207534790039066,0.3207534790039066,False,6
Mandalay 2025 M7.7,65.0,70.0,7.113471031188965,7.7,-0.5865289688110353,0.5865289688110353,False,12
Nepal 2015 M7.3,65.0,70.0,7.184200286865234,7.3,-0.11579971313476545,0.11579971313476545,True,5
Samos 2020 M7.0,65.0,70.0,7.2414350509643555,7.0,0.24143505096435547,0.24143505096435547,False,3
Sand 2025 M7.3,65.0,70.0,7.122855186462402,7.3,-0.17714481353759748,0.17714481353759748,False,45
Xizang 2025 M7.1,65.0,70.0,7.042233228683472,7.1,-0.057766771316527965,0.057766771316527965,True,12
Iquique 2014 M7.7,66.0,71.0,7.559557914733887,7.7,-0.14044208526611346,0.14044208526611346,True,11
Kodiak 2018 M7.9,66.0,71.0,7.063101530075073,7.9,-0.8368984699249271,0.8368984699249271,False,64
Luding 2022 M6.6,66.0,71.0,6.920375823974609,6.6,0.32037582397460973,0.32037582397460973,False,6
Mandalay 2025 M7.7,66.0,71.0,7.1121063232421875,7.7,-0.5878936767578127,0.5878936767578127,False,12
Nepal 2015 M7.3,66.0,71.0,7.1813812255859375,7.3,-0.11861877441406232,0.11861877441406232,True,5
Samos 2020 M7.0,66.0,71.0,7.23404598236084,7.0,0.23404598236083984,0.23404598236083984,False,3
Sand 2025 M7.3,66.0,71.0,7.120835781097412,7.3,-0.1791642189025877,0.1791642189025877,False,45
Xizang 2025 M7.1,66.0,71.0,7.043110609054565,7.1,-0.056889390945434215,0.056889390945434215,True,12
Iquique 2014 M7.7,67.0,72.0,7.549935817718506,7.7,-0.15006418228149432,0.15006418228149432,False,11
Kodiak 2018 M7.9,67.0,72.0,7.060792446136475,7.9,-0.8392075538635257,0.8392075538635257,False,64
Luding 2022 M6.6,67.0,72.0,6.921015501022339,6.6,0.3210155010223392,0.3210155010223392,False,6
Mandalay 2025 M7.7,67.0,72.0,7.111379146575928,7.7,-0.5886208534240724,0.5886208534240724,False,12
Nepal 2015 M7.3,67.0,72.0,7.1803107261657715,7.3,-0.11968927383422834,0.11968927383422834,True,5
Samos 2020 M7.0,67.0,72.0,7.225150108337402,7.0,0.22515010833740234,0.22515010833740234,False,3
Sand 2025 M7.3,67.0,72.0,7.126392364501953,7.3,-0.1736076354980467,0.1736076354980467,False,45
Xizang 2025 M7.1,67.0,72.0,7.0436155796051025,7.1,-0.056384420394897106,0.056384420394897106,True,12
Iquique 2014 M7.7,68.0,73.0,7.541299343109131,7.7,-0.15870065689086932,0.15870065689086932,False,11
Kodiak 2018 M7.9,68.0,73.0,7.061767578125,7.9,-0.8382324218750004,0.8382324218750004,False,64
Luding 2022 M6.6,68.0,73.0,6.919707775115967,6.6,0.31970777511596715,0.31970777511596715,False,6
Mandalay 2025 M7.7,68.0,73.0,7.110568523406982,7.7,-0.5894314765930178,0.5894314765930178,False,12
Nepal 2015 M7.3,68.0,73.0,7.187877655029297,7.3,-0.11212234497070295,0.11212234497070295,True,5
Samos 2020 M7.0,68.0,73.0,7.2161970138549805,7.0,0.21619701385498047,0.21619701385498047,False,3
Sand 2025 M7.3,68.0,73.0,7.13361120223999,7.3,-0.1663887977600096,0.1663887977600096,False,45
Xizang 2025 M7.1,68.0,73.0,7.0462141036987305,7.1,-0.053785896301269176,0.053785896301269176,True,12
Iquique 2014 M7.7,69.0,74.0,7.533596038818359,7.7,-0.1664039611816408,0.1664039611816408,False,11
Kodiak 2018 M7.9,69.0,74.0,7.071564435958862,7.9,-0.828435564041138,0.828435564041138,False,64
Luding 2022 M6.6,69.0,74.0,6.917644739151001,6.6,0.31764473915100133,0.31764473915100133,False,6
Mandalay 2025 M7.7,69.0,74.0,7.1112940311431885,7.7,-0.5887059688568117,0.5887059688568117,False,12
Nepal 2015 M7.3,69.0,74.0,7.191279411315918,7.3,-0.10872058868408185,0.10872058868408185,True,5
Samos 2020 M7.0,69.0,74.0,7.209571838378906,7.0,0.20957183837890625,0.20957183837890625,False,3
Sand 2025 M7.3,69.0,74.0,7.14301061630249,7.3,-0.1569893836975096,0.1569893836975096,False,45
Xizang 2025 M7.1,69.0,74.0,7.047985792160034,7.1,-0.052014207839965465,0.052014207839965465,True,12
Iquique 2014 M7.7,70.0,75.0,7.528436183929443,7.7,-0.17156381607055682,0.17156381607055682,False,11
Kodiak 2018 M7.9,70.0,75.0,7.102798700332642,7.9,-0.7972012996673588,0.7972012996673588,False,64
Luding 2022 M6.6,70.0,75.0,6.917713403701782,6.6,0.3177134037017826,0.3177134037017826,False,6
Mandalay 2025 M7.7,70.0,75.0,7.1106061935424805,7.7,-0.5893938064575197,0.5893938064575197,False,12
Nepal 2015 M7.3,70.0,75.0,7.244460105895996,7.3,-0.05553989410400373,0.05553989410400373,True,5
Samos 2020 M7.0,70.0,75.0,7.206015586853027,7.0,0.20601558685302734,0.20601558685302734,False,3
Sand 2025 M7.3,70.0,75.0,7.139273643493652,7.3,-0.16072635650634748,0.16072635650634748,False,45
Xizang 2025 M7.1,70.0,75.0,7.049031019210815,7.1,-0.050968980789184215,0.050968980789184215,True,12
Iquique 2014 M7.7,71.0,76.0,7.528144836425781,7.7,-0.17185516357421893,0.17185516357421893,False,11
Kodiak 2018 M7.9,71.0,76.0,7.101016521453857,7.9,-0.7989834785461429,0.7989834785461429,False,64
Luding 2022 M6.6,71.0,76.0,6.920790672302246,6.6,0.32079067230224645,0.32079067230224645,False,6
Mandalay 2025 M7.7,71.0,76.0,7.103327512741089,7.7,-0.5966724872589113,0.5966724872589113,False,12
Nepal 2015 M7.3,71.0,76.0,7.274452209472656,7.3,-0.025547790527343572,0.025547790527343572,True,5
Samos 2020 M7.0,71.0,76.0,7.205403804779053,7.0,0.20540380477905273,0.20540380477905273,False,3
Sand 2025 M7.3,71.0,76.0,7.134856224060059,7.3,-0.16514377593994123,0.16514377593994123,False,45
Xizang 2025 M7.1,71.0,76.0,7.04950213432312,7.1,-0.05049786567687953,0.05049786567687953,True,12
Iquique 2014 M7.7,72.0,77.0,7.534117698669434,7.7,-0.16588230133056658,0.16588230133056658,False,11
Kodiak 2018 M7.9,72.0,77.0,7.100931406021118,7.9,-0.7990685939788822,0.7990685939788822,False,64
Luding 2022 M6.6,72.0,77.0,6.9222095012664795,6.6,0.32220950126647985,0.32220950126647985,False,6
Mandalay 2025 M7.7,72.0,77.0,7.09769344329834,7.7,-0.6023065567016603,0.6023065567016603,False,12
Nepal 2015 M7.3,72.0,77.0,7.274748802185059,7.3,-0.02525119781494123,0.02525119781494123,True,5
Samos 2020 M7.0,72.0,77.0,7.207476615905762,7.0,0.20747661590576172,0.20747661590576172,False,3
Sand 2025 M7.3,72.0,77.0,7.14353084564209,7.3,-0.15646915435790998,0.15646915435790998,False,45
Xizang 2025 M7.1,72.0,77.0,7.049505949020386,7.1,-0.0504940509796139,0.0504940509796139,True,12
Iquique 2014 M7.7,73.0,78.0,7.547076225280762,7.7,-0.15292377471923846,0.15292377471923846,False,11
Kodiak 2018 M7.9,73.0,78.0,7.102900981903076,7.9,-0.7970990180969242,0.7970990180969242,False,64
Luding 2022 M6.6,73.0,78.0,6.921557188034058,6.6,0.321557188034058,0.321557188034058,False,6
Mandalay 2025 M7.7,73.0,78.0,7.095480680465698,7.7,-0.6045193195343019,0.6045193195343019,False,12
Nepal 2015 M7.3,73.0,78.0,7.276405334472656,7.3,-0.023594665527343572,0.023594665527343572,True,5
Samos 2020 M7.0,73.0,78.0,7.210862636566162,7.0,0.2108626365661621,0.2108626365661621,False,3
Sand 2025 M7.3,73.0,78.0,7.15033483505249,7.3,-0.1496651649475096,0.1496651649475096,True,45
Xizang 2025 M7.1,73.0,78.0,7.0350916385650635,7.1,-0.06490836143493617,0.06490836143493617,True,12
Iquique 2014 M7.7,74.0,79.0,7.56711483001709,7.7,-0.13288516998291033,0.13288516998291033,True,11
Kodiak 2018 M7.9,74.0,79.0,7.103442668914795,7.9,-0.7965573310852054,0.7965573310852054,False,64
Luding 2022 M6.6,74.0,79.0,6.921576261520386,6.6,0.3215762615203861,0.3215762615203861,False,6
Mandalay 2025 M7.7,74.0,79.0,7.094999313354492,7.7,-0.605000686645508,0.605000686645508,False,12
Nepal 2015 M7.3,74.0,79.0,7.276561737060547,7.3,-0.023438262939452947,0.023438262939452947,True,5
Samos 2020 M7.0,74.0,79.0,7.214791774749756,7.0,0.21479177474975586,0.21479177474975586,False,3
Sand 2025 M7.3,74.0,79.0,7.165678977966309,7.3,-0.13432102203369123,0.13432102203369123,True,45
Xizang 2025 M7.1,74.0,79.0,7.036658048629761,7.1,-0.0633419513702389,0.0633419513702389,True,12
Iquique 2014 M7.7,75.0,80.0,7.592462062835693,7.7,-0.10753793716430682,0.10753793716430682,True,11
Kodiak 2018 M7.9,75.0,80.0,7.103233337402344,7.9,-0.7967666625976566,0.7967666625976566,False,64
Luding 2022 M6.6,75.0,80.0,6.921862363815308,6.6,0.321862363815308,0.321862363815308,False,6
Mandalay 2025 M7.7,75.0,80.0,7.095170497894287,7.7,-0.6048295021057131,0.6048295021057131,False,12
Nepal 2015 M7.3,75.0,80.0,7.276358604431152,7.3,-0.02364139556884748,0.02364139556884748,True,5
Samos 2020 M7.0,75.0,80.0,7.218573570251465,7.0,0.21857357025146484,0.21857357025146484,False,3
Sand 2025 M7.3,75.0,80.0,7.170167446136475,7.3,-0.1298325538635252,0.1298325538635252,True,45
Xizang 2025 M7.1,75.0,80.0,7.0392234325408936,7.1,-0.06077656745910609,0.06077656745910609,True,12
Iquique 2014 M7.7,76.0,81.0,7.620905876159668,7.7,-0.07909412384033221,0.07909412384033221,True,11
Kodiak 2018 M7.9,76.0,81.0,7.1104090213775635,7.9,-0.7895909786224369,0.7895909786224369,False,64
Luding 2022 M6.6,76.0,81.0,6.922220945358276,6.6,0.3222209453582767,0.3222209453582767,False,6
Mandalay 2025 M7.7,76.0,81.0,7.095836639404297,7.7,-0.6041633605957033,0.6041633605957033,False,12
Nepal 2015 M7.3,76.0,81.0,7.213578701019287,7.3,-0.08642129898071271,0.08642129898071271,True,5
Samos 2020 M7.0,76.0,81.0,7.2217116355896,7.0,0.2217116355895996,0.2217116355895996,False,3
Sand 2025 M7.3,76.0,81.0,7.174304962158203,7.3,-0.1256950378417967,0.1256950378417967,True,45
Xizang 2025 M7.1,76.0,81.0,7.041647911071777,7.1,-0.0583520889282223,0.0583520889282223,True,12
Iquique 2014 M7.7,77.0,82.0,7.65109395980835,7.7,-0.04890604019165057,0.04890604019165057,True,11
Kodiak 2018 M7.9,77.0,82.0,7.110739469528198,7.9,-0.7892605304718021,0.7892605304718021,False,64
Luding 2022 M6.6,77.0,82.0,6.923418998718262,6.6,0.3234189987182621,0.3234189987182621,False,6
Mandalay 2025 M7.7,77.0,82.0,7.0980424880981445,7.7,-0.6019575119018556,0.6019575119018556,False,12
Nepal 2015 M7.3,77.0,82.0,7.166720390319824,7.3,-0.1332796096801756,0.1332796096801756,True,5
Samos 2020 M7.0,77.0,82.0,7.223846435546875,7.0,0.223846435546875,0.223846435546875,False,3
Sand 2025 M7.3,77.0,82.0,7.1777753829956055,7.3,-0.12222461700439435,0.12222461700439435,True,45
Xizang 2025 M7.1,77.0,82.0,7.0438337326049805,7.1,-0.056166267395019176,0.056166267395019176,True,12
Iquique 2014 M7.7,78.0,83.0,7.68060302734375,7.7,-0.019396972656250178,0.019396972656250178,True,11
Kodiak 2018 M7.9,78.0,83.0,7.111132383346558,7.9,-0.7888676166534427,0.7888676166534427,False,64
Luding 2022 M6.6,78.0,83.0,6.925038814544678,6.6,0.3250388145446781,0.3250388145446781,False,6
Mandalay 2025 M7.7,78.0,83.0,7.101816415786743,7.7,-0.598183584213257,0.598183584213257,False,12
Nepal 2015 M7.3,78.0,83.0,7.165931701660156,7.3,-0.13406829833984357,0.13406829833984357,True,5
Samos 2020 M7.0,78.0,83.0,7.2252912521362305,7.0,0.22529125213623047,0.22529125213623047,False,3
Sand 2025 M7.3,78.0,83.0,7.177641868591309,7.3,-0.12235813140869123,0.12235813140869123,True,45
Xizang 2025 M7.1,78.0,83.0,7.039876937866211,7.1,-0.06012306213378871,0.06012306213378871,True,12
Iquique 2014 M7.7,79.0,84.0,7.705287933349609,7.7,0.005287933349609197,0.005287933349609197,True,11
Kodiak 2018 M7.9,79.0,84.0,7.106816053390503,7.9,-0.7931839466094974,0.7931839466094974,False,64
Luding 2022 M6.6,79.0,84.0,6.927013635635376,6.6,0.32701363563537633,0.32701363563537633,False,6
Mandalay 2025 M7.7,79.0,84.0,7.106628656387329,7.7,-0.5933713436126711,0.5933713436126711,False,12
Nepal 2015 M7.3,79.0,84.0,7.182614803314209,7.3,-0.11738519668579084,0.11738519668579084,True,5
Samos 2020 M7.0,79.0,84.0,7.22613525390625,7.0,0.22613525390625,0.22613525390625,False,3
Sand 2025 M7.3,79.0,84.0,7.173805236816406,7.3,-0.12619476318359357,0.12619476318359357,True,45
Xizang 2025 M7.1,79.0,84.0,7.041977167129517,7.1,-0.05802283287048304,0.05802283287048304,True,12
Iquique 2014 M7.7,80.0,85.0,7.722895622253418,7.7,0.02289562225341779,0.02289562225341779,True,11
Kodiak 2018 M7.9,80.0,85.0,7.121871471405029,7.9,-0.7781285285949711,0.7781285285949711,False,64
Luding 2022 M6.6,80.0,85.0,6.928362131118774,6.6,0.32836213111877477,0.32836213111877477,False,6
Mandalay 2025 M7.7,80.0,85.0,7.111592769622803,7.7,-0.5884072303771974,0.5884072303771974,False,12
Nepal 2015 M7.3,80.0,85.0,7.20166540145874,7.3,-0.09833459854125959,0.09833459854125959,True,5
Samos 2020 M7.0,80.0,85.0,7.226897239685059,7.0,0.2268972396850586,0.2268972396850586,False,3
Sand 2025 M7.3,80.0,85.0,7.17169189453125,7.3,-0.12830810546874982,0.12830810546874982,True,45
Xizang 2025 M7.1,80.0,85.0,7.047011852264404,7.1,-0.05298814773559535,0.05298814773559535,True,12
Iquique 2014 M7.7,81.0,86.0,7.7344770431518555,7.7,0.03447704315185529,0.03447704315185529,True,11
Kodiak 2018 M7.9,81.0,86.0,7.138045072555542,7.9,-0.7619549274444584,0.7619549274444584,False,64
Luding 2022 M6.6,81.0,86.0,6.928901195526123,6.6,0.3289011955261234,0.3289011955261234,False,6
Mandalay 2025 M7.7,81.0,86.0,7.115703821182251,7.7,-0.5842961788177492,0.5842961788177492,False,12
Nepal 2015 M7.3,81.0,86.0,7.214874267578125,7.3,-0.08512573242187482,0.08512573242187482,True,5
Samos 2020 M7.0,81.0,86.0,7.226714134216309,7.0,0.2267141342163086,0.2267141342163086,False,3
Sand 2025 M7.3,81.0,86.0,7.170835018157959,7.3,-0.12916498184204084,0.12916498184204084,True,45
Xizang 2025 M7.1,81.0,86.0,7.046184062957764,7.1,-0.05381593704223597,0.05381593704223597,True,12
Iquique 2014 M7.7,82.0,87.0,7.709319114685059,7.7,0.009319114685058416,0.009319114685058416,True,11
Kodiak 2018 M7.9,82.0,87.0,7.144010782241821,7.9,-0.7559892177581791,0.7559892177581791,False,64
Luding 2022 M6.6,82.0,87.0,6.928498029708862,6.6,0.32849802970886266,0.32849802970886266,False,6
Mandalay 2025 M7.7,82.0,87.0,7.117274045944214,7.7,-0.5827259540557863,0.5827259540557863,False,12
Nepal 2015 M7.3,82.0,87.0,7.2125244140625,7.3,-0.08747558593749982,0.08747558593749982,True,5
Samos 2020 M7.0,82.0,87.0,7.224513053894043,7.0,0.22451305389404297,0.22451305389404297,False,3
Sand 2025 M7.3,82.0,87.0,7.172530174255371,7.3,-0.12746982574462873,0.12746982574462873,True,45
Xizang 2025 M7.1,82.0,87.0,7.045313119888306,7.1,-0.05468688011169398,0.05468688011169398,True,12
Iquique 2014 M7.7,83.0,88.0,7.697353363037109,7.7,-0.0026466369628908026,0.0026466369628908026,True,11
Kodiak 2018 M7.9,83.0,88.0,7.153252363204956,7.9,-0.7467476367950443,0.7467476367950443,False,64
Luding 2022 M6.6,83.0,88.0,6.926981687545776,6.6,0.3269816875457767,0.3269816875457767,False,6
Mandalay 2025 M7.7,83.0,88.0,7.119001626968384,7.7,-0.5809983730316164,0.5809983730316164,False,12
Nepal 2015 M7.3,83.0,88.0,7.2049994468688965,7.3,-0.09500055313110334,0.09500055313110334,True,5
Samos 2020 M7.0,83.0,88.0,7.218685150146484,7.0,0.21868515014648438,0.21868515014648438,False,3
Sand 2025 M7.3,83.0,88.0,7.172316551208496,7.3,-0.12768344879150373,0.12768344879150373,True,45
Xizang 2025 M7.1,83.0,88.0,7.04468035697937,7.1,-0.05531964302062953,0.05531964302062953,True,12
Iquique 2014 M7.7,84.0,89.0,7.695448875427246,7.7,-0.004551124572754084,0.004551124572754084,True,11
Kodiak 2018 M7.9,84.0,89.0,7.159593105316162,7.9,-0.7404068946838382,0.7404068946838382,False,64
Luding 2022 M6.6,84.0,89.0,6.925086498260498,6.6,0.3250864982604984,0.3250864982604984,False,6
Mandalay 2025 M7.7,84.0,89.0,7.124227523803711,7.7,-0.5757724761962892,0.5757724761962892,False,12
Nepal 2015 M7.3,84.0,89.0,7.228536128997803,7.3,-0.07146387100219709,0.07146387100219709,True,5
Samos 2020 M7.0,84.0,89.0,7.209686279296875,7.0,0.209686279296875,0.209686279296875,False,3
Sand 2025 M7.3,84.0,89.0,7.170835018157959,7.3,-0.12916498184204084,0.12916498184204084,True,45
Xizang 2025 M7.1,84.0,89.0,7.04501748085022,7.1,-0.05498251914977992,0.05498251914977992,True,12
Iquique 2014 M7.7,85.0,90.0,7.696418762207031,7.7,-0.0035812377929689276,0.0035812377929689276,True,11
Kodiak 2018 M7.9,85.0,90.0,7.166088342666626,7.9,-0.7339116573333744,0.7339116573333744,False,64
Luding 2022 M6.6,85.0,90.0,6.943318843841553,6.6,0.3433188438415531,0.3433188438415531,False,6
Mandalay 2025 M7.7,85.0,90.0,7.130157709121704,7.7,-0.5698422908782961,0.5698422908782961,False,12
Nepal 2015 M7.3,85.0,90.0,7.255326747894287,7.3,-0.04467325210571271,0.04467325210571271,True,5
Samos 2020 M7.0,85.0,90.0,7.1979475021362305,7.0,0.19794750213623047,0.19794750213623047,False,3
Sand 2025 M7.3,85.0,90.0,7.167947292327881,7.3,-0.13205270767211896,0.13205270767211896,True,45
Xizang 2025 M7.1,85.0,90.0,7.045650482177734,7.1,-0.05434951782226527,0.05434951782226527,True,12
Iquique 2014 M7.7,86.0,91.0,7.710967063903809,7.7,0.010967063903808416,0.010967063903808416,True,11
Kodiak 2018 M7.9,86.0,91.0,7.178753614425659,7.9,-0.7212463855743412,0.7212463855743412,False,64
Luding 2022 M6.6,86.0,91.0,6.969151973724365,6.6,0.3691519737243656,0.3691519737243656,False,6
Mandalay 2025 M7.7,86.0,91.0,7.134967803955078,7.7,-0.565032196044922,0.565032196044922,False,12
Nepal 2015 M7.3,86.0,91.0,7.235243797302246,7.3,-0.06475620269775373,0.06475620269775373,True,5
Samos 2020 M7.0,86.0,91.0,7.184834957122803,7.0,0.18483495712280273,0.18483495712280273,False,3
Sand 2025 M7.3,86.0,91.0,7.163697719573975,7.3,-0.1363022804260252,0.1363022804260252,True,45
Xizang 2025 M7.1,86.0,91.0,7.045203685760498,7.1,-0.0547963142395016,0.0547963142395016,True,12
Iquique 2014 M7.7,87.0,92.0,7.742790222167969,7.7,0.04279022216796857,0.04279022216796857,True,11
Kodiak 2018 M7.9,87.0,92.0,7.189881801605225,7.9,-0.7101181983947757,0.7101181983947757,False,64
Luding 2022 M6.6,87.0,92.0,6.971476316452026,6.6,0.3714763164520267,0.3714763164520267,False,6
Mandalay 2025 M7.7,87.0,92.0,7.1393797397613525,7.7,-0.5606202602386476,0.5606202602386476,False,12
Nepal 2015 M7.3,87.0,92.0,7.19144344329834,7.3,-0.10855655670165998,0.10855655670165998,True,5
Samos 2020 M7.0,87.0,92.0,7.1699371337890625,7.0,0.1699371337890625,0.1699371337890625,False,3
Sand 2025 M7.3,87.0,92.0,7.15915584564209,7.3,-0.14084415435790998,0.14084415435790998,True,45
Xizang 2025 M7.1,87.0,92.0,7.0480616092681885,7.1,-0.05193839073181117,0.05193839073181117,True,12
Iquique 2014 M7.7,88.0,93.0,7.7679853439331055,7.7,0.06798534393310529,0.06798534393310529,True,11
Kodiak 2018 M7.9,88.0,93.0,7.188313961029053,7.9,-0.7116860389709476,0.7116860389709476,False,64
Luding 2022 M6.6,88.0,93.0,6.969299554824829,6.6,0.36929955482482946,0.36929955482482946,False,6
Mandalay 2025 M7.7,88.0,93.0,7.139136075973511,7.7,-0.5608639240264894,0.5608639240264894,False,12
Nepal 2015 M7.3,88.0,93.0,7.170219421386719,7.3,-0.12978057861328107,0.12978057861328107,True,5
Samos 2020 M7.0,88.0,93.0,7.1554694175720215,7.0,0.15546941757202148,0.15546941757202148,False,3
Sand 2025 M7.3,88.0,93.0,7.154414176940918,7.3,-0.14558582305908185,0.14558582305908185,True,45
Xizang 2025 M7.1,88.0,93.0,7.062424421310425,7.1,-0.03757557868957484,0.03757557868957484,True,12
Iquique 2014 M7.7,89.0,94.0,7.786233425140381,7.7,0.08623342514038068,0.08623342514038068,True,11
Kodiak 2018 M7.9,89.0,94.0,7.200353622436523,7.9,-0.6996463775634769,0.6996463775634769,False,64
Luding 2022 M6.6,89.0,94.0,6.963733673095703,6.6,0.3637336730957035,0.3637336730957035,False,6
Mandalay 2025 M7.7,89.0,94.0,7.1376917362213135,7.7,-0.5623082637786867,0.5623082637786867,False,12
Nepal 2015 M7.3,89.0,94.0,7.171437740325928,7.3,-0.1285622596740721,0.1285622596740721,True,5
Samos 2020 M7.0,89.0,94.0,7.142851829528809,7.0,0.1428518295288086,0.1428518295288086,True,3
Sand 2025 M7.3,89.0,94.0,7.151452541351318,7.3,-0.14854745864868146,0.14854745864868146,True,45
Xizang 2025 M7.1,89.0,94.0,7.061531066894531,7.1,-0.038468933105468395,0.038468933105468395,True,12
Iquique 2014 M7.7,90.0,95.0,7.794105529785156,7.7,0.09410552978515607,0.09410552978515607,True,11
Kodiak 2018 M7.9,90.0,95.0,7.202564239501953,7.9,-0.6974357604980472,0.6974357604980472,False,64
Luding 2022 M6.6,90.0,95.0,6.960949659347534,6.6,0.36094965934753453,0.36094965934753453,False,6
Mandalay 2025 M7.7,90.0,95.0,7.134873867034912,7.7,-0.5651261329650881,0.5651261329650881,False,12
Nepal 2015 M7.3,90.0,95.0,7.19202184677124,7.3,-0.10797815322875959,0.10797815322875959,True,5
Samos 2020 M7.0,90.0,95.0,7.132330894470215,7.0,0.13233089447021484,0.13233089447021484,True,3
Sand 2025 M7.3,90.0,95.0,7.151814937591553,7.3,-0.1481850624084471,0.1481850624084471,True,45
Xizang 2025 M7.1,90.0,95.0,7.059778213500977,7.1,-0.04022178649902308,0.04022178649902308,True,12
Iquique 2014 M7.7,91.0,96.0,7.802140712738037,7.7,0.10214071273803693,0.10214071273803693,True,11
Kodiak 2018 M7.9,91.0,96.0,7.230313777923584,7.9,-0.6696862220764164,0.6696862220764164,False,64
Luding 2022 M6.6,91.0,96.0,6.95982551574707,6.6,0.35982551574707067,0.35982551574707067,False,6
Mandalay 2025 M7.7,91.0,96.0,7.1321940422058105,7.7,-0.5678059577941896,0.5678059577941896,False,12
Nepal 2015 M7.3,91.0,96.0,7.2091803550720215,7.3,-0.09081964492797834,0.09081964492797834,True,5
Samos 2020 M7.0,91.0,96.0,7.121507167816162,7.0,0.12150716781616211,0.12150716781616211,True,3
Sand 2025 M7.3,91.0,96.0,7.152071952819824,7.3,-0.1479280471801756,0.1479280471801756,True,45
Xizang 2025 M7.1,91.0,96.0,7.057939767837524,7.1,-0.04206023216247523,0.04206023216247523,True,12
Iquique 2014 M7.7,92.0,97.0,7.810506343841553,7.7,0.11050634384155256,0.11050634384155256,True,11
Kodiak 2018 M7.9,92.0,97.0,7.251403331756592,7.9,-0.6485966682434086,0.6485966682434086,False,64
Luding 2022 M6.6,92.0,97.0,6.959434747695923,6.6,0.3594347476959232,0.3594347476959232,False,6
Mandalay 2025 M7.7,92.0,97.0,7.129848003387451,7.7,-0.570151996612549,0.570151996612549,False,12
Nepal 2015 M7.3,92.0,97.0,7.21082067489624,7.3,-0.08917932510375959,0.08917932510375959,True,5
Samos 2020 M7.0,92.0,97.0,7.110496520996094,7.0,0.11049652099609375,0.11049652099609375,True,3
Sand 2025 M7.3,92.0,97.0,7.152117729187012,7.3,-0.1478822708129881,0.1478822708129881,True,45
Xizang 2025 M7.1,92.0,97.0,7.058809518814087,7.1,-0.04119048118591273,0.04119048118591273,True,12
Iquique 2014 M7.7,93.0,98.0,7.820063591003418,7.7,0.12006359100341779,0.12006359100341779,True,11
Kodiak 2018 M7.9,93.0,98.0,7.253821849822998,7.9,-0.6461781501770023,0.6461781501770023,False,64
Luding 2022 M6.6,93.0,98.0,6.960000991821289,6.6,0.3600009918212894,0.3600009918212894,False,6
Mandalay 2025 M7.7,93.0,98.0,7.118264198303223,7.7,-0.5817358016967775,0.5817358016967775,False,12
Nepal 2015 M7.3,93.0,98.0,7.203594207763672,7.3,-0.09640579223632795,0.09640579223632795,True,5
Samos 2020 M7.0,93.0,98.0,7.099726676940918,7.0,0.09972667694091797,0.09972667694091797,True,3
Sand 2025 M7.3,93.0,98.0,7.154820919036865,7.3,-0.1451790809631346,0.1451790809631346,True,45
Xizang 2025 M7.1,93.0,98.0,7.0724101066589355,7.1,-0.027589893341064098,0.027589893341064098,True,12
Iquique 2014 M7.7,94.0,99.0,7.8194684982299805,7.7,0.11946849822998029,0.11946849822998029,True,11
Kodiak 2018 M7.9,94.0,99.0,7.242382049560547,7.9,-0.6576179504394535,0.6576179504394535,False,64
Luding 2022 M6.6,94.0,99.0,6.960283517837524,6.6,0.36028351783752477,0.36028351783752477,False,6
Mandalay 2025 M7.7,94.0,99.0,7.102738857269287,7.7,-0.5972611427307131,0.5972611427307131,False,12
Nepal 2015 M7.3,94.0,99.0,7.198670864105225,7.3,-0.10132913589477521,0.10132913589477521,True,5
Samos 2020 M7.0,94.0,99.0,7.090206146240234,7.0,0.09020614624023438,0.09020614624023438,True,3
Sand 2025 M7.3,94.0,99.0,7.16595458984375,7.3,-0.13404541015624982,0.13404541015624982,True,45
Xizang 2025 M7.1,94.0,99.0,7.070688962936401,7.1,-0.029311037063598278,0.029311037063598278,True,12
Iquique 2014 M7.7,95.0,100.0,7.817376613616943,7.7,0.11737661361694318,0.11737661361694318,True,11
Kodiak 2018 M7.9,95.0,100.0,7.256812572479248,7.9,-0.6431874275207523,0.6431874275207523,False,64
Luding 2022 M6.6,95.0,100.0,6.960427284240723,6.6,0.360427284240723,0.360427284240723,False,6
Mandalay 2025 M7.7,95.0,100.0,7.0966949462890625,7.7,-0.6033050537109377,0.6033050537109377,False,12
Nepal 2015 M7.3,95.0,100.0,7.197255611419678,7.3,-0.10274438858032209,0.10274438858032209,True,5
Samos 2020 M7.0,95.0,100.0,7.081904411315918,7.0,0.08190441131591797,0.08190441131591797,True,3
Sand 2025 M7.3,95.0,100.0,7.179835319519043,7.3,-0.12016468048095685,0.12016468048095685,True,45
Xizang 2025 M7.1,95.0,100.0,7.065114498138428,7.1,-0.03488550186157191,0.03488550186157191,True,12
Iquique 2014 M7.7,96.0,101.0,7.817328453063965,7.7,0.11732845306396467,0.11732845306396467,True,11
Kodiak 2018 M7.9,96.0,101.0,7.2424750328063965,7.9,-0.6575249671936039,0.6575249671936039,False,64
Luding 2022 M6.6,96.0,101.0,6.960458278656006,6.6,0.3604582786560062,0.3604582786560062,False,6
Mandalay 2025 M7.7,96.0,101.0,7.109512567520142,7.7,-0.5904874324798586,0.5904874324798586,False,12
Nepal 2015 M7.3,96.0,101.0,7.197081565856934,7.3,-0.10291843414306623,0.10291843414306623,True,5
Samos 2020 M7.0,96.0,101.0,7.075213432312012,7.0,0.07521343231201172,0.07521343231201172,True,3
Sand 2025 M7.3,96.0,101.0,7.192130088806152,7.3,-0.10786991119384748,0.10786991119384748,True,45
Xizang 2025 M7.1,96.0,101.0,7.0617430210113525,7.1,-0.038256978988647106,0.038256978988647106,True,12
Iquique 2014 M7.7,97.0,102.0,7.82193660736084,7.7,0.12193660736083967,0.12193660736083967,True,11
Kodiak 2018 M7.9,97.0,102.0,7.254077911376953,7.9,-0.6459220886230472,0.6459220886230472,False,64
Luding 2022 M6.6,97.0,102.0,6.960652112960815,6.6,0.3606521129608158,0.3606521129608158,False,6
Mandalay 2025 M7.7,97.0,102.0,7.1233415603637695,7.7,-0.5766584396362306,0.5766584396362306,False,12
Nepal 2015 M7.3,97.0,102.0,7.196868896484375,7.3,-0.10313110351562482,0.10313110351562482,True,5
Samos 2020 M7.0,97.0,102.0,7.070217132568359,7.0,0.07021713256835938,0.07021713256835938,True,3
Sand 2025 M7.3,97.0,102.0,7.189858913421631,7.3,-0.11014108657836896,0.11014108657836896,True,45
Xizang 2025 M7.1,97.0,102.0,7.070085763931274,7.1,-0.02991423606872523,0.02991423606872523,True,12
Iquique 2014 M7.7,98.0,103.0,7.829643249511719,7.7,0.12964324951171857,0.12964324951171857,True,11
Kodiak 2018 M7.9,98.0,103.0,7.263166666030884,7.9,-0.6368333339691166,0.6368333339691166,False,64
Luding 2022 M6.6,98.0,103.0,6.961287975311279,6.6,0.36128797531127965,0.36128797531127965,False,6
Mandalay 2025 M7.7,98.0,103.0,7.1230151653289795,7.7,-0.5769848346710207,0.5769848346710207,False,12
Nepal 2015 M7.3,98.0,103.0,7.196816921234131,7.3,-0.10318307876586896,0.10318307876586896,True,5
Samos 2020 M7.0,98.0,103.0,7.066667079925537,7.0,0.06666707992553711,0.06666707992553711,True,3
Sand 2025 M7.3,98.0,103.0,7.188146114349365,7.3,-0.11185388565063459,0.11185388565063459,True,45
Xizang 2025 M7.1,98.0,103.0,7.080169677734375,7.1,-0.019830322265624645,0.019830322265624645,True,12
Iquique 2014 M7.7,99.0,104.0,7.836607933044434,7.7,0.13660793304443342,0.13660793304443342,True,11
Kodiak 2018 M7.9,99.0,104.0,7.273173809051514,7.9,-0.6268261909484867,0.6268261909484867,False,64
Luding 2022 M6.6,99.0,104.0,6.9629225730896,6.6,0.36292257308959996,0.36292257308959996,False,6
Mandalay 2025 M7.7,99.0,104.0,7.122891187667847,7.7,-0.5771088123321535,0.5771088123321535,False,12
Nepal 2015 M7.3,99.0,104.0,7.196895599365234,7.3,-0.10310440063476545,0.10310440063476545,True,5
Samos 2020 M7.0,99.0,104.0,7.063586235046387,7.0,0.06358623504638672,0.06358623504638672,True,3
Sand 2025 M7.3,99.0,104.0,7.189861297607422,7.3,-0.11013870239257795,0.11013870239257795,True,45
Xizang 2025 M7.1,99.0,104.0,7.085559844970703,7.1,-0.01444015502929652,0.01444015502929652,True,12
Iquique 2014 M7.7,100.0,105.0,7.841152191162109,7.7,0.1411521911621092,0.1411521911621092,True,11
Kodiak 2018 M7.9,100.0,105.0,7.265133619308472,7.9,-0.6348663806915287,0.6348663806915287,False,64
Luding 2022 M6.6,100.0,105.0,6.965684413909912,6.6,0.36568441390991246,0.36568441390991246,False,6
Mandalay 2025 M7.7,100.0,105.0,7.122661590576172,7.7,-0.5773384094238283,0.5773384094238283,False,12
Nepal 2015 M7.3,100.0,105.0,7.196804046630859,7.3,-0.10319595336914045,0.10319595336914045,True,5
Samos 2020 M7.0,100.0,105.0,7.059581756591797,7.0,0.059581756591796875,0.059581756591796875,True,3
Sand 2025 M7.3,100.0,105.0,7.189108848571777,7.3,-0.11089115142822248,0.11089115142822248,True,45
Xizang 2025 M7.1,100.0,105.0,7.0849528312683105,7.1,-0.015047168731689098,0.015047168731689098,True,12
Iquique 2014 M7.7,101.0,106.0,7.844537258148193,7.7,0.14453725814819318,0.14453725814819318,True,11
Kodiak 2018 M7.9,101.0,106.0,7.2736170291900635,7.9,-0.6263829708099369,0.6263829708099369,False,64
Luding 2022 M6.6,101.0,106.0,6.968156814575195,6.6,0.36815681457519567,0.36815681457519567,False,6
Mandalay 2025 M7.7,101.0,106.0,7.122360944747925,7.7,-0.5776390552520754,0.5776390552520754,False,12
Nepal 2015 M7.3,101.0,106.0,7.197661399841309,7.3,-0.10233860015869123,0.10233860015869123,True,5
Samos 2020 M7.0,101.0,106.0,7.05316686630249,7.0,0.053166866302490234,0.053166866302490234,True,3
Sand 2025 M7.3,101.0,106.0,7.18869686126709,7.3,-0.11130313873290998,0.11130313873290998,True,45
Xizang 2025 M7.1,101.0,106.0,7.086205959320068,7.1,-0.013794040679931285,0.013794040679931285,True,12
Iquique 2014 M7.7,102.0,107.0,7.84799861907959,7.7,0.14799861907958967,0.14799861907958967,True,11
Kodiak 2018 M7.9,102.0,107.0,7.270745754241943,7.9,-0.629254245758057,0.629254245758057,False,64
Luding 2022 M6.6,102.0,107.0,6.968989133834839,6.6,0.3689891338348392,0.3689891338348392,False,6
Mandalay 2025 M7.7,102.0,107.0,7.1219611167907715,7.7,-0.5780388832092287,0.5780388832092287,False,12
Nepal 2015 M7.3,102.0,107.0,7.197920799255371,7.3,-0.10207920074462873,0.10207920074462873,True,5
Samos 2020 M7.0,102.0,107.0,7.043801784515381,7.0,0.04380178451538086,0.04380178451538086,True,3
Sand 2025 M7.3,102.0,107.0,7.1880927085876465,7.3,-0.11190729141235334,0.11190729141235334,True,45
Xizang 2025 M7.1,102.0,107.0,7.0915141105651855,7.1,-0.008485889434814098,0.008485889434814098,True,12
Iquique 2014 M7.7,103.0,108.0,7.873149871826172,7.7,0.1731498718261717,0.1731498718261717,False,11
Kodiak 2018 M7.9,103.0,108.0,7.261160612106323,7.9,-0.6388393878936771,0.6388393878936771,False,64
Luding 2022 M6.6,103.0,108.0,6.969714164733887,6.6,0.3697141647338871,0.3697141647338871,False,6
Mandalay 2025 M7.7,103.0,108.0,7.121629238128662,7.7,-0.5783707618713381,0.5783707618713381,False,12
Nepal 2015 M7.3,103.0,108.0,7.195985317230225,7.3,-0.10401468276977521,0.10401468276977521,True,5
Samos 2020 M7.0,103.0,108.0,7.0301361083984375,7.0,0.0301361083984375,0.0301361083984375,True,3
Sand 2025 M7.3,103.0,108.0,7.188968658447266,7.3,-0.1110313415527342,0.1110313415527342,True,45
Xizang 2025 M7.1,103.0,108.0,7.095560789108276,7.1,-0.0044392108917232775,0.0044392108917232775,True,12
Iquique 2014 M7.7,104.0,109.0,7.884848594665527,7.7,0.18484859466552717,0.18484859466552717,False,11
Kodiak 2018 M7.9,104.0,109.0,7.265501022338867,7.9,-0.6344989776611332,0.6344989776611332,False,64
Luding 2022 M6.6,104.0,109.0,6.9704203605651855,6.6,0.3704203605651859,0.3704203605651859,False,6
Mandalay 2025 M7.7,104.0,109.0,7.121593475341797,7.7,-0.5784065246582033,0.5784065246582033,False,12
Nepal 2015 M7.3,104.0,109.0,7.194979667663574,7.3,-0.1050203323364256,0.1050203323364256,True,5
Samos 2020 M7.0,104.0,109.0,7.013481140136719,7.0,0.01348114013671875,0.01348114013671875,True,3
Sand 2025 M7.3,104.0,109.0,7.193171501159668,7.3,-0.10682849884033185,0.10682849884033185,True,45
Xizang 2025 M7.1,104.0,109.0,7.093764781951904,7.1,-0.006235218048095348,0.006235218048095348,True,12
Iquique 2014 M7.7,105.0,110.0,7.888149261474609,7.7,0.1881492614746092,0.1881492614746092,False,11
Kodiak 2018 M7.9,105.0,110.0,7.2714738845825195,7.9,-0.6285261154174808,0.6285261154174808,False,64
Luding 2022 M6.6,105.0,110.0,6.97041130065918,6.6,0.37041130065918004,0.37041130065918004,False,6
Mandalay 2025 M7.7,105.0,110.0,7.121264934539795,7.7,-0.5787350654602053,0.5787350654602053,False,12
Nepal 2015 M7.3,105.0,110.0,7.194838523864746,7.3,-0.10516147613525373,0.10516147613525373,True,5
Samos 2020 M7.0,105.0,110.0,6.991352081298828,7.0,-0.008647918701171875,0.008647918701171875,True,3
Sand 2025 M7.3,105.0,110.0,7.197071075439453,7.3,-0.1029289245605467,0.1029289245605467,True,45
Xizang 2025 M7.1,105.0,110.0,7.100712060928345,7.1,0.0007120609283450818,0.0007120609283450818,True,12
Iquique 2014 M7.7,106.0,111.0,7.891165733337402,7.7,0.19116573333740217,0.19116573333740217,False,11
Kodiak 2018 M7.9,106.0,111.0,7.2724223136901855,7.9,-0.6275776863098148,0.6275776863098148,False,64
Luding 2022 M6.6,106.0,111.0,6.970130920410156,6.6,0.3701309204101566,0.3701309204101566,False,6
Mandalay 2025 M7.7,106.0,111.0,7.119633436203003,7.7,-0.5803665637969972,0.5803665637969972,False,12
Nepal 2015 M7.3,106.0,111.0,7.193962097167969,7.3,-0.10603790283203107,0.10603790283203107,True,5
Samos 2020 M7.0,106.0,111.0,6.966732025146484,7.0,-0.033267974853515625,0.033267974853515625,True,3
Sand 2025 M7.3,106.0,111.0,7.185683250427246,7.3,-0.11431674957275373,0.11431674957275373,True,45
Xizang 2025 M7.1,106.0,111.0,7.10005259513855,7.1,5.259513855015996e-05,5.259513855015996e-05,True,12
Iquique 2014 M7.7,107.0,112.0,7.8939528465271,7.7,0.19395284652709943,0.19395284652709943,False,11
Kodiak 2018 M7.9,107.0,112.0,7.288086175918579,7.9,-0.6119138240814213,0.6119138240814213,False,64
Luding 2022 M6.6,107.0,112.0,6.970113277435303,6.6,0.3701132774353031,0.3701132774353031,False,6
Mandalay 2025 M7.7,107.0,112.0,7.119365692138672,7.7,-0.5806343078613283,0.5806343078613283,False,12
Nepal 2015 M7.3,107.0,112.0,7.1917829513549805,7.3,-0.10821704864501935,0.10821704864501935,True,5
Samos 2020 M7.0,107.0,112.0,6.9383864402771,7.0,-0.06161355972290039,0.06161355972290039,True,3
Sand 2025 M7.3,107.0,112.0,7.181499481201172,7.3,-0.11850051879882795,0.11850051879882795,True,45
Xizang 2025 M7.1,107.0,112.0,7.10414457321167,7.1,0.004144573211670277,0.004144573211670277,True,12
Iquique 2014 M7.7,108.0,113.0,7.896080017089844,7.7,0.19608001708984357,0.19608001708984357,False,11
Kodiak 2018 M7.9,108.0,113.0,7.274683713912964,7.9,-0.6253162860870365,0.6253162860870365,False,64
Luding 2022 M6.6,108.0,113.0,6.969581604003906,6.6,0.3695816040039066,0.3695816040039066,False,6
Mandalay 2025 M7.7,108.0,113.0,7.123073101043701,7.7,-0.576926898956299,0.576926898956299,False,12
Nepal 2015 M7.3,108.0,113.0,7.190459251403809,7.3,-0.10954074859619123,0.10954074859619123,True,5
Samos 2020 M7.0,108.0,113.0,6.908446311950684,7.0,-0.0915536880493164,0.0915536880493164,True,3
Sand 2025 M7.3,108.0,113.0,7.182581901550293,7.3,-0.11741809844970685,0.11741809844970685,True,45
Xizang 2025 M7.1,108.0,113.0,7.110870599746704,7.1,0.010870599746704457,0.010870599746704457,True,12
Iquique 2014 M7.7,109.0,114.0,7.897401332855225,7.7,0.19740133285522443,0.19740133285522443,False,11
Kodiak 2018 M7.9,109.0,114.0,7.269294738769531,7.9,-0.6307052612304691,0.6307052612304691,False,64
Luding 2022 M6.6,109.0,114.0,6.968488931655884,6.6,0.36848893165588414,0.36848893165588414,False,6
Mandalay 2025 M7.7,109.0,114.0,7.128337383270264,7.7,-0.5716626167297365,0.5716626167297365,False,12
Nepal 2015 M7.3,109.0,114.0,7.191373348236084,7.3,-0.10862665176391584,0.10862665176391584,True,5
Samos 2020 M7.0,109.0,114.0,6.880377769470215,7.0,-0.11962223052978516,0.11962223052978516,True,3
Sand 2025 M7.3,109.0,114.0,7.1826887130737305,7.3,-0.11731128692626935,0.11731128692626935,True,45
Xizang 2025 M7.1,109.0,114.0,7.112759351730347,7.1,0.012759351730347035,0.012759351730347035,True,12
Iquique 2014 M7.7,110.0,115.0,7.898131370544434,7.7,0.19813137054443342,0.19813137054443342,False,11
Kodiak 2018 M7.9,110.0,115.0,7.26654839515686,7.9,-0.63345160484314,0.63345160484314,False,64
Luding 2022 M6.6,110.0,115.0,6.9666290283203125,6.6,0.36662902832031286,0.36662902832031286,False,6
Mandalay 2025 M7.7,110.0,115.0,7.132766246795654,7.7,-0.5672337532043459,0.5672337532043459,False,12
Nepal 2015 M7.3,110.0,115.0,7.193709373474121,7.3,-0.10629062652587873,0.10629062652587873,True,5
Samos 2020 M7.0,110.0,115.0,6.8582892417907715,7.0,-0.14171075820922852,0.14171075820922852,True,3
Sand 2025 M7.3,110.0,115.0,7.189571380615234,7.3,-0.11042861938476545,0.11042861938476545,True,45
Xizang 2025 M7.1,110.0,115.0,7.11079740524292,7.1,0.010797405242920277,0.010797405242920277,True,12
Iquique 2014 M7.7,111.0,116.0,7.899016380310059,7.7,0.19901638031005842,0.19901638031005842,False,11
Kodiak 2018 M7.9,111.0,116.0,7.264204025268555,7.9,-0.6357959747314457,0.6357959747314457,False,64
Luding 2022 M6.6,111.0,116.0,6.967048168182373,6.6,0.3670481681823734,0.3670481681823734,False,6
Mandalay 2025 M7.7,111.0,116.0,7.139865398406982,7.7,-0.5601346015930178,0.5601346015930178,False,12
Nepal 2015 M7.3,111.0,116.0,7.1950507164001465,7.3,-0.10494928359985334,0.10494928359985334,True,5
Samos 2020 M7.0,111.0,116.0,6.853618621826172,7.0,-0.14638137817382812,0.14638137817382812,True,3
Sand 2025 M7.3,111.0,116.0,7.2024946212768555,7.3,-0.09750537872314435,0.09750537872314435,True,45
Xizang 2025 M7.1,111.0,116.0,7.097797393798828,7.1,-0.0022026062011715197,0.0022026062011715197,True,12
Iquique 2014 M7.7,112.0,117.0,7.8998260498046875,7.7,0.19982604980468732,0.19982604980468732,False,11
Kodiak 2018 M7.9,112.0,117.0,7.261286020278931,7.9,-0.6387139797210697,0.6387139797210697,False,64
Luding 2022 M6.6,112.0,117.0,6.97055196762085,6.6,0.37055196762084996,0.37055196762084996,False,6
Mandalay 2025 M7.7,112.0,117.0,7.147397041320801,7.7,-0.5526029586791994,0.5526029586791994,False,12
Nepal 2015 M7.3,112.0,117.0,7.195097923278809,7.3,-0.10490207672119123,0.10490207672119123,True,5
Samos 2020 M7.0,112.0,117.0,6.851192474365234,7.0,-0.14880752563476562,0.14880752563476562,True,3
Sand 2025 M7.3,112.0,117.0,7.203697204589844,7.3,-0.09630279541015607,0.09630279541015607,True,45
Xizang 2025 M7.1,112.0,117.0,7.065901517868042,7.1,-0.03409848213195765,0.03409848213195765,True,12
Iquique 2014 M7.7,113.0,118.0,7.900440216064453,7.7,0.20044021606445295,0.20044021606445295,False,11
Kodiak 2018 M7.9,113.0,118.0,7.273768901824951,7.9,-0.6262310981750492,0.6262310981750492,False,64
Luding 2022 M6.6,113.0,118.0,6.980451822280884,6.6,0.38045182228088414,0.38045182228088414,False,6
Mandalay 2025 M7.7,113.0,118.0,7.155667066574097,7.7,-0.5443329334259035,0.5443329334259035,False,12
Nepal 2015 M7.3,113.0,118.0,7.193382263183594,7.3,-0.10661773681640607,0.10661773681640607,True,5
Samos 2020 M7.0,113.0,118.0,6.8502044677734375,7.0,-0.1497955322265625,0.1497955322265625,True,3
Sand 2025 M7.3,113.0,118.0,7.201072692871094,7.3,-0.09892730712890607,0.09892730712890607,True,45
Xizang 2025 M7.1,113.0,118.0,7.065216302871704,7.1,-0.03478369712829554,0.03478369712829554,True,12
Iquique 2014 M7.7,114.0,119.0,7.900019645690918,7.7,0.2000196456909178,0.2000196456909178,False,11
Kodiak 2018 M7.9,114.0,119.0,7.288393259048462,7.9,-0.6116067409515384,0.6116067409515384,False,64
Luding 2022 M6.6,114.0,119.0,6.98447060585022,6.6,0.3844706058502201,0.3844706058502201,False,6
Mandalay 2025 M7.7,114.0,119.0,7.161402463912964,7.7,-0.5385975360870363,0.5385975360870363,False,12
Nepal 2015 M7.3,114.0,119.0,7.1898193359375,7.3,-0.11018066406249982,0.11018066406249982,True,5
Samos 2020 M7.0,114.0,119.0,6.8490142822265625,7.0,-0.1509857177734375,0.1509857177734375,False,3
Sand 2025 M7.3,114.0,119.0,7.199258327484131,7.3,-0.10074167251586896,0.10074167251586896,True,45
Xizang 2025 M7.1,114.0,119.0,7.067425727844238,7.1,-0.032574272155761363,0.032574272155761363,True,12
Iquique 2014 M7.7,115.0,120.0,7.898432731628418,7.7,0.1984327316284178,0.1984327316284178,False,11
Kodiak 2018 M7.9,115.0,120.0,7.279213190078735,7.9,-0.620786809921265,0.620786809921265,False,64
Luding 2022 M6.6,115.0,120.0,6.987918376922607,6.6,0.3879183769226078,0.3879183769226078,False,6
Mandalay 2025 M7.7,115.0,120.0,7.16425085067749,7.7,-0.5357491493225099,0.5357491493225099,False,12
Nepal 2015 M7.3,115.0,120.0,7.1872878074646,7.3,-0.11271219253540021,0.11271219253540021,True,5
Samos 2020 M7.0,115.0,120.0,6.847379207611084,7.0,-0.15262079238891602,0.15262079238891602,False,3
Sand 2025 M7.3,115.0,120.0,7.197438716888428,7.3,-0.10256128311157209,0.10256128311157209,True,45
Xizang 2025 M7.1,115.0,120.0,7.07325005531311,7.1,-0.026749944686889293,0.026749944686889293,True,12
Iquique 2014 M7.7,116.0,121.0,7.895660400390625,7.7,0.19566040039062482,0.19566040039062482,False,11
Kodiak 2018 M7.9,116.0,121.0,7.275354385375977,7.9,-0.6246456146240238,0.6246456146240238,False,64
Luding 2022 M6.6,116.0,121.0,6.988696098327637,6.6,0.3886960983276371,0.3886960983276371,False,6
Mandalay 2025 M7.7,116.0,121.0,7.163872718811035,7.7,-0.536127281188965,0.536127281188965,False,12
Nepal 2015 M7.3,116.0,121.0,7.186267852783203,7.3,-0.1137321472167967,0.1137321472167967,True,5
Samos 2020 M7.0,116.0,121.0,6.844048976898193,7.0,-0.15595102310180664,0.15595102310180664,False,3
Sand 2025 M7.3,116.0,121.0,7.198678493499756,7.3,-0.10132150650024396,0.10132150650024396,True,45
Xizang 2025 M7.1,116.0,121.0,7.0798797607421875,7.1,-0.020120239257812145,0.020120239257812145,True,12
Iquique 2014 M7.7,117.0,122.0,7.891992092132568,7.7,0.19199209213256818,0.19199209213256818,False,11
Kodiak 2018 M7.9,117.0,122.0,7.276010751724243,7.9,-0.6239892482757572,0.6239892482757572,False,64
Luding 2022 M6.6,117.0,122.0,6.992756605148315,6.6,0.3927566051483158,0.3927566051483158,False,6
Mandalay 2025 M7.7,117.0,122.0,7.162744045257568,7.7,-0.5372559547424318,0.5372559547424318,False,12
Nepal 2015 M7.3,117.0,122.0,7.185513973236084,7.3,-0.11448602676391584,0.11448602676391584,True,5
Samos 2020 M7.0,117.0,122.0,6.839655876159668,7.0,-0.16034412384033203,0.16034412384033203,False,3
Sand 2025 M7.3,117.0,122.0,7.198522090911865,7.3,-0.10147790908813459,0.10147790908813459,True,45
Xizang 2025 M7.1,117.0,122.0,7.072005271911621,7.1,-0.02799472808837855,0.02799472808837855,True,12
Iquique 2014 M7.7,118.0,123.0,7.887576103210449,7.7,0.18757610321044904,0.18757610321044904,False,11
Kodiak 2018 M7.9,118.0,123.0,7.262488842010498,7.9,-0.6375111579895023,0.6375111579895023,False,64
Luding 2022 M6.6,118.0,123.0,6.999002695083618,6.6,0.3990026950836185,0.3990026950836185,False,6
Mandalay 2025 M7.7,118.0,123.0,7.162241697311401,7.7,-0.5377583026885988,0.5377583026885988,False,12
Nepal 2015 M7.3,118.0,123.0,7.185077667236328,7.3,-0.1149223327636717,0.1149223327636717,True,5
Samos 2020 M7.0,118.0,123.0,6.834197044372559,7.0,-0.1658029556274414,0.1658029556274414,False,3
Sand 2025 M7.3,118.0,123.0,7.1979079246521,7.3,-0.10209207534790021,0.10209207534790021,True,45
Xizang 2025 M7.1,118.0,123.0,7.06065821647644,7.1,-0.039341783523559215,0.039341783523559215,True,12
Iquique 2014 M7.7,119.0,124.0,7.882676601409912,7.7,0.18267660140991193,0.18267660140991193,False,11
Kodiak 2018 M7.9,119.0,124.0,7.241656064987183,7.9,-0.6583439350128177,0.6583439350128177,False,64
Luding 2022 M6.6,119.0,124.0,7.005606412887573,6.6,0.4056064128875736,0.4056064128875736,False,6
Mandalay 2025 M7.7,119.0,124.0,7.1588454246521,7.7,-0.5411545753479006,0.5411545753479006,False,12
Nepal 2015 M7.3,119.0,124.0,7.18475866317749,7.3,-0.11524133682250959,0.11524133682250959,True,5
Samos 2020 M7.0,119.0,124.0,6.8280487060546875,7.0,-0.1719512939453125,0.1719512939453125,False,3
Sand 2025 M7.3,119.0,124.0,7.197679042816162,7.3,-0.10232095718383771,0.10232095718383771,True,45
Xizang 2025 M7.1,119.0,124.0,7.062849998474121,7.1,-0.03715000152587855,0.03715000152587855,True,12
Iquique 2014 M7.7,120.0,125.0,7.8782806396484375,7.7,0.17828063964843732,0.17828063964843732,False,11
Kodiak 2018 M7.9,120.0,125.0,7.250822067260742,7.9,-0.6491779327392582,0.6491779327392582,False,64
Luding 2022 M6.6,120.0,125.0,7.011950254440308,6.6,0.411950254440308,0.411950254440308,False,6
Mandalay 2025 M7.7,120.0,125.0,7.153198957443237,7.7,-0.5468010425567629,0.5468010425567629,False,12
Nepal 2015 M7.3,120.0,125.0,7.1844282150268555,7.3,-0.11557178497314435,0.11557178497314435,True,5
Samos 2020 M7.0,120.0,125.0,6.821098327636719,7.0,-0.17890167236328125,0.17890167236328125,False,3
Sand 2025 M7.3,120.0,125.0,7.216866970062256,7.3,-0.08313302993774396,0.08313302993774396,True,45
Xizang 2025 M7.1,120.0,125.0,7.067365646362305,7.1,-0.03263435363769496,0.03263435363769496,True,12
Iquique 2014 M7.7,121.0,126.0,7.875096797943115,7.7,0.17509679794311506,0.17509679794311506,False,11
Kodiak 2018 M7.9,121.0,126.0,7.245145320892334,7.9,-0.6548546791076664,0.6548546791076664,False,64
Luding 2022 M6.6,121.0,126.0,7.018144607543945,6.6,0.41814460754394567,0.41814460754394567,False,6
Mandalay 2025 M7.7,121.0,126.0,7.189779996871948,7.7,-0.5102200031280519,0.5102200031280519,False,12
Nepal 2015 M7.3,121.0,126.0,7.184533596038818,7.3,-0.11546640396118146,0.11546640396118146,True,5
Samos 2020 M7.0,121.0,126.0,6.814542293548584,7.0,-0.18545770645141602,0.18545770645141602,False,3
Sand 2025 M7.3,121.0,126.0,7.216747283935547,7.3,-0.08325271606445295,0.08325271606445295,True,45
Xizang 2025 M7.1,121.0,126.0,7.0701422691345215,7.1,-0.02985773086547816,0.02985773086547816,True,12
Iquique 2014 M7.7,122.0,127.0,7.873681545257568,7.7,0.17368154525756818,0.17368154525756818,False,11
Kodiak 2018 M7.9,122.0,127.0,7.250473976135254,7.9,-0.6495260238647464,0.6495260238647464,False,64
Luding 2022 M6.6,122.0,127.0,7.021970748901367,6.6,0.42197074890136754,0.42197074890136754,False,6
Mandalay 2025 M7.7,122.0,127.0,7.19783353805542,7.7,-0.5021664619445803,0.5021664619445803,False,12
Nepal 2015 M7.3,122.0,127.0,7.184859275817871,7.3,-0.11514072418212873,0.11514072418212873,True,5
Samos 2020 M7.0,122.0,127.0,6.808310508728027,7.0,-0.19168949127197266,0.19168949127197266,False,3
Sand 2025 M7.3,122.0,127.0,7.216519832611084,7.3,-0.08348016738891584,0.08348016738891584,True,45
Xizang 2025 M7.1,122.0,127.0,7.070056438446045,7.1,-0.029943561553954723,0.029943561553954723,True,12
Iquique 2014 M7.7,123.0,128.0,7.874266624450684,7.7,0.17426662445068342,0.17426662445068342,False,11
Kodiak 2018 M7.9,123.0,128.0,7.260868310928345,7.9,-0.6391316890716556,0.6391316890716556,False,64
Luding 2022 M6.6,123.0,128.0,7.022939205169678,6.6,0.4229392051696781,0.4229392051696781,False,6
Mandalay 2025 M7.7,123.0,128.0,7.199103116989136,7.7,-0.5008968830108644,0.5008968830108644,False,12
Nepal 2015 M7.3,123.0,128.0,7.184874534606934,7.3,-0.11512546539306623,0.11512546539306623,True,5
Samos 2020 M7.0,123.0,128.0,6.802036285400391,7.0,-0.19796371459960938,0.19796371459960938,False,3
Sand 2025 M7.3,123.0,128.0,7.216437339782715,7.3,-0.08356266021728498,0.08356266021728498,True,45
Xizang 2025 M7.1,123.0,128.0,7.0681376457214355,7.1,-0.0318623542785641,0.0318623542785641,True,12
Iquique 2014 M7.7,124.0,129.0,7.876584529876709,7.7,0.1765845298767088,0.1765845298767088,False,11
Kodiak 2018 M7.9,124.0,129.0,7.285037994384766,7.9,-0.6149620056152347,0.6149620056152347,False,64
Luding 2022 M6.6,124.0,129.0,7.023239374160767,6.6,0.42323937416076696,0.42323937416076696,False,6
Mandalay 2025 M7.7,124.0,129.0,7.198843240737915,7.7,-0.5011567592620851,0.5011567592620851,False,12
Nepal 2015 M7.3,124.0,129.0,7.18515682220459,7.3,-0.11484317779540998,0.11484317779540998,True,5
Samos 2020 M7.0,124.0,129.0,6.79459285736084,7.0,-0.20540714263916016,0.20540714263916016,False,3
Sand 2025 M7.3,124.0,129.0,7.216311454772949,7.3,-0.0836885452270506,0.0836885452270506,True,45
Xizang 2025 M7.1,124.0,129.0,7.066276788711548,7.1,-0.03372321128845179,0.03372321128845179,True,12
Iquique 2014 M7.7,125.0,130.0,7.879449367523193,7.7,0.17944936752319318,0.17944936752319318,False,11
Kodiak 2018 M7.9,125.0,130.0,7.288852214813232,7.9,-0.6111477851867679,0.6111477851867679,False,64
Luding 2022 M6.6,125.0,130.0,7.023087978363037,6.6,0.42308797836303746,0.42308797836303746,False,6
Mandalay 2025 M7.7,125.0,130.0,7.196745157241821,7.7,-0.5032548427581789,0.5032548427581789,False,12
Nepal 2015 M7.3,125.0,130.0,7.185802459716797,7.3,-0.11419754028320295,0.11419754028320295,True,5
Samos 2020 M7.0,125.0,130.0,6.786386013031006,7.0,-0.21361398696899414,0.21361398696899414,False,3
Sand 2025 M7.3,125.0,130.0,7.216273307800293,7.3,-0.08372669219970685,0.08372669219970685,True,45
Xizang 2025 M7.1,125.0,130.0,7.065046310424805,7.1,-0.03495368957519496,0.03495368957519496,True,12
Iquique 2014 M7.7,126.0,131.0,7.881587028503418,7.7,0.1815870285034178,0.1815870285034178,False,11
Kodiak 2018 M7.9,126.0,131.0,7.290015697479248,7.9,-0.6099843025207523,0.6099843025207523,False,64
Luding 2022 M6.6,126.0,131.0,7.015374183654785,6.6,0.4153741836547855,0.4153741836547855,False,6
Mandalay 2025 M7.7,126.0,131.0,7.194103240966797,7.7,-0.5058967590332033,0.5058967590332033,False,12
Nepal 2015 M7.3,126.0,131.0,7.185173034667969,7.3,-0.11482696533203107,0.11482696533203107,True,5
Samos 2020 M7.0,126.0,131.0,6.778398036956787,7.0,-0.2216019630432129,0.2216019630432129,False,3
Sand 2025 M7.3,126.0,131.0,7.216208457946777,7.3,-0.08379154205322248,0.08379154205322248,True,45
Xizang 2025 M7.1,126.0,131.0,7.065208673477173,7.1,-0.03479132652282679,0.03479132652282679,True,12
Iquique 2014 M7.7,127.0,132.0,7.881721496582031,7.7,0.18172149658203107,0.18172149658203107,False,11
Kodiak 2018 M7.9,127.0,132.0,7.2954630851745605,7.9,-0.6045369148254398,0.6045369148254398,False,64
Luding 2022 M6.6,127.0,132.0,7.010345458984375,6.6,0.41034545898437536,0.41034545898437536,False,6
Mandalay 2025 M7.7,127.0,132.0,7.191709756851196,7.7,-0.5082902431488039,0.5082902431488039,False,12
Nepal 2015 M7.3,127.0,132.0,7.183773040771484,7.3,-0.11622695922851545,0.11622695922851545,True,5
Samos 2020 M7.0,127.0,132.0,6.771031856536865,7.0,-0.22896814346313477,0.22896814346313477,False,3
Sand 2025 M7.3,127.0,132.0,7.223985195159912,7.3,-0.07601480484008771,0.07601480484008771,True,45
Xizang 2025 M7.1,127.0,132.0,7.068447828292847,7.1,-0.031552171707152965,0.031552171707152965,True,12
Iquique 2014 M7.7,128.0,133.0,7.8785552978515625,7.7,0.17855529785156232,0.17855529785156232,False,11
Kodiak 2018 M7.9,128.0,133.0,7.306021451950073,7.9,-0.5939785480499271,0.5939785480499271,False,64
Luding 2022 M6.6,128.0,133.0,7.004716396331787,6.6,0.40471639633178746,0.40471639633178746,False,6
Mandalay 2025 M7.7,128.0,133.0,7.198817014694214,7.7,-0.5011829853057863,0.5011829853057863,False,12
Nepal 2015 M7.3,128.0,133.0,7.183534145355225,7.3,-0.11646585464477521,0.11646585464477521,True,5
Samos 2020 M7.0,128.0,133.0,6.764703273773193,7.0,-0.23529672622680664,0.23529672622680664,False,3
Sand 2025 M7.3,128.0,133.0,7.2222900390625,7.3,-0.07770996093749982,0.07770996093749982,True,45
Xizang 2025 M7.1,128.0,133.0,7.074217081069946,7.1,-0.025782918930053356,0.025782918930053356,True,12
Iquique 2014 M7.7,129.0,134.0,7.872230529785156,7.7,0.17223052978515607,0.17223052978515607,False,11
Kodiak 2018 M7.9,129.0,134.0,7.310814142227173,7.9,-0.5891858577728275,0.5891858577728275,False,64
Luding 2022 M6.6,129.0,134.0,6.993148326873779,6.6,0.39314832687377965,0.39314832687377965,False,6
Mandalay 2025 M7.7,129.0,134.0,7.241954803466797,7.7,-0.4580451965332033,0.4580451965332033,False,12
Nepal 2015 M7.3,129.0,134.0,7.183995723724365,7.3,-0.11600427627563459,0.11600427627563459,True,5
Samos 2020 M7.0,129.0,134.0,6.7572784423828125,7.0,-0.2427215576171875,0.2427215576171875,False,3
Sand 2025 M7.3,129.0,134.0,7.2208571434021,7.3,-0.07914285659790021,0.07914285659790021,True,45
Xizang 2025 M7.1,129.0,134.0,7.08149528503418,7.1,-0.018504714965819957,0.018504714965819957,True,12
Iquique 2014 M7.7,130.0,135.0,7.866832733154297,7.7,0.1668327331542967,0.1668327331542967,False,11
Kodiak 2018 M7.9,130.0,135.0,7.316782236099243,7.9,-0.5832177639007572,0.5832177639007572,False,64
Luding 2022 M6.6,130.0,135.0,6.984903573989868,6.6,0.3849035739898685,0.3849035739898685,False,6
Mandalay 2025 M7.7,130.0,135.0,7.29976224899292,7.7,-0.40023775100708026,0.40023775100708026,False,12
Nepal 2015 M7.3,130.0,135.0,7.183765411376953,7.3,-0.1162345886230467,0.1162345886230467,True,5
Samos 2020 M7.0,130.0,135.0,6.747359275817871,7.0,-0.2526407241821289,0.2526407241821289,False,3
Sand 2025 M7.3,130.0,135.0,7.218597412109375,7.3,-0.08140258789062482,0.08140258789062482,True,45
Xizang 2025 M7.1,130.0,135.0,7.091886758804321,7.1,-0.008113241195678356,0.008113241195678356,True,12
Iquique 2014 M7.7,131.0,136.0,7.862994194030762,7.7,0.16299419403076154,0.16299419403076154,False,11
Kodiak 2018 M7.9,131.0,136.0,7.321275949478149,7.9,-0.5787240505218509,0.5787240505218509,False,64
Luding 2022 M6.6,131.0,136.0,6.982633590698242,6.6,0.38263359069824254,0.38263359069824254,False,6
Mandalay 2025 M7.7,131.0,136.0,7.317108392715454,7.7,-0.3828916072845461,0.3828916072845461,False,12
Nepal 2015 M7.3,131.0,136.0,7.183028221130371,7.3,-0.11697177886962873,0.11697177886962873,True,5
Samos 2020 M7.0,131.0,136.0,6.735875606536865,7.0,-0.26412439346313477,0.26412439346313477,False,3
Sand 2025 M7.3,131.0,136.0,7.217181205749512,7.3,-0.0828187942504881,0.0828187942504881,True,45
Xizang 2025 M7.1,131.0,136.0,7.106184005737305,7.1,0.006184005737305043,0.006184005737305043,True,12
Iquique 2014 M7.7,132.0,137.0,7.860664367675781,7.7,0.16066436767578107,0.16066436767578107,False,11
Kodiak 2018 M7.9,132.0,137.0,7.317911148071289,7.9,-0.5820888519287113,0.5820888519287113,False,64
Luding 2022 M6.6,132.0,137.0,6.982025384902954,6.6,0.38202538490295446,0.38202538490295446,False,6
Mandalay 2025 M7.7,132.0,137.0,7.3263068199157715,7.7,-0.3736931800842287,0.3736931800842287,False,12
Nepal 2015 M7.3,132.0,137.0,7.18274450302124,7.3,-0.11725549697875959,0.11725549697875959,True,5
Samos 2020 M7.0,132.0,137.0,6.725091457366943,7.0,-0.27490854263305664,0.27490854263305664,False,3
Sand 2025 M7.3,132.0,137.0,7.2173171043396,7.3,-0.08268289566040021,0.08268289566040021,True,45
Xizang 2025 M7.1,132.0,137.0,7.118206739425659,7.1,0.018206739425659535,0.018206739425659535,True,12
Iquique 2014 M7.7,133.0,138.0,7.859017848968506,7.7,0.15901784896850568,0.15901784896850568,False,11
Kodiak 2018 M7.9,133.0,138.0,7.327953338623047,7.9,-0.5720466613769535,0.5720466613769535,False,64
Luding 2022 M6.6,133.0,138.0,6.982832670211792,6.6,0.38283267021179235,0.38283267021179235,False,6
Mandalay 2025 M7.7,133.0,138.0,7.333378076553345,7.7,-0.36662192344665545,0.36662192344665545,False,12
Nepal 2015 M7.3,133.0,138.0,7.182707786560059,7.3,-0.11729221343994123,0.11729221343994123,True,5
Samos 2020 M7.0,133.0,138.0,6.716597557067871,7.0,-0.2834024429321289,0.2834024429321289,False,3
Sand 2025 M7.3,133.0,138.0,7.217319488525391,7.3,-0.0826805114746092,0.0826805114746092,True,45
Xizang 2025 M7.1,133.0,138.0,7.1229248046875,7.1,0.022924804687500355,0.022924804687500355,True,12
Iquique 2014 M7.7,134.0,139.0,7.857219696044922,7.7,0.1572196960449217,0.1572196960449217,False,11
Kodiak 2018 M7.9,134.0,139.0,7.317827939987183,7.9,-0.5821720600128177,0.5821720600128177,False,64
Luding 2022 M6.6,134.0,139.0,6.983706951141357,6.6,0.3837069511413578,0.3837069511413578,False,6
Mandalay 2025 M7.7,134.0,139.0,7.339885234832764,7.7,-0.3601147651672365,0.3601147651672365,False,12
Nepal 2015 M7.3,134.0,139.0,7.1826491355896,7.3,-0.11735086441040021,0.11735086441040021,True,5
Samos 2020 M7.0,134.0,139.0,6.709425926208496,7.0,-0.2905740737915039,0.2905740737915039,False,3
Sand 2025 M7.3,134.0,139.0,7.218497276306152,7.3,-0.08150272369384748,0.08150272369384748,True,45
Xizang 2025 M7.1,134.0,139.0,7.118829250335693,7.1,0.018829250335693715,0.018829250335693715,True,12
Iquique 2014 M7.7,135.0,140.0,7.854569911956787,7.7,0.15456991195678693,0.15456991195678693,False,11
Kodiak 2018 M7.9,135.0,140.0,7.308717250823975,7.9,-0.5912827491760257,0.5912827491760257,False,64
Luding 2022 M6.6,135.0,140.0,6.9798583984375,6.6,0.37985839843750036,0.37985839843750036,False,6
Mandalay 2025 M7.7,135.0,140.0,7.349048137664795,7.7,-0.35095186233520526,0.35095186233520526,False,12
Nepal 2015 M7.3,135.0,140.0,7.182570457458496,7.3,-0.11742954254150373,0.11742954254150373,True,5
Samos 2020 M7.0,135.0,140.0,6.703458309173584,7.0,-0.296541690826416,0.296541690826416,False,3
Sand 2025 M7.3,135.0,140.0,7.222206115722656,7.3,-0.07779388427734357,0.07779388427734357,True,45
Xizang 2025 M7.1,135.0,140.0,7.115113735198975,7.1,0.015113735198974965,0.015113735198974965,True,12
Iquique 2014 M7.7,136.0,141.0,7.850837707519531,7.7,0.15083770751953107,0.15083770751953107,False,11
Kodiak 2018 M7.9,136.0,141.0,7.3114142417907715,7.9,-0.5885857582092289,0.5885857582092289,False,64
Luding 2022 M6.6,136.0,141.0,6.972945690155029,6.6,0.37294569015502965,0.37294569015502965,False,6
Mandalay 2025 M7.7,136.0,141.0,7.362119197845459,7.7,-0.3378808021545412,0.3378808021545412,False,12
Nepal 2015 M7.3,136.0,141.0,7.182502746582031,7.3,-0.11749725341796857,0.11749725341796857,True,5
Samos 2020 M7.0,136.0,141.0,6.696889400482178,7.0,-0.30311059951782227,0.30311059951782227,False,3
Sand 2025 M7.3,136.0,141.0,7.220812797546387,7.3,-0.0791872024536131,0.0791872024536131,True,45
Xizang 2025 M7.1,136.0,141.0,7.110999584197998,7.1,0.010999584197998402,0.010999584197998402,True,12
Iquique 2014 M7.7,137.0,142.0,7.845789909362793,7.7,0.1457899093627928,0.1457899093627928,True,11
Kodiak 2018 M7.9,137.0,142.0,7.2988440990448,7.9,-0.6011559009552006,0.6011559009552006,False,64
Luding 2022 M6.6,137.0,142.0,6.964958906173706,6.6,0.3649589061737064,0.3649589061737064,False,6
Mandalay 2025 M7.7,137.0,142.0,7.375533580780029,7.7,-0.3244664192199709,0.3244664192199709,False,12
Nepal 2015 M7.3,137.0,142.0,7.1824469566345215,7.3,-0.11755304336547834,0.11755304336547834,True,5
Samos 2020 M7.0,137.0,142.0,6.688283443450928,7.0,-0.31171655654907227,0.31171655654907227,False,3
Sand 2025 M7.3,137.0,142.0,7.218681335449219,7.3,-0.08131866455078107,0.08131866455078107,True,45
Xizang 2025 M7.1,137.0,142.0,7.107280731201172,7.1,0.00728073120117223,0.00728073120117223,True,12
Iquique 2014 M7.7,138.0,143.0,7.839717864990234,7.7,0.1397178649902342,0.1397178649902342,True,11
Kodiak 2018 M7.9,138.0,143.0,7.299507141113281,7.9,-0.6004928588867191,0.6004928588867191,False,64
Luding 2022 M6.6,138.0,143.0,6.957655668258667,6.6,0.35765566825866735,0.35765566825866735,False,6
Mandalay 2025 M7.7,138.0,143.0,7.382749795913696,7.7,-0.3172502040863039,0.3172502040863039,False,12
Nepal 2015 M7.3,138.0,143.0,7.182247161865234,7.3,-0.11775283813476545,0.11775283813476545,True,5
Samos 2020 M7.0,138.0,143.0,6.677314758300781,7.0,-0.32268524169921875,0.32268524169921875,False,3
Sand 2025 M7.3,138.0,143.0,7.2179718017578125,7.3,-0.08202819824218732,0.08202819824218732,True,45
Xizang 2025 M7.1,138.0,143.0,7.102700710296631,7.1,0.0027007102966312146,0.0027007102966312146,True,12
Iquique 2014 M7.7,139.0,144.0,7.833507537841797,7.7,0.1335075378417967,0.1335075378417967,True,11
Kodiak 2018 M7.9,139.0,144.0,7.29053521156311,7.9,-0.60946478843689,0.60946478843689,False,64
Luding 2022 M6.6,139.0,144.0,6.954143762588501,6.6,0.35414376258850133,0.35414376258850133,False,6
Mandalay 2025 M7.7,139.0,144.0,7.381006479263306,7.7,-0.3189935207366945,0.3189935207366945,False,12
Nepal 2015 M7.3,139.0,144.0,7.1821699142456055,7.3,-0.11783008575439435,0.11783008575439435,True,5
Samos 2020 M7.0,139.0,144.0,6.6670660972595215,7.0,-0.3329339027404785,0.3329339027404785,False,3
Sand 2025 M7.3,139.0,144.0,7.233180999755859,7.3,-0.06681900024414045,0.06681900024414045,True,45
Xizang 2025 M7.1,139.0,144.0,7.0958616733551025,7.1,-0.004138326644897106,0.004138326644897106,True,12
Iquique 2014 M7.7,140.0,145.0,7.827715873718262,7.7,0.12771587371826154,0.12771587371826154,True,11
Kodiak 2018 M7.9,140.0,145.0,7.297571420669556,7.9,-0.6024285793304447,0.6024285793304447,False,64
Luding 2022 M6.6,140.0,145.0,6.955382823944092,6.6,0.35538282394409215,0.35538282394409215,False,6
Mandalay 2025 M7.7,140.0,145.0,7.377364635467529,7.7,-0.3226353645324709,0.3226353645324709,False,12
Nepal 2015 M7.3,140.0,145.0,7.182498931884766,7.3,-0.1175010681152342,0.1175010681152342,True,5
Samos 2020 M7.0,140.0,145.0,6.658044338226318,7.0,-0.34195566177368164,0.34195566177368164,False,3
Sand 2025 M7.3,140.0,145.0,7.23279333114624,7.3,-0.06720666885375959,0.06720666885375959,True,45
Xizang 2025 M7.1,140.0,145.0,7.096405267715454,7.1,-0.003594732284545543,0.003594732284545543,True,12
Iquique 2014 M7.7,141.0,146.0,7.822792053222656,7.7,0.12279205322265607,0.12279205322265607,True,11
Kodiak 2018 M7.9,141.0,146.0,7.296539545059204,7.9,-0.6034604549407963,0.6034604549407963,False,64
Luding 2022 M6.6,141.0,146.0,6.964215040206909,6.6,0.36421504020690953,0.36421504020690953,False,6
Mandalay 2025 M7.7,141.0,146.0,7.37410569190979,7.7,-0.32589430809021014,0.32589430809021014,False,12
Nepal 2015 M7.3,141.0,146.0,7.182933807373047,7.3,-0.11706619262695295,0.11706619262695295,True,5
Samos 2020 M7.0,141.0,146.0,6.651152610778809,7.0,-0.3488473892211914,0.3488473892211914,False,3
Sand 2025 M7.3,141.0,146.0,7.231498718261719,7.3,-0.06850128173828107,0.06850128173828107,True,45
Xizang 2025 M7.1,141.0,146.0,7.0968146324157715,7.1,-0.0031853675842281604,0.0031853675842281604,True,12
Iquique 2014 M7.7,142.0,147.0,7.8190765380859375,7.7,0.11907653808593732,0.11907653808593732,True,11
Kodiak 2018 M7.9,142.0,147.0,7.321151971817017,7.9,-0.5788480281829838,0.5788480281829838,False,64
Luding 2022 M6.6,142.0,147.0,6.9662184715271,6.6,0.36621847152709996,0.36621847152709996,False,6
Mandalay 2025 M7.7,142.0,147.0,7.372568845748901,7.7,-0.3274311542510988,0.3274311542510988,False,12
Nepal 2015 M7.3,142.0,147.0,7.1829352378845215,7.3,-0.11706476211547834,0.11706476211547834,True,5
Samos 2020 M7.0,142.0,147.0,6.646040916442871,7.0,-0.3539590835571289,0.3539590835571289,False,3
Sand 2025 M7.3,142.0,147.0,7.229277610778809,7.3,-0.07072238922119123,0.07072238922119123,True,45
Xizang 2025 M7.1,142.0,147.0,7.096203804016113,7.1,-0.0037961959838863635,0.0037961959838863635,True,12
Iquique 2014 M7.7,143.0,148.0,7.816304683685303,7.7,0.11630468368530256,0.11630468368530256,True,11
Kodiak 2018 M7.9,143.0,148.0,7.320865869522095,7.9,-0.5791341304779056,0.5791341304779056,False,64
Luding 2022 M6.6,143.0,148.0,6.9652605056762695,6.6,0.3652605056762699,0.3652605056762699,False,6
Mandalay 2025 M7.7,143.0,148.0,7.382094860076904,7.7,-0.3179051399230959,0.3179051399230959,False,12
Nepal 2015 M7.3,143.0,148.0,7.183192253112793,7.3,-0.11680774688720685,0.11680774688720685,True,5
Samos 2020 M7.0,143.0,148.0,6.644435882568359,7.0,-0.3555641174316406,0.3555641174316406,False,3
Sand 2025 M7.3,143.0,148.0,7.2273077964782715,7.3,-0.07269220352172834,0.07269220352172834,True,45
Xizang 2025 M7.1,143.0,148.0,7.096618175506592,7.1,-0.003381824493407848,0.003381824493407848,True,12
Iquique 2014 M7.7,144.0,149.0,7.814187526702881,7.7,0.11418752670288068,0.11418752670288068,True,11
Kodiak 2018 M7.9,144.0,149.0,7.362762689590454,7.9,-0.5372373104095463,0.5372373104095463,False,64
Luding 2022 M6.6,144.0,149.0,6.962827920913696,6.6,0.36282792091369664,0.36282792091369664,False,6
Mandalay 2025 M7.7,144.0,149.0,7.425968170166016,7.7,-0.27403182983398455,0.27403182983398455,False,12
Nepal 2015 M7.3,144.0,149.0,7.184260368347168,7.3,-0.11573963165283185,0.11573963165283185,True,5
Samos 2020 M7.0,144.0,149.0,6.644767761230469,7.0,-0.35523223876953125,0.35523223876953125,False,3
Sand 2025 M7.3,144.0,149.0,7.2339186668396,7.3,-0.06608133316040021,0.06608133316040021,True,45
Xizang 2025 M7.1,144.0,149.0,7.091717481613159,7.1,-0.008282518386840465,0.008282518386840465,True,12
Iquique 2014 M7.7,145.0,150.0,7.81262731552124,7.7,0.11262731552124006,0.11262731552124006,True,11
Kodiak 2018 M7.9,145.0,150.0,7.39299464225769,7.9,-0.5070053577423099,0.5070053577423099,False,64
Luding 2022 M6.6,145.0,150.0,6.960890769958496,6.6,0.36089076995849645,0.36089076995849645,False,6
Mandalay 2025 M7.7,145.0,150.0,7.448981761932373,7.7,-0.25101823806762713,0.25101823806762713,False,12
Nepal 2015 M7.3,145.0,150.0,7.185109615325928,7.3,-0.11489038467407209,0.11489038467407209,True,5
Samos 2020 M7.0,145.0,150.0,6.647116661071777,7.0,-0.35288333892822266,0.35288333892822266,False,3
Sand 2025 M7.3,145.0,150.0,7.249257564544678,7.3,-0.05074243545532209,0.05074243545532209,True,45
Xizang 2025 M7.1,145.0,150.0,7.09118914604187,7.1,-0.008810853958129528,0.008810853958129528,True,12
Iquique 2014 M7.7,146.0,151.0,7.811312675476074,7.7,0.11131267547607404,0.11131267547607404,True,11
Kodiak 2018 M7.9,146.0,151.0,7.397841930389404,7.9,-0.5021580696105961,0.5021580696105961,False,64
Luding 2022 M6.6,146.0,151.0,6.958502769470215,6.6,0.3585027694702152,0.3585027694702152,False,6
Mandalay 2025 M7.7,146.0,151.0,7.45809006690979,7.7,-0.24190993309021014,0.24190993309021014,False,12
Nepal 2015 M7.3,146.0,151.0,7.185422420501709,7.3,-0.11457757949829084,0.11457757949829084,True,5
Samos 2020 M7.0,146.0,151.0,6.6501617431640625,7.0,-0.3498382568359375,0.3498382568359375,False,3
Sand 2025 M7.3,146.0,151.0,7.2490234375,7.3,-0.05097656249999982,0.05097656249999982,True,45
Xizang 2025 M7.1,146.0,151.0,7.093676567077637,7.1,-0.006323432922362926,0.006323432922362926,True,12
Iquique 2014 M7.7,147.0,152.0,7.809628963470459,7.7,0.1096289634704588,0.1096289634704588,True,11
Kodiak 2018 M7.9,147.0,152.0,7.397643566131592,7.9,-0.5023564338684086,0.5023564338684086,False,64
Luding 2022 M6.6,147.0,152.0,6.956637859344482,6.6,0.3566378593444828,0.3566378593444828,False,6
Mandalay 2025 M7.7,147.0,152.0,7.460143566131592,7.7,-0.23985643386840838,0.23985643386840838,False,12
Nepal 2015 M7.3,147.0,152.0,7.185694694519043,7.3,-0.11430530548095685,0.11430530548095685,True,5
Samos 2020 M7.0,147.0,152.0,6.654590606689453,7.0,-0.3454093933105469,0.3454093933105469,False,3
Sand 2025 M7.3,147.0,152.0,7.249384880065918,7.3,-0.050615119934081854,0.050615119934081854,True,45
Xizang 2025 M7.1,147.0,152.0,7.100499153137207,7.1,0.0004991531372073865,0.0004991531372073865,True,12
Iquique 2014 M7.7,148.0,153.0,7.806967735290527,7.7,0.10696773529052717,0.10696773529052717,True,11
Kodiak 2018 M7.9,148.0,153.0,7.397899627685547,7.9,-0.5021003723144535,0.5021003723144535,False,64
Luding 2022 M6.6,148.0,153.0,6.956431150436401,6.6,0.3564311504364017,0.3564311504364017,False,6
Mandalay 2025 M7.7,148.0,153.0,7.458918571472168,7.7,-0.2410814285278322,0.2410814285278322,False,12
Nepal 2015 M7.3,148.0,153.0,7.185676574707031,7.3,-0.11432342529296857,0.11432342529296857,True,5
Samos 2020 M7.0,148.0,153.0,6.659004211425781,7.0,-0.34099578857421875,0.34099578857421875,False,3
Sand 2025 M7.3,148.0,153.0,7.2501220703125,7.3,-0.04987792968749982,0.04987792968749982,True,45
Xizang 2025 M7.1,148.0,153.0,7.1089441776275635,7.1,0.008944177627563832,0.008944177627563832,True,12
Iquique 2014 M7.7,149.0,154.0,7.803218841552734,7.7,0.1032188415527342,0.1032188415527342,True,11
Kodiak 2018 M7.9,149.0,154.0,7.404910087585449,7.9,-0.49508991241455114,0.49508991241455114,False,64
Luding 2022 M6.6,149.0,154.0,6.957369804382324,6.6,0.3573698043823246,0.3573698043823246,False,6
Mandalay 2025 M7.7,149.0,154.0,7.456825256347656,7.7,-0.24317474365234393,0.24317474365234393,False,12
Nepal 2015 M7.3,149.0,154.0,7.185371398925781,7.3,-0.11462860107421857,0.11462860107421857,True,5
Samos 2020 M7.0,149.0,154.0,6.663329124450684,7.0,-0.3366708755493164,0.3366708755493164,False,3
Sand 2025 M7.3,149.0,154.0,7.250736236572266,7.3,-0.0492637634277342,0.0492637634277342,True,45
Xizang 2025 M7.1,149.0,154.0,7.118445158004761,7.1,0.018445158004761097,0.018445158004761097,True,12
Iquique 2014 M7.7,150.0,155.0,7.798501491546631,7.7,0.09850149154663068,0.09850149154663068,True,11
Kodiak 2018 M7.9,150.0,155.0,7.412684917449951,7.9,-0.4873150825500492,0.4873150825500492,False,64
Luding 2022 M6.6,150.0,155.0,6.9601874351501465,6.6,0.36018743515014684,0.36018743515014684,False,6
Mandalay 2025 M7.7,150.0,155.0,7.447414398193359,7.7,-0.2525856018066408,0.2525856018066408,False,12
Nepal 2015 M7.3,150.0,155.0,7.185206413269043,7.3,-0.11479358673095685,0.11479358673095685,True,5
Samos 2020 M7.0,150.0,155.0,6.667605400085449,7.0,-0.3323945999145508,0.3323945999145508,False,3
Sand 2025 M7.3,150.0,155.0,7.250821590423584,7.3,-0.04917840957641584,0.04917840957641584,True,45
Xizang 2025 M7.1,150.0,155.0,7.120334148406982,7.1,0.020334148406982777,0.020334148406982777,True,12
Iquique 2014 M7.7,151.0,156.0,7.793262481689453,7.7,0.09326248168945295,0.09326248168945295,True,11
Kodiak 2018 M7.9,151.0,156.0,7.409879684448242,7.9,-0.49012031555175817,0.49012031555175817,False,64
Luding 2022 M6.6,151.0,156.0,6.9623332023620605,6.6,0.3623332023620609,0.3623332023620609,False,6
Mandalay 2025 M7.7,151.0,156.0,7.437263011932373,7.7,-0.26273698806762713,0.26273698806762713,False,12
Nepal 2015 M7.3,151.0,156.0,7.185126304626465,7.3,-0.11487369537353498,0.11487369537353498,True,5
Samos 2020 M7.0,151.0,156.0,6.671309471130371,7.0,-0.3286905288696289,0.3286905288696289,False,3
Sand 2025 M7.3,151.0,156.0,7.250741481781006,7.3,-0.04925851821899396,0.04925851821899396,True,45
Xizang 2025 M7.1,151.0,156.0,7.120272397994995,7.1,0.020272397994995472,0.020272397994995472,True,12
Iquique 2014 M7.7,152.0,157.0,7.787637233734131,7.7,0.08763723373413068,0.08763723373413068,True,11
Kodiak 2018 M7.9,152.0,157.0,7.4115495681762695,7.9,-0.4884504318237308,0.4884504318237308,False,64
Luding 2022 M6.6,152.0,157.0,6.96178126335144,6.6,0.3617812633514408,0.3617812633514408,False,6
Mandalay 2025 M7.7,152.0,157.0,7.42993426322937,7.7,-0.27006573677063006,0.27006573677063006,False,12
Nepal 2015 M7.3,152.0,157.0,7.185057640075684,7.3,-0.11494235992431623,0.11494235992431623,True,5
Samos 2020 M7.0,152.0,157.0,6.6743483543396,7.0,-0.3256516456604004,0.3256516456604004,False,3
Sand 2025 M7.3,152.0,157.0,7.250450134277344,7.3,-0.04954986572265607,0.04954986572265607,True,45
Xizang 2025 M7.1,152.0,157.0,7.118046045303345,7.1,0.018046045303345082,0.018046045303345082,True,12
Iquique 2014 M7.7,153.0,158.0,7.781182765960693,7.7,0.08118276596069318,0.08118276596069318,True,11
Kodiak 2018 M7.9,153.0,158.0,7.427207946777344,7.9,-0.4727920532226566,0.4727920532226566,False,64
Luding 2022 M6.6,153.0,158.0,6.9639716148376465,6.6,0.36397161483764684,0.36397161483764684,False,6
Mandalay 2025 M7.7,153.0,158.0,7.429377555847168,7.7,-0.2706224441528322,0.2706224441528322,False,12
Nepal 2015 M7.3,153.0,158.0,7.185001373291016,7.3,-0.1149986267089842,0.1149986267089842,True,5
Samos 2020 M7.0,153.0,158.0,6.676093101501465,7.0,-0.32390689849853516,0.32390689849853516,False,3
Sand 2025 M7.3,153.0,158.0,7.249803066253662,7.3,-0.05019693374633771,0.05019693374633771,True,45
Xizang 2025 M7.1,153.0,158.0,7.114437818527222,7.1,0.014437818527222035,0.014437818527222035,True,12
Iquique 2014 M7.7,154.0,159.0,7.773834228515625,7.7,0.07383422851562482,0.07383422851562482,True,11
Kodiak 2018 M7.9,154.0,159.0,7.44154953956604,7.9,-0.4584504604339603,0.4584504604339603,False,64
Luding 2022 M6.6,154.0,159.0,6.9685938358306885,6.6,0.36859383583068883,0.36859383583068883,False,6
Mandalay 2025 M7.7,154.0,159.0,7.430063962936401,7.7,-0.2699360370635988,0.2699360370635988,False,12
Nepal 2015 M7.3,154.0,159.0,7.18502950668335,7.3,-0.11497049331665021,0.11497049331665021,True,5
Samos 2020 M7.0,154.0,159.0,6.677425384521484,7.0,-0.3225746154785156,0.3225746154785156,False,3
Sand 2025 M7.3,154.0,159.0,7.248616695404053,7.3,-0.05138330459594709,0.05138330459594709,True,45
Xizang 2025 M7.1,154.0,159.0,7.113962888717651,7.1,0.013962888717651722,0.013962888717651722,True,12
Iquique 2014 M7.7,155.0,160.0,7.766112327575684,7.7,0.06611232757568342,0.06611232757568342,True,11
Kodiak 2018 M7.9,155.0,160.0,7.4544501304626465,7.9,-0.44554986953735387,0.44554986953735387,False,64
Luding 2022 M6.6,155.0,160.0,6.971998453140259,6.6,0.37199845314025914,0.37199845314025914,False,6
Mandalay 2025 M7.7,155.0,160.0,7.430099010467529,7.7,-0.2699009895324709,0.2699009895324709,False,12
Nepal 2015 M7.3,155.0,160.0,7.185355186462402,7.3,-0.11464481353759748,0.11464481353759748,True,5
Samos 2020 M7.0,155.0,160.0,6.677921295166016,7.0,-0.3220787048339844,0.3220787048339844,False,3
Sand 2025 M7.3,155.0,160.0,7.246816158294678,7.3,-0.05318384170532209,0.05318384170532209,True,45
Xizang 2025 M7.1,155.0,160.0,7.117259502410889,7.1,0.017259502410889027,0.017259502410889027,True,12
Iquique 2014 M7.7,156.0,161.0,7.758212089538574,7.7,0.05821208953857404,0.05821208953857404,True,11
Kodiak 2018 M7.9,156.0,161.0,7.469303369522095,7.9,-0.43069663047790563,0.43069663047790563,False,64
Luding 2022 M6.6,156.0,161.0,6.9707841873168945,6.6,0.3707841873168949,0.3707841873168949,False,6
Mandalay 2025 M7.7,156.0,161.0,7.426885604858398,7.7,-0.27311439514160174,0.27311439514160174,False,12
Nepal 2015 M7.3,156.0,161.0,7.185832977294922,7.3,-0.11416702270507795,0.11416702270507795,True,5
Samos 2020 M7.0,156.0,161.0,6.677907466888428,7.0,-0.32209253311157227,0.32209253311157227,False,3
Sand 2025 M7.3,156.0,161.0,7.245245933532715,7.3,-0.05475406646728498,0.05475406646728498,True,45
Xizang 2025 M7.1,156.0,161.0,7.118781566619873,7.1,0.018781566619873402,0.018781566619873402,True,12
Iquique 2014 M7.7,157.0,162.0,7.746171474456787,7.7,0.04617147445678693,0.04617147445678693,True,11
Kodiak 2018 M7.9,157.0,162.0,7.472733974456787,7.9,-0.42726602554321325,0.42726602554321325,False,64
Luding 2022 M6.6,157.0,162.0,6.9656970500946045,6.6,0.36569705009460485,0.36569705009460485,False,6
Mandalay 2025 M7.7,157.0,162.0,7.4203410148620605,7.7,-0.27965898513793963,0.27965898513793963,False,12
Nepal 2015 M7.3,157.0,162.0,7.18637752532959,7.3,-0.11362247467040998,0.11362247467040998,True,5
Samos 2020 M7.0,157.0,162.0,6.677979946136475,7.0,-0.3220200538635254,0.3220200538635254,False,3
Sand 2025 M7.3,157.0,162.0,7.244232177734375,7.3,-0.05576782226562482,0.05576782226562482,True,45
Xizang 2025 M7.1,157.0,162.0,7.1178882122039795,7.1,0.017888212203979847,0.017888212203979847,True,12
Iquique 2014 M7.7,158.0,163.0,7.735957145690918,7.7,0.03595714569091779,0.03595714569091779,True,11
Kodiak 2018 M7.9,158.0,163.0,7.488189220428467,7.9,-0.41181077957153356,0.41181077957153356,False,64
Luding 2022 M6.6,158.0,163.0,6.960787057876587,6.6,0.36078705787658727,0.36078705787658727,False,6
Mandalay 2025 M7.7,158.0,163.0,7.421472787857056,7.7,-0.2785272121429445,0.2785272121429445,False,12
Nepal 2015 M7.3,158.0,163.0,7.1866559982299805,7.3,-0.11334400177001935,0.11334400177001935,True,5
Samos 2020 M7.0,158.0,163.0,6.678337097167969,7.0,-0.32166290283203125,0.32166290283203125,False,3
Sand 2025 M7.3,158.0,163.0,7.245471000671387,7.3,-0.054528999328613104,0.054528999328613104,True,45
Xizang 2025 M7.1,158.0,163.0,7.117190837860107,7.1,0.017190837860107777,0.017190837860107777,True,12
Iquique 2014 M7.7,159.0,164.0,7.72598934173584,7.7,0.025989341735839666,0.025989341735839666,True,11
Kodiak 2018 M7.9,159.0,164.0,7.500596523284912,7.9,-0.39940347671508825,0.39940347671508825,False,64
Luding 2022 M6.6,159.0,164.0,6.9588942527771,6.6,0.35889425277709996,0.35889425277709996,False,6
Mandalay 2025 M7.7,159.0,164.0,7.414669990539551,7.7,-0.2853300094604494,0.2853300094604494,False,12
Nepal 2015 M7.3,159.0,164.0,7.186221122741699,7.3,-0.1137788772583006,0.1137788772583006,True,5
Samos 2020 M7.0,159.0,164.0,6.679653167724609,7.0,-0.3203468322753906,0.3203468322753906,False,3
Sand 2025 M7.3,159.0,164.0,7.245001792907715,7.3,-0.05499820709228498,0.05499820709228498,True,45
Xizang 2025 M7.1,159.0,164.0,7.122934579849243,7.1,0.02293457984924352,0.02293457984924352,True,12
Iquique 2014 M7.7,160.0,165.0,7.714650630950928,7.7,0.014650630950927557,0.014650630950927557,True,11
Kodiak 2018 M7.9,160.0,165.0,7.508901119232178,7.9,-0.3910988807678226,0.3910988807678226,False,64
Luding 2022 M6.6,160.0,165.0,6.958860635757446,6.6,0.35886063575744664,0.35886063575744664,False,6
Mandalay 2025 M7.7,160.0,165.0,7.399425029754639,7.7,-0.3005749702453615,0.3005749702453615,False,12
Nepal 2015 M7.3,160.0,165.0,7.185011863708496,7.3,-0.11498813629150373,0.11498813629150373,True,5
Samos 2020 M7.0,160.0,165.0,6.683211326599121,7.0,-0.3167886734008789,0.3167886734008789,False,3
Sand 2025 M7.3,160.0,165.0,7.243288993835449,7.3,-0.056711006164550604,0.056711006164550604,True,45
Xizang 2025 M7.1,160.0,165.0,7.137834548950195,7.1,0.03783454895019567,0.03783454895019567,True,12
Iquique 2014 M7.7,161.0,166.0,7.700163841247559,7.7,0.00016384124755841611,0.00016384124755841611,True,11
Kodiak 2018 M7.9,161.0,166.0,7.513604640960693,7.9,-0.386395359039307,0.386395359039307,False,64
Luding 2022 M6.6,161.0,166.0,6.958810329437256,6.6,0.3588103294372562,0.3588103294372562,False,6
Mandalay 2025 M7.7,161.0,166.0,7.380507230758667,7.7,-0.3194927692413332,0.3194927692413332,False,12
Nepal 2015 M7.3,161.0,166.0,7.183071136474609,7.3,-0.11692886352539045,0.11692886352539045,True,5
Samos 2020 M7.0,161.0,166.0,6.692111015319824,7.0,-0.3078889846801758,0.3078889846801758,False,3
Sand 2025 M7.3,161.0,166.0,7.228697776794434,7.3,-0.07130222320556623,0.07130222320556623,True,45
Xizang 2025 M7.1,161.0,166.0,7.143529415130615,7.1,0.04352941513061559,0.04352941513061559,True,12
Iquique 2014 M7.7,162.0,167.0,7.6811323165893555,7.7,-0.01886768341064471,0.01886768341064471,True,11
Kodiak 2018 M7.9,162.0,167.0,7.511735439300537,7.9,-0.38826456069946325,0.38826456069946325,False,64
Luding 2022 M6.6,162.0,167.0,6.950507640838623,6.6,0.3505076408386234,0.3505076408386234,False,6
Mandalay 2025 M7.7,162.0,167.0,7.372907876968384,7.7,-0.3270921230316164,0.3270921230316164,False,12
Nepal 2015 M7.3,162.0,167.0,7.180814266204834,7.3,-0.11918573379516584,0.11918573379516584,True,5
Samos 2020 M7.0,162.0,167.0,6.704652309417725,7.0,-0.2953476905822754,0.2953476905822754,False,3
Sand 2025 M7.3,162.0,167.0,7.220765590667725,7.3,-0.07923440933227521,0.07923440933227521,True,45
Xizang 2025 M7.1,162.0,167.0,7.149317026138306,7.1,0.04931702613830602,0.04931702613830602,True,12
Iquique 2014 M7.7,163.0,168.0,7.657767295837402,7.7,-0.042232704162597834,0.042232704162597834,True,11
Kodiak 2018 M7.9,163.0,168.0,7.51399040222168,7.9,-0.38600959777832067,0.38600959777832067,False,64
Luding 2022 M6.6,163.0,168.0,6.936073303222656,6.6,0.3360733032226566,0.3360733032226566,False,6
Mandalay 2025 M7.7,163.0,168.0,7.404999732971191,7.7,-0.29500026702880877,0.29500026702880877,False,12
Nepal 2015 M7.3,163.0,168.0,7.179322719573975,7.3,-0.12067728042602521,0.12067728042602521,True,5
Samos 2020 M7.0,163.0,168.0,6.718409538269043,7.0,-0.28159046173095703,0.28159046173095703,False,3
Sand 2025 M7.3,163.0,168.0,7.203399658203125,7.3,-0.09660034179687482,0.09660034179687482,True,45
Xizang 2025 M7.1,163.0,168.0,7.157487392425537,7.1,0.057487392425537465,0.057487392425537465,True,12
Iquique 2014 M7.7,164.0,169.0,7.630029201507568,7.7,-0.06997079849243182,0.06997079849243182,True,11
Kodiak 2018 M7.9,164.0,169.0,7.526440620422363,7.9,-0.3735593795776371,0.3735593795776371,False,64
Luding 2022 M6.6,164.0,169.0,6.923032999038696,6.6,0.32303299903869664,0.32303299903869664,False,6
Mandalay 2025 M7.7,164.0,169.0,7.416022777557373,7.7,-0.28397722244262713,0.28397722244262713,False,12
Nepal 2015 M7.3,164.0,169.0,7.180088043212891,7.3,-0.1199119567871092,0.1199119567871092,True,5
Samos 2020 M7.0,164.0,169.0,6.731454372406006,7.0,-0.26854562759399414,0.26854562759399414,False,3
Sand 2025 M7.3,164.0,169.0,7.191539764404297,7.3,-0.10846023559570295,0.10846023559570295,True,45
Xizang 2025 M7.1,164.0,169.0,7.165095090866089,7.1,0.06509509086608922,0.06509509086608922,True,12
Iquique 2014 M7.7,165.0,170.0,7.5991950035095215,7.7,-0.1008049964904787,0.1008049964904787,True,11
Kodiak 2018 M7.9,165.0,170.0,7.56154203414917,7.9,-0.33845796585083043,0.33845796585083043,False,64
Luding 2022 M6.6,165.0,170.0,6.910377025604248,6.6,0.3103770256042484,0.3103770256042484,False,6
Mandalay 2025 M7.7,165.0,170.0,7.423111200332642,7.7,-0.2768887996673586,0.2768887996673586,False,12
Nepal 2015 M7.3,165.0,170.0,7.181990623474121,7.3,-0.11800937652587873,0.11800937652587873,True,5
Samos 2020 M7.0,165.0,170.0,6.748451232910156,7.0,-0.25154876708984375,0.25154876708984375,False,3
Sand 2025 M7.3,165.0,170.0,7.189944267272949,7.3,-0.1100557327270506,0.1100557327270506,True,45
Xizang 2025 M7.1,165.0,170.0,7.1682288646698,7.1,0.06822886466980016,0.06822886466980016,True,12
Iquique 2014 M7.7,166.0,171.0,7.573719024658203,7.7,-0.12628097534179705,0.12628097534179705,True,11
Kodiak 2018 M7.9,166.0,171.0,7.596362113952637,7.9,-0.30363788604736364,0.30363788604736364,False,64
Luding 2022 M6.6,166.0,171.0,6.900682687759399,6.6,0.30068268775939977,0.30068268775939977,False,6
Mandalay 2025 M7.7,166.0,171.0,7.423390865325928,7.7,-0.27660913467407244,0.27660913467407244,False,12
Nepal 2015 M7.3,166.0,171.0,7.182373046875,7.3,-0.11762695312499982,0.11762695312499982,True,5
Samos 2020 M7.0,166.0,171.0,6.769950866699219,7.0,-0.23004913330078125,0.23004913330078125,False,3
Sand 2025 M7.3,166.0,171.0,7.180113792419434,7.3,-0.11988620758056623,0.11988620758056623,True,45
Xizang 2025 M7.1,166.0,171.0,7.201811790466309,7.1,0.10181179046630895,0.10181179046630895,True,12
Iquique 2014 M7.7,167.0,172.0,7.57052755355835,7.7,-0.12947244644165057,0.12947244644165057,True,11
Kodiak 2018 M7.9,167.0,172.0,7.59112811088562,7.9,-0.30887188911438024,0.30887188911438024,False,64
Luding 2022 M6.6,167.0,172.0,6.89388370513916,6.6,0.2938837051391605,0.2938837051391605,False,6
Mandalay 2025 M7.7,167.0,172.0,7.415011167526245,7.7,-0.28498883247375506,0.28498883247375506,False,12
Nepal 2015 M7.3,167.0,172.0,7.181390285491943,7.3,-0.11860971450805646,0.11860971450805646,True,5
Samos 2020 M7.0,167.0,172.0,6.798724174499512,7.0,-0.20127582550048828,0.20127582550048828,False,3
Sand 2025 M7.3,167.0,172.0,7.1968207359313965,7.3,-0.10317926406860334,0.10317926406860334,True,45
Xizang 2025 M7.1,167.0,172.0,7.223612546920776,7.1,0.12361254692077672,0.12361254692077672,True,12
Iquique 2014 M7.7,168.0,173.0,7.567708492279053,7.7,-0.13229150772094744,0.13229150772094744,True,11
Kodiak 2018 M7.9,168.0,173.0,7.6171934604644775,7.9,-0.2828065395355228,0.2828065395355228,False,64
Luding 2022 M6.6,168.0,173.0,6.887706279754639,6.6,0.287706279754639,0.287706279754639,False,6
Mandalay 2025 M7.7,168.0,173.0,7.398077964782715,7.7,-0.30192203521728533,0.30192203521728533,False,12
Nepal 2015 M7.3,168.0,173.0,7.179585933685303,7.3,-0.12041406631469709,0.12041406631469709,True,5
Samos 2020 M7.0,168.0,173.0,6.82940673828125,7.0,-0.17059326171875,0.17059326171875,False,3
Sand 2025 M7.3,168.0,173.0,7.187215328216553,7.3,-0.11278467178344709,0.11278467178344709,True,45
Xizang 2025 M7.1,168.0,173.0,7.248118877410889,7.1,0.14811887741088903,0.14811887741088903,True,12
Iquique 2014 M7.7,169.0,174.0,7.565525054931641,7.7,-0.13447494506835955,0.13447494506835955,True,11
Kodiak 2018 M7.9,169.0,174.0,7.626856565475464,7.9,-0.2731434345245365,0.2731434345245365,False,64
Luding 2022 M6.6,169.0,174.0,6.882343530654907,6.6,0.2823435306549076,0.2823435306549076,False,6
Mandalay 2025 M7.7,169.0,174.0,7.395610332489014,7.7,-0.3043896675109865,0.3043896675109865,False,12
Nepal 2015 M7.3,169.0,174.0,7.177515983581543,7.3,-0.12248401641845685,0.12248401641845685,True,5
Samos 2020 M7.0,169.0,174.0,6.857137203216553,7.0,-0.14286279678344727,0.14286279678344727,True,3
Sand 2025 M7.3,169.0,174.0,7.217225551605225,7.3,-0.08277444839477521,0.08277444839477521,True,45
Xizang 2025 M7.1,169.0,174.0,7.257747650146484,7.1,0.15774765014648473,0.15774765014648473,False,12
Iquique 2014 M7.7,170.0,175.0,7.561092376708984,7.7,-0.1389076232910158,0.1389076232910158,True,11
Kodiak 2018 M7.9,170.0,175.0,7.645778179168701,7.9,-0.2542218208312992,0.2542218208312992,False,64
Luding 2022 M6.6,170.0,175.0,6.879073619842529,6.6,0.27907361984252965,0.27907361984252965,False,6
Mandalay 2025 M7.7,170.0,175.0,7.398158550262451,7.7,-0.301841449737549,0.301841449737549,False,12
Nepal 2015 M7.3,170.0,175.0,7.17716121673584,7.3,-0.12283878326415998,0.12283878326415998,True,5
Samos 2020 M7.0,170.0,175.0,6.873812675476074,7.0,-0.12618732452392578,0.12618732452392578,True,3
Sand 2025 M7.3,170.0,175.0,7.19855260848999,7.3,-0.10144739151000959,0.10144739151000959,True,45
Xizang 2025 M7.1,170.0,175.0,7.262636423110962,7.1,0.16263642311096227,0.16263642311096227,False,12
Iquique 2014 M7.7,171.0,176.0,7.554305076599121,7.7,-0.14569492340087908,0.14569492340087908,True,11
Kodiak 2018 M7.9,171.0,176.0,7.664670467376709,7.9,-0.23532953262329137,0.23532953262329137,False,64
Luding 2022 M6.6,171.0,176.0,6.877110958099365,6.6,0.2771109580993656,0.2771109580993656,False,6
Mandalay 2025 M7.7,171.0,176.0,7.4080283641815186,7.7,-0.2919716358184816,0.2919716358184816,False,12
Nepal 2015 M7.3,171.0,176.0,7.1774396896362305,7.3,-0.12256031036376935,0.12256031036376935,True,5
Samos 2020 M7.0,171.0,176.0,6.88376522064209,7.0,-0.11623477935791016,0.11623477935791016,True,3
Sand 2025 M7.3,171.0,176.0,7.209348201751709,7.3,-0.09065179824829084,0.09065179824829084,True,45
Xizang 2025 M7.1,171.0,176.0,7.272453308105469,7.1,0.1724533081054691,0.1724533081054691,False,12
Iquique 2014 M7.7,172.0,177.0,7.550838470458984,7.7,-0.1491615295410158,0.1491615295410158,True,11
Kodiak 2018 M7.9,172.0,177.0,7.721480369567871,7.9,-0.17851963043212926,0.17851963043212926,False,64
Luding 2022 M6.6,172.0,177.0,6.876150369644165,6.6,0.2761503696441654,0.2761503696441654,False,6
Mandalay 2025 M7.7,172.0,177.0,7.4192118644714355,7.7,-0.28078813552856463,0.28078813552856463,False,12
Nepal 2015 M7.3,172.0,177.0,7.176302909851074,7.3,-0.1236970901489256,0.1236970901489256,True,5
Samos 2020 M7.0,172.0,177.0,6.888548851013184,7.0,-0.1114511489868164,0.1114511489868164,True,3
Sand 2025 M7.3,172.0,177.0,7.225302696228027,7.3,-0.07469730377197248,0.07469730377197248,True,45
Xizang 2025 M7.1,172.0,177.0,7.284281492233276,7.1,0.18428149223327672,0.18428149223327672,False,12
Iquique 2014 M7.7,173.0,178.0,7.549355983734131,7.7,-0.15064401626586932,0.15064401626586932,False,11
Kodiak 2018 M7.9,173.0,178.0,7.734872341156006,7.9,-0.1651276588439945,0.1651276588439945,False,64
Luding 2022 M6.6,173.0,178.0,6.875837564468384,6.6,0.27583756446838414,0.27583756446838414,False,6
Mandalay 2025 M7.7,173.0,178.0,7.4298529624938965,7.7,-0.2701470375061037,0.2701470375061037,False,12
Nepal 2015 M7.3,173.0,178.0,7.1745100021362305,7.3,-0.12548999786376935,0.12548999786376935,True,5
Samos 2020 M7.0,173.0,178.0,6.893016815185547,7.0,-0.10698318481445312,0.10698318481445312,True,3
Sand 2025 M7.3,173.0,178.0,7.236536979675293,7.3,-0.06346302032470685,0.06346302032470685,True,45
Xizang 2025 M7.1,173.0,178.0,7.295755386352539,7.1,0.19575538635253942,0.19575538635253942,False,12
Iquique 2014 M7.7,174.0,179.0,7.548069000244141,7.7,-0.15193099975585955,0.15193099975585955,False,11
Kodiak 2018 M7.9,174.0,179.0,7.737308740615845,7.9,-0.16269125938415563,0.16269125938415563,False,64
Luding 2022 M6.6,174.0,179.0,6.918708324432373,6.6,0.3187083244323734,0.3187083244323734,False,6
Mandalay 2025 M7.7,174.0,179.0,7.4397687911987305,7.7,-0.2602312088012697,0.2602312088012697,False,12
Nepal 2015 M7.3,174.0,179.0,7.173187255859375,7.3,-0.12681274414062482,0.12681274414062482,True,5
Samos 2020 M7.0,174.0,179.0,6.901263236999512,7.0,-0.09873676300048828,0.09873676300048828,True,3
Sand 2025 M7.3,174.0,179.0,7.247122764587402,7.3,-0.05287723541259748,0.05287723541259748,True,45
Xizang 2025 M7.1,174.0,179.0,7.3051042556762695,7.1,0.2051042556762699,0.2051042556762699,False,12
Iquique 2014 M7.7,175.0,180.0,7.5463385581970215,7.7,-0.1536614418029787,0.1536614418029787,False,11
Kodiak 2018 M7.9,175.0,180.0,7.719053268432617,7.9,-0.18094673156738317,0.18094673156738317,False,64
Luding 2022 M6.6,175.0,180.0,6.954769849777222,6.6,0.35476984977722203,0.35476984977722203,False,6
Mandalay 2025 M7.7,175.0,180.0,7.451220273971558,7.7,-0.24877972602844256,0.24877972602844256,False,12
Nepal 2015 M7.3,175.0,180.0,7.172748565673828,7.3,-0.1272514343261717,0.1272514343261717,True,5
Samos 2020 M7.0,175.0,180.0,6.909636497497559,7.0,-0.0903635025024414,0.0903635025024414,True,3
Sand 2025 M7.3,175.0,180.0,7.262845516204834,7.3,-0.03715448379516584,0.03715448379516584,True,45
Xizang 2025 M7.1,175.0,180.0,7.311058759689331,7.1,0.2110587596893314,0.2110587596893314,False,12
Iquique 2014 M7.7,176.0,181.0,7.543872833251953,7.7,-0.15612716674804705,0.15612716674804705,False,11
Kodiak 2018 M7.9,176.0,181.0,7.72443413734436,7.9,-0.17556586265564,0.17556586265564,False,64
Luding 2022 M6.6,176.0,181.0,6.967579126358032,6.6,0.3675791263580326,0.3675791263580326,False,6
Mandalay 2025 M7.7,176.0,181.0,7.4655921459198,7.7,-0.23440785408020037,0.23440785408020037,False,12
Nepal 2015 M7.3,176.0,181.0,7.172924041748047,7.3,-0.12707595825195295,0.12707595825195295,True,5
Samos 2020 M7.0,176.0,181.0,6.914872646331787,7.0,-0.08512735366821289,0.08512735366821289,True,3
Sand 2025 M7.3,176.0,181.0,7.27279806137085,7.3,-0.027201938629150213,0.027201938629150213,True,45
Xizang 2025 M7.1,176.0,181.0,7.314968824386597,7.1,0.21496882438659703,0.21496882438659703,False,12
Iquique 2014 M7.7,177.0,182.0,7.54093074798584,7.7,-0.15906925201416033,0.15906925201416033,False,11
Kodiak 2018 M7.9,177.0,182.0,7.739631652832031,7.9,-0.1603683471679691,0.1603683471679691,False,64
Luding 2022 M6.6,177.0,182.0,6.9717607498168945,6.6,0.3717607498168949,0.3717607498168949,False,6
Mandalay 2025 M7.7,177.0,182.0,7.481343030929565,7.7,-0.21865696907043475,0.21865696907043475,False,12
Nepal 2015 M7.3,177.0,182.0,7.173486232757568,7.3,-0.12651376724243146,0.12651376724243146,True,5
Samos 2020 M7.0,177.0,182.0,6.913882255554199,7.0,-0.08611774444580078,0.08611774444580078,True,3
Sand 2025 M7.3,177.0,182.0,7.275689601898193,7.3,-0.024310398101806463,0.024310398101806463,True,45
Xizang 2025 M7.1,177.0,182.0,7.315294504165649,7.1,0.21529450416564977,0.21529450416564977,False,12
Iquique 2014 M7.7,178.0,183.0,7.537428855895996,7.7,-0.16257114410400408,0.16257114410400408,False,11
Kodiak 2018 M7.9,178.0,183.0,7.732711315155029,7.9,-0.16728868484497106,0.16728868484497106,False,64
Luding 2022 M6.6,178.0,183.0,6.970879554748535,6.6,0.3708795547485355,0.3708795547485355,False,6
Mandalay 2025 M7.7,178.0,183.0,7.497121334075928,7.7,-0.20287866592407244,0.20287866592407244,False,12
Nepal 2015 M7.3,178.0,183.0,7.174201965332031,7.3,-0.12579803466796857,0.12579803466796857,True,5
Samos 2020 M7.0,178.0,183.0,6.908485412597656,7.0,-0.09151458740234375,0.09151458740234375,True,3
Sand 2025 M7.3,178.0,183.0,7.273615837097168,7.3,-0.026384162902831854,0.026384162902831854,True,45
Xizang 2025 M7.1,178.0,183.0,7.312636852264404,7.1,0.21263685226440465,0.21263685226440465,False,12
Iquique 2014 M7.7,179.0,184.0,7.534076690673828,7.7,-0.16592330932617205,0.16592330932617205,False,11
Kodiak 2018 M7.9,179.0,184.0,7.752886056900024,7.9,-0.14711394309997594,0.14711394309997594,True,64
Luding 2022 M6.6,179.0,184.0,6.973428964614868,6.6,0.3734289646148685,0.3734289646148685,False,6
Mandalay 2025 M7.7,179.0,184.0,7.5107386112213135,7.7,-0.1892613887786867,0.1892613887786867,False,12
Nepal 2015 M7.3,179.0,184.0,7.175492763519287,7.3,-0.12450723648071271,0.12450723648071271,True,5
Samos 2020 M7.0,179.0,184.0,6.896381378173828,7.0,-0.10361862182617188,0.10361862182617188,True,3
Sand 2025 M7.3,179.0,184.0,7.276186943054199,7.3,-0.023813056945800604,0.023813056945800604,True,45
Xizang 2025 M7.1,179.0,184.0,7.302944898605347,7.1,0.20294489860534703,0.20294489860534703,False,12
Iquique 2014 M7.7,180.0,185.0,7.53147029876709,7.7,-0.16852970123291033,0.16852970123291033,False,11
Kodiak 2018 M7.9,180.0,185.0,7.75197172164917,7.9,-0.14802827835083043,0.14802827835083043,True,64
Luding 2022 M6.6,180.0,185.0,7.0175769329071045,6.6,0.41757693290710485,0.41757693290710485,False,6
Mandalay 2025 M7.7,180.0,185.0,7.5272345542907715,7.7,-0.1727654457092287,0.1727654457092287,False,12
Nepal 2015 M7.3,180.0,185.0,7.176746368408203,7.3,-0.1232536315917967,0.1232536315917967,True,5
Samos 2020 M7.0,180.0,185.0,6.897292137145996,7.0,-0.1027078628540039,0.1027078628540039,True,3
Sand 2025 M7.3,180.0,185.0,7.267856597900391,7.3,-0.0321434020996092,0.0321434020996092,True,45
Xizang 2025 M7.1,180.0,185.0,7.293898344039917,7.1,0.19389834403991735,0.19389834403991735,False,12
Iquique 2014 M7.7,181.0,186.0,7.530254364013672,7.7,-0.1697456359863283,0.1697456359863283,False,11
Kodiak 2018 M7.9,181.0,186.0,7.756991863250732,7.9,-0.14300813674926793,0.14300813674926793,True,64
Luding 2022 M6.6,181.0,186.0,7.065056085586548,6.6,0.4650560855865482,0.4650560855865482,False,6
Mandalay 2025 M7.7,181.0,186.0,7.54645562171936,7.7,-0.15354437828063983,0.15354437828063983,False,12
Nepal 2015 M7.3,181.0,186.0,7.177615165710449,7.3,-0.1223848342895506,0.1223848342895506,True,5
Samos 2020 M7.0,181.0,186.0,6.905974388122559,7.0,-0.0940256118774414,0.0940256118774414,True,3
Sand 2025 M7.3,181.0,186.0,7.257535457611084,7.3,-0.04246454238891584,0.04246454238891584,True,45
Xizang 2025 M7.1,181.0,186.0,7.291569471359253,7.1,0.19156947135925328,0.19156947135925328,False,12
Iquique 2014 M7.7,182.0,187.0,7.531394958496094,7.7,-0.16860504150390643,0.16860504150390643,False,11
Kodiak 2018 M7.9,182.0,187.0,7.781398296356201,7.9,-0.11860170364379918,0.11860170364379918,True,64
Luding 2022 M6.6,182.0,187.0,7.111565351486206,6.6,0.5115653514862064,0.5115653514862064,False,6
Mandalay 2025 M7.7,182.0,187.0,7.548585414886475,7.7,-0.15141458511352557,0.15141458511352557,False,12
Nepal 2015 M7.3,182.0,187.0,7.177545070648193,7.3,-0.12245492935180646,0.12245492935180646,True,5
Samos 2020 M7.0,182.0,187.0,6.913825035095215,7.0,-0.08617496490478516,0.08617496490478516,True,3
Sand 2025 M7.3,182.0,187.0,7.247398376464844,7.3,-0.05260162353515607,0.05260162353515607,True,45
Xizang 2025 M7.1,182.0,187.0,7.288334131240845,7.1,0.18833413124084508,0.18833413124084508,False,12
Iquique 2014 M7.7,183.0,188.0,7.536228179931641,7.7,-0.16377182006835955,0.16377182006835955,False,11
Kodiak 2018 M7.9,183.0,188.0,7.8122358322143555,7.9,-0.08776416778564489,0.08776416778564489,True,64
Luding 2022 M6.6,183.0,188.0,7.122274398803711,6.6,0.5222743988037113,0.5222743988037113,False,6
Mandalay 2025 M7.7,183.0,188.0,7.5461180210113525,7.7,-0.15388197898864764,0.15388197898864764,False,12
Nepal 2015 M7.3,183.0,188.0,7.177308559417725,7.3,-0.12269144058227521,0.12269144058227521,True,5
Samos 2020 M7.0,183.0,188.0,6.920430660247803,7.0,-0.07956933975219727,0.07956933975219727,True,3
Sand 2025 M7.3,183.0,188.0,7.242694854736328,7.3,-0.0573051452636717,0.0573051452636717,True,45
Xizang 2025 M7.1,183.0,188.0,7.284269571304321,7.1,0.18426957130432164,0.18426957130432164,False,12
Iquique 2014 M7.7,184.0,189.0,7.544456481933594,7.7,-0.15554351806640643,0.15554351806640643,False,11
Kodiak 2018 M7.9,184.0,189.0,7.824035167694092,7.9,-0.07596483230590856,0.07596483230590856,True,64
Luding 2022 M6.6,184.0,189.0,7.115694999694824,6.6,0.5156949996948246,0.5156949996948246,False,6
Mandalay 2025 M7.7,184.0,189.0,7.5414557456970215,7.7,-0.1585442543029787,0.1585442543029787,False,12
Nepal 2015 M7.3,184.0,189.0,7.17782735824585,7.3,-0.12217264175415021,0.12217264175415021,True,5
Samos 2020 M7.0,184.0,189.0,6.926887512207031,7.0,-0.07311248779296875,0.07311248779296875,True,3
Sand 2025 M7.3,184.0,189.0,7.242196559906006,7.3,-0.05780344009399396,0.05780344009399396,True,45
Xizang 2025 M7.1,184.0,189.0,7.28015923500061,7.1,0.1801592350006107,0.1801592350006107,False,12
Iquique 2014 M7.7,185.0,190.0,7.5554609298706055,7.7,-0.1445390701293947,0.1445390701293947,True,11
Kodiak 2018 M7.9,185.0,190.0,7.814459800720215,7.9,-0.08554019927978551,0.08554019927978551,True,64
Luding 2022 M6.6,185.0,190.0,7.1095640659332275,6.6,0.5095640659332279,0.5095640659332279,False,6
Mandalay 2025 M7.7,185.0,190.0,7.539981365203857,7.7,-0.16001863479614276,0.16001863479614276,False,12
Nepal 2015 M7.3,185.0,190.0,7.179271697998047,7.3,-0.12072830200195295,0.12072830200195295,True,5
Samos 2020 M7.0,185.0,190.0,6.933343410491943,7.0,-0.06665658950805664,0.06665658950805664,True,3
Sand 2025 M7.3,185.0,190.0,7.24289608001709,7.3,-0.05710391998290998,0.05710391998290998,True,45
Xizang 2025 M7.1,185.0,190.0,7.2760539054870605,7.1,0.1760539054870609,0.1760539054870609,False,12
Iquique 2014 M7.7,186.0,191.0,7.568248748779297,7.7,-0.1317512512207033,0.1317512512207033,True,11
Kodiak 2018 M7.9,186.0,191.0,7.842469692230225,7.9,-0.057530307769775746,0.057530307769775746,True,64
Luding 2022 M6.6,186.0,191.0,7.10789680480957,6.6,0.5078968048095707,0.5078968048095707,False,6
Mandalay 2025 M7.7,186.0,191.0,7.544110059738159,7.7,-0.155889940261841,0.155889940261841,False,12
Nepal 2015 M7.3,186.0,191.0,7.181883811950684,7.3,-0.11811618804931623,0.11811618804931623,True,5
Samos 2020 M7.0,186.0,191.0,6.939117431640625,7.0,-0.060882568359375,0.060882568359375,True,3
Sand 2025 M7.3,186.0,191.0,7.242936611175537,7.3,-0.05706338882446271,0.05706338882446271,True,45
Xizang 2025 M7.1,186.0,191.0,7.27168607711792,7.1,0.17168607711792028,0.17168607711792028,False,12
Iquique 2014 M7.7,187.0,192.0,7.5802321434021,7.7,-0.11976785659790057,0.11976785659790057,True,11
Kodiak 2018 M7.9,187.0,192.0,7.843233823776245,7.9,-0.05676617622375524,0.05676617622375524,True,64
Luding 2022 M6.6,187.0,192.0,7.105712413787842,6.6,0.5057124137878422,0.5057124137878422,False,6
Mandalay 2025 M7.7,187.0,192.0,7.555821895599365,7.7,-0.14417810440063494,0.14417810440063494,True,12
Nepal 2015 M7.3,187.0,192.0,7.185596466064453,7.3,-0.1144035339355467,0.1144035339355467,True,5
Samos 2020 M7.0,187.0,192.0,6.942164421081543,7.0,-0.05783557891845703,0.05783557891845703,True,3
Sand 2025 M7.3,187.0,192.0,7.237673759460449,7.3,-0.062326240539550604,0.062326240539550604,True,45
Xizang 2025 M7.1,187.0,192.0,7.267819166183472,7.1,0.16781916618347203,0.16781916618347203,False,12
Iquique 2014 M7.7,188.0,193.0,7.5869293212890625,7.7,-0.11307067871093768,0.11307067871093768,True,11
Kodiak 2018 M7.9,188.0,193.0,7.849743127822876,7.9,-0.05025687217712438,0.05025687217712438,True,64
Luding 2022 M6.6,188.0,193.0,7.1017115116119385,6.6,0.5017115116119388,0.5017115116119388,False,6
Mandalay 2025 M7.7,188.0,193.0,7.585797309875488,7.7,-0.1142026901245119,0.1142026901245119,True,12
Nepal 2015 M7.3,188.0,193.0,7.190123558044434,7.3,-0.10987644195556623,0.10987644195556623,True,5
Samos 2020 M7.0,188.0,193.0,6.943470001220703,7.0,-0.056529998779296875,0.056529998779296875,True,3
Sand 2025 M7.3,188.0,193.0,7.237428188323975,7.3,-0.06257181167602521,0.06257181167602521,True,45
Xizang 2025 M7.1,188.0,193.0,7.26334023475647,7.1,0.16334023475647008,0.16334023475647008,False,12
Iquique 2014 M7.7,189.0,194.0,7.595519065856934,7.7,-0.10448093414306658,0.10448093414306658,True,11
Kodiak 2018 M7.9,189.0,194.0,7.864102840423584,7.9,-0.03589715957641637,0.03589715957641637,True,64
Luding 2022 M6.6,189.0,194.0,7.097025632858276,6.6,0.4970256328582767,0.4970256328582767,False,6
Mandalay 2025 M7.7,189.0,194.0,7.621806621551514,7.7,-0.0781933784484865,0.0781933784484865,True,12
Nepal 2015 M7.3,189.0,194.0,7.195578575134277,7.3,-0.10442142486572248,0.10442142486572248,True,5
Samos 2020 M7.0,189.0,194.0,6.9445624351501465,7.0,-0.055437564849853516,0.055437564849853516,True,3
Sand 2025 M7.3,189.0,194.0,7.259638786315918,7.3,-0.040361213684081854,0.040361213684081854,True,45
Xizang 2025 M7.1,189.0,194.0,7.259173154830933,7.1,0.15917315483093297,0.15917315483093297,False,12
Iquique 2014 M7.7,190.0,195.0,7.6051435470581055,7.7,-0.09485645294189471,0.09485645294189471,True,11
Kodiak 2018 M7.9,190.0,195.0,7.861032009124756,7.9,-0.038967990875244496,0.038967990875244496,True,64
Luding 2022 M6.6,190.0,195.0,7.091530084609985,6.6,0.4915300846099857,0.4915300846099857,False,6
Mandalay 2025 M7.7,190.0,195.0,7.657857894897461,7.7,-0.04214210510253924,0.04214210510253924,True,12
Nepal 2015 M7.3,190.0,195.0,7.2017340660095215,7.3,-0.09826593399047834,0.09826593399047834,True,5
Samos 2020 M7.0,190.0,195.0,6.945525169372559,7.0,-0.054474830627441406,0.054474830627441406,True,3
Sand 2025 M7.3,190.0,195.0,7.271235466003418,7.3,-0.028764533996581854,0.028764533996581854,True,45
Xizang 2025 M7.1,190.0,195.0,7.2610023021698,7.1,0.16100230216980016,0.16100230216980016,False,12
Iquique 2014 M7.7,191.0,196.0,7.612306118011475,7.7,-0.08769388198852557,0.08769388198852557,True,11
Kodiak 2018 M7.9,191.0,196.0,7.8668437004089355,7.9,-0.03315629959106481,0.03315629959106481,True,64
Luding 2022 M6.6,191.0,196.0,7.084887981414795,6.6,0.4848879814147953,0.4848879814147953,False,6
Mandalay 2025 M7.7,191.0,196.0,7.683229446411133,7.7,-0.016770553588867365,0.016770553588867365,True,12
Nepal 2015 M7.3,191.0,196.0,7.206151485443115,7.3,-0.09384851455688459,0.09384851455688459,True,5
Samos 2020 M7.0,191.0,196.0,6.946323394775391,7.0,-0.053676605224609375,0.053676605224609375,True,3
Sand 2025 M7.3,191.0,196.0,7.2526350021362305,7.3,-0.047364997863769354,0.047364997863769354,True,45
Xizang 2025 M7.1,191.0,196.0,7.264937162399292,7.1,0.16493716239929235,0.16493716239929235,False,12
Iquique 2014 M7.7,192.0,197.0,7.6160101890563965,7.7,-0.0839898109436037,0.0839898109436037,True,11
Kodiak 2018 M7.9,192.0,197.0,7.865601301193237,7.9,-0.03439869880676305,0.03439869880676305,True,64
Luding 2022 M6.6,192.0,197.0,7.0837790966033936,6.6,0.4837790966033939,0.4837790966033939,False,6
Mandalay 2025 M7.7,192.0,197.0,7.681377649307251,7.7,-0.0186223506927492,0.0186223506927492,True,12
Nepal 2015 M7.3,192.0,197.0,7.20853328704834,7.3,-0.09146671295165998,0.09146671295165998,True,5
Samos 2020 M7.0,192.0,197.0,6.944847106933594,7.0,-0.05515289306640625,0.05515289306640625,True,3
Sand 2025 M7.3,192.0,197.0,7.251540184020996,7.3,-0.04845981597900373,0.04845981597900373,True,45
Xizang 2025 M7.1,192.0,197.0,7.266824722290039,7.1,0.16682472229003942,0.16682472229003942,False,12
Iquique 2014 M7.7,193.0,198.0,7.617232322692871,7.7,-0.08276767730712908,0.08276767730712908,True,11
Kodiak 2018 M7.9,193.0,198.0,7.859471082687378,7.9,-0.040528917312622426,0.040528917312622426,True,64
Luding 2022 M6.6,193.0,198.0,7.081756114959717,6.6,0.48175611495971715,0.48175611495971715,False,6
Mandalay 2025 M7.7,193.0,198.0,7.6749327182769775,7.7,-0.02506728172302264,0.02506728172302264,True,12
Nepal 2015 M7.3,193.0,198.0,7.209761619567871,7.3,-0.09023838043212873,0.09023838043212873,True,5
Samos 2020 M7.0,193.0,198.0,6.936112880706787,7.0,-0.06388711929321289,0.06388711929321289,True,3
Sand 2025 M7.3,193.0,198.0,7.241179466247559,7.3,-0.05882053375244123,0.05882053375244123,True,45
Xizang 2025 M7.1,193.0,198.0,7.2663047313690186,7.1,0.1663047313690189,0.1663047313690189,False,12
Iquique 2014 M7.7,194.0,199.0,7.614405632019043,7.7,-0.08559436798095721,0.08559436798095721,True,11
Kodiak 2018 M7.9,194.0,199.0,7.860252618789673,7.9,-0.039747381210327504,0.039747381210327504,True,64
Luding 2022 M6.6,194.0,199.0,7.081126689910889,6.6,0.481126689910889,0.481126689910889,False,6
Mandalay 2025 M7.7,194.0,199.0,7.667060375213623,7.7,-0.03293962478637713,0.03293962478637713,True,12
Nepal 2015 M7.3,194.0,199.0,7.210165977478027,7.3,-0.08983402252197248,0.08983402252197248,True,5
Samos 2020 M7.0,194.0,199.0,6.9231061935424805,7.0,-0.07689380645751953,0.07689380645751953,True,3
Sand 2025 M7.3,194.0,199.0,7.246676445007324,7.3,-0.053323554992675604,0.053323554992675604,True,45
Xizang 2025 M7.1,194.0,199.0,7.2647864818573,7.1,0.16478648185730016,0.16478648185730016,False,12
Iquique 2014 M7.7,195.0,200.0,7.606376647949219,7.7,-0.09362335205078143,0.09362335205078143,True,11
Kodiak 2018 M7.9,195.0,200.0,7.857813596725464,7.9,-0.04218640327453649,0.04218640327453649,True,64
Luding 2022 M6.6,195.0,200.0,7.081162929534912,6.6,0.48116292953491246,0.48116292953491246,False,6
Mandalay 2025 M7.7,195.0,200.0,7.660785913467407,7.7,-0.03921408653259295,0.03921408653259295,True,12
Nepal 2015 M7.3,195.0,200.0,7.210333824157715,7.3,-0.08966617584228498,0.08966617584228498,True,5
Samos 2020 M7.0,195.0,200.0,6.900704860687256,7.0,-0.09929513931274414,0.09929513931274414,True,3
Sand 2025 M7.3,195.0,200.0,7.259909629821777,7.3,-0.04009037017822248,0.04009037017822248,True,45
Xizang 2025 M7.1,195.0,200.0,7.266134262084961,7.1,0.1661342620849613,0.1661342620849613,False,12
Iquique 2014 M7.7,196.0,201.0,7.596153259277344,7.7,-0.10384674072265643,0.10384674072265643,True,11
Kodiak 2018 M7.9,196.0,201.0,7.854799509048462,7.9,-0.04520049095153844,0.04520049095153844,True,64
Luding 2022 M6.6,196.0,201.0,7.080974578857422,6.6,0.48097457885742223,0.48097457885742223,False,6
Mandalay 2025 M7.7,196.0,201.0,7.6572980880737305,7.7,-0.04270191192626971,0.04270191192626971,True,12
Nepal 2015 M7.3,196.0,201.0,7.209957122802734,7.3,-0.09004287719726545,0.09004287719726545,True,5
Samos 2020 M7.0,196.0,201.0,6.877876281738281,7.0,-0.12212371826171875,0.12212371826171875,True,3
Sand 2025 M7.3,196.0,201.0,7.247178554534912,7.3,-0.05282144546508771,0.05282144546508771,True,45
Xizang 2025 M7.1,196.0,201.0,7.260352611541748,7.1,0.1603526115417484,0.1603526115417484,False,12
Iquique 2014 M7.7,197.0,202.0,7.584104061126709,7.7,-0.1158959388732912,0.1158959388732912,True,11
Kodiak 2018 M7.9,197.0,202.0,7.849767208099365,7.9,-0.05023279190063512,0.05023279190063512,True,64
Luding 2022 M6.6,197.0,202.0,7.0789618492126465,6.6,0.47896184921264684,0.47896184921264684,False,6
Mandalay 2025 M7.7,197.0,202.0,7.655585289001465,7.7,-0.044414710998535334,0.044414710998535334,True,12
Nepal 2015 M7.3,197.0,202.0,7.209054470062256,7.3,-0.09094552993774396,0.09094552993774396,True,5
Samos 2020 M7.0,197.0,202.0,6.859798431396484,7.0,-0.14020156860351562,0.14020156860351562,True,3
Sand 2025 M7.3,197.0,202.0,7.240029811859131,7.3,-0.05997018814086896,0.05997018814086896,True,45
Xizang 2025 M7.1,197.0,202.0,7.253568887710571,7.1,0.15356888771057164,0.15356888771057164,False,12
Iquique 2014 M7.7,198.0,203.0,7.570979118347168,7.7,-0.1290208816528322,0.1290208816528322,True,11
Kodiak 2018 M7.9,198.0,203.0,7.853520393371582,7.9,-0.046479606628418324,0.046479606628418324,True,64
Luding 2022 M6.6,198.0,203.0,7.075110197067261,6.6,0.4751101970672611,0.4751101970672611,False,6
Mandalay 2025 M7.7,198.0,203.0,7.653607130050659,7.7,-0.046392869949341,0.046392869949341,True,12
Nepal 2015 M7.3,198.0,203.0,7.20786190032959,7.3,-0.09213809967040998,0.09213809967040998,True,5
Samos 2020 M7.0,198.0,203.0,6.844635009765625,7.0,-0.155364990234375,0.155364990234375,False,3
Sand 2025 M7.3,198.0,203.0,7.232665061950684,7.3,-0.06733493804931623,0.06733493804931623,True,45
Xizang 2025 M7.1,198.0,203.0,7.251878261566162,7.1,0.15187826156616246,0.15187826156616246,False,12
Iquique 2014 M7.7,199.0,204.0,7.559130668640137,7.7,-0.14086933135986346,0.14086933135986346,True,11
Kodiak 2018 M7.9,199.0,204.0,7.8595476150512695,7.9,-0.040452384948730824,0.040452384948730824,True,64
Luding 2022 M6.6,199.0,204.0,7.0712058544158936,6.6,0.4712058544158939,0.4712058544158939,False,6
Mandalay 2025 M7.7,199.0,204.0,7.652294158935547,7.7,-0.0477058410644533,0.0477058410644533,True,12
Nepal 2015 M7.3,199.0,204.0,7.2072858810424805,7.3,-0.09271411895751935,0.09271411895751935,True,5
Samos 2020 M7.0,199.0,204.0,6.835384368896484,7.0,-0.16461563110351562,0.16461563110351562,False,3
Sand 2025 M7.3,199.0,204.0,7.225616455078125,7.3,-0.07438354492187482,0.07438354492187482,True,45
Xizang 2025 M7.1,199.0,204.0,7.252913236618042,7.1,0.15291323661804235,0.15291323661804235,False,12
Iquique 2014 M7.7,200.0,205.0,7.552300930023193,7.7,-0.14769906997680682,0.14769906997680682,True,11
Kodiak 2018 M7.9,200.0,205.0,7.859626770019531,7.9,-0.040373229980469105,0.040373229980469105,True,64
Luding 2022 M6.6,200.0,205.0,7.0684428215026855,6.6,0.4684428215026859,0.4684428215026859,False,6
Mandalay 2025 M7.7,200.0,205.0,7.652294158935547,7.7,-0.0477058410644533,0.0477058410644533,True,12
Nepal 2015 M7.3,200.0,205.0,7.207282066345215,7.3,-0.09271793365478498,0.09271793365478498,True,5
Samos 2020 M7.0,200.0,205.0,6.830374717712402,7.0,-0.16962528228759766,0.16962528228759766,False,3
Sand 2025 M7.3,200.0,205.0,7.237579345703125,7.3,-0.06242065429687482,0.06242065429687482,True,45
Xizang 2025 M7.1,200.0,205.0,7.252913236618042,7.1,0.15291323661804235,0.15291323661804235,False,12
