event,horizon_sec,mw_pred,mw_reference,error,abs_error,active_station_count,used_station_count,used_stations
"M 7.7 - 53 km SW of Iquique, Chile",6.0,6.201717853546143,7.7,-1.4982821464538576,1.4982821464538576,1,1,AEDA
"M 7.7 - 53 km SW of Iquique, Chile",7.0,7.72211217880249,7.7,0.022112178802490057,0.022112178802490057,2,2,AEDA|IQQE
"M 7.7 - 53 km SW of Iquique, Chile",8.0,7.6730875968933105,7.7,-0.02691240310668963,0.02691240310668963,2,2,AEDA|IQQE
"M 7.7 - 53 km SW of Iquique, Chile",9.0,7.680325031280518,7.7,-0.0196749687194826,0.0196749687194826,2,2,AEDA|IQQE
"M 7.7 - 53 km SW of Iquique, Chile",10.0,7.569620609283447,7.7,-0.1303793907165529,0.1303793907165529,2,2,AEDA|IQQE
"M 7.7 - 53 km SW of Iquique, Chile",11.0,7.567213535308838,7.7,-0.1327864646911623,0.1327864646911623,2,2,IQQE|AEDA
"M 7.7 - 53 km SW of Iquique, Chile",12.0,7.599644660949707,7.7,-0.10035533905029315,0.10035533905029315,2,2,IQQE|AEDA
"M 7.7 - 53 km SW of Iquique, Chile",13.0,7.614842891693115,7.7,-0.08515710830688494,0.08515710830688494,2,2,IQQE|AEDA
"M 7.7 - 53 km SW of Iquique, Chile",14.0,7.5612874031066895,7.7,-0.13871259689331072,0.13871259689331072,3,3,IQQE|PB02|AEDA
"M 7.7 - 53 km SW of Iquique, Chile",15.0,7.6131205558776855,7.7,-0.08687944412231463,0.08687944412231463,4,4,IQQE|PB02|PSGA|AEDA
"M 7.7 - 53 km SW of Iquique, Chile",16.0,7.681563377380371,7.7,-0.018436622619629084,0.018436622619629084,5,5,IQQE|PB02|PSGA|PB01|AEDA
"M 7.7 - 53 km SW of Iquique, Chile",17.0,7.625677585601807,7.7,-0.07432241439819354,0.07432241439819354,6,5,IQQE|PB02|PSGA|PB01|AEDA
"M 7.7 - 53 km SW of Iquique, Chile",18.0,7.587019920349121,7.7,-0.11298007965087908,0.11298007965087908,7,5,AEDA|PB02|IQQE|PSGA|PB01
"M 7.7 - 53 km SW of Iquique, Chile",19.0,7.583200454711914,7.7,-0.11679954528808612,0.11679954528808612,8,5,AEDA|PB02|IQQE|PSGA|PB01
"M 7.7 - 53 km SW of Iquique, Chile",20.0,7.703231334686279,7.7,0.0032313346862791192,0.0032313346862791192,8,5,AEDA|PB02|IQQE|PSGA|PB01
"M 7.7 - 53 km SW of Iquique, Chile",21.0,7.737404823303223,7.7,0.03740482330322248,0.03740482330322248,8,5,AEDA|IQQE|PB02|PSGA|PB01
"M 7.7 - 53 km SW of Iquique, Chile",22.0,7.755467891693115,7.7,0.05546789169311506,0.05546789169311506,8,5,AEDA|IQQE|PB02|PSGA|PB01
"M 7.7 - 53 km SW of Iquique, Chile",23.0,7.83392333984375,7.7,0.13392333984374982,0.13392333984374982,8,5,AEDA|IQQE|PB02|PSGA|PB01
"M 7.7 - 53 km SW of Iquique, Chile",24.0,7.8555803298950195,7.7,0.15558032989501935,0.15558032989501935,9,5,AEDA|IQQE|PB02|PSGA|PB01
"M 7.7 - 53 km SW of Iquique, Chile",25.0,7.855970859527588,7.7,0.1559708595275877,0.1559708595275877,9,5,AEDA|IQQE|PB02|PSGA|PB01
"M 7.7 - 53 km SW of Iquique, Chile",26.0,7.841753005981445,7.7,0.14175300598144513,0.14175300598144513,9,5,AEDA|IQQE|PB02|MNMI|PSGA
"M 7.7 - 53 km SW of Iquique, Chile",27.0,7.834474563598633,7.7,0.13447456359863263,0.13447456359863263,9,5,AEDA|IQQE|PB02|MNMI|PSGA
"M 7.7 - 53 km SW of Iquique, Chile",28.0,7.845610618591309,7.7,0.14561061859130842,0.14561061859130842,9,5,AEDA|IQQE|PB02|MNMI|PSGA
"M 7.7 - 53 km SW of Iquique, Chile",29.0,7.878958225250244,7.7,0.17895822525024396,0.17895822525024396,9,5,AEDA|IQQE|PB02|MNMI|PSGA
"M 7.7 - 53 km SW of Iquique, Chile",30.0,7.916670322418213,7.7,0.2166703224182127,0.2166703224182127,10,5,AEDA|IQQE|PB02|MNMI|PSGA
"M 7.7 - 53 km SW of Iquique, Chile",31.0,7.923957824707031,7.7,0.22395782470703107,0.22395782470703107,11,5,AEDA|IQQE|PB02|MNMI|PSGA
"M 7.7 - 53 km SW of Iquique, Chile",32.0,7.905879497528076,7.7,0.205879497528076,0.205879497528076,11,5,AEDA|IQQE|PB02|PB01|MNMI
"M 7.7 - 53 km SW of Iquique, Chile",33.0,7.879069805145264,7.7,0.1790698051452635,0.1790698051452635,11,5,AEDA|IQQE|PB02|PB01|MNMI
"M 7.7 - 53 km SW of Iquique, Chile",34.0,7.850959777832031,7.7,0.15095977783203107,0.15095977783203107,11,5,AEDA|IQQE|PB02|PB01|PSGA
"M 7.7 - 53 km SW of Iquique, Chile",35.0,7.821069240570068,7.7,0.12106924057006818,0.12106924057006818,11,5,AEDA|IQQE|PB02|PB01|PSGA
"M 7.7 - 53 km SW of Iquique, Chile",36.0,7.787797451019287,7.7,0.08779745101928693,0.08779745101928693,11,5,AEDA|IQQE|PB02|PB01|PSGA
"M 7.7 - 53 km SW of Iquique, Chile",37.0,7.772141933441162,7.7,0.07214193344116193,0.07214193344116193,11,5,AEDA|IQQE|PB02|PB01|PSGA
"M 7.7 - 53 km SW of Iquique, Chile",38.0,7.776481628417969,7.7,0.07648162841796857,0.07648162841796857,11,5,AEDA|IQQE|PB01|PB02|PB11
"M 7.7 - 53 km SW of Iquique, Chile",39.0,7.7672200202941895,7.7,0.06722002029418928,0.06722002029418928,11,5,AEDA|IQQE|PB01|PB02|PB11
"M 7.7 - 53 km SW of Iquique, Chile",40.0,7.741837501525879,7.7,0.04183750152587873,0.04183750152587873,11,5,AEDA|IQQE|PB01|PB02|PB11
"M 7.7 - 53 km SW of Iquique, Chile",41.0,7.709696292877197,7.7,0.009696292877197088,0.009696292877197088,11,5,AEDA|IQQE|PB01|PB11|PB02
"M 7.7 - 53 km SW of Iquique, Chile",42.0,7.7395758628845215,7.7,0.03957586288452131,0.03957586288452131,11,5,AEDA|IQQE|PB01|PB11|PCHA
"M 7.7 - 53 km SW of Iquique, Chile",43.0,7.701390266418457,7.7,0.0013902664184568536,0.0013902664184568536,11,5,AEDA|IQQE|PB11|PCHA|PB01
"M 7.7 - 53 km SW of Iquique, Chile",44.0,7.706950664520264,7.7,0.006950664520263494,0.006950664520263494,11,5,AEDA|IQQE|PCHA|PB11|PB01
"M 7.7 - 53 km SW of Iquique, Chile",45.0,7.720572471618652,7.7,0.020572471618652166,0.020572471618652166,11,5,AEDA|IQQE|PCHA|PB11|PB08
"M 7.7 - 53 km SW of Iquique, Chile",46.0,7.737342834472656,7.7,0.03734283447265607,0.03734283447265607,11,5,AEDA|IQQE|PCHA|PB08|PB11
"M 7.7 - 53 km SW of Iquique, Chile",47.0,7.732738494873047,7.7,0.0327384948730467,0.0327384948730467,11,5,AEDA|IQQE|PCHA|PB08|PB11
"M 7.7 - 53 km SW of Iquique, Chile",48.0,7.718778133392334,7.7,0.018778133392333807,0.018778133392333807,11,5,AEDA|IQQE|PCHA|PB08|PB11
"M 7.7 - 53 km SW of Iquique, Chile",49.0,7.715798854827881,7.7,0.015798854827880682,0.015798854827880682,11,5,AEDA|IQQE|PCHA|PB11|PB08
"M 7.7 - 53 km SW of Iquique, Chile",50.0,7.728103160858154,7.7,0.02810316085815412,0.02810316085815412,11,5,AEDA|IQQE|PCHA|PB11|PB08
"M 7.7 - 53 km SW of Iquique, Chile",51.0,7.762681484222412,7.7,0.06268148422241193,0.06268148422241193,11,5,AEDA|IQQE|PCHA|PB11|PB08
"M 7.7 - 53 km SW of Iquique, Chile",52.0,7.799940586090088,7.7,0.09994058609008771,0.09994058609008771,11,5,AEDA|IQQE|PCHA|PB11|PB08
"M 7.7 - 53 km SW of Iquique, Chile",53.0,7.823886394500732,7.7,0.12388639450073224,0.12388639450073224,11,5,AEDA|IQQE|PCHA|PB08|PB11
"M 7.7 - 53 km SW of Iquique, Chile",54.0,7.8302764892578125,7.7,0.13027648925781232,0.13027648925781232,11,5,AEDA|IQQE|PCHA|PB08|PB11
"M 7.7 - 53 km SW of Iquique, Chile",55.0,7.852952480316162,7.7,0.15295248031616193,0.15295248031616193,11,5,AEDA|IQQE|PB08|PCHA|PB11
"M 7.7 - 53 km SW of Iquique, Chile",56.0,7.857771873474121,7.7,0.15777187347412092,0.15777187347412092,11,5,AEDA|PB08|IQQE|PCHA|PB11
"M 7.7 - 53 km SW of Iquique, Chile",57.0,7.851963043212891,7.7,0.15196304321289045,0.15196304321289045,11,5,AEDA|PB08|IQQE|PCHA|PB11
"M 7.7 - 53 km SW of Iquique, Chile",58.0,7.8463592529296875,7.7,0.14635925292968732,0.14635925292968732,11,5,AEDA|PB08|IQQE|PCHA|PB11
"M 7.7 - 53 km SW of Iquique, Chile",59.0,7.840963363647461,7.7,0.14096336364746076,0.14096336364746076,11,5,AEDA|PB08|IQQE|PCHA|PB11
"M 7.7 - 53 km SW of Iquique, Chile",60.0,7.835778713226318,7.7,0.13577871322631818,0.13577871322631818,11,5,AEDA|PB08|IQQE|PCHA|PB11
"M 7.7 - 53 km SW of Iquique, Chile",61.0,7.830806732177734,7.7,0.1308067321777342,0.1308067321777342,11,5,AEDA|PB08|IQQE|PCHA|PB11
"M 7.7 - 53 km SW of Iquique, Chile",62.0,7.826047420501709,7.7,0.1260474205017088,0.1260474205017088,11,5,AEDA|PB08|IQQE|PCHA|PB11
"M 7.7 - 53 km SW of Iquique, Chile",63.0,7.821500301361084,7.7,0.1215003013610838,0.1215003013610838,11,5,AEDA|PB08|IQQE|PCHA|PB11
"M 7.7 - 53 km SW of Iquique, Chile",64.0,7.817164421081543,7.7,0.11716442108154279,0.11716442108154279,11,5,AEDA|PB08|IQQE|PCHA|PB11
"M 7.7 - 53 km SW of Iquique, Chile",65.0,7.813036918640137,7.7,0.11303691864013654,0.11303691864013654,11,5,AEDA|PB08|IQQE|PCHA|PB11
"M 7.7 - 53 km SW of Iquique, Chile",66.0,7.8091139793396,7.7,0.10911397933959943,0.10911397933959943,11,5,AEDA|PB08|IQQE|PCHA|PB11
"M 7.7 - 53 km SW of Iquique, Chile",67.0,7.805391788482666,7.7,0.10539178848266584,0.10539178848266584,11,5,AEDA|PB08|IQQE|PCHA|PB11
"M 7.7 - 53 km SW of Iquique, Chile",68.0,7.801865100860596,7.7,0.10186510086059553,0.10186510086059553,11,5,AEDA|PB08|IQQE|PCHA|PB11
"M 7.7 - 53 km SW of Iquique, Chile",69.0,7.798527717590332,7.7,0.09852771759033185,0.09852771759033185,11,5,AEDA|PB08|IQQE|PCHA|PB11
"M 7.7 - 53 km SW of Iquique, Chile",70.0,7.79537296295166,7.7,0.09537296295165998,0.09537296295165998,11,5,AEDA|PB08|IQQE|PCHA|PB11
"M 7.7 - 53 km SW of Iquique, Chile",71.0,7.792393207550049,7.7,0.09239320755004865,0.09239320755004865,11,5,AEDA|PB08|IQQE|PCHA|PB11
"M 7.7 - 53 km SW of Iquique, Chile",72.0,7.789580821990967,7.7,0.08958082199096662,0.08958082199096662,11,5,AEDA|PB08|IQQE|PCHA|PB11
"M 7.7 - 53 km SW of Iquique, Chile",73.0,7.786927700042725,7.7,0.08692770004272443,0.08692770004272443,11,5,AEDA|PB08|IQQE|PCHA|PB11
"M 7.7 - 53 km SW of Iquique, Chile",74.0,7.784424781799316,7.7,0.08442478179931623,0.08442478179931623,11,5,AEDA|PB08|IQQE|PCHA|PB11
"M 7.7 - 53 km SW of Iquique, Chile",75.0,7.782063007354736,7.7,0.08206300735473615,0.08206300735473615,11,5,AEDA|PB08|IQQE|PCHA|PB11
"M 7.7 - 53 km SW of Iquique, Chile",76.0,7.7798333168029785,7.7,0.07983331680297834,0.07983331680297834,11,5,AEDA|PB08|IQQE|PCHA|PB11
"M 7.7 - 53 km SW of Iquique, Chile",77.0,7.777726173400879,7.7,0.07772617340087873,0.07772617340087873,11,5,AEDA|PB08|IQQE|PCHA|PB11
"M 7.7 - 53 km SW of Iquique, Chile",78.0,7.775732517242432,7.7,0.07573251724243146,0.07573251724243146,11,5,AEDA|PB08|IQQE|PCHA|PB11
"M 7.7 - 53 km SW of Iquique, Chile",79.0,7.7738423347473145,7.7,0.07384233474731428,0.07384233474731428,11,5,AEDA|PB08|IQQE|PCHA|PB11
"M 7.7 - 53 km SW of Iquique, Chile",80.0,7.77204704284668,7.7,0.07204704284667951,0.07204704284667951,11,5,AEDA|PB08|IQQE|PCHA|PB11
"M 7.7 - 53 km SW of Iquique, Chile",81.0,7.770337104797363,7.7,0.0703371047973631,0.0703371047973631,11,5,AEDA|PB08|IQQE|PCHA|PB11
"M 7.7 - 53 km SW of Iquique, Chile",82.0,7.768703460693359,7.7,0.0687034606933592,0.0687034606933592,11,5,AEDA|PB08|IQQE|PCHA|PB11
"M 7.7 - 53 km SW of Iquique, Chile",83.0,7.76713752746582,7.7,0.06713752746582013,0.06713752746582013,11,5,AEDA|PB08|IQQE|PCHA|PB11
"M 7.7 - 53 km SW of Iquique, Chile",84.0,7.765630722045898,7.7,0.06563072204589826,0.06563072204589826,11,5,AEDA|PB08|IQQE|PCHA|PB11
"M 7.7 - 53 km SW of Iquique, Chile",85.0,7.764174938201904,7.7,0.06417493820190412,0.06417493820190412,11,5,AEDA|PB08|IQQE|PCHA|PB11
"M 7.7 - 53 km SW of Iquique, Chile",86.0,7.762763023376465,7.7,0.06276302337646467,0.06276302337646467,11,5,AEDA|PB08|IQQE|PCHA|PB11
"M 7.7 - 53 km SW of Iquique, Chile",87.0,7.761386871337891,7.7,0.06138687133789045,0.06138687133789045,11,5,AEDA|PB08|IQQE|PCHA|PB11
"M 7.7 - 53 km SW of Iquique, Chile",88.0,7.760040760040283,7.7,0.060040760040283025,0.060040760040283025,11,5,AEDA|PB08|IQQE|PCHA|PB11
"M 7.7 - 53 km SW of Iquique, Chile",89.0,7.7587175369262695,7.7,0.058717536926269354,0.058717536926269354,11,5,AEDA|PB08|IQQE|PCHA|PB11
"M 7.7 - 53 km SW of Iquique, Chile",90.0,7.757411956787109,7.7,0.0574119567871092,0.0574119567871092,11,5,AEDA|PB08|IQQE|PCHA|PB11
"M 7.7 - 53 km SW of Iquique, Chile",91.0,7.756118297576904,7.7,0.05611829757690412,0.05611829757690412,11,5,AEDA|PB08|IQQE|PCHA|PB11
"M 7.7 - 53 km SW of Iquique, Chile",92.0,7.7548322677612305,7.7,0.05483226776123029,0.05483226776123029,11,5,AEDA|PB08|IQQE|PCHA|PB11
"M 7.7 - 53 km SW of Iquique, Chile",93.0,7.753549575805664,7.7,0.053549575805663885,0.053549575805663885,11,5,AEDA|PB08|IQQE|PCHA|PB11
"M 7.7 - 53 km SW of Iquique, Chile",94.0,7.752266883850098,7.7,0.05226688385009748,0.05226688385009748,11,5,AEDA|PB08|IQQE|PCHA|PB11
"M 7.7 - 53 km SW of Iquique, Chile",95.0,7.750980854034424,7.7,0.05098085403442365,0.05098085403442365,11,5,AEDA|PB08|IQQE|PCHA|PB11
"M 7.7 - 53 km SW of Iquique, Chile",96.0,7.749689102172852,7.7,0.049689102172851385,0.049689102172851385,11,5,AEDA|PB08|IQQE|PCHA|PB11
"M 7.7 - 53 km SW of Iquique, Chile",97.0,7.748389720916748,7.7,0.04838972091674787,0.04838972091674787,11,5,AEDA|PB08|IQQE|PCHA|PB11
"M 7.7 - 53 km SW of Iquique, Chile",98.0,7.747081756591797,7.7,0.0470817565917967,0.0470817565917967,11,5,AEDA|PB08|IQQE|PCHA|PB11
"M 7.7 - 53 km SW of Iquique, Chile",99.0,7.745763301849365,7.7,0.04576330184936506,0.04576330184936506,11,5,AEDA|PB08|IQQE|PCHA|PB11
"M 7.7 - 53 km SW of Iquique, Chile",100.0,7.744434833526611,7.7,0.04443483352661115,0.04443483352661115,11,5,AEDA|PB08|IQQE|PCHA|PB11
"M 7.7 - 53 km SW of Iquique, Chile",101.0,7.743095397949219,7.7,0.04309539794921857,0.04309539794921857,11,5,AEDA|PB08|IQQE|PCHA|PB11
"M 7.7 - 53 km SW of Iquique, Chile",102.0,7.741746425628662,7.7,0.04174642562866193,0.04174642562866193,11,5,AEDA|PB08|IQQE|PCHA|PB11
"M 7.7 - 53 km SW of Iquique, Chile",103.0,7.7403883934021,7.7,0.04038839340209943,0.04038839340209943,11,5,AEDA|PB08|IQQE|PCHA|PB11
"M 7.7 - 53 km SW of Iquique, Chile",104.0,7.739022254943848,7.7,0.03902225494384748,0.03902225494384748,11,5,AEDA|PB08|IQQE|PCHA|PB11
"M 7.7 - 53 km SW of Iquique, Chile",105.0,7.737649440765381,7.7,0.03764944076538068,0.03764944076538068,11,5,AEDA|PB08|IQQE|PCHA|PB11
"M 7.7 - 53 km SW of Iquique, Chile",106.0,7.736271858215332,7.7,0.036271858215331854,0.036271858215331854,11,5,AEDA|PB08|IQQE|PCHA|PB11
"M 7.7 - 53 km SW of Iquique, Chile",107.0,7.734891414642334,7.7,0.03489141464233381,0.03489141464233381,11,5,AEDA|PB08|IQQE|PCHA|PB11
"M 7.7 - 53 km SW of Iquique, Chile",108.0,7.7335100173950195,7.7,0.033510017395019354,0.033510017395019354,11,5,AEDA|PB08|IQQE|PCHA|PB11
"M 7.7 - 53 km SW of Iquique, Chile",109.0,7.73213005065918,7.7,0.03213005065917951,0.03213005065917951,11,5,AEDA|PB08|IQQE|PCHA|PB11
"M 7.7 - 53 km SW of Iquique, Chile",110.0,7.730754375457764,7.7,0.030754375457763494,0.030754375457763494,11,5,AEDA|PB08|IQQE|PCHA|PB11
"M 7.7 - 53 km SW of Iquique, Chile",111.0,7.729384899139404,7.7,0.02938489913940412,0.02938489913940412,11,5,AEDA|PB08|IQQE|PCHA|PB11
"M 7.7 - 53 km SW of Iquique, Chile",112.0,7.728024482727051,7.7,0.028024482727050604,0.028024482727050604,11,5,AEDA|PB08|IQQE|PCHA|PB11
"M 7.7 - 53 km SW of Iquique, Chile",113.0,7.726675033569336,7.7,0.02667503356933576,0.02667503356933576,11,5,AEDA|PB08|IQQE|PCHA|PB11
"M 7.7 - 53 km SW of Iquique, Chile",114.0,7.725339889526367,7.7,0.02533988952636701,0.02533988952636701,11,5,AEDA|PB08|IQQE|PCHA|PB11
"M 7.7 - 53 km SW of Iquique, Chile",115.0,7.7240214347839355,7.7,0.02402143478393537,0.02402143478393537,11,5,AEDA|PB08|IQQE|PCHA|PB11
"M 7.7 - 53 km SW of Iquique, Chile",116.0,7.722722053527832,7.7,0.022722053527831854,0.022722053527831854,11,5,AEDA|PB08|IQQE|PCHA|PB11
"M 7.7 - 53 km SW of Iquique, Chile",117.0,7.7214436531066895,7.7,0.021443653106689275,0.021443653106689275,11,5,AEDA|PB08|IQQE|PCHA|PB11
"M 7.7 - 53 km SW of Iquique, Chile",118.0,7.720189094543457,7.7,0.020189094543456854,0.020189094543456854,11,5,AEDA|PB08|IQQE|PCHA|PB11
"M 7.7 - 53 km SW of Iquique, Chile",119.0,7.718960762023926,7.7,0.018960762023925604,0.018960762023925604,11,5,AEDA|PB08|IQQE|PCHA|PB11
"M 7.7 - 53 km SW of Iquique, Chile",120.0,7.717759609222412,7.7,0.017759609222411932,0.017759609222411932,11,5,AEDA|PB08|IQQE|PCHA|PB11
"M 7.7 - 53 km SW of Iquique, Chile",121.0,7.716588497161865,7.7,0.016588497161865057,0.016588497161865057,11,5,AEDA|PB08|IQQE|PCHA|PB11
"M 7.7 - 53 km SW of Iquique, Chile",122.0,7.715449333190918,7.7,0.015449333190917791,0.015449333190917791,11,5,AEDA|PB08|IQQE|PCHA|PB11
"M 7.7 - 53 km SW of Iquique, Chile",123.0,7.714343070983887,7.7,0.014343070983886541,0.014343070983886541,11,5,AEDA|PB08|IQQE|PCHA|PB11
"M 7.7 - 53 km SW of Iquique, Chile",124.0,7.713271141052246,7.7,0.013271141052245916,0.013271141052245916,11,5,AEDA|PB08|IQQE|PCHA|PB11
"M 7.7 - 53 km SW of Iquique, Chile",125.0,7.712235450744629,7.7,0.012235450744628729,0.012235450744628729,11,5,AEDA|PB08|IQQE|PCHA|PB11
"M 7.7 - 53 km SW of Iquique, Chile",126.0,7.711236953735352,7.7,0.011236953735351385,0.011236953735351385,11,5,AEDA|PB08|IQQE|PCHA|PB11
"M 7.7 - 53 km SW of Iquique, Chile",127.0,7.7102766036987305,7.7,0.010276603698730291,0.010276603698730291,11,5,AEDA|PB08|IQQE|PCHA|PB11
"M 7.7 - 53 km SW of Iquique, Chile",128.0,7.709355354309082,7.7,0.009355354309081854,0.009355354309081854,11,5,AEDA|PB08|IQQE|PCHA|PB11
"M 7.7 - 53 km SW of Iquique, Chile",129.0,7.7084736824035645,7.7,0.008473682403564275,0.008473682403564275,11,5,AEDA|PB08|IQQE|PCHA|PB11
"M 7.7 - 53 km SW of Iquique, Chile",130.0,7.707632064819336,7.7,0.00763206481933576,0.00763206481933576,11,5,AEDA|PB08|IQQE|PCHA|PB11
"M 7.7 - 53 km SW of Iquique, Chile",131.0,7.706831455230713,7.7,0.006831455230712713,0.006831455230712713,11,5,AEDA|PB08|IQQE|PCHA|PB11
"M 7.7 - 53 km SW of Iquique, Chile",132.0,7.706071376800537,7.7,0.006071376800536932,0.006071376800536932,11,5,AEDA|PB08|IQQE|PCHA|PB11
"M 7.7 - 53 km SW of Iquique, Chile",133.0,7.705352783203125,7.7,0.005352783203124822,0.005352783203124822,11,5,AEDA|PB08|IQQE|PCHA|PB11
"M 7.7 - 53 km SW of Iquique, Chile",134.0,7.704675197601318,7.7,0.004675197601318182,0.004675197601318182,11,5,AEDA|PB08|IQQE|PCHA|PB11
"M 7.7 - 53 km SW of Iquique, Chile",135.0,7.704039096832275,7.7,0.004039096832275213,0.004039096832275213,11,5,AEDA|PB08|IQQE|PCHA|PB11
"M 7.7 - 53 km SW of Iquique, Chile",136.0,7.70344352722168,7.7,0.00344352722167951,0.00344352722167951,11,5,AEDA|PB08|IQQE|PCHA|PB11
"M 7.7 - 53 km SW of Iquique, Chile",137.0,7.702888011932373,7.7,0.0028880119323728692,0.0028880119323728692,11,5,AEDA|PB08|IQQE|PCHA|PB11
"M 7.7 - 53 km SW of Iquique, Chile",138.0,7.702373027801514,7.7,0.0023730278015134942,0.0023730278015134942,11,5,AEDA|PB08|IQQE|PCHA|PB11
"M 7.7 - 53 km SW of Iquique, Chile",139.0,7.701898097991943,7.7,0.0018980979919431817,0.0018980979919431817,11,5,AEDA|PB08|IQQE|PCHA|PB11
"M 7.7 - 53 km SW of Iquique, Chile",140.0,7.701461315155029,7.7,0.0014613151550291192,0.0014613151550291192,11,5,AEDA|PB08|IQQE|PCHA|PB11
"M 7.7 - 53 km SW of Iquique, Chile",141.0,7.701063632965088,7.7,0.001063632965087713,0.001063632965087713,11,5,AEDA|PB08|IQQE|PCHA|PB11
"M 7.7 - 53 km SW of Iquique, Chile",142.0,7.700703144073486,7.7,0.0007031440734861505,0.0007031440734861505,11,5,AEDA|PB08|IQQE|PCHA|PB11
"M 7.7 - 53 km SW of Iquique, Chile",143.0,7.700379371643066,7.7,0.0003793716430662286,0.0003793716430662286,11,5,AEDA|PB08|IQQE|PCHA|PB11
"M 7.7 - 53 km SW of Iquique, Chile",144.0,7.700091361999512,7.7,9.136199951154111e-05,9.136199951154111e-05,11,5,AEDA|PB08|IQQE|PCHA|PB11
"M 7.7 - 53 km SW of Iquique, Chile",145.0,7.699838638305664,7.7,-0.00016136169433611514,0.00016136169433611514,11,5,AEDA|PB08|IQQE|PCHA|PB11
"M 7.7 - 53 km SW of Iquique, Chile",146.0,7.699619770050049,7.7,-0.0003802299499513495,0.0003802299499513495,11,5,AEDA|PB08|IQQE|PCHA|PB11
"M 7.7 - 53 km SW of Iquique, Chile",147.0,7.69943380355835,7.7,-0.0005661964416505683,0.0005661964416505683,11,5,AEDA|PB08|IQQE|PCHA|PB11
"M 7.7 - 53 km SW of Iquique, Chile",148.0,7.69927978515625,7.7,-0.0007202148437501776,0.0007202148437501776,11,5,AEDA|PB08|IQQE|PCHA|PB11
"M 7.7 - 53 km SW of Iquique, Chile",149.0,7.699156284332275,7.7,-0.000843715667724787,0.000843715667724787,11,5,AEDA|PB08|IQQE|PCHA|PB11
"M 7.7 - 53 km SW of Iquique, Chile",150.0,7.699062824249268,7.7,-0.0009371757507325995,0.0009371757507325995,11,5,AEDA|PB08|IQQE|PCHA|PB11
"M 7.7 - 53 km SW of Iquique, Chile",151.0,7.698997497558594,7.7,-0.0010025024414064276,0.0010025024414064276,11,5,AEDA|PB08|IQQE|PCHA|PB11
"M 7.7 - 53 km SW of Iquique, Chile",152.0,7.698958873748779,7.7,-0.0010411262512208808,0.0010411262512208808,11,5,AEDA|PB08|IQQE|PCHA|PB11
"M 7.7 - 53 km SW of Iquique, Chile",153.0,7.698946952819824,7.7,-0.0010530471801759589,0.0010530471801759589,11,5,AEDA|PB08|IQQE|PCHA|PB11
"M 7.7 - 53 km SW of Iquique, Chile",154.0,7.6989593505859375,7.7,-0.0010406494140626776,0.0010406494140626776,11,5,AEDA|PB08|IQQE|PCHA|PB11
"M 7.7 - 53 km SW of Iquique, Chile",155.0,7.698995113372803,7.7,-0.0010048866271974433,0.0010048866271974433,11,5,AEDA|PB08|IQQE|PCHA|PB11
"M 7.7 - 53 km SW of Iquique, Chile",156.0,7.6990532875061035,7.7,-0.000946712493896662,0.000946712493896662,11,5,AEDA|PB08|IQQE|PCHA|PB11
"M 7.7 - 53 km SW of Iquique, Chile",157.0,7.699131965637207,7.7,-0.0008680343627931464,0.0008680343627931464,11,5,AEDA|PB08|IQQE|PCHA|PB11
"M 7.7 - 53 km SW of Iquique, Chile",158.0,7.699230670928955,7.7,-0.0007693290710450995,0.0007693290710450995,11,5,AEDA|PB08|IQQE|PCHA|PB11
"M 7.7 - 53 km SW of Iquique, Chile",159.0,7.699347496032715,7.7,-0.0006525039672853339,0.0006525039672853339,11,5,AEDA|PB08|IQQE|PCHA|PB11
"M 7.7 - 53 km SW of Iquique, Chile",160.0,7.69948148727417,7.7,-0.0005185127258302558,0.0005185127258302558,11,5,AEDA|PB08|IQQE|PCHA|PB11
"M 7.7 - 53 km SW of Iquique, Chile",161.0,7.699631214141846,7.7,-0.0003687858581544745,0.0003687858581544745,11,5,AEDA|PB08|IQQE|PCHA|PB11
"M 7.7 - 53 km SW of Iquique, Chile",162.0,7.699795246124268,7.7,-0.0002047538757325995,0.0002047538757325995,11,5,AEDA|PB08|IQQE|PCHA|PB11
"M 7.7 - 53 km SW of Iquique, Chile",163.0,7.699972152709961,7.7,-2.7847290039240136e-05,2.7847290039240136e-05,11,5,AEDA|PB08|IQQE|PCHA|PB11
"M 7.7 - 53 km SW of Iquique, Chile",164.0,7.700160980224609,7.7,0.00016098022460919736,0.00016098022460919736,11,5,AEDA|PB08|IQQE|PCHA|PB11
"M 7.7 - 53 km SW of Iquique, Chile",165.0,7.700360298156738,7.7,0.0003602981567381036,0.0003602981567381036,11,5,AEDA|PB08|IQQE|PCHA|PB11
"M 7.7 - 53 km SW of Iquique, Chile",166.0,7.700569152832031,7.7,0.0005691528320310724,0.0005691528320310724,11,5,AEDA|PB08|IQQE|PCHA|PB11
"M 7.7 - 53 km SW of Iquique, Chile",167.0,7.7007856369018555,7.7,0.0007856369018552911,0.0007856369018552911,11,5,AEDA|PB08|IQQE|PCHA|PB11
"M 7.7 - 53 km SW of Iquique, Chile",168.0,7.701009273529053,7.7,0.0010092735290525567,0.0010092735290525567,11,5,AEDA|PB08|IQQE|PCHA|PB11
"M 7.7 - 53 km SW of Iquique, Chile",169.0,7.70123815536499,7.7,0.0012381553649900567,0.0012381553649900567,11,5,AEDA|PB08|IQQE|PCHA|PB11
"M 7.7 - 53 km SW of Iquique, Chile",170.0,7.701470851898193,7.7,0.0014708518981931817,0.0014708518981931817,11,5,AEDA|PB08|IQQE|PCHA|PB11
"M 7.7 - 53 km SW of Iquique, Chile",171.0,7.701707363128662,7.7,0.0017073631286619317,0.0017073631286619317,11,5,AEDA|PB08|IQQE|PCHA|PB11
"M 7.7 - 53 km SW of Iquique, Chile",172.0,7.7019453048706055,7.7,0.0019453048706052911,0.0019453048706052911,11,5,AEDA|PB08|IQQE|PCHA|PB11
"M 7.7 - 53 km SW of Iquique, Chile",173.0,7.702183723449707,7.7,0.0021837234497068536,0.0021837234497068536,11,5,AEDA|PB08|IQQE|PCHA|PB11
"M 7.7 - 53 km SW of Iquique, Chile",174.0,7.70242166519165,7.7,0.002421665191650213,0.002421665191650213,11,5,AEDA|PB08|IQQE|PCHA|PB11
"M 7.7 - 53 km SW of Iquique, Chile",175.0,7.702657699584961,7.7,0.00265769958496076,0.00265769958496076,11,5,AEDA|PB08|IQQE|PCHA|PB11
"M 7.7 - 53 km SW of Iquique, Chile",176.0,7.7028913497924805,7.7,0.002891349792480291,0.002891349792480291,11,5,AEDA|PB08|IQQE|PCHA|PB11
"M 7.7 - 53 km SW of Iquique, Chile",177.0,7.703120708465576,7.7,0.0031207084655759942,0.0031207084655759942,11,5,AEDA|PB08|IQQE|PCHA|PB11
"M 7.7 - 53 km SW of Iquique, Chile",178.0,7.70334529876709,7.7,0.003345298767089666,0.003345298767089666,11,5,AEDA|PB08|IQQE|PCHA|PB11
"M 7.7 - 53 km SW of Iquique, Chile",179.0,7.703563213348389,7.7,0.0035632133483884942,0.0035632133483884942,11,5,AEDA|PB08|IQQE|PCHA|PB11
"M 7.7 - 53 km SW of Iquique, Chile",180.0,7.703774452209473,7.7,0.0037744522094724786,0.0037744522094724786,11,5,AEDA|PB08|IQQE|PCHA|PB11
"M 7.7 - 53 km SW of Iquique, Chile",181.0,7.703977108001709,7.7,0.003977108001708807,0.003977108001708807,11,5,AEDA|PB08|IQQE|PCHA|PB11
"M 7.7 - 53 km SW of Iquique, Chile",182.0,7.704170227050781,7.7,0.004170227050781072,0.004170227050781072,11,5,AEDA|PB08|IQQE|PCHA|PB11
"M 7.7 - 53 km SW of Iquique, Chile",183.0,7.704353332519531,7.7,0.004353332519531072,0.004353332519531072,11,5,AEDA|PB08|IQQE|PCHA|PB11
"M 7.7 - 53 km SW of Iquique, Chile",184.0,7.704524993896484,7.7,0.004524993896484197,0.004524993896484197,11,5,AEDA|PB08|IQQE|PCHA|PB11
"M 7.7 - 53 km SW of Iquique, Chile",185.0,7.704684257507324,7.7,0.004684257507324041,0.004684257507324041,11,5,AEDA|PB08|IQQE|PCHA|PB11
"M 7.7 - 53 km SW of Iquique, Chile",186.0,7.704830646514893,7.7,0.0048306465148924005,0.0048306465148924005,11,5,AEDA|PB08|IQQE|PCHA|PB11
"M 7.7 - 53 km SW of Iquique, Chile",187.0,7.704962730407715,7.7,0.004962730407714666,0.004962730407714666,11,5,AEDA|PB08|IQQE|PCHA|PB11
"M 7.7 - 53 km SW of Iquique, Chile",188.0,7.705079555511475,7.7,0.005079555511474432,0.005079555511474432,11,5,AEDA|PB08|IQQE|PCHA|PB11
"M 7.7 - 53 km SW of Iquique, Chile",189.0,7.705180644989014,7.7,0.005180644989013494,0.005180644989013494,11,5,AEDA|PB08|IQQE|PCHA|PB11
"M 7.7 - 53 km SW of Iquique, Chile",190.0,7.705265045166016,7.7,0.005265045166015447,0.005265045166015447,11,5,AEDA|PB08|IQQE|PCHA|PB11
"M 7.7 - 53 km SW of Iquique, Chile",191.0,7.705331325531006,7.7,0.005331325531005682,0.005331325531005682,11,5,AEDA|PB08|IQQE|PCHA|PB11
"M 7.7 - 53 km SW of Iquique, Chile",192.0,7.705379486083984,7.7,0.005379486083984197,0.005379486083984197,11,5,AEDA|PB08|IQQE|PCHA|PB11
"M 7.7 - 53 km SW of Iquique, Chile",193.0,7.705408573150635,7.7,0.005408573150634588,0.005408573150634588,11,5,AEDA|PB08|IQQE|PCHA|PB11
"M 7.7 - 53 km SW of Iquique, Chile",194.0,7.705417156219482,7.7,0.005417156219482244,0.005417156219482244,11,5,AEDA|PB08|IQQE|PCHA|PB11
"M 7.7 - 53 km SW of Iquique, Chile",195.0,7.705405235290527,7.7,0.005405235290527166,0.005405235290527166,11,5,AEDA|PB08|IQQE|PCHA|PB11
"M 7.7 - 53 km SW of Iquique, Chile",196.0,7.705371856689453,7.7,0.005371856689452947,0.005371856689452947,11,5,AEDA|PB08|IQQE|PCHA|PB11
"M 7.7 - 53 km SW of Iquique, Chile",197.0,7.705316066741943,7.7,0.005316066741943182,0.005316066741943182,11,5,AEDA|PB08|IQQE|PCHA|PB11
"M 7.7 - 53 km SW of Iquique, Chile",198.0,7.705236911773682,7.7,0.005236911773681463,0.005236911773681463,11,5,AEDA|PB08|IQQE|PCHA|PB11
"M 7.7 - 53 km SW of Iquique, Chile",199.0,7.705134868621826,7.7,0.005134868621825994,0.005134868621825994,11,5,AEDA|PB08|IQQE|PCHA|PB11
"M 7.7 - 53 km SW of Iquique, Chile",200.0,7.705008029937744,7.7,0.005008029937743963,0.005008029937743963,11,5,AEDA|PB08|IQQE|PCHA|PB11
"M 7.9 - 261 km SE of Chiniak, Alaska",36.0,7.983370304107666,7.9,0.08337030410766566,0.08337030410766566,1,1,AC67.GNSS
"M 7.9 - 261 km SE of Chiniak, Alaska",37.0,8.01737117767334,7.9,0.11737117767333949,0.11737117767333949,2,2,AC67.GNSS|AC34.GNSS
"M 7.9 - 261 km SE of Chiniak, Alaska",38.0,8.002721786499023,7.9,0.10272178649902308,0.10272178649902308,2,2,AC67.GNSS|AC34.GNSS
"M 7.9 - 261 km SE of Chiniak, Alaska",39.0,7.988156318664551,7.9,0.08815631866455043,0.08815631866455043,2,2,AC67.GNSS|AC34.GNSS
"M 7.9 - 261 km SE of Chiniak, Alaska",40.0,8.004486083984375,7.9,0.10448608398437464,0.10448608398437464,3,3,AC67.GNSS|AC34.GNSS|AC45.GNSS
"M 7.9 - 261 km SE of Chiniak, Alaska",41.0,8.0125732421875,7.9,0.11257324218749964,0.11257324218749964,4,4,AC67.GNSS|AC34.GNSS|AC38.GNSS|AC45.GNSS
"M 7.9 - 261 km SE of Chiniak, Alaska",42.0,8.009223937988281,7.9,0.1092239379882809,0.1092239379882809,5,5,AC67.GNSS|AC34.GNSS|AC02.GNSS|AC38.GNSS|AC45.GNSS
"M 7.9 - 261 km SE of Chiniak, Alaska",43.0,7.998288154602051,7.9,0.09828815460205043,0.09828815460205043,5,5,AC67.GNSS|AC34.GNSS|AC02.GNSS|AC38.GNSS|AC45.GNSS
"M 7.9 - 261 km SE of Chiniak, Alaska",44.0,7.987298965454102,7.9,0.08729896545410121,0.08729896545410121,5,5,AC67.GNSS|AC34.GNSS|AC02.GNSS|AC38.GNSS|AC45.GNSS
"M 7.9 - 261 km SE of Chiniak, Alaska",45.0,7.962528705596924,7.9,0.06252870559692347,0.06252870559692347,5,5,AC67.GNSS|AC34.GNSS|AC45.GNSS|AC02.GNSS|AC38.GNSS
"M 7.9 - 261 km SE of Chiniak, Alaska",46.0,7.9587721824646,7.9,0.058772182464599254,0.058772182464599254,5,5,AC67.GNSS|AC34.GNSS|AC45.GNSS|AC02.GNSS|AC38.GNSS
"M 7.9 - 261 km SE of Chiniak, Alaska",47.0,7.947656631469727,7.9,0.04765663146972621,0.04765663146972621,5,5,AC67.GNSS|AC34.GNSS|AC45.GNSS|AC02.GNSS|AC38.GNSS
"M 7.9 - 261 km SE of Chiniak, Alaska",48.0,8.089632034301758,7.9,0.18963203430175746,0.18963203430175746,6,5,AC18.GNSS|AC67.GNSS|AC34.GNSS|AC45.GNSS|AC02.GNSS
"M 7.9 - 261 km SE of Chiniak, Alaska",49.0,8.07947826385498,7.9,0.1794782638549801,0.1794782638549801,6,5,AC18.GNSS|AC67.GNSS|AC34.GNSS|AC45.GNSS|AC02.GNSS
"M 7.9 - 261 km SE of Chiniak, Alaska",50.0,8.016326904296875,7.9,0.11632690429687464,0.11632690429687464,9,5,AC35.GNSS|AC43.GNSS|AC18.GNSS|AC26.GNSS|AC67.GNSS
"M 7.9 - 261 km SE of Chiniak, Alaska",51.0,8.007165908813477,7.9,0.10716590881347621,0.10716590881347621,9,5,AC35.GNSS|AC43.GNSS|AC18.GNSS|AC26.GNSS|AC67.GNSS
"M 7.9 - 261 km SE of Chiniak, Alaska",52.0,7.9877142906188965,7.9,0.08771429061889613,0.08771429061889613,10,5,AC35.GNSS|AC43.GNSS|AC18.GNSS|AC26.GNSS|AC67.GNSS
"M 7.9 - 261 km SE of Chiniak, Alaska",53.0,8.035210609436035,7.9,0.1352106094360348,0.1352106094360348,12,5,SELD.GNSS|AC67.GNSS|AC35.GNSS|AC43.GNSS|AC29.GNSS
"M 7.9 - 261 km SE of Chiniak, Alaska",54.0,7.993413925170898,7.9,0.09341392517089808,0.09341392517089808,13,5,SELD.GNSS|AC67.GNSS|AC08.GNSS|AC35.GNSS|AC43.GNSS
"M 7.9 - 261 km SE of Chiniak, Alaska",55.0,7.977316856384277,7.9,0.07731685638427699,0.07731685638427699,14,5,AC67.GNSS|SELD.GNSS|AC34.GNSS|AC08.GNSS|AC35.GNSS
"M 7.9 - 261 km SE of Chiniak, Alaska",56.0,7.94026517868042,7.9,0.04026517868041957,0.04026517868041957,14,5,AC67.GNSS|AC34.GNSS|SELD.GNSS|AC08.GNSS|AC35.GNSS
"M 7.9 - 261 km SE of Chiniak, Alaska",57.0,8.061168670654297,7.9,0.16116867065429652,0.16116867065429652,18,5,AC67.GNSS|AV02.GNSS|AC34.GNSS|AV20.GNSS|SELD.GNSS
"M 7.9 - 261 km SE of Chiniak, Alaska",58.0,8.156149864196777,7.9,0.256149864196777,0.256149864196777,24,5,AV01.GNSS|AC67.GNSS|AV18.GNSS|AV04.GNSS|AV02.GNSS
"M 7.9 - 261 km SE of Chiniak, Alaska",59.0,8.133580207824707,7.9,0.23358020782470668,0.23358020782470668,24,5,AV01.GNSS|AC67.GNSS|AC34.GNSS|AV18.GNSS|AV02.GNSS
"M 7.9 - 261 km SE of Chiniak, Alaska",60.0,8.113934516906738,7.9,0.21393451690673793,0.21393451690673793,25,5,AC67.GNSS|AC34.GNSS|AV01.GNSS|AV18.GNSS|AV02.GNSS
"M 7.9 - 261 km SE of Chiniak, Alaska",61.0,8.107205390930176,7.9,0.20720539093017543,0.20720539093017543,26,5,AC67.GNSS|AC34.GNSS|AV01.GNSS|AV18.GNSS|AV02.GNSS
"M 7.9 - 261 km SE of Chiniak, Alaska",62.0,8.121041297912598,7.9,0.2210412979125973,0.2210412979125973,26,5,AC67.GNSS|AC34.GNSS|AV01.GNSS|AV18.GNSS|AV02.GNSS
"M 7.9 - 261 km SE of Chiniak, Alaska",63.0,8.010250091552734,7.9,0.11025009155273402,0.11025009155273402,27,5,AC67.GNSS|AC34.GNSS|AV01.GNSS|AC45.GNSS|AV18.GNSS
"M 7.9 - 261 km SE of Chiniak, Alaska",64.0,8.026551246643066,7.9,0.12655124664306605,0.12655124664306605,28,5,AC67.GNSS|AC34.GNSS|AV01.GNSS|AC15.GNSS|AC45.GNSS
"M 7.9 - 261 km SE of Chiniak, Alaska",65.0,8.054798126220703,7.9,0.15479812622070277,0.15479812622070277,30,5,AC67.GNSS|AC34.GNSS|AV01.GNSS|AC38.GNSS|AC45.GNSS
"M 7.9 - 261 km SE of Chiniak, Alaska",66.0,8.07123851776123,7.9,0.1712385177612301,0.1712385177612301,30,5,AC67.GNSS|AC34.GNSS|AC38.GNSS|AC45.GNSS|AV01.GNSS
"M 7.9 - 261 km SE of Chiniak, Alaska",67.0,8.063324928283691,7.9,0.16332492828369105,0.16332492828369105,31,5,AC67.GNSS|AC34.GNSS|AC38.GNSS|AC45.GNSS|AC02.GNSS
"M 7.9 - 261 km SE of Chiniak, Alaska",68.0,8.044360160827637,7.9,0.14436016082763636,0.14436016082763636,31,5,AC34.GNSS|AC67.GNSS|AC38.GNSS|AC45.GNSS|AC02.GNSS
"M 7.9 - 261 km SE of Chiniak, Alaska",69.0,8.035555839538574,7.9,0.13555583953857386,0.13555583953857386,36,5,AC34.GNSS|AC67.GNSS|AC38.GNSS|AC45.GNSS|AC02.GNSS
"M 7.9 - 261 km SE of Chiniak, Alaska",70.0,8.027368545532227,7.9,0.1273685455322262,0.1273685455322262,38,5,AC34.GNSS|AC67.GNSS|AC38.GNSS|AC45.GNSS|AC02.GNSS
"M 7.9 - 261 km SE of Chiniak, Alaska",71.0,8.022972106933594,7.9,0.1229721069335934,0.1229721069335934,39,5,AC34.GNSS|AC67.GNSS|AC38.GNSS|AC45.GNSS|AC02.GNSS
"M 7.9 - 261 km SE of Chiniak, Alaska",72.0,8.020788192749023,7.9,0.12078819274902308,0.12078819274902308,40,5,AC34.GNSS|AC67.GNSS|AC38.GNSS|AC45.GNSS|AC02.GNSS
"M 7.9 - 261 km SE of Chiniak, Alaska",73.0,8.017047882080078,7.9,0.11704788208007777,0.11704788208007777,40,5,AC34.GNSS|AC67.GNSS|AC38.GNSS|AC45.GNSS|AC02.GNSS
"M 7.9 - 261 km SE of Chiniak, Alaska",74.0,8.017353057861328,7.9,0.11735305786132777,0.11735305786132777,42,5,AC34.GNSS|AC67.GNSS|AC38.GNSS|AC02.GNSS|AC45.GNSS
"M 7.9 - 261 km SE of Chiniak, Alaska",75.0,8.013036727905273,7.9,0.11303672790527308,0.11303672790527308,43,5,AC34.GNSS|AC67.GNSS|AC38.GNSS|AC02.GNSS|AC45.GNSS
"M 7.9 - 261 km SE of Chiniak, Alaska",76.0,8.008172035217285,7.9,0.1081720352172848,0.1081720352172848,43,5,AC34.GNSS|AC67.GNSS|AC38.GNSS|AC02.GNSS|AC45.GNSS
"M 7.9 - 261 km SE of Chiniak, Alaska",77.0,8.004781723022461,7.9,0.10478172302246058,0.10478172302246058,44,5,AC34.GNSS|AC67.GNSS|AC38.GNSS|AC02.GNSS|AC45.GNSS
"M 7.9 - 261 km SE of Chiniak, Alaska",78.0,8.001489639282227,7.9,0.10148963928222621,0.10148963928222621,45,5,AC34.GNSS|AC67.GNSS|AC38.GNSS|AC02.GNSS|AC45.GNSS
"M 7.9 - 261 km SE of Chiniak, Alaska",79.0,7.999410152435303,7.9,0.09941015243530238,0.09941015243530238,47,5,AC34.GNSS|AC67.GNSS|AC38.GNSS|AC02.GNSS|AC45.GNSS
"M 7.9 - 261 km SE of Chiniak, Alaska",80.0,7.9962921142578125,7.9,0.09629211425781214,0.09629211425781214,48,5,AC34.GNSS|AC67.GNSS|AC38.GNSS|AC02.GNSS|AC45.GNSS
"M 7.9 - 261 km SE of Chiniak, Alaska",81.0,7.992168426513672,7.9,0.09216842651367152,0.09216842651367152,48,5,AC34.GNSS|AC67.GNSS|AC38.GNSS|AC02.GNSS|AC45.GNSS
"M 7.9 - 261 km SE of Chiniak, Alaska",82.0,7.990314960479736,7.9,0.09031496047973597,0.09031496047973597,50,5,AC34.GNSS|AC67.GNSS|AC38.GNSS|AC02.GNSS|AC45.GNSS
"M 7.9 - 261 km SE of Chiniak, Alaska",83.0,7.986385345458984,7.9,0.08638534545898402,0.08638534545898402,50,5,AC34.GNSS|AC67.GNSS|AC38.GNSS|AC02.GNSS|AC45.GNSS
"M 7.9 - 261 km SE of Chiniak, Alaska",84.0,8.02480411529541,7.9,0.1248041152954098,0.1248041152954098,50,5,AC34.GNSS|AC67.GNSS|AC38.GNSS|AC02.GNSS|AC29.GNSS
"M 7.9 - 261 km SE of Chiniak, Alaska",85.0,8.027791976928711,7.9,0.12779197692871058,0.12779197692871058,51,5,AC34.GNSS|AC67.GNSS|AC38.GNSS|AC02.GNSS|AC29.GNSS
"M 7.9 - 261 km SE of Chiniak, Alaska",86.0,8.025629997253418,7.9,0.1256299972534176,0.1256299972534176,52,5,AC34.GNSS|AC67.GNSS|AC38.GNSS|AC29.GNSS|AC02.GNSS
"M 7.9 - 261 km SE of Chiniak, Alaska",87.0,8.020482063293457,7.9,0.12048206329345668,0.12048206329345668,53,5,AC34.GNSS|AC67.GNSS|AC38.GNSS|AC29.GNSS|AC02.GNSS
"M 7.9 - 261 km SE of Chiniak, Alaska",88.0,8.040567398071289,7.9,0.1405673980712887,0.1405673980712887,54,5,AC34.GNSS|AC67.GNSS|AC38.GNSS|AC29.GNSS|AC02.GNSS
"M 7.9 - 261 km SE of Chiniak, Alaska",89.0,8.051199913024902,7.9,0.151199913024902,0.151199913024902,54,5,AC34.GNSS|AC67.GNSS|AC38.GNSS|AC29.GNSS|AC02.GNSS
"M 7.9 - 261 km SE of Chiniak, Alaska",90.0,8.073517799377441,7.9,0.17351779937744105,0.17351779937744105,55,5,AC34.GNSS|AC67.GNSS|AC38.GNSS|AC29.GNSS|AC02.GNSS
"M 7.9 - 261 km SE of Chiniak, Alaska",91.0,8.094879150390625,7.9,0.19487915039062464,0.19487915039062464,57,5,AC34.GNSS|AC67.GNSS|AC38.GNSS|AC29.GNSS|AC02.GNSS
"M 7.9 - 261 km SE of Chiniak, Alaska",92.0,8.103589057922363,7.9,0.20358905792236293,0.20358905792236293,58,5,AC34.GNSS|AC67.GNSS|AC38.GNSS|AC29.GNSS|AC02.GNSS
"M 7.9 - 261 km SE of Chiniak, Alaska",93.0,8.102840423583984,7.9,0.20284042358398402,0.20284042358398402,58,5,AC34.GNSS|AC67.GNSS|AC38.GNSS|AC29.GNSS|AC02.GNSS
"M 7.9 - 261 km SE of Chiniak, Alaska",94.0,8.092689514160156,7.9,0.1926895141601559,0.1926895141601559,58,5,AC34.GNSS|AC67.GNSS|AC38.GNSS|AC29.GNSS|AC02.GNSS
"M 7.9 - 261 km SE of Chiniak, Alaska",95.0,8.091944694519043,7.9,0.1919446945190426,0.1919446945190426,59,5,AC34.GNSS|AC67.GNSS|AC38.GNSS|AC02.GNSS|AC29.GNSS
"M 7.9 - 261 km SE of Chiniak, Alaska",96.0,8.084294319152832,7.9,0.18429431915283168,0.18429431915283168,59,5,AC34.GNSS|AC67.GNSS|AC38.GNSS|AC02.GNSS|AC45.GNSS
"M 7.9 - 261 km SE of Chiniak, Alaska",97.0,8.081027030944824,7.9,0.18102703094482386,0.18102703094482386,59,5,AC34.GNSS|AC67.GNSS|AC38.GNSS|AC45.GNSS|AC02.GNSS
"M 7.9 - 261 km SE of Chiniak, Alaska",98.0,8.082356452941895,7.9,0.18235645294189418,0.18235645294189418,61,5,AC34.GNSS|AC67.GNSS|AC38.GNSS|AC45.GNSS|AC02.GNSS
"M 7.9 - 261 km SE of Chiniak, Alaska",99.0,8.080716133117676,7.9,0.18071613311767543,0.18071613311767543,62,5,AC34.GNSS|AC67.GNSS|AC38.GNSS|AC45.GNSS|AC02.GNSS
"M 7.9 - 261 km SE of Chiniak, Alaska",100.0,8.078237533569336,7.9,0.17823753356933558,0.17823753356933558,62,5,AC34.GNSS|AC67.GNSS|AC38.GNSS|AC45.GNSS|AC02.GNSS
"M 7.9 - 261 km SE of Chiniak, Alaska",101.0,8.07683277130127,7.9,0.17683277130126918,0.17683277130126918,64,5,AC34.GNSS|AC67.GNSS|AC45.GNSS|AC38.GNSS|AC02.GNSS
"M 7.9 - 261 km SE of Chiniak, Alaska",102.0,8.077398300170898,7.9,0.17739830017089808,0.17739830017089808,64,5,AC34.GNSS|AC67.GNSS|AC45.GNSS|AC38.GNSS|AC02.GNSS
"M 7.9 - 261 km SE of Chiniak, Alaska",103.0,8.075870513916016,7.9,0.17587051391601527,0.17587051391601527,64,5,AC34.GNSS|AC67.GNSS|AC45.GNSS|AC38.GNSS|AC02.GNSS
"M 7.9 - 261 km SE of Chiniak, Alaska",104.0,8.074405670166016,7.9,0.17440567016601527,0.17440567016601527,64,5,AC34.GNSS|AC67.GNSS|AC45.GNSS|AC38.GNSS|AC02.GNSS
"M 7.9 - 261 km SE of Chiniak, Alaska",105.0,8.07295036315918,7.9,0.17295036315917933,0.17295036315917933,64,5,AC34.GNSS|AC67.GNSS|AC45.GNSS|AC38.GNSS|AC02.GNSS
"M 7.9 - 261 km SE of Chiniak, Alaska",106.0,8.070906639099121,7.9,0.17090663909912074,0.17090663909912074,64,5,AC34.GNSS|AC67.GNSS|AC45.GNSS|AC38.GNSS|AC02.GNSS
"M 7.9 - 261 km SE of Chiniak, Alaska",107.0,8.06891918182373,7.9,0.1689191818237301,0.1689191818237301,64,5,AC34.GNSS|AC67.GNSS|AC45.GNSS|AC38.GNSS|AC02.GNSS
"M 7.9 - 261 km SE of Chiniak, Alaska",108.0,8.066986083984375,7.9,0.16698608398437464,0.16698608398437464,64,5,AC34.GNSS|AC67.GNSS|AC45.GNSS|AC38.GNSS|AC02.GNSS
"M 7.9 - 261 km SE of Chiniak, Alaska",109.0,8.065106391906738,7.9,0.16510639190673793,0.16510639190673793,64,5,AC34.GNSS|AC67.GNSS|AC45.GNSS|AC38.GNSS|AC02.GNSS
"M 7.9 - 261 km SE of Chiniak, Alaska",110.0,8.063278198242188,7.9,0.16327819824218714,0.16327819824218714,64,5,AC34.GNSS|AC67.GNSS|AC45.GNSS|AC38.GNSS|AC02.GNSS
"M 7.9 - 261 km SE of Chiniak, Alaska",111.0,8.061497688293457,7.9,0.16149768829345668,0.16149768829345668,64,5,AC34.GNSS|AC67.GNSS|AC45.GNSS|AC38.GNSS|AC02.GNSS
"M 7.9 - 261 km SE of Chiniak, Alaska",112.0,8.05976390838623,7.9,0.1597639083862301,0.1597639083862301,64,5,AC34.GNSS|AC67.GNSS|AC45.GNSS|AC38.GNSS|AC02.GNSS
"M 7.9 - 261 km SE of Chiniak, Alaska",113.0,8.058075904846191,7.9,0.15807590484619105,0.15807590484619105,64,5,AC34.GNSS|AC67.GNSS|AC45.GNSS|AC38.GNSS|AC02.GNSS
"M 7.9 - 261 km SE of Chiniak, Alaska",114.0,8.056428909301758,7.9,0.15642890930175746,0.15642890930175746,64,5,AC34.GNSS|AC67.GNSS|AC45.GNSS|AC38.GNSS|AC02.GNSS
"M 7.9 - 261 km SE of Chiniak, Alaska",115.0,8.054823875427246,7.9,0.15482387542724574,0.15482387542724574,64,5,AC34.GNSS|AC67.GNSS|AC45.GNSS|AC38.GNSS|AC02.GNSS
"M 7.9 - 261 km SE of Chiniak, Alaska",116.0,8.053256034851074,7.9,0.15325603485107386,0.15325603485107386,64,5,AC34.GNSS|AC67.GNSS|AC45.GNSS|AC38.GNSS|AC02.GNSS
"M 7.9 - 261 km SE of Chiniak, Alaska",117.0,8.051724433898926,7.9,0.15172443389892543,0.15172443389892543,64,5,AC34.GNSS|AC67.GNSS|AC45.GNSS|AC38.GNSS|AC02.GNSS
"M 7.9 - 261 km SE of Chiniak, Alaska",118.0,8.050226211547852,7.9,0.1502262115478512,0.1502262115478512,64,5,AC34.GNSS|AC67.GNSS|AC45.GNSS|AC38.GNSS|AC02.GNSS
"M 7.9 - 261 km SE of Chiniak, Alaska",119.0,8.048759460449219,7.9,0.1487594604492184,0.1487594604492184,64,5,AC34.GNSS|AC67.GNSS|AC45.GNSS|AC38.GNSS|AC02.GNSS
"M 7.9 - 261 km SE of Chiniak, Alaska",120.0,8.047322273254395,7.9,0.14732227325439418,0.14732227325439418,64,5,AC34.GNSS|AC67.GNSS|AC45.GNSS|AC38.GNSS|AC02.GNSS
"M 7.9 - 261 km SE of Chiniak, Alaska",121.0,8.045910835266113,7.9,0.14591083526611293,0.14591083526611293,64,5,AC34.GNSS|AC67.GNSS|AC45.GNSS|AC38.GNSS|AC02.GNSS
"M 7.9 - 261 km SE of Chiniak, Alaska",122.0,8.044524192810059,7.9,0.14452419281005824,0.14452419281005824,64,5,AC34.GNSS|AC67.GNSS|AC45.GNSS|AC38.GNSS|AC02.GNSS
"M 7.9 - 261 km SE of Chiniak, Alaska",123.0,8.043159484863281,7.9,0.1431594848632809,0.1431594848632809,64,5,AC34.GNSS|AC67.GNSS|AC45.GNSS|AC38.GNSS|AC02.GNSS
"M 7.9 - 261 km SE of Chiniak, Alaska",124.0,8.041814804077148,7.9,0.14181480407714808,0.14181480407714808,64,5,AC34.GNSS|AC67.GNSS|AC45.GNSS|AC38.GNSS|AC02.GNSS
"M 7.9 - 261 km SE of Chiniak, Alaska",125.0,8.040486335754395,7.9,0.14048633575439418,0.14048633575439418,64,5,AC34.GNSS|AC67.GNSS|AC45.GNSS|AC38.GNSS|AC02.GNSS
"M 7.9 - 261 km SE of Chiniak, Alaska",126.0,8.039173126220703,7.9,0.13917312622070277,0.13917312622070277,64,5,AC34.GNSS|AC67.GNSS|AC45.GNSS|AC38.GNSS|AC02.GNSS
"M 7.9 - 261 km SE of Chiniak, Alaska",127.0,8.037872314453125,7.9,0.13787231445312464,0.13787231445312464,64,5,AC34.GNSS|AC67.GNSS|AC45.GNSS|AC38.GNSS|AC02.GNSS
"M 7.9 - 261 km SE of Chiniak, Alaska",128.0,8.036581039428711,7.9,0.13658103942871058,0.13658103942871058,64,5,AC34.GNSS|AC67.GNSS|AC45.GNSS|AC38.GNSS|AC02.GNSS
"M 7.9 - 261 km SE of Chiniak, Alaska",129.0,8.035297393798828,7.9,0.13529739379882777,0.13529739379882777,64,5,AC34.GNSS|AC67.GNSS|AC45.GNSS|AC38.GNSS|AC02.GNSS
"M 7.9 - 261 km SE of Chiniak, Alaska",130.0,8.034017562866211,7.9,0.13401756286621058,0.13401756286621058,64,5,AC34.GNSS|AC67.GNSS|AC45.GNSS|AC38.GNSS|AC02.GNSS
"M 7.9 - 261 km SE of Chiniak, Alaska",131.0,8.032740592956543,7.9,0.1327405929565426,0.1327405929565426,64,5,AC34.GNSS|AC67.GNSS|AC45.GNSS|AC38.GNSS|AC02.GNSS
"M 7.9 - 261 km SE of Chiniak, Alaska",132.0,8.031463623046875,7.9,0.13146362304687464,0.13146362304687464,64,5,AC34.GNSS|AC67.GNSS|AC45.GNSS|AC38.GNSS|AC02.GNSS
"M 7.9 - 261 km SE of Chiniak, Alaska",133.0,8.030183792114258,7.9,0.13018379211425746,0.13018379211425746,64,5,AC34.GNSS|AC67.GNSS|AC45.GNSS|AC38.GNSS|AC02.GNSS
"M 7.9 - 261 km SE of Chiniak, Alaska",134.0,8.028899192810059,7.9,0.12889919281005824,0.12889919281005824,64,5,AC34.GNSS|AC67.GNSS|AC45.GNSS|AC38.GNSS|AC02.GNSS
"M 7.9 - 261 km SE of Chiniak, Alaska",135.0,8.027606010437012,7.9,0.12760601043701136,0.12760601043701136,64,5,AC34.GNSS|AC67.GNSS|AC45.GNSS|AC38.GNSS|AC02.GNSS
"M 7.9 - 261 km SE of Chiniak, Alaska",136.0,8.0263032913208,7.9,0.12630329132080043,0.12630329132080043,64,5,AC34.GNSS|AC67.GNSS|AC45.GNSS|AC38.GNSS|AC02.GNSS
"M 7.9 - 261 km SE of Chiniak, Alaska",137.0,8.024988174438477,7.9,0.12498817443847621,0.12498817443847621,64,5,AC34.GNSS|AC67.GNSS|AC45.GNSS|AC38.GNSS|AC02.GNSS
"M 7.9 - 261 km SE of Chiniak, Alaska",138.0,8.023656845092773,7.9,0.12365684509277308,0.12365684509277308,64,5,AC34.GNSS|AC67.GNSS|AC45.GNSS|AC38.GNSS|AC02.GNSS
"M 7.9 - 261 km SE of Chiniak, Alaska",139.0,8.022309303283691,7.9,0.12230930328369105,0.12230930328369105,64,5,AC34.GNSS|AC67.GNSS|AC45.GNSS|AC38.GNSS|AC02.GNSS
"M 7.9 - 261 km SE of Chiniak, Alaska",140.0,8.020940780639648,7.9,0.12094078063964808,0.12094078063964808,64,5,AC34.GNSS|AC67.GNSS|AC45.GNSS|AC38.GNSS|AC02.GNSS
"M 7.9 - 261 km SE of Chiniak, Alaska",141.0,8.019550323486328,7.9,0.11955032348632777,0.11955032348632777,64,5,AC34.GNSS|AC67.GNSS|AC45.GNSS|AC38.GNSS|AC02.GNSS
"M 7.9 - 261 km SE of Chiniak, Alaska",142.0,8.018135070800781,7.9,0.1181350708007809,0.1181350708007809,64,5,AC34.GNSS|AC67.GNSS|AC45.GNSS|AC38.GNSS|AC02.GNSS
"M 7.9 - 261 km SE of Chiniak, Alaska",143.0,8.016692161560059,7.9,0.11669216156005824,0.11669216156005824,64,5,AC34.GNSS|AC67.GNSS|AC45.GNSS|AC38.GNSS|AC02.GNSS
"M 7.9 - 261 km SE of Chiniak, Alaska",144.0,8.015219688415527,7.9,0.11521968841552699,0.11521968841552699,64,5,AC34.GNSS|AC67.GNSS|AC45.GNSS|AC38.GNSS|AC02.GNSS
"M 7.9 - 261 km SE of Chiniak, Alaska",145.0,8.013715744018555,7.9,0.11371574401855433,0.11371574401855433,64,5,AC34.GNSS|AC67.GNSS|AC45.GNSS|AC38.GNSS|AC02.GNSS
"M 7.9 - 261 km SE of Chiniak, Alaska",146.0,8.012178421020508,7.9,0.11217842102050746,0.11217842102050746,64,5,AC34.GNSS|AC67.GNSS|AC45.GNSS|AC38.GNSS|AC02.GNSS
"M 7.9 - 261 km SE of Chiniak, Alaska",147.0,8.010603904724121,7.9,0.11060390472412074,0.11060390472412074,64,5,AC34.GNSS|AC67.GNSS|AC45.GNSS|AC38.GNSS|AC02.GNSS
"M 7.9 - 261 km SE of Chiniak, Alaska",148.0,8.008991241455078,7.9,0.10899124145507777,0.10899124145507777,64,5,AC34.GNSS|AC67.GNSS|AC45.GNSS|AC38.GNSS|AC02.GNSS
"M 7.9 - 261 km SE of Chiniak, Alaska",149.0,8.00733757019043,7.9,0.10733757019042933,0.10733757019042933,64,5,AC34.GNSS|AC67.GNSS|AC45.GNSS|AC38.GNSS|AC02.GNSS
"M 7.9 - 261 km SE of Chiniak, Alaska",150.0,8.00564193725586,7.9,0.10564193725585902,0.10564193725585902,64,5,AC34.GNSS|AC67.GNSS|AC45.GNSS|AC38.GNSS|AC02.GNSS
"M 7.9 - 261 km SE of Chiniak, Alaska",151.0,8.003900527954102,7.9,0.10390052795410121,0.10390052795410121,64,5,AC34.GNSS|AC67.GNSS|AC45.GNSS|AC38.GNSS|AC02.GNSS
"M 7.9 - 261 km SE of Chiniak, Alaska",152.0,8.002113342285156,7.9,0.1021133422851559,0.1021133422851559,64,5,AC34.GNSS|AC67.GNSS|AC45.GNSS|AC38.GNSS|AC02.GNSS
"M 7.9 - 261 km SE of Chiniak, Alaska",153.0,8.000277519226074,7.9,0.10027751922607386,0.10027751922607386,64,5,AC34.GNSS|AC67.GNSS|AC45.GNSS|AC38.GNSS|AC02.GNSS
"M 7.9 - 261 km SE of Chiniak, Alaska",154.0,7.998391151428223,7.9,0.0983911514282223,0.0983911514282223,64,5,AC34.GNSS|AC67.GNSS|AC45.GNSS|AC38.GNSS|AC02.GNSS
"M 7.9 - 261 km SE of Chiniak, Alaska",155.0,7.996452331542969,7.9,0.0964523315429684,0.0964523315429684,64,5,AC34.GNSS|AC67.GNSS|AC45.GNSS|AC38.GNSS|AC02.GNSS
"M 7.9 - 261 km SE of Chiniak, Alaska",156.0,7.994459629058838,7.9,0.09445962905883754,0.09445962905883754,64,5,AC34.GNSS|AC67.GNSS|AC45.GNSS|AC38.GNSS|AC02.GNSS
"M 7.9 - 261 km SE of Chiniak, Alaska",157.0,7.992411136627197,7.9,0.09241113662719691,0.09241113662719691,64,5,AC34.GNSS|AC67.GNSS|AC45.GNSS|AC38.GNSS|AC02.GNSS
"M 7.9 - 261 km SE of Chiniak, Alaska",158.0,7.990305423736572,7.9,0.09030542373657191,0.09030542373657191,64,5,AC34.GNSS|AC67.GNSS|AC45.GNSS|AC38.GNSS|AC02.GNSS
"M 7.9 - 261 km SE of Chiniak, Alaska",159.0,7.988141059875488,7.9,0.08814105987548793,0.08814105987548793,64,5,AC34.GNSS|AC67.GNSS|AC45.GNSS|AC38.GNSS|AC02.GNSS
"M 7.9 - 261 km SE of Chiniak, Alaska",160.0,7.9859161376953125,7.9,0.08591613769531214,0.08591613769531214,64,5,AC34.GNSS|AC67.GNSS|AC45.GNSS|AC38.GNSS|AC02.GNSS
"M 7.9 - 261 km SE of Chiniak, Alaska",161.0,7.9836297035217285,7.9,0.08362970352172816,0.08362970352172816,64,5,AC34.GNSS|AC67.GNSS|AC45.GNSS|AC38.GNSS|AC02.GNSS
"M 7.9 - 261 km SE of Chiniak, Alaska",162.0,7.98128080368042,7.9,0.08128080368041957,0.08128080368041957,64,5,AC34.GNSS|AC67.GNSS|AC45.GNSS|AC38.GNSS|AC02.GNSS
"M 7.9 - 261 km SE of Chiniak, Alaska",163.0,7.978867530822754,7.9,0.07886753082275355,0.07886753082275355,64,5,AC34.GNSS|AC67.GNSS|AC45.GNSS|AC38.GNSS|AC02.GNSS
"M 7.9 - 261 km SE of Chiniak, Alaska",164.0,7.976388931274414,7.9,0.07638893127441371,0.07638893127441371,64,5,AC34.GNSS|AC67.GNSS|AC45.GNSS|AC38.GNSS|AC02.GNSS
"M 7.9 - 261 km SE of Chiniak, Alaska",165.0,7.973844528198242,7.9,0.07384452819824183,0.07384452819824183,64,5,AC34.GNSS|AC67.GNSS|AC45.GNSS|AC38.GNSS|AC02.GNSS
"M 7.9 - 261 km SE of Chiniak, Alaska",166.0,7.9712324142456055,7.9,0.07123241424560511,0.07123241424560511,64,5,AC34.GNSS|AC67.GNSS|AC45.GNSS|AC38.GNSS|AC02.GNSS
"M 7.9 - 261 km SE of Chiniak, Alaska",167.0,7.968552589416504,7.9,0.06855258941650355,0.06855258941650355,64,5,AC34.GNSS|AC67.GNSS|AC45.GNSS|AC38.GNSS|AC02.GNSS
"M 7.9 - 261 km SE of Chiniak, Alaska",168.0,7.965803623199463,7.9,0.06580362319946254,0.06580362319946254,64,5,AC34.GNSS|AC67.GNSS|AC45.GNSS|AC38.GNSS|AC02.GNSS
"M 7.9 - 261 km SE of Chiniak, Alaska",169.0,7.962985038757324,7.9,0.06298503875732386,0.06298503875732386,64,5,AC34.GNSS|AC67.GNSS|AC45.GNSS|AC38.GNSS|AC02.GNSS
"M 7.9 - 261 km SE of Chiniak, Alaska",170.0,7.96009635925293,7.9,0.06009635925292933,0.06009635925292933,64,5,AC34.GNSS|AC67.GNSS|AC45.GNSS|AC38.GNSS|AC02.GNSS
"M 7.9 - 261 km SE of Chiniak, Alaska",171.0,7.957137107849121,7.9,0.05713710784912074,0.05713710784912074,64,5,AC34.GNSS|AC67.GNSS|AC45.GNSS|AC38.GNSS|AC02.GNSS
"M 7.9 - 261 km SE of Chiniak, Alaska",172.0,7.954106330871582,7.9,0.054106330871581676,0.054106330871581676,64,5,AC34.GNSS|AC67.GNSS|AC45.GNSS|AC38.GNSS|AC02.GNSS
"M 7.9 - 261 km SE of Chiniak, Alaska",173.0,7.9510040283203125,7.9,0.051004028320312145,0.051004028320312145,64,5,AC34.GNSS|AC67.GNSS|AC45.GNSS|AC38.GNSS|AC02.GNSS
"M 7.9 - 261 km SE of Chiniak, Alaska",174.0,7.947829723358154,7.9,0.04782972335815394,0.04782972335815394,64,5,AC34.GNSS|AC67.GNSS|AC45.GNSS|AC38.GNSS|AC02.GNSS
"M 7.9 - 261 km SE of Chiniak, Alaska",175.0,7.944583415985107,7.9,0.04458341598510707,0.04458341598510707,64,5,AC34.GNSS|AC67.GNSS|AC45.GNSS|AC38.GNSS|AC02.GNSS
"M 7.9 - 261 km SE of Chiniak, Alaska",176.0,7.941265106201172,7.9,0.04126510620117152,0.04126510620117152,64,5,AC34.GNSS|AC67.GNSS|AC45.GNSS|AC38.GNSS|AC02.GNSS
"M 7.9 - 261 km SE of Chiniak, Alaska",177.0,7.9378743171691895,7.9,0.0378743171691891,0.0378743171691891,64,5,AC34.GNSS|AC67.GNSS|AC45.GNSS|AC38.GNSS|AC02.GNSS
"M 7.9 - 261 km SE of Chiniak, Alaska",178.0,7.93441104888916,7.9,0.0344110488891598,0.0344110488891598,64,5,AC34.GNSS|AC67.GNSS|AC45.GNSS|AC38.GNSS|AC02.GNSS
"M 7.9 - 261 km SE of Chiniak, Alaska",179.0,7.930875301361084,7.9,0.03087530136108363,0.03087530136108363,64,5,AC34.GNSS|AC67.GNSS|AC45.GNSS|AC38.GNSS|AC02.GNSS
"M 7.9 - 261 km SE of Chiniak, Alaska",180.0,7.927268028259277,7.9,0.02726802825927699,0.02726802825927699,64,5,AC34.GNSS|AC67.GNSS|AC45.GNSS|AC38.GNSS|AC02.GNSS
"M 7.9 - 261 km SE of Chiniak, Alaska",181.0,7.923588752746582,7.9,0.023588752746581676,0.023588752746581676,64,5,AC34.GNSS|AC67.GNSS|AC45.GNSS|AC38.GNSS|AC02.GNSS
"M 7.9 - 261 km SE of Chiniak, Alaska",182.0,7.919837474822998,7.9,0.01983747482299769,0.01983747482299769,64,5,AC34.GNSS|AC67.GNSS|AC45.GNSS|AC38.GNSS|AC02.GNSS
"M 7.9 - 261 km SE of Chiniak, Alaska",183.0,7.916015625,7.9,0.016015624999999645,0.016015624999999645,64,5,AC34.GNSS|AC67.GNSS|AC45.GNSS|AC38.GNSS|AC02.GNSS
"M 7.9 - 261 km SE of Chiniak, Alaska",184.0,7.91212272644043,7.9,0.012122726440429332,0.012122726440429332,64,5,AC34.GNSS|AC67.GNSS|AC45.GNSS|AC38.GNSS|AC02.GNSS
"M 7.9 - 261 km SE of Chiniak, Alaska",185.0,7.908159255981445,7.9,0.008159255981444957,0.008159255981444957,64,5,AC34.GNSS|AC67.GNSS|AC45.GNSS|AC38.GNSS|AC02.GNSS
"M 7.9 - 261 km SE of Chiniak, Alaska",186.0,7.9041266441345215,7.9,0.004126644134521129,0.004126644134521129,64,5,AC34.GNSS|AC67.GNSS|AC45.GNSS|AC38.GNSS|AC02.GNSS
"M 7.9 - 261 km SE of Chiniak, Alaska",187.0,7.9000244140625,7.9,2.441406249964473e-05,2.441406249964473e-05,64,5,AC34.GNSS|AC67.GNSS|AC45.GNSS|AC38.GNSS|AC02.GNSS
"M 7.9 - 261 km SE of Chiniak, Alaska",188.0,7.895853519439697,7.9,-0.00414648056030309,0.00414648056030309,64,5,AC34.GNSS|AC67.GNSS|AC45.GNSS|AC38.GNSS|AC02.GNSS
"M 7.9 - 261 km SE of Chiniak, Alaska",189.0,7.89161491394043,7.9,-0.008385086059570668,0.008385086059570668,64,5,AC34.GNSS|AC67.GNSS|AC45.GNSS|AC38.GNSS|AC02.GNSS
"M 7.9 - 261 km SE of Chiniak, Alaska",190.0,7.8873090744018555,7.9,-0.012690925598144887,0.012690925598144887,64,5,AC34.GNSS|AC67.GNSS|AC45.GNSS|AC38.GNSS|AC02.GNSS
"M 7.9 - 261 km SE of Chiniak, Alaska",191.0,7.882936954498291,7.9,-0.01706304550170934,0.01706304550170934,64,5,AC34.GNSS|AC67.GNSS|AC45.GNSS|AC38.GNSS|AC02.GNSS
"M 7.9 - 261 km SE of Chiniak, Alaska",192.0,7.8784990310668945,7.9,-0.021500968933105824,0.021500968933105824,64,5,AC34.GNSS|AC67.GNSS|AC45.GNSS|AC38.GNSS|AC02.GNSS
"M 7.9 - 261 km SE of Chiniak, Alaska",193.0,7.873996734619141,7.9,-0.02600326538085973,0.02600326538085973,64,5,AC34.GNSS|AC67.GNSS|AC45.GNSS|AC38.GNSS|AC02.GNSS
"M 7.9 - 261 km SE of Chiniak, Alaska",194.0,7.869430065155029,7.9,-0.03056993484497106,0.03056993484497106,64,5,AC34.GNSS|AC67.GNSS|AC45.GNSS|AC38.GNSS|AC02.GNSS
"M 7.9 - 261 km SE of Chiniak, Alaska",195.0,7.864800930023193,7.9,-0.035199069976806996,0.035199069976806996,64,5,AC34.GNSS|AC67.GNSS|AC45.GNSS|AC38.GNSS|AC02.GNSS
"M 7.9 - 261 km SE of Chiniak, Alaska",196.0,7.860109329223633,7.9,-0.03989067077636754,0.03989067077636754,64,5,AC34.GNSS|AC67.GNSS|AC45.GNSS|AC38.GNSS|AC02.GNSS
"M 7.9 - 261 km SE of Chiniak, Alaska",197.0,7.8553571701049805,7.9,-0.044642829895019887,0.044642829895019887,64,5,AC34.GNSS|AC67.GNSS|AC45.GNSS|AC38.GNSS|AC02.GNSS
"M 7.9 - 261 km SE of Chiniak, Alaska",198.0,7.850544452667236,7.9,-0.04945554733276403,0.04945554733276403,64,5,AC34.GNSS|AC67.GNSS|AC45.GNSS|AC38.GNSS|AC02.GNSS
"M 7.9 - 261 km SE of Chiniak, Alaska",199.0,7.845673084259033,7.9,-0.05432691574096715,0.05432691574096715,64,5,AC34.GNSS|AC67.GNSS|AC45.GNSS|AC38.GNSS|AC02.GNSS
"M 7.9 - 261 km SE of Chiniak, Alaska",200.0,7.840743064880371,7.9,-0.05925693511962926,0.05925693511962926,64,5,AC34.GNSS|AC67.GNSS|AC45.GNSS|AC38.GNSS|AC02.GNSS
"M 6.6 - 44 km SE of Kangding, China",14.0,7.856536388397217,6.6,1.2565363883972172,1.2565363883972172,1,1,SCJL
"M 6.6 - 44 km SE of Kangding, China",15.0,7.959811687469482,6.6,1.3598116874694828,1.3598116874694828,2,2,SCYX|SCJL
"M 6.6 - 44 km SE of Kangding, China",16.0,7.950969219207764,6.6,1.350969219207764,1.350969219207764,2,2,SCYX|SCJL
"M 6.6 - 44 km SE of Kangding, China",17.0,7.9405927658081055,6.6,1.3405927658081058,1.3405927658081058,2,2,SCYX|SCJL
"M 6.6 - 44 km SE of Kangding, China",18.0,7.935812950134277,6.6,1.3358129501342777,1.3358129501342777,2,2,SCYX|SCJL
"M 6.6 - 44 km SE of Kangding, China",19.0,7.93586540222168,6.6,1.33586540222168,1.33586540222168,3,3,SCYX|SCXJ|SCJL
"M 6.6 - 44 km SE of Kangding, China",20.0,8.067689895629883,6.6,1.4676898956298832,1.4676898956298832,5,5,SCMB|SCYX|SCXD|SCXJ|SCJL
"M 6.6 - 44 km SE of Kangding, China",21.0,8.066376686096191,6.6,1.4663766860961918,1.4663766860961918,5,5,SCMB|SCYX|SCJL|SCXD|SCXJ
"M 6.6 - 44 km SE of Kangding, China",22.0,8.0646333694458,6.6,1.4646333694458011,1.4646333694458011,5,5,SCMB|SCYX|SCJL|SCXD|SCXJ
"M 6.6 - 44 km SE of Kangding, China",23.0,8.052135467529297,6.6,1.4521354675292972,1.4521354675292972,6,5,SCMB|SCYX|SCJL|SCDA|SCXD
"M 6.6 - 44 km SE of Kangding, China",24.0,8.037689208984375,6.6,1.4376892089843754,1.4376892089843754,6,5,SCMB|SCXD|SCJL|SCYX|SCDA
"M 6.6 - 44 km SE of Kangding, China",25.0,8.031460762023926,6.6,1.4314607620239261,1.4314607620239261,6,5,SCMB|SCJL|SCXD|SCYX|SCDA
"M 6.6 - 44 km SE of Kangding, China",26.0,7.978402137756348,6.6,1.378402137756348,1.378402137756348,6,5,SCMB|SCYX|SCJL|SCXD|SCDA
"M 6.6 - 44 km SE of Kangding, China",27.0,7.95828914642334,6.6,1.3582891464233402,1.3582891464233402,6,5,SCMB|SCYX|SCJL|SCXD|SCDA
"M 6.6 - 44 km SE of Kangding, China",28.0,7.951079368591309,6.6,1.351079368591309,1.351079368591309,6,5,SCMB|SCYX|SCJL|SCXD|SCDA
"M 6.6 - 44 km SE of Kangding, China",29.0,7.943469524383545,6.6,1.3434695243835453,1.3434695243835453,6,5,SCMB|SCYX|SCJL|SCXD|SCDA
"M 6.6 - 44 km SE of Kangding, China",30.0,7.935434818267822,6.6,1.3354348182678226,1.3354348182678226,6,5,SCMB|SCYX|SCJL|SCXD|SCDA
"M 6.6 - 44 km SE of Kangding, China",31.0,7.926953315734863,6.6,1.3269533157348636,1.3269533157348636,6,5,SCMB|SCYX|SCJL|SCXD|SCDA
"M 6.6 - 44 km SE of Kangding, China",32.0,7.918004035949707,6.6,1.3180040359497074,1.3180040359497074,6,5,SCMB|SCYX|SCJL|SCXD|SCDA
"M 6.6 - 44 km SE of Kangding, China",33.0,7.908569812774658,6.6,1.3085698127746586,1.3085698127746586,6,5,SCMB|SCYX|SCJL|SCXD|SCDA
"M 6.6 - 44 km SE of Kangding, China",34.0,7.896175861358643,6.6,1.296175861358643,1.296175861358643,6,5,SCMB|SCYX|SCJL|SCXD|SCDA
"M 6.6 - 44 km SE of Kangding, China",35.0,7.883983612060547,6.6,1.2839836120605472,1.2839836120605472,6,5,SCMB|SCYX|SCJL|SCXD|SCDA
"M 6.6 - 44 km SE of Kangding, China",36.0,7.863684177398682,6.6,1.263684177398682,1.263684177398682,6,5,SCMB|SCYX|SCDA|SCJL|SCXD
"M 6.6 - 44 km SE of Kangding, China",37.0,7.882516860961914,6.6,1.2825168609619144,1.2825168609619144,6,5,SCMB|SCYX|SCDA|SCJL|SCXD
"M 6.6 - 44 km SE of Kangding, China",38.0,7.893294811248779,6.6,1.2932948112487797,1.2932948112487797,6,5,SCMB|SCDA|SCYX|SCJL|SCXD
"M 6.6 - 44 km SE of Kangding, China",39.0,7.881500720977783,6.6,1.2815007209777836,1.2815007209777836,6,5,SCMB|SCDA|SCYX|SCJL|SCXD
"M 6.6 - 44 km SE of Kangding, China",40.0,7.869206428527832,6.6,1.2692064285278324,1.2692064285278324,6,5,SCMB|SCDA|SCYX|SCJL|SCXD
"M 6.6 - 44 km SE of Kangding, China",41.0,7.856419563293457,6.6,1.2564195632934574,1.2564195632934574,6,5,SCMB|SCDA|SCYX|SCJL|SCXD
"M 6.6 - 44 km SE of Kangding, China",42.0,7.843151569366455,6.6,1.2431515693664554,1.2431515693664554,6,5,SCMB|SCDA|SCYX|SCJL|SCXD
"M 6.6 - 44 km SE of Kangding, China",43.0,7.683663845062256,6.6,1.0836638450622562,1.0836638450622562,6,5,SCMB|SCJL|SCDA|SCYX|SCXD
"M 6.6 - 44 km SE of Kangding, China",44.0,7.575352191925049,6.6,0.9753521919250492,0.9753521919250492,6,5,SCJL|SCMB|SCDA|SCYX|SCXD
"M 6.6 - 44 km SE of Kangding, China",45.0,7.590614318847656,6.6,0.9906143188476566,0.9906143188476566,6,5,SCJL|SCMB|SCDA|SCYX|SCXD
"M 6.6 - 44 km SE of Kangding, China",46.0,7.574729919433594,6.6,0.9747299194335941,0.9747299194335941,6,5,SCJL|SCMB|SCDA|SCYX|SCXD
"M 6.6 - 44 km SE of Kangding, China",47.0,7.5587158203125,6.6,0.9587158203125004,0.9587158203125004,6,5,SCJL|SCMB|SCDA|SCYX|SCXD
"M 6.6 - 44 km SE of Kangding, China",48.0,7.542599678039551,6.6,0.9425996780395511,0.9425996780395511,6,5,SCJL|SCMB|SCDA|SCYX|SCXD
"M 6.6 - 44 km SE of Kangding, China",49.0,7.526412010192871,6.6,0.9264120101928714,0.9264120101928714,6,5,SCJL|SCMB|SCDA|SCYX|SCXD
"M 6.6 - 44 km SE of Kangding, China",50.0,7.54167366027832,6.6,0.9416736602783207,0.9416736602783207,6,5,SCJL|SCMB|SCDA|SCYX|SCXD
"M 6.6 - 44 km SE of Kangding, China",51.0,7.635189533233643,6.6,1.035189533233643,1.035189533233643,6,5,SCJL|SCMB|SCDA|SCYX|SCXD
"M 6.6 - 44 km SE of Kangding, China",52.0,7.642578125,6.6,1.0425781250000004,1.0425781250000004,6,5,SCMB|SCJL|SCDA|SCYX|SCXD
"M 6.6 - 44 km SE of Kangding, China",53.0,7.626407623291016,6.6,1.026407623291016,1.026407623291016,6,5,SCMB|SCJL|SCDA|SCYX|SCXD
"M 6.6 - 44 km SE of Kangding, China",54.0,7.623263359069824,6.6,1.0232633590698246,1.0232633590698246,6,5,SCMB|SCJL|SCDA|SCYX|SCXD
"M 6.6 - 44 km SE of Kangding, China",55.0,7.635082721710205,6.6,1.0350827217102054,1.0350827217102054,6,5,SCMB|SCJL|SCDA|SCYX|SCXD
"M 6.6 - 44 km SE of Kangding, China",56.0,7.643022537231445,6.6,1.0430225372314457,1.0430225372314457,6,5,SCMB|SCJL|SCDA|SCYX|SCXD
"M 6.6 - 44 km SE of Kangding, China",57.0,7.626476287841797,6.6,1.0264762878417972,1.0264762878417972,6,5,SCMB|SCJL|SCDA|SCYX|SCXD
"M 6.6 - 44 km SE of Kangding, China",58.0,7.609738349914551,6.6,1.0097383499145511,1.0097383499145511,6,5,SCMB|SCJL|SCDA|SCYX|SCXD
"M 6.6 - 44 km SE of Kangding, China",59.0,7.592951774597168,6.6,0.9929517745971683,0.9929517745971683,6,5,SCMB|SCJL|SCDA|SCYX|SCXD
"M 6.6 - 44 km SE of Kangding, China",60.0,7.576144218444824,6.6,0.9761442184448246,0.9761442184448246,6,5,SCMB|SCJL|SCDA|SCYX|SCXD
"M 6.6 - 44 km SE of Kangding, China",61.0,7.559340953826904,6.6,0.9593409538269047,0.9593409538269047,6,5,SCMB|SCJL|SCDA|SCYX|SCXD
"M 6.6 - 44 km SE of Kangding, China",62.0,7.542565822601318,6.6,0.9425658226013187,0.9425658226013187,6,5,SCMB|SCJL|SCDA|SCYX|SCXD
"M 6.6 - 44 km SE of Kangding, China",63.0,7.525841236114502,6.6,0.9258412361145023,0.9258412361145023,6,5,SCMB|SCJL|SCDA|SCYX|SCXD
"M 6.6 - 44 km SE of Kangding, China",64.0,7.5091872215271,6.6,0.9091872215271,0.9091872215271,6,5,SCMB|SCJL|SCYX|SCDA|SCXD
"M 6.6 - 44 km SE of Kangding, China",65.0,7.492620944976807,6.6,0.892620944976807,0.892620944976807,6,5,SCMB|SCJL|SCYX|SCDA|SCXD
"M 6.6 - 44 km SE of Kangding, China",66.0,7.476158618927002,6.6,0.8761586189270023,0.8761586189270023,6,5,SCMB|SCJL|SCYX|SCDA|SCXD
"M 6.6 - 44 km SE of Kangding, China",67.0,7.459812641143799,6.6,0.8598126411437992,0.8598126411437992,6,5,SCMB|SCJL|SCYX|SCDA|SCXD
"M 6.6 - 44 km SE of Kangding, China",68.0,7.443594455718994,6.6,0.8435944557189945,0.8435944557189945,6,5,SCMB|SCJL|SCYX|SCDA|SCXD
"M 6.6 - 44 km SE of Kangding, China",69.0,7.427513122558594,6.6,0.8275131225585941,0.8275131225585941,6,5,SCMB|SCJL|SCYX|SCDA|SCXD
"M 6.6 - 44 km SE of Kangding, China",70.0,7.411576747894287,6.6,0.8115767478942875,0.8115767478942875,6,5,SCMB|SCJL|SCYX|SCDA|SCXD
"M 6.6 - 44 km SE of Kangding, China",71.0,7.395790100097656,6.6,0.7957901000976566,0.7957901000976566,6,5,SCMB|SCJL|SCYX|SCDA|SCXD
"M 6.6 - 44 km SE of Kangding, China",72.0,7.380158424377441,6.6,0.7801584243774418,0.7801584243774418,6,5,SCMB|SCJL|SCYX|SCDA|SCXD
"M 6.6 - 44 km SE of Kangding, China",73.0,7.364684104919434,6.6,0.764684104919434,0.764684104919434,6,5,SCMB|SCJL|SCYX|SCDA|SCXD
"M 6.6 - 44 km SE of Kangding, China",74.0,7.34937047958374,6.6,0.7493704795837406,0.7493704795837406,6,5,SCMB|SCJL|SCYX|SCDA|SCXD
"M 6.6 - 44 km SE of Kangding, China",75.0,7.334218978881836,6.6,0.7342189788818363,0.7342189788818363,6,5,SCMB|SCJL|SCYX|SCDA|SCXD
"M 6.6 - 44 km SE of Kangding, China",76.0,7.319231986999512,6.6,0.7192319869995121,0.7192319869995121,6,5,SCMB|SCJL|SCYX|SCDA|SCXD
"M 6.6 - 44 km SE of Kangding, China",77.0,7.265737056732178,6.6,0.6657370567321781,0.6657370567321781,6,5,SCMB|SCJL|SCDA|SCYX|SCXD
"M 6.6 - 44 km SE of Kangding, China",78.0,7.256209373474121,6.6,0.6562093734741214,0.6562093734741214,6,5,SCMB|SCJL|SCDA|SCYX|SCXD
"M 6.6 - 44 km SE of Kangding, China",79.0,7.246539115905762,6.6,0.6465391159057621,0.6465391159057621,6,5,SCMB|SCJL|SCDA|SCYX|SCXD
"M 6.6 - 44 km SE of Kangding, China",80.0,7.236978530883789,6.6,0.6369785308837894,0.6369785308837894,6,5,SCMB|SCJL|SCDA|SCYX|SCXD
"M 6.6 - 44 km SE of Kangding, China",81.0,7.227519989013672,6.6,0.6275199890136722,0.6275199890136722,6,5,SCMB|SCJL|SCDA|SCYX|SCXD
"M 6.6 - 44 km SE of Kangding, China",82.0,7.218156814575195,6.6,0.6181568145751957,0.6181568145751957,6,5,SCMB|SCJL|SCDA|SCYX|SCXD
"M 6.6 - 44 km SE of Kangding, China",83.0,7.208883762359619,6.6,0.6088837623596195,0.6088837623596195,6,5,SCMB|SCJL|SCDA|SCYX|SCXD
"M 6.6 - 44 km SE of Kangding, China",84.0,7.1996965408325195,6.6,0.5996965408325199,0.5996965408325199,6,5,SCMB|SCJL|SCDA|SCYX|SCXD
"M 6.6 - 44 km SE of Kangding, China",85.0,7.190593719482422,6.6,0.5905937194824222,0.5905937194824222,6,5,SCMB|SCJL|SCDA|SCYX|SCXD
"M 6.6 - 44 km SE of Kangding, China",86.0,7.181573390960693,6.6,0.5815733909606937,0.5815733909606937,6,5,SCMB|SCJL|SCDA|SCYX|SCXD
"M 6.6 - 44 km SE of Kangding, China",87.0,7.172635555267334,6.6,0.5726355552673343,0.5726355552673343,6,5,SCMB|SCJL|SCDA|SCYX|SCXD
"M 6.6 - 44 km SE of Kangding, China",88.0,7.16378116607666,6.6,0.5637811660766605,0.5637811660766605,6,5,SCMB|SCJL|SCDA|SCYX|SCXD
"M 6.6 - 44 km SE of Kangding, China",89.0,7.1550116539001465,6.6,0.5550116539001468,0.5550116539001468,6,5,SCMB|SCJL|SCYX|SCDA|SCXD
"M 6.6 - 44 km SE of Kangding, China",90.0,7.125574588775635,6.6,0.5255745887756351,0.5255745887756351,6,5,SCMB|SCYX|SCJL|SCDA|SCXD
"M 6.6 - 44 km SE of Kangding, China",91.0,7.113193988800049,6.6,0.5131939888000492,0.5131939888000492,6,5,SCMB|SCYX|SCJL|SCDA|SCXD
"M 6.6 - 44 km SE of Kangding, China",92.0,7.106521129608154,6.6,0.5065211296081547,0.5065211296081547,6,5,SCMB|SCYX|SCJL|SCDA|SCXD
"M 6.6 - 44 km SE of Kangding, China",93.0,7.099917411804199,6.6,0.4999174118041996,0.4999174118041996,6,5,SCMB|SCYX|SCJL|SCDA|SCXD
"M 6.6 - 44 km SE of Kangding, China",94.0,7.066941261291504,6.6,0.46694126129150426,0.46694126129150426,6,5,SCMB|SCYX|SCJL|SCDA|SCXJ
"M 6.6 - 44 km SE of Kangding, China",95.0,7.060489654541016,6.6,0.460489654541016,0.460489654541016,6,5,SCMB|SCYX|SCJL|SCDA|SCXJ
"M 6.6 - 44 km SE of Kangding, China",96.0,7.054118633270264,6.6,0.454118633270264,0.454118633270264,6,5,SCMB|SCYX|SCJL|SCDA|SCXJ
"M 6.6 - 44 km SE of Kangding, China",97.0,7.047831058502197,6.6,0.4478310585021976,0.4478310585021976,6,5,SCMB|SCYX|SCJL|SCDA|SCXJ
"M 6.6 - 44 km SE of Kangding, China",98.0,7.041629314422607,6.6,0.4416293144226078,0.4416293144226078,6,5,SCMB|SCYX|SCJL|SCDA|SCXJ
"M 6.6 - 44 km SE of Kangding, China",99.0,7.035515785217285,6.6,0.4355157852172855,0.4355157852172855,6,5,SCMB|SCYX|SCJL|SCDA|SCXJ
"M 6.6 - 44 km SE of Kangding, China",100.0,7.029493808746338,6.6,0.42949380874633825,0.42949380874633825,6,5,SCMB|SCYX|SCJL|SCDA|SCXJ
"M 6.6 - 44 km SE of Kangding, China",101.0,7.023565292358398,6.6,0.4235652923583988,0.4235652923583988,6,5,SCMB|SCYX|SCJL|SCDA|SCXJ
"M 6.6 - 44 km SE of Kangding, China",102.0,7.017732620239258,6.6,0.41773262023925817,0.41773262023925817,6,5,SCMB|SCYX|SCJL|SCDA|SCXJ
"M 6.6 - 44 km SE of Kangding, China",103.0,7.011997699737549,6.6,0.4119976997375492,0.4119976997375492,6,5,SCMB|SCYX|SCJL|SCDA|SCXJ
"M 6.6 - 44 km SE of Kangding, China",104.0,7.006362438201904,6.6,0.40636243820190465,0.40636243820190465,6,5,SCMB|SCYX|SCJL|SCDA|SCXJ
"M 6.6 - 44 km SE of Kangding, China",105.0,7.000829219818115,6.6,0.4008292198181156,0.4008292198181156,6,5,SCMB|SCYX|SCJL|SCDA|SCXJ
"M 6.6 - 44 km SE of Kangding, China",106.0,6.995398044586182,6.6,0.395398044586182,0.395398044586182,6,5,SCMB|SCYX|SCJL|SCDA|SCXJ
"M 6.6 - 44 km SE of Kangding, China",107.0,6.990070819854736,6.6,0.3900708198547367,0.3900708198547367,6,5,SCMB|SCYX|SCJL|SCDA|SCXJ
"M 6.6 - 44 km SE of Kangding, China",108.0,6.984847068786621,6.6,0.38484706878662145,0.38484706878662145,6,5,SCMB|SCYX|SCJL|SCDA|SCXJ
"M 6.6 - 44 km SE of Kangding, China",109.0,6.979728698730469,6.6,0.3797286987304691,0.3797286987304691,6,5,SCMB|SCYX|SCJL|SCDA|SCXJ
"M 6.6 - 44 km SE of Kangding, China",110.0,6.974714756011963,6.6,0.37471475601196325,0.37471475601196325,6,5,SCMB|SCYX|SCJL|SCDA|SCXJ
"M 6.6 - 44 km SE of Kangding, China",111.0,6.9698052406311035,6.6,0.36980524063110387,0.36980524063110387,6,5,SCMB|SCYX|SCJL|SCDA|SCXJ
"M 6.6 - 44 km SE of Kangding, China",112.0,6.964999675750732,6.6,0.3649996757507328,0.3649996757507328,6,5,SCMB|SCYX|SCJL|SCDA|SCXJ
"M 6.6 - 44 km SE of Kangding, China",113.0,6.960297584533691,6.6,0.36029758453369176,0.36029758453369176,6,5,SCMB|SCYX|SCJL|SCDA|SCXJ
"M 6.6 - 44 km SE of Kangding, China",114.0,6.955697059631348,6.6,0.355697059631348,0.355697059631348,6,5,SCMB|SCYX|SCJL|SCDA|SCXJ
"M 6.6 - 44 km SE of Kangding, China",115.0,6.975701808929443,6.6,0.3757018089294437,0.3757018089294437,6,5,SCMB|SCYX|SCJL|SCDA|SCXD
"M 6.6 - 44 km SE of Kangding, China",116.0,6.970849514007568,6.6,0.3708495140075687,0.3708495140075687,6,5,SCMB|SCYX|SCJL|SCXD|SCDA
"M 6.6 - 44 km SE of Kangding, China",117.0,6.9671149253845215,6.6,0.36711492538452184,0.36711492538452184,6,5,SCMB|SCYX|SCJL|SCXD|SCDA
"M 6.6 - 44 km SE of Kangding, China",118.0,6.963416576385498,6.6,0.3634165763854984,0.3634165763854984,6,5,SCMB|SCYX|SCJL|SCXD|SCDA
"M 6.6 - 44 km SE of Kangding, China",119.0,6.968545436859131,6.6,0.3685454368591312,0.3685454368591312,6,5,SCMB|SCYX|SCJL|SCXD|SCDA
"M 6.6 - 44 km SE of Kangding, China",120.0,6.974620819091797,6.6,0.37462081909179723,0.37462081909179723,6,5,SCMB|SCYX|SCXD|SCJL|SCDA
"M 6.6 - 44 km SE of Kangding, China",121.0,6.972558975219727,6.6,0.3725589752197269,0.3725589752197269,6,5,SCMB|SCYX|SCXD|SCJL|SCDA
"M 6.6 - 44 km SE of Kangding, China",122.0,6.968794822692871,6.6,0.36879482269287145,0.36879482269287145,6,5,SCMB|SCYX|SCXD|SCJL|SCDA
"M 6.6 - 44 km SE of Kangding, China",123.0,6.968575954437256,6.6,0.3685759544372562,0.3685759544372562,6,5,SCMB|SCYX|SCXD|SCJL|SCDA
"M 6.6 - 44 km SE of Kangding, China",124.0,6.965007305145264,6.6,0.365007305145264,0.365007305145264,6,5,SCMB|SCYX|SCXD|SCJL|SCDA
"M 6.6 - 44 km SE of Kangding, China",125.0,6.961503028869629,6.6,0.36150302886962926,0.36150302886962926,6,5,SCMB|SCYX|SCXD|SCJL|SCDA
"M 6.6 - 44 km SE of Kangding, China",126.0,6.958061218261719,6.6,0.3580612182617191,0.3580612182617191,6,5,SCMB|SCYX|SCXD|SCJL|SCDA
"M 6.6 - 44 km SE of Kangding, China",127.0,6.9546799659729,6.6,0.35467996597290075,0.35467996597290075,6,5,SCMB|SCYX|SCXD|SCJL|SCDA
"M 6.6 - 44 km SE of Kangding, China",128.0,6.951357364654541,6.6,0.35135736465454137,0.35135736465454137,6,5,SCMB|SCYX|SCXD|SCJL|SCDA
"M 6.6 - 44 km SE of Kangding, China",129.0,6.948091506958008,6.6,0.34809150695800817,0.34809150695800817,6,5,SCMB|SCYX|SCXD|SCJL|SCDA
"M 6.6 - 44 km SE of Kangding, China",130.0,6.944880485534668,6.6,0.3448804855346683,0.3448804855346683,6,5,SCMB|SCYX|SCXD|SCJL|SCDA
"M 6.6 - 44 km SE of Kangding, China",131.0,6.941722393035889,6.6,0.341722393035889,0.341722393035889,6,5,SCMB|SCYX|SCXD|SCJL|SCDA
"M 6.6 - 44 km SE of Kangding, China",132.0,6.938614845275879,6.6,0.33861484527587926,0.33861484527587926,6,5,SCMB|SCYX|SCXD|SCJL|SCDA
"M 6.6 - 44 km SE of Kangding, China",133.0,6.935555934906006,6.6,0.3355559349060062,0.3355559349060062,6,5,SCMB|SCYX|SCXD|SCJL|SCDA
"M 6.6 - 44 km SE of Kangding, China",134.0,6.932543754577637,6.6,0.3325437545776371,0.3325437545776371,6,5,SCMB|SCYX|SCXD|SCJL|SCDA
"M 6.6 - 44 km SE of Kangding, China",135.0,6.929576396942139,6.6,0.329576396942139,0.329576396942139,6,5,SCMB|SCYX|SCXD|SCJL|SCDA
"M 6.6 - 44 km SE of Kangding, China",136.0,6.9266510009765625,6.6,0.32665100097656286,0.32665100097656286,6,5,SCMB|SCYX|SCXD|SCJL|SCDA
"M 6.6 - 44 km SE of Kangding, China",137.0,6.923766136169434,6.6,0.32376613616943395,0.32376613616943395,6,5,SCMB|SCYX|SCXD|SCJL|SCDA
"M 6.6 - 44 km SE of Kangding, China",138.0,6.920919895172119,6.6,0.3209198951721195,0.3209198951721195,6,5,SCMB|SCYX|SCXD|SCJL|SCDA
"M 6.6 - 44 km SE of Kangding, China",139.0,6.918109893798828,6.6,0.3181098937988285,0.3181098937988285,6,5,SCMB|SCYX|SCXD|SCJL|SCDA
"M 6.6 - 44 km SE of Kangding, China",140.0,6.915334701538086,6.6,0.3153347015380863,0.3153347015380863,6,5,SCMB|SCYX|SCXD|SCJL|SCDA
"M 6.6 - 44 km SE of Kangding, China",141.0,6.912591457366943,6.6,0.3125914573669437,0.3125914573669437,6,5,SCMB|SCYX|SCXD|SCJL|SCDA
"M 6.6 - 44 km SE of Kangding, China",142.0,6.909878730773926,6.6,0.30987873077392614,0.30987873077392614,6,5,SCMB|SCYX|SCXD|SCJL|SCDA
"M 6.6 - 44 km SE of Kangding, China",143.0,6.907194137573242,6.6,0.30719413757324254,0.30719413757324254,6,5,SCMB|SCYX|SCXD|SCJL|SCDA
"M 6.6 - 44 km SE of Kangding, China",144.0,6.922183513641357,6.6,0.3221835136413578,0.3221835136413578,6,5,SCMB|SCYX|SCXD|SCJL|SCDA
"M 6.6 - 44 km SE of Kangding, China",145.0,6.936156272888184,6.6,0.33615627288818395,0.33615627288818395,6,5,SCMB|SCYX|SCXD|SCJL|SCDA
"M 6.6 - 44 km SE of Kangding, China",146.0,6.933616638183594,6.6,0.3336166381835941,0.3336166381835941,6,5,SCMB|SCYX|SCXD|SCJL|SCDA
"M 6.6 - 44 km SE of Kangding, China",147.0,6.931094169616699,6.6,0.3310941696166996,0.3310941696166996,6,5,SCMB|SCYX|SCXD|SCJL|SCDA
"M 6.6 - 44 km SE of Kangding, China",148.0,6.928586959838867,6.6,0.32858695983886754,0.32858695983886754,6,5,SCMB|SCYX|SCXD|SCJL|SCDA
"M 6.6 - 44 km SE of Kangding, China",149.0,6.926094055175781,6.6,0.3260940551757816,0.3260940551757816,6,5,SCMB|SCYX|SCXD|SCJL|SCDA
"M 6.6 - 44 km SE of Kangding, China",150.0,6.923614025115967,6.6,0.32361402511596715,0.32361402511596715,6,5,SCMB|SCYX|SCXD|SCJL|SCDA
"M 6.6 - 44 km SE of Kangding, China",151.0,6.921144962310791,6.6,0.32114496231079137,0.32114496231079137,6,5,SCMB|SCYX|SCXD|SCJL|SCDA
"M 6.6 - 44 km SE of Kangding, China",152.0,6.918686389923096,6.6,0.31868638992309606,0.31868638992309606,6,5,SCMB|SCYX|SCXD|SCJL|SCDA
"M 6.6 - 44 km SE of Kangding, China",153.0,6.916236400604248,6.6,0.3162364006042484,0.3162364006042484,6,5,SCMB|SCYX|SCXD|SCJL|SCDA
"M 6.6 - 44 km SE of Kangding, China",154.0,6.913793563842773,6.6,0.3137935638427738,0.3137935638427738,6,5,SCMB|SCYX|SCXD|SCJL|SCDA
"M 6.6 - 44 km SE of Kangding, China",155.0,6.911357402801514,6.6,0.311357402801514,0.311357402801514,6,5,SCMB|SCYX|SCXD|SCJL|SCDA
"M 6.6 - 44 km SE of Kangding, China",156.0,6.908925533294678,6.6,0.3089255332946781,0.3089255332946781,6,5,SCMB|SCYX|SCXD|SCJL|SCDA
"M 6.6 - 44 km SE of Kangding, China",157.0,6.906497955322266,6.6,0.306497955322266,0.306497955322266,6,5,SCMB|SCYX|SCXD|SCJL|SCDA
"M 6.6 - 44 km SE of Kangding, China",158.0,6.9040727615356445,6.6,0.3040727615356449,0.3040727615356449,6,5,SCMB|SCYX|SCXD|SCJL|SCDA
"M 6.6 - 44 km SE of Kangding, China",159.0,6.901648998260498,6.6,0.3016489982604984,0.3016489982604984,6,5,SCMB|SCYX|SCXD|SCJL|SCDA
"M 6.6 - 44 km SE of Kangding, China",160.0,6.899225234985352,6.6,0.2992252349853519,0.2992252349853519,6,5,SCMB|SCYX|SCXD|SCJL|SCDA
"M 6.6 - 44 km SE of Kangding, China",161.0,6.896800994873047,6.6,0.29680099487304723,0.29680099487304723,6,5,SCMB|SCYX|SCXD|SCJL|SCDA
"M 6.6 - 44 km SE of Kangding, China",162.0,6.894375324249268,6.6,0.29437532424926793,0.29437532424926793,6,5,SCMB|SCYX|SCXD|SCJL|SCDA
"M 6.6 - 44 km SE of Kangding, China",163.0,6.891946315765381,6.6,0.2919463157653812,0.2919463157653812,6,5,SCMB|SCYX|SCXD|SCJL|SCDA
"M 6.6 - 44 km SE of Kangding, China",164.0,6.889513969421387,6.6,0.2895139694213871,0.2895139694213871,6,5,SCMB|SCYX|SCXD|SCJL|SCDA
"M 6.6 - 44 km SE of Kangding, China",165.0,6.8870768547058105,6.6,0.2870768547058109,0.2870768547058109,6,5,SCMB|SCYX|SCXD|SCJL|SCDA
"M 6.6 - 44 km SE of Kangding, China",166.0,6.884634017944336,6.6,0.2846340179443363,0.2846340179443363,6,5,SCMB|SCYX|SCXD|SCJL|SCDA
"M 6.6 - 44 km SE of Kangding, China",167.0,6.882184982299805,6.6,0.28218498229980504,0.28218498229980504,6,5,SCMB|SCYX|SCXD|SCJL|SCDA
"M 6.6 - 44 km SE of Kangding, China",168.0,6.879728317260742,6.6,0.27972831726074254,0.27972831726074254,6,5,SCMB|SCYX|SCXD|SCJL|SCDA
"M 6.6 - 44 km SE of Kangding, China",169.0,6.87726354598999,6.6,0.2772635459899906,0.2772635459899906,6,5,SCMB|SCYX|SCXD|SCJL|SCDA
"M 6.6 - 44 km SE of Kangding, China",170.0,6.874789714813232,6.6,0.2747897148132328,0.2747897148132328,6,5,SCMB|SCYX|SCXD|SCJL|SCDA
"M 6.6 - 44 km SE of Kangding, China",171.0,6.8723063468933105,6.6,0.2723063468933109,0.2723063468933109,6,5,SCMB|SCYX|SCXD|SCJL|SCDA
"M 6.6 - 44 km SE of Kangding, China",172.0,6.869812488555908,6.6,0.26981248855590856,0.26981248855590856,6,5,SCMB|SCYX|SCXD|SCJL|SCDA
"M 6.6 - 44 km SE of Kangding, China",173.0,6.867307186126709,6.6,0.26730718612670934,0.26730718612670934,6,5,SCMB|SCYX|SCXD|SCJL|SCDA
"M 6.6 - 44 km SE of Kangding, China",174.0,6.864790439605713,6.6,0.26479043960571325,0.26479043960571325,6,5,SCMB|SCYX|SCXD|SCJL|SCDA
"M 6.6 - 44 km SE of Kangding, China",175.0,6.862260818481445,6.6,0.26226081848144567,0.26226081848144567,6,5,SCMB|SCYX|SCXD|SCJL|SCDA
"M 6.6 - 44 km SE of Kangding, China",176.0,6.859718322753906,6.6,0.2597183227539066,0.2597183227539066,6,5,SCMB|SCYX|SCXD|SCJL|SCDA
"M 6.6 - 44 km SE of Kangding, China",177.0,6.8571624755859375,6.6,0.25716247558593786,0.25716247558593786,6,5,SCMB|SCYX|SCXD|SCJL|SCDA
"M 6.6 - 44 km SE of Kangding, China",178.0,6.8545918464660645,6.6,0.2545918464660648,0.2545918464660648,6,5,SCMB|SCYX|SCXD|SCJL|SCDA
"M 6.6 - 44 km SE of Kangding, China",179.0,6.852006435394287,6.6,0.25200643539428746,0.25200643539428746,6,5,SCMB|SCYX|SCXD|SCJL|SCDA
"M 6.6 - 44 km SE of Kangding, China",180.0,6.849405765533447,6.6,0.24940576553344762,0.24940576553344762,6,5,SCMB|SCYX|SCXD|SCJL|SCDA
"M 6.6 - 44 km SE of Kangding, China",181.0,6.8467888832092285,6.6,0.24678888320922887,0.24678888320922887,6,5,SCMB|SCYX|SCXD|SCJL|SCDA
"M 6.6 - 44 km SE of Kangding, China",182.0,6.844155788421631,6.6,0.24415578842163121,0.24415578842163121,6,5,SCMB|SCYX|SCXD|SCJL|SCDA
"M 6.6 - 44 km SE of Kangding, China",183.0,6.841506004333496,6.6,0.24150600433349645,0.24150600433349645,6,5,SCMB|SCYX|SCXD|SCJL|SCDA
"M 6.6 - 44 km SE of Kangding, China",184.0,6.838838577270508,6.6,0.23883857727050817,0.23883857727050817,6,5,SCMB|SCYX|SCXD|SCJL|SCDA
"M 6.6 - 44 km SE of Kangding, China",185.0,6.836153984069824,6.6,0.23615398406982457,0.23615398406982457,6,5,SCMB|SCYX|SCXD|SCJL|SCDA
"M 6.6 - 44 km SE of Kangding, China",186.0,6.833450794219971,6.6,0.23345079421997106,0.23345079421997106,6,5,SCMB|SCYX|SCXD|SCJL|SCDA
"M 6.6 - 44 km SE of Kangding, China",187.0,6.836453914642334,6.6,0.23645391464233434,0.23645391464233434,6,5,SCMB|SCYX|SCXD|SCJL|SCDA
"M 6.6 - 44 km SE of Kangding, China",188.0,6.843785285949707,6.6,0.2437852859497074,0.2437852859497074,6,5,SCMB|SCYX|SCDA|SCXD|SCJL
"M 6.6 - 44 km SE of Kangding, China",189.0,6.845266819000244,6.6,0.2452668190002445,0.2452668190002445,6,5,SCMB|SCDA|SCYX|SCXD|SCJL
"M 6.6 - 44 km SE of Kangding, China",190.0,6.842523097991943,6.6,0.24252309799194371,0.24252309799194371,6,5,SCMB|SCDA|SCYX|SCXD|SCJL
"M 6.6 - 44 km SE of Kangding, China",191.0,6.839759349822998,6.6,0.2397593498229984,0.2397593498229984,6,5,SCMB|SCDA|SCYX|SCXD|SCJL
"M 6.6 - 44 km SE of Kangding, China",192.0,6.83697509765625,6.6,0.23697509765625036,0.23697509765625036,6,5,SCMB|SCDA|SCYX|SCXD|SCJL
"M 6.6 - 44 km SE of Kangding, China",193.0,6.834170818328857,6.6,0.23417081832885778,0.23417081832885778,6,5,SCMB|SCDA|SCYX|SCXD|SCJL
"M 6.6 - 44 km SE of Kangding, China",194.0,6.831345558166504,6.6,0.23134555816650426,0.23134555816650426,6,5,SCMB|SCDA|SCYX|SCXD|SCJL
"M 6.6 - 44 km SE of Kangding, China",195.0,6.8284993171691895,6.6,0.2284993171691898,0.2284993171691898,6,5,SCMB|SCDA|SCYX|SCXD|SCJL
"M 6.6 - 44 km SE of Kangding, China",196.0,6.825631618499756,6.6,0.22563161849975621,0.22563161849975621,6,5,SCMB|SCDA|SCYX|SCXD|SCJL
"M 6.6 - 44 km SE of Kangding, China",197.0,6.822742462158203,6.6,0.22274246215820348,0.22274246215820348,6,5,SCMB|SCDA|SCYX|SCXD|SCJL
"M 6.6 - 44 km SE of Kangding, China",198.0,6.819831848144531,6.6,0.2198318481445316,0.2198318481445316,6,5,SCMB|SCDA|SCYX|SCXD|SCJL
"M 6.6 - 44 km SE of Kangding, China",199.0,6.816898822784424,6.6,0.21689882278442418,0.21689882278442418,6,5,SCMB|SCDA|SCYX|SCXD|SCJL
"M 6.6 - 44 km SE of Kangding, China",200.0,6.813943862915039,6.6,0.21394386291503942,0.21394386291503942,6,5,SCMB|SCDA|SCYX|SCXD|SCJL
"M 7.7 - 2025 Mandalay, Burma (Myanmar) Earthquake",38.0,8.071418762207031,7.7,0.3714187622070311,0.3714187622070311,1,1,YNRL
"M 7.7 - 2025 Mandalay, Burma (Myanmar) Earthquake",39.0,8.060837745666504,7.7,0.36083774566650373,0.36083774566650373,1,1,YNRL
"M 7.7 - 2025 Mandalay, Burma (Myanmar) Earthquake",40.0,8.045771598815918,7.7,0.3457715988159178,0.3457715988159178,1,1,YNRL
"M 7.7 - 2025 Mandalay, Burma (Myanmar) Earthquake",41.0,8.030898094177246,7.7,0.3308980941772459,0.3308980941772459,1,1,YNRL
"M 7.7 - 2025 Mandalay, Burma (Myanmar) Earthquake",42.0,8.016219139099121,7.7,0.3162191390991209,0.3162191390991209,1,1,YNRL
"M 7.7 - 2025 Mandalay, Burma (Myanmar) Earthquake",43.0,8.001738548278809,7.7,0.3017385482788084,0.3017385482788084,1,1,YNRL
"M 7.7 - 2025 Mandalay, Burma (Myanmar) Earthquake",44.0,7.9874587059021,7.7,0.28745870590209943,0.28745870590209943,1,1,YNRL
"M 7.7 - 2025 Mandalay, Burma (Myanmar) Earthquake",45.0,7.973381996154785,7.7,0.273381996154785,0.273381996154785,1,1,YNRL
"M 7.7 - 2025 Mandalay, Burma (Myanmar) Earthquake",46.0,7.95950984954834,7.7,0.25950984954833967,0.25950984954833967,1,1,YNRL
"M 7.7 - 2025 Mandalay, Burma (Myanmar) Earthquake",47.0,7.9458441734313965,7.7,0.2458441734313963,0.2458441734313963,1,1,YNRL
"M 7.7 - 2025 Mandalay, Burma (Myanmar) Earthquake",48.0,7.9323859214782715,7.7,0.2323859214782713,0.2323859214782713,1,1,YNRL
"M 7.7 - 2025 Mandalay, Burma (Myanmar) Earthquake",49.0,7.919135570526123,7.7,0.21913557052612287,0.21913557052612287,1,1,YNRL
"M 7.7 - 2025 Mandalay, Burma (Myanmar) Earthquake",50.0,8.100071907043457,7.7,0.40007190704345685,0.40007190704345685,2,2,YNGM|YNRL
"M 7.7 - 2025 Mandalay, Burma (Myanmar) Earthquake",51.0,8.088830947875977,7.7,0.3888309478759764,0.3888309478759764,2,2,YNGM|YNRL
"M 7.7 - 2025 Mandalay, Burma (Myanmar) Earthquake",52.0,8.077740669250488,7.7,0.3777406692504881,0.3777406692504881,2,2,YNGM|YNRL
"M 7.7 - 2025 Mandalay, Burma (Myanmar) Earthquake",53.0,8.153614044189453,7.7,0.45361404418945295,0.45361404418945295,3,3,YNLA|YNGM|YNRL
"M 7.7 - 2025 Mandalay, Burma (Myanmar) Earthquake",54.0,8.142232894897461,7.7,0.44223289489746076,0.44223289489746076,3,3,YNLA|YNGM|YNRL
"M 7.7 - 2025 Mandalay, Burma (Myanmar) Earthquake",55.0,8.132711410522461,7.7,0.43271141052246076,0.43271141052246076,3,3,YNLA|YNGM|YNRL
"M 7.7 - 2025 Mandalay, Burma (Myanmar) Earthquake",56.0,8.123324394226074,7.7,0.42332439422607404,0.42332439422607404,3,3,YNLA|YNGM|YNRL
"M 7.7 - 2025 Mandalay, Burma (Myanmar) Earthquake",57.0,8.126716613769531,7.7,0.4267166137695311,0.4267166137695311,4,4,YNLA|YNGM|YNSD|YNRL
"M 7.7 - 2025 Mandalay, Burma (Myanmar) Earthquake",58.0,8.11778736114502,7.7,0.41778736114501935,0.41778736114501935,4,4,YNLA|YNGM|YNSD|YNRL
"M 7.7 - 2025 Mandalay, Burma (Myanmar) Earthquake",59.0,8.108963012695312,7.7,0.4089630126953123,0.4089630126953123,4,4,YNLA|YNGM|YNSD|YNRL
"M 7.7 - 2025 Mandalay, Burma (Myanmar) Earthquake",60.0,8.18693733215332,7.7,0.48693733215332013,0.48693733215332013,5,5,YNLC|YNLA|YNGM|YNSD|YNRL
"M 7.7 - 2025 Mandalay, Burma (Myanmar) Earthquake",61.0,8.182243347167969,7.7,0.4822433471679686,0.4822433471679686,5,5,YNLC|YNLA|YNGM|YNSD|YNRL
"M 7.7 - 2025 Mandalay, Burma (Myanmar) Earthquake",62.0,8.181965827941895,7.7,0.48196582794189435,0.48196582794189435,5,5,YNLC|YNLA|YNGM|YNSD|YNRL
"M 7.7 - 2025 Mandalay, Burma (Myanmar) Earthquake",63.0,8.173822402954102,7.7,0.4738224029541014,0.4738224029541014,5,5,YNLC|YNLA|YNGM|YNSD|YNRL
"M 7.7 - 2025 Mandalay, Burma (Myanmar) Earthquake",64.0,8.165742874145508,7.7,0.46574287414550763,0.46574287414550763,5,5,YNLC|YNLA|YNGM|YNSD|YNRL
"M 7.7 - 2025 Mandalay, Burma (Myanmar) Earthquake",65.0,8.15772533416748,7.7,0.4577253341674803,0.4577253341674803,5,5,YNLC|YNLA|YNGM|YNSD|YNRL
"M 7.7 - 2025 Mandalay, Burma (Myanmar) Earthquake",66.0,8.149771690368652,7.7,0.44977169036865217,0.44977169036865217,5,5,YNLC|YNLA|YNGM|YNSD|YNRL
"M 7.7 - 2025 Mandalay, Burma (Myanmar) Earthquake",67.0,8.141880989074707,7.7,0.44188098907470685,0.44188098907470685,5,5,YNLC|YNLA|YNGM|YNSD|YNRL
"M 7.7 - 2025 Mandalay, Burma (Myanmar) Earthquake",68.0,8.134053230285645,7.7,0.43405323028564435,0.43405323028564435,5,5,YNLC|YNLA|YNGM|YNSD|YNRL
"M 7.7 - 2025 Mandalay, Burma (Myanmar) Earthquake",69.0,8.126287460327148,7.7,0.42628746032714826,0.42628746032714826,5,5,YNLC|YNLA|YNGM|YNSD|YNRL
"M 7.7 - 2025 Mandalay, Burma (Myanmar) Earthquake",70.0,8.118584632873535,7.7,0.418584632873535,0.418584632873535,5,5,YNLC|YNLA|YNGM|YNSD|YNRL
"M 7.7 - 2025 Mandalay, Burma (Myanmar) Earthquake",71.0,8.141572952270508,7.7,0.44157295227050763,0.44157295227050763,6,5,YNLC|YNLA|YNGM|YNSD|YNYL
"M 7.7 - 2025 Mandalay, Burma (Myanmar) Earthquake",72.0,8.134157180786133,7.7,0.43415718078613263,0.43415718078613263,6,5,YNLC|YNLA|YNGM|YNSD|YNYL
"M 7.7 - 2025 Mandalay, Burma (Myanmar) Earthquake",73.0,8.115078926086426,7.7,0.4150789260864256,0.4150789260864256,7,5,YNLC|YNLA|YNGM|YNSD|YNYL
"M 7.7 - 2025 Mandalay, Burma (Myanmar) Earthquake",74.0,8.107926368713379,7.7,0.40792636871337873,0.40792636871337873,7,5,YNLC|YNLA|YNGM|YNSD|YNYL
"M 7.7 - 2025 Mandalay, Burma (Myanmar) Earthquake",75.0,8.100835800170898,7.7,0.40083580017089826,0.40083580017089826,7,5,YNLC|YNLA|YNGM|YNSD|YNYL
"M 7.7 - 2025 Mandalay, Burma (Myanmar) Earthquake",76.0,8.084512710571289,7.7,0.3845127105712889,0.3845127105712889,8,5,YNLC|YNLA|YNGM|YNSD|YNYL
"M 7.7 - 2025 Mandalay, Burma (Myanmar) Earthquake",77.0,8.077655792236328,7.7,0.37765579223632795,0.37765579223632795,8,5,YNLC|YNLA|YNGM|YNSD|YNYL
"M 7.7 - 2025 Mandalay, Burma (Myanmar) Earthquake",78.0,8.070857048034668,7.7,0.3708570480346678,0.3708570480346678,8,5,YNLC|YNLA|YNGM|YNSD|YNYL
"M 7.7 - 2025 Mandalay, Burma (Myanmar) Earthquake",79.0,8.064115524291992,7.7,0.364115524291992,0.364115524291992,8,5,YNLC|YNLA|YNGM|YNSD|YNYL
"M 7.7 - 2025 Mandalay, Burma (Myanmar) Earthquake",80.0,8.057429313659668,7.7,0.3574293136596678,0.3574293136596678,8,5,YNLC|YNLA|YNGM|YNSD|YNYL
"M 7.7 - 2025 Mandalay, Burma (Myanmar) Earthquake",81.0,8.006714820861816,7.7,0.30671482086181623,0.30671482086181623,8,5,YNLC|YNLA|YNGM|YNSD|YNRL
"M 7.7 - 2025 Mandalay, Burma (Myanmar) Earthquake",82.0,8.000221252441406,7.7,0.3002212524414061,0.3002212524414061,8,5,YNLC|YNLA|YNGM|YNSD|YNRL
"M 7.7 - 2025 Mandalay, Burma (Myanmar) Earthquake",83.0,8.067861557006836,7.7,0.36786155700683576,0.36786155700683576,9,5,YNLC|YNLA|YNXP|YNGM|YNSD
"M 7.7 - 2025 Mandalay, Burma (Myanmar) Earthquake",84.0,8.061984062194824,7.7,0.36198406219482404,0.36198406219482404,9,5,YNLC|YNLA|YNXP|YNGM|YNSD
"M 7.7 - 2025 Mandalay, Burma (Myanmar) Earthquake",85.0,8.056171417236328,7.7,0.35617141723632795,0.35617141723632795,9,5,YNLC|YNLA|YNXP|YNGM|YNSD
"M 7.7 - 2025 Mandalay, Burma (Myanmar) Earthquake",86.0,8.050422668457031,7.7,0.3504226684570311,0.3504226684570311,9,5,YNLC|YNLA|YNXP|YNGM|YNSD
"M 7.7 - 2025 Mandalay, Burma (Myanmar) Earthquake",87.0,7.984807968139648,7.7,0.28480796813964826,0.28480796813964826,10,5,YNLC|YNLA|YNXP|YNRL|YNGM
"M 7.7 - 2025 Mandalay, Burma (Myanmar) Earthquake",88.0,7.971766948699951,7.7,0.271766948699951,0.271766948699951,10,5,YNRL|YNLC|YNLA|YNXP|YNGM
"M 7.7 - 2025 Mandalay, Burma (Myanmar) Earthquake",89.0,7.9387712478637695,7.7,0.23877124786376935,0.23877124786376935,10,5,YNRL|YNLC|YNLA|YNXP|YNGM
"M 7.7 - 2025 Mandalay, Burma (Myanmar) Earthquake",90.0,7.926575660705566,7.7,0.22657566070556623,0.22657566070556623,10,5,YNRL|YNLC|YNLA|YNXP|YNGM
"M 7.7 - 2025 Mandalay, Burma (Myanmar) Earthquake",91.0,7.938961982727051,7.7,0.2389619827270506,0.2389619827270506,10,5,YNRL|YNLC|YNLA|YNXP|YNGM
"M 7.7 - 2025 Mandalay, Burma (Myanmar) Earthquake",92.0,7.974874973297119,7.7,0.27487497329711896,0.27487497329711896,10,5,YNRL|YNLC|YNLA|YNXP|YNGM
"M 7.7 - 2025 Mandalay, Burma (Myanmar) Earthquake",93.0,8.03635025024414,7.7,0.33635025024414045,0.33635025024414045,11,5,YNRL|YNLC|YNLA|YNYM|YNXP
"M 7.7 - 2025 Mandalay, Burma (Myanmar) Earthquake",94.0,8.050695419311523,7.7,0.35069541931152326,0.35069541931152326,12,5,YNRL|YNLC|YNLA|YNYM|YNXP
"M 7.7 - 2025 Mandalay, Burma (Myanmar) Earthquake",95.0,8.049967765808105,7.7,0.3499677658081053,0.3499677658081053,12,5,YNRL|YNLC|YNLA|YNYM|YNXP
"M 7.7 - 2025 Mandalay, Burma (Myanmar) Earthquake",96.0,8.045297622680664,7.7,0.3452976226806639,0.3452976226806639,12,5,YNRL|YNLC|YNLA|YNYM|YNXP
"M 7.7 - 2025 Mandalay, Burma (Myanmar) Earthquake",97.0,8.04066276550293,7.7,0.3406627655029295,0.3406627655029295,12,5,YNRL|YNLC|YNLA|YNYM|YNXP
"M 7.7 - 2025 Mandalay, Burma (Myanmar) Earthquake",98.0,8.034728050231934,7.7,0.3347280502319334,0.3347280502319334,13,5,YNRL|YNLC|YNLA|YNYM|YNXP
"M 7.7 - 2025 Mandalay, Burma (Myanmar) Earthquake",99.0,8.030194282531738,7.7,0.3301942825317381,0.3301942825317381,13,5,YNRL|YNLC|YNLA|YNYM|YNXP
"M 7.7 - 2025 Mandalay, Burma (Myanmar) Earthquake",100.0,8.025688171386719,7.7,0.3256881713867186,0.3256881713867186,13,5,YNRL|YNLC|YNLA|YNYM|YNXP
"M 7.7 - 2025 Mandalay, Burma (Myanmar) Earthquake",101.0,8.021206855773926,7.7,0.3212068557739256,0.3212068557739256,13,5,YNRL|YNLC|YNLA|YNYM|YNXP
"M 7.7 - 2025 Mandalay, Burma (Myanmar) Earthquake",102.0,8.01674747467041,7.7,0.31674747467041,0.31674747467041,13,5,YNRL|YNLC|YNLA|YNYM|YNXP
"M 7.7 - 2025 Mandalay, Burma (Myanmar) Earthquake",103.0,7.995485305786133,7.7,0.29548530578613263,0.29548530578613263,13,5,YNRL|YNLC|YNLA|YNGM|YNYM
"M 7.7 - 2025 Mandalay, Burma (Myanmar) Earthquake",104.0,7.986080646514893,7.7,0.2860806465148924,0.2860806465148924,13,5,YNRL|YNGM|YNLC|YNLA|YNYM
"M 7.7 - 2025 Mandalay, Burma (Myanmar) Earthquake",105.0,7.9809088706970215,7.7,0.2809088706970213,0.2809088706970213,13,5,YNRL|YNGM|YNLC|YNLA|YNYM
"M 7.7 - 2025 Mandalay, Burma (Myanmar) Earthquake",106.0,7.973363399505615,7.7,0.27336339950561506,0.27336339950561506,13,5,YNRL|YNGM|YNLC|YNLA|YNYM
"M 7.7 - 2025 Mandalay, Burma (Myanmar) Earthquake",107.0,7.968801975250244,7.7,0.26880197525024396,0.26880197525024396,13,5,YNRL|YNGM|YNLC|YNLA|YNYM
"M 7.7 - 2025 Mandalay, Burma (Myanmar) Earthquake",108.0,7.964450836181641,7.7,0.26445083618164045,0.26445083618164045,13,5,YNRL|YNGM|YNLC|YNLA|YNYM
"M 7.7 - 2025 Mandalay, Burma (Myanmar) Earthquake",109.0,7.960114002227783,7.7,0.260114002227783,0.260114002227783,13,5,YNRL|YNGM|YNLC|YNLA|YNYM
"M 7.7 - 2025 Mandalay, Burma (Myanmar) Earthquake",110.0,7.955789089202881,7.7,0.2557890892028807,0.2557890892028807,13,5,YNRL|YNGM|YNLC|YNLA|YNYM
"M 7.7 - 2025 Mandalay, Burma (Myanmar) Earthquake",111.0,7.951472759246826,7.7,0.251472759246826,0.251472759246826,13,5,YNRL|YNGM|YNLC|YNLA|YNYM
"M 7.7 - 2025 Mandalay, Burma (Myanmar) Earthquake",112.0,7.947162628173828,7.7,0.24716262817382795,0.24716262817382795,13,5,YNRL|YNGM|YNLC|YNLA|YNYM
"M 7.7 - 2025 Mandalay, Burma (Myanmar) Earthquake",113.0,7.942855358123779,7.7,0.24285535812377912,0.24285535812377912,13,5,YNRL|YNGM|YNLC|YNLA|YNYM
"M 7.7 - 2025 Mandalay, Burma (Myanmar) Earthquake",114.0,7.938548564910889,7.7,0.2385485649108885,0.2385485649108885,13,5,YNRL|YNGM|YNLC|YNLA|YNYM
"M 7.7 - 2025 Mandalay, Burma (Myanmar) Earthquake",115.0,7.936053276062012,7.7,0.23605327606201154,0.23605327606201154,13,5,YNRL|YNGM|YNLC|YNLA|YNYM
"M 7.7 - 2025 Mandalay, Burma (Myanmar) Earthquake",116.0,7.932083606719971,7.7,0.23208360671997053,0.23208360671997053,13,5,YNRL|YNGM|YNLC|YNLA|YNYM
"M 7.7 - 2025 Mandalay, Burma (Myanmar) Earthquake",117.0,7.902115821838379,7.7,0.20211582183837873,0.20211582183837873,13,5,YNRL|YNGM|YNLC|YNLA|YNSD
"M 7.7 - 2025 Mandalay, Burma (Myanmar) Earthquake",118.0,7.893975734710693,7.7,0.19397573471069318,0.19397573471069318,13,5,YNRL|YNGM|YNLC|YNLA|YNSD
"M 7.7 - 2025 Mandalay, Burma (Myanmar) Earthquake",119.0,7.9031243324279785,7.7,0.20312433242797834,0.20312433242797834,13,5,YNRL|YNGM|YNLC|YNLA|YNSD
"M 7.7 - 2025 Mandalay, Burma (Myanmar) Earthquake",120.0,7.908982276916504,7.7,0.20898227691650373,0.20898227691650373,13,5,YNRL|YNGM|YNLC|YNLA|YNSD
"M 7.7 - 2025 Mandalay, Burma (Myanmar) Earthquake",121.0,7.911862373352051,7.7,0.2118623733520506,0.2118623733520506,13,5,YNRL|YNLC|YNGM|YNLA|YNSD
"M 7.7 - 2025 Mandalay, Burma (Myanmar) Earthquake",122.0,7.9096550941467285,7.7,0.20965509414672834,0.20965509414672834,13,5,YNRL|YNLC|YNGM|YNLA|YNSD
"M 7.7 - 2025 Mandalay, Burma (Myanmar) Earthquake",123.0,7.905773162841797,7.7,0.2057731628417967,0.2057731628417967,13,5,YNRL|YNLC|YNGM|YNLA|YNSD
"M 7.7 - 2025 Mandalay, Burma (Myanmar) Earthquake",124.0,7.9018635749816895,7.7,0.20186357498168928,0.20186357498168928,13,5,YNRL|YNLC|YNGM|YNLA|YNSD
"M 7.7 - 2025 Mandalay, Burma (Myanmar) Earthquake",125.0,7.897923946380615,7.7,0.19792394638061506,0.19792394638061506,13,5,YNRL|YNLC|YNGM|YNLA|YNSD
"M 7.7 - 2025 Mandalay, Burma (Myanmar) Earthquake",126.0,7.893952369689941,7.7,0.19395236968994123,0.19395236968994123,13,5,YNRL|YNLC|YNGM|YNLA|YNSD
"M 7.7 - 2025 Mandalay, Burma (Myanmar) Earthquake",127.0,7.887446880340576,7.7,0.187446880340576,0.187446880340576,13,5,YNRL|YNLC|YNGM|YNLA|YNYL
"M 7.7 - 2025 Mandalay, Burma (Myanmar) Earthquake",128.0,7.880773544311523,7.7,0.18077354431152326,0.18077354431152326,13,5,YNRL|YNLC|YNGM|YNYL|YNLA
"M 7.7 - 2025 Mandalay, Burma (Myanmar) Earthquake",129.0,7.882415771484375,7.7,0.18241577148437482,0.18241577148437482,13,5,YNRL|YNLC|YNGM|YNYL|YNLA
"M 7.7 - 2025 Mandalay, Burma (Myanmar) Earthquake",130.0,7.890912055969238,7.7,0.1909120559692381,0.1909120559692381,13,5,YNRL|YNLC|YNGM|YNYL|YNLA
"M 7.7 - 2025 Mandalay, Burma (Myanmar) Earthquake",131.0,7.932138442993164,7.7,0.23213844299316388,0.23213844299316388,13,5,YNRL|YNLC|YNGM|YNYL|YNLA
"M 7.7 - 2025 Mandalay, Burma (Myanmar) Earthquake",132.0,7.946638107299805,7.7,0.2466381072998045,0.2466381072998045,13,5,YNRL|YNLC|YNGM|YNYL|YNLA
"M 7.7 - 2025 Mandalay, Burma (Myanmar) Earthquake",133.0,7.9426093101501465,7.7,0.2426093101501463,0.2426093101501463,13,5,YNRL|YNLC|YNGM|YNYL|YNLA
"M 7.7 - 2025 Mandalay, Burma (Myanmar) Earthquake",134.0,7.938539505004883,7.7,0.23853950500488263,0.23853950500488263,13,5,YNRL|YNLC|YNGM|YNYL|YNLA
"M 7.7 - 2025 Mandalay, Burma (Myanmar) Earthquake",135.0,7.9344282150268555,7.7,0.2344282150268553,0.2344282150268553,13,5,YNRL|YNLC|YNGM|YNYL|YNLA
"M 7.7 - 2025 Mandalay, Burma (Myanmar) Earthquake",136.0,7.930274486541748,7.7,0.23027448654174787,0.23027448654174787,13,5,YNRL|YNLC|YNGM|YNYL|YNLA
"M 7.7 - 2025 Mandalay, Burma (Myanmar) Earthquake",137.0,7.926076889038086,7.7,0.22607688903808576,0.22607688903808576,13,5,YNRL|YNLC|YNGM|YNYL|YNLA
"M 7.7 - 2025 Mandalay, Burma (Myanmar) Earthquake",138.0,7.921835422515869,7.7,0.22183542251586896,0.22183542251586896,13,5,YNRL|YNLC|YNGM|YNYL|YNLA
"M 7.7 - 2025 Mandalay, Burma (Myanmar) Earthquake",139.0,7.946022033691406,7.7,0.24602203369140607,0.24602203369140607,13,5,YNRL|YNLC|YNGM|YNYL|XIAG
"M 7.7 - 2025 Mandalay, Burma (Myanmar) Earthquake",140.0,7.941613674163818,7.7,0.24161367416381818,0.24161367416381818,13,5,YNRL|YNLC|YNGM|YNYL|XIAG
"M 7.7 - 2025 Mandalay, Burma (Myanmar) Earthquake",141.0,7.937160491943359,7.7,0.2371604919433592,0.2371604919433592,13,5,YNRL|YNLC|YNGM|YNYL|XIAG
"M 7.7 - 2025 Mandalay, Burma (Myanmar) Earthquake",142.0,7.932577133178711,7.7,0.23257713317871076,0.23257713317871076,13,5,YNRL|YNLC|YNGM|YNYL|XIAG
"M 7.7 - 2025 Mandalay, Burma (Myanmar) Earthquake",143.0,7.928035259246826,7.7,0.228035259246826,0.228035259246826,13,5,YNRL|YNLC|YNGM|YNYL|XIAG
"M 7.7 - 2025 Mandalay, Burma (Myanmar) Earthquake",144.0,7.923447608947754,7.7,0.22344760894775373,0.22344760894775373,13,5,YNRL|YNLC|YNGM|YNYL|XIAG
"M 7.7 - 2025 Mandalay, Burma (Myanmar) Earthquake",145.0,7.918813705444336,7.7,0.21881370544433576,0.21881370544433576,13,5,YNRL|YNLC|YNGM|YNYL|XIAG
"M 7.7 - 2025 Mandalay, Burma (Myanmar) Earthquake",146.0,7.914133548736572,7.7,0.2141335487365721,0.2141335487365721,13,5,YNRL|YNLC|YNGM|YNYL|XIAG
"M 7.7 - 2025 Mandalay, Burma (Myanmar) Earthquake",147.0,7.909406661987305,7.7,0.2094066619873045,0.2094066619873045,13,5,YNRL|YNLC|YNGM|YNYL|XIAG
"M 7.7 - 2025 Mandalay, Burma (Myanmar) Earthquake",148.0,7.904633522033691,7.7,0.20463352203369123,0.20463352203369123,13,5,YNRL|YNLC|YNGM|YNYL|XIAG
"M 7.7 - 2025 Mandalay, Burma (Myanmar) Earthquake",149.0,7.899813175201416,7.7,0.19981317520141584,0.19981317520141584,13,5,YNRL|YNLC|YNGM|YNYL|XIAG
"M 7.7 - 2025 Mandalay, Burma (Myanmar) Earthquake",150.0,7.894946575164795,7.7,0.19494657516479474,0.19494657516479474,13,5,YNRL|YNLC|YNGM|YNYL|XIAG
"M 7.7 - 2025 Mandalay, Burma (Myanmar) Earthquake",151.0,7.890033721923828,7.7,0.19003372192382795,0.19003372192382795,13,5,YNRL|YNLC|YNGM|YNYL|XIAG
"M 7.7 - 2025 Mandalay, Burma (Myanmar) Earthquake",152.0,7.885074138641357,7.7,0.18507413864135724,0.18507413864135724,13,5,YNRL|YNLC|YNGM|YNYL|XIAG
"M 7.7 - 2025 Mandalay, Burma (Myanmar) Earthquake",153.0,7.880068302154541,7.7,0.18006830215454084,0.18006830215454084,13,5,YNRL|YNLC|YNGM|YNYL|XIAG
"M 7.7 - 2025 Mandalay, Burma (Myanmar) Earthquake",154.0,7.875017166137695,7.7,0.17501716613769513,0.17501716613769513,13,5,YNRL|YNLC|YNGM|YNYL|XIAG
"M 7.7 - 2025 Mandalay, Burma (Myanmar) Earthquake",155.0,7.842617988586426,7.7,0.1426179885864256,0.1426179885864256,13,5,YNRL|YNLC|YNGM|YNYL|YNLA
"M 7.7 - 2025 Mandalay, Burma (Myanmar) Earthquake",156.0,7.83754301071167,7.7,0.13754301071166974,0.13754301071166974,13,5,YNRL|YNLA|YNGM|YNLC|YNYL
"M 7.7 - 2025 Mandalay, Burma (Myanmar) Earthquake",157.0,7.83258056640625,7.7,0.13258056640624982,0.13258056640624982,13,5,YNRL|YNGM|YNLA|YNLC|YNYL
"M 7.7 - 2025 Mandalay, Burma (Myanmar) Earthquake",158.0,7.8277907371521,7.7,0.12779073715209943,0.12779073715209943,13,5,YNRL|YNGM|YNLA|YNLC|YNYL
"M 7.7 - 2025 Mandalay, Burma (Myanmar) Earthquake",159.0,7.822678089141846,7.7,0.12267808914184553,0.12267808914184553,13,5,YNRL|YNGM|YNLA|YNLC|YNYL
"M 7.7 - 2025 Mandalay, Burma (Myanmar) Earthquake",160.0,7.817522048950195,7.7,0.11752204895019513,0.11752204895019513,13,5,YNRL|YNGM|YNLA|YNLC|YNYL
"M 7.7 - 2025 Mandalay, Burma (Myanmar) Earthquake",161.0,7.812324047088623,7.7,0.11232404708862287,0.11232404708862287,13,5,YNRL|YNGM|YNLA|YNLC|YNYL
"M 7.7 - 2025 Mandalay, Burma (Myanmar) Earthquake",162.0,7.807084083557129,7.7,0.10708408355712873,0.10708408355712873,13,5,YNRL|YNGM|YNLA|YNLC|YNYL
"M 7.7 - 2025 Mandalay, Burma (Myanmar) Earthquake",163.0,7.8018035888671875,7.7,0.10180358886718732,0.10180358886718732,13,5,YNRL|YNGM|YNLA|YNLC|YNYL
"M 7.7 - 2025 Mandalay, Burma (Myanmar) Earthquake",164.0,7.796483039855957,7.7,0.09648303985595685,0.09648303985595685,13,5,YNRL|YNGM|YNLA|YNLC|YNYL
"M 7.7 - 2025 Mandalay, Burma (Myanmar) Earthquake",165.0,7.791123867034912,7.7,0.09112386703491193,0.09112386703491193,13,5,YNRL|YNGM|YNLA|YNLC|YNYL
"M 7.7 - 2025 Mandalay, Burma (Myanmar) Earthquake",166.0,7.785726070404053,7.7,0.08572607040405256,0.08572607040405256,13,5,YNRL|YNGM|YNLA|YNLC|YNYL
"M 7.7 - 2025 Mandalay, Burma (Myanmar) Earthquake",167.0,7.780290603637695,7.7,0.08029060363769513,0.08029060363769513,13,5,YNRL|YNGM|YNLA|YNLC|YNYL
"M 7.7 - 2025 Mandalay, Burma (Myanmar) Earthquake",168.0,7.78798770904541,7.7,0.08798770904540998,0.08798770904540998,13,5,YNRL|YNLC|YNGM|YNLA|YNYL
"M 7.7 - 2025 Mandalay, Burma (Myanmar) Earthquake",169.0,7.792475700378418,7.7,0.09247570037841779,0.09247570037841779,13,5,YNRL|YNLC|YNGM|YNLA|YNYL
"M 7.7 - 2025 Mandalay, Burma (Myanmar) Earthquake",170.0,7.794692039489746,7.7,0.09469203948974592,0.09469203948974592,13,5,YNRL|YNLC|YNGM|YNLA|YNYL
"M 7.7 - 2025 Mandalay, Burma (Myanmar) Earthquake",171.0,7.784255027770996,7.7,0.08425502777099592,0.08425502777099592,13,5,YNRL|YNLC|YNGM|YNLA|YNSD
"M 7.7 - 2025 Mandalay, Burma (Myanmar) Earthquake",172.0,7.794455528259277,7.7,0.09445552825927717,0.09445552825927717,13,5,YNRL|YNLC|YNGM|YNLA|YNSD
"M 7.7 - 2025 Mandalay, Burma (Myanmar) Earthquake",173.0,7.797196865081787,7.7,0.09719686508178693,0.09719686508178693,13,5,YNRL|YNLC|YNGM|YNSD|YNLA
"M 7.7 - 2025 Mandalay, Burma (Myanmar) Earthquake",174.0,7.791846752166748,7.7,0.09184675216674787,0.09184675216674787,13,5,YNRL|YNLC|YNGM|YNSD|YNLA
"M 7.7 - 2025 Mandalay, Burma (Myanmar) Earthquake",175.0,7.786213397979736,7.7,0.08621339797973615,0.08621339797973615,13,5,YNRL|YNLC|YNGM|YNSD|YNLA
"M 7.7 - 2025 Mandalay, Burma (Myanmar) Earthquake",176.0,7.780556678771973,7.7,0.08055667877197248,0.08055667877197248,13,5,YNRL|YNLC|YNGM|YNSD|YNLA
"M 7.7 - 2025 Mandalay, Burma (Myanmar) Earthquake",177.0,7.774877071380615,7.7,0.07487707138061506,0.07487707138061506,13,5,YNRL|YNLC|YNGM|YNSD|YNLA
"M 7.7 - 2025 Mandalay, Burma (Myanmar) Earthquake",178.0,7.7691755294799805,7.7,0.06917552947998029,0.06917552947998029,13,5,YNRL|YNLC|YNGM|YNSD|YNLA
"M 7.7 - 2025 Mandalay, Burma (Myanmar) Earthquake",179.0,7.76345157623291,7.7,0.06345157623290998,0.06345157623290998,13,5,YNRL|YNLC|YNGM|YNSD|YNLA
"M 7.7 - 2025 Mandalay, Burma (Myanmar) Earthquake",180.0,7.757707118988037,7.7,0.05770711898803693,0.05770711898803693,13,5,YNRL|YNLC|YNGM|YNSD|YNLA
"M 7.7 - 2025 Mandalay, Burma (Myanmar) Earthquake",181.0,7.751942157745361,7.7,0.05194215774536115,0.05194215774536115,13,5,YNRL|YNLC|YNGM|YNSD|YNLA
"M 7.7 - 2025 Mandalay, Burma (Myanmar) Earthquake",182.0,7.746156692504883,7.7,0.046156692504882635,0.046156692504882635,13,5,YNRL|YNLC|YNGM|YNSD|YNLA
"M 7.7 - 2025 Mandalay, Burma (Myanmar) Earthquake",183.0,7.740352153778076,7.7,0.040352153778075994,0.040352153778075994,13,5,YNRL|YNLC|YNGM|YNSD|YNLA
"M 7.7 - 2025 Mandalay, Burma (Myanmar) Earthquake",184.0,7.7345290184021,7.7,0.03452901840209943,0.03452901840209943,13,5,YNRL|YNLC|YNGM|YNSD|YNLA
"M 7.7 - 2025 Mandalay, Burma (Myanmar) Earthquake",185.0,7.793210029602051,7.7,0.0932100296020506,0.0932100296020506,13,5,YNRL|YNLC|YNSD|YNGM|YNLA
"M 7.7 - 2025 Mandalay, Burma (Myanmar) Earthquake",186.0,7.860955238342285,7.7,0.16095523834228498,0.16095523834228498,13,5,YNRL|YNSD|YNLC|YNGM|YNLA
"M 7.7 - 2025 Mandalay, Burma (Myanmar) Earthquake",187.0,7.856219291687012,7.7,0.15621929168701154,0.15621929168701154,13,5,YNRL|YNSD|YNLC|YNGM|YNLA
"M 7.7 - 2025 Mandalay, Burma (Myanmar) Earthquake",188.0,7.851436138153076,7.7,0.151436138153076,0.151436138153076,13,5,YNRL|YNSD|YNLC|YNGM|YNLA
"M 7.7 - 2025 Mandalay, Burma (Myanmar) Earthquake",189.0,7.846606254577637,7.7,0.14660625457763654,0.14660625457763654,13,5,YNRL|YNSD|YNLC|YNGM|YNLA
"M 7.7 - 2025 Mandalay, Burma (Myanmar) Earthquake",190.0,7.841731548309326,7.7,0.141731548309326,0.141731548309326,13,5,YNRL|YNSD|YNLC|YNGM|YNLA
"M 7.7 - 2025 Mandalay, Burma (Myanmar) Earthquake",191.0,7.8368120193481445,7.7,0.13681201934814435,0.13681201934814435,13,5,YNRL|YNSD|YNLC|YNGM|YNLA
"M 7.7 - 2025 Mandalay, Burma (Myanmar) Earthquake",192.0,7.831849098205566,7.7,0.13184909820556623,0.13184909820556623,13,5,YNRL|YNSD|YNLC|YNGM|YNLA
"M 7.7 - 2025 Mandalay, Burma (Myanmar) Earthquake",193.0,7.826843738555908,7.7,0.12684373855590803,0.12684373855590803,13,5,YNRL|YNSD|YNLC|YNGM|YNLA
"M 7.7 - 2025 Mandalay, Burma (Myanmar) Earthquake",194.0,7.821796417236328,7.7,0.12179641723632795,0.12179641723632795,13,5,YNRL|YNSD|YNLC|YNGM|YNLA
"M 7.7 - 2025 Mandalay, Burma (Myanmar) Earthquake",195.0,7.816709041595459,7.7,0.1167090415954588,0.1167090415954588,13,5,YNRL|YNSD|YNLC|YNGM|YNLA
"M 7.7 - 2025 Mandalay, Burma (Myanmar) Earthquake",196.0,7.811581611633301,7.7,0.1115816116333006,0.1115816116333006,13,5,YNRL|YNSD|YNLC|YNGM|YNLA
"M 7.7 - 2025 Mandalay, Burma (Myanmar) Earthquake",197.0,7.806415557861328,7.7,0.10641555786132795,0.10641555786132795,13,5,YNRL|YNSD|YNLC|YNGM|YNLA
"M 7.7 - 2025 Mandalay, Burma (Myanmar) Earthquake",198.0,7.801211357116699,7.7,0.10121135711669904,0.10121135711669904,13,5,YNRL|YNSD|YNLC|YNGM|YNLA
"M 7.7 - 2025 Mandalay, Burma (Myanmar) Earthquake",199.0,7.7959699630737305,7.7,0.09596996307373029,0.09596996307373029,13,5,YNRL|YNSD|YNLC|YNGM|YNLA
"M 7.7 - 2025 Mandalay, Burma (Myanmar) Earthquake",200.0,7.790692329406738,7.7,0.0906923294067381,0.0906923294067381,13,5,YNRL|YNSD|YNLC|YNGM|YNLA
M 7.3 - Nepal,8.0,7.810274124145508,7.3,0.510274124145508,0.510274124145508,1,1,SNDL
M 7.3 - Nepal,9.0,7.7634124755859375,7.3,0.4634124755859377,0.4634124755859377,2,2,SYBC|SNDL
M 7.3 - Nepal,10.0,7.730636119842529,7.3,0.4306361198425295,0.4306361198425295,4,4,KKN4|NAST|SYBC|SNDL
M 7.3 - Nepal,11.0,7.676351070404053,7.3,0.3763510704040529,0.3763510704040529,4,4,KKN4|NAST|SYBC|SNDL
M 7.3 - Nepal,12.0,7.671535491943359,7.3,0.37153549194335955,0.37153549194335955,4,4,NAST|KKN4|SYBC|SNDL
M 7.3 - Nepal,13.0,7.691022872924805,7.3,0.39102287292480487,0.39102287292480487,4,4,NAST|KKN4|SYBC|SNDL
M 7.3 - Nepal,14.0,7.704234600067139,7.3,0.40423460006713885,0.40423460006713885,4,4,NAST|KKN4|SYBC|SNDL
M 7.3 - Nepal,15.0,7.704612731933594,7.3,0.4046127319335939,0.4046127319335939,4,4,NAST|KKN4|SYBC|SNDL
M 7.3 - Nepal,16.0,7.671388626098633,7.3,0.371388626098633,0.371388626098633,4,4,NAST|KKN4|SYBC|SNDL
M 7.3 - Nepal,17.0,7.624868869781494,7.3,0.3248688697814943,0.3248688697814943,4,4,NAST|SYBC|KKN4|SNDL
M 7.3 - Nepal,18.0,7.623589515686035,7.3,0.32358951568603533,0.32358951568603533,4,4,NAST|SYBC|KKN4|SNDL
M 7.3 - Nepal,19.0,7.525144577026367,7.3,0.22514457702636737,0.22514457702636737,4,4,SNDL|NAST|SYBC|KKN4
M 7.3 - Nepal,20.0,7.679652214050293,7.3,0.37965221405029315,0.37965221405029315,4,4,SNDL|NAST|SYBC|KKN4
M 7.3 - Nepal,21.0,7.635403156280518,7.3,0.33540315628051776,0.33540315628051776,4,4,SNDL|SYBC|NAST|KKN4
M 7.3 - Nepal,22.0,7.5722198486328125,7.3,0.2722198486328127,0.2722198486328127,4,4,SNDL|SYBC|NAST|KKN4
M 7.3 - Nepal,23.0,7.652059078216553,7.3,0.3520590782165529,0.3520590782165529,4,4,SYBC|SNDL|NAST|KKN4
M 7.3 - Nepal,24.0,7.767263889312744,7.3,0.4672638893127443,0.4672638893127443,5,5,SYBC|SNDL|NAST|KKN4|BRN2
M 7.3 - Nepal,25.0,7.680091381072998,7.3,0.3800913810729982,0.3800913810729982,5,5,SYBC|SNDL|NAST|KKN4|BRN2
M 7.3 - Nepal,26.0,7.885500431060791,7.3,0.5855004310607912,0.5855004310607912,5,5,SNDL|SYBC|NAST|KKN4|BRN2
M 7.3 - Nepal,27.0,7.92374849319458,7.3,0.6237484931945803,0.6237484931945803,5,5,SNDL|SYBC|NAST|KKN4|BRN2
M 7.3 - Nepal,28.0,7.900726318359375,7.3,0.6007263183593752,0.6007263183593752,5,5,SNDL|SYBC|NAST|KKN4|BRN2
M 7.3 - Nepal,29.0,7.888101100921631,7.3,0.588101100921631,0.588101100921631,5,5,SNDL|SYBC|NAST|KKN4|BRN2
M 7.3 - Nepal,30.0,7.960325241088867,7.3,0.6603252410888674,0.6603252410888674,5,5,SNDL|SYBC|NAST|KKN4|BRN2
M 7.3 - Nepal,31.0,7.959087371826172,7.3,0.659087371826172,0.659087371826172,5,5,SNDL|SYBC|NAST|KKN4|BRN2
M 7.3 - Nepal,32.0,7.950835704803467,7.3,0.650835704803467,0.650835704803467,5,5,SNDL|SYBC|NAST|KKN4|BRN2
M 7.3 - Nepal,33.0,7.940979480743408,7.3,0.6409794807434084,0.6409794807434084,5,5,SNDL|SYBC|NAST|KKN4|BRN2
M 7.3 - Nepal,34.0,7.929449558258057,7.3,0.6294495582580568,0.6294495582580568,5,5,SNDL|SYBC|NAST|KKN4|BRN2
M 7.3 - Nepal,35.0,7.787085056304932,7.3,0.4870850563049318,0.4870850563049318,5,5,SNDL|SYBC|NAST|KKN4|BRN2
M 7.3 - Nepal,36.0,7.851452350616455,7.3,0.5514523506164553,0.5514523506164553,5,5,SNDL|NAST|SYBC|KKN4|BRN2
M 7.3 - Nepal,37.0,7.8886027336120605,7.3,0.5886027336120607,0.5886027336120607,5,5,SNDL|NAST|SYBC|KKN4|BRN2
M 7.3 - Nepal,38.0,7.876786708831787,7.3,0.5767867088317873,0.5767867088317873,5,5,SNDL|NAST|SYBC|KKN4|BRN2
M 7.3 - Nepal,39.0,7.863256931304932,7.3,0.5632569313049318,0.5632569313049318,5,5,SNDL|NAST|SYBC|KKN4|BRN2
M 7.3 - Nepal,40.0,7.847935199737549,7.3,0.547935199737549,0.547935199737549,5,5,SNDL|NAST|SYBC|KKN4|BRN2
M 7.3 - Nepal,41.0,7.830756664276123,7.3,0.5307566642761232,0.5307566642761232,5,5,SNDL|NAST|SYBC|KKN4|BRN2
M 7.3 - Nepal,42.0,7.811671257019043,7.3,0.5116712570190431,0.5116712570190431,5,5,SNDL|NAST|SYBC|KKN4|BRN2
M 7.3 - Nepal,43.0,7.790649890899658,7.3,0.4906498908996584,0.4906498908996584,5,5,SNDL|NAST|SYBC|KKN4|BRN2
M 7.3 - Nepal,44.0,7.767683029174805,7.3,0.46768302917480487,0.46768302917480487,5,5,SNDL|NAST|SYBC|KKN4|BRN2
M 7.3 - Nepal,45.0,7.742784023284912,7.3,0.4427840232849123,0.4427840232849123,5,5,SNDL|NAST|SYBC|KKN4|BRN2
M 7.3 - Nepal,46.0,7.715991497039795,7.3,0.4159914970397951,0.4159914970397951,5,5,SNDL|NAST|SYBC|KKN4|BRN2
M 7.3 - Nepal,47.0,7.687370777130127,7.3,0.38737077713012713,0.38737077713012713,5,5,SNDL|NAST|SYBC|KKN4|BRN2
M 7.3 - Nepal,48.0,7.657014846801758,7.3,0.357014846801758,0.357014846801758,5,5,SNDL|NAST|SYBC|KKN4|BRN2
M 7.3 - Nepal,49.0,7.625045299530029,7.3,0.3250452995300295,0.3250452995300295,5,5,SNDL|NAST|SYBC|KKN4|BRN2
M 7.3 - Nepal,50.0,7.591610431671143,7.3,0.29161043167114276,0.29161043167114276,5,5,SNDL|NAST|SYBC|KKN4|BRN2
M 7.3 - Nepal,51.0,7.556887149810791,7.3,0.2568871498107912,0.2568871498107912,5,5,SNDL|NAST|SYBC|KKN4|BRN2
M 7.3 - Nepal,52.0,7.521076679229736,7.3,0.2210766792297365,0.2210766792297365,5,5,SNDL|NAST|SYBC|KKN4|BRN2
M 7.3 - Nepal,53.0,7.484400749206543,7.3,0.18440074920654315,0.18440074920654315,5,5,SNDL|NAST|SYBC|KKN4|BRN2
M 7.3 - Nepal,54.0,7.4471025466918945,7.3,0.1471025466918947,0.1471025466918947,5,5,SNDL|NAST|SYBC|KKN4|BRN2
M 7.3 - Nepal,55.0,7.4094367027282715,7.3,0.10943670272827166,0.10943670272827166,5,5,SNDL|NAST|SYBC|KKN4|BRN2
M 7.3 - Nepal,56.0,7.371665000915527,7.3,0.07166500091552752,0.07166500091552752,5,5,SNDL|NAST|SYBC|KKN4|BRN2
M 7.3 - Nepal,57.0,7.334050178527832,7.3,0.03405017852783221,0.03405017852783221,5,5,SNDL|NAST|SYBC|KKN4|BRN2
M 7.3 - Nepal,58.0,7.29685115814209,7.3,-0.0031488418579099786,0.0031488418579099786,5,5,SNDL|NAST|SYBC|KKN4|BRN2
M 7.3 - Nepal,59.0,7.260312080383301,7.3,-0.03968791961669904,0.03968791961669904,5,5,SNDL|NAST|SYBC|KKN4|BRN2
M 7.3 - Nepal,60.0,7.224660396575928,7.3,-0.07533960342407209,0.07533960342407209,5,5,SNDL|NAST|SYBC|KKN4|BRN2
M 7.3 - Nepal,61.0,7.190096855163574,7.3,-0.1099031448364256,0.1099031448364256,5,5,SNDL|NAST|SYBC|KKN4|BRN2
M 7.3 - Nepal,62.0,7.156795978546143,7.3,-0.14320402145385724,0.14320402145385724,5,5,SNDL|NAST|SYBC|KKN4|BRN2
M 7.3 - Nepal,63.0,7.124899864196777,7.3,-0.17510013580322248,0.17510013580322248,5,5,SNDL|NAST|SYBC|KKN4|BRN2
M 7.3 - Nepal,64.0,7.094519138336182,7.3,-0.20548086166381818,0.20548086166381818,5,5,SNDL|NAST|SYBC|KKN4|BRN2
M 7.3 - Nepal,65.0,7.0364990234375,7.3,-0.2635009765624998,0.2635009765624998,5,5,SNDL|NAST|SYBC|KKN4|BRN2
M 7.3 - Nepal,66.0,7.05149507522583,7.3,-0.24850492477416974,0.24850492477416974,5,5,SNDL|NAST|SYBC|KKN4|BRN2
M 7.3 - Nepal,67.0,7.032837867736816,7.3,-0.2671621322631834,0.2671621322631834,5,5,SNDL|NAST|SYBC|KKN4|BRN2
M 7.3 - Nepal,68.0,7.015307903289795,7.3,-0.2846920967102049,0.2846920967102049,5,5,SNDL|NAST|SYBC|KKN4|BRN2
M 7.3 - Nepal,69.0,6.9988861083984375,7.3,-0.3011138916015623,0.3011138916015623,5,5,SNDL|NAST|SYBC|KKN4|BRN2
M 7.3 - Nepal,70.0,6.9835405349731445,7.3,-0.3164594650268553,0.3164594650268553,5,5,SNDL|NAST|SYBC|KKN4|BRN2
M 7.3 - Nepal,71.0,6.969232559204102,7.3,-0.33076744079589826,0.33076744079589826,5,5,SNDL|NAST|SYBC|KKN4|BRN2
M 7.3 - Nepal,72.0,6.955915451049805,7.3,-0.34408454895019513,0.34408454895019513,5,5,SNDL|NAST|SYBC|KKN4|BRN2
M 7.3 - Nepal,73.0,6.943539619445801,7.3,-0.35646038055419904,0.35646038055419904,5,5,SNDL|NAST|SYBC|KKN4|BRN2
M 7.3 - Nepal,74.0,7.066015243530273,7.3,-0.23398475646972638,0.23398475646972638,5,5,SNDL|NAST|SYBC|BRN2|KKN4
M 7.3 - Nepal,75.0,7.113213539123535,7.3,-0.18678646087646467,0.18678646087646467,5,5,SNDL|NAST|BRN2|SYBC|KKN4
M 7.3 - Nepal,76.0,7.130379676818848,7.3,-0.16962032318115217,0.16962032318115217,5,5,SNDL|BRN2|NAST|SYBC|KKN4
M 7.3 - Nepal,77.0,7.12457275390625,7.3,-0.17542724609374982,0.17542724609374982,5,5,SNDL|BRN2|NAST|SYBC|KKN4
M 7.3 - Nepal,78.0,7.116485595703125,7.3,-0.18351440429687482,0.18351440429687482,5,5,SNDL|BRN2|NAST|SYBC|KKN4
M 7.3 - Nepal,79.0,7.108938694000244,7.3,-0.19106130599975568,0.19106130599975568,5,5,SNDL|BRN2|NAST|SYBC|KKN4
M 7.3 - Nepal,80.0,7.101897239685059,7.3,-0.19810276031494123,0.19810276031494123,5,5,SNDL|BRN2|NAST|SYBC|KKN4
M 7.3 - Nepal,81.0,7.0953288078308105,7.3,-0.20467119216918928,0.20467119216918928,5,5,SNDL|BRN2|NAST|SYBC|KKN4
M 7.3 - Nepal,82.0,7.089202880859375,7.3,-0.21079711914062482,0.21079711914062482,5,5,SNDL|BRN2|NAST|SYBC|KKN4
M 7.3 - Nepal,83.0,7.083489894866943,7.3,-0.21651010513305646,0.21651010513305646,5,5,SNDL|BRN2|NAST|SYBC|KKN4
M 7.3 - Nepal,84.0,7.0781636238098145,7.3,-0.22183637619018537,0.22183637619018537,5,5,SNDL|BRN2|NAST|SYBC|KKN4
M 7.3 - Nepal,85.0,7.073200225830078,7.3,-0.2267997741699217,0.2267997741699217,5,5,SNDL|BRN2|NAST|SYBC|KKN4
M 7.3 - Nepal,86.0,7.068575859069824,7.3,-0.2314241409301756,0.2314241409301756,5,5,SNDL|BRN2|NAST|SYBC|KKN4
M 7.3 - Nepal,87.0,7.064270496368408,7.3,-0.23572950363159162,0.23572950363159162,5,5,SNDL|BRN2|NAST|SYBC|KKN4
M 7.3 - Nepal,88.0,7.0602641105651855,7.3,-0.23973588943481428,0.23973588943481428,5,5,SNDL|BRN2|NAST|SYBC|KKN4
M 7.3 - Nepal,89.0,7.056539535522461,7.3,-0.24346046447753888,0.24346046447753888,5,5,SNDL|BRN2|NAST|SYBC|KKN4
M 7.3 - Nepal,90.0,7.053080081939697,7.3,-0.24691991806030256,0.24691991806030256,5,5,SNDL|BRN2|NAST|SYBC|KKN4
M 7.3 - Nepal,91.0,7.049870014190674,7.3,-0.250129985809326,0.250129985809326,5,5,SNDL|BRN2|NAST|SYBC|KKN4
M 7.3 - Nepal,92.0,7.046895503997803,7.3,-0.2531044960021971,0.2531044960021971,5,5,SNDL|BRN2|NAST|SYBC|KKN4
M 7.3 - Nepal,93.0,7.0441436767578125,7.3,-0.2558563232421873,0.2558563232421873,5,5,SNDL|BRN2|NAST|SYBC|KKN4
M 7.3 - Nepal,94.0,7.04160213470459,7.3,-0.25839786529541,0.25839786529541,5,5,SNDL|BRN2|NAST|SYBC|KKN4
M 7.3 - Nepal,95.0,7.039259910583496,7.3,-0.26074008941650373,0.26074008941650373,5,5,SNDL|BRN2|NAST|SYBC|KKN4
M 7.3 - Nepal,96.0,7.037105560302734,7.3,-0.26289443969726545,0.26289443969726545,5,5,SNDL|BRN2|NAST|SYBC|KKN4
M 7.3 - Nepal,97.0,7.035129547119141,7.3,-0.2648704528808592,0.2648704528808592,5,5,SNDL|BRN2|NAST|SYBC|KKN4
M 7.3 - Nepal,98.0,7.033322811126709,7.3,-0.26667718887329084,0.26667718887329084,5,5,SNDL|BRN2|NAST|SYBC|KKN4
M 7.3 - Nepal,99.0,7.031676769256592,7.3,-0.268323230743408,0.268323230743408,5,5,SNDL|BRN2|NAST|SYBC|KKN4
M 7.3 - Nepal,100.0,7.030182838439941,7.3,-0.2698171615600584,0.2698171615600584,5,5,SNDL|BRN2|NAST|SYBC|KKN4
M 7.3 - Nepal,101.0,7.028833389282227,7.3,-0.27116661071777326,0.27116661071777326,5,5,SNDL|BRN2|NAST|SYBC|KKN4
M 7.3 - Nepal,102.0,7.027621746063232,7.3,-0.2723782539367674,0.2723782539367674,5,5,SNDL|BRN2|NAST|SYBC|KKN4
M 7.3 - Nepal,103.0,7.026540279388428,7.3,-0.2734597206115721,0.2734597206115721,5,5,SNDL|BRN2|NAST|SYBC|KKN4
M 7.3 - Nepal,104.0,7.025583267211914,7.3,-0.27441673278808576,0.27441673278808576,5,5,SNDL|BRN2|NAST|SYBC|KKN4
M 7.3 - Nepal,105.0,7.024744033813477,7.3,-0.27525596618652326,0.27525596618652326,5,5,SNDL|BRN2|NAST|SYBC|KKN4
M 7.3 - Nepal,106.0,7.024017810821533,7.3,-0.2759821891784666,0.2759821891784666,5,5,SNDL|BRN2|NAST|SYBC|KKN4
M 7.3 - Nepal,107.0,7.023398399353027,7.3,-0.2766016006469725,0.2766016006469725,5,5,SNDL|BRN2|NAST|SYBC|KKN4
M 7.3 - Nepal,108.0,7.022881031036377,7.3,-0.27711896896362287,0.27711896896362287,5,5,SNDL|BRN2|NAST|SYBC|KKN4
M 7.3 - Nepal,109.0,7.022460460662842,7.3,-0.277539539337158,0.277539539337158,5,5,SNDL|BRN2|NAST|SYBC|KKN4
M 7.3 - Nepal,110.0,7.022132873535156,7.3,-0.2778671264648436,0.2778671264648436,5,5,SNDL|BRN2|NAST|SYBC|KKN4
M 7.3 - Nepal,111.0,7.021893501281738,7.3,-0.27810649871826154,0.27810649871826154,5,5,SNDL|BRN2|NAST|SYBC|KKN4
M 7.3 - Nepal,112.0,7.021738052368164,7.3,-0.27826194763183576,0.27826194763183576,5,5,SNDL|BRN2|NAST|SYBC|KKN4
M 7.3 - Nepal,113.0,7.021663188934326,7.3,-0.27833681106567365,0.27833681106567365,5,5,SNDL|BRN2|NAST|SYBC|KKN4
M 7.3 - Nepal,114.0,7.021664619445801,7.3,-0.27833538055419904,0.27833538055419904,5,5,SNDL|BRN2|NAST|SYBC|KKN4
M 7.3 - Nepal,115.0,7.021739482879639,7.3,-0.27826051712036115,0.27826051712036115,5,5,SNDL|BRN2|NAST|SYBC|KKN4
M 7.3 - Nepal,116.0,7.021883964538574,7.3,-0.2781160354614256,0.2781160354614256,5,5,SNDL|BRN2|NAST|SYBC|KKN4
M 7.3 - Nepal,117.0,7.0220947265625,7.3,-0.2779052734374998,0.2779052734374998,5,5,SNDL|BRN2|NAST|SYBC|KKN4
M 7.3 - Nepal,118.0,7.022369384765625,7.3,-0.2776306152343748,0.2776306152343748,5,5,SNDL|BRN2|NAST|SYBC|KKN4
M 7.3 - Nepal,119.0,7.022704601287842,7.3,-0.277295398712158,0.277295398712158,5,5,SNDL|BRN2|NAST|SYBC|KKN4
M 7.3 - Nepal,120.0,7.023097515106201,7.3,-0.27690248489379865,0.27690248489379865,5,5,SNDL|BRN2|NAST|SYBC|KKN4
M 7.3 - Nepal,121.0,7.02354621887207,7.3,-0.2764537811279295,0.2764537811279295,5,5,SNDL|BRN2|NAST|SYBC|KKN4
M 7.3 - Nepal,122.0,7.024047374725342,7.3,-0.275952625274658,0.275952625274658,5,5,SNDL|BRN2|NAST|SYBC|KKN4
M 7.3 - Nepal,123.0,7.024599075317383,7.3,-0.275400924682617,0.275400924682617,5,5,SNDL|BRN2|NAST|SYBC|KKN4
M 7.3 - Nepal,124.0,7.025198936462402,7.3,-0.2748010635375975,0.2748010635375975,5,5,SNDL|BRN2|NAST|SYBC|KKN4
M 7.3 - Nepal,125.0,7.025844573974609,7.3,-0.27415542602539045,0.27415542602539045,5,5,SNDL|BRN2|NAST|SYBC|KKN4
M 7.3 - Nepal,126.0,7.026534080505371,7.3,-0.27346591949462873,0.27346591949462873,5,5,SNDL|BRN2|NAST|SYBC|KKN4
M 7.3 - Nepal,127.0,7.027266025543213,7.3,-0.27273397445678693,0.27273397445678693,5,5,SNDL|BRN2|NAST|SYBC|KKN4
M 7.3 - Nepal,128.0,7.028037071228027,7.3,-0.2719629287719725,0.2719629287719725,5,5,SNDL|BRN2|NAST|SYBC|KKN4
M 7.3 - Nepal,129.0,7.028846740722656,7.3,-0.2711532592773436,0.2711532592773436,5,5,SNDL|BRN2|NAST|SYBC|KKN4
M 7.3 - Nepal,130.0,7.02969217300415,7.3,-0.27030782699584943,0.27030782699584943,5,5,SNDL|BRN2|NAST|SYBC|KKN4
M 7.3 - Nepal,131.0,7.030571937561035,7.3,-0.26942806243896467,0.26942806243896467,5,5,SNDL|BRN2|NAST|SYBC|KKN4
M 7.3 - Nepal,132.0,7.031485080718994,7.3,-0.2685149192810057,0.2685149192810057,5,5,SNDL|BRN2|NAST|SYBC|KKN4
M 7.3 - Nepal,133.0,7.032428741455078,7.3,-0.2675712585449217,0.2675712585449217,5,5,SNDL|BRN2|NAST|SYBC|KKN4
M 7.3 - Nepal,134.0,7.033402442932129,7.3,-0.2665975570678709,0.2665975570678709,5,5,SNDL|BRN2|NAST|SYBC|KKN4
M 7.3 - Nepal,135.0,7.034404277801514,7.3,-0.26559572219848615,0.26559572219848615,5,5,SNDL|BRN2|NAST|SYBC|KKN4
M 7.3 - Nepal,136.0,7.0354323387146,7.3,-0.2645676612854002,0.2645676612854002,5,5,SNDL|BRN2|NAST|SYBC|KKN4
M 7.3 - Nepal,137.0,7.03648567199707,7.3,-0.2635143280029295,0.2635143280029295,5,5,SNDL|BRN2|NAST|SYBC|KKN4
M 7.3 - Nepal,138.0,7.037562847137451,7.3,-0.26243715286254865,0.26243715286254865,5,5,SNDL|BRN2|NAST|SYBC|KKN4
M 7.3 - Nepal,139.0,7.038662433624268,7.3,-0.26133756637573224,0.26133756637573224,5,5,SNDL|BRN2|NAST|SYBC|KKN4
M 7.3 - Nepal,140.0,7.039783000946045,7.3,-0.2602169990539549,0.2602169990539549,5,5,SNDL|BRN2|NAST|SYBC|KKN4
M 7.3 - Nepal,141.0,7.040923118591309,7.3,-0.25907688140869123,0.25907688140869123,5,5,SNDL|BRN2|NAST|SYBC|KKN4
M 7.3 - Nepal,142.0,7.042081832885742,7.3,-0.25791816711425763,0.25791816711425763,5,5,SNDL|BRN2|NAST|SYBC|KKN4
M 7.3 - Nepal,143.0,7.043258190155029,7.3,-0.2567418098449705,0.2567418098449705,5,5,SNDL|BRN2|NAST|SYBC|KKN4
M 7.3 - Nepal,144.0,7.044450283050537,7.3,-0.2555497169494627,0.2555497169494627,5,5,SNDL|BRN2|NAST|SYBC|KKN4
M 7.3 - Nepal,145.0,7.045657157897949,7.3,-0.2543428421020506,0.2543428421020506,5,5,SNDL|BRN2|NAST|SYBC|KKN4
M 7.3 - Nepal,146.0,7.046877861022949,7.3,-0.2531221389770506,0.2531221389770506,5,5,SNDL|BRN2|NAST|SYBC|KKN4
M 7.3 - Nepal,147.0,7.0481109619140625,7.3,-0.2518890380859373,0.2518890380859373,5,5,SNDL|BRN2|NAST|SYBC|KKN4
M 7.3 - Nepal,148.0,7.049355506896973,7.3,-0.25064449310302717,0.25064449310302717,5,5,SNDL|BRN2|NAST|SYBC|KKN4
M 7.3 - Nepal,149.0,7.050610542297363,7.3,-0.24938945770263654,0.24938945770263654,5,5,SNDL|BRN2|NAST|SYBC|KKN4
M 7.3 - Nepal,150.0,7.05187463760376,7.3,-0.24812536239624006,0.24812536239624006,5,5,SNDL|BRN2|NAST|SYBC|KKN4
M 7.3 - Nepal,151.0,7.053146839141846,7.3,-0.24685316085815412,0.24685316085815412,5,5,SNDL|BRN2|NAST|SYBC|KKN4
M 7.3 - Nepal,152.0,7.054426670074463,7.3,-0.24557332992553693,0.24557332992553693,5,5,SNDL|BRN2|NAST|SYBC|KKN4
M 7.3 - Nepal,153.0,7.0557122230529785,7.3,-0.2442877769470213,0.2442877769470213,5,5,SNDL|BRN2|NAST|SYBC|KKN4
M 7.3 - Nepal,154.0,7.057002544403076,7.3,-0.24299745559692365,0.24299745559692365,5,5,SNDL|BRN2|NAST|SYBC|KKN4
M 7.3 - Nepal,155.0,7.058297634124756,7.3,-0.24170236587524396,0.24170236587524396,5,5,SNDL|BRN2|NAST|SYBC|KKN4
M 7.3 - Nepal,156.0,7.059595584869385,7.3,-0.24040441513061506,0.24040441513061506,5,5,SNDL|BRN2|NAST|SYBC|KKN4
M 7.3 - Nepal,157.0,7.0608954429626465,7.3,-0.23910455703735334,0.23910455703735334,5,5,SNDL|BRN2|NAST|SYBC|KKN4
M 7.3 - Nepal,158.0,7.062196731567383,7.3,-0.237803268432617,0.237803268432617,5,5,SNDL|BRN2|NAST|SYBC|KKN4
M 7.3 - Nepal,159.0,7.063498020172119,7.3,-0.23650197982788068,0.23650197982788068,5,5,SNDL|BRN2|NAST|SYBC|KKN4
M 7.3 - Nepal,160.0,7.064798831939697,7.3,-0.23520116806030256,0.23520116806030256,5,5,SNDL|BRN2|NAST|SYBC|KKN4
M 7.3 - Nepal,161.0,7.066097736358643,7.3,-0.23390226364135724,0.23390226364135724,5,5,SNDL|BRN2|NAST|SYBC|KKN4
M 7.3 - Nepal,162.0,7.067394733428955,7.3,-0.23260526657104474,0.23260526657104474,5,5,SNDL|BRN2|NAST|SYBC|KKN4
M 7.3 - Nepal,163.0,7.068687438964844,7.3,-0.23131256103515607,0.23131256103515607,5,5,SNDL|BRN2|NAST|SYBC|KKN4
M 7.3 - Nepal,164.0,7.069976806640625,7.3,-0.23002319335937482,0.23002319335937482,5,5,SNDL|BRN2|NAST|SYBC|KKN4
M 7.3 - Nepal,165.0,7.071260452270508,7.3,-0.228739547729492,0.228739547729492,5,5,SNDL|BRN2|NAST|SYBC|KKN4
M 7.3 - Nepal,166.0,7.072537899017334,7.3,-0.22746210098266584,0.22746210098266584,5,5,SNDL|BRN2|NAST|SYBC|KKN4
M 7.3 - Nepal,167.0,7.073808670043945,7.3,-0.2261913299560545,0.2261913299560545,5,5,SNDL|BRN2|NAST|SYBC|KKN4
M 7.3 - Nepal,168.0,7.075071811676025,7.3,-0.22492818832397443,0.22492818832397443,5,5,SNDL|BRN2|NAST|SYBC|KKN4
M 7.3 - Nepal,169.0,7.076326370239258,7.3,-0.223673629760742,0.223673629760742,5,5,SNDL|BRN2|NAST|SYBC|KKN4
M 7.3 - Nepal,170.0,7.077571868896484,7.3,-0.22242813110351545,0.22242813110351545,5,5,SNDL|BRN2|NAST|SYBC|KKN4
M 7.3 - Nepal,171.0,7.0788068771362305,7.3,-0.22119312286376935,0.22119312286376935,5,5,SNDL|BRN2|NAST|SYBC|KKN4
M 7.3 - Nepal,172.0,7.080031394958496,7.3,-0.21996860504150373,0.21996860504150373,5,5,SNDL|BRN2|NAST|SYBC|KKN4
M 7.3 - Nepal,173.0,7.081243991851807,7.3,-0.21875600814819318,0.21875600814819318,5,5,SNDL|BRN2|NAST|SYBC|KKN4
M 7.3 - Nepal,174.0,7.082444190979004,7.3,-0.21755580902099592,0.21755580902099592,5,5,SNDL|BRN2|NAST|SYBC|KKN4
M 7.3 - Nepal,175.0,7.0836310386657715,7.3,-0.21636896133422834,0.21636896133422834,5,5,SNDL|BRN2|NAST|SYBC|KKN4
M 7.3 - Nepal,176.0,7.084804058074951,7.3,-0.21519594192504865,0.21519594192504865,5,5,SNDL|BRN2|NAST|SYBC|KKN4
M 7.3 - Nepal,177.0,7.085962295532227,7.3,-0.21403770446777326,0.21403770446777326,5,5,SNDL|BRN2|NAST|SYBC|KKN4
M 7.3 - Nepal,178.0,7.0871052742004395,7.3,-0.21289472579956037,0.21289472579956037,5,5,SNDL|BRN2|NAST|SYBC|KKN4
M 7.3 - Nepal,179.0,7.088232040405273,7.3,-0.21176795959472638,0.21176795959472638,5,5,SNDL|BRN2|NAST|SYBC|KKN4
M 7.3 - Nepal,180.0,7.08934211730957,7.3,-0.2106578826904295,0.2106578826904295,5,5,SNDL|BRN2|NAST|SYBC|KKN4
M 7.3 - Nepal,181.0,7.090435028076172,7.3,-0.20956497192382795,0.20956497192382795,5,5,SNDL|BRN2|NAST|SYBC|KKN4
M 7.3 - Nepal,182.0,7.091509819030762,7.3,-0.2084901809692381,0.2084901809692381,5,5,SNDL|BRN2|NAST|SYBC|KKN4
M 7.3 - Nepal,183.0,7.092565536499023,7.3,-0.20743446350097638,0.20743446350097638,5,5,SNDL|BRN2|NAST|SYBC|KKN4
M 7.3 - Nepal,184.0,7.093602180480957,7.3,-0.2063978195190428,0.2063978195190428,5,5,SNDL|BRN2|NAST|SYBC|KKN4
M 7.3 - Nepal,185.0,7.094618797302246,7.3,-0.20538120269775373,0.20538120269775373,5,5,SNDL|BRN2|NAST|SYBC|KKN4
M 7.3 - Nepal,186.0,7.095614910125732,7.3,-0.2043850898742674,0.2043850898742674,5,5,SNDL|BRN2|NAST|SYBC|KKN4
M 7.3 - Nepal,187.0,7.0965895652771,7.3,-0.2034104347229002,0.2034104347229002,5,5,SNDL|BRN2|NAST|SYBC|KKN4
M 7.3 - Nepal,188.0,7.0975422859191895,7.3,-0.20245771408081037,0.20245771408081037,5,5,SNDL|BRN2|NAST|SYBC|KKN4
M 7.3 - Nepal,189.0,7.098473072052002,7.3,-0.20152692794799787,0.20152692794799787,5,5,SNDL|BRN2|NAST|SYBC|KKN4
M 7.3 - Nepal,190.0,7.0993804931640625,7.3,-0.20061950683593732,0.20061950683593732,5,5,SNDL|BRN2|NAST|SYBC|KKN4
M 7.3 - Nepal,191.0,7.100264549255371,7.3,-0.19973545074462873,0.19973545074462873,5,5,SNDL|BRN2|NAST|SYBC|KKN4
M 7.3 - Nepal,192.0,7.1011247634887695,7.3,-0.1988752365112303,0.1988752365112303,5,5,SNDL|BRN2|NAST|SYBC|KKN4
M 7.3 - Nepal,193.0,7.101960182189941,7.3,-0.19803981781005842,0.19803981781005842,5,5,SNDL|BRN2|NAST|SYBC|KKN4
M 7.3 - Nepal,194.0,7.102770805358887,7.3,-0.1972291946411131,0.1972291946411131,5,5,SNDL|BRN2|NAST|SYBC|KKN4
M 7.3 - Nepal,195.0,7.103555679321289,7.3,-0.19644432067871076,0.19644432067871076,5,5,SNDL|BRN2|NAST|SYBC|KKN4
M 7.3 - Nepal,196.0,7.10431432723999,7.3,-0.1956856727600096,0.1956856727600096,5,5,SNDL|BRN2|NAST|SYBC|KKN4
M 7.3 - Nepal,197.0,7.10504674911499,7.3,-0.1949532508850096,0.1949532508850096,5,5,SNDL|BRN2|NAST|SYBC|KKN4
M 7.3 - Nepal,198.0,7.105751991271973,7.3,-0.19424800872802717,0.19424800872802717,5,5,SNDL|BRN2|NAST|SYBC|KKN4
M 7.3 - Nepal,199.0,7.1064300537109375,7.3,-0.19356994628906232,0.19356994628906232,5,5,SNDL|BRN2|NAST|SYBC|KKN4
M 7.3 - Nepal,200.0,7.107080459594727,7.3,-0.19291954040527326,0.19291954040527326,5,5,SNDL|BRN2|NAST|SYBC|KKN4
"M 7.0 - 13 km NNE of Néon Karlovásion, Greece",8.0,7.740363597869873,7.0,0.740363597869873,0.740363597869873,1,1,cesm
"M 7.0 - 13 km NNE of Néon Karlovásion, Greece",9.0,7.727087497711182,7.0,0.7270874977111816,0.7270874977111816,2,2,izmi|cesm
"M 7.0 - 13 km NNE of Néon Karlovásion, Greece",10.0,7.535228729248047,7.0,0.5352287292480469,0.5352287292480469,3,3,izmi|didi|cesm
"M 7.0 - 13 km NNE of Néon Karlovásion, Greece",11.0,7.479985237121582,7.0,0.47998523712158203,0.47998523712158203,3,3,izmi|didi|cesm
"M 7.0 - 13 km NNE of Néon Karlovásion, Greece",12.0,7.460590839385986,7.0,0.46059083938598633,0.46059083938598633,3,3,izmi|didi|cesm
"M 7.0 - 13 km NNE of Néon Karlovásion, Greece",13.0,7.4450602531433105,7.0,0.44506025314331055,0.44506025314331055,3,3,izmi|didi|cesm
"M 7.0 - 13 km NNE of Néon Karlovásion, Greece",14.0,7.428819179534912,7.0,0.4288191795349121,0.4288191795349121,3,3,izmi|didi|cesm
"M 7.0 - 13 km NNE of Néon Karlovásion, Greece",15.0,7.411627769470215,7.0,0.41162776947021484,0.41162776947021484,3,3,izmi|didi|cesm
"M 7.0 - 13 km NNE of Néon Karlovásion, Greece",16.0,7.3932695388793945,7.0,0.39326953887939453,0.39326953887939453,3,3,izmi|didi|cesm
"M 7.0 - 13 km NNE of Néon Karlovásion, Greece",17.0,7.37355375289917,7.0,0.3735537528991699,0.3735537528991699,3,3,izmi|didi|cesm
"M 7.0 - 13 km NNE of Néon Karlovásion, Greece",18.0,7.330227851867676,7.0,0.3302278518676758,0.3302278518676758,3,3,izmi|cesm|didi
"M 7.0 - 13 km NNE of Néon Karlovásion, Greece",19.0,7.278271198272705,7.0,0.2782711982727051,0.2782711982727051,3,3,cesm|izmi|didi
"M 7.0 - 13 km NNE of Néon Karlovásion, Greece",20.0,7.2912421226501465,7.0,0.2912421226501465,0.2912421226501465,3,3,izmi|cesm|didi
"M 7.0 - 13 km NNE of Néon Karlovásion, Greece",21.0,7.320672988891602,7.0,0.32067298889160156,0.32067298889160156,3,3,izmi|cesm|didi
"M 7.0 - 13 km NNE of Néon Karlovásion, Greece",22.0,7.321181297302246,7.0,0.3211812973022461,0.3211812973022461,3,3,izmi|cesm|didi
"M 7.0 - 13 km NNE of Néon Karlovásion, Greece",23.0,7.322412967681885,7.0,0.32241296768188477,0.32241296768188477,3,3,cesm|izmi|didi
"M 7.0 - 13 km NNE of Néon Karlovásion, Greece",24.0,7.369908332824707,7.0,0.36990833282470703,0.36990833282470703,3,3,cesm|izmi|didi
"M 7.0 - 13 km NNE of Néon Karlovásion, Greece",25.0,7.419710636138916,7.0,0.419710636138916,0.419710636138916,3,3,cesm|izmi|didi
"M 7.0 - 13 km NNE of Néon Karlovásion, Greece",26.0,7.466343402862549,7.0,0.46634340286254883,0.46634340286254883,3,3,cesm|izmi|didi
"M 7.0 - 13 km NNE of Néon Karlovásion, Greece",27.0,7.498454570770264,7.0,0.49845457077026367,0.49845457077026367,3,3,cesm|izmi|didi
"M 7.0 - 13 km NNE of Néon Karlovásion, Greece",28.0,7.499603748321533,7.0,0.4996037483215332,0.4996037483215332,3,3,cesm|izmi|didi
"M 7.0 - 13 km NNE of Néon Karlovásion, Greece",29.0,7.480876445770264,7.0,0.48087644577026367,0.48087644577026367,3,3,cesm|izmi|didi
"M 7.0 - 13 km NNE of Néon Karlovásion, Greece",30.0,7.461350440979004,7.0,0.4613504409790039,0.4613504409790039,3,3,cesm|izmi|didi
"M 7.0 - 13 km NNE of Néon Karlovásion, Greece",31.0,7.441033363342285,7.0,0.44103336334228516,0.44103336334228516,3,3,cesm|izmi|didi
"M 7.0 - 13 km NNE of Néon Karlovásion, Greece",32.0,7.419950485229492,7.0,0.4199504852294922,0.4199504852294922,3,3,cesm|izmi|didi
"M 7.0 - 13 km NNE of Néon Karlovásion, Greece",33.0,7.398143768310547,7.0,0.3981437683105469,0.3981437683105469,3,3,cesm|izmi|didi
"M 7.0 - 13 km NNE of Néon Karlovásion, Greece",34.0,7.375674247741699,7.0,0.3756742477416992,0.3756742477416992,3,3,cesm|izmi|didi
"M 7.0 - 13 km NNE of Néon Karlovásion, Greece",35.0,7.352619171142578,7.0,0.3526191711425781,0.3526191711425781,3,3,cesm|izmi|didi
"M 7.0 - 13 km NNE of Néon Karlovásion, Greece",36.0,7.329072952270508,7.0,0.3290729522705078,0.3290729522705078,3,3,cesm|izmi|didi
"M 7.0 - 13 km NNE of Néon Karlovásion, Greece",37.0,7.305144786834717,7.0,0.3051447868347168,0.3051447868347168,3,3,cesm|izmi|didi
"M 7.0 - 13 km NNE of Néon Karlovásion, Greece",38.0,7.280956745147705,7.0,0.2809567451477051,0.2809567451477051,3,3,cesm|izmi|didi
"M 7.0 - 13 km NNE of Néon Karlovásion, Greece",39.0,7.2566423416137695,7.0,0.25664234161376953,0.25664234161376953,3,3,cesm|izmi|didi
"M 7.0 - 13 km NNE of Néon Karlovásion, Greece",40.0,7.232340335845947,7.0,0.23234033584594727,0.23234033584594727,3,3,cesm|izmi|didi
"M 7.0 - 13 km NNE of Néon Karlovásion, Greece",41.0,7.208195686340332,7.0,0.20819568634033203,0.20819568634033203,3,3,cesm|izmi|didi
"M 7.0 - 13 km NNE of Néon Karlovásion, Greece",42.0,7.184353828430176,7.0,0.18435382843017578,0.18435382843017578,3,3,cesm|izmi|didi
"M 7.0 - 13 km NNE of Néon Karlovásion, Greece",43.0,7.160956382751465,7.0,0.16095638275146484,0.16095638275146484,3,3,cesm|izmi|didi
"M 7.0 - 13 km NNE of Néon Karlovásion, Greece",44.0,7.1381402015686035,7.0,0.13814020156860352,0.13814020156860352,3,3,cesm|izmi|didi
"M 7.0 - 13 km NNE of Néon Karlovásion, Greece",45.0,7.116031646728516,7.0,0.11603164672851562,0.11603164672851562,3,3,cesm|izmi|didi
"M 7.0 - 13 km NNE of Néon Karlovásion, Greece",46.0,7.09474515914917,7.0,0.09474515914916992,0.09474515914916992,3,3,cesm|izmi|didi
"M 7.0 - 13 km NNE of Néon Karlovásion, Greece",47.0,7.074379920959473,7.0,0.07437992095947266,0.07437992095947266,3,3,cesm|izmi|didi
"M 7.0 - 13 km NNE of Néon Karlovásion, Greece",48.0,7.055017471313477,7.0,0.05501747131347656,0.05501747131347656,3,3,cesm|izmi|didi
"M 7.0 - 13 km NNE of Néon Karlovásion, Greece",49.0,7.036721229553223,7.0,0.036721229553222656,0.036721229553222656,3,3,cesm|izmi|didi
"M 7.0 - 13 km NNE of Néon Karlovásion, Greece",50.0,7.019535064697266,7.0,0.019535064697265625,0.019535064697265625,3,3,cesm|izmi|didi
"M 7.0 - 13 km NNE of Néon Karlovásion, Greece",51.0,7.003483295440674,7.0,0.003483295440673828,0.003483295440673828,3,3,cesm|izmi|didi
"M 7.0 - 13 km NNE of Néon Karlovásion, Greece",52.0,6.9885711669921875,7.0,-0.0114288330078125,0.0114288330078125,3,3,cesm|izmi|didi
"M 7.0 - 13 km NNE of Néon Karlovásion, Greece",53.0,6.974785804748535,7.0,-0.025214195251464844,0.025214195251464844,3,3,cesm|izmi|didi
"M 7.0 - 13 km NNE of Néon Karlovásion, Greece",54.0,6.962100028991699,7.0,-0.03789997100830078,0.03789997100830078,3,3,cesm|izmi|didi
"M 7.0 - 13 km NNE of Néon Karlovásion, Greece",55.0,6.9504714012146,7.0,-0.04952859878540039,0.04952859878540039,3,3,cesm|izmi|didi
"M 7.0 - 13 km NNE of Néon Karlovásion, Greece",56.0,6.939846992492676,7.0,-0.06015300750732422,0.06015300750732422,3,3,cesm|izmi|didi
"M 7.0 - 13 km NNE of Néon Karlovásion, Greece",57.0,6.9301652908325195,7.0,-0.06983470916748047,0.06983470916748047,3,3,cesm|izmi|didi
"M 7.0 - 13 km NNE of Néon Karlovásion, Greece",58.0,6.921359539031982,7.0,-0.07864046096801758,0.07864046096801758,3,3,cesm|izmi|didi
"M 7.0 - 13 km NNE of Néon Karlovásion, Greece",59.0,6.913358688354492,7.0,-0.08664131164550781,0.08664131164550781,3,3,cesm|izmi|didi
"M 7.0 - 13 km NNE of Néon Karlovásion, Greece",60.0,6.906091690063477,7.0,-0.09390830993652344,0.09390830993652344,3,3,cesm|izmi|didi
"M 7.0 - 13 km NNE of Néon Karlovásion, Greece",61.0,6.899487018585205,7.0,-0.10051298141479492,0.10051298141479492,3,3,cesm|izmi|didi
"M 7.0 - 13 km NNE of Néon Karlovásion, Greece",62.0,6.8934760093688965,7.0,-0.10652399063110352,0.10652399063110352,3,3,cesm|izmi|didi
"M 7.0 - 13 km NNE of Néon Karlovásion, Greece",63.0,6.887994766235352,7.0,-0.11200523376464844,0.11200523376464844,3,3,cesm|izmi|didi
"M 7.0 - 13 km NNE of Néon Karlovásion, Greece",64.0,6.882981777191162,7.0,-0.11701822280883789,0.11701822280883789,3,3,cesm|izmi|didi
"M 7.0 - 13 km NNE of Néon Karlovásion, Greece",65.0,6.878382682800293,7.0,-0.12161731719970703,0.12161731719970703,3,3,cesm|izmi|didi
"M 7.0 - 13 km NNE of Néon Karlovásion, Greece",66.0,6.874147415161133,7.0,-0.1258525848388672,0.1258525848388672,3,3,cesm|izmi|didi
"M 7.0 - 13 km NNE of Néon Karlovásion, Greece",67.0,6.870231628417969,7.0,-0.12976837158203125,0.12976837158203125,3,3,cesm|izmi|didi
"M 7.0 - 13 km NNE of Néon Karlovásion, Greece",68.0,6.86659574508667,7.0,-0.13340425491333008,0.13340425491333008,3,3,cesm|izmi|didi
"M 7.0 - 13 km NNE of Néon Karlovásion, Greece",69.0,6.86320686340332,7.0,-0.1367931365966797,0.1367931365966797,3,3,cesm|izmi|didi
"M 7.0 - 13 km NNE of Néon Karlovásion, Greece",70.0,6.860035419464111,7.0,-0.13996458053588867,0.13996458053588867,3,3,cesm|izmi|didi
"M 7.0 - 13 km NNE of Néon Karlovásion, Greece",71.0,6.857056617736816,7.0,-0.1429433822631836,0.1429433822631836,3,3,cesm|izmi|didi
"M 7.0 - 13 km NNE of Néon Karlovásion, Greece",72.0,6.854249954223633,7.0,-0.1457500457763672,0.1457500457763672,3,3,cesm|izmi|didi
"M 7.0 - 13 km NNE of Néon Karlovásion, Greece",73.0,6.851597785949707,7.0,-0.14840221405029297,0.14840221405029297,3,3,cesm|izmi|didi
"M 7.0 - 13 km NNE of Néon Karlovásion, Greece",74.0,6.849085330963135,7.0,-0.15091466903686523,0.15091466903686523,3,3,cesm|izmi|didi
"M 7.0 - 13 km NNE of Néon Karlovásion, Greece",75.0,6.846701145172119,7.0,-0.15329885482788086,0.15329885482788086,3,3,cesm|izmi|didi
"M 7.0 - 13 km NNE of Néon Karlovásion, Greece",76.0,6.844435691833496,7.0,-0.1555643081665039,0.1555643081665039,3,3,cesm|izmi|didi
"M 7.0 - 13 km NNE of Néon Karlovásion, Greece",77.0,6.842280864715576,7.0,-0.15771913528442383,0.15771913528442383,3,3,cesm|izmi|didi
"M 7.0 - 13 km NNE of Néon Karlovásion, Greece",78.0,6.840230941772461,7.0,-0.15976905822753906,0.15976905822753906,3,3,cesm|izmi|didi
"M 7.0 - 13 km NNE of Néon Karlovásion, Greece",79.0,6.838280200958252,7.0,-0.16171979904174805,0.16171979904174805,3,3,cesm|izmi|didi
"M 7.0 - 13 km NNE of Néon Karlovásion, Greece",80.0,6.836424827575684,7.0,-0.1635751724243164,0.1635751724243164,3,3,cesm|izmi|didi
"M 7.0 - 13 km NNE of Néon Karlovásion, Greece",81.0,6.834661960601807,7.0,-0.16533803939819336,0.16533803939819336,3,3,cesm|izmi|didi
"M 7.0 - 13 km NNE of Néon Karlovásion, Greece",82.0,6.832988739013672,7.0,-0.16701126098632812,0.16701126098632812,3,3,cesm|izmi|didi
"M 7.0 - 13 km NNE of Néon Karlovásion, Greece",83.0,6.83140230178833,7.0,-0.16859769821166992,0.16859769821166992,3,3,cesm|izmi|didi
"M 7.0 - 13 km NNE of Néon Karlovásion, Greece",84.0,6.829901695251465,7.0,-0.17009830474853516,0.17009830474853516,3,3,cesm|izmi|didi
"M 7.0 - 13 km NNE of Néon Karlovásion, Greece",85.0,6.828485012054443,7.0,-0.17151498794555664,0.17151498794555664,3,3,cesm|izmi|didi
"M 7.0 - 13 km NNE of Néon Karlovásion, Greece",86.0,6.827150821685791,7.0,-0.17284917831420898,0.17284917831420898,3,3,cesm|izmi|didi
"M 7.0 - 13 km NNE of Néon Karlovásion, Greece",87.0,6.825897693634033,7.0,-0.1741023063659668,0.1741023063659668,3,3,cesm|izmi|didi
"M 7.0 - 13 km NNE of Néon Karlovásion, Greece",88.0,6.8247246742248535,7.0,-0.17527532577514648,0.17527532577514648,3,3,cesm|izmi|didi
"M 7.0 - 13 km NNE of Néon Karlovásion, Greece",89.0,6.8236308097839355,7.0,-0.17636919021606445,0.17636919021606445,3,3,cesm|izmi|didi
"M 7.0 - 13 km NNE of Néon Karlovásion, Greece",90.0,6.8226141929626465,7.0,-0.17738580703735352,0.17738580703735352,3,3,cesm|izmi|didi
"M 7.0 - 13 km NNE of Néon Karlovásion, Greece",91.0,6.82167387008667,7.0,-0.17832612991333008,0.17832612991333008,3,3,cesm|izmi|didi
"M 7.0 - 13 km NNE of Néon Karlovásion, Greece",92.0,6.820809364318848,7.0,-0.17919063568115234,0.17919063568115234,3,3,cesm|izmi|didi
"M 7.0 - 13 km NNE of Néon Karlovásion, Greece",93.0,6.820018291473389,7.0,-0.17998170852661133,0.17998170852661133,3,3,cesm|izmi|didi
"M 7.0 - 13 km NNE of Néon Karlovásion, Greece",94.0,6.819300174713135,7.0,-0.18069982528686523,0.18069982528686523,3,3,cesm|izmi|didi
"M 7.0 - 13 km NNE of Néon Karlovásion, Greece",95.0,6.818653106689453,7.0,-0.18134689331054688,0.18134689331054688,3,3,cesm|izmi|didi
"M 7.0 - 13 km NNE of Néon Karlovásion, Greece",96.0,6.8180766105651855,7.0,-0.18192338943481445,0.18192338943481445,3,3,cesm|izmi|didi
"M 7.0 - 13 km NNE of Néon Karlovásion, Greece",97.0,6.817568302154541,7.0,-0.18243169784545898,0.18243169784545898,3,3,cesm|izmi|didi
"M 7.0 - 13 km NNE of Néon Karlovásion, Greece",98.0,6.817127704620361,7.0,-0.18287229537963867,0.18287229537963867,3,3,cesm|izmi|didi
"M 7.0 - 13 km NNE of Néon Karlovásion, Greece",99.0,6.8167524337768555,7.0,-0.18324756622314453,0.18324756622314453,3,3,cesm|izmi|didi
"M 7.0 - 13 km NNE of Néon Karlovásion, Greece",100.0,6.816442012786865,7.0,-0.18355798721313477,0.18355798721313477,3,3,cesm|izmi|didi
"M 7.0 - 13 km NNE of Néon Karlovásion, Greece",101.0,6.816194534301758,7.0,-0.1838054656982422,0.1838054656982422,3,3,cesm|izmi|didi
"M 7.0 - 13 km NNE of Néon Karlovásion, Greece",102.0,6.816008567810059,7.0,-0.1839914321899414,0.1839914321899414,3,3,cesm|izmi|didi
"M 7.0 - 13 km NNE of Néon Karlovásion, Greece",103.0,6.815882682800293,7.0,-0.18411731719970703,0.18411731719970703,3,3,cesm|izmi|didi
"M 7.0 - 13 km NNE of Néon Karlovásion, Greece",104.0,6.815815448760986,7.0,-0.18418455123901367,0.18418455123901367,3,3,cesm|izmi|didi
"M 7.0 - 13 km NNE of Néon Karlovásion, Greece",105.0,6.815805435180664,7.0,-0.18419456481933594,0.18419456481933594,3,3,cesm|izmi|didi
"M 7.0 - 13 km NNE of Néon Karlovásion, Greece",106.0,6.815851211547852,7.0,-0.18414878845214844,0.18414878845214844,3,3,cesm|izmi|didi
"M 7.0 - 13 km NNE of Néon Karlovásion, Greece",107.0,6.815951347351074,7.0,-0.18404865264892578,0.18404865264892578,3,3,cesm|izmi|didi
"M 7.0 - 13 km NNE of Néon Karlovásion, Greece",108.0,6.816104888916016,7.0,-0.18389511108398438,0.18389511108398438,3,3,cesm|izmi|didi
"M 7.0 - 13 km NNE of Néon Karlovásion, Greece",109.0,6.816309452056885,7.0,-0.18369054794311523,0.18369054794311523,3,3,cesm|izmi|didi
"M 7.0 - 13 km NNE of Néon Karlovásion, Greece",110.0,6.816564083099365,7.0,-0.18343591690063477,0.18343591690063477,3,3,cesm|izmi|didi
"M 7.0 - 13 km NNE of Néon Karlovásion, Greece",111.0,6.816867828369141,7.0,-0.18313217163085938,0.18313217163085938,3,3,cesm|izmi|didi
"M 7.0 - 13 km NNE of Néon Karlovásion, Greece",112.0,6.817219257354736,7.0,-0.18278074264526367,0.18278074264526367,3,3,cesm|izmi|didi
"M 7.0 - 13 km NNE of Néon Karlovásion, Greece",113.0,6.817616939544678,7.0,-0.18238306045532227,0.18238306045532227,3,3,cesm|izmi|didi
"M 7.0 - 13 km NNE of Néon Karlovásion, Greece",114.0,6.81805944442749,7.0,-0.18194055557250977,0.18194055557250977,3,3,cesm|izmi|didi
"M 7.0 - 13 km NNE of Néon Karlovásion, Greece",115.0,6.818545818328857,7.0,-0.18145418167114258,0.18145418167114258,3,3,cesm|izmi|didi
"M 7.0 - 13 km NNE of Néon Karlovásion, Greece",116.0,6.819074630737305,7.0,-0.1809253692626953,0.1809253692626953,3,3,cesm|izmi|didi
"M 7.0 - 13 km NNE of Néon Karlovásion, Greece",117.0,6.819644451141357,7.0,-0.18035554885864258,0.18035554885864258,3,3,cesm|izmi|didi
"M 7.0 - 13 km NNE of Néon Karlovásion, Greece",118.0,6.820254802703857,7.0,-0.17974519729614258,0.17974519729614258,3,3,cesm|izmi|didi
"M 7.0 - 13 km NNE of Néon Karlovásion, Greece",119.0,6.820903778076172,7.0,-0.17909622192382812,0.17909622192382812,3,3,cesm|izmi|didi
"M 7.0 - 13 km NNE of Néon Karlovásion, Greece",120.0,6.821590900421143,7.0,-0.17840909957885742,0.17840909957885742,3,3,cesm|izmi|didi
"M 7.0 - 13 km NNE of Néon Karlovásion, Greece",121.0,6.832437992095947,7.0,-0.16756200790405273,0.16756200790405273,3,3,cesm|izmi|didi
"M 7.0 - 13 km NNE of Néon Karlovásion, Greece",122.0,6.841602802276611,7.0,-0.15839719772338867,0.15839719772338867,3,3,cesm|izmi|didi
"M 7.0 - 13 km NNE of Néon Karlovásion, Greece",123.0,6.842344284057617,7.0,-0.1576557159423828,0.1576557159423828,3,3,cesm|izmi|didi
"M 7.0 - 13 km NNE of Néon Karlovásion, Greece",124.0,6.8431196212768555,7.0,-0.15688037872314453,0.15688037872314453,3,3,cesm|izmi|didi
"M 7.0 - 13 km NNE of Néon Karlovásion, Greece",125.0,6.843928337097168,7.0,-0.15607166290283203,0.15607166290283203,3,3,cesm|izmi|didi
"M 7.0 - 13 km NNE of Néon Karlovásion, Greece",126.0,6.844769477844238,7.0,-0.15523052215576172,0.15523052215576172,3,3,cesm|izmi|didi
"M 7.0 - 13 km NNE of Néon Karlovásion, Greece",127.0,6.845641613006592,7.0,-0.1543583869934082,0.1543583869934082,3,3,cesm|izmi|didi
"M 7.0 - 13 km NNE of Néon Karlovásion, Greece",128.0,6.84654426574707,7.0,-0.1534557342529297,0.1534557342529297,3,3,cesm|izmi|didi
"M 7.0 - 13 km NNE of Néon Karlovásion, Greece",129.0,6.847476005554199,7.0,-0.15252399444580078,0.15252399444580078,3,3,cesm|izmi|didi
"M 7.0 - 13 km NNE of Néon Karlovásion, Greece",130.0,6.84843635559082,7.0,-0.1515636444091797,0.1515636444091797,3,3,cesm|izmi|didi
"M 7.0 - 13 km NNE of Néon Karlovásion, Greece",131.0,6.849423885345459,7.0,-0.15057611465454102,0.15057611465454102,3,3,cesm|izmi|didi
"M 7.0 - 13 km NNE of Néon Karlovásion, Greece",132.0,6.850438117980957,7.0,-0.14956188201904297,0.14956188201904297,3,3,cesm|izmi|didi
"M 7.0 - 13 km NNE of Néon Karlovásion, Greece",133.0,6.851478099822998,7.0,-0.14852190017700195,0.14852190017700195,3,3,cesm|izmi|didi
"M 7.0 - 13 km NNE of Néon Karlovásion, Greece",134.0,6.852542400360107,7.0,-0.14745759963989258,0.14745759963989258,3,3,cesm|izmi|didi
"M 7.0 - 13 km NNE of Néon Karlovásion, Greece",135.0,6.853631019592285,7.0,-0.14636898040771484,0.14636898040771484,3,3,cesm|izmi|didi
"M 7.0 - 13 km NNE of Néon Karlovásion, Greece",136.0,6.854742050170898,7.0,-0.14525794982910156,0.14525794982910156,3,3,cesm|izmi|didi
"M 7.0 - 13 km NNE of Néon Karlovásion, Greece",137.0,6.8558759689331055,7.0,-0.14412403106689453,0.14412403106689453,3,3,cesm|izmi|didi
"M 7.0 - 13 km NNE of Néon Karlovásion, Greece",138.0,6.857030391693115,7.0,-0.14296960830688477,0.14296960830688477,3,3,cesm|izmi|didi
"M 7.0 - 13 km NNE of Néon Karlovásion, Greece",139.0,6.858205318450928,7.0,-0.14179468154907227,0.14179468154907227,3,3,cesm|izmi|didi
"M 7.0 - 13 km NNE of Néon Karlovásion, Greece",140.0,6.859400272369385,7.0,-0.14059972763061523,0.14059972763061523,3,3,cesm|izmi|didi
"M 7.0 - 13 km NNE of Néon Karlovásion, Greece",141.0,6.8606133460998535,7.0,-0.13938665390014648,0.13938665390014648,3,3,cesm|izmi|didi
"M 7.0 - 13 km NNE of Néon Karlovásion, Greece",142.0,6.861845016479492,7.0,-0.1381549835205078,0.1381549835205078,3,3,cesm|izmi|didi
"M 7.0 - 13 km NNE of Néon Karlovásion, Greece",143.0,6.863093376159668,7.0,-0.13690662384033203,0.13690662384033203,3,3,cesm|izmi|didi
"M 7.0 - 13 km NNE of Néon Karlovásion, Greece",144.0,6.864357948303223,7.0,-0.13564205169677734,0.13564205169677734,3,3,cesm|izmi|didi
"M 7.0 - 13 km NNE of Néon Karlovásion, Greece",145.0,6.867190361022949,7.0,-0.13280963897705078,0.13280963897705078,3,3,cesm|izmi|didi
"M 7.0 - 13 km NNE of Néon Karlovásion, Greece",146.0,6.875977039337158,7.0,-0.1240229606628418,0.1240229606628418,3,3,cesm|izmi|didi
"M 7.0 - 13 km NNE of Néon Karlovásion, Greece",147.0,6.880460262298584,7.0,-0.11953973770141602,0.11953973770141602,3,3,cesm|izmi|didi
"M 7.0 - 13 km NNE of Néon Karlovásion, Greece",148.0,6.881758213043213,7.0,-0.11824178695678711,0.11824178695678711,3,3,cesm|izmi|didi
"M 7.0 - 13 km NNE of Néon Karlovásion, Greece",149.0,6.883068561553955,7.0,-0.11693143844604492,0.11693143844604492,3,3,cesm|izmi|didi
"M 7.0 - 13 km NNE of Néon Karlovásion, Greece",150.0,6.884390830993652,7.0,-0.11560916900634766,0.11560916900634766,3,3,cesm|izmi|didi
"M 7.0 - 13 km NNE of Néon Karlovásion, Greece",151.0,6.886906623840332,7.0,-0.11309337615966797,0.11309337615966797,3,3,cesm|izmi|didi
"M 7.0 - 13 km NNE of Néon Karlovásion, Greece",152.0,6.895260810852051,7.0,-0.10473918914794922,0.10473918914794922,3,3,cesm|izmi|didi
"M 7.0 - 13 km NNE of Néon Karlovásion, Greece",153.0,6.902469635009766,7.0,-0.09753036499023438,0.09753036499023438,3,3,cesm|izmi|didi
"M 7.0 - 13 km NNE of Néon Karlovásion, Greece",154.0,6.908322811126709,7.0,-0.09167718887329102,0.09167718887329102,3,3,cesm|izmi|didi
"M 7.0 - 13 km NNE of Néon Karlovásion, Greece",155.0,6.913612365722656,7.0,-0.08638763427734375,0.08638763427734375,3,3,cesm|izmi|didi
"M 7.0 - 13 km NNE of Néon Karlovásion, Greece",156.0,6.917625427246094,7.0,-0.08237457275390625,0.08237457275390625,3,3,cesm|izmi|didi
"M 7.0 - 13 km NNE of Néon Karlovásion, Greece",157.0,6.919944763183594,7.0,-0.08005523681640625,0.08005523681640625,3,3,cesm|izmi|didi
"M 7.0 - 13 km NNE of Néon Karlovásion, Greece",158.0,6.921293258666992,7.0,-0.07870674133300781,0.07870674133300781,3,3,cesm|izmi|didi
"M 7.0 - 13 km NNE of Néon Karlovásion, Greece",159.0,6.922647953033447,7.0,-0.07735204696655273,0.07735204696655273,3,3,cesm|izmi|didi
"M 7.0 - 13 km NNE of Néon Karlovásion, Greece",160.0,6.924008369445801,7.0,-0.07599163055419922,0.07599163055419922,3,3,cesm|izmi|didi
"M 7.0 - 13 km NNE of Néon Karlovásion, Greece",161.0,6.925373077392578,7.0,-0.07462692260742188,0.07462692260742188,3,3,cesm|izmi|didi
"M 7.0 - 13 km NNE of Néon Karlovásion, Greece",162.0,6.926741600036621,7.0,-0.0732583999633789,0.0732583999633789,3,3,cesm|izmi|didi
"M 7.0 - 13 km NNE of Néon Karlovásion, Greece",163.0,6.928112983703613,7.0,-0.07188701629638672,0.07188701629638672,3,3,cesm|izmi|didi
"M 7.0 - 13 km NNE of Néon Karlovásion, Greece",164.0,6.929487228393555,7.0,-0.07051277160644531,0.07051277160644531,3,3,cesm|izmi|didi
"M 7.0 - 13 km NNE of Néon Karlovásion, Greece",165.0,6.930862903594971,7.0,-0.0691370964050293,0.0691370964050293,3,3,cesm|izmi|didi
"M 7.0 - 13 km NNE of Néon Karlovásion, Greece",166.0,6.932239532470703,7.0,-0.06776046752929688,0.06776046752929688,3,3,cesm|izmi|didi
"M 7.0 - 13 km NNE of Néon Karlovásion, Greece",167.0,6.9336161613464355,7.0,-0.06638383865356445,0.06638383865356445,3,3,cesm|izmi|didi
"M 7.0 - 13 km NNE of Néon Karlovásion, Greece",168.0,6.93499231338501,7.0,-0.06500768661499023,0.06500768661499023,3,3,cesm|izmi|didi
"M 7.0 - 13 km NNE of Néon Karlovásion, Greece",169.0,6.936367034912109,7.0,-0.06363296508789062,0.06363296508789062,3,3,cesm|izmi|didi
"M 7.0 - 13 km NNE of Néon Karlovásion, Greece",170.0,6.937739849090576,7.0,-0.06226015090942383,0.06226015090942383,3,3,cesm|izmi|didi
"M 7.0 - 13 km NNE of Néon Karlovásion, Greece",171.0,6.939109802246094,7.0,-0.06089019775390625,0.06089019775390625,3,3,cesm|izmi|didi
"M 7.0 - 13 km NNE of Néon Karlovásion, Greece",172.0,6.940476417541504,7.0,-0.059523582458496094,0.059523582458496094,3,3,cesm|izmi|didi
"M 7.0 - 13 km NNE of Néon Karlovásion, Greece",173.0,6.94183874130249,7.0,-0.058161258697509766,0.058161258697509766,3,3,cesm|izmi|didi
"M 7.0 - 13 km NNE of Néon Karlovásion, Greece",174.0,6.9431962966918945,7.0,-0.05680370330810547,0.05680370330810547,3,3,cesm|izmi|didi
"M 7.0 - 13 km NNE of Néon Karlovásion, Greece",175.0,6.9445481300354,7.0,-0.05545186996459961,0.05545186996459961,3,3,cesm|izmi|didi
"M 7.0 - 13 km NNE of Néon Karlovásion, Greece",176.0,6.945894241333008,7.0,-0.05410575866699219,0.05410575866699219,3,3,cesm|izmi|didi
"M 7.0 - 13 km NNE of Néon Karlovásion, Greece",177.0,6.947233200073242,7.0,-0.05276679992675781,0.05276679992675781,3,3,cesm|izmi|didi
"M 7.0 - 13 km NNE of Néon Karlovásion, Greece",178.0,6.948564052581787,7.0,-0.05143594741821289,0.05143594741821289,3,3,cesm|izmi|didi
"M 7.0 - 13 km NNE of Néon Karlovásion, Greece",179.0,6.949887275695801,7.0,-0.05011272430419922,0.05011272430419922,3,3,cesm|izmi|didi
"M 7.0 - 13 km NNE of Néon Karlovásion, Greece",180.0,6.95120096206665,7.0,-0.04879903793334961,0.04879903793334961,3,3,cesm|izmi|didi
"M 7.0 - 13 km NNE of Néon Karlovásion, Greece",181.0,6.952505111694336,7.0,-0.04749488830566406,0.04749488830566406,3,3,cesm|izmi|didi
"M 7.0 - 13 km NNE of Néon Karlovásion, Greece",182.0,6.953799247741699,7.0,-0.04620075225830078,0.04620075225830078,3,3,cesm|izmi|didi
"M 7.0 - 13 km NNE of Néon Karlovásion, Greece",183.0,6.955082416534424,7.0,-0.04491758346557617,0.04491758346557617,3,3,cesm|izmi|didi
"M 7.0 - 13 km NNE of Néon Karlovásion, Greece",184.0,6.956354141235352,7.0,-0.04364585876464844,0.04364585876464844,3,3,cesm|izmi|didi
"M 7.0 - 13 km NNE of Néon Karlovásion, Greece",185.0,6.957613468170166,7.0,-0.042386531829833984,0.042386531829833984,3,3,cesm|izmi|didi
"M 7.0 - 13 km NNE of Néon Karlovásion, Greece",186.0,6.958860397338867,7.0,-0.04113960266113281,0.04113960266113281,3,3,cesm|izmi|didi
"M 7.0 - 13 km NNE of Néon Karlovásion, Greece",187.0,6.9600934982299805,7.0,-0.03990650177001953,0.03990650177001953,3,3,cesm|izmi|didi
"M 7.0 - 13 km NNE of Néon Karlovásion, Greece",188.0,6.961312294006348,7.0,-0.038687705993652344,0.038687705993652344,3,3,cesm|izmi|didi
"M 7.0 - 13 km NNE of Néon Karlovásion, Greece",189.0,6.962516784667969,7.0,-0.03748321533203125,0.03748321533203125,3,3,cesm|izmi|didi
"M 7.0 - 13 km NNE of Néon Karlovásion, Greece",190.0,6.963706016540527,7.0,-0.036293983459472656,0.036293983459472656,3,3,cesm|izmi|didi
"M 7.0 - 13 km NNE of Néon Karlovásion, Greece",191.0,6.964879512786865,7.0,-0.035120487213134766,0.035120487213134766,3,3,cesm|izmi|didi
"M 7.0 - 13 km NNE of Néon Karlovásion, Greece",192.0,6.966036319732666,7.0,-0.033963680267333984,0.033963680267333984,3,3,cesm|izmi|didi
"M 7.0 - 13 km NNE of Néon Karlovásion, Greece",193.0,6.96717643737793,7.0,-0.03282356262207031,0.03282356262207031,3,3,cesm|izmi|didi
"M 7.0 - 13 km NNE of Néon Karlovásion, Greece",194.0,6.968298435211182,7.0,-0.03170156478881836,0.03170156478881836,3,3,cesm|izmi|didi
"M 7.0 - 13 km NNE of Néon Karlovásion, Greece",195.0,6.96940279006958,7.0,-0.030597209930419922,0.030597209930419922,3,3,cesm|izmi|didi
"M 7.0 - 13 km NNE of Néon Karlovásion, Greece",196.0,6.970488548278809,7.0,-0.029511451721191406,0.029511451721191406,3,3,cesm|izmi|didi
"M 7.0 - 13 km NNE of Néon Karlovásion, Greece",197.0,6.971554756164551,7.0,-0.02844524383544922,0.02844524383544922,3,3,cesm|izmi|didi
"M 7.0 - 13 km NNE of Néon Karlovásion, Greece",198.0,6.972601413726807,7.0,-0.02739858627319336,0.02739858627319336,3,3,cesm|izmi|didi
"M 7.0 - 13 km NNE of Néon Karlovásion, Greece",199.0,6.973628044128418,7.0,-0.02637195587158203,0.02637195587158203,3,3,cesm|izmi|didi
"M 7.0 - 13 km NNE of Néon Karlovásion, Greece",200.0,6.974633693695068,7.0,-0.02536630630493164,0.02536630630493164,3,3,cesm|izmi|didi
"M 7.3 - 2025 Sand Point, Alaska Earthquake",12.0,7.786297798156738,7.3,0.48629779815673846,0.48629779815673846,2,2,AC12.GNSS|AC28.GNSS
"M 7.3 - 2025 Sand Point, Alaska Earthquake",13.0,7.776566982269287,7.3,0.4765669822692873,0.4765669822692873,2,2,AC12.GNSS|AC28.GNSS
"M 7.3 - 2025 Sand Point, Alaska Earthquake",14.0,7.723891735076904,7.3,0.4238917350769045,0.4238917350769045,3,3,AC12.GNSS|AC28.GNSS|AB07.GNSS
"M 7.3 - 2025 Sand Point, Alaska Earthquake",15.0,7.772585868835449,7.3,0.4725858688354494,0.4725858688354494,3,3,AC12.GNSS|AC28.GNSS|AB07.GNSS
"M 7.3 - 2025 Sand Point, Alaska Earthquake",16.0,7.778629302978516,7.3,0.4786293029785158,0.4786293029785158,4,4,AC12.GNSS|AC28.GNSS|AB07.GNSS|AC25.GNSS
"M 7.3 - 2025 Sand Point, Alaska Earthquake",17.0,7.7793731689453125,7.3,0.4793731689453127,0.4793731689453127,5,5,AC12.GNSS|AC28.GNSS|AB07.GNSS|AC42.GNSS|AC25.GNSS
"M 7.3 - 2025 Sand Point, Alaska Earthquake",18.0,7.777868270874023,7.3,0.4778682708740236,0.4778682708740236,5,5,AC12.GNSS|AC28.GNSS|AB07.GNSS|AC25.GNSS|AC42.GNSS
"M 7.3 - 2025 Sand Point, Alaska Earthquake",19.0,7.781431674957275,7.3,0.48143167495727557,0.48143167495727557,5,5,AC12.GNSS|AC28.GNSS|AC25.GNSS|AB07.GNSS|AC42.GNSS
"M 7.3 - 2025 Sand Point, Alaska Earthquake",20.0,7.810730457305908,7.3,0.5107304573059084,0.5107304573059084,5,5,AC12.GNSS|AC25.GNSS|AC28.GNSS|AB07.GNSS|AC42.GNSS
"M 7.3 - 2025 Sand Point, Alaska Earthquake",21.0,7.844834327697754,7.3,0.5448343276977541,0.5448343276977541,5,5,AC12.GNSS|AC25.GNSS|AC28.GNSS|AB07.GNSS|AC42.GNSS
"M 7.3 - 2025 Sand Point, Alaska Earthquake",22.0,7.869871616363525,7.3,0.5698716163635256,0.5698716163635256,5,5,AC12.GNSS|AC25.GNSS|AC28.GNSS|AB07.GNSS|AC42.GNSS
"M 7.3 - 2025 Sand Point, Alaska Earthquake",23.0,7.867904186248779,7.3,0.5679041862487795,0.5679041862487795,5,5,AC12.GNSS|AC25.GNSS|AC28.GNSS|AB07.GNSS|AC42.GNSS
"M 7.3 - 2025 Sand Point, Alaska Earthquake",24.0,7.865284442901611,7.3,0.5652844429016115,0.5652844429016115,5,5,AC12.GNSS|AC25.GNSS|AC28.GNSS|AB07.GNSS|AC42.GNSS
"M 7.3 - 2025 Sand Point, Alaska Earthquake",25.0,7.861945152282715,7.3,0.561945152282715,0.561945152282715,5,5,AC12.GNSS|AC25.GNSS|AC28.GNSS|AB07.GNSS|AC42.GNSS
"M 7.3 - 2025 Sand Point, Alaska Earthquake",26.0,7.7636518478393555,7.3,0.46365184783935565,0.46365184783935565,6,5,AC12.GNSS|AC25.GNSS|AC21.GNSS|AC28.GNSS|AB07.GNSS
"M 7.3 - 2025 Sand Point, Alaska Earthquake",27.0,7.7549920082092285,7.3,0.4549920082092287,0.4549920082092287,6,5,AC12.GNSS|AC25.GNSS|AC21.GNSS|AC28.GNSS|AB07.GNSS
"M 7.3 - 2025 Sand Point, Alaska Earthquake",28.0,7.745802402496338,7.3,0.44580240249633807,0.44580240249633807,6,5,AC12.GNSS|AC25.GNSS|AC21.GNSS|AC28.GNSS|AB07.GNSS
"M 7.3 - 2025 Sand Point, Alaska Earthquake",29.0,7.697131156921387,7.3,0.3971311569213869,0.3971311569213869,6,5,AC12.GNSS|AC25.GNSS|AB07.GNSS|AC21.GNSS|AC28.GNSS
"M 7.3 - 2025 Sand Point, Alaska Earthquake",30.0,7.606574535369873,7.3,0.3065745353698732,0.3065745353698732,6,5,AB07.GNSS|AC12.GNSS|AC25.GNSS|AC21.GNSS|AC28.GNSS
"M 7.3 - 2025 Sand Point, Alaska Earthquake",31.0,7.592702865600586,7.3,0.2927028656005861,0.2927028656005861,6,5,AB07.GNSS|AC12.GNSS|AC25.GNSS|AC21.GNSS|AC28.GNSS
"M 7.3 - 2025 Sand Point, Alaska Earthquake",32.0,7.578415393829346,7.3,0.2784153938293459,0.2784153938293459,6,5,AB07.GNSS|AC12.GNSS|AC25.GNSS|AC21.GNSS|AC28.GNSS
"M 7.3 - 2025 Sand Point, Alaska Earthquake",33.0,7.563720703125,7.3,0.2637207031250002,0.2637207031250002,6,5,AB07.GNSS|AC12.GNSS|AC25.GNSS|AC21.GNSS|AC28.GNSS
"M 7.3 - 2025 Sand Point, Alaska Earthquake",34.0,7.548630237579346,7.3,0.24863023757934588,0.24863023757934588,6,5,AB07.GNSS|AC12.GNSS|AC25.GNSS|AC21.GNSS|AC28.GNSS
"M 7.3 - 2025 Sand Point, Alaska Earthquake",35.0,7.5331573486328125,7.3,0.23315734863281268,0.23315734863281268,6,5,AB07.GNSS|AC12.GNSS|AC25.GNSS|AC21.GNSS|AC28.GNSS
"M 7.3 - 2025 Sand Point, Alaska Earthquake",36.0,7.51732063293457,7.3,0.2173206329345705,0.2173206329345705,6,5,AB07.GNSS|AC12.GNSS|AC25.GNSS|AC21.GNSS|AC28.GNSS
"M 7.3 - 2025 Sand Point, Alaska Earthquake",37.0,7.501138687133789,7.3,0.20113868713378924,0.20113868713378924,6,5,AB07.GNSS|AC12.GNSS|AC25.GNSS|AC21.GNSS|AC28.GNSS
"M 7.3 - 2025 Sand Point, Alaska Earthquake",38.0,7.48463249206543,7.3,0.18463249206542987,0.18463249206542987,6,5,AB07.GNSS|AC12.GNSS|AC25.GNSS|AC21.GNSS|AC28.GNSS
"M 7.3 - 2025 Sand Point, Alaska Earthquake",39.0,7.468884468078613,7.3,0.16888446807861346,0.16888446807861346,6,5,AC12.GNSS|AB07.GNSS|AC25.GNSS|AC21.GNSS|AC28.GNSS
"M 7.3 - 2025 Sand Point, Alaska Earthquake",40.0,7.649179935455322,7.3,0.34917993545532244,0.34917993545532244,6,5,AC12.GNSS|AB07.GNSS|AC21.GNSS|AC28.GNSS|AC25.GNSS
"M 7.3 - 2025 Sand Point, Alaska Earthquake",41.0,7.677107334136963,7.3,0.37710733413696307,0.37710733413696307,6,5,AC12.GNSS|AC28.GNSS|AC21.GNSS|AB07.GNSS|AC25.GNSS
"M 7.3 - 2025 Sand Point, Alaska Earthquake",42.0,7.506406307220459,7.3,0.20640630722045916,0.20640630722045916,6,5,AC12.GNSS|AC28.GNSS|AC21.GNSS|AB07.GNSS|AC25.GNSS
"M 7.3 - 2025 Sand Point, Alaska Earthquake",43.0,7.482387065887451,7.3,0.18238706588745135,0.18238706588745135,6,5,AC12.GNSS|AC28.GNSS|AC21.GNSS|AB07.GNSS|AC25.GNSS
"M 7.3 - 2025 Sand Point, Alaska Earthquake",44.0,7.468616485595703,7.3,0.1686164855957033,0.1686164855957033,6,5,AC12.GNSS|AC28.GNSS|AC21.GNSS|AB07.GNSS|AC25.GNSS
"M 7.3 - 2025 Sand Point, Alaska Earthquake",45.0,7.471411228179932,7.3,0.17141122817993182,0.17141122817993182,6,5,AC12.GNSS|AC28.GNSS|AC21.GNSS|AB07.GNSS|AC42.GNSS
"M 7.3 - 2025 Sand Point, Alaska Earthquake",46.0,7.483018398284912,7.3,0.1830183982849123,0.1830183982849123,6,5,AC12.GNSS|AC28.GNSS|AC21.GNSS|AB07.GNSS|AC42.GNSS
"M 7.3 - 2025 Sand Point, Alaska Earthquake",47.0,7.46276330947876,7.3,0.16276330947875994,0.16276330947875994,6,5,AC12.GNSS|AC28.GNSS|AC21.GNSS|AB07.GNSS|AC42.GNSS
"M 7.3 - 2025 Sand Point, Alaska Earthquake",48.0,7.392167091369629,7.3,0.09216709136962908,0.09216709136962908,7,5,AC12.GNSS|AC28.GNSS|AV09.GNSS|AC21.GNSS|AB07.GNSS
"M 7.3 - 2025 Sand Point, Alaska Earthquake",49.0,7.382900238037109,7.3,0.08290023803710955,0.08290023803710955,7,5,AC12.GNSS|AC28.GNSS|AC21.GNSS|AV09.GNSS|AB07.GNSS
"M 7.3 - 2025 Sand Point, Alaska Earthquake",50.0,7.476171493530273,7.3,0.17617149353027362,0.17617149353027362,7,5,AC12.GNSS|AC28.GNSS|AC21.GNSS|AV09.GNSS|AB07.GNSS
"M 7.3 - 2025 Sand Point, Alaska Earthquake",51.0,7.6754021644592285,7.3,0.3754021644592287,0.3754021644592287,7,5,AC12.GNSS|AC28.GNSS|AC21.GNSS|AV09.GNSS|AB07.GNSS
"M 7.3 - 2025 Sand Point, Alaska Earthquake",52.0,7.8539838790893555,7.3,0.5539838790893556,0.5539838790893556,8,5,AC12.GNSS|AC28.GNSS|AC21.GNSS|AC52.GNSS|AV09.GNSS
"M 7.3 - 2025 Sand Point, Alaska Earthquake",53.0,7.873727798461914,7.3,0.5737277984619142,0.5737277984619142,8,5,AC12.GNSS|AC28.GNSS|AC21.GNSS|AC52.GNSS|AV09.GNSS
"M 7.3 - 2025 Sand Point, Alaska Earthquake",54.0,7.854375839233398,7.3,0.5543758392333986,0.5543758392333986,8,5,AC12.GNSS|AC28.GNSS|AC21.GNSS|AC52.GNSS|AV09.GNSS
"M 7.3 - 2025 Sand Point, Alaska Earthquake",55.0,7.841951370239258,7.3,0.541951370239258,0.541951370239258,8,5,AC12.GNSS|AC28.GNSS|AC21.GNSS|AC52.GNSS|AV09.GNSS
"M 7.3 - 2025 Sand Point, Alaska Earthquake",56.0,7.833386421203613,7.3,0.5333864212036135,0.5333864212036135,8,5,AC12.GNSS|AC28.GNSS|AC21.GNSS|AC52.GNSS|AV09.GNSS
"M 7.3 - 2025 Sand Point, Alaska Earthquake",57.0,7.809044361114502,7.3,0.5090443611145021,0.5090443611145021,8,5,AC12.GNSS|AC28.GNSS|AC21.GNSS|AC52.GNSS|AV09.GNSS
"M 7.3 - 2025 Sand Point, Alaska Earthquake",58.0,7.809338092803955,7.3,0.5093380928039553,0.5093380928039553,8,5,AC12.GNSS|AC28.GNSS|AC21.GNSS|AC52.GNSS|AV09.GNSS
"M 7.3 - 2025 Sand Point, Alaska Earthquake",59.0,7.799479007720947,7.3,0.49947900772094744,0.49947900772094744,8,5,AC12.GNSS|AC28.GNSS|AC21.GNSS|AC52.GNSS|AV09.GNSS
"M 7.3 - 2025 Sand Point, Alaska Earthquake",60.0,7.7873945236206055,7.3,0.48739452362060565,0.48739452362060565,8,5,AC12.GNSS|AC28.GNSS|AC21.GNSS|AC52.GNSS|AV09.GNSS
"M 7.3 - 2025 Sand Point, Alaska Earthquake",61.0,7.778245449066162,7.3,0.4782454490661623,0.4782454490661623,9,5,AC12.GNSS|AC28.GNSS|AC21.GNSS|AC52.GNSS|AV09.GNSS
"M 7.3 - 2025 Sand Point, Alaska Earthquake",62.0,7.569039344787598,7.3,0.26903934478759783,0.26903934478759783,9,5,AC12.GNSS|AC28.GNSS|AC21.GNSS|AB07.GNSS|AC52.GNSS
"M 7.3 - 2025 Sand Point, Alaska Earthquake",63.0,7.5149946212768555,7.3,0.21499462127685565,0.21499462127685565,9,5,AC12.GNSS|AC28.GNSS|AC21.GNSS|AB07.GNSS|AC52.GNSS
"M 7.3 - 2025 Sand Point, Alaska Earthquake",64.0,7.443802833557129,7.3,0.14380283355712908,0.14380283355712908,10,5,AC12.GNSS|AC28.GNSS|AB07.GNSS|AC21.GNSS|AC02.GNSS
"M 7.3 - 2025 Sand Point, Alaska Earthquake",65.0,7.415515422821045,7.3,0.1155154228210451,0.1155154228210451,10,5,AC12.GNSS|AC28.GNSS|AB07.GNSS|AC21.GNSS|AC02.GNSS
"M 7.3 - 2025 Sand Point, Alaska Earthquake",66.0,7.389933109283447,7.3,0.08993310928344744,0.08993310928344744,10,5,AC12.GNSS|AC28.GNSS|AB07.GNSS|AC21.GNSS|AC02.GNSS
"M 7.3 - 2025 Sand Point, Alaska Earthquake",67.0,7.378250598907471,7.3,0.07825059890747088,0.07825059890747088,10,5,AC12.GNSS|AC28.GNSS|AB07.GNSS|AC21.GNSS|AC02.GNSS
"M 7.3 - 2025 Sand Point, Alaska Earthquake",68.0,7.368411064147949,7.3,0.0684110641479494,0.0684110641479494,11,5,AC12.GNSS|AC28.GNSS|AB07.GNSS|AC21.GNSS|AC02.GNSS
"M 7.3 - 2025 Sand Point, Alaska Earthquake",69.0,7.3771891593933105,7.3,0.07718915939331072,0.07718915939331072,12,5,AC12.GNSS|AC28.GNSS|AB07.GNSS|AC21.GNSS|AC24.GNSS
"M 7.3 - 2025 Sand Point, Alaska Earthquake",70.0,7.367501258850098,7.3,0.06750125885009783,0.06750125885009783,12,5,AC12.GNSS|AC28.GNSS|AB07.GNSS|AC21.GNSS|AC24.GNSS
"M 7.3 - 2025 Sand Point, Alaska Earthquake",71.0,7.348631858825684,7.3,0.04863185882568377,0.04863185882568377,13,5,AC12.GNSS|AC28.GNSS|AB07.GNSS|AC21.GNSS|AC24.GNSS
"M 7.3 - 2025 Sand Point, Alaska Earthquake",72.0,7.332224369049072,7.3,0.03222436904907244,0.03222436904907244,13,5,AC12.GNSS|AC28.GNSS|AB07.GNSS|AC21.GNSS|AC24.GNSS
"M 7.3 - 2025 Sand Point, Alaska Earthquake",73.0,7.3252763748168945,7.3,0.02527637481689471,0.02527637481689471,13,5,AC12.GNSS|AC28.GNSS|AC21.GNSS|AB07.GNSS|AV09.GNSS
"M 7.3 - 2025 Sand Point, Alaska Earthquake",74.0,7.325098037719727,7.3,0.02509803771972674,0.02509803771972674,13,5,AC12.GNSS|AC28.GNSS|AC21.GNSS|AB07.GNSS|AV09.GNSS
"M 7.3 - 2025 Sand Point, Alaska Earthquake",75.0,7.319679260253906,7.3,0.019679260253906428,0.019679260253906428,13,5,AC12.GNSS|AC28.GNSS|AC21.GNSS|AB07.GNSS|AV09.GNSS
"M 7.3 - 2025 Sand Point, Alaska Earthquake",76.0,7.316806793212891,7.3,0.016806793212890803,0.016806793212890803,14,5,AC12.GNSS|AC28.GNSS|AC21.GNSS|AB07.GNSS|AV09.GNSS
"M 7.3 - 2025 Sand Point, Alaska Earthquake",77.0,7.311849594116211,7.3,0.011849594116211115,0.011849594116211115,14,5,AC12.GNSS|AC28.GNSS|AC21.GNSS|AB07.GNSS|AV09.GNSS
"M 7.3 - 2025 Sand Point, Alaska Earthquake",78.0,7.307068824768066,7.3,0.007068824768066584,0.007068824768066584,14,5,AC12.GNSS|AC28.GNSS|AC21.GNSS|AB07.GNSS|AV09.GNSS
"M 7.3 - 2025 Sand Point, Alaska Earthquake",79.0,7.302452564239502,7.3,0.0024525642395021308,0.0024525642395021308,14,5,AC12.GNSS|AC28.GNSS|AC21.GNSS|AB07.GNSS|AV09.GNSS
"M 7.3 - 2025 Sand Point, Alaska Earthquake",80.0,7.297989845275879,7.3,-0.002010154724120916,0.002010154724120916,14,5,AC12.GNSS|AC28.GNSS|AC21.GNSS|AB07.GNSS|AV09.GNSS
"M 7.3 - 2025 Sand Point, Alaska Earthquake",81.0,7.293668746948242,7.3,-0.006331253051757635,0.006331253051757635,14,5,AC12.GNSS|AC28.GNSS|AC21.GNSS|AB07.GNSS|AV09.GNSS
"M 7.3 - 2025 Sand Point, Alaska Earthquake",82.0,7.349801063537598,7.3,0.049801063537597834,0.049801063537597834,15,5,AC12.GNSS|AC28.GNSS|AC21.GNSS|AB07.GNSS|AC67.GNSS
"M 7.3 - 2025 Sand Point, Alaska Earthquake",83.0,7.345943450927734,7.3,0.04594345092773455,0.04594345092773455,15,5,AC12.GNSS|AC28.GNSS|AC21.GNSS|AB07.GNSS|AC67.GNSS
"M 7.3 - 2025 Sand Point, Alaska Earthquake",84.0,7.345067977905273,7.3,0.045067977905273615,0.045067977905273615,16,5,AC12.GNSS|AC28.GNSS|AC21.GNSS|AB07.GNSS|AC67.GNSS
"M 7.3 - 2025 Sand Point, Alaska Earthquake",85.0,7.34445333480835,7.3,0.04445333480834979,0.04445333480834979,17,5,AC12.GNSS|AC28.GNSS|AC21.GNSS|AB07.GNSS|AC67.GNSS
"M 7.3 - 2025 Sand Point, Alaska Earthquake",86.0,7.344038486480713,7.3,0.04403848648071307,0.04403848648071307,18,5,AC12.GNSS|AC28.GNSS|AC21.GNSS|AB07.GNSS|AC67.GNSS
"M 7.3 - 2025 Sand Point, Alaska Earthquake",87.0,7.340677738189697,7.3,0.04067773818969744,0.04067773818969744,18,5,AC12.GNSS|AC28.GNSS|AC21.GNSS|AB07.GNSS|AC67.GNSS
"M 7.3 - 2025 Sand Point, Alaska Earthquake",88.0,7.279582500457764,7.3,-0.02041749954223615,0.02041749954223615,18,5,AC12.GNSS|AC28.GNSS|AC21.GNSS|AB07.GNSS|AC25.GNSS
"M 7.3 - 2025 Sand Point, Alaska Earthquake",89.0,7.279510974884033,7.3,-0.02048902511596662,0.02048902511596662,19,5,AC12.GNSS|AC28.GNSS|AC21.GNSS|AB07.GNSS|AC25.GNSS
"M 7.3 - 2025 Sand Point, Alaska Earthquake",90.0,7.420096397399902,7.3,0.12009639739990252,0.12009639739990252,24,5,AC12.GNSS|AC28.GNSS|AC21.GNSS|AB07.GNSS|AV20.GNSS
"M 7.3 - 2025 Sand Point, Alaska Earthquake",91.0,7.4286088943481445,7.3,0.1286088943481447,0.1286088943481447,28,5,AC12.GNSS|AC28.GNSS|AC21.GNSS|AB07.GNSS|AV20.GNSS
"M 7.3 - 2025 Sand Point, Alaska Earthquake",92.0,7.430962562561035,7.3,0.13096256256103533,0.13096256256103533,30,5,AC12.GNSS|AC28.GNSS|AC21.GNSS|AB07.GNSS|AV20.GNSS
"M 7.3 - 2025 Sand Point, Alaska Earthquake",93.0,7.42782735824585,7.3,0.1278273582458498,0.1278273582458498,30,5,AC12.GNSS|AC28.GNSS|AC21.GNSS|AB07.GNSS|AV20.GNSS
"M 7.3 - 2025 Sand Point, Alaska Earthquake",94.0,7.430051326751709,7.3,0.13005132675170916,0.13005132675170916,32,5,AC12.GNSS|AC28.GNSS|AC21.GNSS|AB07.GNSS|AV20.GNSS
"M 7.3 - 2025 Sand Point, Alaska Earthquake",95.0,7.4270148277282715,7.3,0.12701482772827166,0.12701482772827166,32,5,AC12.GNSS|AC28.GNSS|AC21.GNSS|AB07.GNSS|AV20.GNSS
"M 7.3 - 2025 Sand Point, Alaska Earthquake",96.0,7.424025058746338,7.3,0.12402505874633807,0.12402505874633807,32,5,AC12.GNSS|AC28.GNSS|AC21.GNSS|AB07.GNSS|AV20.GNSS
"M 7.3 - 2025 Sand Point, Alaska Earthquake",97.0,7.421078205108643,7.3,0.12107820510864276,0.12107820510864276,32,5,AC12.GNSS|AC28.GNSS|AC21.GNSS|AB07.GNSS|AV20.GNSS
"M 7.3 - 2025 Sand Point, Alaska Earthquake",98.0,7.418170928955078,7.3,0.1181709289550783,0.1181709289550783,32,5,AC12.GNSS|AC28.GNSS|AC21.GNSS|AB07.GNSS|AV20.GNSS
"M 7.3 - 2025 Sand Point, Alaska Earthquake",99.0,7.415298938751221,7.3,0.11529893875122088,0.11529893875122088,32,5,AC12.GNSS|AC28.GNSS|AC21.GNSS|AB07.GNSS|AV20.GNSS
"M 7.3 - 2025 Sand Point, Alaska Earthquake",100.0,7.417510509490967,7.3,0.11751050949096697,0.11751050949096697,34,5,AC12.GNSS|AC28.GNSS|AC21.GNSS|AB07.GNSS|AV20.GNSS
"M 7.3 - 2025 Sand Point, Alaska Earthquake",101.0,7.414699077606201,7.3,0.11469907760620135,0.11469907760620135,34,5,AC12.GNSS|AC28.GNSS|AC21.GNSS|AB07.GNSS|AV20.GNSS
"M 7.3 - 2025 Sand Point, Alaska Earthquake",102.0,7.414355278015137,7.3,0.1143552780151369,0.1143552780151369,35,5,AC12.GNSS|AC28.GNSS|AC21.GNSS|AB07.GNSS|AV20.GNSS
"M 7.3 - 2025 Sand Point, Alaska Earthquake",103.0,7.41159725189209,7.3,0.11159725189209002,0.11159725189209002,35,5,AC12.GNSS|AC28.GNSS|AC21.GNSS|AB07.GNSS|AV20.GNSS
"M 7.3 - 2025 Sand Point, Alaska Earthquake",104.0,7.408864498138428,7.3,0.10886449813842791,0.10886449813842791,35,5,AC12.GNSS|AC28.GNSS|AC21.GNSS|AB07.GNSS|AV20.GNSS
"M 7.3 - 2025 Sand Point, Alaska Earthquake",105.0,7.406155109405518,7.3,0.10615510940551776,0.10615510940551776,35,5,AC12.GNSS|AC28.GNSS|AC21.GNSS|AB07.GNSS|AV20.GNSS
"M 7.3 - 2025 Sand Point, Alaska Earthquake",106.0,7.403468132019043,7.3,0.10346813201904315,0.10346813201904315,35,5,AC12.GNSS|AC28.GNSS|AC21.GNSS|AB07.GNSS|AV20.GNSS
"M 7.3 - 2025 Sand Point, Alaska Earthquake",107.0,7.400803089141846,7.3,0.10080308914184588,0.10080308914184588,35,5,AC12.GNSS|AC28.GNSS|AC21.GNSS|AB07.GNSS|AV20.GNSS
"M 7.3 - 2025 Sand Point, Alaska Earthquake",108.0,7.398158073425293,7.3,0.09815807342529315,0.09815807342529315,35,5,AC12.GNSS|AC28.GNSS|AC21.GNSS|AB07.GNSS|AV20.GNSS
"M 7.3 - 2025 Sand Point, Alaska Earthquake",109.0,7.395534038543701,7.3,0.09553403854370135,0.09553403854370135,35,5,AC12.GNSS|AC28.GNSS|AC21.GNSS|AB07.GNSS|AV20.GNSS
"M 7.3 - 2025 Sand Point, Alaska Earthquake",110.0,7.392930030822754,7.3,0.09293003082275408,0.09293003082275408,35,5,AC12.GNSS|AC28.GNSS|AC21.GNSS|AB07.GNSS|AV20.GNSS
"M 7.3 - 2025 Sand Point, Alaska Earthquake",111.0,7.390346527099609,7.3,0.09034652709960955,0.09034652709960955,35,5,AC12.GNSS|AC28.GNSS|AC21.GNSS|AB07.GNSS|AV20.GNSS
"M 7.3 - 2025 Sand Point, Alaska Earthquake",112.0,7.387783050537109,7.3,0.08778305053710955,0.08778305053710955,35,5,AC12.GNSS|AC28.GNSS|AC21.GNSS|AB07.GNSS|AV20.GNSS
"M 7.3 - 2025 Sand Point, Alaska Earthquake",113.0,7.3852410316467285,7.3,0.0852410316467287,0.0852410316467287,35,5,AC12.GNSS|AC28.GNSS|AC21.GNSS|AB07.GNSS|AV20.GNSS
"M 7.3 - 2025 Sand Point, Alaska Earthquake",114.0,7.385075092315674,7.3,0.085075092315674,0.085075092315674,36,5,AC12.GNSS|AC28.GNSS|AC21.GNSS|AB07.GNSS|AV20.GNSS
"M 7.3 - 2025 Sand Point, Alaska Earthquake",115.0,7.382571697235107,7.3,0.0825716972351076,0.0825716972351076,36,5,AC12.GNSS|AC28.GNSS|AC21.GNSS|AB07.GNSS|AV20.GNSS
"M 7.3 - 2025 Sand Point, Alaska Earthquake",116.0,7.380091190338135,7.3,0.08009119033813494,0.08009119033813494,36,5,AC12.GNSS|AC28.GNSS|AC21.GNSS|AB07.GNSS|AV20.GNSS
"M 7.3 - 2025 Sand Point, Alaska Earthquake",117.0,7.377633571624756,7.3,0.07763357162475604,0.07763357162475604,36,5,AC12.GNSS|AC28.GNSS|AC21.GNSS|AB07.GNSS|AV20.GNSS
"M 7.3 - 2025 Sand Point, Alaska Earthquake",118.0,7.375200271606445,7.3,0.07520027160644549,0.07520027160644549,36,5,AC12.GNSS|AC28.GNSS|AC21.GNSS|AB07.GNSS|AV20.GNSS
"M 7.3 - 2025 Sand Point, Alaska Earthquake",119.0,7.372792720794678,7.3,0.07279272079467791,0.07279272079467791,36,5,AC12.GNSS|AC28.GNSS|AC21.GNSS|AB07.GNSS|AV20.GNSS
"M 7.3 - 2025 Sand Point, Alaska Earthquake",120.0,7.374880790710449,7.3,0.0748807907104494,0.0748807907104494,38,5,AC12.GNSS|AC28.GNSS|AC21.GNSS|AB07.GNSS|AV20.GNSS
"M 7.3 - 2025 Sand Point, Alaska Earthquake",121.0,7.372507572174072,7.3,0.07250757217407244,0.07250757217407244,38,5,AC12.GNSS|AC28.GNSS|AC21.GNSS|AB07.GNSS|AV20.GNSS
"M 7.3 - 2025 Sand Point, Alaska Earthquake",122.0,7.3701605796813965,7.3,0.07016057968139666,0.07016057968139666,38,5,AC12.GNSS|AC28.GNSS|AC21.GNSS|AB07.GNSS|AV20.GNSS
"M 7.3 - 2025 Sand Point, Alaska Earthquake",123.0,7.3678412437438965,7.3,0.06784124374389666,0.06784124374389666,38,5,AC12.GNSS|AC28.GNSS|AC21.GNSS|AB07.GNSS|AV20.GNSS
"M 7.3 - 2025 Sand Point, Alaska Earthquake",124.0,7.365550518035889,7.3,0.06555051803588885,0.06555051803588885,38,5,AC12.GNSS|AC28.GNSS|AC21.GNSS|AB07.GNSS|AV20.GNSS
"M 7.3 - 2025 Sand Point, Alaska Earthquake",125.0,7.365395545959473,7.3,0.06539554595947283,0.06539554595947283,39,5,AC12.GNSS|AC28.GNSS|AC21.GNSS|AB07.GNSS|AV20.GNSS
"M 7.3 - 2025 Sand Point, Alaska Earthquake",126.0,7.449253559112549,7.3,0.149253559112549,0.149253559112549,40,5,AC12.GNSS|AC28.GNSS|AC21.GNSS|AB07.GNSS|AC20.GNSS
"M 7.3 - 2025 Sand Point, Alaska Earthquake",127.0,7.4469733238220215,7.3,0.14697332382202166,0.14697332382202166,40,5,AC12.GNSS|AC28.GNSS|AC21.GNSS|AB07.GNSS|AC20.GNSS
"M 7.3 - 2025 Sand Point, Alaska Earthquake",128.0,7.446534156799316,7.3,0.14653415679931658,0.14653415679931658,41,5,AC12.GNSS|AC28.GNSS|AC21.GNSS|AB07.GNSS|AC20.GNSS
"M 7.3 - 2025 Sand Point, Alaska Earthquake",129.0,7.444298267364502,7.3,0.14429826736450213,0.14429826736450213,41,5,AC12.GNSS|AC28.GNSS|AC21.GNSS|AB07.GNSS|AC20.GNSS
"M 7.3 - 2025 Sand Point, Alaska Earthquake",130.0,7.442091464996338,7.3,0.14209146499633807,0.14209146499633807,41,5,AC12.GNSS|AC28.GNSS|AC21.GNSS|AB07.GNSS|AC20.GNSS
"M 7.3 - 2025 Sand Point, Alaska Earthquake",131.0,7.439914226531982,7.3,0.1399142265319826,0.1399142265319826,41,5,AC12.GNSS|AC28.GNSS|AC21.GNSS|AB07.GNSS|AC20.GNSS
"M 7.3 - 2025 Sand Point, Alaska Earthquake",132.0,7.437767505645752,7.3,0.13776750564575213,0.13776750564575213,41,5,AC12.GNSS|AC28.GNSS|AC21.GNSS|AB07.GNSS|AC20.GNSS
"M 7.3 - 2025 Sand Point, Alaska Earthquake",133.0,7.43735408782959,7.3,0.13735408782959002,0.13735408782959002,42,5,AC12.GNSS|AC28.GNSS|AC21.GNSS|AB07.GNSS|AC20.GNSS
"M 7.3 - 2025 Sand Point, Alaska Earthquake",134.0,7.4369049072265625,7.3,0.13690490722656268,0.13690490722656268,43,5,AC12.GNSS|AC28.GNSS|AC21.GNSS|AB07.GNSS|AC20.GNSS
"M 7.3 - 2025 Sand Point, Alaska Earthquake",135.0,7.434813499450684,7.3,0.13481349945068377,0.13481349945068377,43,5,AC12.GNSS|AC28.GNSS|AC21.GNSS|AB07.GNSS|AC20.GNSS
"M 7.3 - 2025 Sand Point, Alaska Earthquake",136.0,7.432751655578613,7.3,0.13275165557861346,0.13275165557861346,43,5,AC12.GNSS|AC28.GNSS|AC21.GNSS|AB07.GNSS|AC20.GNSS
"M 7.3 - 2025 Sand Point, Alaska Earthquake",137.0,7.430717945098877,7.3,0.13071794509887713,0.13071794509887713,43,5,AC12.GNSS|AC28.GNSS|AC21.GNSS|AB07.GNSS|AC20.GNSS
"M 7.3 - 2025 Sand Point, Alaska Earthquake",138.0,7.428713798522949,7.3,0.1287137985229494,0.1287137985229494,43,5,AC12.GNSS|AC28.GNSS|AC21.GNSS|AB07.GNSS|AC20.GNSS
"M 7.3 - 2025 Sand Point, Alaska Earthquake",139.0,7.4267377853393555,7.3,0.12673778533935565,0.12673778533935565,43,5,AC12.GNSS|AC28.GNSS|AC21.GNSS|AB07.GNSS|AC20.GNSS
"M 7.3 - 2025 Sand Point, Alaska Earthquake",140.0,7.426300048828125,7.3,0.12630004882812518,0.12630004882812518,44,5,AC12.GNSS|AC28.GNSS|AC21.GNSS|AB07.GNSS|AC20.GNSS
"M 7.3 - 2025 Sand Point, Alaska Earthquake",141.0,7.424357891082764,7.3,0.12435789108276385,0.12435789108276385,44,5,AC12.GNSS|AC28.GNSS|AC21.GNSS|AB07.GNSS|AC20.GNSS
"M 7.3 - 2025 Sand Point, Alaska Earthquake",142.0,7.422442436218262,7.3,0.1224424362182619,0.1224424362182619,44,5,AC12.GNSS|AC28.GNSS|AC21.GNSS|AB07.GNSS|AC20.GNSS
"M 7.3 - 2025 Sand Point, Alaska Earthquake",143.0,7.420552730560303,7.3,0.12055273056030291,0.12055273056030291,44,5,AC12.GNSS|AC28.GNSS|AC21.GNSS|AB07.GNSS|AC20.GNSS
"M 7.3 - 2025 Sand Point, Alaska Earthquake",144.0,7.418687343597412,7.3,0.11868734359741229,0.11868734359741229,44,5,AC12.GNSS|AC28.GNSS|AC21.GNSS|AB07.GNSS|AC20.GNSS
"M 7.3 - 2025 Sand Point, Alaska Earthquake",145.0,7.416845798492432,7.3,0.11684579849243182,0.11684579849243182,44,5,AC12.GNSS|AC28.GNSS|AC21.GNSS|AB07.GNSS|AC20.GNSS
"M 7.3 - 2025 Sand Point, Alaska Earthquake",146.0,7.415027618408203,7.3,0.1150276184082033,0.1150276184082033,44,5,AC12.GNSS|AC28.GNSS|AC21.GNSS|AB07.GNSS|AC20.GNSS
"M 7.3 - 2025 Sand Point, Alaska Earthquake",147.0,7.413231372833252,7.3,0.11323137283325213,0.11323137283325213,44,5,AC12.GNSS|AC28.GNSS|AC21.GNSS|AB07.GNSS|AC20.GNSS
"M 7.3 - 2025 Sand Point, Alaska Earthquake",148.0,7.412761688232422,7.3,0.11276168823242205,0.11276168823242205,45,5,AC12.GNSS|AC28.GNSS|AC21.GNSS|AB07.GNSS|AC20.GNSS
"M 7.3 - 2025 Sand Point, Alaska Earthquake",149.0,7.410982131958008,7.3,0.11098213195800799,0.11098213195800799,45,5,AC12.GNSS|AC28.GNSS|AC21.GNSS|AB07.GNSS|AC20.GNSS
"M 7.3 - 2025 Sand Point, Alaska Earthquake",150.0,7.409221172332764,7.3,0.10922117233276385,0.10922117233276385,45,5,AC12.GNSS|AC28.GNSS|AC21.GNSS|AB07.GNSS|AC20.GNSS
"M 7.3 - 2025 Sand Point, Alaska Earthquake",151.0,7.407477378845215,7.3,0.10747737884521502,0.10747737884521502,45,5,AC12.GNSS|AC28.GNSS|AC21.GNSS|AB07.GNSS|AC20.GNSS
"M 7.3 - 2025 Sand Point, Alaska Earthquake",152.0,7.405749797821045,7.3,0.1057497978210451,0.1057497978210451,45,5,AC12.GNSS|AC28.GNSS|AC21.GNSS|AB07.GNSS|AC20.GNSS
"M 7.3 - 2025 Sand Point, Alaska Earthquake",153.0,7.404036998748779,7.3,0.10403699874877947,0.10403699874877947,45,5,AC12.GNSS|AC28.GNSS|AC21.GNSS|AB07.GNSS|AC20.GNSS
"M 7.3 - 2025 Sand Point, Alaska Earthquake",154.0,7.402338027954102,7.3,0.10233802795410174,0.10233802795410174,45,5,AC12.GNSS|AC28.GNSS|AC21.GNSS|AB07.GNSS|AC20.GNSS
"M 7.3 - 2025 Sand Point, Alaska Earthquake",155.0,7.400650978088379,7.3,0.10065097808837908,0.10065097808837908,45,5,AC12.GNSS|AC28.GNSS|AC21.GNSS|AB07.GNSS|AC20.GNSS
"M 7.3 - 2025 Sand Point, Alaska Earthquake",156.0,7.398975372314453,7.3,0.0989753723144533,0.0989753723144533,45,5,AC12.GNSS|AC28.GNSS|AC21.GNSS|AB07.GNSS|AC20.GNSS
"M 7.3 - 2025 Sand Point, Alaska Earthquake",157.0,7.39730978012085,7.3,0.09730978012084979,0.09730978012084979,45,5,AC12.GNSS|AC28.GNSS|AC21.GNSS|AB07.GNSS|AC20.GNSS
"M 7.3 - 2025 Sand Point, Alaska Earthquake",158.0,7.395652770996094,7.3,0.09565277099609393,0.09565277099609393,45,5,AC12.GNSS|AC28.GNSS|AC21.GNSS|AB07.GNSS|AC20.GNSS
"M 7.3 - 2025 Sand Point, Alaska Earthquake",159.0,7.394002914428711,7.3,0.09400291442871112,0.09400291442871112,45,5,AC12.GNSS|AC28.GNSS|AC21.GNSS|AB07.GNSS|AC20.GNSS
"M 7.3 - 2025 Sand Point, Alaska Earthquake",160.0,7.392358779907227,7.3,0.09235877990722674,0.09235877990722674,45,5,AC12.GNSS|AC28.GNSS|AC21.GNSS|AB07.GNSS|AC20.GNSS
"M 7.3 - 2025 Sand Point, Alaska Earthquake",161.0,7.390719890594482,7.3,0.0907198905944826,0.0907198905944826,45,5,AC12.GNSS|AC28.GNSS|AC21.GNSS|AB07.GNSS|AC20.GNSS
"M 7.3 - 2025 Sand Point, Alaska Earthquake",162.0,7.389084339141846,7.3,0.08908433914184588,0.08908433914184588,45,5,AC12.GNSS|AC28.GNSS|AC21.GNSS|AB07.GNSS|AC20.GNSS
"M 7.3 - 2025 Sand Point, Alaska Earthquake",163.0,7.387450695037842,7.3,0.08745069503784197,0.08745069503784197,45,5,AC12.GNSS|AC28.GNSS|AC21.GNSS|AB07.GNSS|AC20.GNSS
"M 7.3 - 2025 Sand Point, Alaska Earthquake",164.0,7.385818004608154,7.3,0.08581800460815447,0.08581800460815447,45,5,AC12.GNSS|AC28.GNSS|AC21.GNSS|AB07.GNSS|AC20.GNSS
"M 7.3 - 2025 Sand Point, Alaska Earthquake",165.0,7.384184837341309,7.3,0.08418483734130877,0.08418483734130877,45,5,AC12.GNSS|AC28.GNSS|AC21.GNSS|AB07.GNSS|AC20.GNSS
"M 7.3 - 2025 Sand Point, Alaska Earthquake",166.0,7.382550239562988,7.3,0.08255023956298846,0.08255023956298846,45,5,AC12.GNSS|AC28.GNSS|AC21.GNSS|AB07.GNSS|AC20.GNSS
"M 7.3 - 2025 Sand Point, Alaska Earthquake",167.0,7.380913257598877,7.3,0.08091325759887713,0.08091325759887713,45,5,AC12.GNSS|AC28.GNSS|AC21.GNSS|AB07.GNSS|AC20.GNSS
"M 7.3 - 2025 Sand Point, Alaska Earthquake",168.0,7.379271984100342,7.3,0.07927198410034197,0.07927198410034197,45,5,AC12.GNSS|AC28.GNSS|AC21.GNSS|AB07.GNSS|AC20.GNSS
"M 7.3 - 2025 Sand Point, Alaska Earthquake",169.0,7.377625942230225,7.3,0.07762594223022479,0.07762594223022479,45,5,AC12.GNSS|AC28.GNSS|AC21.GNSS|AB07.GNSS|AC20.GNSS
"M 7.3 - 2025 Sand Point, Alaska Earthquake",170.0,7.375973701477051,7.3,0.07597370147705096,0.07597370147705096,45,5,AC12.GNSS|AC28.GNSS|AC21.GNSS|AB07.GNSS|AC20.GNSS
"M 7.3 - 2025 Sand Point, Alaska Earthquake",171.0,7.374313831329346,7.3,0.07431383132934588,0.07431383132934588,45,5,AC12.GNSS|AC28.GNSS|AC21.GNSS|AB07.GNSS|AC20.GNSS
"M 7.3 - 2025 Sand Point, Alaska Earthquake",172.0,7.372645854949951,7.3,0.07264585494995135,0.07264585494995135,45,5,AC12.GNSS|AC28.GNSS|AC21.GNSS|AB07.GNSS|AC20.GNSS
"M 7.3 - 2025 Sand Point, Alaska Earthquake",173.0,7.370968818664551,7.3,0.07096881866455096,0.07096881866455096,45,5,AC12.GNSS|AC28.GNSS|AC21.GNSS|AB07.GNSS|AC20.GNSS
"M 7.3 - 2025 Sand Point, Alaska Earthquake",174.0,7.369280815124512,7.3,0.0692808151245119,0.0692808151245119,45,5,AC12.GNSS|AC28.GNSS|AC21.GNSS|AB07.GNSS|AC20.GNSS
"M 7.3 - 2025 Sand Point, Alaska Earthquake",175.0,7.367581844329834,7.3,0.06758184432983416,0.06758184432983416,45,5,AC12.GNSS|AC28.GNSS|AC21.GNSS|AB07.GNSS|AC20.GNSS
"M 7.3 - 2025 Sand Point, Alaska Earthquake",176.0,7.365869998931885,7.3,0.06586999893188494,0.06586999893188494,45,5,AC12.GNSS|AC28.GNSS|AC21.GNSS|AB07.GNSS|AC20.GNSS
"M 7.3 - 2025 Sand Point, Alaska Earthquake",177.0,7.364145278930664,7.3,0.06414527893066424,0.06414527893066424,45,5,AC12.GNSS|AC28.GNSS|AC21.GNSS|AB07.GNSS|AC20.GNSS
"M 7.3 - 2025 Sand Point, Alaska Earthquake",178.0,7.362405776977539,7.3,0.06240577697753924,0.06240577697753924,45,5,AC12.GNSS|AC28.GNSS|AC21.GNSS|AB07.GNSS|AC20.GNSS
"M 7.3 - 2025 Sand Point, Alaska Earthquake",179.0,7.360651969909668,7.3,0.060651969909668146,0.060651969909668146,45,5,AC12.GNSS|AC28.GNSS|AC21.GNSS|AB07.GNSS|AC20.GNSS
"M 7.3 - 2025 Sand Point, Alaska Earthquake",180.0,7.35888147354126,7.3,0.05888147354125994,0.05888147354125994,45,5,AC12.GNSS|AC28.GNSS|AC21.GNSS|AB07.GNSS|AC20.GNSS
"M 7.3 - 2025 Sand Point, Alaska Earthquake",181.0,7.357094764709473,7.3,0.057094764709472834,0.057094764709472834,45,5,AC12.GNSS|AC28.GNSS|AC21.GNSS|AB07.GNSS|AC20.GNSS
"M 7.3 - 2025 Sand Point, Alaska Earthquake",182.0,7.355289936065674,7.3,0.055289936065674006,0.055289936065674006,45,5,AC12.GNSS|AC28.GNSS|AC21.GNSS|AB07.GNSS|AC20.GNSS
"M 7.3 - 2025 Sand Point, Alaska Earthquake",183.0,7.353466987609863,7.3,0.05346698760986346,0.05346698760986346,45,5,AC12.GNSS|AC28.GNSS|AC21.GNSS|AB07.GNSS|AC20.GNSS
"M 7.3 - 2025 Sand Point, Alaska Earthquake",184.0,7.351624965667725,7.3,0.05162496566772479,0.05162496566772479,45,5,AC12.GNSS|AC28.GNSS|AC21.GNSS|AB07.GNSS|AC20.GNSS
"M 7.3 - 2025 Sand Point, Alaska Earthquake",185.0,7.3497633934021,7.3,0.04976339340209979,0.04976339340209979,45,5,AC12.GNSS|AC28.GNSS|AC21.GNSS|AB07.GNSS|AC20.GNSS
"M 7.3 - 2025 Sand Point, Alaska Earthquake",186.0,7.347881317138672,7.3,0.04788131713867205,0.04788131713867205,45,5,AC12.GNSS|AC28.GNSS|AC21.GNSS|AB07.GNSS|AC20.GNSS
"M 7.3 - 2025 Sand Point, Alaska Earthquake",187.0,7.345977783203125,7.3,0.04597778320312518,0.04597778320312518,45,5,AC12.GNSS|AC28.GNSS|AC21.GNSS|AB07.GNSS|AC20.GNSS
"M 7.3 - 2025 Sand Point, Alaska Earthquake",188.0,7.344052791595459,7.3,0.04405279159545916,0.04405279159545916,45,5,AC12.GNSS|AC28.GNSS|AC21.GNSS|AB07.GNSS|AC20.GNSS
"M 7.3 - 2025 Sand Point, Alaska Earthquake",189.0,7.342105865478516,7.3,0.0421058654785158,0.0421058654785158,45,5,AC12.GNSS|AC28.GNSS|AC21.GNSS|AB07.GNSS|AC20.GNSS
"M 7.3 - 2025 Sand Point, Alaska Earthquake",190.0,7.34013557434082,7.3,0.04013557434082049,0.04013557434082049,45,5,AC12.GNSS|AC28.GNSS|AC21.GNSS|AB07.GNSS|AC20.GNSS
"M 7.3 - 2025 Sand Point, Alaska Earthquake",191.0,7.338141918182373,7.3,0.038141918182373225,0.038141918182373225,45,5,AC12.GNSS|AC28.GNSS|AC21.GNSS|AB07.GNSS|AC20.GNSS
"M 7.3 - 2025 Sand Point, Alaska Earthquake",192.0,7.336124420166016,7.3,0.0361244201660158,0.0361244201660158,45,5,AC12.GNSS|AC28.GNSS|AC21.GNSS|AB07.GNSS|AC20.GNSS
"M 7.3 - 2025 Sand Point, Alaska Earthquake",193.0,7.334082126617432,7.3,0.03408212661743182,0.03408212661743182,45,5,AC12.GNSS|AC28.GNSS|AC21.GNSS|AB07.GNSS|AC20.GNSS
"M 7.3 - 2025 Sand Point, Alaska Earthquake",194.0,7.332015514373779,7.3,0.032015514373779475,0.032015514373779475,45,5,AC12.GNSS|AC28.GNSS|AC21.GNSS|AB07.GNSS|AC20.GNSS
"M 7.3 - 2025 Sand Point, Alaska Earthquake",195.0,7.329923152923584,7.3,0.029923152923584162,0.029923152923584162,45,5,AC12.GNSS|AC28.GNSS|AC21.GNSS|AB07.GNSS|AC20.GNSS
"M 7.3 - 2025 Sand Point, Alaska Earthquake",196.0,7.327805042266846,7.3,0.02780504226684588,0.02780504226684588,45,5,AC12.GNSS|AC28.GNSS|AC21.GNSS|AB07.GNSS|AC20.GNSS
"M 7.3 - 2025 Sand Point, Alaska Earthquake",197.0,7.325660705566406,7.3,0.025660705566406428,0.025660705566406428,45,5,AC12.GNSS|AC28.GNSS|AC21.GNSS|AB07.GNSS|AC20.GNSS
"M 7.3 - 2025 Sand Point, Alaska Earthquake",198.0,7.323490142822266,7.3,0.023490142822265803,0.023490142822265803,45,5,AC12.GNSS|AC28.GNSS|AC21.GNSS|AB07.GNSS|AC20.GNSS
"M 7.3 - 2025 Sand Point, Alaska Earthquake",199.0,7.321292400360107,7.3,0.0212924003601076,0.0212924003601076,45,5,AC12.GNSS|AC28.GNSS|AC21.GNSS|AB07.GNSS|AC20.GNSS
"M 7.3 - 2025 Sand Point, Alaska Earthquake",200.0,7.319067478179932,7.3,0.019067478179931818,0.019067478179931818,45,5,AC12.GNSS|AC28.GNSS|AC21.GNSS|AB07.GNSS|AC20.GNSS
M 7.1 - 2025 Southern Tibetan Plateau Earthquake,10.0,7.793222427368164,7.1,0.6932224273681644,0.6932224273681644,1,1,XZAR
M 7.1 - 2025 Southern Tibetan Plateau Earthquake,11.0,7.779163360595703,7.1,0.6791633605957035,0.6791633605957035,1,1,XZAR
M 7.1 - 2025 Southern Tibetan Plateau Earthquake,12.0,7.762478351593018,7.1,0.6624783515930179,0.6624783515930179,1,1,XZAR
M 7.1 - 2025 Southern Tibetan Plateau Earthquake,13.0,7.743017196655273,7.1,0.6430171966552738,0.6430171966552738,1,1,XZAR
M 7.1 - 2025 Southern Tibetan Plateau Earthquake,14.0,7.720693588256836,7.1,0.6206935882568363,0.6206935882568363,1,1,XZAR
M 7.1 - 2025 Southern Tibetan Plateau Earthquake,15.0,7.695478916168213,7.1,0.5954789161682132,0.5954789161682132,1,1,XZAR
M 7.1 - 2025 Southern Tibetan Plateau Earthquake,16.0,7.662603378295898,7.1,0.5626033782958988,0.5626033782958988,1,1,XZAR
M 7.1 - 2025 Southern Tibetan Plateau Earthquake,17.0,7.628158092498779,7.1,0.5281580924987797,0.5281580924987797,1,1,XZAR
M 7.1 - 2025 Southern Tibetan Plateau Earthquake,18.0,7.594398498535156,7.1,0.4943984985351566,0.4943984985351566,1,1,XZAR
M 7.1 - 2025 Southern Tibetan Plateau Earthquake,19.0,7.559018135070801,7.1,0.45901813507080114,0.45901813507080114,1,1,XZAR
M 7.1 - 2025 Southern Tibetan Plateau Earthquake,20.0,7.521610736846924,7.1,0.4216107368469242,0.4216107368469242,1,1,XZAR
M 7.1 - 2025 Southern Tibetan Plateau Earthquake,21.0,7.66671085357666,7.1,0.5667108535766605,0.5667108535766605,2,2,XZAR|XZRK
M 7.1 - 2025 Southern Tibetan Plateau Earthquake,22.0,7.643214225769043,7.1,0.5432142257690433,0.5432142257690433,2,2,XZAR|XZRK
M 7.1 - 2025 Southern Tibetan Plateau Earthquake,23.0,7.659611225128174,7.1,0.5596112251281742,0.5596112251281742,2,2,XZAR|XZRK
M 7.1 - 2025 Southern Tibetan Plateau Earthquake,24.0,7.642185211181641,7.1,0.542185211181641,0.542185211181641,2,2,XZAR|XZRK
M 7.1 - 2025 Southern Tibetan Plateau Earthquake,25.0,7.616744518280029,7.1,0.5167445182800297,0.5167445182800297,2,2,XZAR|XZRK
M 7.1 - 2025 Southern Tibetan Plateau Earthquake,26.0,7.590491771697998,7.1,0.4904917716979984,0.4904917716979984,2,2,XZAR|XZRK
M 7.1 - 2025 Southern Tibetan Plateau Earthquake,27.0,7.5635175704956055,7.1,0.4635175704956058,0.4635175704956058,2,2,XZAR|XZRK
M 7.1 - 2025 Southern Tibetan Plateau Earthquake,28.0,7.535920143127441,7.1,0.43592014312744176,0.43592014312744176,2,2,XZAR|XZRK
M 7.1 - 2025 Southern Tibetan Plateau Earthquake,29.0,7.5078043937683105,7.1,0.4078043937683109,0.4078043937683109,2,2,XZAR|XZRK
M 7.1 - 2025 Southern Tibetan Plateau Earthquake,30.0,7.47927713394165,7.1,0.37927713394165075,0.37927713394165075,2,2,XZAR|XZRK
M 7.1 - 2025 Southern Tibetan Plateau Earthquake,31.0,7.4504475593566895,7.1,0.3504475593566898,0.3504475593566898,2,2,XZAR|XZRK
M 7.1 - 2025 Southern Tibetan Plateau Earthquake,32.0,7.42142391204834,7.1,0.3214239120483402,0.3214239120483402,2,2,XZAR|XZRK
M 7.1 - 2025 Southern Tibetan Plateau Earthquake,33.0,7.3923139572143555,7.1,0.2923139572143558,0.2923139572143558,2,2,XZAR|XZRK
M 7.1 - 2025 Southern Tibetan Plateau Earthquake,34.0,7.363220691680908,7.1,0.26322069168090856,0.26322069168090856,2,2,XZAR|XZRK
M 7.1 - 2025 Southern Tibetan Plateau Earthquake,35.0,7.355269908905029,7.1,0.25526990890502965,0.25526990890502965,2,2,XZAR|XZRK
M 7.1 - 2025 Southern Tibetan Plateau Earthquake,36.0,7.326946258544922,7.1,0.22694625854492223,0.22694625854492223,2,2,XZAR|XZRK
M 7.1 - 2025 Southern Tibetan Plateau Earthquake,37.0,7.298915386199951,7.1,0.19891538619995153,0.19891538619995153,2,2,XZAR|XZRK
M 7.1 - 2025 Southern Tibetan Plateau Earthquake,38.0,7.271252155303955,7.1,0.17125215530395543,0.17125215530395543,2,2,XZAR|XZRK
M 7.1 - 2025 Southern Tibetan Plateau Earthquake,39.0,7.2440266609191895,7.1,0.1440266609191898,0.1440266609191898,2,2,XZAR|XZRK
M 7.1 - 2025 Southern Tibetan Plateau Earthquake,40.0,7.21729850769043,7.1,0.11729850769043004,0.11729850769043004,2,2,XZAR|XZRK
M 7.1 - 2025 Southern Tibetan Plateau Earthquake,41.0,7.191116809844971,7.1,0.09111680984497106,0.09111680984497106,2,2,XZAR|XZRK
M 7.1 - 2025 Southern Tibetan Plateau Earthquake,42.0,7.165524005889893,7.1,0.06552400588989293,0.06552400588989293,2,2,XZAR|XZRK
M 7.1 - 2025 Southern Tibetan Plateau Earthquake,43.0,7.914346694946289,7.1,0.8143466949462894,0.8143466949462894,3,3,XZZB|XZAR|XZRK
M 7.1 - 2025 Southern Tibetan Plateau Earthquake,44.0,7.897025108337402,7.1,0.7970251083374027,0.7970251083374027,3,3,XZZB|XZAR|XZRK
M 7.1 - 2025 Southern Tibetan Plateau Earthquake,45.0,8.037382125854492,7.1,0.9373821258544925,0.9373821258544925,4,4,XZNM|XZZB|XZAR|XZRK
M 7.1 - 2025 Southern Tibetan Plateau Earthquake,46.0,8.013449668884277,7.1,0.9134496688842777,0.9134496688842777,4,4,XZNM|XZAR|XZZB|XZRK
M 7.1 - 2025 Southern Tibetan Plateau Earthquake,47.0,7.973916053771973,7.1,0.873916053771973,0.873916053771973,4,4,XZAR|XZNM|XZZB|XZRK
M 7.1 - 2025 Southern Tibetan Plateau Earthquake,48.0,7.937765121459961,7.1,0.8377651214599613,0.8377651214599613,4,4,XZAR|XZNM|XZZB|XZRK
M 7.1 - 2025 Southern Tibetan Plateau Earthquake,49.0,8.02447509765625,7.1,0.9244750976562504,0.9244750976562504,5,5,XZAR|XZNM|XZZB|XZRK|LHAS
M 7.1 - 2025 Southern Tibetan Plateau Earthquake,50.0,8.020190238952637,7.1,0.9201902389526371,0.9201902389526371,5,5,XZAR|XZNM|XZZB|XZRK|LHAS
M 7.1 - 2025 Southern Tibetan Plateau Earthquake,51.0,8.010282516479492,7.1,0.9102825164794925,0.9102825164794925,5,5,XZAR|XZNM|XZZB|XZRK|LHAS
M 7.1 - 2025 Southern Tibetan Plateau Earthquake,52.0,8.000381469726562,7.1,0.9003814697265629,0.9003814697265629,5,5,XZAR|XZNM|XZZB|XZRK|LHAS
M 7.1 - 2025 Southern Tibetan Plateau Earthquake,53.0,7.910012722015381,7.1,0.8100127220153812,0.8100127220153812,6,5,XZAR|XZNM|XZZB|XZRK|XZDX
M 7.1 - 2025 Southern Tibetan Plateau Earthquake,54.0,7.843175888061523,7.1,0.7431758880615238,0.7431758880615238,6,5,XZAR|XZNM|XZZB|XZRK|XZDX
M 7.1 - 2025 Southern Tibetan Plateau Earthquake,55.0,7.849209785461426,7.1,0.7492097854614261,0.7492097854614261,6,5,XZAR|XZNM|XZZB|XZRK|XZDX
M 7.1 - 2025 Southern Tibetan Plateau Earthquake,56.0,7.831641674041748,7.1,0.7316416740417484,0.7316416740417484,6,5,XZAR|XZRK|XZNM|XZZB|XZDX
M 7.1 - 2025 Southern Tibetan Plateau Earthquake,57.0,7.771153450012207,7.1,0.6711534500122074,0.6711534500122074,6,5,XZAR|XZRK|XZNM|XZZB|XZDX
M 7.1 - 2025 Southern Tibetan Plateau Earthquake,58.0,7.773427486419678,7.1,0.6734274864196781,0.6734274864196781,6,5,XZAR|XZRK|XZNM|XZZB|XZDX
M 7.1 - 2025 Southern Tibetan Plateau Earthquake,59.0,7.794886589050293,7.1,0.6948865890502933,0.6948865890502933,6,5,XZAR|XZRK|XZNM|XZZB|XZDX
M 7.1 - 2025 Southern Tibetan Plateau Earthquake,60.0,7.799334526062012,7.1,0.6993345260620121,0.6993345260620121,6,5,XZAR|XZRK|XZNM|XZZB|XZDX
M 7.1 - 2025 Southern Tibetan Plateau Earthquake,61.0,7.801669597625732,7.1,0.7016695976257328,0.7016695976257328,6,5,XZAR|XZRK|XZNM|XZZB|XZDX
M 7.1 - 2025 Southern Tibetan Plateau Earthquake,62.0,7.801118850708008,7.1,0.7011188507080082,0.7011188507080082,6,5,XZAR|XZRK|XZNM|XZZB|XZDX
M 7.1 - 2025 Southern Tibetan Plateau Earthquake,63.0,7.795193195343018,7.1,0.6951931953430179,0.6951931953430179,6,5,XZAR|XZRK|XZNM|XZZB|XZDX
M 7.1 - 2025 Southern Tibetan Plateau Earthquake,64.0,7.792169094085693,7.1,0.6921690940856937,0.6921690940856937,6,5,XZAR|XZRK|XZNM|XZZB|XZDX
M 7.1 - 2025 Southern Tibetan Plateau Earthquake,65.0,7.797320365905762,7.1,0.6973203659057621,0.6973203659057621,6,5,XZAR|XZRK|XZNM|XZZB|XZDX
M 7.1 - 2025 Southern Tibetan Plateau Earthquake,66.0,7.789769649505615,7.1,0.6897696495056156,0.6897696495056156,7,5,XZAR|XZRK|XZNM|XZZB|XZDX
M 7.1 - 2025 Southern Tibetan Plateau Earthquake,67.0,7.782066822052002,7.1,0.6820668220520023,0.6820668220520023,7,5,XZAR|XZRK|XZNM|XZZB|XZDX
M 7.1 - 2025 Southern Tibetan Plateau Earthquake,68.0,7.727670669555664,7.1,0.6276706695556644,0.6276706695556644,8,5,XZAR|XZRK|XZNM|XZZB|XZSH
M 7.1 - 2025 Southern Tibetan Plateau Earthquake,69.0,7.720758438110352,7.1,0.6207584381103519,0.6207584381103519,8,5,XZAR|XZRK|XZNM|XZZB|XZSH
M 7.1 - 2025 Southern Tibetan Plateau Earthquake,70.0,7.713979244232178,7.1,0.6139792442321781,0.6139792442321781,8,5,XZAR|XZRK|XZNM|XZZB|XZSH
M 7.1 - 2025 Southern Tibetan Plateau Earthquake,71.0,7.704202175140381,7.1,0.6042021751403812,0.6042021751403812,9,5,XZAR|XZRK|XZNM|XZZB|XZSH
M 7.1 - 2025 Southern Tibetan Plateau Earthquake,72.0,7.686966419219971,7.1,0.5869664192199711,0.5869664192199711,9,5,XZAR|XZRK|XZNM|XZZB|XZGZ
M 7.1 - 2025 Southern Tibetan Plateau Earthquake,73.0,7.697889804840088,7.1,0.5978898048400882,0.5978898048400882,9,5,XZAR|XZRK|XZNM|XZZB|XZGZ
M 7.1 - 2025 Southern Tibetan Plateau Earthquake,74.0,7.711796760559082,7.1,0.6117967605590824,0.6117967605590824,9,5,XZAR|XZRK|XZNM|XZGZ|XZZB
M 7.1 - 2025 Southern Tibetan Plateau Earthquake,75.0,7.711437225341797,7.1,0.6114372253417972,0.6114372253417972,9,5,XZAR|XZRK|XZNM|XZGZ|XZZB
M 7.1 - 2025 Southern Tibetan Plateau Earthquake,76.0,7.707260608673096,7.1,0.6072606086730961,0.6072606086730961,9,5,XZAR|XZRK|XZNM|XZGZ|XZZB
M 7.1 - 2025 Southern Tibetan Plateau Earthquake,77.0,7.701537132263184,7.1,0.601537132263184,0.601537132263184,9,5,XZAR|XZRK|XZNM|XZGZ|XZZB
M 7.1 - 2025 Southern Tibetan Plateau Earthquake,78.0,7.69593620300293,7.1,0.59593620300293,0.59593620300293,9,5,XZAR|XZRK|XZNM|XZGZ|XZZB
M 7.1 - 2025 Southern Tibetan Plateau Earthquake,79.0,7.698578834533691,7.1,0.5985788345336918,0.5985788345336918,9,5,XZAR|XZRK|XZNM|XZGZ|XZZB
M 7.1 - 2025 Southern Tibetan Plateau Earthquake,80.0,7.697625637054443,7.1,0.5976256370544437,0.5976256370544437,10,5,XZAR|XZRK|XZNM|XZGZ|XZZB
M 7.1 - 2025 Southern Tibetan Plateau Earthquake,81.0,7.692897796630859,7.1,0.5928977966308597,0.5928977966308597,10,5,XZAR|XZRK|XZNM|XZGZ|XZZB
M 7.1 - 2025 Southern Tibetan Plateau Earthquake,82.0,7.68828010559082,7.1,0.5882801055908207,0.5882801055908207,10,5,XZAR|XZRK|XZNM|XZGZ|XZZB
M 7.1 - 2025 Southern Tibetan Plateau Earthquake,83.0,7.683769226074219,7.1,0.5837692260742191,0.5837692260742191,10,5,XZAR|XZRK|XZNM|XZGZ|XZZB
M 7.1 - 2025 Southern Tibetan Plateau Earthquake,84.0,7.674151420593262,7.1,0.5741514205932621,0.5741514205932621,10,5,XZAR|XZRK|XZNM|XZGZ|XZZB
M 7.1 - 2025 Southern Tibetan Plateau Earthquake,85.0,7.666578769683838,7.1,0.5665787696838382,0.5665787696838382,10,5,XZAR|XZRK|XZNM|XZGZ|XZZB
M 7.1 - 2025 Southern Tibetan Plateau Earthquake,86.0,7.662422180175781,7.1,0.5624221801757816,0.5624221801757816,10,5,XZAR|XZRK|XZNM|XZGZ|XZZB
M 7.1 - 2025 Southern Tibetan Plateau Earthquake,87.0,7.658355236053467,7.1,0.5583552360534672,0.5583552360534672,10,5,XZAR|XZRK|XZNM|XZGZ|XZZB
M 7.1 - 2025 Southern Tibetan Plateau Earthquake,88.0,7.654374122619629,7.1,0.5543741226196293,0.5543741226196293,10,5,XZAR|XZRK|XZNM|XZGZ|XZZB
M 7.1 - 2025 Southern Tibetan Plateau Earthquake,89.0,7.650475025177002,7.1,0.5504750251770023,0.5504750251770023,10,5,XZAR|XZRK|XZNM|XZZB|XZGZ
M 7.1 - 2025 Southern Tibetan Plateau Earthquake,90.0,7.6466522216796875,7.1,0.5466522216796879,0.5466522216796879,10,5,XZAR|XZRK|XZNM|XZZB|XZGZ
M 7.1 - 2025 Southern Tibetan Plateau Earthquake,91.0,7.642902374267578,7.1,0.5429023742675785,0.5429023742675785,10,5,XZAR|XZRK|XZNM|XZZB|XZGZ
M 7.1 - 2025 Southern Tibetan Plateau Earthquake,92.0,7.639027118682861,7.1,0.5390271186828617,0.5390271186828617,10,5,XZAR|XZRK|XZNM|XZZB|XZGZ
M 7.1 - 2025 Southern Tibetan Plateau Earthquake,93.0,7.629439830780029,7.1,0.5294398307800297,0.5294398307800297,10,5,XZAR|XZRK|XZNM|XZZB|XZGZ
M 7.1 - 2025 Southern Tibetan Plateau Earthquake,94.0,7.623294353485107,7.1,0.5232943534851078,0.5232943534851078,10,5,XZAR|XZRK|XZNM|XZZB|XZGZ
M 7.1 - 2025 Southern Tibetan Plateau Earthquake,95.0,7.630826950073242,7.1,0.5308269500732425,0.5308269500732425,10,5,XZAR|XZRK|XZZB|XZNM|XZGZ
M 7.1 - 2025 Southern Tibetan Plateau Earthquake,96.0,7.63018274307251,7.1,0.5301827430725101,0.5301827430725101,10,5,XZAR|XZRK|XZZB|XZNM|XZGZ
M 7.1 - 2025 Southern Tibetan Plateau Earthquake,97.0,7.627126693725586,7.1,0.5271266937255863,0.5271266937255863,10,5,XZAR|XZRK|XZZB|XZNM|XZGZ
M 7.1 - 2025 Southern Tibetan Plateau Earthquake,98.0,7.632272720336914,7.1,0.5322727203369144,0.5322727203369144,10,5,XZAR|XZRK|XZZB|XZNM|XZDX
M 7.1 - 2025 Southern Tibetan Plateau Earthquake,99.0,7.61477518081665,7.1,0.5147751808166507,0.5147751808166507,10,5,XZAR|XZRK|XZZB|XZNM|XZDX
M 7.1 - 2025 Southern Tibetan Plateau Earthquake,100.0,7.625914096832275,7.1,0.5259140968322757,0.5259140968322757,10,5,XZAR|XZRK|XZZB|XZNM|XZDX
M 7.1 - 2025 Southern Tibetan Plateau Earthquake,101.0,7.63792610168457,7.1,0.5379261016845707,0.5379261016845707,10,5,XZAR|XZRK|XZZB|XZNM|XZDX
M 7.1 - 2025 Southern Tibetan Plateau Earthquake,102.0,7.64403772354126,7.1,0.5440377235412601,0.5440377235412601,10,5,XZAR|XZRK|XZZB|XZNM|XZDX
M 7.1 - 2025 Southern Tibetan Plateau Earthquake,103.0,7.645812034606934,7.1,0.545812034606934,0.545812034606934,10,5,XZAR|XZRK|XZZB|XZNM|XZDX
M 7.1 - 2025 Southern Tibetan Plateau Earthquake,104.0,7.6471052169799805,7.1,0.5471052169799808,0.5471052169799808,11,5,XZAR|XZRK|XZZB|XZDX|XZNM
M 7.1 - 2025 Southern Tibetan Plateau Earthquake,105.0,7.649858474731445,7.1,0.5498584747314457,0.5498584747314457,11,5,XZAR|XZRK|XZZB|XZDX|XZNM
M 7.1 - 2025 Southern Tibetan Plateau Earthquake,106.0,7.650661945343018,7.1,0.5506619453430179,0.5506619453430179,11,5,XZAR|XZRK|XZDX|XZZB|XZNM
M 7.1 - 2025 Southern Tibetan Plateau Earthquake,107.0,7.648101806640625,7.1,0.5481018066406254,0.5481018066406254,11,5,XZAR|XZRK|XZDX|XZZB|XZNM
M 7.1 - 2025 Southern Tibetan Plateau Earthquake,108.0,7.645540714263916,7.1,0.5455407142639164,0.5455407142639164,11,5,XZAR|XZRK|XZDX|XZZB|XZNM
M 7.1 - 2025 Southern Tibetan Plateau Earthquake,109.0,7.642975807189941,7.1,0.5429758071899418,0.5429758071899418,11,5,XZAR|XZRK|XZDX|XZZB|XZNM
M 7.1 - 2025 Southern Tibetan Plateau Earthquake,110.0,7.640403747558594,7.1,0.5404037475585941,0.5404037475585941,11,5,XZAR|XZRK|XZDX|XZZB|XZNM
M 7.1 - 2025 Southern Tibetan Plateau Earthquake,111.0,7.637820720672607,7.1,0.5378207206726078,0.5378207206726078,11,5,XZAR|XZRK|XZDX|XZZB|XZNM
M 7.1 - 2025 Southern Tibetan Plateau Earthquake,112.0,7.635223865509033,7.1,0.5352238655090336,0.5352238655090336,11,5,XZAR|XZRK|XZDX|XZZB|XZNM
M 7.1 - 2025 Southern Tibetan Plateau Earthquake,113.0,7.632609844207764,7.1,0.532609844207764,0.532609844207764,11,5,XZAR|XZRK|XZDX|XZZB|XZNM
M 7.1 - 2025 Southern Tibetan Plateau Earthquake,114.0,7.629976272583008,7.1,0.5299762725830082,0.5299762725830082,11,5,XZAR|XZRK|XZDX|XZZB|XZNM
M 7.1 - 2025 Southern Tibetan Plateau Earthquake,115.0,7.627348899841309,7.1,0.527348899841309,0.527348899841309,12,5,XZAR|XZRK|XZDX|XZZB|XZNM
M 7.1 - 2025 Southern Tibetan Plateau Earthquake,116.0,7.624746799468994,7.1,0.5247467994689945,0.5247467994689945,12,5,XZAR|XZRK|XZDX|XZZB|XZNM
M 7.1 - 2025 Southern Tibetan Plateau Earthquake,117.0,7.622117519378662,7.1,0.5221175193786625,0.5221175193786625,12,5,XZAR|XZRK|XZDX|XZZB|XZNM
M 7.1 - 2025 Southern Tibetan Plateau Earthquake,118.0,7.61945915222168,7.1,0.51945915222168,0.51945915222168,12,5,XZAR|XZRK|XZDX|XZZB|XZNM
M 7.1 - 2025 Southern Tibetan Plateau Earthquake,119.0,7.616768836975098,7.1,0.516768836975098,0.516768836975098,12,5,XZAR|XZRK|XZDX|XZZB|XZNM
M 7.1 - 2025 Southern Tibetan Plateau Earthquake,120.0,7.614045143127441,7.1,0.5140451431274418,0.5140451431274418,12,5,XZAR|XZRK|XZDX|XZZB|XZNM
M 7.1 - 2025 Southern Tibetan Plateau Earthquake,121.0,7.611285209655762,7.1,0.5112852096557621,0.5112852096557621,12,5,XZAR|XZRK|XZDX|XZZB|XZNM
M 7.1 - 2025 Southern Tibetan Plateau Earthquake,122.0,7.608488082885742,7.1,0.5084880828857425,0.5084880828857425,12,5,XZAR|XZRK|XZDX|XZZB|XZNM
M 7.1 - 2025 Southern Tibetan Plateau Earthquake,123.0,7.60565185546875,7.1,0.5056518554687504,0.5056518554687504,12,5,XZAR|XZRK|XZDX|XZZB|XZNM
M 7.1 - 2025 Southern Tibetan Plateau Earthquake,124.0,7.6027750968933105,7.1,0.5027750968933109,0.5027750968933109,12,5,XZAR|XZRK|XZDX|XZZB|XZNM
M 7.1 - 2025 Southern Tibetan Plateau Earthquake,125.0,7.599855899810791,7.1,0.49985589981079137,0.49985589981079137,12,5,XZAR|XZRK|XZDX|XZZB|XZNM
M 7.1 - 2025 Southern Tibetan Plateau Earthquake,126.0,7.596893787384033,7.1,0.49689378738403356,0.49689378738403356,12,5,XZAR|XZRK|XZDX|XZZB|XZNM
M 7.1 - 2025 Southern Tibetan Plateau Earthquake,127.0,7.5938873291015625,7.1,0.49388732910156286,0.49388732910156286,12,5,XZAR|XZRK|XZDX|XZZB|XZNM
M 7.1 - 2025 Southern Tibetan Plateau Earthquake,128.0,7.5908355712890625,7.1,0.49083557128906286,0.49083557128906286,12,5,XZAR|XZRK|XZDX|XZZB|XZNM
M 7.1 - 2025 Southern Tibetan Plateau Earthquake,129.0,7.587737560272217,7.1,0.48773756027221715,0.48773756027221715,12,5,XZAR|XZRK|XZDX|XZZB|XZNM
M 7.1 - 2025 Southern Tibetan Plateau Earthquake,130.0,7.584593296051025,7.1,0.48459329605102575,0.48459329605102575,12,5,XZAR|XZRK|XZDX|XZZB|XZNM
M 7.1 - 2025 Southern Tibetan Plateau Earthquake,131.0,7.581401348114014,7.1,0.481401348114014,0.481401348114014,12,5,XZAR|XZRK|XZDX|XZZB|XZNM
M 7.1 - 2025 Southern Tibetan Plateau Earthquake,132.0,7.578161716461182,7.1,0.478161716461182,0.478161716461182,12,5,XZAR|XZRK|XZDX|XZZB|XZNM
M 7.1 - 2025 Southern Tibetan Plateau Earthquake,133.0,7.574873924255371,7.1,0.47487392425537145,0.47487392425537145,12,5,XZAR|XZRK|XZDX|XZZB|XZNM
M 7.1 - 2025 Southern Tibetan Plateau Earthquake,134.0,7.571537971496582,7.1,0.4715379714965824,0.4715379714965824,12,5,XZAR|XZRK|XZDX|XZZB|XZNM
M 7.1 - 2025 Southern Tibetan Plateau Earthquake,135.0,7.568153381347656,7.1,0.4681533813476566,0.4681533813476566,12,5,XZAR|XZRK|XZDX|XZZB|XZNM
M 7.1 - 2025 Southern Tibetan Plateau Earthquake,136.0,7.564720630645752,7.1,0.4647206306457523,0.4647206306457523,12,5,XZAR|XZRK|XZDX|XZZB|XZNM
M 7.1 - 2025 Southern Tibetan Plateau Earthquake,137.0,7.561239242553711,7.1,0.4612392425537113,0.4612392425537113,12,5,XZAR|XZRK|XZDX|XZZB|XZNM
M 7.1 - 2025 Southern Tibetan Plateau Earthquake,138.0,7.557709693908691,7.1,0.45770969390869176,0.45770969390869176,12,5,XZAR|XZRK|XZDX|XZZB|XZNM
M 7.1 - 2025 Southern Tibetan Plateau Earthquake,139.0,7.554132461547852,7.1,0.4541324615478519,0.4541324615478519,12,5,XZAR|XZRK|XZDX|XZZB|XZNM
M 7.1 - 2025 Southern Tibetan Plateau Earthquake,140.0,7.550507068634033,7.1,0.45050706863403356,0.45050706863403356,12,5,XZAR|XZRK|XZDX|XZZB|XZNM
M 7.1 - 2025 Southern Tibetan Plateau Earthquake,141.0,7.546834468841553,7.1,0.4468344688415531,0.4468344688415531,12,5,XZAR|XZRK|XZDX|XZZB|XZNM
M 7.1 - 2025 Southern Tibetan Plateau Earthquake,142.0,7.543115139007568,7.1,0.4431151390075687,0.4431151390075687,12,5,XZAR|XZRK|XZDX|XZZB|XZNM
M 7.1 - 2025 Southern Tibetan Plateau Earthquake,143.0,7.539349555969238,7.1,0.43934955596923864,0.43934955596923864,12,5,XZAR|XZRK|XZDX|XZZB|XZNM
M 7.1 - 2025 Southern Tibetan Plateau Earthquake,144.0,7.5355377197265625,7.1,0.43553771972656286,0.43553771972656286,12,5,XZAR|XZRK|XZDX|XZZB|XZNM
M 7.1 - 2025 Southern Tibetan Plateau Earthquake,145.0,7.531680583953857,7.1,0.4316805839538578,0.4316805839538578,12,5,XZAR|XZRK|XZDX|XZZB|XZNM
M 7.1 - 2025 Southern Tibetan Plateau Earthquake,146.0,7.549788475036621,7.1,0.44978847503662145,0.44978847503662145,12,5,XZAR|XZRK|XZNM|XZDX|XZZB
M 7.1 - 2025 Southern Tibetan Plateau Earthquake,147.0,7.547015190124512,7.1,0.4470151901245121,0.4470151901245121,12,5,XZAR|XZRK|XZNM|XZDX|XZZB
M 7.1 - 2025 Southern Tibetan Plateau Earthquake,148.0,7.542942523956299,7.1,0.4429425239562992,0.4429425239562992,12,5,XZAR|XZRK|XZNM|XZDX|XZZB
M 7.1 - 2025 Southern Tibetan Plateau Earthquake,149.0,7.538828372955322,7.1,0.4388283729553226,0.4388283729553226,12,5,XZAR|XZRK|XZNM|XZDX|XZZB
M 7.1 - 2025 Southern Tibetan Plateau Earthquake,150.0,7.53467321395874,7.1,0.4346732139587406,0.4346732139587406,12,5,XZAR|XZRK|XZNM|XZDX|XZZB
M 7.1 - 2025 Southern Tibetan Plateau Earthquake,151.0,7.530477046966553,7.1,0.4304770469665531,0.4304770469665531,12,5,XZAR|XZRK|XZNM|XZDX|XZZB
M 7.1 - 2025 Southern Tibetan Plateau Earthquake,152.0,7.526241779327393,7.1,0.42624177932739293,0.42624177932739293,12,5,XZAR|XZRK|XZNM|XZDX|XZZB
M 7.1 - 2025 Southern Tibetan Plateau Earthquake,153.0,7.52196741104126,7.1,0.4219674110412601,0.4219674110412601,12,5,XZAR|XZRK|XZNM|XZDX|XZZB
M 7.1 - 2025 Southern Tibetan Plateau Earthquake,154.0,7.517655372619629,7.1,0.41765537261962926,0.41765537261962926,12,5,XZAR|XZRK|XZNM|XZDX|XZZB
M 7.1 - 2025 Southern Tibetan Plateau Earthquake,155.0,7.513306140899658,7.1,0.41330614089965856,0.41330614089965856,12,5,XZAR|XZRK|XZNM|XZDX|XZZB
M 7.1 - 2025 Southern Tibetan Plateau Earthquake,156.0,7.508920669555664,7.1,0.4089206695556644,0.4089206695556644,12,5,XZAR|XZRK|XZNM|XZDX|XZZB
M 7.1 - 2025 Southern Tibetan Plateau Earthquake,157.0,7.504499912261963,7.1,0.40449991226196325,0.40449991226196325,12,5,XZAR|XZRK|XZNM|XZDX|XZZB
M 7.1 - 2025 Southern Tibetan Plateau Earthquake,158.0,7.500044345855713,7.1,0.40004434585571325,0.40004434585571325,12,5,XZAR|XZRK|XZNM|XZDX|XZZB
M 7.1 - 2025 Southern Tibetan Plateau Earthquake,159.0,7.499395847320557,7.1,0.399395847320557,0.399395847320557,12,5,XZAR|XZRK|XZNM|XZDX|XZZB
M 7.1 - 2025 Southern Tibetan Plateau Earthquake,160.0,7.494841575622559,7.1,0.39484157562255895,0.39484157562255895,12,5,XZAR|XZRK|XZNM|XZDX|XZZB
M 7.1 - 2025 Southern Tibetan Plateau Earthquake,161.0,7.492576599121094,7.1,0.3925765991210941,0.3925765991210941,12,5,XZAR|XZRK|XZNM|XZDX|XZZB
M 7.1 - 2025 Southern Tibetan Plateau Earthquake,162.0,7.490685939788818,7.1,0.3906859397888187,0.3906859397888187,12,5,XZAR|XZRK|XZNM|XZDX|XZZB
M 7.1 - 2025 Southern Tibetan Plateau Earthquake,163.0,7.486039161682129,7.1,0.38603916168212926,0.38603916168212926,12,5,XZAR|XZRK|XZNM|XZDX|XZZB
M 7.1 - 2025 Southern Tibetan Plateau Earthquake,164.0,7.481362342834473,7.1,0.381362342834473,0.381362342834473,12,5,XZAR|XZRK|XZNM|XZDX|XZZB
M 7.1 - 2025 Southern Tibetan Plateau Earthquake,165.0,7.476657390594482,7.1,0.3766573905944828,0.3766573905944828,12,5,XZAR|XZRK|XZNM|XZDX|XZZB
M 7.1 - 2025 Southern Tibetan Plateau Earthquake,166.0,7.471923828125,7.1,0.37192382812500036,0.37192382812500036,12,5,XZAR|XZRK|XZNM|XZDX|XZZB
M 7.1 - 2025 Southern Tibetan Plateau Earthquake,167.0,7.4671630859375,7.1,0.36716308593750036,0.36716308593750036,12,5,XZAR|XZRK|XZNM|XZDX|XZZB
M 7.1 - 2025 Southern Tibetan Plateau Earthquake,168.0,7.462375640869141,7.1,0.362375640869141,0.362375640869141,12,5,XZAR|XZRK|XZNM|XZDX|XZZB
M 7.1 - 2025 Southern Tibetan Plateau Earthquake,169.0,7.45756196975708,7.1,0.35756196975708043,0.35756196975708043,12,5,XZAR|XZRK|XZNM|XZDX|XZZB
M 7.1 - 2025 Southern Tibetan Plateau Earthquake,170.0,7.452723026275635,7.1,0.3527230262756351,0.3527230262756351,12,5,XZAR|XZRK|XZNM|XZDX|XZZB
M 7.1 - 2025 Southern Tibetan Plateau Earthquake,171.0,7.447859287261963,7.1,0.34785928726196325,0.34785928726196325,12,5,XZAR|XZRK|XZNM|XZDX|XZZB
M 7.1 - 2025 Southern Tibetan Plateau Earthquake,172.0,7.442971706390381,7.1,0.3429717063903812,0.3429717063903812,12,5,XZAR|XZRK|XZNM|XZDX|XZZB
M 7.1 - 2025 Southern Tibetan Plateau Earthquake,173.0,7.438060283660889,7.1,0.338060283660889,0.338060283660889,12,5,XZAR|XZRK|XZNM|XZDX|XZZB
M 7.1 - 2025 Southern Tibetan Plateau Earthquake,174.0,7.4331254959106445,7.1,0.3331254959106449,0.3331254959106449,12,5,XZAR|XZRK|XZNM|XZDX|XZZB
M 7.1 - 2025 Southern Tibetan Plateau Earthquake,175.0,7.433529376983643,7.1,0.33352937698364293,0.33352937698364293,12,5,XZAR|XZRK|XZNM|XZZB|XZDX
M 7.1 - 2025 Southern Tibetan Plateau Earthquake,176.0,7.43087911605835,7.1,0.33087911605834996,0.33087911605834996,12,5,XZAR|XZRK|XZNM|XZZB|XZDX
M 7.1 - 2025 Southern Tibetan Plateau Earthquake,177.0,7.425934791564941,7.1,0.32593479156494176,0.32593479156494176,12,5,XZAR|XZRK|XZNM|XZZB|XZDX
M 7.1 - 2025 Southern Tibetan Plateau Earthquake,178.0,7.420967102050781,7.1,0.3209671020507816,0.3209671020507816,12,5,XZAR|XZRK|XZNM|XZZB|XZDX
M 7.1 - 2025 Southern Tibetan Plateau Earthquake,179.0,7.4159770011901855,7.1,0.3159770011901859,0.3159770011901859,12,5,XZAR|XZRK|XZNM|XZZB|XZDX
M 7.1 - 2025 Southern Tibetan Plateau Earthquake,180.0,7.410965442657471,7.1,0.31096544265747106,0.31096544265747106,12,5,XZAR|XZRK|XZNM|XZZB|XZDX
M 7.1 - 2025 Southern Tibetan Plateau Earthquake,181.0,7.4059319496154785,7.1,0.30593194961547887,0.30593194961547887,12,5,XZAR|XZRK|XZNM|XZZB|XZDX
M 7.1 - 2025 Southern Tibetan Plateau Earthquake,182.0,7.400877952575684,7.1,0.30087795257568395,0.30087795257568395,12,5,XZAR|XZRK|XZNM|XZZB|XZDX
M 7.1 - 2025 Southern Tibetan Plateau Earthquake,183.0,7.395803451538086,7.1,0.2958034515380863,0.2958034515380863,12,5,XZAR|XZRK|XZNM|XZZB|XZDX
M 7.1 - 2025 Southern Tibetan Plateau Earthquake,184.0,7.390708923339844,7.1,0.2907089233398441,0.2907089233398441,12,5,XZAR|XZRK|XZNM|XZZB|XZDX
M 7.1 - 2025 Southern Tibetan Plateau Earthquake,185.0,7.385594367980957,7.1,0.2855943679809574,0.2855943679809574,12,5,XZAR|XZRK|XZNM|XZZB|XZDX
M 7.1 - 2025 Southern Tibetan Plateau Earthquake,186.0,7.3804612159729,7.1,0.28046121597290075,0.28046121597290075,12,5,XZAR|XZRK|XZNM|XZZB|XZDX
M 7.1 - 2025 Southern Tibetan Plateau Earthquake,187.0,7.375308990478516,7.1,0.275308990478516,0.275308990478516,12,5,XZAR|XZRK|XZNM|XZZB|XZDX
M 7.1 - 2025 Southern Tibetan Plateau Earthquake,188.0,7.370138168334961,7.1,0.2701381683349613,0.2701381683349613,12,5,XZAR|XZRK|XZNM|XZZB|XZDX
M 7.1 - 2025 Southern Tibetan Plateau Earthquake,189.0,7.3649492263793945,7.1,0.2649492263793949,0.2649492263793949,12,5,XZAR|XZRK|XZNM|XZZB|XZDX
M 7.1 - 2025 Southern Tibetan Plateau Earthquake,190.0,7.359742164611816,7.1,0.25974216461181676,0.25974216461181676,12,5,XZAR|XZRK|XZNM|XZZB|XZDX
M 7.1 - 2025 Southern Tibetan Plateau Earthquake,191.0,7.354517936706543,7.1,0.2545179367065433,0.2545179367065433,12,5,XZAR|XZRK|XZNM|XZZB|XZDX
M 7.1 - 2025 Southern Tibetan Plateau Earthquake,192.0,7.349277019500732,7.1,0.24927701950073278,0.24927701950073278,12,5,XZAR|XZRK|XZNM|XZZB|XZDX
M 7.1 - 2025 Southern Tibetan Plateau Earthquake,193.0,7.344018459320068,7.1,0.24401845932006871,0.24401845932006871,12,5,XZAR|XZRK|XZNM|XZZB|XZDX
M 7.1 - 2025 Southern Tibetan Plateau Earthquake,194.0,7.338743686676025,7.1,0.23874368667602575,0.23874368667602575,12,5,XZAR|XZRK|XZNM|XZZB|XZDX
M 7.1 - 2025 Southern Tibetan Plateau Earthquake,195.0,7.3334527015686035,7.1,0.23345270156860387,0.23345270156860387,12,5,XZAR|XZRK|XZNM|XZZB|XZDX
M 7.1 - 2025 Southern Tibetan Plateau Earthquake,196.0,7.328145503997803,7.1,0.2281455039978031,0.2281455039978031,12,5,XZAR|XZRK|XZNM|XZZB|XZDX
M 7.1 - 2025 Southern Tibetan Plateau Earthquake,197.0,7.322822570800781,7.1,0.2228225708007816,0.2228225708007816,12,5,XZAR|XZRK|XZNM|XZZB|XZDX
M 7.1 - 2025 Southern Tibetan Plateau Earthquake,198.0,7.317483901977539,7.1,0.21748390197753942,0.21748390197753942,12,5,XZAR|XZRK|XZNM|XZZB|XZDX
M 7.1 - 2025 Southern Tibetan Plateau Earthquake,199.0,7.312129974365234,7.1,0.21212997436523473,0.21212997436523473,12,5,XZAR|XZRK|XZNM|XZZB|XZDX
M 7.1 - 2025 Southern Tibetan Plateau Earthquake,200.0,7.306760787963867,7.1,0.20676078796386754,0.20676078796386754,12,5,XZAR|XZRK|XZNM|XZZB|XZDX
